timestamp_s,ram_mb,vram_mb
0.007393,2010.65,386.00
0.108546,2145.66,472.00
0.209148,2159.46,472.00
0.311279,2159.48,472.00
0.411871,2194.89,472.00
0.512457,2215.80,472.00
0.613085,2216.43,472.00
0.713776,2216.43,472.00
0.814335,2216.43,472.00
0.914946,2216.43,472.00
1.015584,2217.38,472.00
1.116088,2231.93,472.00
1.216679,2241.20,472.00
1.317086,2245.14,472.00
1.417667,2444.60,512.00
1.518233,2639.71,510.00
1.618791,2762.69,510.00
1.719343,2885.45,510.00
1.819860,3010.22,510.00
1.920524,3061.62,510.00
2.021086,3061.64,510.00
2.121557,3066.29,510.00
2.222053,3066.30,510.00
2.322511,3066.30,510.00
2.423032,3174.00,510.00
2.523620,3289.91,490.00
2.624165,3396.55,470.00
2.724757,3452.18,490.00
2.825257,3452.19,510.00
2.925856,3456.83,510.00
3.026329,3456.84,470.00
3.126777,3456.84,510.00
3.227305,3456.84,510.00
3.327832,3456.84,510.00
3.428350,3456.85,510.00
3.528887,3456.86,510.00
3.629388,3484.69,510.00
3.729838,3498.60,510.00
3.830316,3512.51,510.00
3.930939,3512.52,510.00
4.031483,3512.52,510.00
4.131981,3512.52,490.00
4.232518,3512.52,510.00
4.333031,3512.52,510.00
4.433678,3512.53,510.00
4.534228,3512.54,510.00
4.634759,3512.54,490.00
4.735454,3512.54,510.00
4.836360,3535.73,510.00
4.937408,3582.11,510.00
5.037976,3609.93,510.00
5.138467,3656.28,470.00
5.239065,3711.92,510.00
5.339561,3749.01,510.00
5.440041,3776.83,490.00
5.540829,3803.39,510.00
5.641531,3855.65,510.00
5.742010,3874.20,510.00
5.842524,3874.20,510.00
5.942934,3874.21,510.00
6.043466,3878.85,510.00
6.143903,3878.85,490.00
6.244565,3878.86,510.00
6.345175,3883.50,510.00
6.445803,3883.50,470.00
6.546553,3883.50,510.00
6.647495,3883.51,510.00
6.748008,3883.52,510.00
6.848645,3883.52,490.00
6.949149,3883.52,510.00
7.049571,3883.52,510.00
7.150061,3883.53,510.00
7.250509,3883.53,510.00
7.351190,3883.53,510.00
7.451630,3883.54,510.00
7.552362,3883.54,510.00
7.653130,3883.55,490.00
7.753954,3888.19,510.00
7.854710,3916.02,490.00
7.955332,3943.83,510.00
8.056009,3953.11,510.00
8.156768,3953.11,470.00
8.257509,3953.11,510.00
8.358192,3953.12,510.00
8.458950,3953.12,510.00
8.559621,3953.12,510.00
8.660077,3953.13,510.00
8.760615,3953.13,510.00
8.861040,3953.14,510.00
8.961542,3953.15,510.00
9.062194,3953.15,510.00
9.162705,3953.16,510.00
9.263148,3953.16,510.00
9.363597,3957.80,510.00
9.464028,3957.80,490.00
9.564643,3957.81,510.00
9.665083,3957.81,510.00
9.765563,3957.81,510.00
9.866163,3957.82,510.00
9.966806,3957.83,510.00
10.067408,3976.38,510.00
10.167988,4008.83,510.00
10.268471,4045.92,510.00
10.368948,4073.74,510.00
10.469383,4101.55,510.00
10.569848,4129.38,490.00
10.670454,4157.20,490.00
10.771184,4185.01,510.00
10.871754,4226.74,510.00
10.972475,4268.46,470.00
11.073141,4291.64,510.00
11.174194,4319.48,510.00
11.274863,4319.48,510.00
11.375498,4319.48,510.00
11.476147,4319.49,510.00
11.576774,4324.12,510.00
11.677396,4324.12,510.00
11.778003,4324.12,490.00
11.878818,4324.13,510.00
11.979768,4324.13,490.00
12.080440,4324.13,490.00
12.181037,4324.14,510.00
12.281692,4324.16,512.00
12.382302,4324.16,514.00
12.482925,4324.17,512.00
12.583839,4328.80,492.00
12.684382,4333.44,514.00
12.785030,4333.44,512.00
12.885577,4333.44,494.00
12.986308,4333.44,512.00
13.086940,4338.08,512.00
13.187698,4342.71,492.00
13.288355,4342.72,512.00
13.388958,4342.72,512.00
13.489394,4342.72,512.00
13.590061,4347.36,514.00
13.690653,4347.36,512.00
13.791376,4347.36,514.00
13.892199,4347.36,512.00
13.993271,4345.93,672.00
14.094073,4345.93,688.00
14.195011,4345.93,690.00
14.295939,4345.93,672.00
14.396618,4345.93,692.00
14.497308,4345.93,692.00
14.598326,4345.93,672.00
14.699145,4345.93,688.00
14.800098,4345.94,606.00
14.901146,4345.94,690.00
15.001926,4345.94,690.00
15.102573,4345.94,688.00
15.203463,4345.94,690.00
15.304574,4345.94,690.00
15.405467,4345.94,648.00
15.506399,4345.94,580.00
15.607056,4345.94,606.00
15.708135,4345.94,642.00
15.809024,4345.95,690.00
15.909821,4345.95,690.00
16.010701,4345.95,688.00
16.111291,4345.95,672.00
16.211868,4345.95,690.00
16.312593,4345.95,692.00
16.413199,4345.95,690.00
16.513698,4345.95,690.00
16.614141,4345.95,606.00
16.714635,4345.95,690.00
16.815222,4355.03,510.00
16.915685,4355.03,510.00
17.016185,4355.03,510.00
17.116762,4355.03,490.00
17.217204,4355.03,510.00
17.317648,4355.03,510.00
17.418212,4355.03,510.00
17.518941,4355.03,510.00
17.619648,4355.03,510.00
17.720421,4355.03,510.00
17.820846,4355.04,510.00
17.921349,4355.04,510.00
18.022065,4355.04,510.00
18.122633,4355.04,510.00
18.223215,4355.04,510.00
18.323847,4355.04,510.00
18.424450,4355.04,510.00
18.525832,4355.04,470.00
18.626684,4355.04,490.00
18.728706,4355.04,510.00
18.829253,4355.04,510.00
18.929691,4355.04,510.00
19.030298,4355.04,510.00
19.130961,4355.04,510.00
19.231680,4355.04,490.00
19.332215,4355.06,516.00
19.433063,4355.06,494.00
19.533680,4355.06,516.00
19.634122,4355.06,516.00
19.734699,4355.06,516.00
19.835287,4355.06,476.00
19.935943,4355.06,516.00
20.036433,4355.06,516.00
20.136861,4355.06,516.00
20.237301,4355.06,516.00
20.337841,4355.06,516.00
20.438271,4355.06,516.00
20.539035,4355.06,516.00
20.639514,4355.06,516.00
20.739991,4355.06,516.00
20.840597,4355.06,496.00
20.941071,4373.00,654.00
21.041651,4373.00,646.00
21.142337,4373.00,654.00
21.242939,4373.00,634.00
21.343694,4373.00,614.00
21.444129,4373.00,646.00
21.544552,4373.00,646.00
21.645005,4373.00,646.00
21.745718,4373.00,606.00
21.846231,4373.00,646.00
21.946709,4373.00,594.00
22.047289,4373.00,654.00
22.147853,4373.00,654.00
22.248494,4373.00,646.00
22.349151,4373.00,646.00
22.449992,4373.01,646.00
22.550779,4373.01,654.00
22.651357,4373.01,646.00
22.752338,4373.01,654.00
22.852921,4373.01,654.00
22.953565,4373.01,654.00
23.054280,4373.01,646.00
23.154763,4373.01,646.00
23.255398,4373.01,654.00
23.355846,4373.02,510.00
23.456290,4373.02,510.00
23.556723,4373.02,510.00
23.657219,4373.02,510.00
23.757679,4373.02,510.00
23.858250,4373.02,510.00
23.959049,4373.02,510.00
24.059734,4373.02,510.00
24.160294,4373.02,510.00
24.260832,4373.02,490.00
24.361544,4373.02,510.00
24.462035,4373.04,510.00
24.562499,4373.04,490.00
24.662953,4373.04,490.00
24.763414,4373.04,510.00
24.863929,4373.04,490.00
24.964374,4373.04,490.00
25.064956,4373.04,510.00
25.165406,4373.04,510.00
25.265886,4373.04,510.00
25.366407,4373.04,510.00
25.466919,4373.04,510.00
25.567761,4373.04,490.00
25.668390,4373.04,490.00
25.769030,4373.04,510.00
25.869565,4373.04,510.00
25.970042,4373.04,490.00
26.070596,4373.04,510.00
26.171267,4373.04,510.00
26.272373,4373.04,510.00
26.373075,4373.04,490.00
26.473835,4373.04,490.00
26.574659,4373.04,510.00
26.675305,4373.04,510.00
26.776007,4373.04,470.00
26.876836,4373.05,510.00
26.977428,4373.05,510.00
27.078152,4373.05,510.00
27.179037,4373.05,490.00
27.279940,4373.05,510.00
27.380723,4373.05,510.00
27.481620,4373.05,470.00
27.582532,4373.05,510.00
27.683291,4373.05,510.00
27.784082,4373.05,510.00
27.884866,4373.05,510.00
27.985622,4373.06,510.00
28.086306,4373.06,510.00
28.187187,4373.06,510.00
28.287933,4373.06,510.00
28.388694,4373.06,470.00
28.489390,4373.06,510.00
28.590068,4373.06,490.00
28.690747,4373.06,490.00
28.791355,4373.06,510.00
28.891976,4373.06,490.00
28.992587,4373.06,510.00
29.093246,4373.06,510.00
29.193898,4373.06,490.00
29.294587,4373.06,510.00
29.395036,4373.06,510.00
29.495464,4373.06,510.00
29.595926,4373.06,510.00
29.696621,4373.06,510.00
29.797248,4373.06,510.00
29.897887,4373.06,510.00
29.998418,4373.06,490.00
30.098998,4373.06,510.00
30.199732,4373.06,510.00
30.300199,4373.06,470.00
30.400720,4373.06,510.00
30.501462,4373.06,510.00
30.602302,4373.06,510.00
30.702746,4373.06,510.00
30.803237,4373.06,470.00
30.903857,4373.06,510.00
31.004371,4373.06,510.00
31.104763,4373.06,510.00
31.205180,4373.06,510.00
31.305753,4373.06,510.00
31.406510,4373.06,490.00
31.506987,4373.06,510.00
31.607628,4373.06,490.00
31.708409,4373.06,510.00
31.808849,4373.06,510.00
31.909604,4373.06,490.00
32.010346,4373.06,490.00
32.111028,4373.06,510.00
32.211588,4373.06,510.00
32.312163,4373.06,510.00
32.412679,4373.06,510.00
32.513184,4373.06,510.00
32.613710,4373.06,510.00
32.714162,4373.06,510.00
32.814633,4373.06,510.00
32.915051,4373.06,510.00
33.015541,4373.06,510.00
33.116124,4373.06,490.00
33.216727,4373.06,510.00
33.317562,4373.06,510.00
33.418006,4373.06,510.00
33.518441,4373.06,470.00
33.619028,4373.06,510.00
33.719561,4373.07,490.00
33.820005,4373.07,510.00
33.920604,4373.07,510.00
34.021089,4373.07,510.00
34.121569,4373.07,470.00
34.222042,4373.07,510.00
34.322516,4373.07,510.00
34.422968,4373.07,470.00
34.523541,4373.07,490.00
34.624224,4373.07,510.00
34.724802,4373.07,510.00
34.825649,4373.07,510.00
34.926256,4373.07,510.00
35.026765,4373.07,510.00
35.127258,4373.07,510.00
35.227949,4373.07,510.00
35.328610,4373.07,490.00
35.429122,4373.07,510.00
35.529652,4373.07,510.00
35.630131,4373.07,510.00
35.730625,4373.07,510.00
35.831055,4373.07,510.00
35.931632,4373.07,490.00
36.032073,4373.07,510.00
36.132562,4373.07,510.00
36.232982,4373.07,510.00
36.333654,4373.07,490.00
36.434133,4373.07,510.00
36.534851,4373.08,490.00
36.635297,4373.08,490.00
36.735807,4373.08,510.00
36.836203,4373.08,510.00
36.936710,4373.08,510.00
37.037132,4373.08,510.00
37.137705,4373.08,510.00
37.238138,4373.08,510.00
37.338756,4373.08,510.00
37.439448,4373.08,470.00
37.540093,4373.08,510.00
37.640665,4373.08,510.00
37.741195,4373.08,510.00
37.841839,4373.08,510.00
37.942306,4373.08,490.00
38.042946,4373.08,490.00
38.143400,4373.08,510.00
38.243903,4373.08,470.00
38.344427,4373.08,510.00
38.445216,4373.08,510.00
38.545941,4373.08,510.00
38.646420,4373.08,490.00
38.746918,4373.08,510.00
38.847442,4373.08,510.00
38.947882,4373.09,512.00
39.048486,4373.09,512.00
39.149210,4373.09,472.00
39.249691,4373.09,512.00
39.350232,4373.09,512.00
39.450829,4373.09,512.00
39.551382,4373.09,512.00
39.651992,4373.09,512.00
39.752656,4373.09,512.00
39.853187,4373.09,512.00
39.953859,4373.09,512.00
40.054368,4373.09,472.00
40.155438,4373.09,512.00
40.256040,4373.09,472.00
40.356571,4373.09,512.00
40.457046,4373.09,512.00
40.557739,4373.09,512.00
40.658276,4373.09,690.00
40.759051,4373.09,688.00
40.859668,4373.09,630.00
40.960534,4373.09,686.00
41.061142,4373.09,670.00
41.161865,4373.09,624.00
41.262519,4373.09,686.00
41.362972,4373.09,690.00
41.463393,4373.09,690.00
41.564297,4373.09,672.00
41.664983,4373.09,672.00
41.765544,4373.09,608.00
41.865973,4373.09,632.00
41.966557,4373.09,672.00
42.067110,4373.09,672.00
42.167787,4373.09,674.00
42.268621,4373.09,674.00
42.369456,4373.09,674.00
42.469959,4373.09,674.00
42.570615,4373.09,676.00
42.671040,4373.09,588.00
42.771506,4373.09,672.00
42.872104,4373.09,588.00
42.972828,4373.09,586.00
43.073387,4373.09,688.00
43.174013,4373.09,676.00
43.274485,4373.09,510.00
43.374948,4373.10,490.00
43.475549,4373.10,510.00
43.576079,4373.10,490.00
43.676524,4373.10,510.00
43.777049,4373.10,510.00
43.877594,4373.10,510.00
43.978172,4373.10,490.00
44.078630,4373.10,510.00
44.179057,4373.10,510.00
44.279567,4373.10,490.00
44.380109,4373.10,510.00
44.480596,4373.10,490.00
44.581136,4373.10,490.00
44.681612,4373.10,510.00
44.782103,4373.10,510.00
44.882633,4373.10,510.00
44.983094,4373.10,510.00
45.083538,4373.10,510.00
45.184127,4373.10,470.00
45.284557,4373.10,510.00
45.384994,4373.10,510.00
45.485426,4373.10,510.00
45.585939,4373.10,510.00
45.686469,4373.10,510.00
45.786937,4373.10,510.00
45.887433,4373.10,490.00
45.987968,4373.10,510.00
46.088668,4373.10,510.00
46.189266,4373.10,510.00
46.289909,4373.11,474.00
46.390514,4373.11,514.00
46.491278,4373.11,516.00
46.592021,4373.11,516.00
46.692790,4373.11,474.00
46.793898,4373.11,494.00
46.894743,4373.11,514.00
46.995480,4373.11,514.00
47.096077,4373.11,514.00
47.196747,4373.11,516.00
47.297336,4373.11,516.00
47.398066,4373.11,514.00
47.498791,4373.11,516.00
47.599613,4373.11,476.00
47.700567,4373.11,494.00
47.801572,4373.12,586.00
47.902562,4373.12,646.00
48.003334,4373.12,646.00
48.104087,4373.12,646.00
48.205069,4373.12,606.00
48.305847,4373.12,646.00
48.406451,4373.12,646.00
48.507124,4373.12,646.00
48.608040,4373.12,646.00
48.708970,4373.12,646.00
48.809823,4373.12,646.00
48.910613,4373.12,646.00
49.011107,4373.12,646.00
49.111731,4373.12,646.00
49.212175,4373.12,646.00
49.312576,4373.12,646.00
49.413058,4373.12,584.00
49.513644,4373.12,626.00
49.614192,4373.12,646.00
49.714868,4373.12,646.00
49.815446,4373.12,646.00
49.915846,4373.12,646.00
50.016452,4373.12,566.00
50.117076,4373.12,646.00
50.217626,4373.12,646.00
50.318143,4373.13,510.00
50.418581,4373.13,510.00
50.519016,4373.13,510.00
50.619591,4373.13,510.00
50.720098,4373.13,490.00
50.820658,4373.13,510.00
50.921256,4373.13,510.00
51.021845,4373.13,510.00
51.122383,4373.13,510.00
51.223088,4373.13,510.00
51.323592,4373.13,490.00
51.424041,4373.13,490.00
51.524574,4373.13,510.00
51.625002,4373.13,510.00
51.725493,4373.13,510.00
51.825914,4373.13,510.00
51.926341,4373.13,510.00
52.026890,4373.13,510.00
52.127364,4373.13,490.00
52.227847,4373.13,510.00
52.328314,4373.13,510.00
52.428838,4373.13,510.00
52.529629,4373.13,510.00
52.630287,4373.13,490.00
52.731182,4373.13,510.00
52.831929,4373.13,490.00
52.932551,4373.13,510.00
53.033143,4373.13,510.00
53.133581,4373.13,510.00
53.234102,4373.13,510.00
53.334679,4373.13,510.00
53.435165,4373.13,510.00
53.535697,4373.13,510.00
53.636418,4373.13,510.00
53.737053,4373.13,510.00
53.837557,4373.13,510.00
53.938043,4373.13,510.00
54.038588,4373.13,490.00
54.139023,4373.13,490.00
54.239543,4373.13,510.00
54.340090,4373.13,470.00
54.440586,4373.13,510.00
54.541169,4373.13,510.00
54.641810,4373.13,510.00
54.742264,4373.13,510.00
54.842758,4373.14,510.00
54.943238,4373.14,490.00
55.043668,4373.14,510.00
55.144396,4373.14,510.00
55.244957,4373.14,510.00
55.345521,4417.25,520.00
55.446049,4482.15,520.00
55.546558,4547.05,520.00
55.647003,4607.32,520.00
55.747594,4662.95,520.00
55.848024,4713.95,500.00
55.948461,4778.85,520.00
56.048942,4846.37,520.00
56.149572,4899.38,520.00
56.250210,4899.38,520.00
56.350818,4917.93,520.00
56.451256,4936.47,520.00
56.551812,4973.55,520.00
56.652224,4982.83,520.00
56.752844,5019.91,520.00
56.853339,5029.18,520.00
56.953809,5029.18,500.00
57.054339,5029.18,500.00
57.154741,5029.18,520.00
57.255180,5029.19,520.00
57.355722,5029.19,520.00
57.456294,5029.19,520.00
57.556897,5029.19,520.00
57.657348,5029.19,520.00
57.757825,5029.19,520.00
57.858277,5029.19,520.00
57.958899,5029.19,520.00
58.059383,5047.74,520.00
58.159871,5057.01,520.00
58.260351,5066.28,520.00
58.360881,5084.82,500.00
58.461361,5084.82,520.00
58.561802,5084.82,520.00
58.662358,5084.82,520.00
58.763006,5084.82,520.00
58.863590,5084.82,520.00
58.964079,5084.82,500.00
59.064607,5084.82,520.00
59.165046,5084.82,520.00
59.265572,5084.82,520.00
59.366150,5084.82,520.00
59.466718,5084.82,520.00
59.567251,5089.46,520.00
59.667767,5098.73,520.00
59.768207,5131.19,522.00
59.868815,5159.00,520.00
59.969311,5191.45,500.00
60.069723,5223.90,520.00
60.170163,5247.08,520.00
60.270677,5260.99,500.00
60.371161,5288.80,520.00
60.471718,5298.08,520.00
60.572134,5298.08,520.00
60.672674,5298.08,520.00
60.773149,5302.71,520.00
60.873648,5302.71,520.00
60.974122,5302.71,520.00
61.074692,5302.71,520.00
61.175234,5302.71,520.00
61.275951,5307.35,520.00
61.376424,5311.98,520.00
61.476916,5311.98,520.00
61.577457,5311.98,520.00
61.677890,5311.98,520.00
61.778501,5311.98,520.00
61.878935,5311.98,520.00
61.979566,5311.98,520.00
62.080105,5311.98,520.00
62.180696,5311.98,520.00
62.281187,5311.98,500.00
62.381640,5311.98,520.00
62.482110,5311.98,520.00
62.582572,5311.98,520.00
62.683140,5311.98,500.00
62.783850,5311.99,500.00
62.884395,5330.54,520.00
62.984833,5348.89,520.00
63.085282,5367.62,520.00
63.185724,5372.26,520.00
63.286159,5372.26,520.00
63.386701,5372.26,500.00
63.487121,5372.26,520.00
63.587610,5372.26,520.00
63.688081,5372.26,520.00
63.788595,5376.89,520.00
63.889129,5376.89,520.00
63.989745,5376.89,520.00
64.090401,5376.89,520.00
64.190885,5376.89,520.00
64.291541,5376.89,500.00
64.392132,5376.89,520.00
64.492731,5376.89,520.00
64.593484,5376.89,520.00
64.694257,5376.89,520.00
64.794971,5381.53,520.00
64.895725,5381.53,500.00
64.996492,5381.53,520.00
65.097082,5381.53,500.00
65.197865,5381.53,520.00
65.298554,5381.53,520.00
65.399150,5381.53,500.00
65.500017,5381.53,520.00
65.600714,5381.53,520.00
65.701350,5381.53,520.00
65.801964,5381.53,520.00
65.902551,5381.53,520.00
66.003109,5381.53,520.00
66.103856,5390.80,500.00
66.204540,5400.07,520.00
66.305380,5427.89,520.00
66.405978,5455.70,520.00
66.506629,5478.88,500.00
66.607595,5488.16,500.00
66.708325,5506.70,520.00
66.809082,5539.15,520.00
66.909784,5557.70,500.00
67.010610,5576.24,520.00
67.111516,5599.42,520.00
67.212134,5622.59,520.00
67.312903,5631.87,520.00
67.413477,5636.50,520.00
67.514133,5645.77,500.00
67.614738,5650.41,520.00
67.715359,5659.69,520.00
67.815927,5664.32,520.00
67.916540,5664.32,520.00
68.017264,5668.96,520.00
68.117851,5668.96,520.00
68.218512,5673.59,520.00
68.319096,5673.59,520.00
68.419900,5673.59,520.00
68.520592,5678.23,500.00
68.621020,5678.23,500.00
68.721675,5678.23,520.00
68.822100,5678.23,520.00
68.922563,5678.23,520.00
69.023001,5678.23,520.00
69.123554,5678.23,520.00
69.224030,5678.23,520.00
69.324539,5678.23,520.00
69.425132,5682.87,522.00
69.525594,5682.87,500.00
69.626040,5682.87,522.00
69.726575,5687.50,522.00
69.827080,5687.50,522.00
69.927538,5687.50,522.00
70.027970,5687.50,522.00
70.128627,5687.50,522.00
70.229106,5687.50,522.00
70.329772,5687.50,522.00
70.430473,5687.50,522.00
70.531236,5687.50,522.00
70.632158,5692.14,522.00
70.732914,5692.14,504.00
70.833601,5692.14,522.00
70.934442,5692.14,524.00
71.035377,5692.14,522.00
71.136207,5692.14,522.00
71.236892,5696.78,502.00
71.337637,5696.78,698.00
71.438229,5696.78,694.00
71.538976,5696.78,610.00
71.639758,5696.78,696.00
71.740762,5696.78,638.00
71.841655,5696.78,634.00
71.942598,5696.78,694.00
72.043479,5696.78,698.00
72.143915,5696.78,612.00
72.244420,5696.78,716.00
72.344890,5696.78,696.00
72.445332,5696.78,694.00
72.545759,5696.78,694.00
72.646405,5696.78,694.00
72.746952,5696.78,650.00
72.847539,5696.78,694.00
72.948035,5696.78,694.00
73.048684,5696.78,698.00
73.149439,5696.78,698.00
73.249986,5696.78,696.00
73.350611,5696.78,696.00
73.451044,5696.78,696.00
73.551574,5696.78,702.00
73.652020,5696.78,698.00
73.752700,5696.78,700.00
73.853473,5696.78,700.00
73.954115,5696.78,700.00
74.054764,5696.78,662.00
74.155381,5708.54,516.00
74.255896,5708.54,516.00
74.356458,5708.54,516.00
74.456906,5708.54,516.00
74.557536,5708.54,516.00
74.658172,5708.54,496.00
74.758717,5708.54,516.00
74.859235,5708.54,516.00
74.959703,5708.54,516.00
75.060366,5708.54,516.00
75.160964,5708.54,496.00
75.261470,5708.54,516.00
75.361927,5708.54,516.00
75.462369,5708.54,516.00
75.562844,5708.54,516.00
75.663509,5708.54,516.00
75.764227,5708.54,516.00
75.864696,5708.54,516.00
75.965373,5708.54,516.00
76.066431,5708.54,516.00
76.167367,5708.54,516.00
76.268397,5708.54,516.00
76.369199,5708.54,496.00
76.469909,5708.54,516.00
76.570687,5708.54,516.00
76.671359,5708.54,516.00
76.772478,5708.54,496.00
76.873226,5708.54,516.00
76.973982,5708.54,516.00
77.074840,5708.54,516.00
77.175543,5708.54,516.00
77.276119,5708.54,516.00
77.377113,5708.54,522.00
77.477765,5708.54,500.00
77.578588,5708.54,522.00
77.679435,5708.54,522.00
77.779955,5708.54,522.00
77.880375,5708.54,522.00
77.980839,5708.54,520.00
78.081436,5708.54,520.00
78.181946,5708.54,520.00
78.282399,5708.54,520.00
78.382946,5708.54,520.00
78.486857,5708.54,520.00
78.587359,5708.54,520.00
78.687787,5708.54,520.00
78.788288,5708.54,520.00
78.888827,5708.54,520.00
78.989281,5708.54,520.00
79.089843,5708.54,520.00
79.190456,5708.54,520.00
79.291059,5708.54,658.00
79.391960,5708.54,658.00
79.492462,5708.54,670.00
79.593005,5708.54,658.00
79.693565,5708.54,658.00
79.794078,5708.54,658.00
79.894559,5708.54,658.00
79.995059,5708.54,658.00
80.095511,5708.54,658.00
80.195978,5708.54,640.00
80.296471,5708.54,660.00
80.397179,5708.54,660.00
80.497751,5708.54,660.00
80.598391,5708.54,640.00
80.698868,5708.54,660.00
80.799345,5708.54,660.00
80.899824,5708.54,660.00
81.000226,5708.54,660.00
81.100656,5708.54,660.00
81.201128,5708.54,640.00
81.301617,5708.54,640.00
81.402185,5708.54,660.00
81.502705,5708.54,640.00
81.603158,5708.54,660.00
81.703627,5708.54,620.00
81.804112,5708.54,516.00
81.904580,5708.54,496.00
82.005085,5708.54,516.00
82.105622,5708.54,516.00
82.206062,5708.54,516.00
82.306611,5708.54,516.00
82.407098,5708.54,516.00
82.507581,5708.54,516.00
82.608181,5708.54,516.00
82.708650,5708.54,516.00
82.809161,5708.54,516.00
82.909694,5708.54,516.00
83.010299,5708.54,496.00
83.110734,5708.54,516.00
83.211148,5708.54,516.00
83.311715,5708.54,516.00
83.412207,5708.54,496.00
83.512655,5708.54,516.00
83.613198,5708.54,516.00
83.713739,5708.54,516.00
83.814173,5708.54,516.00
83.914714,5708.54,516.00
84.015217,5708.54,516.00
84.115743,5708.54,516.00
84.216266,5708.54,516.00
84.316778,5708.54,516.00
84.417215,5708.54,516.00
84.517710,5708.54,516.00
84.618183,5708.54,516.00
84.718580,5708.54,516.00
84.819017,5708.54,516.00
84.919504,5708.55,516.00
85.020046,5708.55,516.00
85.120759,5708.55,496.00
85.221298,5708.55,516.00
85.321898,5708.55,516.00
85.422484,5708.55,516.00
85.523060,5708.55,516.00
85.623548,5708.55,516.00
85.724095,5708.55,516.00
85.824550,5708.55,516.00
85.925141,5708.55,516.00
86.025735,5708.55,516.00
86.126572,5708.55,496.00
86.227183,5708.55,516.00
86.327725,5708.55,516.00
86.428170,5708.55,516.00
86.528588,5708.55,516.00
86.629023,5708.55,516.00
86.729562,5708.55,516.00
86.830080,5708.55,516.00
86.930741,5708.55,516.00
87.031354,5708.55,516.00
87.131763,5708.55,516.00
87.232231,5708.55,496.00
87.332659,5708.55,516.00
87.433093,5708.55,516.00
87.533550,5708.55,516.00
87.634089,5708.55,496.00
87.734679,5708.55,516.00
87.835135,5708.56,516.00
87.935595,5708.56,516.00
88.036003,5708.56,516.00
88.136443,5708.56,516.00
88.236950,5708.56,496.00
88.337427,5708.56,496.00
88.437934,5708.56,496.00
88.538360,5708.56,516.00
88.638863,5708.56,516.00
88.739379,5708.56,496.00
88.839809,5708.56,516.00
88.940211,5708.56,516.00
89.040677,5708.56,496.00
89.141319,5708.56,496.00
89.241957,5708.56,496.00
89.342569,5708.56,496.00
89.443168,5708.56,516.00
89.543879,5708.56,516.00
89.644626,5708.56,516.00
89.745633,5708.56,516.00
89.846118,5708.56,516.00
89.946685,5708.56,516.00
90.047120,5708.56,516.00
90.147726,5708.56,516.00
90.248310,5708.56,516.00
90.348752,5708.57,516.00
90.449200,5708.57,516.00
90.549665,5708.57,516.00
90.650336,5708.57,516.00
90.750975,5708.57,516.00
90.851539,5708.57,496.00
90.952001,5708.57,516.00
91.052658,5708.57,496.00
91.153205,5708.57,516.00
91.253753,5708.57,516.00
91.354190,5708.57,516.00
91.454584,5708.57,516.00
91.555343,5708.57,516.00
91.655987,5708.57,516.00
91.756498,5708.57,496.00
91.856933,5708.57,516.00
91.957788,5708.57,516.00
92.058519,5708.57,516.00
92.159257,5708.57,516.00
92.259931,5708.57,516.00
92.360543,5708.57,496.00
92.461131,5708.57,516.00
92.561763,5708.57,516.00
92.662367,5708.57,516.00
92.762996,5708.57,496.00
92.863892,5708.57,496.00
92.964551,5708.57,496.00
93.065529,5708.57,516.00
93.165961,5708.57,516.00
93.266512,5708.57,496.00
93.366968,5708.57,516.00
93.467464,5708.57,516.00
93.567918,5708.57,496.00
93.668361,5708.57,516.00
93.768778,5708.57,516.00
93.869306,5708.57,516.00
93.969785,5708.57,516.00
94.070213,5708.57,516.00
94.170706,5708.57,516.00
94.271324,5708.57,516.00
94.371927,5708.58,496.00
94.472442,5708.58,516.00
94.572946,5708.58,516.00
94.673454,5708.58,496.00
94.774115,5708.58,516.00
94.874576,5708.58,516.00
94.975018,5708.58,516.00
95.075458,5708.58,516.00
95.175935,5708.58,516.00
95.276628,5708.58,516.00
95.377180,5708.58,516.00
95.477991,5708.58,496.00
95.578616,5708.58,516.00
95.679251,5708.58,516.00
95.779941,5708.58,516.00
95.880551,5708.58,516.00
95.981131,5708.58,516.00
96.081779,5708.58,516.00
96.182466,5708.58,496.00
96.283036,5708.58,516.00
96.383712,5708.58,518.00
96.484341,5708.58,518.00
96.585042,5708.58,520.00
96.685957,5708.58,518.00
96.786883,5708.58,518.00
96.887670,5708.58,520.00
96.988380,5708.58,520.00
97.089288,5708.58,518.00
97.190001,5708.58,520.00
97.290738,5708.58,520.00
97.391448,5708.58,498.00
97.492145,5708.58,518.00
97.592969,5708.58,518.00
97.693901,5708.59,696.00
97.794902,5708.59,696.00
97.895336,5708.59,696.00
97.995906,5708.59,698.00
98.096391,5708.59,766.00
98.196846,5708.59,640.00
98.297484,5708.59,640.00
98.397935,5708.59,696.00
98.498451,5708.59,696.00
98.599053,5708.59,614.00
98.699519,5708.59,654.00
98.800028,5708.59,698.00
98.900538,5708.59,698.00
99.001071,5708.59,670.00
99.101592,5708.59,698.00
99.202064,5708.59,698.00
99.302579,5708.59,652.00
99.403220,5708.59,680.00
99.503747,5708.59,696.00
99.604297,5708.59,698.00
99.704842,5708.59,698.00
99.805312,5708.59,698.00
99.905754,5708.59,616.00
100.006369,5708.59,696.00
100.107025,5708.59,698.00
100.207734,5708.59,518.00
100.308574,5708.59,518.00
100.409319,5708.59,518.00
100.509930,5708.59,498.00
100.610712,5708.59,518.00
100.711425,5708.59,498.00
100.812042,5708.59,518.00
100.912681,5708.59,518.00
101.013445,5708.59,498.00
101.114077,5708.59,518.00
101.215036,5708.59,518.00
101.315654,5708.59,518.00
101.416313,5708.59,518.00
101.517026,5708.59,518.00
101.617544,5708.59,518.00
101.718152,5708.59,518.00
101.818666,5708.59,518.00
101.919177,5708.59,518.00
102.019640,5708.59,498.00
102.120095,5708.59,520.00
102.220611,5708.59,518.00
102.321073,5708.59,518.00
102.421580,5708.59,518.00
102.522207,5708.60,500.00
102.622659,5708.60,522.00
102.723081,5708.60,522.00
102.823562,5708.60,522.00
102.924107,5708.60,522.00
103.024727,5708.60,522.00
103.125233,5708.60,522.00
103.225811,5708.60,522.00
103.326390,5708.60,522.00
103.426971,5708.60,522.00
103.527571,5708.60,522.00
103.628125,5708.60,522.00
103.728674,5708.60,522.00
103.829505,5708.60,522.00
103.930472,5708.60,502.00
104.031290,5708.60,654.00
104.132380,5708.60,614.00
104.233478,5708.60,634.00
104.334601,5708.60,594.00
104.435025,5708.60,652.00
104.535469,5708.60,672.00
104.636011,5708.60,594.00
104.736655,5708.60,672.00
104.837284,5708.60,664.00
104.937738,5708.60,672.00
105.038348,5708.60,664.00
105.138822,5708.60,666.00
105.239383,5708.60,612.00
105.339775,5708.60,658.00
105.440197,5708.60,626.00
105.540699,5708.60,658.00
105.641175,5708.60,658.00
105.741608,5708.60,658.00
105.842173,5708.60,666.00
105.942750,5708.60,658.00
106.043219,5708.60,666.00
106.143779,5708.60,658.00
106.244230,5708.60,532.00
106.344820,5708.60,532.00
106.445257,5708.60,512.00
106.545698,5708.60,492.00
106.646169,5708.60,512.00
106.746658,5708.60,512.00
106.847057,5708.60,512.00
106.947552,5708.60,512.00
107.048011,5708.60,532.00
107.148488,5708.60,512.00
107.248866,5708.60,532.00
107.349596,5708.61,532.00
107.450110,5708.61,492.00
107.550717,5708.61,492.00
107.651166,5708.61,492.00
107.751577,5708.61,512.00
107.852175,5708.61,532.00
107.952723,5708.61,532.00
108.053142,5708.61,512.00
108.153681,5708.61,512.00
108.254259,5708.61,512.00
108.354754,5708.61,512.00
108.455200,5708.61,492.00
108.555704,5708.61,512.00
108.656177,5708.61,492.00
108.756686,5708.61,512.00
108.857115,5708.61,532.00
108.957598,5708.61,512.00
109.058275,5708.61,512.00
109.158735,5708.61,512.00
109.259226,5708.61,512.00
109.359770,5708.61,512.00
109.460265,5708.61,532.00
109.560742,5708.61,512.00
109.661279,5708.61,512.00
109.761903,5708.61,512.00
109.862386,5708.61,532.00
109.962866,5708.61,512.00
110.063552,5708.61,512.00
110.164165,5708.61,532.00
110.264739,5708.61,532.00
110.365180,5708.61,512.00
110.465776,5708.61,512.00
110.566351,5708.61,532.00
110.666834,5708.61,532.00
110.767490,5708.61,532.00
110.868101,5708.61,512.00
110.968624,5708.61,532.00
111.069070,5708.61,512.00
111.169627,5708.61,492.00
111.270094,5708.61,512.00
111.370740,5708.61,512.00
111.471310,5708.61,512.00
111.571950,5708.61,512.00
111.672571,5708.61,492.00
111.773187,5708.61,512.00
111.873653,5708.61,532.00
111.974210,5708.61,532.00
112.074912,5708.61,512.00
112.175534,5708.61,532.00
112.275961,5708.61,512.00
112.376417,5708.61,532.00
112.476898,5708.61,512.00
112.577482,5708.61,532.00
112.677925,5708.61,512.00
112.778447,5708.61,512.00
112.878957,5708.61,532.00
112.979434,5708.61,492.00
113.079980,5708.61,512.00
113.180412,5708.61,532.00
113.280843,5708.61,532.00
113.381417,5708.62,492.00
113.481887,5708.62,532.00
113.582323,5708.62,512.00
113.682757,5708.62,532.00
113.783402,5708.62,512.00
113.883924,5708.62,512.00
113.984533,5708.62,512.00
114.085157,5708.62,532.00
114.185702,5708.62,532.00
114.286235,5708.62,532.00
114.386728,5708.62,512.00
114.487229,5708.62,512.00
114.587830,5708.62,512.00
114.688604,5708.62,532.00
114.789200,5708.62,532.00
114.889830,5708.62,512.00
114.990466,5708.62,532.00
115.090961,5708.62,492.00
115.191532,5708.62,532.00
115.292206,5708.62,534.00
115.393172,5708.62,532.00
115.493702,5708.62,532.00
115.594096,5708.62,532.00
115.694545,5708.62,534.00
115.795121,5708.62,514.00
115.895565,5708.62,512.00
115.996113,5708.62,512.00
116.096713,5708.62,512.00
116.197457,5708.62,512.00
116.298125,5708.62,512.00
116.398636,5708.62,512.00
116.499193,5708.62,512.00
116.599725,5708.62,532.00
116.700457,5708.62,512.00
116.801079,5708.62,532.00
116.901569,5708.62,492.00
117.001986,5708.62,532.00
117.102397,5708.62,492.00
117.202939,5708.63,512.00
117.303428,5708.63,532.00
117.403991,5708.63,532.00
117.504463,5708.63,532.00
117.604865,5708.63,512.00
117.705317,5708.63,512.00
117.805877,5708.63,532.00
117.906322,5708.63,532.00
118.006691,5708.63,532.00
118.107235,5708.63,512.00
118.207706,5708.63,512.00
118.308177,5708.63,512.00
118.408728,5708.63,492.00
118.509142,5708.63,512.00
118.609627,5708.63,532.00
118.710139,5708.63,492.00
118.810689,5708.63,512.00
118.911180,5708.63,492.00
119.011666,5708.63,512.00
119.112125,5708.63,532.00
119.212655,5708.63,532.00
119.313246,5708.63,512.00
119.413710,5708.63,532.00
119.514167,5708.63,532.00
119.614770,5708.63,532.00
119.715224,5708.63,512.00
119.815728,5708.63,532.00
119.916165,5708.63,532.00
120.016668,5708.63,532.00
120.117220,5708.63,532.00
120.217800,5708.63,532.00
120.318289,5708.63,532.00
120.418832,5708.63,512.00
120.519282,5708.63,512.00
120.619856,5708.63,492.00
120.720393,5708.63,532.00
120.820861,5708.63,532.00
120.921300,5708.63,532.00
121.021784,5708.63,532.00
121.122211,5708.63,512.00
121.222674,5708.63,492.00
121.323156,5708.63,532.00
121.423652,5708.63,532.00
121.524100,5708.63,512.00
121.624536,5708.63,512.00
121.725090,5708.63,512.00
121.825755,5708.63,512.00
121.926463,5708.63,512.00
122.026949,5708.63,532.00
122.127447,5708.64,534.00
122.227920,5708.64,514.00
122.328379,5708.64,534.00
122.428884,5708.64,534.00
122.529326,5708.64,514.00
122.629803,5708.64,534.00
122.730211,5708.64,496.00
122.830673,5708.64,536.00
122.931090,5708.64,536.00
123.031627,5708.64,536.00
123.131985,5708.64,516.00
123.232463,5708.64,536.00
123.332902,5708.64,494.00
123.433609,5708.64,496.00
123.534097,5708.64,536.00
123.634580,5708.64,516.00
123.735111,5708.64,624.00
123.835906,5708.64,632.00
123.936721,5708.64,692.00
124.037439,5708.64,694.00
124.138001,5708.65,694.00
124.238775,5708.65,672.00
124.339431,5708.65,676.00
124.439929,5708.65,692.00
124.540475,5708.65,690.00
124.641035,5708.65,694.00
124.741559,5708.65,656.00
124.842139,5708.65,692.00
124.942725,5708.65,632.00
125.043272,5708.65,692.00
125.143700,5708.65,694.00
125.244292,5708.65,676.00
125.344989,5708.65,694.00
125.445621,5708.65,694.00
125.546509,5708.65,694.00
125.647128,5708.65,692.00
125.747975,5708.65,692.00
125.849036,5708.65,694.00
125.949843,5708.65,694.00
126.050606,5708.65,512.00
126.151351,5708.65,492.00
126.251942,5708.65,532.00
126.352575,5708.65,532.00
126.453259,5708.65,512.00
126.553940,5708.65,512.00
126.654839,5708.65,512.00
126.755630,5708.65,492.00
126.856217,5708.65,494.00
126.956779,5708.65,512.00
127.057525,5708.65,512.00
127.158474,5708.65,514.00
127.259163,5708.65,512.00
127.359765,5708.65,492.00
127.460349,5708.65,512.00
127.560968,5708.65,532.00
127.661698,5708.65,514.00
127.762523,5708.65,534.00
127.863210,5708.65,516.00
127.964001,5708.65,536.00
128.064881,5708.65,536.00
128.165548,5708.65,516.00
128.266162,5708.65,516.00
128.366766,5708.65,516.00
128.467417,5708.65,536.00
128.568037,5708.65,538.00
128.668741,5708.65,536.00
128.769358,5708.65,516.00
128.869968,5708.65,538.00
128.970677,5708.65,538.00
129.071588,5708.65,496.00
129.172032,5708.65,518.00
129.272615,5708.65,536.00
129.373227,5708.65,664.00
129.473741,5708.65,664.00
129.574250,5708.65,644.00
129.674739,5708.65,664.00
129.775182,5708.65,656.00
129.875752,5708.65,664.00
129.976261,5708.65,664.00
130.076789,5708.65,656.00
130.177276,5708.65,644.00
130.277761,5708.65,624.00
130.378505,5708.65,664.00
130.479048,5708.65,664.00
130.579492,5708.65,656.00
130.679877,5708.65,644.00
130.780367,5708.65,656.00
130.880799,5708.65,584.00
130.981664,5708.65,664.00
131.082090,5708.65,666.00
131.182616,5708.65,666.00
131.283206,5708.65,646.00
131.383753,5708.65,626.00
131.484196,5708.65,520.00
131.584621,5708.65,520.00
131.685046,5708.65,520.00
131.785518,5708.65,520.00
131.886021,5708.65,500.00
131.986461,5708.65,520.00
132.087070,5708.65,520.00
132.187503,5708.65,520.00
132.287938,5708.65,520.00
132.388430,5708.65,500.00
132.488868,5708.66,520.00
132.589409,5708.66,500.00
132.689835,5708.66,520.00
132.790588,5708.66,520.00
132.891085,5708.66,520.00
132.991585,5708.66,520.00
133.092018,5708.66,520.00
133.192464,5708.66,520.00
133.292903,5708.66,520.00
133.393342,5708.66,520.00
133.493817,5708.66,520.00
133.594321,5708.66,520.00
133.694851,5708.66,500.00
133.795281,5708.66,520.00
133.895703,5708.66,500.00
133.996144,5708.66,500.00
134.096628,5708.66,520.00
134.197179,5708.66,520.00
134.297667,5708.66,520.00
134.398191,5708.66,520.00
134.498980,5708.66,520.00
134.599474,5708.66,500.00
134.699996,5708.66,520.00
134.800546,5708.66,520.00
134.900985,5708.66,520.00
135.001560,5708.66,520.00
135.102275,5708.66,500.00
135.202860,5708.66,520.00
135.303512,5708.66,520.00
135.404123,5708.66,520.00
135.504807,5708.66,520.00
135.605456,5708.66,520.00
135.706109,5708.66,500.00
135.806822,5708.66,520.00
135.907647,5708.66,500.00
136.008222,5708.66,520.00
136.108843,5708.66,520.00
136.209418,5708.66,500.00
136.310069,5708.66,522.00
136.410708,5708.66,520.00
136.511393,5708.66,520.00
136.612130,5708.66,520.00
136.712911,5708.66,520.00
136.813528,5708.66,520.00
136.914227,5708.66,520.00
137.014869,5708.66,520.00
137.115668,5708.66,520.00
137.216478,5708.66,520.00
137.317130,5708.66,520.00
137.417609,5708.66,500.00
137.518088,5708.66,520.00
137.618591,5708.66,502.00
137.719070,5708.66,522.00
137.819583,5708.66,502.00
137.920091,5708.66,502.00
138.020614,5708.66,522.00
138.121061,5708.66,522.00
138.221548,5708.66,522.00
138.322246,5708.66,502.00
138.423488,5708.66,522.00
138.526741,5708.66,522.00
138.627347,5708.66,522.00
138.727922,5708.66,520.00
138.828516,5708.66,520.00
138.929161,5708.66,520.00
139.030036,5708.66,520.00
139.130990,5708.66,520.00
139.231563,5708.66,522.00
139.332273,5708.66,520.00
139.432884,5708.66,520.00
139.533599,5708.66,520.00
139.634218,5708.66,520.00
139.734944,5708.66,520.00
139.835666,5708.66,520.00
139.936470,5708.66,520.00
140.037257,5708.66,520.00
140.137932,5708.66,520.00
140.238976,5708.66,520.00
140.339695,5708.67,520.00
140.440347,5708.67,520.00
140.540951,5708.67,520.00
140.641867,5708.67,520.00
140.742710,5708.67,520.00
140.843569,5708.67,500.00
140.944045,5708.67,520.00
141.044594,5708.67,520.00
141.145053,5708.67,500.00
141.245651,5708.67,520.00
141.346111,5708.67,520.00
141.446701,5708.67,520.00
141.547274,5708.67,520.00
141.647874,5708.67,520.00
141.748393,5708.67,520.00
141.848843,5708.67,520.00
141.949288,5708.67,520.00
142.049801,5708.67,520.00
142.150280,5708.67,520.00
142.250715,5708.67,520.00
142.351246,5708.67,520.00
142.451733,5708.67,520.00
142.552564,5708.67,520.00
142.653047,5708.67,520.00
142.753720,5708.67,520.00
142.854283,5708.67,520.00
142.954858,5708.67,500.00
143.055344,5708.67,520.00
143.155890,5708.67,500.00
143.256491,5708.67,520.00
143.357024,5708.67,520.00
143.457456,5708.67,520.00
143.557917,5708.67,520.00
143.658349,5708.67,520.00
143.758927,5708.68,520.00
143.859478,5708.68,520.00
143.960027,5708.68,520.00
144.060507,5708.68,500.00
144.161014,5708.68,520.00
144.261516,5708.68,522.00
144.362022,5708.68,500.00
144.462532,5708.68,522.00
144.563166,5708.68,522.00
144.663753,5708.68,522.00
144.764412,5708.68,522.00
144.864918,5708.68,522.00
144.965451,5708.68,522.00
145.066086,5708.68,522.00
145.166750,5708.68,522.00
145.267246,5708.68,502.00
145.368097,5708.68,522.00
145.468984,5708.68,522.00
145.569677,5708.68,522.00
145.670264,5708.68,522.00
145.771084,5708.68,522.00
145.871616,5708.68,522.00
145.972436,5708.68,522.00
146.072861,5708.68,502.00
146.173412,5708.68,522.00
146.273970,5708.68,694.00
146.374405,5708.68,656.00
146.475018,5708.68,692.00
146.575459,5708.68,694.00
146.675876,5708.68,692.00
146.776526,5708.68,692.00
146.877085,5708.68,694.00
146.977832,5708.68,610.00
147.078711,5708.68,694.00
147.179272,5708.68,656.00
147.279740,5708.68,696.00
147.380393,5708.68,694.00
147.481182,5708.68,696.00
147.581792,5708.68,700.00
147.682421,5708.68,700.00
147.782847,5708.68,700.00
147.883307,5708.68,700.00
147.983994,5708.68,700.00
148.084570,5708.68,678.00
148.185110,5708.68,700.00
148.285778,5708.68,700.00
148.386317,5708.68,516.00
148.486863,5708.68,496.00
148.587539,5708.68,516.00
148.688117,5708.68,516.00
148.788684,5708.68,516.00
148.889113,5708.68,516.00
148.989736,5708.68,516.00
149.090213,5708.68,518.00
149.190651,5708.68,518.00
149.291085,5708.68,498.00
149.391546,5708.68,516.00
149.492014,5708.68,496.00
149.592663,5708.68,498.00
149.693167,5708.68,518.00
149.793710,5708.68,498.00
149.894166,5708.68,518.00
149.994646,5708.68,518.00
150.095270,5708.68,498.00
150.196070,5708.68,498.00
150.296712,5708.68,520.00
150.397324,5708.68,522.00
150.497905,5708.68,520.00
150.598547,5708.68,500.00
150.699169,5708.68,520.00
150.799834,5708.68,522.00
150.900434,5708.68,522.00
151.001044,5708.68,522.00
151.101691,5708.68,522.00
151.202473,5708.68,522.00
151.303177,5708.68,522.00
151.403844,5708.68,658.00
151.504496,5708.68,598.00
151.605081,5708.68,598.00
151.705813,5708.68,678.00
151.806444,5708.68,660.00
151.907065,5708.68,672.00
152.007702,5708.68,640.00
152.108235,5708.68,660.00
152.208752,5708.68,660.00
152.309373,5708.68,660.00
152.409977,5708.68,660.00
152.510669,5708.68,658.00
152.611374,5708.68,618.00
152.711967,5708.68,678.00
152.812650,5708.68,640.00
152.913324,5708.68,640.00
153.013764,5708.68,678.00
153.114236,5708.68,678.00
153.214725,5708.68,516.00
153.315394,5708.68,516.00
153.415995,5708.68,516.00
153.516900,5708.68,496.00
153.617511,5708.68,516.00
153.718123,5708.68,516.00
153.818870,5708.68,516.00
153.919799,5708.68,516.00
154.020884,5708.68,516.00
154.121619,5708.68,496.00
154.222255,5708.68,516.00
154.322999,5708.68,516.00
154.423694,5708.68,516.00
154.524499,5708.68,516.00
154.624973,5708.68,516.00
154.725460,5708.68,516.00
154.826146,5708.68,516.00
154.927082,5708.68,516.00
155.027770,5708.68,496.00
155.128223,5708.68,516.00
155.228755,5708.68,496.00
155.329228,5708.68,516.00
155.429840,5708.68,496.00
155.530491,5708.68,516.00
155.631297,5708.68,516.00
155.732427,5708.68,516.00
155.833458,5708.68,516.00
155.934413,5708.68,496.00
156.034870,5708.68,516.00
156.135478,5708.68,516.00
156.236109,5708.68,516.00
156.336721,5708.68,516.00
156.437469,5708.68,516.00
156.538158,5708.68,516.00
156.638813,5708.68,516.00
156.739545,5708.68,496.00
156.840128,5708.68,516.00
156.940784,5708.68,516.00
157.041539,5708.68,516.00
157.142260,5708.68,516.00
157.242930,5708.68,516.00
157.343548,5708.68,516.00
157.444190,5708.68,496.00
157.544749,5708.68,516.00
157.645371,5708.68,516.00
157.746086,5708.68,516.00
157.846770,5708.68,516.00
157.947570,5708.69,516.00
158.048268,5708.69,496.00
158.149002,5708.69,496.00
158.249773,5708.69,516.00
158.350489,5708.69,516.00
158.451150,5708.69,516.00
158.551875,5708.69,516.00
158.652498,5708.69,516.00
158.753254,5708.69,496.00
158.853847,5708.69,516.00
158.954511,5708.69,496.00
159.055147,5708.69,516.00
159.155880,5708.69,496.00
159.256395,5708.69,516.00
159.357130,5708.70,498.00
159.457778,5708.70,516.00
159.558391,5708.70,496.00
159.659319,5708.70,498.00
159.759974,5708.70,496.00
159.860592,5708.70,518.00
159.961313,5708.70,518.00
160.061801,5708.70,518.00
160.162281,5708.70,518.00
160.262908,5708.70,516.00
160.363368,5708.70,516.00
160.463804,5708.70,516.00
160.564235,5708.70,516.00
160.664711,5708.70,516.00
160.765141,5708.70,516.00
160.865593,5708.70,516.00
160.966047,5708.70,516.00
161.066574,5708.70,516.00
161.167184,5708.70,516.00
161.267686,5708.70,516.00
161.368377,5708.70,516.00
161.469032,5708.70,496.00
161.569607,5708.70,516.00
161.670176,5708.70,516.00
161.770689,5708.70,516.00
161.871368,5708.70,518.00
161.971948,5708.70,518.00
162.072600,5708.70,518.00
162.173229,5708.70,538.00
162.273828,5708.70,518.00
162.374746,5708.70,518.00
162.475370,5708.70,498.00
162.576072,5708.70,518.00
162.676833,5708.70,518.00
162.777604,5708.70,518.00
162.878284,5708.70,538.00
162.978893,5708.70,538.00
163.079505,5708.70,520.00
163.180188,5708.70,520.00
163.280853,5708.70,540.00
163.381545,5708.70,496.00
163.482290,5708.70,516.00
163.582886,5708.70,516.00
163.683598,5708.70,516.00
163.784333,5708.70,516.00
163.885018,5708.70,516.00
163.985648,5708.70,516.00
164.086308,5708.70,516.00
164.187149,5708.70,516.00
164.288081,5708.70,496.00
164.388694,5708.70,496.00
164.489313,5708.70,516.00
164.589915,5708.70,516.00
164.690554,5708.70,516.00
164.791185,5708.70,496.00
164.891784,5708.70,516.00
164.992476,5708.70,496.00
165.092982,5708.70,496.00
165.193544,5708.70,496.00
165.294292,5708.70,516.00
165.394915,5708.70,516.00
165.495423,5708.70,516.00
165.596092,5708.70,516.00
165.696681,5708.70,516.00
165.797411,5708.70,516.00
165.897993,5708.70,516.00
165.998664,5708.70,496.00
166.099323,5708.70,536.00
166.199853,5708.70,516.00
166.300488,5708.70,496.00
166.401068,5708.70,516.00
166.502104,5708.70,496.00
166.602882,5708.70,496.00
166.703776,5708.70,536.00
166.804815,5708.70,516.00
166.905521,5708.70,516.00
167.006108,5708.70,496.00
167.106550,5708.70,518.00
167.207286,5708.70,518.00
167.308032,5708.70,518.00
167.408660,5708.70,498.00
167.509267,5708.70,496.00
167.610006,5708.70,516.00
167.710589,5708.70,518.00
167.811264,5708.70,518.00
167.911910,5708.70,498.00
168.012597,5708.70,518.00
168.113396,5708.70,518.00
168.213998,5708.70,518.00
168.314628,5708.70,520.00
168.415429,5708.70,518.00
168.516007,5708.70,518.00
168.616618,5708.70,518.00
168.717070,5708.70,538.00
168.817522,5708.70,518.00
168.917938,5708.70,520.00
169.018496,5708.70,518.00
169.118952,5708.70,498.00
169.219573,5708.70,518.00
169.320101,5708.70,518.00
169.420572,5708.70,518.00
169.521098,5708.70,498.00
169.621713,5708.70,540.00
169.722508,5708.70,520.00
169.823160,5708.70,520.00
169.923645,5708.70,522.00
170.024094,5708.71,690.00
170.124564,5708.71,688.00
170.225111,5708.71,650.00
170.325822,5708.71,630.00
170.426314,5708.71,608.00
170.526789,5708.71,650.00
170.627451,5708.71,690.00
170.728033,5708.71,690.00
170.828569,5708.71,694.00
170.929091,5708.71,694.00
171.029592,5708.71,694.00
171.130066,5708.71,694.00
171.230549,5708.71,694.00
171.330999,5708.71,694.00
171.431489,5708.71,694.00
171.531963,5708.71,650.00
171.632396,5708.71,694.00
171.732864,5708.71,694.00
171.833306,5708.71,694.00
171.933875,5708.71,694.00
172.034307,5708.71,516.00
172.134984,5708.71,496.00
172.235464,5708.71,516.00
172.336060,5708.71,496.00
172.436559,5708.71,516.00
172.536996,5708.71,516.00
172.637468,5708.71,516.00
172.737931,5708.71,516.00
172.838548,5708.71,518.00
172.939066,5708.71,498.00
173.039720,5708.71,498.00
173.140352,5708.71,518.00
173.241064,5708.71,498.00
173.341564,5708.71,538.00
173.442042,5708.71,518.00
173.542738,5708.71,520.00
173.643463,5708.71,520.00
173.744087,5708.71,520.00
173.844522,5708.71,520.00
173.944988,5708.71,520.00
174.045475,5708.71,520.00
174.145902,5708.71,500.00
174.246442,5708.71,522.00
174.347012,5708.71,522.00
174.447420,5708.71,522.00
174.547871,5708.71,524.00
174.648532,5708.71,504.00
174.749353,5708.71,540.00
174.849923,5708.71,664.00
174.950398,5708.71,664.00
175.050916,5708.71,644.00
175.151476,5708.71,664.00
175.251946,5708.71,644.00
175.352500,5708.71,664.00
175.453002,5708.71,664.00
175.553648,5708.71,604.00
175.654135,5708.71,624.00
175.754668,5708.71,664.00
175.855406,5708.71,644.00
175.955988,5708.71,664.00
176.056552,5708.71,664.00
176.157193,5708.71,664.00
176.257721,5708.71,664.00
176.358319,5708.71,604.00
176.458789,5708.71,664.00
176.559467,5708.71,664.00
176.660027,5708.71,604.00
176.760581,5708.71,518.00
176.861311,5708.71,518.00
176.961933,5708.71,518.00
177.062712,5708.71,518.00
177.163217,5708.71,518.00
177.263937,5708.71,518.00
177.364666,5708.71,518.00
177.465501,5708.71,518.00
177.566050,5708.71,518.00
177.666592,5708.71,518.00
177.767132,5708.71,518.00
177.867640,5708.71,518.00
177.968107,5708.71,518.00
178.068643,5708.71,518.00
178.169203,5708.71,498.00
178.269892,5708.71,518.00
178.370457,5708.71,518.00
178.471033,5708.71,518.00
178.571575,5708.71,518.00
178.672113,5708.71,518.00
178.772881,5708.71,518.00
178.873293,5708.71,518.00
178.973767,5708.71,518.00
179.074270,5708.71,518.00
179.174982,5708.71,518.00
179.275648,5708.71,518.00
179.376289,5708.71,518.00
179.476879,5708.71,498.00
179.577555,5708.71,518.00
179.678456,5708.71,518.00
179.778882,5708.71,518.00
179.879595,5708.71,518.00
179.980410,5708.71,498.00
180.081035,5708.71,518.00
180.181907,5708.71,498.00
180.282522,5708.71,498.00
180.383165,5708.71,518.00
180.483766,5708.71,518.00
180.584430,5708.71,518.00
180.685124,5708.71,518.00
180.785970,5708.71,498.00
180.886906,5708.71,518.00
180.987630,5708.71,518.00
181.088191,5708.71,518.00
181.188798,5708.71,498.00
181.289294,5708.71,498.00
181.389771,5708.71,518.00
181.490268,5708.71,498.00
181.590703,5708.71,518.00
181.691172,5708.71,518.00
181.791816,5708.71,518.00
181.892254,5708.71,518.00
181.992728,5708.71,518.00
182.093347,5708.71,518.00
182.193788,5708.71,498.00
182.294428,5708.71,518.00
182.394888,5708.71,518.00
182.495357,5708.71,518.00
182.596087,5708.71,520.00
182.696835,5708.71,518.00
182.797591,5708.72,518.00
182.898103,5708.72,518.00
182.998566,5708.72,520.00
183.099114,5708.72,500.00
183.199661,5708.72,520.00
183.300257,5708.72,500.00
183.400743,5708.72,522.00
183.501208,5708.72,520.00
183.601737,5708.72,500.00
183.702206,5708.72,500.00
183.802750,5708.72,500.00
183.903140,5708.72,520.00
184.003730,5708.72,518.00
184.104254,5708.72,518.00
184.205158,5708.72,498.00
184.305826,5708.72,518.00
184.406270,5708.72,498.00
184.506690,5708.72,518.00
184.607167,5708.72,518.00
184.707745,5708.72,518.00
184.808132,5708.72,518.00
184.908604,5708.72,518.00
185.009070,5708.72,518.00
185.109670,5708.72,518.00
185.210103,5708.72,518.00
185.310654,5708.72,518.00
185.411114,5708.72,518.00
185.511737,5708.72,520.00
185.612345,5708.72,500.00
185.712850,5708.72,520.00
185.813319,5708.72,522.00
185.913854,5708.72,522.00
186.014420,5708.72,502.00
186.115146,5708.72,522.00
186.215844,5708.72,522.00
186.316612,5708.72,522.00
186.417124,5708.72,502.00
186.517822,5708.72,518.00
186.618285,5708.72,518.00
186.718978,5708.72,498.00
186.819542,5708.72,498.00
186.920177,5708.72,520.00
187.020718,5708.72,498.00
187.121439,5708.72,518.00
187.221963,5708.72,498.00
187.322470,5708.72,520.00
187.422901,5708.72,518.00
187.523544,5708.72,518.00
187.624185,5708.72,520.00
187.724652,5708.72,498.00
187.825092,5708.72,518.00
187.925600,5708.72,518.00
188.026075,5708.72,518.00
188.126684,5708.72,498.00
188.227278,5708.72,518.00
188.327828,5708.72,520.00
188.428369,5708.72,518.00
188.528808,5708.72,518.00
188.629259,5708.72,518.00
188.729685,5708.72,518.00
188.830147,5708.72,518.00
188.930684,5708.72,518.00
189.031100,5708.72,518.00
189.131543,5708.72,518.00
189.231991,5708.72,518.00
189.332474,5708.72,518.00
189.432913,5708.72,518.00
189.533388,5708.72,518.00
189.633833,5708.72,498.00
189.734433,5708.72,518.00
189.834950,5708.72,518.00
189.935401,5708.72,538.00
190.035942,5708.72,518.00
190.136459,5708.72,498.00
190.236967,5708.72,502.00
190.337416,5708.72,520.00
190.437956,5708.72,522.00
190.538707,5708.72,522.00
190.639567,5708.72,522.00
190.740259,5708.72,522.00
190.840766,5708.72,498.00
190.941324,5708.72,500.00
191.041908,5708.72,520.00
191.142539,5708.72,520.00
191.242970,5708.72,522.00
191.343544,5708.72,502.00
191.444105,5708.72,522.00
191.544570,5708.72,502.00
191.645172,5708.73,520.00
191.745905,5708.73,520.00
191.846526,5708.73,522.00
191.947104,5708.73,522.00
192.047650,5708.73,522.00
192.148273,5708.73,522.00
192.248909,5708.73,522.00
192.349727,5708.73,522.00
192.450408,5708.73,522.00
192.551102,5708.73,522.00
192.651983,5708.73,522.00
192.752784,5708.73,522.00
192.853330,5708.73,502.00
192.953827,5708.73,522.00
193.054368,5708.73,692.00
193.154979,5708.73,692.00
193.255695,5708.73,692.00
193.356478,5708.73,694.00
193.456915,5708.73,694.00
193.557438,5708.73,694.00
193.657928,5708.73,696.00
193.758446,5708.73,694.00
193.858983,5708.73,694.00
193.959578,5708.73,656.00
194.060510,5708.73,656.00
194.161275,5708.73,696.00
194.261957,5708.73,700.00
194.362614,5708.73,700.00
194.463039,5708.73,700.00
194.563681,5708.73,700.00
194.664212,5708.73,636.00
194.765004,5708.73,680.00
194.865496,5708.73,702.00
194.966030,5708.73,658.00
195.066734,5708.73,520.00
195.167289,5708.73,520.00
195.267861,5708.73,520.00
195.368594,5708.73,500.00
195.469028,5708.73,502.00
195.569666,5708.73,522.00
195.670129,5708.73,522.00
195.770660,5708.73,522.00
195.871130,5708.73,502.00
195.971713,5708.73,524.00
196.072636,5708.73,524.00
196.173167,5708.73,524.00
196.273670,5708.73,524.00
196.374180,5708.73,524.00
196.474636,5708.74,524.00
196.575157,5708.74,524.00
196.675713,5708.74,526.00
196.776311,5708.74,524.00
196.877004,5708.74,524.00
196.977622,5708.74,502.00
197.078136,5708.74,524.00
197.178684,5708.74,526.00
197.279093,5708.74,526.00
197.379702,5708.74,526.00
197.480136,5708.74,526.00
197.580606,5708.74,526.00
197.681070,5708.74,526.00
197.781546,5708.74,526.00
197.881995,5708.74,526.00
197.982590,5708.74,526.00
198.083058,5708.74,526.00
198.183544,5708.74,602.00
198.284004,5708.74,642.00
198.384649,5708.74,654.00
198.485632,5708.74,662.00
198.586346,5708.74,670.00
198.688731,5708.74,670.00
198.789435,5708.74,672.00
198.890014,5708.74,670.00
198.990800,5708.74,658.00
199.091724,5708.74,658.00
199.192281,5708.74,672.00
199.293314,5708.74,654.00
199.394466,5708.74,656.00
199.495202,5708.74,662.00
199.596026,5708.74,622.00
199.696826,5708.74,662.00
199.797642,5708.74,662.00
199.898191,5708.74,622.00
199.998613,5708.74,662.00
200.099196,5708.74,518.00
200.199664,5708.74,518.00
200.300215,5708.74,518.00
200.400992,5708.74,518.00
200.501703,5708.74,518.00
200.602647,5708.74,518.00
200.703450,5708.74,518.00
200.804148,5708.74,518.00
200.904847,5708.74,498.00
201.005516,5708.74,518.00
201.106039,5708.74,518.00
201.206630,5708.74,498.00
201.307306,5708.74,518.00
201.407760,5708.74,518.00
201.508388,5708.74,518.00
201.608985,5708.74,518.00
201.709569,5708.74,518.00
201.810217,5708.74,518.00
201.910929,5708.74,518.00
202.011529,5708.74,518.00
202.112188,5708.74,518.00
202.212894,5708.74,498.00
202.313609,5708.74,518.00
202.414066,5708.74,498.00
202.514752,5708.74,518.00
202.615497,5708.74,518.00
202.716204,5708.74,518.00
202.816929,5708.74,518.00
202.917470,5708.74,518.00
203.018052,5708.74,518.00
203.118503,5708.74,518.00
203.219081,5708.74,518.00
203.319620,5708.74,518.00
203.420387,5708.74,518.00
203.520995,5708.74,518.00
203.621463,5708.74,498.00
203.722235,5708.74,498.00
203.823105,5708.74,520.00
203.923582,5708.74,518.00
204.024090,5708.74,498.00
204.124557,5708.74,518.00
204.225190,5708.75,498.00
204.325795,5708.75,518.00
204.426229,5708.75,518.00
204.526756,5708.75,498.00
204.627175,5708.75,520.00
204.727712,5708.75,518.00
204.828235,5708.75,518.00
204.928760,5708.75,520.00
205.029543,5708.75,498.00
205.130176,5708.75,520.00
205.230846,5708.75,518.00
205.331437,5708.75,498.00
205.432018,5708.75,498.00
205.532510,5708.75,520.00
205.633032,5708.75,520.00
205.733611,5708.75,520.00
205.834276,5708.75,520.00
205.934838,5708.75,520.00
206.035316,5708.75,520.00
206.136226,5708.75,520.00
206.237100,5708.75,518.00
206.337835,5708.75,518.00
206.438382,5708.75,498.00
206.538918,5708.75,518.00
206.639387,5708.75,498.00
206.739812,5708.75,500.00
206.840283,5708.75,498.00
206.940746,5708.75,500.00
207.041494,5708.75,520.00
207.142184,5708.75,520.00
207.242631,5708.75,522.00
207.343070,5708.75,522.00
207.443504,5708.75,542.00
207.543976,5708.75,542.00
207.644451,5708.75,522.00
207.744967,5708.75,522.00
207.845420,5708.75,522.00
207.946040,5708.75,542.00
208.046590,5708.75,498.00
208.147233,5708.75,518.00
208.247879,5708.75,518.00
208.348646,5708.75,518.00
208.449093,5708.75,520.00
208.549552,5708.75,518.00
208.650109,5708.75,520.00
208.750808,5708.75,498.00
208.851315,5708.75,498.00
208.951788,5708.75,518.00
209.052351,5708.75,500.00
209.153025,5708.75,518.00
209.253690,5708.75,518.00
209.354238,5708.75,498.00
209.454728,5708.75,518.00
209.555602,5708.75,520.00
209.656231,5708.75,518.00
209.756908,5708.75,518.00
209.857620,5708.75,520.00
209.958204,5708.75,518.00
210.058909,5708.75,518.00
210.159641,5708.75,518.00
210.260334,5708.75,518.00
210.360963,5708.75,518.00
210.461581,5708.75,518.00
210.562267,5708.75,518.00
210.662878,5708.75,518.00
210.763475,5708.75,518.00
210.864266,5708.75,518.00
210.964982,5708.75,498.00
211.065609,5708.75,518.00
211.166184,5708.75,518.00
211.266709,5708.75,518.00
211.367308,5708.75,538.00
211.467882,5708.75,518.00
211.568489,5708.75,538.00
211.669184,5708.75,518.00
211.770124,5708.75,498.00
211.870810,5708.75,518.00
211.971357,5708.75,518.00
212.072019,5708.75,538.00
212.172685,5708.75,538.00
212.273268,5708.75,518.00
212.373987,5708.75,538.00
212.474581,5708.75,522.00
212.575166,5708.75,520.00
212.675838,5708.75,522.00
212.776521,5708.75,504.00
212.877313,5708.75,524.00
212.978249,5708.75,524.00
213.078929,5708.75,524.00
213.179692,5708.76,522.00
213.280505,5708.76,520.00
213.381173,5708.76,520.00
213.481811,5708.76,522.00
213.582450,5708.76,522.00
213.683051,5708.76,522.00
213.783732,5708.76,522.00
213.884542,5708.76,522.00
213.985322,5708.76,504.00
214.085958,5708.76,524.00
214.186705,5708.76,522.00
214.287353,5708.76,522.00
214.388213,5708.76,522.00
214.488856,5708.76,522.00
214.589526,5708.76,522.00
214.689999,5708.76,524.00
214.790644,5708.76,522.00
214.891219,5708.76,522.00
214.991828,5708.76,522.00
215.092309,5708.76,522.00
215.192911,5708.76,524.00
215.293691,5708.76,524.00
215.394544,5708.76,524.00
215.495313,5708.76,696.00
215.595875,5708.76,676.00
215.696349,5708.76,696.00
215.797184,5708.76,696.00
215.897936,5708.76,632.00
215.998793,5708.76,696.00
216.099583,5708.76,696.00
216.200486,5708.76,696.00
216.301350,5708.76,696.00
216.401955,5708.76,696.00
216.502873,5708.76,634.00
216.603452,5708.76,656.00
216.704130,5708.76,698.00
216.804872,5708.76,634.00
216.905613,5708.76,658.00
217.006160,5708.76,612.00
217.106823,5708.76,656.00
217.207400,5708.76,722.00
217.307928,5708.76,700.00
217.408482,5708.76,700.00
217.509423,5708.77,634.00
217.610171,5708.77,702.00
217.710884,5708.77,518.00
217.811348,5708.77,498.00
217.911790,5708.77,520.00
218.012269,5708.77,520.00
218.112745,5708.77,500.00
218.213264,5708.77,520.00
218.313840,5708.77,498.00
218.414468,5708.77,520.00
218.515129,5708.77,520.00
218.615744,5708.77,522.00
218.716463,5708.77,520.00
218.817256,5708.77,522.00
218.917828,5708.77,524.00
219.018691,5708.77,524.00
219.119262,5708.77,524.00
219.219697,5708.77,524.00
219.320401,5708.77,504.00
219.420978,5708.77,504.00
219.521488,5708.77,524.00
219.621922,5708.77,524.00
219.722461,5708.77,522.00
219.822961,5708.77,522.00
219.923413,5708.77,522.00
220.023888,5708.77,522.00
220.124476,5708.77,522.00
220.225336,5708.77,526.00
220.325840,5708.77,504.00
220.426448,5708.77,506.00
220.526876,5708.77,526.00
220.627700,5708.77,506.00
220.728301,5708.77,526.00
220.828885,5708.77,506.00
220.929723,5708.77,656.00
221.030317,5708.77,656.00
221.130797,5708.77,664.00
221.231635,5708.77,604.00
221.332421,5708.77,656.00
221.433090,5708.77,656.00
221.533816,5708.77,658.00
221.634730,5708.77,660.00
221.735496,5708.77,670.00
221.836200,5708.77,668.00
221.936917,5708.77,668.00
222.037811,5708.77,614.00
222.138736,5708.77,670.00
222.239730,5708.77,594.00
222.340517,5708.77,668.00
222.441220,5708.77,676.00
222.542047,5708.77,676.00
222.642768,5708.77,670.00
222.743391,5720.62,512.00
222.844123,5720.62,532.00
222.944963,5720.62,512.00
223.045764,5720.62,532.00
223.146552,5720.62,512.00
223.247440,5720.62,512.00
223.348328,5720.62,512.00
223.448962,5720.62,512.00
223.549732,5720.62,512.00
223.650595,5720.62,532.00
223.751484,5720.62,532.00
223.852366,5720.62,532.00
223.953139,5720.62,532.00
224.054088,5720.62,512.00
224.154932,5720.62,512.00
224.255913,5720.62,512.00
224.357115,5720.62,492.00
224.458032,5720.62,492.00
224.558657,5720.62,492.00
224.659383,5720.62,532.00
224.760104,5720.62,532.00
224.861129,5720.62,532.00
224.962116,5720.62,512.00
225.063117,5720.62,512.00
225.163966,5720.62,532.00
225.264735,5720.62,532.00
225.365480,5720.62,512.00
225.466132,5720.62,512.00
225.567053,5720.62,532.00
225.668020,5720.62,532.00
225.769030,5720.62,534.00
225.869855,5720.62,512.00
225.970617,5720.62,532.00
226.071173,5720.62,494.00
226.171725,5720.62,534.00
226.272154,5720.62,534.00
226.372762,5720.62,534.00
226.473198,5720.62,534.00
226.573997,5720.62,532.00
226.674496,5720.62,514.00
226.775035,5720.62,512.00
226.875477,5720.62,512.00
226.975987,5720.62,532.00
227.076507,5720.62,514.00
227.176939,5720.62,534.00
227.277410,5720.62,534.00
227.377936,5720.62,514.00
227.478395,5720.62,514.00
227.579017,5720.62,514.00
227.679529,5720.62,514.00
227.780107,5720.62,534.00
227.880653,5720.62,514.00
227.981104,5720.62,534.00
228.081895,5720.62,494.00
228.182545,5720.62,534.00
228.283165,5720.62,492.00
228.383830,5720.62,534.00
228.484531,5720.62,534.00
228.585161,5720.62,534.00
228.685912,5720.62,494.00
228.786558,5720.62,534.00
228.887320,5720.62,494.00
228.988348,5720.62,514.00
229.089211,5720.62,514.00
229.189830,5720.62,532.00
229.290729,5720.62,492.00
229.391238,5720.62,514.00
229.491779,5720.62,514.00
229.592579,5720.62,514.00
229.693082,5720.62,494.00
229.793636,5720.62,534.00
229.894104,5720.62,494.00
229.994586,5720.63,534.00
230.095171,5720.63,534.00
230.195784,5720.63,536.00
230.296548,5720.63,536.00
230.397087,5720.63,536.00
230.497511,5720.63,536.00
230.597968,5720.63,536.00
230.698433,5720.63,536.00
230.799024,5720.63,496.00
230.899639,5720.63,536.00
231.000063,5720.63,536.00
231.100590,5720.63,492.00
231.201312,5720.63,534.00
231.302106,5720.63,532.00
231.402966,5720.63,532.00
231.503451,5720.63,492.00
231.603926,5720.63,532.00
231.704338,5720.63,514.00
231.804704,5720.63,534.00
231.905153,5720.63,532.00
232.005714,5720.63,532.00
232.106291,5720.63,532.00
232.206833,5720.63,532.00
232.307421,5720.63,532.00
232.407863,5720.63,532.00
232.508376,5720.63,532.00
232.608912,5720.63,492.00
232.709341,5720.63,532.00
232.809786,5720.63,512.00
232.910535,5720.63,492.00
233.010988,5720.63,532.00
233.111488,5720.63,492.00
233.211914,5720.63,532.00
233.312402,5720.63,492.00
233.412816,5720.63,532.00
233.513252,5720.63,532.00
233.613955,5720.63,532.00
233.714486,5720.63,532.00
233.815184,5720.63,532.00
233.915639,5720.63,532.00
234.016069,5720.63,532.00
234.116653,5720.63,492.00
234.217116,5720.63,532.00
234.317680,5720.63,512.00
234.418134,5720.63,532.00
234.518891,5720.63,532.00
234.619575,5720.63,532.00
234.720197,5720.63,532.00
234.820830,5720.63,492.00
234.921595,5720.63,532.00
235.022195,5720.63,532.00
235.122630,5720.63,532.00
235.223097,5720.63,532.00
235.323617,5720.63,532.00
235.424056,5720.63,532.00
235.524733,5720.63,532.00
235.625395,5720.63,492.00
235.726313,5720.63,536.00
235.827396,5720.63,538.00
235.928146,5720.63,518.00
236.028833,5720.63,518.00
236.129586,5720.63,540.00
236.230196,5720.63,500.00
236.330810,5720.63,500.00
236.431446,5720.63,536.00
236.532045,5720.63,516.00
236.632656,5720.63,536.00
236.733360,5720.63,496.00
236.834315,5720.63,516.00
236.934973,5720.63,536.00
237.035821,5720.63,538.00
237.136648,5720.63,536.00
237.237314,5720.63,498.00
237.337952,5720.63,498.00
237.438651,5720.63,538.00
237.539313,5720.63,538.00
237.640009,5720.63,496.00
237.740698,5720.63,496.00
237.841193,5720.63,536.00
237.941760,5720.63,536.00
238.042334,5720.63,498.00
238.142957,5720.63,498.00
238.243493,5720.63,538.00
238.344068,5720.63,538.00
238.444575,5720.63,540.00
238.545005,5720.63,540.00
238.645435,5720.63,540.00
238.745844,5720.63,540.00
238.846394,5720.63,540.00
238.946962,5720.63,688.00
239.047595,5720.63,696.00
239.148064,5720.63,652.00
239.248562,5720.63,696.00
239.349048,5720.63,698.00
239.449545,5720.63,614.00
239.550047,5720.63,700.00
239.650705,5720.63,700.00
239.751384,5720.63,700.00
239.852098,5720.63,700.00
239.952931,5720.63,612.00
240.053527,5720.63,614.00
240.154221,5720.63,612.00
240.254973,5720.63,698.00
240.355769,5720.63,698.00
240.456449,5720.63,700.00
240.557142,5720.63,658.00
240.657807,5720.63,636.00
240.758543,5720.63,704.00
240.859337,5720.63,700.00
240.959979,5720.63,700.00
241.060628,5720.63,700.00
241.161212,5720.63,700.00
241.261923,5720.63,522.00
241.362384,5720.63,502.00
241.463040,5720.63,502.00
241.563688,5720.63,502.00
241.664369,5720.63,522.00
241.764943,5720.63,522.00
241.865540,5720.63,502.00
241.966158,5720.63,524.00
242.066652,5720.63,524.00
242.167102,5720.63,526.00
242.267946,5720.63,506.00
242.368788,5720.63,526.00
242.469275,5720.63,526.00
242.570069,5720.63,528.00
242.670727,5720.63,526.00
242.771171,5720.63,526.00
242.872048,5720.63,526.00
242.972632,5720.63,506.00
243.073152,5720.63,526.00
243.174066,5720.63,526.00
243.274860,5720.63,528.00
243.375465,5720.63,528.00
243.476006,5720.63,528.00
243.576653,5720.63,528.00
243.677082,5720.63,526.00
243.777569,5720.63,546.00
243.878040,5720.63,526.00
243.978738,5720.63,526.00
244.079482,5720.63,546.00
244.180106,5720.63,664.00
244.280832,5720.63,656.00
244.381595,5720.63,638.00
244.482371,5720.63,660.00
244.583020,5720.63,640.00
244.683694,5720.63,666.00
244.784456,5720.63,640.00
244.884959,5720.63,668.00
244.985452,5720.63,600.00
245.085899,5720.63,668.00
245.186395,5720.63,674.00
245.286970,5720.63,674.00
245.387484,5720.63,680.00
245.488055,5720.63,674.00
245.588583,5720.63,632.00
245.689065,5720.63,680.00
245.789544,5720.63,660.00
245.890029,5720.63,680.00
245.990453,5720.63,660.00
246.090984,5720.63,496.00
246.191543,5720.63,516.00
246.292162,5720.63,516.00
246.392749,5720.63,516.00
246.493270,5720.63,516.00
246.593728,5720.63,516.00
246.694150,5720.63,516.00
246.794574,5720.63,516.00
246.895086,5720.63,516.00
246.995547,5720.63,516.00
247.096134,5720.63,516.00
247.196579,5720.63,516.00
247.297229,5720.63,516.00
247.397753,5720.63,496.00
247.498250,5720.63,496.00
247.598695,5720.63,516.00
247.699152,5720.63,516.00
247.799638,5720.63,516.00
247.900226,5720.63,516.00
248.000691,5720.63,516.00
248.101308,5720.63,516.00
248.201899,5720.63,516.00
248.302454,5720.63,496.00
248.402919,5720.63,516.00
248.503376,5720.63,496.00
248.603907,5720.63,496.00
248.704695,5720.63,516.00
248.805323,5720.63,518.00
248.905969,5720.63,496.00
249.006546,5720.63,518.00
249.107144,5720.63,516.00
249.207896,5720.63,498.00
249.308608,5720.63,518.00
249.409491,5720.63,498.00
249.510058,5720.63,518.00
249.610565,5720.63,518.00
249.711134,5720.63,518.00
249.811839,5720.63,496.00
249.912339,5720.63,518.00
250.012985,5720.63,516.00
250.113468,5720.63,516.00
250.213987,5720.63,518.00
250.314463,5720.63,516.00
250.415000,5720.63,518.00
250.515555,5720.63,496.00
250.616044,5720.63,516.00
250.716619,5720.63,518.00
250.817075,5720.63,518.00
250.917647,5720.63,518.00
251.018102,5720.63,520.00
251.118564,5720.63,498.00
251.219084,5720.63,498.00
251.319526,5720.63,500.00
251.419996,5720.63,500.00
251.520492,5720.63,540.00
251.620939,5720.63,540.00
251.721467,5720.63,540.00
251.821931,5720.63,540.00
251.922547,5720.63,540.00
252.023042,5720.63,540.00
252.123551,5720.63,518.00
252.224025,5720.63,498.00
252.324481,5720.63,518.00
252.424972,5720.63,518.00
252.525417,5720.63,518.00
252.625927,5720.63,518.00
252.726364,5720.63,518.00
252.826784,5720.63,518.00
252.927307,5720.63,540.00
253.027817,5720.63,540.00
253.128371,5720.63,540.00
253.228854,5720.63,540.00
253.329371,5720.63,540.00
253.429798,5720.63,540.00
253.530237,5720.63,540.00
253.631031,5720.63,540.00
253.731577,5720.63,540.00
253.832020,5720.63,540.00
253.932873,5720.63,540.00
254.033633,5720.63,540.00
254.134113,5720.63,542.00
254.234576,5720.63,542.00
254.335112,5720.63,502.00
254.435792,5720.63,496.00
254.536599,5720.63,536.00
254.637312,5720.63,536.00
254.738009,5720.63,518.00
254.838732,5720.63,536.00
254.939390,5720.63,536.00
255.040039,5720.63,516.00
255.140699,5720.63,536.00
255.241475,5720.63,536.00
255.342099,5720.63,516.00
255.442677,5720.63,516.00
255.543459,5720.63,496.00
255.644079,5720.63,496.00
255.744679,5720.63,516.00
255.845228,5720.63,516.00
255.945834,5720.63,536.00
256.046448,5720.63,496.00
256.147036,5720.63,518.00
256.247730,5720.63,538.00
256.348553,5720.63,538.00
256.449334,5720.63,498.00
256.550120,5720.63,538.00
256.651040,5720.63,496.00
256.751728,5720.63,536.00
256.852328,5720.63,496.00
256.952935,5720.63,516.00
257.053565,5720.63,518.00
257.154237,5720.63,518.00
257.254969,5720.63,498.00
257.355725,5720.63,538.00
257.456450,5720.63,538.00
257.557073,5720.63,538.00
257.657643,5720.63,498.00
257.758505,5720.63,536.00
257.859312,5720.63,536.00
257.959979,5720.63,536.00
258.060953,5720.63,496.00
258.161782,5720.63,536.00
258.262557,5720.63,536.00
258.363389,5720.63,536.00
258.464220,5720.63,536.00
258.565258,5720.63,496.00
258.666172,5720.63,536.00
258.766826,5720.63,536.00
258.867912,5720.63,516.00
258.968684,5720.63,536.00
259.069639,5720.63,516.00
259.170461,5720.63,516.00
259.271072,5720.63,520.00
259.371711,5720.63,500.00
259.472199,5720.63,520.00
259.572822,5720.63,502.00
259.673457,5720.63,504.00
259.774040,5720.63,524.00
259.874706,5720.63,504.00
259.975281,5720.63,502.00
260.076108,5720.63,522.00
260.176682,5720.63,502.00
260.277272,5720.63,520.00
260.378048,5720.63,504.00
260.480149,5720.63,504.00
260.580776,5720.63,524.00
260.682750,5720.63,504.00
260.783267,5720.63,544.00
260.883742,5720.63,542.00
260.984189,5720.63,522.00
261.084741,5720.63,542.00
261.185161,5720.63,542.00
261.285715,5720.63,542.00
261.386221,5720.63,542.00
261.486696,5720.63,522.00
261.587133,5720.63,522.00
261.687610,5720.63,542.00
261.788093,5720.63,542.00
261.888625,5720.63,542.00
261.989249,5720.63,542.00
262.089681,5720.63,538.00
262.190133,5720.63,518.00
262.290600,5720.63,538.00
262.391049,5720.63,632.00
262.491476,5720.63,696.00
262.591926,5720.63,696.00
262.692519,5720.63,696.00
262.793157,5720.63,696.00
262.893941,5720.63,698.00
262.994577,5720.63,698.00
263.095275,5720.63,696.00
263.195944,5720.63,698.00
263.296630,5720.63,696.00
263.397072,5720.63,696.00
263.497514,5720.63,674.00
263.597953,5720.63,698.00
263.698539,5720.63,630.00
263.799190,5720.63,696.00
263.899786,5720.63,696.00
264.000371,5720.63,610.00
264.100950,5720.63,744.00
264.201864,5720.63,702.00
264.302503,5720.63,704.00
264.403108,5720.63,702.00
264.503713,5720.63,702.00
264.604365,5720.63,518.00
264.704964,5720.63,518.00
264.805607,5720.63,518.00
264.906306,5720.63,498.00
265.006910,5720.63,498.00
265.107580,5720.63,498.00
265.208358,5720.63,500.00
265.308806,5720.63,518.00
265.409283,5720.63,500.00
265.509781,5720.63,522.00
265.610203,5720.63,542.00
265.710866,5720.63,542.00
265.811341,5720.63,522.00
265.911779,5720.63,522.00
266.012312,5720.63,502.00
266.112798,5720.63,542.00
266.213430,5720.63,500.00
266.313959,5720.63,542.00
266.414508,5720.63,542.00
266.515092,5720.63,522.00
266.615626,5720.63,522.00
266.716177,5720.63,542.00
266.816943,5720.63,542.00
266.917658,5720.63,524.00
267.018417,5720.63,522.00
267.119218,5720.63,542.00
267.219982,5720.63,538.00
267.320453,5720.63,538.00
267.421046,5720.63,496.00
267.521583,5720.63,538.00
267.622159,5720.63,540.00
267.722789,5720.63,538.00
267.823227,5720.63,498.00
267.923727,5720.63,538.00
268.024157,5720.63,538.00
268.124847,5720.63,518.00
268.225404,5720.63,678.00
268.325968,5720.63,678.00
268.426665,5720.63,658.00
268.527188,5720.63,658.00
268.627796,5720.63,678.00
268.728359,5720.63,678.00
268.828859,5720.63,678.00
268.929360,5720.63,616.00
269.029859,5720.63,616.00
269.130439,5720.63,674.00
269.230895,5720.63,630.00
269.331380,5720.63,672.00
269.431912,5720.63,674.00
269.532413,5720.63,618.00
269.633235,5720.63,672.00
269.733823,5720.63,674.00
269.834340,5720.63,676.00
269.935005,5720.63,674.00
270.035535,5720.63,634.00
270.136034,5720.63,516.00
270.236571,5720.63,516.00
270.337081,5720.63,496.00
270.437639,5720.63,496.00
270.538110,5720.63,516.00
270.638683,5720.63,516.00
270.739257,5720.63,516.00
270.839763,5720.63,516.00
270.940207,5720.63,516.00
271.040767,5720.63,516.00
271.141259,5720.63,516.00
271.241768,5720.63,516.00
271.342272,5720.63,516.00
271.442943,5720.63,516.00
271.543404,5720.63,516.00
271.643883,5720.63,516.00
271.744494,5720.63,516.00
271.845037,5720.63,516.00
271.945502,5720.63,516.00
272.045941,5720.63,516.00
272.146563,5720.63,516.00
272.247165,5720.63,516.00
272.347961,5720.63,516.00
272.448412,5720.63,516.00
272.548933,5720.63,516.00
272.649389,5720.63,516.00
272.749833,5720.63,496.00
272.850311,5720.63,518.00
272.950908,5720.63,516.00
273.051533,5720.63,516.00
273.152031,5720.63,518.00
273.252591,5720.63,518.00
273.353076,5720.63,498.00
273.453662,5720.63,516.00
273.554339,5720.63,518.00
273.655075,5720.63,518.00
273.755634,5720.63,518.00
273.856107,5720.63,518.00
273.956563,5720.63,518.00
274.057180,5720.63,518.00
274.157682,5720.63,518.00
274.258200,5720.63,518.00
274.358818,5720.63,518.00
274.459354,5720.63,518.00
274.559922,5720.63,498.00
274.660386,5720.63,496.00
274.760815,5720.63,518.00
274.861376,5720.63,498.00
274.961864,5720.63,518.00
275.062411,5720.63,516.00
275.163019,5720.63,518.00
275.263501,5720.63,518.00
275.363962,5720.63,518.00
275.464482,5720.63,518.00
275.565037,5720.63,498.00
275.665497,5720.63,518.00
275.766021,5720.63,540.00
275.866489,5720.63,538.00
275.966978,5720.63,538.00
276.067478,5720.63,518.00
276.167974,5720.63,538.00
276.268424,5720.63,540.00
276.368997,5720.63,540.00
276.469641,5720.63,540.00
276.570331,5720.63,500.00
276.671006,5720.63,540.00
276.771636,5720.63,518.00
276.872248,5720.63,518.00
276.972890,5720.63,518.00
277.073633,5720.63,518.00
277.174275,5720.63,498.00
277.274846,5720.63,518.00
277.375606,5720.63,518.00
277.476204,5720.63,498.00
277.576817,5720.63,518.00
277.677641,5720.63,538.00
277.778268,5720.63,500.00
277.879239,5720.63,540.00
277.979821,5720.63,518.00
278.080457,5720.63,520.00
278.180990,5720.63,520.00
278.281572,5720.63,540.00
278.382429,5720.63,520.00
278.483019,5720.63,540.00
278.583609,5720.63,542.00
278.684078,5720.63,542.00
278.784813,5720.63,542.00
278.885666,5720.63,534.00
278.986416,5720.63,522.00
279.086863,5720.63,536.00
279.187370,5720.63,536.00
279.288021,5720.63,536.00
279.388572,5720.63,536.00
279.488996,5720.63,518.00
279.589600,5720.63,518.00
279.690027,5720.63,518.00
279.790495,5720.63,538.00
279.891094,5720.63,518.00
279.991757,5720.63,518.00
280.092434,5720.63,518.00
280.192944,5720.63,516.00
280.293385,5720.63,536.00
280.394010,5720.63,516.00
280.494544,5720.63,536.00
280.595006,5720.63,536.00
280.695755,5720.63,536.00
280.796226,5720.63,536.00
280.896911,5720.63,496.00
280.997568,5720.63,496.00
281.098493,5720.63,516.00
281.199344,5720.63,536.00
281.300157,5720.63,538.00
281.400975,5720.63,538.00
281.501890,5720.63,538.00
281.602661,5720.63,518.00
281.703184,5720.63,538.00
281.803599,5720.63,498.00
281.904138,5720.63,538.00
282.004649,5720.63,538.00
282.105156,5720.63,538.00
282.205750,5720.63,538.00
282.306567,5720.63,518.00
282.407373,5720.63,536.00
282.507889,5720.63,536.00
282.608407,5720.63,536.00
282.708901,5720.63,536.00
282.809688,5720.63,536.00
282.910784,5720.63,536.00
283.011524,5720.63,536.00
283.112313,5720.63,516.00
283.213134,5720.63,536.00
283.313768,5720.63,536.00
283.414471,5720.63,536.00
283.515263,5720.63,516.00
283.615961,5720.63,536.00
283.716580,5720.63,536.00
283.817445,5720.63,496.00
283.918546,5720.63,516.00
284.019029,5720.63,536.00
284.119575,5720.63,536.00
284.220111,5720.63,496.00
284.320713,5720.63,538.00
284.421144,5720.63,538.00
284.521934,5720.63,538.00
284.622643,5720.63,538.00
284.723271,5720.63,498.00
284.823939,5720.63,518.00
284.924388,5720.63,518.00
285.025153,5720.63,538.00
285.125582,5720.63,522.00
285.226040,5720.63,524.00
285.326541,5720.63,524.00
285.427027,5720.63,504.00
285.527514,5720.63,524.00
285.627936,5720.63,538.00
285.728570,5720.63,518.00
285.829299,5720.63,518.00
285.929911,5720.63,538.00
286.030336,5720.63,496.00
286.130756,5720.63,538.00
286.231457,5720.63,496.00
286.331972,5720.63,538.00
286.432514,5720.63,538.00
286.533225,5720.63,538.00
286.633971,5720.63,538.00
286.734758,5720.63,538.00
286.835601,5720.63,538.00
286.936027,5720.63,538.00
287.036516,5720.63,518.00
287.137028,5720.63,538.00
287.237711,5720.63,538.00
287.338465,5720.63,518.00
287.438936,5720.63,628.00
287.539385,5720.63,610.00
287.639859,5720.63,678.00
287.740618,5720.63,694.00
287.841043,5720.63,696.00
287.941798,5720.63,698.00
288.042548,5720.63,718.00
288.143176,5720.63,696.00
288.243857,5720.63,694.00
288.344295,5720.63,696.00
288.444932,5720.63,696.00
288.545846,5720.63,630.00
288.646531,5720.63,700.00
288.747197,5720.63,696.00
288.847939,5720.63,696.00
288.948388,5720.63,700.00
289.048824,5720.63,700.00
289.149270,5720.63,698.00
289.249910,5720.63,698.00
289.350444,5720.63,702.00
289.450904,5720.63,610.00
289.551408,5720.63,518.00
289.652164,5720.63,518.00
289.752677,5720.63,520.00
289.853431,5720.63,518.00
289.953966,5720.63,498.00
290.054906,5720.63,500.00
290.155337,5720.63,520.00
290.255930,5720.63,520.00
290.356407,5720.63,540.00
290.456952,5720.63,500.00
290.557427,5720.63,540.00
290.657995,5720.63,502.00
290.758459,5720.63,522.00
290.858914,5720.63,542.00
290.959353,5720.63,542.00
291.059941,5720.63,522.00
291.160427,5720.63,544.00
291.260964,5720.63,524.00
291.361679,5720.63,524.00
291.462255,5720.63,544.00
291.562779,5720.63,524.00
291.663249,5720.63,524.00
291.763651,5720.63,538.00
291.864196,5720.63,538.00
291.964705,5720.63,498.00
292.065219,5720.63,518.00
292.166005,5720.63,540.00
292.266614,5720.63,520.00
292.367070,5720.63,544.00
292.467561,5720.63,544.00
292.568165,5720.63,544.00
292.668808,5720.63,524.00
292.769276,5720.63,658.00
292.869990,5720.63,658.00
292.970656,5720.63,658.00
293.071301,5720.63,656.00
293.171734,5720.63,676.00
293.272328,5720.63,674.00
293.372857,5720.63,672.00
293.473307,5720.63,670.00
293.573737,5720.63,618.00
293.674276,5720.63,672.00
293.774899,5720.63,676.00
293.875388,5720.63,578.00
293.976054,5720.63,660.00
294.076603,5720.63,638.00
294.177127,5720.63,680.00
294.277668,5720.63,660.00
294.378179,5720.63,680.00
294.478683,5720.63,680.00
294.579180,5720.63,680.00
294.679712,5720.63,680.00
294.780171,5720.63,680.00
294.880659,5720.63,518.00
294.981093,5720.63,518.00
295.081806,5720.63,518.00
295.182314,5720.63,518.00
295.282989,5720.63,518.00
295.383557,5720.63,518.00
295.484206,5720.63,518.00
295.584854,5720.63,518.00
295.685593,5720.63,498.00
295.786133,5720.63,518.00
295.886814,5720.63,518.00
295.987341,5720.63,518.00
296.087960,5720.63,518.00
296.188524,5720.63,518.00
296.289086,5720.63,518.00
296.389659,5720.63,518.00
296.490315,5720.63,520.00
296.590738,5720.63,518.00
296.691376,5720.63,518.00
296.792049,5720.63,518.00
296.892678,5720.63,518.00
296.993262,5720.63,498.00
297.093885,5720.63,518.00
297.194475,5720.63,518.00
297.295085,5720.63,518.00
297.395578,5720.63,518.00
297.496167,5720.63,518.00
297.596846,5720.63,518.00
297.697276,5720.63,518.00
297.797819,5720.63,520.00
297.898355,5720.63,520.00
297.998793,5720.63,498.00
298.099421,5720.63,520.00
298.200019,5720.63,520.00
298.300463,5720.63,520.00
298.400941,5720.63,500.00
298.501497,5720.63,522.00
298.602110,5720.63,520.00
298.702827,5720.63,520.00
298.803321,5720.63,500.00
298.903917,5720.63,520.00
299.004475,5720.63,520.00
299.105163,5720.63,500.00
299.205587,5720.69,520.00
299.306148,5720.69,520.00
299.407008,5720.69,498.00
299.507633,5720.69,520.00
299.608215,5720.69,500.00
299.708684,5720.69,520.00
299.809090,5720.69,520.00
299.909622,5720.69,500.00
300.010409,5720.69,540.00
300.110949,5720.69,540.00
300.211465,5720.69,520.00
300.312078,5720.69,540.00
300.412735,5720.69,502.00
300.513353,5720.69,522.00
300.614017,5720.69,522.00
300.714904,5720.69,502.00
300.815569,5720.69,520.00
300.916146,5720.69,520.00
301.016814,5720.69,500.00
301.117517,5720.69,520.00
301.218186,5720.69,500.00
301.319074,5720.69,500.00
301.419716,5720.69,500.00
301.520379,5720.69,520.00
301.620966,5720.69,520.00
301.721543,5720.69,524.00
301.822353,5720.69,544.00
301.923011,5720.69,536.00
302.023999,5720.69,524.00
302.124744,5720.69,544.00
302.225466,5720.69,502.00
302.326235,5720.69,502.00
302.426797,5720.69,522.00
302.527323,5720.69,502.00
302.627998,5720.69,522.00
302.728736,5720.69,524.00
302.829317,5720.69,504.00
302.930406,5720.69,498.00
303.031414,5720.69,538.00
303.132330,5720.69,538.00
303.233194,5720.69,538.00
303.333998,5720.69,518.00
303.434654,5720.69,520.00
303.535304,5720.69,518.00
303.635938,5720.69,518.00
303.736517,5720.69,518.00
303.837082,5720.69,518.00
303.937710,5720.69,500.00
304.038332,5720.69,500.00
304.138923,5720.69,540.00
304.239697,5720.69,520.00
304.340184,5720.69,520.00
304.440620,5720.69,520.00
304.541071,5720.69,520.00
304.641596,5720.69,500.00
304.742020,5720.69,500.00
304.842529,5720.69,498.00
304.943089,5720.69,530.00
305.043648,5720.69,538.00
305.144220,5720.69,538.00
305.244738,5720.69,532.00
305.345218,5720.69,532.00
305.445770,5720.69,520.00
305.546269,5720.69,520.00
305.646831,5720.69,498.00
305.747409,5720.69,518.00
305.847927,5720.69,518.00
305.948393,5720.69,518.00
306.048950,5720.69,500.00
306.149477,5720.69,520.00
306.249956,5720.69,540.00
306.350390,5720.69,500.00
306.450923,5720.69,500.00
306.551401,5720.69,500.00
306.651853,5720.69,500.00
306.752424,5720.69,542.00
306.852915,5720.69,524.00
306.953515,5720.69,524.00
307.053991,5720.69,524.00
307.154519,5720.69,524.00
307.254993,5720.69,544.00
307.355564,5720.69,522.00
307.456045,5720.69,522.00
307.556541,5720.69,522.00
307.656953,5720.69,526.00
307.757405,5720.69,506.00
307.857910,5720.69,520.00
307.958333,5720.69,540.00
308.058760,5720.69,540.00
308.159227,5720.69,540.00
308.259861,5720.69,540.00
308.360527,5720.69,540.00
308.461085,5720.69,500.00
308.561746,5720.69,540.00
308.662358,5720.69,500.00
308.762945,5720.69,520.00
308.863521,5720.69,540.00
308.964131,5720.69,700.00
309.064675,5720.69,700.00
309.165122,5720.69,612.00
309.265988,5720.69,714.00
309.366459,5720.69,680.00
309.466950,5720.69,680.00
309.567396,5720.69,710.00
309.667840,5720.69,612.00
309.768490,5720.69,686.00
309.868898,5720.69,700.00
309.969512,5720.69,702.00
310.070006,5720.69,702.00
310.170527,5720.69,712.00
310.270977,5720.69,684.00
310.371498,5720.69,708.00
310.471928,5720.69,678.00
310.572610,5720.69,714.00
310.673155,5720.69,706.00
310.773756,5720.69,702.00
310.874513,5720.69,686.00
310.974955,5720.69,702.00
311.075670,5720.69,700.00
311.176334,5720.69,706.00
311.277002,5720.69,704.00
311.377485,5720.69,500.00
311.478045,5720.69,500.00
311.578547,5720.69,520.00
311.678996,5720.69,500.00
311.779512,5720.69,520.00
311.879943,5720.69,500.00
311.980424,5720.69,502.00
312.080855,5720.69,524.00
312.181285,5720.69,526.00
312.281745,5720.69,524.00
312.382183,5720.69,524.00
312.482717,5720.69,502.00
312.583194,5720.69,502.00
312.683676,5720.69,524.00
312.784306,5720.69,526.00
312.885053,5720.69,526.00
312.985521,5720.69,542.00
313.085974,5720.69,542.00
313.186487,5720.69,542.00
313.286920,5720.69,502.00
313.387388,5720.69,542.00
313.487797,5720.69,542.00
313.588404,5720.69,502.00
313.688834,5720.69,542.00
313.789316,5720.69,542.00
313.889852,5720.69,542.00
313.990356,5720.69,542.00
314.090787,5720.69,644.00
314.191467,5720.69,664.00
314.292135,5720.69,662.00
314.392666,5720.69,664.00
314.493104,5720.69,624.00
314.593596,5720.69,670.00
314.694050,5720.69,664.00
314.794616,5720.69,660.00
314.895083,5720.69,660.00
314.995724,5720.69,662.00
315.096298,5720.69,662.00
315.196720,5720.69,660.00
315.297390,5720.69,660.00
315.397978,5720.69,662.00
315.498702,5720.69,660.00
315.599212,5720.69,682.00
315.699638,5720.69,656.00
315.800281,5720.69,678.00
315.900696,5720.69,676.00
316.001098,5720.69,620.00
316.101876,5720.69,518.00
316.202333,5720.69,518.00
316.302788,5720.69,518.00
316.403327,5720.69,518.00
316.503801,5720.69,518.00
316.604394,5720.69,498.00
316.705117,5720.69,518.00
316.805596,5720.69,518.00
316.906039,5720.69,518.00
317.006519,5720.69,518.00
317.107051,5720.69,518.00
317.207535,5720.69,518.00
317.308057,5720.69,518.00
317.408584,5720.69,498.00
317.509014,5720.69,518.00
317.609461,5720.69,498.00
317.709897,5720.69,518.00
317.810385,5720.69,498.00
317.910856,5720.69,520.00
318.011332,5720.69,500.00
318.111717,5720.69,520.00
318.212101,5720.69,520.00
318.312564,5720.69,520.00
318.413006,5720.69,500.00
318.513475,5720.69,520.00
318.613956,5720.69,520.00
318.714483,5720.69,502.00
318.814927,5720.69,520.00
318.915434,5720.69,518.00
319.015976,5720.69,498.00
319.116566,5720.69,518.00
319.217011,5720.69,520.00
319.317518,5720.69,500.00
319.417962,5720.69,500.00
319.518403,5720.69,500.00
319.618828,5720.69,520.00
319.719357,5720.69,522.00
319.819818,5720.69,502.00
319.920478,5720.69,522.00
320.020935,5720.69,500.00
320.121484,5720.69,500.00
320.222007,5720.69,520.00
320.322468,5720.69,520.00
320.423678,5720.69,522.00
320.524315,5720.69,500.00
320.625742,5720.69,522.00
320.726397,5720.69,522.00
320.827031,5720.69,502.00
320.927551,5720.69,522.00
321.028019,5720.69,522.00
321.128479,5720.69,522.00
321.228967,5720.69,522.00
321.329409,5720.69,522.00
321.430137,5720.69,522.00
321.530622,5720.69,542.00
321.631055,5720.69,522.00
321.731481,5720.69,502.00
321.831904,5720.69,522.00
321.932436,5720.69,518.00
322.032936,5720.69,518.00
322.133551,5720.69,518.00
322.233977,5720.69,518.00
322.334447,5720.69,520.00
322.434865,5720.69,520.00
322.535366,5720.69,520.00
322.636402,5720.69,520.00
322.737267,5720.69,500.00
322.838152,5720.69,518.00
322.938703,5720.69,498.00
323.039354,5720.69,498.00
323.139838,5720.69,518.00
323.240342,5720.69,520.00
323.340767,5720.69,520.00
323.441211,5720.69,520.00
323.541671,5720.69,518.00
323.642135,5720.69,518.00
323.742603,5720.69,518.00
323.843120,5720.69,518.00
323.943581,5720.69,518.00
324.044037,5720.69,518.00
324.144482,5720.69,518.00
324.245084,5720.69,518.00
324.345614,5720.69,518.00
324.446068,5720.69,500.00
324.546521,5720.69,520.00
324.647016,5720.69,540.00
324.747588,5720.69,540.00
324.848031,5720.69,520.00
324.948552,5720.69,540.00
325.049152,5720.69,522.00
325.149712,5720.69,500.00
325.250339,5720.69,542.00
325.350999,5720.69,500.00
325.451667,5720.69,522.00
325.552404,5720.69,524.00
325.653011,5720.69,526.00
325.753631,5720.69,526.00
325.854278,5720.69,526.00
325.955020,5720.69,524.00
326.055609,5720.69,544.00
326.156273,5720.69,544.00
326.256974,5720.69,542.00
326.357619,5720.69,502.00
326.458229,5720.69,502.00
326.558958,5720.69,542.00
326.659552,5720.69,542.00
326.760194,5720.69,502.00
326.860819,5720.69,502.00
326.961486,5720.69,502.00
327.062197,5720.69,522.00
327.162934,5720.69,542.00
327.263890,5720.69,522.00
327.364556,5720.69,634.00
327.465360,5720.69,700.00
327.566449,5720.69,586.00
327.667406,5720.69,706.00
327.768182,5720.69,688.00
327.869144,5720.69,704.00
327.969692,5720.69,684.00
328.070121,5720.69,666.00
328.170749,5720.69,706.00
328.271406,5720.69,706.00
328.371849,5720.69,644.00
328.472279,5720.69,620.00
328.572763,5720.69,702.00
328.673400,5720.69,702.00
328.773905,5720.69,702.00
328.874406,5720.69,664.00
328.974891,5720.69,702.00
329.075657,5720.69,704.00
329.176158,5720.69,704.00
329.276751,5720.69,700.00
329.377313,5720.69,704.00
329.477746,5720.69,708.00
329.578252,5720.69,702.00
329.678741,5720.69,700.00
329.779314,5720.69,698.00
329.879824,5720.69,522.00
329.980393,5720.69,504.00
330.081037,5720.69,522.00
330.181552,5720.69,502.00
330.282016,5720.69,524.00
330.382515,5720.69,524.00
330.483011,5720.69,524.00
330.583580,5720.69,526.00
330.684070,5720.69,528.00
330.784611,5720.69,506.00
330.885104,5720.69,508.00
330.985600,5720.69,528.00
331.086074,5720.69,508.00
331.186573,5720.69,528.00
331.287085,5720.69,508.00
331.387534,5720.69,544.00
331.488072,5720.69,544.00
331.588721,5720.69,544.00
331.689327,5720.69,504.00
331.789972,5720.69,504.00
331.890505,5720.69,544.00
331.991088,5720.69,544.00
332.091599,5720.69,524.00
332.192173,5720.69,558.00
332.292852,5720.69,556.00
332.393666,5720.69,504.00
332.494393,5720.69,670.00
332.595001,5720.69,654.00
332.695748,5720.69,652.00
332.796487,5720.69,672.00
332.897314,5720.69,670.00
332.997885,5720.69,668.00
333.098617,5720.69,630.00
333.199236,5720.69,668.00
333.299917,5720.69,668.00
333.400451,5720.69,668.00
333.501036,5720.69,650.00
333.601502,5720.69,632.00
333.702022,5720.69,668.00
333.802648,5720.69,668.00
333.903118,5720.69,650.00
334.003593,5720.69,668.00
334.104099,5720.69,612.00
334.204645,5720.69,668.00
334.305274,5720.69,668.00
334.405744,5720.69,670.00
334.506270,5720.69,532.00
334.606693,5720.69,512.00
334.707122,5720.69,532.00
334.807588,5720.69,512.00
334.908150,5720.69,532.00
335.008638,5720.69,492.00
335.109217,5720.69,532.00
335.209691,5720.69,512.00
335.310335,5720.69,512.00
335.411154,5720.69,512.00
335.511624,5720.69,532.00
335.612108,5720.69,532.00
335.712626,5720.69,512.00
335.813142,5720.69,512.00
335.913725,5720.69,532.00
336.014189,5720.69,514.00
336.114642,5720.69,534.00
336.215088,5720.69,494.00
336.315560,5720.69,534.00
336.416089,5720.69,534.00
336.516603,5720.69,534.00
336.617025,5720.69,534.00
336.717449,5720.69,514.00
336.818030,5720.69,514.00
336.918685,5720.69,492.00
337.019219,5720.69,534.00
337.119744,5720.69,532.00
337.220189,5720.69,514.00
337.320801,5720.69,534.00
337.421247,5720.69,534.00
337.521826,5720.69,534.00
337.622451,5720.69,514.00
337.723021,5720.69,514.00
337.823725,5720.69,534.00
337.924414,5720.69,534.00
338.025095,5720.69,536.00
338.125738,5720.69,496.00
338.226328,5720.69,496.00
338.327010,5720.69,536.00
338.427950,5720.69,496.00
338.528809,5720.69,514.00
338.629393,5720.69,496.00
338.730098,5720.69,494.00
338.831070,5720.69,518.00
338.931954,5720.69,516.00
339.033120,5720.69,516.00
339.133991,5720.69,498.00
339.234628,5720.69,518.00
339.335222,5720.69,536.00
339.435842,5720.69,536.00
339.536627,5720.69,536.00
339.637432,5720.69,514.00
339.738151,5720.69,516.00
339.838719,5720.69,496.00
339.939321,5720.69,536.00
340.040040,5720.69,538.00
340.140568,5720.69,498.00
340.241392,5720.69,492.00
340.342364,5720.69,512.00
340.442951,5720.69,494.00
340.543651,5720.69,494.00
340.644210,5720.69,534.00
340.744964,5720.69,494.00
340.845592,5720.69,494.00
340.946278,5720.69,534.00
341.046942,5720.69,494.00
341.147847,5720.69,534.00
341.248449,5720.69,492.00
341.349114,5720.69,492.00
341.449833,5720.69,514.00
341.550800,5720.69,514.00
341.651545,5720.69,494.00
341.752103,5720.69,494.00
341.852666,5720.69,494.00
341.953101,5720.69,514.00
342.053639,5720.69,532.00
342.154320,5720.69,492.00
342.254818,5720.69,492.00
342.355462,5720.69,512.00
342.455957,5720.69,532.00
342.556726,5720.69,534.00
342.657325,5720.69,512.00
342.758198,5720.69,532.00
342.859074,5720.69,532.00
342.959933,5720.69,494.00
343.060915,5720.69,534.00
343.161639,5720.69,534.00
343.262569,5720.69,534.00
343.363449,5720.69,514.00
343.464599,5720.69,534.00
343.565030,5720.69,536.00
343.665525,5720.69,514.00
343.766089,5720.69,518.00
343.866541,5720.69,498.00
343.967104,5720.69,518.00
344.067677,5720.69,518.00
344.168478,5720.69,534.00
344.269149,5720.69,514.00
344.369833,5720.69,514.00
344.470512,5720.69,534.00
344.570999,5720.69,534.00
344.671936,5720.69,542.00
344.772612,5720.69,542.00
344.873103,5720.69,542.00
344.973557,5720.69,542.00
345.074019,5720.69,544.00
345.174619,5720.69,544.00
345.275101,5720.69,544.00
345.375703,5720.69,544.00
345.476491,5720.69,544.00
345.577201,5720.69,544.00
345.677980,5720.69,504.00
345.778926,5720.69,632.00
345.879441,5720.69,706.00
345.979894,5720.69,610.00
346.080423,5720.69,706.00
346.180867,5720.69,662.00
346.281558,5720.69,700.00
346.382134,5720.69,706.00
346.482992,5720.69,706.00
346.583697,5720.69,704.00
346.684320,5720.69,728.00
346.784898,5720.69,702.00
346.885326,5720.69,706.00
346.985882,5720.69,640.00
347.086479,5720.69,704.00
347.187048,5720.69,702.00
347.287577,5720.69,668.00
347.388153,5720.69,704.00
347.488641,5720.69,592.00
347.589118,5720.69,704.00
347.689778,5720.69,712.00
347.790218,5720.69,712.00
347.890831,5720.69,712.00
347.991480,5720.69,708.00
348.091988,5720.69,688.00
348.192446,5720.69,524.00
348.292892,5720.69,522.00
348.393727,5720.69,522.00
348.494176,5720.69,524.00
348.594738,5720.69,502.00
348.695176,5720.69,504.00
348.795830,5720.69,526.00
348.896289,5720.69,526.00
348.996814,5720.69,506.00
349.097413,5720.69,526.00
349.197892,5720.69,506.00
349.298373,5720.69,526.00
349.398843,5720.69,506.00
349.499510,5720.69,528.00
349.600117,5720.69,528.00
349.700590,5720.69,544.00
349.801147,5720.69,524.00
349.901684,5720.69,544.00
350.002219,5720.69,544.00
350.102929,5720.69,524.00
350.203485,5720.69,560.00
350.304110,5720.69,546.00
350.404615,5720.69,546.00
350.505154,5720.69,546.00
350.605946,5720.69,524.00
350.706575,5720.69,544.00
350.807066,5720.69,650.00
350.907813,5720.69,654.00
351.008723,5720.69,652.00
351.109292,5720.69,654.00
351.209847,5720.69,652.00
351.310434,5720.69,654.00
351.411276,5720.69,654.00
351.511950,5720.69,656.00
351.612481,5720.69,672.00
351.713273,5720.69,636.00
351.813798,5720.69,672.00
351.914221,5720.69,674.00
352.014874,5720.69,674.00
352.115313,5720.69,676.00
352.215755,5720.69,616.00
352.316199,5720.69,710.00
352.416660,5720.69,656.00
352.517281,5720.69,670.00
352.617878,5720.69,670.00
352.718324,5720.69,518.00
352.818898,5720.69,518.00
352.919377,5720.69,498.00
353.019853,5720.69,498.00
353.120311,5720.69,518.00
353.220875,5720.69,518.00
353.321472,5720.69,518.00
353.421895,5720.69,518.00
353.522311,5720.69,498.00
353.622737,5720.69,518.00
353.723153,5720.69,520.00
353.823567,5720.69,520.00
353.924043,5720.69,498.00
354.024457,5720.69,500.00
354.124896,5720.69,520.00
354.225461,5720.69,500.00
354.325940,5720.69,500.00
354.426409,5720.69,502.00
354.526953,5720.69,522.00
354.627466,5720.69,522.00
354.727928,5720.69,522.00
354.828397,5720.69,500.00
354.928885,5720.69,498.00
355.029494,5720.69,498.00
355.129944,5720.69,500.00
355.230543,5720.69,520.00
355.331036,5720.69,520.00
355.431548,5720.69,520.00
355.532197,5720.69,500.00
355.632747,5720.69,520.00
355.733365,5720.69,522.00
355.833802,5720.69,522.00
355.934430,5720.69,522.00
356.034970,5720.69,502.00
356.135484,5720.69,524.00
356.236073,5720.69,522.00
356.336565,5720.69,500.00
356.437003,5720.69,520.00
356.538031,5720.69,502.00
356.638895,5720.69,522.00
356.739575,5720.69,524.00
356.840187,5720.69,524.00
356.940753,5720.69,524.00
357.041449,5720.69,502.00
357.141967,5720.69,542.00
357.242499,5720.69,524.00
357.342972,5720.69,524.00
357.443418,5720.69,504.00
357.543900,5720.69,524.00
357.644413,5720.69,504.00
357.744966,5720.69,524.00
357.845414,5720.69,524.00
357.945852,5720.69,520.00
358.046518,5720.69,520.00
358.147011,5720.69,520.00
358.247674,5720.69,520.00
358.348151,5720.69,522.00
358.448660,5720.69,522.00
358.549102,5720.69,522.00
358.649685,5720.69,522.00
358.750444,5720.69,498.00
358.850981,5720.69,520.00
358.951476,5720.69,520.00
359.051935,5720.69,520.00
359.152596,5720.69,522.00
359.253231,5720.69,522.00
359.353822,5720.69,522.00
359.454391,5720.69,518.00
359.555018,5720.69,518.00
359.655494,5720.69,498.00
359.755983,5720.69,518.00
359.856481,5720.69,518.00
359.956999,5720.69,518.00
360.057564,5720.69,518.00
360.158066,5720.69,518.00
360.258706,5720.69,518.00
360.359607,5720.69,500.00
360.460032,5720.69,540.00
360.560472,5720.69,542.00
360.660886,5720.69,542.00
360.761399,5720.69,542.00
360.861864,5720.69,542.00
360.962363,5720.69,542.00
361.062804,5720.69,542.00
361.163427,5720.69,542.00
361.264017,5720.69,498.00
361.364459,5720.69,540.00
361.465360,5720.69,500.00
361.566040,5720.69,500.00
361.666578,5720.69,542.00
361.767042,5720.69,540.00
361.867673,5720.69,500.00
361.968209,5720.69,540.00
362.068845,5720.69,542.00
362.169340,5720.69,542.00
362.269861,5720.69,540.00
362.370421,5720.69,542.00
362.470881,5720.69,502.00
362.571382,5720.69,502.00
362.671919,5720.69,542.00
362.772585,5720.69,558.00
362.873268,5720.69,560.00
362.973879,5720.69,502.00
363.074399,5720.69,502.00
363.174905,5720.69,560.00
363.275499,5720.69,700.00
363.375992,5720.69,702.00
363.476419,5720.69,698.00
363.577059,5720.69,696.00
363.677749,5720.69,586.00
363.778721,5720.69,662.00
363.879381,5720.69,706.00
363.979962,5720.69,706.00
364.080513,5720.69,700.00
364.180970,5720.69,684.00
364.281501,5720.69,704.00
364.382004,5720.69,704.00
364.482466,5720.69,612.00
364.583041,5720.69,612.00
364.683726,5720.69,716.00
364.784476,5720.69,714.00
364.885109,5720.69,714.00
364.985711,5720.69,716.00
365.086310,5720.69,664.00
365.187007,5720.69,712.00
365.287561,5720.69,714.00
365.387987,5720.69,714.00
365.488510,5720.69,714.00
365.589112,5732.24,522.00
365.689555,5732.24,504.00
365.790030,5732.24,504.00
365.890861,5732.24,504.00
365.991308,5732.24,524.00
366.091910,5732.24,504.00
366.192337,5732.24,524.00
366.292793,5732.24,504.00
366.393231,5732.24,528.00
366.493761,5732.24,528.00
366.594278,5732.24,528.00
366.694802,5732.24,528.00
366.795237,5732.24,544.00
366.895813,5732.24,524.00
366.996262,5732.24,524.00
367.096695,5732.24,524.00
367.197177,5732.24,544.00
367.297619,5732.24,544.00
367.398228,5732.24,544.00
367.498971,5732.24,544.00
367.599416,5732.24,544.00
367.699904,5732.24,504.00
367.800488,5732.24,526.00
367.900947,5732.24,526.00
368.001380,5732.24,526.00
368.101931,5732.24,546.00
368.202476,5732.24,600.00
368.303192,5732.24,658.00
368.403673,5732.24,658.00
368.504248,5732.24,658.00
368.604919,5732.24,672.00
368.705375,5732.24,670.00
368.806271,5732.24,670.00
368.907277,5732.24,670.00
369.008173,5732.24,614.00
369.109003,5732.24,672.00
369.209668,5732.24,672.00
369.310516,5732.24,670.00
369.411426,5732.24,680.00
369.511951,5732.24,678.00
369.612698,5732.24,620.00
369.713334,5732.24,680.00
369.813756,5732.24,620.00
369.914292,5732.24,678.00
370.015094,5732.24,682.00
370.115680,5732.24,518.00
370.216131,5732.24,518.00
370.316749,5732.24,518.00
370.417365,5732.24,518.00
370.518019,5732.24,518.00
370.618682,5732.24,498.00
370.719066,5732.24,518.00
370.819539,5732.24,518.00
370.920004,5732.24,518.00
371.020497,5732.24,498.00
371.121018,5732.24,518.00
371.221535,5732.24,520.00
371.322260,5732.24,520.00
371.422700,5732.24,520.00
371.523169,5732.24,520.00
371.623674,5732.24,520.00
371.724105,5732.24,522.00
371.824631,5732.24,500.00
371.925165,5732.24,520.00
372.025616,5732.24,522.00
372.126081,5732.24,502.00
372.226651,5732.24,522.00
372.327122,5732.24,500.00
372.427579,5732.24,520.00
372.528122,5732.24,520.00
372.628583,5732.24,520.00
372.729037,5732.24,520.00
372.829656,5732.24,500.00
372.930137,5732.24,500.00
373.030722,5732.24,522.00
373.131314,5732.24,522.00
373.231875,5732.24,524.00
373.332431,5732.24,502.00
373.432870,5732.24,502.00
373.533430,5732.24,524.00
373.633903,5732.24,524.00
373.734413,5732.24,522.00
373.835174,5732.24,524.00
373.936072,5732.24,522.00
374.036899,5732.24,526.00
374.137764,5732.24,524.00
374.238854,5732.24,524.00
374.339508,5732.24,526.00
374.440099,5732.24,522.00
374.540803,5732.24,522.00
374.641766,5732.24,522.00
374.742730,5732.24,526.00
374.843590,5732.24,546.00
374.944374,5732.24,526.00
375.045129,5732.24,526.00
375.145965,5732.24,526.00
375.246717,5732.24,506.00
375.347438,5732.24,520.00
375.448042,5732.24,520.00
375.548663,5732.24,500.00
375.649548,5732.24,522.00
375.750360,5732.24,522.00
375.851295,5732.24,522.00
375.952219,5732.24,522.00
376.053029,5732.24,522.00
376.153952,5732.24,500.00
376.254940,5732.24,500.00
376.355723,5732.24,524.00
376.456644,5732.24,502.00
376.557499,5732.24,502.00
376.658133,5732.24,504.00
376.758810,5732.24,524.00
376.859723,5732.24,498.00
376.960553,5732.24,518.00
377.061295,5732.24,518.00
377.162256,5732.24,498.00
377.263081,5732.24,518.00
377.363525,5732.24,518.00
377.464121,5732.24,520.00
377.565347,5732.24,498.00
377.666226,5732.24,540.00
377.767030,5732.24,542.00
377.867533,5732.24,502.00
377.967939,5732.24,500.00
378.068351,5732.24,522.00
378.168774,5732.24,542.00
378.269236,5732.24,542.00
378.369836,5732.24,542.00
378.471932,5732.24,522.00
378.572647,5732.24,502.00
378.676554,5732.24,540.00
378.777183,5732.24,500.00
378.877809,5732.24,498.00
378.978496,5732.24,500.00
379.079318,5732.24,520.00
379.180003,5732.24,540.00
379.280881,5732.24,540.00
379.381811,5732.24,520.00
379.482499,5732.24,500.00
379.583370,5732.24,504.00
379.684398,5732.24,504.00
379.785202,5732.24,544.00
379.886072,5732.24,524.00
379.987040,5732.24,504.00
380.088089,5732.24,562.00
380.188989,5732.24,544.00
380.289620,5732.24,524.00
380.390195,5732.24,544.00
380.491057,5732.24,546.00
380.591900,5732.24,546.00
380.692641,5732.24,702.00
380.793425,5732.24,686.00
380.893919,5732.24,702.00
380.994404,5732.24,702.00
381.095021,5732.24,640.00
381.195490,5732.24,704.00
381.295916,5732.24,710.00
381.396499,5732.24,664.00
381.497037,5732.24,702.00
381.597610,5732.24,700.00
381.698082,5732.24,708.00
381.798616,5732.24,690.00
381.899104,5732.24,686.00
381.999589,5732.24,700.00
382.100073,5732.24,640.00
382.200604,5732.24,644.00
382.301237,5732.24,694.00
382.401764,5732.24,670.00
382.502517,5732.24,714.00
382.603138,5732.24,716.00
382.703639,5732.24,720.00
382.804076,5732.24,714.00
382.904488,5732.24,504.00
383.005256,5732.24,524.00
383.105896,5732.24,502.00
383.206363,5732.24,524.00
383.306762,5732.24,524.00
383.407178,5732.24,524.00
383.507820,5732.24,526.00
383.608279,5732.24,542.00
383.708716,5732.24,522.00
383.809278,5732.24,522.00
383.909876,5732.24,542.00
384.010295,5732.24,522.00
384.110762,5732.24,542.00
384.211252,5732.24,542.00
384.311954,5732.24,542.00
384.412566,5732.24,524.00
384.513257,5732.24,504.00
384.613841,5732.24,506.00
384.714429,5732.24,544.00
384.815037,5732.24,526.00
384.915717,5732.24,546.00
385.016342,5732.24,546.00
385.116943,5732.24,546.00
385.217748,5732.24,546.00
385.318573,5732.24,506.00
385.419189,5732.24,506.00
385.519913,5732.24,662.00
385.620609,5732.24,656.00
385.721371,5732.24,658.00
385.822044,5732.24,658.00
385.922847,5732.24,650.00
386.023540,5732.24,676.00
386.124384,5732.24,640.00
386.225215,5732.24,604.00
386.326045,5732.24,682.00
386.427302,5732.24,624.00
386.528003,5732.24,584.00
386.628521,5732.24,684.00
386.728967,5732.24,668.00
386.829558,5732.24,586.00
386.930157,5732.24,606.00
387.031009,5732.24,666.00
387.131655,5732.24,668.00
387.232337,5732.24,666.00
387.332944,5732.24,664.00
387.433463,5732.24,498.00
387.534007,5732.24,518.00
387.634708,5732.24,518.00
387.735280,5732.24,518.00
387.835864,5732.24,498.00
387.936535,5732.24,518.00
388.037160,5732.24,498.00
388.137682,5732.24,518.00
388.238104,5732.24,498.00
388.338724,5732.24,520.00
388.439216,5732.24,520.00
388.539920,5732.24,520.00
388.640354,5732.24,520.00
388.740937,5732.24,500.00
388.841482,5732.24,520.00
388.942019,5732.24,522.00
389.042665,5732.24,520.00
389.143107,5732.24,522.00
389.243694,5732.24,522.00
389.344417,5732.24,502.00
389.444951,5732.24,522.00
389.545432,5732.24,502.00
389.645914,5732.24,500.00
389.746556,5732.24,500.00
389.847481,5732.24,520.00
389.948451,5732.24,520.00
390.049474,5732.24,520.00
390.150494,5732.24,520.00
390.251379,5732.24,500.00
390.351966,5732.24,524.00
390.452740,5732.24,504.00
390.553552,5732.24,524.00
390.654380,5732.24,524.00
390.755193,5732.24,504.00
390.856021,5732.24,524.00
390.956920,5732.24,522.00
391.057976,5732.24,522.00
391.158578,5732.24,524.00
391.259159,5732.24,524.00
391.359920,5732.24,504.00
391.460629,5732.24,526.00
391.561138,5732.24,506.00
391.661662,5732.24,526.00
391.762137,5732.24,542.00
391.862630,5732.24,524.00
391.963153,5732.24,504.00
392.063634,5732.24,502.00
392.164112,5732.24,524.00
392.264613,5732.24,506.00
392.365088,5732.24,506.00
392.465520,5732.24,526.00
392.566111,5732.24,500.00
392.666734,5732.24,520.00
392.767293,5732.24,522.00
392.867846,5732.24,502.00
392.968281,5732.24,502.00
393.069217,5732.24,522.00
393.169902,5732.24,502.00
393.270514,5732.24,502.00
393.371098,5732.24,520.00
393.471820,5732.24,522.00
393.572472,5732.24,522.00
393.673067,5732.24,522.00
393.773922,5732.24,502.00
393.874512,5732.24,524.00
393.975061,5732.24,524.00
394.075737,5732.24,524.00
394.176312,5732.24,518.00
394.276991,5732.24,498.00
394.377612,5732.24,518.00
394.478397,5732.24,518.00
394.579017,5732.24,520.00
394.679647,5732.24,520.00
394.780261,5732.24,520.00
394.880859,5732.24,520.00
394.981489,5732.24,520.00
395.082148,5732.24,542.00
395.182726,5732.24,542.00
395.283330,5732.24,522.00
395.383973,5732.24,542.00
395.484568,5732.24,542.00
395.585164,5732.24,544.00
395.685797,5732.24,544.00
395.786386,5732.24,544.00
395.887092,5732.24,540.00
395.987706,5732.24,498.00
396.088324,5732.24,540.00
396.189058,5732.24,522.00
396.289901,5732.24,540.00
396.390427,5732.24,542.00
396.491302,5732.24,540.00
396.592182,5732.24,500.00
396.692615,5732.24,540.00
396.793036,5732.24,522.00
396.893515,5732.24,556.00
396.993942,5732.24,540.00
397.094432,5732.24,560.00
397.195007,5732.24,540.00
397.295588,5732.24,540.00
397.396299,5732.24,560.00
397.496746,5732.24,560.00
397.597216,5732.24,560.00
397.697650,5732.24,540.00
397.798096,5732.24,558.00
397.898685,5732.24,704.00
397.999135,5732.24,704.00
398.099724,5732.24,592.00
398.200278,5732.24,648.00
398.300729,5732.24,702.00
398.401413,5732.24,688.00
398.501868,5732.24,640.00
398.602314,5732.24,650.00
398.702753,5732.24,692.00
398.803405,5732.24,620.00
398.903996,5732.24,646.00
399.004579,5732.24,640.00
399.105285,5732.24,694.00
399.205883,5732.24,710.00
399.306895,5732.24,716.00
399.407498,5732.24,710.00
399.508084,5732.24,712.00
399.608932,5732.24,716.00
399.709705,5732.24,714.00
399.810574,5732.24,710.00
399.911363,5732.24,714.00
400.012124,5732.24,522.00
400.112999,5732.24,522.00
400.213614,5732.24,522.00
400.314235,5732.24,522.00
400.414779,5732.24,504.00
400.515331,5732.24,504.00
400.616131,5732.24,502.00
400.716929,5732.24,540.00
400.817482,5732.24,498.00
400.918203,5732.24,540.00
401.019016,5732.24,500.00
401.120131,5732.24,500.00
401.221044,5732.24,542.00
401.321827,5732.24,500.00
401.422259,5732.24,540.00
401.522924,5732.24,500.00
401.623503,5732.24,556.00
401.724084,5732.24,558.00
401.824644,5732.24,524.00
401.925056,5732.24,544.00
402.025820,5732.24,556.00
402.126180,5732.24,560.00
402.226569,5732.24,524.00
402.327156,5732.24,524.00
402.427577,5732.24,556.00
402.528056,5732.24,558.00
402.628674,5732.24,544.00
402.729466,5732.24,596.00
402.830238,5732.24,618.00
402.931099,5732.24,656.00
403.031788,5732.24,656.00
403.132327,5732.24,680.00
403.233070,5732.24,678.00
403.333670,5732.24,678.00
403.434271,5732.24,642.00
403.534850,5732.24,622.00
403.635372,5732.24,676.00
403.735835,5732.24,640.00
403.836446,5732.24,680.00
403.936911,5732.24,684.00
404.037438,5732.24,658.00
404.137953,5732.24,662.00
404.238517,5732.24,682.00
404.338959,5732.24,684.00
404.439737,5732.24,686.00
404.540382,5732.24,686.00
404.640909,5732.24,498.00
404.741381,5732.24,498.00
404.841876,5732.24,518.00
404.942410,5732.24,520.00
405.043061,5732.24,518.00
405.143643,5732.24,520.00
405.244075,5732.24,498.00
405.344516,5732.24,520.00
405.445005,5732.24,500.00
405.545657,5732.24,500.00
405.646299,5732.24,520.00
405.747129,5732.24,500.00
405.847809,5732.24,520.00
405.948436,5732.24,520.00
406.049092,5732.24,522.00
406.149676,5732.24,522.00
406.250342,5732.24,522.00
406.350877,5732.24,522.00
406.451333,5732.24,502.00
406.551807,5732.24,502.00
406.652345,5732.24,522.00
406.752810,5732.24,522.00
406.853304,5732.24,520.00
406.953807,5732.24,520.00
407.054662,5732.24,500.00
407.155191,5732.24,502.00
407.255699,5732.24,520.00
407.356375,5732.24,522.00
407.456940,5732.24,522.00
407.557410,5732.24,502.00
407.658042,5732.24,502.00
407.758779,5732.24,504.00
407.859378,5732.24,504.00
407.960060,5732.24,526.00
408.060657,5732.24,506.00
408.161281,5732.24,526.00
408.261760,5732.24,526.00
408.362513,5732.24,524.00
408.463378,5732.24,504.00
408.564112,5732.24,526.00
408.664640,5732.24,526.00
408.765118,5732.24,506.00
408.865603,5732.24,524.00
408.966105,5732.24,524.00
409.066625,5732.24,502.00
409.167173,5732.24,502.00
409.267560,5732.24,544.00
409.367977,5732.24,526.00
409.468445,5732.24,506.00
409.569172,5732.24,526.00
409.669707,5732.24,506.00
409.770492,5732.24,546.00
409.871017,5732.24,522.00
409.971738,5732.24,502.00
410.072405,5732.24,502.00
410.173110,5732.24,522.00
410.273639,5732.24,522.00
410.374097,5732.24,502.00
410.474620,5732.24,504.00
410.575292,5732.24,504.00
410.675744,5732.24,524.00
410.776511,5732.24,504.00
410.877022,5732.24,524.00
410.977516,5732.24,504.00
411.077953,5732.24,504.00
411.178567,5732.24,524.00
411.279140,5732.24,526.00
411.379670,5732.24,526.00
411.480106,5732.24,518.00
411.580600,5732.24,518.00
411.681299,5732.24,518.00
411.781838,5732.24,500.00
411.882265,5732.24,520.00
411.982771,5732.24,520.00
412.083269,5732.24,520.00
412.183757,5732.24,520.00
412.284229,5732.24,522.00
412.384664,5732.24,542.00
412.485279,5732.24,522.00
412.586118,5732.24,558.00
412.686644,5732.24,522.00
412.787073,5732.24,522.00
412.887636,5732.24,542.00
412.988224,5732.24,544.00
413.088641,5732.24,544.00
413.189199,5732.24,540.00
413.289724,5732.24,540.00
413.390307,5732.24,540.00
413.490732,5732.24,520.00
413.591154,5732.24,540.00
413.691659,5732.24,500.00
413.792176,5732.24,500.00
413.892709,5732.24,542.00
413.993503,5732.24,542.00
414.094158,5732.24,504.00
414.194699,5732.24,560.00
414.295460,5732.24,544.00
414.395909,5732.24,556.00
414.496410,5732.24,544.00
414.597064,5732.24,544.00
414.697624,5732.24,544.00
414.798047,5732.24,522.00
414.898598,5732.24,564.00
414.999133,5732.24,504.00
415.099672,5732.24,544.00
415.200203,5732.24,702.00
415.300771,5732.24,702.00
415.401212,5732.24,702.00
415.501777,5732.24,650.00
415.602259,5732.24,658.00
415.702914,5732.24,628.00
415.803567,5732.24,690.00
415.903987,5732.24,700.00
416.004703,5732.24,706.00
416.105406,5732.24,700.00
416.205866,5732.24,706.00
416.306342,5732.24,702.00
416.406914,5732.24,662.00
416.507518,5732.24,698.00
416.608042,5732.24,696.00
416.708506,5732.24,654.00
416.808944,5732.24,696.00
416.909551,5732.24,766.00
417.010016,5732.24,704.00
417.110539,5732.24,702.00
417.211104,5732.24,612.00
417.311757,5732.24,706.00
417.412222,5732.24,522.00
417.512660,5732.24,522.00
417.613122,5732.24,522.00
417.713717,5732.24,504.00
417.814224,5732.24,506.00
417.914657,5732.24,526.00
418.015165,5732.24,506.00
418.115658,5732.24,500.00
418.216231,5732.24,540.00
418.317044,5732.24,540.00
418.417487,5732.24,540.00
418.517975,5732.24,540.00
418.618447,5732.24,540.00
418.718894,5732.24,540.00
418.819368,5732.24,540.00
418.919866,5732.24,540.00
419.020295,5732.24,544.00
419.120753,5732.24,504.00
419.221274,5732.24,542.00
419.321754,5732.24,544.00
419.422173,5732.24,544.00
419.522716,5732.24,544.00
419.623166,5732.24,524.00
419.723746,5732.24,524.00
419.824668,5732.24,544.00
419.925547,5732.24,546.00
420.026664,5732.24,562.00
420.127613,5732.24,674.00
420.228304,5732.24,638.00
420.329146,5732.24,676.00
420.429742,5732.24,674.00
420.530347,5732.24,618.00
420.630963,5732.24,660.00
420.731815,5732.24,618.00
420.832562,5732.24,692.00
420.933400,5732.24,642.00
421.034340,5732.24,682.00
421.135255,5732.24,680.00
421.236291,5732.24,638.00
421.337095,5732.24,680.00
421.438174,5732.24,680.00
421.539125,5732.24,682.00
421.640022,5732.24,604.00
421.740937,5732.24,668.00
421.841481,5732.24,626.00
421.942101,5732.24,624.00
422.042819,5732.24,518.00
422.143664,5732.24,518.00
422.244119,5732.24,520.00
422.344644,5732.24,498.00
422.445187,5732.24,500.00
422.545718,5732.24,520.00
422.646180,5732.24,520.00
422.746822,5732.24,500.00
422.847572,5732.24,518.00
422.948255,5732.24,520.00
423.049134,5732.24,520.00
423.149783,5732.24,520.00
423.250766,5732.24,500.00
423.351337,5732.24,520.00
423.451828,5732.24,522.00
423.552537,5732.24,522.00
423.653150,5732.24,522.00
423.753666,5732.24,524.00
423.854217,5732.24,524.00
423.954759,5732.24,524.00
424.055206,5732.24,526.00
424.155650,5732.24,504.00
424.256137,5732.24,520.00
424.356847,5732.24,500.00
424.457477,5732.24,500.00
424.558004,5732.24,520.00
424.658522,5732.24,522.00
424.759102,5732.24,502.00
424.859532,5732.24,504.00
424.959963,5732.24,502.00
425.060433,5732.24,524.00
425.160846,5732.24,524.00
425.261271,5732.24,528.00
425.361711,5732.24,528.00
425.462215,5732.24,508.00
425.562884,5732.24,502.00
425.663327,5732.24,524.00
425.763799,5732.24,506.00
425.864203,5732.24,526.00
425.964850,5732.24,544.00
426.065800,5732.24,502.00
426.166617,5732.24,542.00
426.267363,5732.24,502.00
426.367980,5732.24,524.00
426.468596,5732.24,526.00
426.569199,5732.24,546.00
426.669913,5732.24,526.00
426.770695,5732.24,546.00
426.871670,5732.24,542.00
426.972229,5732.24,542.00
427.073007,5732.24,542.00
427.173568,5732.24,502.00
427.274183,5732.24,522.00
427.374629,5732.24,524.00
427.475075,5732.24,524.00
427.575556,5732.24,524.00
427.675982,5732.24,526.00
427.776472,5732.24,506.00
427.877058,5732.24,526.00
427.977537,5732.24,524.00
428.078023,5732.24,524.00
428.178539,5732.24,504.00
428.278974,5732.24,504.00
428.379560,5732.24,504.00
428.479977,5732.24,524.00
428.580510,5732.24,504.00
428.680938,5732.24,520.00
428.781431,5732.24,518.00
428.881856,5732.24,520.00
428.982376,5732.24,520.00
429.082880,5732.24,520.00
429.183692,5732.24,520.00
429.284355,5732.24,520.00
429.384871,5732.24,520.00
429.485300,5732.24,520.00
429.585880,5732.24,522.00
429.686492,5732.24,542.00
429.786945,5732.24,544.00
429.887407,5732.24,544.00
429.987864,5732.24,544.00
430.088511,5732.24,544.00
430.189070,5732.24,544.00
430.289585,5732.24,544.00
430.390080,5732.24,544.00
430.490583,5732.24,520.00
430.591078,5732.24,542.00
430.691537,5732.24,542.00
430.792048,5732.24,542.00
430.892481,5732.24,500.00
430.993122,5732.24,542.00
431.093860,5732.24,502.00
431.194345,5732.24,502.00
431.294844,5732.24,544.00
431.395270,5732.24,544.00
431.495864,5732.24,522.00
431.596503,5732.24,544.00
431.697086,5732.24,544.00
431.797610,5732.24,524.00
431.898098,5732.24,568.00
431.998830,5732.24,524.00
432.099322,5732.24,544.00
432.199900,5732.24,564.00
432.300365,5732.24,564.00
432.400806,5732.24,634.00
432.501278,5732.24,698.00
432.601790,5732.24,654.00
432.702361,5732.24,690.00
432.802802,5732.24,698.00
432.903287,5732.24,714.00
433.003743,5732.24,708.00
433.104262,5732.24,592.00
433.204805,5732.24,700.00
433.305264,5732.24,706.00
433.405754,5732.24,704.00
433.506248,5732.24,636.00
433.606686,5732.24,704.00
433.707167,5732.24,696.00
433.807854,5732.24,718.00
433.908416,5732.24,718.00
434.008886,5732.24,716.00
434.109529,5732.24,666.00
434.210077,5732.24,724.00
434.310740,5732.24,714.00
434.411425,5732.24,644.00
434.512000,5732.24,728.00
434.612571,5732.24,524.00
434.713041,5732.24,524.00
434.813482,5732.24,524.00
434.913915,5732.24,524.00
435.014384,5732.24,526.00
435.114804,5732.24,526.00
435.215306,5732.24,526.00
435.315751,5732.24,540.00
435.416216,5732.24,540.00
435.516710,5732.24,540.00
435.617136,5732.24,540.00
435.717582,5732.24,540.00
435.818165,5732.24,520.00
435.918583,5732.24,540.00
436.019121,5732.24,520.00
436.119639,5732.24,540.00
436.220095,5732.24,544.00
436.320684,5732.24,522.00
436.421155,5732.24,562.00
436.521715,5732.24,544.00
436.622323,5732.24,524.00
436.722983,5732.24,544.00
436.823473,5732.24,546.00
436.923968,5732.24,546.00
437.024430,5732.24,546.00
437.124848,5732.24,560.00
437.225403,5732.24,568.00
437.326097,5732.24,660.00
437.426726,5732.24,660.00
437.527435,5732.24,662.00
437.628178,5732.24,642.00
437.728805,5732.24,678.00
437.829500,5732.24,642.00
437.930060,5732.24,620.00
438.030669,5732.24,680.00
438.131227,5732.24,678.00
438.231833,5732.24,680.00
438.332449,5732.24,678.00
438.433739,5732.24,666.00
438.534475,5732.24,668.00
438.635739,5732.24,666.00
438.736387,5732.24,666.00
438.837018,5732.24,632.00
438.937614,5732.24,670.00
439.038438,5732.24,612.00
439.139071,5732.24,518.00
439.239669,5732.24,518.00
439.340293,5732.24,520.00
439.440918,5732.24,520.00
439.541528,5732.24,520.00
439.642228,5732.24,520.00
439.742988,5732.24,500.00
439.843643,5732.24,520.00
439.944214,5732.24,520.00
440.044895,5732.24,520.00
440.145380,5732.24,520.00
440.245818,5732.24,500.00
440.346328,5732.24,520.00
440.446829,5732.24,500.00
440.547302,5732.24,522.00
440.647904,5732.24,522.00
440.748508,5732.24,504.00
440.849229,5732.24,504.00
440.949760,5732.24,524.00
441.050262,5732.24,526.00
441.150716,5732.24,506.00
441.251263,5732.24,506.00
