timestamp_s,ram_mb,vram_mb
0.007137,2010.57,386.00
0.107984,2185.50,472.00
0.208650,2165.42,472.00
0.309057,2165.43,472.00
0.409581,2221.74,472.00
0.510071,2222.38,472.00
0.610729,2222.38,472.00
0.711225,2222.38,472.00
0.811669,2222.38,472.00
0.912152,2222.38,472.00
1.012707,2229.74,2272.00
1.113131,2240.89,2272.00
1.213547,2250.27,2272.00
1.313944,2252.45,2272.00
1.414402,2559.20,2350.00
1.514903,2687.98,2350.00
1.615350,2813.16,2350.00
1.715819,2940.80,2350.00
1.816421,3058.88,2350.00
1.917113,3077.44,2350.00
2.017547,3095.99,2350.00
2.118118,3105.27,2350.00
2.218573,3105.27,2350.00
2.319057,3140.75,2310.00
2.419600,3298.38,2310.00
2.520219,3442.09,2310.00
2.620949,3590.63,2310.00
2.721453,3609.20,1910.00
2.821877,3650.92,1910.00
2.922396,3692.65,1910.00
3.022851,3701.92,1910.00
3.123322,3701.92,1910.00
3.223848,3701.92,1910.00
3.324356,3701.92,1910.00
3.424842,3701.92,1910.00
3.525285,3701.92,1910.00
3.625873,3701.93,1890.00
3.726432,3701.93,1890.00
3.827052,3701.95,1890.00
3.927757,3715.86,1750.00
4.028193,3734.41,1750.00
4.128696,3748.32,1750.00
4.229154,3762.23,1750.00
4.329703,3762.23,1750.00
4.430332,3762.23,1750.00
4.530795,3762.23,1730.00
4.631406,3762.24,1750.00
4.731860,3762.24,1750.00
4.832312,3762.24,1750.00
4.932787,3762.24,1750.00
5.033420,3762.25,1750.00
5.133915,3762.25,1730.00
5.234389,3762.25,1730.00
5.335120,3776.19,1730.00
5.435721,3776.22,2870.00
5.536264,3804.05,3050.00
5.636707,3859.70,3030.00
5.737149,3906.05,3050.00
5.837589,3933.88,3050.00
5.938053,3966.33,3052.00
6.038556,3994.14,3052.00
6.138983,4026.60,3050.00
6.239471,4068.32,3030.00
6.339971,4072.96,3050.00
6.440531,4072.96,3050.00
6.541056,4072.97,3050.00
6.641596,4072.97,3050.00
6.742070,4072.97,3052.00
6.842535,4072.98,3030.00
6.943113,4072.98,3030.00
7.043751,4072.99,3030.00
7.144453,4073.01,3030.00
7.245077,4082.30,3030.00
7.345759,4082.30,3030.00
7.446372,4082.30,3030.00
7.546953,4082.31,3030.00
7.647583,4082.32,3010.00
7.748015,4082.32,3010.00
7.848496,4082.32,3010.00
7.949235,4082.33,3010.00
8.049870,4082.33,3010.00
8.150486,4082.34,2990.00
8.250940,4082.34,3010.00
8.351529,4082.34,3010.00
8.452063,4082.34,3010.00
8.552730,4082.35,3010.00
8.653469,4082.36,3010.00
8.754049,4082.38,3010.00
8.855127,4087.04,3010.00
8.955750,4087.04,3010.00
9.056249,4087.05,2510.00
9.157060,4087.05,2270.00
9.257579,4091.69,2270.00
9.358146,4124.14,2270.00
9.458710,4138.06,2270.00
9.559213,4138.06,2270.00
9.659806,4138.07,2270.00
9.760213,4142.70,2270.00
9.860702,4142.70,2270.00
9.961257,4142.70,2270.00
10.061854,4142.70,2250.00
10.162818,4188.68,2250.00
10.263583,4283.73,2250.00
10.365047,4283.73,2250.00
10.465680,4283.73,2250.00
10.566274,4288.37,2690.00
10.666820,4288.39,3070.00
10.767273,4288.39,3090.00
10.867803,4288.39,3090.00
10.968219,4288.39,3090.00
11.068684,4297.66,3090.00
11.169235,4297.66,3090.00
11.269866,4297.66,3090.00
11.370355,4297.66,3090.00
11.470994,4318.55,3090.00
11.571457,4416.67,3090.00
11.672130,4513.39,3090.00
11.772971,4609.09,3090.00
11.873623,4642.34,3090.00
11.974231,4642.34,3090.00
12.074825,4650.07,3550.00
12.175434,4650.10,4110.00
12.276049,4650.12,4650.00
12.376666,4650.13,5070.00
12.477174,4664.05,5150.00
12.577636,4710.41,5150.00
12.678089,4733.59,5150.00
12.778551,4761.40,5150.00
12.879003,4784.58,5150.00
12.979695,4803.12,5150.00
13.080132,4844.54,5150.00
13.180614,4863.39,5150.00
13.281119,4895.84,5150.00
13.381618,4919.02,5150.00
13.482071,4937.56,5150.00
13.582550,4960.74,5150.00
13.683192,4974.65,5150.00
13.783847,4979.29,5150.00
13.884442,4979.29,5150.00
13.985193,5032.62,5150.00
14.085948,5129.22,5150.00
14.186960,5224.65,5150.00
14.287647,5318.18,5150.00
14.388278,5318.18,5150.00
14.488928,5318.18,5150.00
14.589564,5318.18,5150.00
14.690201,5318.18,2690.00
14.790829,5318.18,2690.00
14.891303,5318.18,2690.00
14.991804,5318.18,2690.00
15.092243,5318.18,2690.00
15.192783,5318.18,2690.00
15.293212,5318.18,2690.00
15.393858,5334.02,2690.00
15.494739,5434.08,2690.00
15.595769,5531.05,2690.00
15.696451,5615.28,2690.00
15.797061,5615.28,2690.00
15.897684,5615.28,2690.00
15.998321,5615.28,2690.00
16.098928,5615.28,2690.00
16.199548,5623.01,3750.00
16.300158,5623.02,4170.00
16.400803,5623.04,4590.00
16.501426,5623.05,4990.00
16.601973,5623.06,5212.00
16.702408,5623.06,5212.00
16.802841,5623.06,5214.00
16.903426,5623.06,5214.00
17.003869,5623.06,5212.00
17.104323,5623.06,5214.00
17.204861,5623.06,5214.00
17.305334,5627.70,5212.00
17.405967,5636.97,5214.00
17.506448,5646.24,5212.00
17.607289,5646.24,5212.00
17.707858,5650.88,5214.00
17.808425,5650.88,5212.00
17.909051,5660.15,5212.00
18.009904,5713.09,5212.00
18.110697,5811.22,5212.00
18.211431,5906.27,5212.00
18.312287,6001.33,5212.00
18.413083,6097.53,5212.00
18.513650,6192.97,5212.00
18.614639,6244.87,5234.00
18.715283,6244.87,5234.00
18.815937,6244.87,5234.00
18.916592,6244.87,5234.00
19.017220,6244.87,5234.00
19.117874,6244.87,5234.00
19.218512,6249.44,5234.00
19.319119,6249.45,5234.00
19.419764,6249.45,5234.00
19.520392,6249.45,5234.00
19.621042,6249.45,5234.00
19.721518,6249.45,5356.00
19.821960,6249.45,5356.00
19.922430,6249.45,5336.00
20.022921,6249.45,5336.00
20.123397,6249.45,5356.00
20.223922,6249.45,5336.00
20.324430,6249.45,5336.00
20.424986,6249.45,5336.00
20.525453,6249.45,5336.00
20.626106,6249.45,5310.00
20.726631,6249.45,5336.00
20.827103,6249.45,5330.00
20.927588,6249.45,5336.00
21.028031,6249.45,5356.00
21.128539,6249.45,5336.00
21.229060,6249.45,5288.00
21.329704,6249.45,5356.00
21.430411,6249.45,5336.00
21.531105,6251.00,5356.00
21.631774,6251.00,5336.00
21.732411,6255.64,5336.00
21.833162,6255.64,5332.00
21.933824,6260.27,5356.00
22.034564,6260.27,5288.00
22.135130,6332.52,5288.00
22.235778,6413.26,5288.00
22.336338,6496.72,5288.00
22.436894,6583.27,5288.00
22.537592,6667.50,5288.00
22.638632,6751.35,5288.00
22.739314,6835.58,5288.00
22.839973,6920.23,5288.00
22.940607,6920.23,5288.00
23.041226,6920.23,5288.00
23.141858,6920.23,5288.00
23.242485,6920.23,5288.00
23.343101,6920.23,5288.00
23.443733,6920.23,5288.00
23.544365,6920.23,5288.00
23.644988,6920.23,5288.00
23.745623,6924.87,5288.00
23.846251,6926.42,5288.00
23.946887,6926.42,5288.00
24.047509,6926.43,5288.00
24.148150,6926.43,5288.00
24.248756,6926.43,5288.00
24.349367,6926.43,5288.00
24.449956,6926.43,5288.00
24.550515,6926.43,5224.00
24.651429,6926.43,5194.00
24.752107,6926.43,5194.00
24.852748,6926.43,5194.00
24.953440,6935.70,5194.00
25.054090,6940.34,5194.00
25.154751,6949.61,5194.00
25.255404,6967.38,5194.00
25.356450,7067.21,5194.00
25.457496,7166.36,5194.00
25.558344,7267.20,5194.00
25.659487,7367.28,5194.00
25.760645,7466.97,5194.00
25.861942,7536.52,5194.00
25.963056,7572.07,5194.00
26.065063,7572.07,5194.00
26.165700,7572.07,5194.00
26.266320,7572.07,5194.00
26.366954,7572.07,5194.00
26.467597,7572.07,5194.00
26.568235,7572.07,5136.00
26.668921,7572.07,2372.00
26.769557,7572.07,2372.00
26.870024,7572.07,2372.00
26.970467,7572.07,2372.00
27.070888,7572.07,2370.00
27.171346,7572.07,2372.00
27.271879,7572.07,2372.00
27.372412,7572.07,2370.00
27.472810,7572.07,2372.00
27.573327,7592.16,2372.00
27.673890,7688.26,2372.00
27.774519,7784.94,2372.00
27.875342,7827.83,2372.00
27.975956,7827.83,2372.00
28.076570,7827.83,2372.00
28.177181,7827.83,2372.00
28.277802,7827.83,2372.00
28.378424,7827.83,2372.00
28.479060,7827.83,2412.00
28.579666,7827.83,2692.00
28.680268,7827.83,3112.00
28.780885,7834.01,3612.00
28.881518,7834.01,3932.00
28.982143,7834.01,4192.00
29.082753,7834.01,4472.00
29.183378,7834.01,4752.00
29.283987,7834.01,4992.00
29.384625,7834.01,5232.00
29.485118,7834.01,5254.00
29.585646,7834.01,5256.00
29.686126,7834.01,5256.00
29.786596,7834.01,5256.00
29.887100,7834.01,5256.00
29.987548,7834.01,5254.00
30.087997,7834.01,5256.00
30.188443,7834.01,5256.00
30.288974,7847.92,5256.00
30.389457,7847.92,5256.00
30.489996,7878.05,5254.00
30.590715,7975.41,5254.00
30.691389,8070.45,5254.00
30.792014,8165.49,5254.00
30.892660,8258.87,5254.00
30.993219,8354.06,5254.00
31.093946,8450.99,5254.00
31.194755,8474.30,5272.00
31.295381,8474.30,5272.00
31.395978,8474.30,5272.00
31.496576,8474.30,5272.00
31.597173,8474.30,5272.00
31.697796,8474.30,5272.00
31.798412,8474.30,5272.00
31.899047,8474.30,5272.00
31.999701,8474.30,5272.00
32.100335,8474.30,5272.00
32.200954,8474.30,5272.00
32.301591,8474.30,5272.00
32.402202,8474.30,5272.00
32.502835,8474.30,5272.00
32.603469,8474.30,5272.00
32.704102,8474.30,5272.00
32.804713,8474.30,5272.00
32.905308,8474.30,5272.00
33.005924,8474.30,5272.00
33.106541,8474.30,5272.00
33.207968,8474.30,5272.00
33.308605,8474.30,5272.00
33.409223,8474.30,5272.00
33.509804,8474.30,5332.00
33.610266,8474.31,5354.00
33.710823,8474.31,5354.00
33.811275,8474.32,5354.00
33.911805,8474.32,5354.00
34.012220,8474.32,5354.00
34.112666,8474.32,5314.00
34.213113,8474.32,5354.00
34.313597,8474.32,5332.00
34.414081,8474.32,5354.00
34.514546,8474.32,5354.00
34.615001,8474.32,5354.00
34.715455,8474.32,5332.00
34.816004,8474.32,5354.00
34.916499,8474.33,5354.00
35.017084,8474.33,5314.00
35.117537,8474.33,5354.00
35.218008,8474.33,5354.00
35.318676,8493.11,5332.00
35.419263,8579.27,5332.00
35.519939,8670.07,5332.00
35.620644,8755.85,5332.00
35.721425,8839.31,5332.00
35.822272,8927.14,5332.00
35.923055,9015.51,5332.00
36.023867,9128.52,5332.00
36.124527,9128.52,5332.00
36.225165,9128.52,5332.00
36.325843,9128.52,5332.00
36.426473,9128.52,5332.00
36.526978,9128.52,2272.00
36.627550,9128.52,1890.00
36.728097,9128.52,1890.00
36.828534,9128.52,1890.00
36.929116,9128.53,1890.00
37.029741,9128.53,1890.00
37.130382,9128.54,1890.00
37.231029,9139.75,1890.00
37.331929,9239.42,1890.00
37.432895,9309.75,1890.00
37.533494,9309.75,1890.00
37.634134,9309.75,1890.00
37.734721,9309.75,1890.00
37.835324,9309.75,1890.00
37.935908,9309.75,1890.00
38.036400,9309.75,1790.00
38.136907,9309.76,1790.00
38.237359,9309.76,1790.00
38.337823,9309.77,1790.00
38.438380,9309.77,1790.00
38.538824,9309.78,1790.00
38.639333,9346.87,1790.00
38.739876,9444.90,1790.00
38.840534,9479.77,1790.00
38.941143,9479.77,1790.00
39.041763,9479.77,1790.00
39.142340,9479.77,1790.00
39.243119,9479.77,1790.00
39.343726,9479.77,2030.00
39.444336,9489.05,2370.00
39.544867,9489.05,2370.00
39.645323,9489.05,2370.00
39.745786,9489.05,2370.00
39.846377,9489.05,2370.00
39.946848,9489.05,2370.00
40.047502,9489.05,2370.00
40.147965,9489.05,2370.00
40.248506,9535.80,2370.00
40.349083,9635.47,2370.00
40.449906,9731.28,2370.00
40.550579,9731.28,2370.00
40.651167,9731.28,2370.00
40.751779,9731.28,2370.00
40.852366,9731.28,2370.00
40.952925,9731.28,2370.00
41.053502,9731.28,2370.00
41.154094,9731.28,2370.00
41.254725,9731.28,2370.00
41.358009,9731.28,2370.00
41.458630,9731.28,2370.00
41.559204,9731.28,2450.00
41.659704,9731.29,2410.00
41.760181,9732.83,2410.00
41.860751,9732.83,2410.00
41.961207,9737.47,2410.00
42.061646,9737.47,2410.00
42.162157,9737.47,2410.00
42.262605,9737.47,2410.00
42.363252,9737.47,2410.00
42.463881,9737.47,2410.00
42.564558,9742.11,2410.00
42.665184,9742.11,2410.00
42.765829,9742.11,2410.00
42.866513,9754.47,2410.00
42.967105,9754.47,2410.00
43.067727,9754.47,2410.00
43.168329,9754.47,2410.00
43.268922,9754.47,2410.00
43.369534,9754.47,2410.00
43.470128,9754.47,2410.00
43.570747,9754.47,2410.00
43.671330,9754.47,2410.00
43.772013,9754.47,2150.00
43.872885,9754.47,2050.00
43.973336,9754.47,2050.00
44.073791,9754.47,2050.00
44.174339,9754.47,2050.00
44.274794,9754.47,2050.00
44.375284,9754.47,2050.00
44.475726,9754.47,2050.00
44.576174,9754.47,2050.00
44.676760,9754.47,2050.00
44.777464,9774.95,2050.00
44.878101,9774.95,2050.00
44.978727,9774.95,2050.00
45.079352,9774.95,2050.00
45.179987,9774.95,2050.00
45.280587,9774.95,2050.00
45.381169,9774.95,1850.00
45.481611,9774.95,1850.00
45.582104,9774.95,1850.00
45.682545,9774.95,1850.00
45.782993,9774.95,1850.00
45.883441,9774.95,1850.00
45.984000,9774.95,1850.00
46.084465,9774.95,1850.00
46.185249,9774.95,1850.00
46.285698,9774.95,1850.00
46.386141,9774.95,1850.00
46.486611,9774.95,1850.00
46.587091,9774.95,1850.00
46.687788,9774.95,1850.00
46.788526,9774.95,1850.00
46.889358,9779.59,1850.00
46.989942,9779.59,1850.00
47.090569,9779.59,1850.00
47.191172,9779.59,1850.00
47.291854,9779.59,1850.00
47.392501,9779.59,1850.00
47.493102,9779.59,1990.00
47.593693,9779.59,2270.00
47.694262,9779.59,2490.00
47.794888,9779.60,2750.00
47.895499,9779.61,2970.00
47.996059,9779.61,3170.00
48.096538,9779.61,3090.00
48.196992,9779.61,3090.00
48.297528,9779.61,3090.00
48.398108,9779.61,3090.00
48.498564,9779.61,3090.00
48.599171,9779.61,3090.00
48.699821,9779.61,3090.00
48.800536,9779.61,3090.00
48.901146,9779.61,3090.00
49.001799,9779.61,3090.00
49.103374,9779.61,3090.00
49.204131,9779.61,3090.00
49.304807,9779.61,3090.00
49.405527,9779.61,3090.00
49.506211,9779.61,3090.00
49.607169,9801.63,3090.00
49.707821,9801.63,3090.00
49.808435,9801.63,3090.00
49.909070,9801.63,3090.00
50.009708,9801.63,3090.00
50.110334,9801.63,3090.00
50.210981,9801.63,3090.00
50.311612,9801.63,3090.00
50.412231,9801.63,3090.00
50.512875,9801.63,3090.00
50.613472,9801.63,3090.00
50.714026,9801.63,3150.00
50.814517,9801.63,3150.00
50.914950,9801.63,3150.00
51.015417,9803.18,3150.00
51.115967,9807.82,3150.00
51.216438,9821.72,3150.00
51.316964,9831.00,3150.00
51.417420,9831.00,3150.00
51.517874,9831.00,3150.00
51.618310,9831.00,3150.00
51.718934,9831.00,3150.00
51.819600,9831.00,3150.00
51.920298,9835.63,3150.00
52.020917,9835.63,3150.00
52.121524,9835.63,3150.00
52.222243,9835.63,3150.00
52.323550,9835.63,3150.00
52.424302,9835.63,3150.00
52.525063,9835.63,3150.00
52.625679,9835.63,2370.00
52.726158,9835.63,2370.00
52.826612,9835.63,2370.00
52.927091,9835.63,2370.00
53.027604,9835.63,2370.00
53.128278,9835.63,2370.00
53.228725,9835.63,2370.00
53.329198,9835.63,2370.00
53.429887,9835.63,2370.00
53.530914,9835.63,2370.00
53.631605,9835.63,2370.00
53.732344,9850.70,2370.00
53.832983,9850.70,2370.00
53.933636,9850.70,2370.00
54.034240,9850.70,2370.00
54.134856,9850.70,2370.00
54.235505,9850.70,2370.00
54.336118,9850.70,2370.00
54.436748,9850.70,2370.00
54.537366,9850.70,2570.00
54.637971,9850.70,2850.00
54.738602,9850.70,3070.00
54.839170,9850.71,3170.00
54.939727,9850.71,3170.00
55.040163,9852.25,3170.00
55.140656,9852.25,3170.00
55.241092,9852.25,3170.00
55.341540,9856.89,3170.00
55.442040,9856.89,3170.00
55.542498,9856.89,3170.00
55.642994,9856.89,3170.00
55.743474,9856.89,3170.00
55.844114,9856.89,3170.00
55.944911,9856.89,3170.00
56.045653,9885.48,3170.00
56.146275,9885.48,3170.00
56.246916,9885.48,3170.00
56.347566,9885.48,3170.00
56.448192,9885.48,3170.00
56.548840,9885.48,3170.00
56.649470,9885.48,3170.00
56.750096,9885.48,3170.00
56.850724,9885.48,3170.00
56.951347,9885.48,3170.00
57.051969,9885.48,3170.00
57.152573,9885.48,3230.00
57.253184,9885.50,3550.00
57.353817,9885.50,3850.00
57.454452,9885.51,4050.00
57.555091,9885.52,4330.00
57.655731,9885.53,4530.00
57.756371,9893.26,4830.00
57.856968,9893.27,5050.00
57.957605,9893.28,5250.00
58.058102,9893.28,5190.00
58.158599,9893.28,5190.00
58.259098,9893.28,5190.00
58.359724,9893.28,5190.00
58.460265,9893.28,5190.00
58.560860,9893.28,5190.00
58.661356,9893.28,5190.00
58.761821,9893.28,5190.00
58.862398,9897.91,5190.00
58.962948,9902.55,5190.00
59.063505,9902.55,5190.00
59.164093,9902.55,5190.00
59.264601,9911.82,5190.00
59.365119,9911.82,5190.00
59.466093,9911.82,5190.00
59.566738,9911.82,5190.00
59.667459,9911.82,5190.00
59.768280,9911.82,5190.00
59.869078,9939.64,5190.00
59.969714,9939.64,5190.00
60.070357,9939.64,5190.00
60.170994,9939.64,5190.00
60.271657,9939.64,5190.00
60.372322,9939.64,5190.00
60.472960,9939.64,5190.00
60.573596,9939.64,5190.00
60.674216,9939.64,5190.00
60.774824,9939.64,5190.00
60.875308,9939.64,2730.00
60.975978,9955.10,2730.00
61.076724,9970.20,2730.00
61.177571,9990.22,2730.00
61.278202,9996.82,2730.00
61.378821,9996.82,2730.00
61.479429,10001.45,2730.00
61.580275,10001.45,2730.00
61.681108,10001.45,2730.00
61.782031,10001.45,2730.00
61.882988,10001.45,2730.00
61.983589,10001.45,2730.00
62.084221,10001.45,2730.00
62.184889,10001.45,2730.00
62.285536,10001.45,2730.00
62.386177,10001.45,2730.00
62.486810,10001.45,2730.00
62.587469,10001.45,2730.00
62.688115,10001.45,2730.00
62.788781,10001.45,2790.00
62.889396,10001.45,3050.00
62.989958,10001.45,3290.00
63.090595,10001.45,3590.00
63.191244,10001.45,3890.00
63.291887,10001.45,4110.00
63.392538,10001.45,4370.00
63.493192,10001.45,4590.00
63.593850,10001.45,4870.00
63.694552,10001.46,5070.00
63.795203,10001.46,5270.00
63.895712,10001.47,5272.00
63.996192,10001.47,5272.00
64.096669,10001.47,5272.00
64.197317,10001.47,5270.00
64.297781,10001.47,5272.00
64.398265,10001.47,5272.00
64.498879,10001.47,5272.00
64.599342,10024.65,5272.00
64.699905,10043.20,5272.00
64.800508,10047.83,5272.00
64.901129,10057.11,5270.00
65.001659,10061.74,5272.00
65.102145,10075.65,5272.00
65.202658,10089.55,5270.00
65.303385,10089.55,5270.00
65.404261,10089.55,5270.00
65.505028,10089.55,5270.00
65.605905,10089.55,5270.00
65.707015,10089.55,5270.00
65.807781,10089.55,5292.00
65.908446,10089.55,5292.00
66.009105,10089.55,5292.00
66.109775,10089.55,5292.00
66.210416,10089.55,5292.00
66.311090,10089.55,5292.00
66.411774,10089.55,5292.00
66.512441,10089.55,5292.00
66.613105,10089.55,5292.00
66.713775,10089.55,5292.00
66.814426,10089.55,5292.00
66.915073,10089.55,5292.00
67.015745,10089.55,5292.00
67.116420,10089.55,5292.00
67.217067,10089.55,5292.00
67.317748,10089.55,5292.00
67.418418,10089.55,5292.00
67.519080,10089.55,5292.00
67.619745,10089.55,5292.00
67.720339,10089.55,5332.00
67.821010,10089.55,5374.00
67.921641,10089.55,5374.00
68.022303,10089.55,5350.00
68.122955,10089.55,5326.00
68.223702,10089.55,5350.00
68.324319,10089.55,5374.00
68.425193,10089.55,5374.00
68.525841,10089.55,5374.00
68.626291,10089.55,5374.00
68.726805,10089.55,5374.00
68.827331,10089.55,5374.00
68.927925,10089.55,5374.00
69.028520,10089.55,5348.00
69.128979,10089.55,5374.00
69.229517,10089.55,5374.00
69.329977,10089.55,5374.00
69.430440,10089.55,5374.00
69.530910,10089.55,5350.00
69.631402,10094.19,5374.00
69.731886,10094.19,5374.00
69.832441,10103.46,5324.00
69.933188,10103.46,5324.00
70.033802,10103.46,5324.00
70.134426,10103.46,5324.00
70.235010,10103.46,5324.00
70.335592,10103.46,5324.00
70.436284,10103.47,5324.00
70.536909,10103.47,5324.00
70.637547,10103.47,5324.00
70.738167,10103.47,5324.00
70.838826,10103.47,5324.00
70.939453,10103.47,5324.00
71.040100,10103.47,5324.00
71.140729,10103.47,5324.00
71.241361,10103.47,5324.00
71.341990,10103.47,5324.00
71.442640,10103.47,5324.00
71.543286,10103.47,5324.00
71.643964,10103.47,5324.00
71.744608,10103.47,5324.00
71.845242,10103.47,5324.00
71.945864,10103.47,5324.00
72.046472,10103.47,5324.00
72.147075,10103.47,5324.00
72.247719,10103.47,5324.00
72.348358,10103.47,5324.00
72.448890,10103.47,5254.00
72.549372,10112.74,5254.00
72.649852,10140.55,5254.00
72.750408,10177.64,5254.00
72.850920,10205.46,5254.00
72.951428,10219.36,5254.00
73.051949,10242.54,5254.00
73.152430,10256.45,5254.00
73.252929,10256.45,5254.00
73.353390,10256.45,5254.00
73.454346,10256.45,5254.00
73.554996,10256.45,5254.00
73.655669,10256.45,5254.00
73.756303,10256.45,5254.00
73.856929,10256.45,5254.00
73.957571,10256.45,5254.00
74.058218,10256.45,5254.00
74.158858,10256.45,5254.00
74.259454,10256.45,5254.00
74.360110,10256.45,5254.00
74.460757,10256.45,5254.00
74.561382,10256.45,5254.00
74.661986,10256.45,5254.00
74.762523,10256.45,2390.00
74.862989,10256.45,2390.00
74.963441,10256.45,2390.00
75.063911,10256.45,2390.00
75.164365,10256.46,2390.00
75.264985,10256.46,2390.00
75.365619,10256.46,2390.00
75.466100,10256.46,2390.00
75.566550,10256.47,2390.00
75.667050,10256.47,2390.00
75.767539,10256.48,2390.00
75.868269,10256.48,2390.00
75.968952,10256.48,2390.00
76.069610,10256.48,2390.00
76.170235,10256.48,2390.00
76.270879,10256.48,2390.00
76.371525,10256.48,2390.00
76.472186,10256.48,2390.00
76.572817,10256.48,2390.00
76.673474,10256.48,2390.00
76.774098,10256.48,2410.00
76.874705,10256.48,2590.00
76.975305,10256.48,2810.00
77.075934,10256.48,3070.00
77.176537,10256.48,3310.00
77.277145,10256.48,3610.00
77.377763,10256.48,3910.00
77.478371,10256.48,4130.00
77.578970,10256.48,4390.00
77.679573,10256.48,4610.00
77.780203,10256.48,4870.00
77.880783,10256.48,5090.00
77.981338,10256.48,5312.00
78.081810,10256.48,5254.00
78.182502,10256.48,5254.00
78.283157,10256.48,5254.00
78.383884,10256.48,5254.00
78.484505,10256.48,5254.00
78.585155,10256.48,5254.00
78.685880,10261.11,5254.00
78.786526,10275.02,5254.00
78.887402,10284.29,5254.00
78.988384,10298.20,5254.00
79.089178,10302.84,5252.00
79.190113,10302.84,5252.00
79.290906,10302.84,5252.00
79.391950,10302.84,5252.00
79.492949,10302.84,5252.00
79.595072,10302.84,5270.00
79.695951,10302.84,5270.00
79.796954,10302.84,5270.00
79.897628,10302.84,5270.00
79.998281,10302.84,5270.00
80.098951,10302.84,5270.00
80.199602,10302.84,5270.00
80.300283,10302.84,5270.00
80.400939,10302.84,5270.00
80.501607,10302.84,5270.00
80.602283,10302.84,5270.00
80.702949,10302.84,5270.00
80.803605,10302.84,5270.00
80.904272,10302.84,5270.00
81.004943,10302.84,5270.00
81.105597,10302.84,5270.00
81.206238,10302.84,5270.00
81.306904,10302.84,5270.00
81.407558,10302.84,5270.00
81.508219,10302.84,5270.00
81.608921,10302.84,5390.00
81.709626,10302.84,5390.00
81.810282,10302.84,5390.00
81.911003,10302.84,5390.00
82.011678,10302.84,5390.00
82.112340,10302.84,5390.00
82.213016,10302.84,5390.00
82.313697,10302.84,5370.00
82.414403,10302.84,5370.00
82.515076,10307.48,5368.00
82.615695,10312.11,5370.00
82.716416,10326.02,5348.00
82.817109,10339.93,5390.00
82.917833,10344.56,5390.00
83.018507,10353.84,5390.00
83.119233,10367.74,5370.00
83.219885,10372.38,5390.00
83.320636,10372.38,5348.00
83.421363,10372.38,5348.00
83.522169,10372.38,5348.00
83.622899,10372.38,5348.00
83.723728,10372.38,5348.00
83.824472,10372.38,5348.00
83.926098,10372.38,5348.00
84.027244,10372.38,5348.00
84.130199,10372.38,5348.00
84.231009,10372.38,5348.00
84.331777,10372.38,5348.00
84.432572,10372.38,5348.00
84.533149,10372.38,1926.00
84.633814,10372.38,1924.00
84.734269,10372.38,1926.00
84.835216,10372.38,1926.00
84.935929,10372.38,1924.00
85.036663,10372.38,1926.00
85.137276,10372.38,1926.00
85.237927,10372.38,1926.00
85.338592,10372.38,1926.00
85.440042,10372.38,1926.00
85.543157,10372.38,1926.00
85.643854,10372.38,1926.00
85.744652,10372.38,1926.00
85.845420,10372.38,1926.00
85.946151,10372.38,1784.00
86.046849,10372.38,1786.00
86.147618,10372.38,1786.00
86.248218,10372.38,1786.00
86.348823,10377.02,1786.00
86.449437,10377.02,1784.00
86.550147,10381.65,1786.00
86.650798,10381.65,1786.00
86.752064,10381.65,1786.00
86.855062,10381.65,1786.00
86.955674,10381.65,1786.00
87.056257,10381.65,1786.00
87.156852,10381.65,1786.00
87.257458,10381.65,1786.00
87.358052,10381.65,1826.00
87.458822,10381.65,2026.00
87.561036,10381.65,2166.00
87.661608,10381.65,2426.00
87.762059,10381.65,2366.00
87.862558,10409.47,2364.00
87.963038,10418.74,2366.00
88.063558,10428.01,2366.00
88.164121,10432.65,2364.00
88.264562,10437.29,2366.00
88.365050,10441.92,2366.00
88.465573,10441.92,2366.00
88.566063,10441.92,2366.00
88.666795,10441.92,2366.00
88.767425,10441.92,2366.00
88.868040,10441.92,2366.00
88.968660,10441.92,2366.00
89.069304,10441.92,2366.00
89.169961,10441.92,2366.00
89.270584,10441.92,2366.00
89.371222,10441.92,2366.00
89.471866,10441.92,2426.00
89.572345,10441.92,2426.00
89.672774,10441.92,2426.00
89.773254,10441.92,2426.00
89.873690,10455.83,2426.00
89.974206,10513.28,2436.00
90.074820,10578.18,2436.00
90.175522,10652.35,2434.00
90.275968,10726.52,2436.00
90.376376,10796.06,2436.00
90.476842,10865.60,2436.00
90.577301,10925.87,2436.00
90.677718,10935.14,2436.00
90.778350,10935.14,2436.00
90.878897,10935.14,2436.00
90.979521,10935.14,2436.00
91.080162,10935.14,2436.00
91.180792,10935.14,2436.00
91.281415,10935.14,2436.00
91.382051,10935.14,2436.00
91.482688,10935.14,2436.00
91.583305,10935.14,2436.00
91.683816,10935.14,2054.00
91.784230,10958.32,2056.00
91.884877,10990.77,2054.00
91.985303,11004.68,2056.00
92.085728,11004.68,2054.00
92.186253,11004.68,2056.00
92.286706,11004.68,2056.00
92.387201,11004.68,2056.00
92.487638,11004.68,2056.00
92.588277,11009.32,2056.00
92.689059,11013.95,2056.00
92.789791,11013.95,2056.00
92.890545,11013.95,2056.00
92.991238,11013.95,2056.00
93.091964,11013.95,2056.00
93.192707,11013.95,2056.00
93.293218,11013.96,1876.00
93.393643,11013.96,1876.00
93.494122,11018.59,1876.00
93.594575,11018.59,1876.00
93.695032,11032.50,1876.00
93.795452,11046.41,1876.00
93.896061,11046.41,1876.00
93.996750,11046.41,1876.00
94.097439,11046.41,1876.00
94.198138,11046.41,1874.00
94.298813,11046.41,1876.00
94.399419,11046.41,1876.00
94.500215,11046.41,1876.00
94.600721,11055.68,1876.00
94.701341,11055.68,1876.00
94.801957,11060.32,1876.00
94.902713,11060.32,1876.00
95.003508,11060.32,1876.00
95.104561,11060.32,1876.00
95.205198,11060.32,1876.00
95.305835,11060.32,1876.00
95.406471,11060.32,1876.00
95.507110,11060.32,1876.00
95.607749,11060.32,1896.00
95.708359,11060.32,2116.00
95.808962,11060.32,2376.00
95.909601,11060.32,2596.00
96.010226,11060.32,2836.00
96.110858,11060.32,3056.00
96.211359,11060.32,3136.00
96.311870,11092.77,3136.00
96.412354,11115.95,3136.00
96.513012,11153.04,3136.00
96.613506,11185.49,3136.00
96.713977,11222.57,3136.00
96.814456,11255.03,3136.00
96.929989,11282.84,3136.00
97.030662,11292.11,3136.00
97.131178,11292.11,3136.00
97.231756,11292.11,3136.00
97.332314,11292.11,3136.00
97.433064,11292.11,3136.00
97.533841,11292.11,3136.00
97.634525,11292.11,3136.00
97.735571,11292.11,3136.00
97.836767,11292.11,3136.00
97.938063,11292.11,3136.00
98.038705,11292.11,3136.00
98.139288,11292.11,3136.00
98.239886,11292.11,3136.00
98.340509,11292.11,3136.00
98.441107,11292.11,3136.00
98.541728,11292.11,3136.00
98.642359,11292.11,3136.00
98.742985,11292.11,3136.00
98.843652,11292.11,3136.00
98.944247,11292.11,3136.00
99.044869,11296.75,3136.00
99.145530,11296.75,3136.00
99.246141,11296.75,3136.00
99.346788,11296.75,3116.00
99.447428,11296.75,3114.00
99.548084,11296.75,3116.00
99.648728,11296.75,3116.00
99.749336,11296.75,3116.00
99.849914,11296.75,3116.00
99.950372,11296.75,3116.00
100.050776,11296.75,3116.00
100.151261,11296.75,3116.00
100.251768,11296.75,3116.00
100.352287,11296.75,3116.00
100.452914,11296.75,3116.00
100.553815,11296.75,3116.00
100.654724,11296.76,3116.00
100.755346,11296.76,3116.00
100.855977,11296.76,3116.00
100.956602,11296.76,3116.00
101.057219,11296.76,3116.00
101.157878,11296.76,3116.00
101.258474,11296.76,3116.00
101.358997,11296.76,2394.00
101.459447,11306.03,2396.00
101.559871,11333.84,2396.00
101.660306,11352.39,2396.00
101.760759,11352.39,2396.00
101.861232,11352.39,2396.00
101.961719,11357.02,2396.00
102.062265,11357.02,2396.00
102.163128,11357.02,2396.00
102.263810,11357.02,2396.00
102.364440,11357.02,2396.00
102.465076,11357.02,2396.00
102.565726,11357.02,2396.00
102.666328,11357.02,2396.00
102.766956,11357.02,2396.00
102.867593,11357.02,2396.00
102.968224,11357.02,2396.00
103.068833,11357.02,2436.00
103.169466,11357.02,2696.00
103.270122,11357.02,2896.00
103.370786,11357.02,3136.00
103.471284,11357.02,3176.00
103.571859,11357.02,3176.00
103.672268,11357.02,3176.00
103.772727,11357.02,3176.00
103.873147,11357.02,3176.00
103.973651,11357.02,3174.00
104.074112,11357.02,3176.00
104.174678,11357.02,3176.00
104.275212,11357.02,3176.00
104.375681,11357.02,3176.00
104.476199,11361.66,3176.00
104.576682,11361.66,3176.00
104.677149,11361.66,3176.00
104.777842,11361.66,3176.00
104.878445,11361.66,3176.00
104.979078,11361.66,3176.00
105.079732,11361.66,3176.00
105.180370,11361.66,3176.00
105.280978,11361.66,3176.00
105.381634,11361.66,3176.00
105.482274,11361.66,3176.00
105.582911,11361.66,3176.00
105.683556,11361.66,3176.00
105.784195,11361.66,3176.00
105.884832,11361.66,3176.00
105.985459,11361.66,3396.00
106.086123,11361.66,3696.00
106.186740,11361.66,3956.00
106.287360,11361.66,4156.00
106.387984,11361.66,4416.00
106.488644,11361.66,4636.00
106.589306,11361.66,4916.00
106.689957,11361.66,5136.00
106.790462,11361.66,5256.00
106.890935,11361.66,5256.00
106.991510,11384.84,5254.00
107.091987,11399.01,5256.00
107.192499,11421.93,5256.00
107.292956,11431.20,5256.00
107.393428,11455.72,5256.00
107.493905,11500.74,5256.00
107.594392,11528.55,5256.00
107.695049,11556.37,5256.00
107.795581,11579.55,5256.00
107.896037,11598.09,5254.00
107.996823,11621.27,5256.00
108.097821,11621.27,5256.00
108.198798,11621.27,5256.00
108.299426,11621.27,5256.00
108.400280,11625.91,5256.00
108.501134,11635.18,5256.00
108.602241,11639.81,5256.00
108.702894,11639.81,5256.00
108.803544,11639.81,5256.00
108.904199,11639.81,5256.00
109.004862,11639.81,5256.00
109.105522,11639.81,5256.00
109.206220,11639.81,5256.00
109.306907,11639.81,5256.00
109.407603,11644.45,5256.00
109.508141,11644.45,4336.00
109.608700,11644.45,2716.00
109.709168,11644.45,2716.00
109.809721,11644.45,2716.00
109.910121,11644.45,2716.00
110.010537,11644.45,2716.00
110.111002,11644.45,2716.00
110.211488,11644.45,2716.00
110.312038,11644.45,2716.00
110.412931,11644.45,2716.00
110.513748,11644.45,2716.00
110.614360,11644.45,2716.00
110.714945,11644.45,2716.00
110.815553,11644.45,2716.00
110.916164,11644.45,2716.00
111.016790,11644.45,2716.00
111.117375,11644.45,2716.00
111.217991,11644.45,2716.00
111.318629,11644.45,2716.00
111.419245,11644.45,2716.00
111.519872,11644.45,2716.00
111.620456,11644.45,2716.00
111.721039,11644.45,2716.00
111.821648,11644.45,2776.00
111.922261,11644.45,2956.00
112.022847,11644.45,3156.00
112.123488,11644.45,3336.00
112.224108,11644.45,3556.00
112.324774,11644.45,3796.00
112.425360,11644.45,3976.00
112.525983,11644.45,4136.00
112.626613,11644.45,4316.00
112.727231,11644.45,4496.00
112.827867,11644.45,4656.00
112.928503,11644.45,4876.00
113.029151,11644.45,5016.00
113.129740,11644.45,5196.00
113.232911,11644.46,5278.00
113.333404,11644.46,5278.00
113.433932,11644.46,5278.00
113.534907,11644.46,5278.00
113.635444,11644.46,5278.00
113.735873,11644.46,5278.00
113.836366,11644.46,5278.00
113.937072,11644.46,5280.00
114.037539,11644.46,5278.00
114.138023,11644.46,5278.00
114.238512,11644.46,5278.00
114.339014,11644.46,5278.00
114.439556,11644.46,5278.00
114.540089,11644.46,5278.00
114.640641,11644.46,5278.00
114.741747,11644.46,5278.00
114.842505,11644.46,5278.00
114.943462,11644.46,5278.00
115.044382,11644.46,5278.00
115.145312,11644.46,5300.00
115.245958,11644.46,5300.00
115.346604,11644.46,5300.00
115.447262,11644.46,5300.00
115.547902,11644.46,5300.00
115.648556,11644.46,5300.00
115.749192,11644.46,5300.00
115.849837,11644.46,5300.00
115.950496,11644.46,5300.00
116.051138,11644.46,5300.00
116.151753,11644.46,5300.00
116.252388,11644.46,5300.00
116.353039,11644.46,5300.00
116.453689,11644.46,5300.00
116.554354,11644.46,5300.00
116.654976,11644.46,5300.00
116.755623,11644.46,5300.00
116.856268,11644.46,5300.00
116.956864,11644.46,5300.00
117.057470,11644.46,5300.00
117.158108,11644.46,5300.00
117.258780,11644.46,5300.00
117.359444,11644.46,5300.00
117.460109,11644.46,5300.00
117.560761,11644.46,5300.00
117.661373,11644.46,5300.00
117.762011,11644.46,5300.00
117.862577,11644.46,5380.00
117.963092,11644.46,5356.00
118.063523,11644.46,5380.00
118.164023,11644.46,5380.00
118.264629,11644.46,5380.00
118.365206,11644.46,5380.00
118.465862,11644.46,5332.00
118.566563,11644.46,5356.00
118.667014,11644.46,5402.00
118.767668,11644.46,5382.00
118.868414,11644.46,5356.00
118.969176,11644.46,5380.00
119.069642,11644.46,5356.00
119.170141,11644.46,5380.00
119.270659,11644.46,5380.00
119.371121,11644.46,5380.00
119.471684,11644.46,5380.00
119.572171,11644.46,5358.00
119.672675,11644.46,5332.00
119.773284,11644.46,5382.00
119.873990,11644.46,5382.00
119.974751,11644.46,5384.00
120.075410,11644.46,5334.00
120.176098,11644.46,5334.00
120.276731,11644.46,5334.00
120.377499,11644.46,5334.00
120.478354,11644.46,5334.00
120.579211,11644.46,5334.00
120.680059,11644.46,5334.00
120.780702,11644.46,5334.00
120.881325,11644.46,5334.00
120.981936,11644.46,5334.00
121.082580,11644.46,5334.00
121.183203,11644.46,5334.00
121.283837,11644.46,5334.00
121.384450,11644.46,5334.00
121.485081,11644.46,5334.00
121.585684,11644.46,5334.00
121.686309,11644.46,5334.00
121.786938,11644.46,5334.00
121.887552,11644.46,5334.00
121.988180,11644.46,5334.00
122.088820,11644.46,5334.00
122.189450,11644.46,5334.00
122.290077,11644.46,5334.00
122.390719,11644.46,5334.00
122.491344,11644.46,5334.00
122.591974,11644.46,5334.00
122.692579,11644.46,5334.00
122.793164,11644.46,5334.00
122.893820,11644.46,5334.00
122.994432,11644.46,5334.00
123.095068,11644.46,5334.00
123.195736,11644.46,5334.00
123.296357,11644.46,5334.00
123.396846,11644.46,5264.00
123.497410,11644.46,5264.00
123.598088,11644.46,5264.00
123.698566,11644.46,5264.00
123.799040,11644.46,5264.00
123.899568,11644.46,5264.00
124.000039,11644.46,5264.00
124.100595,11644.46,5264.00
124.201320,11644.46,5264.00
124.302129,11644.46,5264.00
124.403033,11644.46,5264.00
124.503666,11644.46,5264.00
124.604531,11644.47,5264.00
124.705149,11644.47,5264.00
124.805768,11644.47,5264.00
124.906400,11644.47,5264.00
125.007006,11644.47,5264.00
125.107624,11644.47,5264.00
125.208243,11644.47,5264.00
125.308850,11644.47,5264.00
125.409490,11644.47,5264.00
125.510113,11644.47,5264.00
125.610610,11644.47,5104.00
125.711033,11644.47,2396.00
125.811531,11644.47,2396.00
125.911982,11644.47,2396.00
126.012473,11644.47,2396.00
126.113010,11644.47,2396.00
126.213510,11644.47,2396.00
126.313956,11644.47,2396.00
126.414392,11644.47,2396.00
126.514963,11644.47,2396.00
126.615404,11644.47,2396.00
126.715813,11644.47,2396.00
126.816498,11644.47,2396.00
126.917188,11644.48,2396.00
127.017805,11644.48,2396.00
127.118421,11644.48,2396.00
127.218995,11644.48,2396.00
127.319584,11644.48,2396.00
127.420180,11644.48,2396.00
127.520791,11644.48,2396.00
127.621356,11644.48,2396.00
127.721955,11644.48,2396.00
127.822556,11644.48,2396.00
127.923134,11644.48,2396.00
128.023736,11644.48,2476.00
128.124315,11644.48,2616.00
128.224904,11644.48,2796.00
128.325511,11644.48,2976.00
128.426124,11644.48,3156.00
128.526726,11644.48,3336.00
128.627331,11644.48,3576.00
128.727931,11644.48,3816.00
128.828538,11644.48,3996.00
128.929144,11644.48,4156.00
129.029757,11644.48,4356.00
129.130335,11644.48,4536.00
129.230934,11644.48,4696.00
129.331562,11644.48,4896.00
129.432155,11644.48,5056.00
129.532776,11644.48,5216.00
129.633302,11644.48,5320.00
129.733914,11644.48,5320.00
129.834438,11644.48,5320.00
129.934982,11644.48,5320.00
130.035460,11644.48,5320.00
130.135956,11644.48,5322.00
130.236656,11644.48,5322.00
130.337105,11644.48,5322.00
130.437600,11644.48,5322.00
130.538085,11644.48,5318.00
130.638520,11644.48,5318.00
130.738973,11644.48,5318.00
130.839497,11644.48,5318.00
130.940269,11644.48,5318.00
131.040911,11644.48,5318.00
131.141442,11644.48,5318.00
131.242133,11644.48,5318.00
131.342754,11644.48,5318.00
131.443372,11644.48,5318.00
131.543973,11644.48,5318.00
131.644603,11644.48,5318.00
131.745217,11644.48,5318.00
131.845820,11644.48,5318.00
131.946449,11644.48,5318.00
132.047087,11644.48,5318.00
132.147687,11644.48,5318.00
132.248312,11644.48,5318.00
132.348937,11644.48,5318.00
132.449593,11644.48,5318.00
132.550226,11644.48,5318.00
132.650845,11644.48,5318.00
132.751434,11644.48,5318.00
132.852043,11644.48,5318.00
132.952683,11644.48,5318.00
133.053310,11644.48,5318.00
133.153923,11644.48,5318.00
133.254522,11644.48,5318.00
133.355158,11644.48,5318.00
133.455794,11644.48,5318.00
133.556451,11644.48,5318.00
133.657078,11644.48,5318.00
133.757736,11644.48,5318.00
133.858332,11644.48,5318.00
133.958977,11644.48,5318.00
134.059485,11644.48,5398.00
134.160002,11644.48,5356.00
134.260468,11644.48,5378.00
134.360910,11644.48,5378.00
134.461355,11644.48,5398.00
134.561836,11644.48,5356.00
134.662361,11644.48,5398.00
134.762912,11644.48,5416.00
134.863402,11644.48,5416.00
134.964052,11644.48,5374.00
135.064679,11644.48,5416.00
135.165182,11644.48,5416.00
135.265668,11644.48,5376.00
135.366153,11644.48,5418.00
135.466748,11644.48,5396.00
135.567323,11644.48,5418.00
135.667819,11644.48,5396.00
135.768474,11644.48,5376.00
135.869530,11644.48,5376.00
135.970295,11644.48,5376.00
136.070955,11644.48,5376.00
136.171722,11644.48,5376.00
136.272195,11644.48,5376.00
136.372791,11644.48,5376.00
136.473440,11644.48,5376.00
136.574111,11644.48,5376.00
136.674769,11644.48,5376.00
136.775429,11644.48,5376.00
136.875935,11644.48,3436.00
136.976444,11644.48,1934.00
137.076977,11644.48,1934.00
137.177460,11644.48,1934.00
137.277943,11644.48,1934.00
137.378421,11644.48,1934.00
137.478926,11644.48,1934.00
137.579380,11644.48,1934.00
137.679890,11644.48,1934.00
137.780362,11644.48,1934.00
137.881433,11644.48,1934.00
137.982169,11644.48,1934.00
138.082908,11644.48,1934.00
138.183835,11644.48,1934.00
138.286958,11644.49,1794.00
138.387483,11644.49,1794.00
138.488071,11644.49,1794.00
138.588693,11644.49,1794.00
138.689293,11644.49,1794.00
138.789956,11644.49,1794.00
138.890458,11644.49,1794.00
138.991066,11644.49,1794.00
139.091903,11644.50,1794.00
139.192636,11644.50,1794.00
139.293333,11644.50,1794.00
139.394082,11644.50,1794.00
139.494844,11644.50,1794.00
139.595594,11644.50,2034.00
139.696315,11644.50,2354.00
139.796945,11644.50,2394.00
139.897550,11644.50,2394.00
139.998163,11644.50,2394.00
140.098742,11644.50,2394.00
140.199348,11644.50,2394.00
140.300015,11644.50,2394.00
140.400709,11644.50,2394.00
140.501218,11644.50,2394.00
140.601813,11644.50,2394.00
140.702731,11644.50,2394.00
140.803494,11644.50,2394.00
140.904227,11644.50,2394.00
141.004998,11644.50,2394.00
141.105567,11644.50,2394.00
141.206139,11644.50,2394.00
141.306766,11644.50,2394.00
141.407463,11644.50,2394.00
141.508219,11644.50,2394.00
141.608808,11644.50,2434.00
141.709318,11644.50,2434.00
141.809831,11644.50,2434.00
141.910344,11644.50,2434.00
142.010857,11644.50,2434.00
142.111349,11644.50,2434.00
142.212190,11644.50,2434.00
142.312648,11644.50,2434.00
142.413102,11644.50,2434.00
142.513844,11644.50,2434.00
142.614526,11644.50,2434.00
142.715157,11644.50,2434.00
142.815797,11644.50,2434.00
142.916419,11644.50,2434.00
143.017057,11644.50,2434.00
143.117687,11644.50,2434.00
143.218252,11644.50,2434.00
143.318974,11644.50,2374.00
143.419486,11644.50,2054.00
143.519926,11644.50,2054.00
143.620400,11644.50,2054.00
143.720918,11644.50,2054.00
143.821344,11644.50,2054.00
143.921785,11644.50,2054.00
144.022243,11644.50,2054.00
144.122896,11644.50,2054.00
144.223531,11644.50,2054.00
144.324421,11644.50,2054.00
144.425055,11644.50,2054.00
144.525691,11644.50,2054.00
144.626281,11644.50,2054.00
144.726906,11644.50,2054.00
144.827517,11644.50,2054.00
144.927992,11644.50,1874.00
145.028447,11644.50,1874.00
145.128985,11644.50,1874.00
145.229434,11644.50,1874.00
145.329899,11644.50,1874.00
145.430424,11644.50,1874.00
145.530935,11644.50,1874.00
145.631363,11644.50,1874.00
145.731837,11644.50,1874.00
145.832433,11644.50,1874.00
145.933146,11644.50,1874.00
146.033807,11644.50,1874.00
146.134410,11644.50,1874.00
146.234931,11644.50,1874.00
146.335393,11644.50,1874.00
146.435899,11644.50,1874.00
146.536402,11644.50,1874.00
146.636985,11644.50,1874.00
146.737886,11644.50,1874.00
146.838837,11647.11,1874.00
146.939505,11647.11,1874.00
147.040125,11647.11,1874.00
147.140798,11647.11,1874.00
147.241405,11647.11,1874.00
147.342034,11647.11,1874.00
147.442675,11647.11,1934.00
147.543278,11647.11,2174.00
147.643924,11647.11,2414.00
147.744554,11647.11,2674.00
147.845190,11647.11,2874.00
147.945834,11647.11,3094.00
148.046335,11647.11,3134.00
148.146895,11647.11,3134.00
148.247432,11647.11,3134.00
148.348057,11647.11,3134.00
148.448677,11647.11,3134.00
148.549168,11651.74,3134.00
148.649773,11656.38,3134.00
148.750229,11665.65,3134.00
148.850680,11665.65,3134.00
148.951331,11665.65,3134.00
149.052085,11665.65,3134.00
149.152834,11665.65,3134.00
149.253566,11670.29,3134.00
149.354203,11670.29,3134.00
149.454840,11670.29,3134.00
149.555470,11670.29,3134.00
149.656106,11670.29,3134.00
149.756763,11670.29,3134.00
149.857389,11670.29,3134.00
149.957952,11670.29,3134.00
150.058577,11670.29,3134.00
150.159194,11670.29,3134.00
150.259828,11670.29,3134.00
150.360408,11670.29,3114.00
150.460890,11670.29,3114.00
150.561408,11670.29,3114.00
150.661874,11670.29,3114.00
150.762326,11670.29,3114.00
150.862774,11670.29,3114.00
150.963226,11670.29,3114.00
151.063707,11670.29,3114.00
151.164255,11670.29,3114.00
151.264799,11670.29,3114.00
151.365314,11670.29,3114.00
151.465932,11670.29,3114.00
151.566902,11670.29,3114.00
151.667699,11670.29,3114.00
151.768461,11670.29,3114.00
151.869092,11670.29,3114.00
151.969695,11670.29,3114.00
152.070333,11670.29,3114.00
152.171056,11670.29,3114.00
152.271675,11670.29,3114.00
152.372302,11670.29,3114.00
152.472776,11670.29,2374.00
152.573274,11670.29,2374.00
152.673823,11670.29,2374.00
152.774271,11670.29,2374.00
152.874751,11670.29,2374.00
152.975159,11670.29,2374.00
153.075640,11670.29,2374.00
153.176210,11670.29,2374.00
153.276867,11670.30,2374.00
153.377558,11670.30,2374.00
153.478201,11670.30,2374.00
153.578837,11670.30,2374.00
153.679462,11670.30,2374.00
153.780117,11670.30,2374.00
153.880769,11670.30,2374.00
153.981408,11670.30,2374.00
154.082044,11670.30,2394.00
154.182756,11670.30,2654.00
154.283380,11670.30,2894.00
154.383978,11670.30,3114.00
154.484464,11670.30,3194.00
154.584984,11670.30,3194.00
154.685474,11670.30,3194.00
154.785984,11670.30,3194.00
154.886430,11670.30,3194.00
154.986890,11670.30,3194.00
155.087591,11670.30,3194.00
155.188422,11670.30,3194.00
155.288922,11670.30,3194.00
155.389371,11670.30,3194.00
155.489953,11670.30,3194.00
155.590419,11670.30,3194.00
155.690883,11670.30,3194.00
155.791572,11670.30,3194.00
155.892454,11670.30,3194.00
155.993481,11670.30,3194.00
156.094138,11670.30,3194.00
156.194777,11670.30,3194.00
156.295404,11670.30,3194.00
156.396026,11670.30,3194.00
156.496654,11670.30,3194.00
156.597256,11670.30,3194.00
156.697886,11670.30,3194.00
156.798518,11670.30,3194.00
156.899127,11670.30,3194.00
156.999744,11670.30,3194.00
157.100348,11670.30,3194.00
157.200954,11670.30,3194.00
157.301568,11670.30,3194.00
157.402210,11670.30,3194.00
157.502849,11670.30,3194.00
157.603439,11670.30,3414.00
157.704035,11670.30,3654.00
157.804623,11670.30,3874.00
157.905206,11670.30,4034.00
158.005828,11670.30,4214.00
158.106451,11670.30,4414.00
158.207065,11670.30,4574.00
158.307691,11670.30,4794.00
158.408283,11670.30,4954.00
158.508899,11670.30,5114.00
158.609535,11670.30,5274.00
158.710040,11670.30,5214.00
158.810498,11670.30,5214.00
158.911004,11670.30,5214.00
159.011436,11670.30,5214.00
159.111930,11670.30,5214.00
159.212636,11670.30,5214.00
159.313072,11679.58,5214.00
159.413590,11679.58,5214.00
159.514349,11679.58,5214.00
159.615576,11679.58,5214.00
159.716379,11679.58,5214.00
159.817125,11679.58,5214.00
159.917917,11679.58,5214.00
160.018651,11679.58,5214.00
160.119319,11679.58,5214.00
160.220042,11679.58,5214.00
160.320759,11679.58,5214.00
160.421427,11679.58,5214.00
160.522117,11679.58,5214.00
160.622808,11679.58,5214.00
160.723459,11679.58,5214.00
160.824121,11679.58,5214.00
160.924658,11679.58,2734.00
161.025139,11679.58,2734.00
161.125628,11679.58,2734.00
161.226166,11679.58,2734.00
161.326696,11679.58,2734.00
161.427184,11679.58,2734.00
161.527755,11679.58,2734.00
161.628402,11679.58,2734.00
161.729209,11679.58,2734.00
161.830171,11679.58,2734.00
161.930790,11679.58,2734.00
162.031399,11679.58,2734.00
162.131938,11679.58,2734.00
162.232542,11679.58,2734.00
162.333144,11679.58,2734.00
162.433763,11679.58,2734.00
162.534345,11679.58,2734.00
162.634959,11679.58,2734.00
162.735601,11679.58,2734.00
162.836202,11679.58,2734.00
162.936827,11679.58,2734.00
163.037422,11679.58,2734.00
163.138014,11679.58,2794.00
163.238629,11679.58,2974.00
163.340403,11679.58,3174.00
163.441023,11679.58,3354.00
163.541664,11679.58,3594.00
163.642215,11679.58,3834.00
163.742821,11679.58,4014.00
163.843412,11679.58,4174.00
163.943983,11679.58,4374.00
164.044587,11679.58,4534.00
164.145186,11679.58,4714.00
164.245819,11679.58,4914.00
164.346400,11679.58,5074.00
164.447030,11679.58,5234.00
164.547540,11679.59,5276.00
164.648021,11679.59,5274.00
164.748520,11679.59,5276.00
164.848983,11679.59,5276.00
164.949453,11679.59,5276.00
165.049965,11679.59,5276.00
165.150492,11679.59,5276.00
165.251214,11679.59,5276.00
165.352193,11688.86,5276.00
165.453149,11698.13,5276.00
165.554193,11707.40,5276.00
165.655245,11707.40,5276.00
165.756353,11712.04,5276.00
165.857897,11712.04,5276.00
165.958733,11712.04,5276.00
166.059862,11712.04,5276.00
166.160493,11712.04,5276.00
166.261441,11712.04,5298.00
166.362120,11712.04,5298.00
166.462777,11712.04,5298.00
166.563434,11712.04,5298.00
166.664101,11712.04,5298.00
166.764761,11712.04,5298.00
166.865408,11712.04,5298.00
166.966070,11712.04,5298.00
167.066729,11712.04,5298.00
167.167364,11712.04,5298.00
167.267989,11712.04,5298.00
167.368632,11712.04,5298.00
167.469256,11712.04,5298.00
167.569892,11712.04,5298.00
167.670543,11712.04,5298.00
167.771184,11712.04,5298.00
167.871831,11712.04,5298.00
167.972474,11712.04,5298.00
168.073159,11712.04,5298.00
168.173796,11712.04,5298.00
168.274274,11712.04,5394.00
168.374805,11712.04,5394.00
168.475441,11712.04,5394.00
168.576148,11712.04,5346.00
168.676593,11712.04,5398.00
168.777074,11712.04,5350.00
168.877544,11712.04,5400.00
168.977990,11712.04,5400.00
169.078559,11712.04,5352.00
169.179008,11712.04,5398.00
169.279652,11712.04,5398.00
169.380223,11712.04,5398.00
169.480708,11712.04,5400.00
169.581157,11712.04,5400.00
169.681637,11712.04,5400.00
169.782102,11712.04,5400.00
169.882857,11712.04,5400.00
169.983451,11712.04,5400.00
170.083941,11712.04,5400.00
170.184681,11712.04,5350.00
170.285495,11712.04,5350.00
170.386042,11712.04,5350.00
170.486708,11712.04,5350.00
170.587500,11712.04,5350.00
170.688129,11712.04,5350.00
170.788964,11712.04,5350.00
170.889925,11719.20,5350.00
170.990588,11719.20,5350.00
171.091229,11719.20,5350.00
171.192725,11719.20,5350.00
171.293361,11719.20,5350.00
171.394029,11719.20,5350.00
171.494702,11719.20,5350.00
171.595365,11719.20,5350.00
171.696009,11719.20,5350.00
171.796643,11719.20,5350.00
171.897248,11719.20,5350.00
171.997884,11719.20,5350.00
172.098529,11719.20,5350.00
172.199147,11719.20,5350.00
172.299749,11719.20,5350.00
172.400375,11719.20,5350.00
172.501029,11719.20,5350.00
172.601635,11719.20,5350.00
172.702260,11719.20,5350.00
172.802898,11719.20,5350.00
172.903554,11719.20,5350.00
173.004202,11719.20,5350.00
173.104855,11719.20,5350.00
173.205572,11719.20,5350.00
173.310940,11719.20,5350.00
173.411567,11719.20,5350.00
173.512996,11719.20,5350.00
173.616283,11719.20,5350.00
173.716921,11719.20,5256.00
173.817431,11719.20,5256.00
173.917938,11719.20,5256.00
174.018426,11719.20,5256.00
174.118897,11723.83,5256.00
174.219436,11737.74,5256.00
174.319968,11737.74,5256.00
174.420969,11737.74,5256.00
174.522186,11737.74,5256.00
174.623507,11737.74,5256.00
174.724598,11737.74,5256.00
174.825833,11737.74,5256.00
174.927009,11737.75,5256.00
175.027705,11737.75,5256.00
175.128340,11737.75,5256.00
175.228980,11737.75,5256.00
175.329702,11737.75,5256.00
175.430357,11737.75,5256.00
175.530984,11737.75,5256.00
175.631627,11737.75,5256.00
175.732135,11737.75,2414.00
175.832603,11737.75,2414.00
175.933037,11737.75,2414.00
176.033541,11737.75,2414.00
176.133978,11737.75,2414.00
176.234427,11737.75,2414.00
176.334896,11737.75,2414.00
176.435350,11737.75,2414.00
176.535910,11737.75,2414.00
176.636414,11737.75,2416.00
176.737047,11737.75,2416.00
176.837695,11737.75,2416.00
176.938334,11737.75,2416.00
177.038965,11737.75,2416.00
177.139641,11737.75,2416.00
177.240266,11737.75,2416.00
177.340899,11737.75,2416.00
177.441502,11737.75,2416.00
177.542109,11737.75,2436.00
177.642721,11737.75,2616.00
177.743338,11737.75,2856.00
177.843955,11737.75,3096.00
177.944605,11737.75,3356.00
178.045226,11737.75,3676.00
178.145852,11737.75,3936.00
178.246461,11737.75,4076.00
178.347067,11737.75,4276.00
178.447692,11737.75,4456.00
178.548291,11737.75,4616.00
178.648884,11737.75,4856.00
178.749472,11737.75,4996.00
178.850123,11737.75,5156.00
178.950755,11737.75,5296.00
179.051262,11737.75,5258.00
179.151728,11737.75,5258.00
179.252213,11737.75,5260.00
179.352749,11742.00,5258.00
179.453277,11742.00,5260.00
179.553783,11751.27,5258.00
179.654240,11755.91,5260.00
179.754771,11755.91,5260.00
179.855270,11765.18,5260.00
179.955752,11769.82,5260.00
180.056216,11769.82,5260.00
180.156771,11769.82,5260.00
180.257267,11769.82,5260.00
180.357906,11769.82,5260.00
180.458461,11769.82,5260.00
180.559186,11769.82,5260.00
180.660152,11769.82,5260.00
180.760982,11769.82,5278.00
180.861579,11769.82,5278.00
180.962214,11769.82,5278.00
181.062841,11769.82,5278.00
181.163434,11769.82,5278.00
181.264067,11769.82,5278.00
181.364700,11769.82,5278.00
181.465317,11769.82,5278.00
181.565939,11769.82,5278.00
181.666562,11769.82,5278.00
181.767190,11769.82,5278.00
181.867848,11769.82,5278.00
181.968486,11769.82,5278.00
182.069129,11769.82,5278.00
182.169809,11769.82,5278.00
182.270546,11769.82,5278.00
182.371205,11769.82,5278.00
182.471852,11769.82,5278.00
182.572505,11769.82,5278.00
182.673059,11769.82,5414.00
182.773586,11769.82,5414.00
182.874082,11769.82,5372.00
182.974595,11769.82,5414.00
183.075188,11769.82,5394.00
183.175817,11769.82,5416.00
183.276279,11769.82,5416.00
183.376834,11769.82,5416.00
183.477402,11769.82,5396.00
183.577996,11769.82,5416.00
183.678679,11769.82,5436.00
183.779474,11769.82,5414.00
183.880282,11769.82,5394.00
183.980971,11769.82,5394.00
184.081613,11769.82,5436.00
184.182065,11769.82,5436.00
184.282503,11769.82,5436.00
184.383194,11769.82,5394.00
184.484111,11769.82,5394.00
184.585172,11769.82,5394.00
184.686151,11769.82,5394.00
184.787156,11769.82,5394.00
184.888189,11769.82,5394.00
184.990068,11769.82,5394.00
185.090795,11769.82,5394.00
185.192062,11769.82,5394.00
185.292738,11769.82,5394.00
185.393457,11769.82,5394.00
185.494101,11769.82,5394.00
185.594728,11769.82,5394.00
185.695324,11769.82,5394.00
185.795791,11769.82,1932.00
185.896273,11769.82,1932.00
185.996690,11769.82,1932.00
186.097158,11769.82,1932.00
186.197629,11769.82,1932.00
186.298057,11769.82,1932.00
186.398563,11769.82,1932.00
186.499060,11769.82,1932.00
186.599972,11769.82,1932.00
186.700591,11769.82,1932.00
186.801192,11769.82,1932.00
186.901779,11769.82,1932.00
187.002352,11769.82,1932.00
187.102928,11769.82,1932.00
187.203529,11769.82,1932.00
187.303999,11769.82,1812.00
187.404485,11769.82,1812.00
187.504989,11769.82,1812.00
187.605629,11769.82,1812.00
187.706074,11769.82,1812.00
187.806517,11769.82,1812.00
187.907103,11769.82,1812.00
188.008030,11769.82,1812.00
188.108647,11769.82,1812.00
188.209233,11769.82,1812.00
188.309836,11769.82,1812.00
188.410441,11769.82,1812.00
188.511066,11769.82,1812.00
188.611670,11769.82,1812.00
188.712259,11769.82,1952.00
188.812830,11769.82,2132.00
188.916514,11769.82,2412.00
189.017089,11769.82,2352.00
189.117732,11769.82,2352.00
189.218216,11769.82,2352.00
189.318694,11769.82,2352.00
189.419184,11769.82,2352.00
189.519866,11769.82,2352.00
189.620373,11769.82,2352.00
189.720897,11769.82,2352.00
189.821618,11769.82,2352.00
189.922329,11769.82,2352.00
190.023155,11769.82,2352.00
190.123767,11769.82,2352.00
190.224375,11769.82,2352.00
190.324966,11769.82,2352.00
190.425601,11769.82,2352.00
190.526198,11769.82,2352.00
190.626807,11769.82,2352.00
190.727377,11769.82,2352.00
190.827963,11769.82,2352.00
190.928511,11769.82,2352.00
191.029084,11769.82,2352.00
191.129647,11769.82,2492.00
191.230229,11769.82,2392.00
191.330989,11769.82,2392.00
191.431881,11769.82,2392.00
191.532552,11769.82,2392.00
191.633335,11769.82,2392.00
191.733958,11769.82,2392.00
191.834757,11769.82,2392.00
191.935748,11769.82,2392.00
192.036702,11769.82,2392.00
192.137335,11769.82,2392.00
192.237953,11769.82,2392.00
192.338576,11769.82,2392.00
192.439206,11769.82,2392.00
192.539845,11769.82,2392.00
192.640484,11769.82,2392.00
192.740994,11769.83,2052.00
192.841451,11769.83,2052.00
192.941918,11769.84,2052.00
193.042373,11769.84,2052.00
193.142828,11769.84,2052.00
193.243304,11769.84,2052.00
193.343761,11769.84,2052.00
193.444241,11769.84,2052.00
193.544858,11769.84,2052.00
193.645713,11769.84,2052.00
193.746354,11769.84,2052.00
193.846982,11769.84,2052.00
193.947655,11769.84,2052.00
194.048296,11769.84,2052.00
194.148957,11769.84,2052.00
194.249618,11769.84,2052.00
194.350146,11769.84,1872.00
194.450575,11769.84,1872.00
194.551022,11769.84,1872.00
194.651444,11769.84,1872.00
194.751905,11769.84,1872.00
194.852324,11769.84,1872.00
194.952808,11769.84,1872.00
195.053339,11769.84,1872.00
195.153864,11769.84,1872.00
195.254407,11769.85,1872.00
195.354910,11769.85,1872.00
195.455377,11769.85,1872.00
195.555879,11769.85,1872.00
195.656455,11769.85,1872.00
195.756997,11769.85,1872.00
195.857791,11769.85,1872.00
195.958420,11769.85,1872.00
196.059050,11769.85,1872.00
196.159684,11769.85,1872.00
196.260306,11769.85,1872.00
196.360944,11769.85,1872.00
196.461580,11769.85,2032.00
196.562213,11769.85,2292.00
196.662859,11769.85,2512.00
196.763526,11769.85,2752.00
196.864161,11769.85,2952.00
196.964964,11769.85,3192.00
197.065498,11769.85,3092.00
197.165964,11769.85,3092.00
197.266458,11769.85,3092.00
197.366972,11769.85,3092.00
197.467611,11769.85,3092.00
197.568274,11769.85,3092.00
197.668803,11769.85,3092.00
197.769301,11769.85,3092.00
197.869793,11769.85,3092.00
197.970382,11769.85,3092.00
198.070971,11769.85,3092.00
198.171751,11769.85,3092.00
198.272343,11769.85,3092.00
198.372965,11769.85,3092.00
198.473582,11769.85,3092.00
198.574179,11769.85,3092.00
198.674755,11769.85,3092.00
198.775341,11769.85,3092.00
198.875946,11769.85,3092.00
198.976537,11769.85,3092.00
199.077110,11769.85,3092.00
199.177685,11769.85,3092.00
199.278260,11769.85,3092.00
199.378870,11769.85,3092.00
199.479474,11769.85,3092.00
199.580078,11769.85,3092.00
199.680704,11769.85,3092.00
199.781211,11769.85,3152.00
199.881654,11769.85,3152.00
199.982130,11769.85,3152.00
200.082642,11769.85,3152.00
200.183335,11769.85,3152.00
200.283954,11769.85,3152.00
200.384406,11769.85,3152.00
200.484991,11769.85,3152.00
200.585469,11769.85,3152.00
200.686095,11769.85,3152.00
200.786632,11769.85,3152.00
200.887256,11769.85,3152.00
200.988098,11769.85,3152.00
201.089108,11769.85,3152.00
201.190075,11769.86,3152.00
201.290712,11769.86,3152.00
201.391484,11769.86,3152.00
201.492235,11769.86,3152.00
201.593005,11769.86,3152.00
201.693796,11769.86,3152.00
201.794577,11769.86,3152.00
201.895348,11769.86,3152.00
201.995871,11769.86,2372.00
202.096366,11769.86,2372.00
202.196892,11769.86,2372.00
202.297311,11769.86,2372.00
202.397862,11769.86,2372.00
202.498342,11769.86,2372.00
202.598876,11769.86,2372.00
202.699419,11769.86,2372.00
202.800160,11769.86,2372.00
202.900782,11769.86,2372.00
203.001379,11769.86,2372.00
203.101955,11769.86,2372.00
203.202552,11769.86,2372.00
203.303167,11769.86,2372.00
203.403798,11769.86,2372.00
203.504411,11769.86,2372.00
203.605041,11769.86,2372.00
203.705670,11769.86,2372.00
203.806274,11769.86,2372.00
203.906837,11769.86,2472.00
204.007422,11769.86,2672.00
204.108045,11769.86,2852.00
204.208659,11769.86,3032.00
204.309256,11769.86,3152.00
204.409757,11769.86,3172.00
204.510272,11769.86,3172.00
204.610809,11769.86,3172.00
204.711261,11769.86,3172.00
204.811703,11769.86,3172.00
204.912164,11769.86,3172.00
205.012747,11769.86,3172.00
205.113433,11769.86,3172.00
205.213974,11769.86,3172.00
205.314539,11769.86,3172.00
205.415013,11769.86,3172.00
205.515503,11769.86,3172.00
205.616306,11769.86,3172.00
205.717288,11769.86,3172.00
205.817839,11769.86,3172.00
205.918472,11769.87,3172.00
206.019093,11769.87,3172.00
206.119674,11769.87,3172.00
206.220280,11769.87,3172.00
206.320882,11769.87,3172.00
206.421500,11769.87,3172.00
206.522105,11769.87,3172.00
206.622730,11769.87,3172.00
206.723384,11769.87,3172.00
206.823953,11769.87,3172.00
206.924622,11769.87,3172.00
207.025199,11769.87,3172.00
207.125804,11769.87,3172.00
207.226385,11769.87,3172.00
207.326966,11769.87,3172.00
207.427573,11769.87,3232.00
207.528178,11769.87,3452.00
207.628798,11769.87,3692.00
207.729409,11769.87,3892.00
207.830017,11769.87,4052.00
207.930644,11769.87,4232.00
208.031249,11769.87,4432.00
208.131873,11769.87,4572.00
208.232488,11769.87,4812.00
208.333071,11769.87,4952.00
208.433672,11769.87,5112.00
208.534298,11769.87,5252.00
208.634854,11769.87,5212.00
208.735350,11769.87,5212.00
208.835894,11769.87,5212.00
208.936370,11769.87,5212.00
209.036825,11769.87,5212.00
209.137329,11769.87,5212.00
209.237890,11769.87,5212.00
209.338494,11769.87,5212.00
209.439165,11769.87,5212.00
209.540172,11769.87,5212.00
209.641066,11769.87,5212.00
209.741785,11769.87,5212.00
209.842418,11769.87,5212.00
209.943045,11769.87,5212.00
210.043680,11769.87,5212.00
210.144308,11769.87,5212.00
210.244963,11769.87,5212.00
210.345588,11769.87,5212.00
210.446208,11769.87,5212.00
210.546815,11769.87,5212.00
210.647433,11769.87,5212.00
210.748020,11769.87,5212.00
210.848636,11769.87,5212.00
210.949249,11769.87,5212.00
211.049788,11769.87,4652.00
211.150275,11769.87,2692.00
211.250754,11769.87,2692.00
211.351252,11769.87,2692.00
211.451716,11769.88,2692.00
211.552217,11769.88,2692.00
211.652720,11769.89,2692.00
211.753197,11769.89,2692.00
211.853900,11769.89,2692.00
211.954739,11769.89,2692.00
212.055703,11769.89,2692.00
212.156265,11769.89,2692.00
212.256883,11769.89,2692.00
212.357525,11769.89,2692.00
212.458153,11769.89,2692.00
212.558803,11769.89,2692.00
212.659433,11769.89,2692.00
212.760067,11769.89,2692.00
212.860726,11769.89,2692.00
212.961349,11769.89,2752.00
213.061981,11769.89,3012.00
213.162640,11769.89,3232.00
213.263243,11769.89,3552.00
213.363880,11769.89,3852.00
213.464521,11769.89,4072.00
213.565170,11769.89,4332.00
213.665825,11769.89,4552.00
213.766473,11769.89,4852.00
213.867108,11769.89,5052.00
213.967770,11769.89,5252.00
214.068267,11769.90,5314.00
214.168780,11769.90,5314.00
214.269242,11769.90,5312.00
214.369801,11769.90,5314.00
214.470321,11769.90,5316.00
214.570963,11769.90,5314.00
214.671446,11769.90,5314.00
214.772152,11769.90,5314.00
214.872646,11769.90,5314.00
214.973215,11769.90,5316.00
215.073705,11769.90,5314.00
215.174472,11769.90,5314.00
215.275015,11769.90,5314.00
215.375710,11769.90,5314.00
215.476245,11769.90,5314.00
215.577131,11769.90,5336.00
215.677790,11769.90,5336.00
215.778446,11769.90,5336.00
215.879098,11769.90,5336.00
215.979739,11769.90,5336.00
216.080371,11769.90,5336.00
216.180988,11769.90,5336.00
216.281630,11769.90,5336.00
216.382276,11769.90,5336.00
216.482929,11769.90,5336.00
216.583582,11769.90,5336.00
216.684210,11769.90,5336.00
216.784865,11769.90,5336.00
216.885509,11769.90,5336.00
216.986144,11769.90,5336.00
217.086778,11769.90,5336.00
217.187428,11769.90,5336.00
217.288180,11769.90,5336.00
217.388796,11769.90,5336.00
217.489470,11769.90,5336.00
217.589954,11769.90,5392.00
217.690400,11769.90,5410.00
217.790865,11769.90,5392.00
217.891389,11769.90,5368.00
217.991905,11769.90,5392.00
218.092486,11769.90,5392.00
218.192950,11769.90,5392.00
218.293405,11769.90,5392.00
218.393839,11769.90,5392.00
218.494298,11769.90,5392.00
218.594748,11769.90,5392.00
218.695255,11769.90,5368.00
218.795745,11769.90,5368.00
218.896324,11769.90,5392.00
218.996791,11769.90,5392.00
219.097252,11769.90,5416.00
219.197723,11769.90,5392.00
219.298145,11769.90,5416.00
219.398619,11769.90,5416.00
219.499201,11769.91,5368.00
219.599914,11769.91,5368.00
219.700670,11769.91,5368.00
219.801203,11769.91,5368.00
219.901743,11769.91,5368.00
220.002209,11769.91,5368.00
220.103083,11723.68,5368.00
220.203744,11723.68,5368.00
220.304402,11723.68,5368.00
220.405064,11723.68,5368.00
220.506090,11723.68,5368.00
220.606733,11723.68,5368.00
220.707378,11723.68,5368.00
220.808010,11723.68,5368.00
220.908668,11723.68,5368.00
221.009328,11723.68,5368.00
221.109973,11723.68,5368.00
221.210654,11723.68,5368.00
221.311309,11723.68,5368.00
221.411957,11723.68,5368.00
221.512619,11723.68,5368.00
221.613273,11723.68,5368.00
221.713934,11723.68,5368.00
221.814583,11723.68,5368.00
221.915225,11723.68,5368.00
222.015879,11723.68,5368.00
222.116412,11723.68,5276.00
222.217001,11723.68,5276.00
222.317463,11723.68,5276.00
222.418036,11728.18,5276.00
222.518517,11732.82,5276.00
222.619121,11732.82,5276.00
222.719677,11732.82,5276.00
222.820284,11732.82,5276.00
222.921036,11732.82,5276.00
223.021730,11732.82,5276.00
223.122407,11732.82,5276.00
223.223224,11732.82,5276.00
223.324455,11732.82,5276.00
223.425122,11732.82,5276.00
223.525765,11732.82,5276.00
223.626411,11732.82,5276.00
223.727065,11732.82,5276.00
223.827729,11732.82,5276.00
223.928383,11732.82,5276.00
224.029003,11732.82,5276.00
224.129592,11732.82,2394.00
224.230084,11732.82,2394.00
224.330583,11732.82,2394.00
224.431126,11732.82,2394.00
224.531579,11732.82,2394.00
224.632020,11732.82,2394.00
224.732454,11732.82,2394.00
224.832998,11732.82,2394.00
224.933637,11732.82,2394.00
225.034370,11732.82,2394.00
225.135234,11732.82,2394.00
225.235835,11732.82,2394.00
225.336453,11732.82,2394.00
225.437079,11732.82,2394.00
225.537652,11732.82,2394.00
225.638208,11732.82,2394.00
225.738806,11732.82,2394.00
225.839388,11732.82,2394.00
225.939908,11732.82,2394.00
226.040523,11732.82,2394.00
226.141122,11732.82,2394.00
226.241734,11732.82,2434.00
226.342295,11732.82,2574.00
226.442897,11732.82,2714.00
226.543467,11732.82,2914.00
226.644065,11732.82,3094.00
226.744671,11732.82,3254.00
226.845252,11732.82,3494.00
226.945880,11732.82,3714.00
227.046487,11732.82,3934.00
227.147076,11732.82,4074.00
227.247685,11732.82,4274.00
227.348268,11732.82,4454.00
227.448924,11732.82,4614.00
227.549550,11732.82,4834.00
227.650143,11732.82,4994.00
227.750733,11732.82,5154.00
227.851339,11732.82,5294.00
227.951844,11732.83,5296.00
228.052442,11732.83,5296.00
228.152927,11732.83,5296.00
228.253390,11732.83,5296.00
228.353865,11732.83,5298.00
228.454491,11732.83,5296.00
228.555132,11732.83,5296.00
228.655688,11732.83,5296.00
228.756161,11732.83,5296.00
228.921118,11732.83,5296.00
229.021729,11732.83,5298.00
229.122213,11732.83,5296.00
229.222748,11732.83,5296.00
229.323261,11732.83,5296.00
229.423944,11732.83,5296.00
229.524642,11732.83,5296.00
229.625469,11732.83,5296.00
229.726074,11732.83,5296.00
229.826701,11732.83,5296.00
229.927324,11732.83,5296.00
230.027964,11732.83,5296.00
230.128589,11732.83,5296.00
230.229196,11732.83,5296.00
230.329816,11732.83,5296.00
230.430422,11732.83,5296.00
230.531023,11732.83,5296.00
230.631661,11732.83,5296.00
230.732287,11732.83,5296.00
230.832885,11732.83,5296.00
230.933519,11732.83,5296.00
231.034149,11732.83,5296.00
231.134793,11732.83,5296.00
231.235410,11732.83,5296.00
231.336040,11732.83,5296.00
231.436678,11732.83,5296.00
231.537308,11732.83,5296.00
231.637920,11732.83,5296.00
231.738532,11732.83,5296.00
231.839128,11732.83,5296.00
231.939763,11732.83,5296.00
232.040394,11732.83,5296.00
232.140953,11732.83,5296.00
232.241565,11732.83,5296.00
232.342093,11732.83,5414.00
232.442586,11732.83,5414.00
232.543038,11732.83,5394.00
232.643661,11732.83,5394.00
232.744174,11732.83,5414.00
232.844695,11732.83,5394.00
232.945172,11732.83,5414.00
233.045644,11732.83,5416.00
233.146169,11732.83,5396.00
233.247008,11734.51,5416.00
233.348926,11740.55,5394.00
233.449369,11740.55,5416.00
233.550158,11740.55,5416.00
233.652819,11740.55,5396.00
233.753361,11740.55,5414.00
233.853858,11740.55,5374.00
233.954359,11740.55,5414.00
234.054864,11740.55,5394.00
234.155415,11740.55,5394.00
234.256081,11740.55,5394.00
234.356834,11740.55,5394.00
234.457946,11740.55,5394.00
234.558739,11740.55,5394.00
234.659525,11740.55,5394.00
234.760142,11740.55,5394.00
234.860795,11740.55,5394.00
234.961459,11740.55,5394.00
235.062113,11740.55,5394.00
235.162761,11740.55,5394.00
235.263240,11740.55,1934.00
235.363779,11740.55,1934.00
235.464266,11740.55,1934.00
235.564852,11740.55,1934.00
235.665292,11740.55,1934.00
235.765712,11740.55,1934.00
235.866224,11740.55,1934.00
235.966786,11740.55,1934.00
236.067410,11740.55,1934.00
236.168041,11740.55,1934.00
236.268684,11740.55,1934.00
236.369304,11740.55,1934.00
236.469946,11740.55,1934.00
236.570473,11740.56,1794.00
236.670922,11740.56,1794.00
236.771370,11740.56,1794.00
236.871822,11740.56,1794.00
236.972249,11740.56,1794.00
237.072621,11740.56,1794.00
237.173194,11740.56,1794.00
237.273635,11740.56,1794.00
237.374234,11740.56,1794.00
237.474866,11740.56,1794.00
237.575483,11740.56,1794.00
237.676089,11740.56,1794.00
237.776695,11740.56,1794.00
237.877316,11740.56,2014.00
237.977914,11740.56,2294.00
238.078465,11740.56,2414.00
238.178946,11740.56,2414.00
238.279460,11740.56,2414.00
238.380057,11740.56,2414.00
238.480681,11740.56,2414.00
238.581291,11740.56,2414.00
238.681986,11740.56,2414.00
238.782483,11740.56,2414.00
238.883080,11740.56,2414.00
238.983748,11740.56,2414.00
239.084467,11740.56,2414.00
239.185106,11740.56,2414.00
239.285742,11740.56,2414.00
239.386374,11740.56,2414.00
239.486985,11740.56,2414.00
239.587588,11740.56,2414.00
239.688226,11740.56,2414.00
239.788864,11740.56,2414.00
239.889437,11740.56,2434.00
239.989827,11740.56,2434.00
240.090307,11740.56,2434.00
240.190835,11740.56,2434.00
240.291324,11740.56,2434.00
240.391982,11740.56,2434.00
240.492608,11740.56,2434.00
240.593266,11740.56,2434.00
240.693833,11740.56,2434.00
240.794429,11740.56,2434.00
240.895063,11740.56,2434.00
240.995730,11740.56,2434.00
241.096347,11740.56,2434.00
241.196974,11740.56,2434.00
241.297597,11740.56,2434.00
241.398233,11740.56,2434.00
241.498690,11740.56,2054.00
241.599116,11740.56,2054.00
241.699629,11740.57,2054.00
241.800063,11740.57,2054.00
241.900513,11740.57,2054.00
242.001210,11740.57,2054.00
242.101920,11740.58,2054.00
242.202529,11740.58,2054.00
242.303281,11740.58,2054.00
242.404089,11740.58,2054.00
242.504687,11740.58,2054.00
242.605308,11740.58,2054.00
242.705956,11740.58,2054.00
242.806589,11740.58,2054.00
242.907227,11740.58,2054.00
243.007800,11740.58,1874.00
243.108493,11740.58,1874.00
243.208939,11740.58,1874.00
243.309396,11740.58,1874.00
243.409904,11740.58,1874.00
243.510423,11740.58,1874.00
243.610949,11740.58,1874.00
243.711372,11740.58,1874.00
243.811926,11740.58,1874.00
243.912430,11740.58,1874.00
244.012892,11740.58,1874.00
244.113393,11740.58,1874.00
244.213857,11740.58,1874.00
244.314318,11740.58,1874.00
244.414776,11740.59,1874.00
244.515374,11740.59,1874.00
244.616278,11740.59,1874.00
244.716866,11740.59,1874.00
244.817457,11740.59,1874.00
244.918079,11740.59,1874.00
245.018641,11740.59,1874.00
245.119229,11740.59,1874.00
245.219808,11740.59,1874.00
245.320350,11740.59,1874.00
245.420935,11740.59,1934.00
245.521525,11740.59,2094.00
245.622100,11740.59,2294.00
245.722697,11740.59,2454.00
245.823276,11740.59,2654.00
245.923855,11740.59,2814.00
246.024430,11740.59,2974.00
246.125007,11740.59,3114.00
246.225521,11740.59,3134.00
246.326020,11740.59,3134.00
246.426502,11740.59,3134.00
246.527018,11740.59,3134.00
246.627423,11740.59,3134.00
246.727907,11740.59,3134.00
246.828413,11740.59,3134.00
246.928827,11740.59,3134.00
247.029334,11740.59,3134.00
247.129763,11740.59,3134.00
247.230291,11740.59,3134.00
247.330877,11740.59,3134.00
247.431514,11740.59,3134.00
247.533095,11740.59,3134.00
247.633741,11740.59,3134.00
247.734352,11740.59,3134.00
247.834971,11740.59,3134.00
247.935594,11740.59,3134.00
248.036191,11740.59,3134.00
248.136802,11740.59,3134.00
248.237421,11740.59,3134.00
248.338037,11740.59,3134.00
248.438684,11740.59,3134.00
248.539212,11740.59,3154.00
248.639672,11740.59,3154.00
248.740122,11740.59,3154.00
248.840597,11740.59,3154.00
248.941073,11740.59,3154.00
249.041545,11740.59,3154.00
249.142009,11740.59,3154.00
249.242531,11740.59,3154.00
249.342955,11740.59,3154.00
249.443431,11745.22,3154.00
249.543928,11745.22,3154.00
249.644481,11745.22,3154.00
249.744961,11745.22,3154.00
249.845832,11745.22,3154.00
249.946435,11745.22,3154.00
250.047281,11745.22,3154.00
250.147909,11745.22,3154.00
250.248536,11745.22,3154.00
250.349146,11745.22,3154.00
250.449785,11745.22,3154.00
250.550412,11745.22,3154.00
250.651048,11745.22,3154.00
250.751517,11745.23,2394.00
250.852004,11745.23,2394.00
250.952471,11745.23,2394.00
251.052957,11745.23,2394.00
251.153471,11745.23,2394.00
251.253915,11745.23,2394.00
251.354404,11745.23,2394.00
251.454875,11745.23,2394.00
251.555584,11745.23,2394.00
251.656593,11754.50,2394.00
251.757184,11754.50,2394.00
251.857791,11754.50,2394.00
251.958391,11754.50,2394.00
252.058998,11754.50,2394.00
252.159641,11754.50,2394.00
252.260228,11754.50,2394.00
252.360847,11754.50,2394.00
252.461445,11754.50,2394.00
252.562081,11754.50,2394.00
252.662704,11754.50,2414.00
252.763294,11754.50,2574.00
252.863876,11754.50,2814.00
252.964491,11754.50,2934.00
253.065088,11754.50,3134.00
253.165627,11754.50,3174.00
253.266117,11754.50,3174.00
253.366620,11754.50,3174.00
253.467278,11754.50,3174.00
253.567871,11754.50,3174.00
253.668495,11754.50,3174.00
253.769056,11754.50,3174.00
253.869754,11754.50,3174.00
253.970249,11754.50,3174.00
254.070817,11754.50,3174.00
254.171462,11754.50,3174.00
254.272096,11754.50,3174.00
254.372773,11754.50,3174.00
254.473418,11754.50,3174.00
254.574088,11754.50,3174.00
254.674751,11754.50,3174.00
254.775388,11754.50,3174.00
254.876058,11754.50,3174.00
254.976731,11754.50,3174.00
255.077379,11754.50,3174.00
255.177984,11754.50,3174.00
255.278635,11754.50,3174.00
255.379305,11754.50,3174.00
255.480097,11754.50,3354.00
255.580894,11754.50,3654.00
255.681717,11754.50,3934.00
255.782508,11754.50,4154.00
255.883282,11754.50,4414.00
255.983995,11754.50,4614.00
256.084775,11754.50,4894.00
256.185571,11754.50,5094.00
256.286134,11754.50,5274.00
256.386732,11754.50,5274.00
256.487292,11754.50,5274.00
256.587881,11754.50,5274.00
256.688330,11754.50,5274.00
256.788806,11754.50,5274.00
256.889298,11759.14,5274.00
256.989943,11759.14,5274.00
257.090607,11759.14,5274.00
257.191248,11759.14,5274.00
257.291719,11759.14,5274.00
257.392518,11759.14,5274.00
257.493257,11759.14,5274.00
257.593906,11759.14,5274.00
257.694559,11759.14,5274.00
257.795187,11759.14,5274.00
257.895847,11759.14,5274.00
257.996483,11759.14,5274.00
258.097122,11759.14,5274.00
258.197739,11759.14,5274.00
258.298366,11759.14,5274.00
258.398884,11759.14,4994.00
258.499466,11759.14,2714.00
258.599907,11759.14,2714.00
258.700338,11759.14,2714.00
258.800947,11759.14,2714.00
258.901413,11759.14,2714.00
259.001832,11759.14,2714.00
259.102314,11759.14,2714.00
259.202871,11759.14,2714.00
259.303491,11759.14,2714.00
259.404315,11759.14,2714.00
259.504952,11759.14,2714.00
259.605573,11759.14,2714.00
259.706172,11759.14,2714.00
259.806780,11759.14,2714.00
259.907385,11759.14,2714.00
260.008009,11759.14,2714.00
260.108655,11759.14,2714.00
260.209281,11759.14,2714.00
260.309896,11759.14,2714.00
260.410520,11759.14,2714.00
260.511125,11759.14,2714.00
260.611746,11759.14,2714.00
260.712358,11759.14,2734.00
260.812928,11759.14,2934.00
260.913548,11759.14,3114.00
261.014174,11759.14,3274.00
261.114773,11759.14,3514.00
261.215398,11759.14,3734.00
261.316024,11759.14,3934.00
261.416666,11759.14,4074.00
261.517304,11759.14,4254.00
261.617940,11759.14,4454.00
261.718567,11759.14,4614.00
261.819189,11759.14,4814.00
261.919790,11759.14,4974.00
262.020433,11759.14,5134.00
262.121061,11759.14,5274.00
262.221749,11759.14,5254.00
262.322277,11759.14,5254.00
262.422799,11759.14,5254.00
262.523472,11759.14,5254.00
262.624055,11759.14,5254.00
262.724641,11759.14,5254.00
262.825159,11759.14,5254.00
262.925823,11759.14,5254.00
263.026419,11759.14,5254.00
263.127061,11759.14,5254.00
263.227783,11759.14,5254.00
263.328572,11759.14,5254.00
263.429257,11759.14,5254.00
263.530050,11759.14,5254.00
263.630926,11759.14,5276.00
263.731715,11759.14,5276.00
263.832507,11759.14,5276.00
263.933267,11759.14,5276.00
264.034076,11759.14,5276.00
264.134837,11759.14,5276.00
264.235622,11759.14,5276.00
264.336416,11759.14,5276.00
264.437162,11759.14,5276.00
264.537942,11759.14,5276.00
264.638734,11759.14,5276.00
264.739527,11759.14,5276.00
264.840273,11759.14,5276.00
264.941060,11759.14,5276.00
265.041835,11759.14,5276.00
265.142626,11759.14,5276.00
265.243401,11759.14,5276.00
265.344172,11759.14,5276.00
265.444963,11759.14,5276.00
265.545760,11759.14,5276.00
265.646334,11759.14,5370.00
265.746893,11759.14,5370.00
265.847338,11759.14,5370.00
265.947907,11759.14,5370.00
266.048389,11759.14,5370.00
266.148905,11759.14,5394.00
266.249386,11759.14,5370.00
266.349905,11759.14,5394.00
266.450546,11759.14,5370.00
266.551357,11759.14,5394.00
266.651959,11759.14,5394.00
266.752568,11759.14,5394.00
266.852988,11759.14,5396.00
266.953431,11759.14,5394.00
267.053819,11759.14,5394.00
267.154450,11759.14,5394.00
267.255061,11759.14,5372.00
267.355566,11759.14,5396.00
267.456122,11759.14,5370.00
267.556761,11759.14,5370.00
267.657357,11759.14,5370.00
267.757944,11759.14,5370.00
267.858522,11759.14,5370.00
267.959077,11759.14,5370.00
268.059932,11759.14,5370.00
268.160589,11759.14,5370.00
268.261233,11759.14,5370.00
268.361897,11759.14,5370.00
268.462522,11759.14,5370.00
268.563165,11759.14,5370.00
268.663814,11759.14,5370.00
268.764462,11759.14,5370.00
268.865106,11759.14,5370.00
268.965766,11759.14,5370.00
269.066418,11759.14,5370.00
269.167071,11759.14,5370.00
269.267713,11759.14,5370.00
269.368329,11759.14,5370.00
269.468976,11759.14,5370.00
269.569745,11759.14,5370.00
269.670512,11759.14,5370.00
269.771278,11759.14,5370.00
269.872048,11759.14,5370.00
269.972824,11759.14,5370.00
270.073484,11759.14,5278.00
270.174122,11759.14,5278.00
270.274784,11759.14,5278.00
270.375319,11759.14,5278.00
270.475813,11759.14,5278.00
270.576440,11759.14,5278.00
270.677074,11759.14,5278.00
270.777784,11759.14,5278.00
270.878439,11759.14,5278.00
270.979358,11759.14,5278.00
271.080266,11759.14,5278.00
271.181279,11759.14,5278.00
271.282068,11759.14,5278.00
271.382834,11759.14,5278.00
271.483618,11759.14,5278.00
271.584383,11759.14,5278.00
271.685024,11759.14,5278.00
271.785802,11759.14,5278.00
271.886572,11759.14,5278.00
271.987139,11759.14,2394.00
272.087705,11759.14,2394.00
272.188349,11759.14,2394.00
272.289006,11759.14,2374.00
272.389620,11759.14,2394.00
272.490230,11759.14,2394.00
272.590856,11759.14,2394.00
272.691496,11759.14,2394.00
272.792221,11759.14,2394.00
272.893032,11759.14,2394.00
272.994267,11759.14,2394.00
273.094958,11759.14,2394.00
273.195547,11759.14,2394.00
273.296146,11759.14,2394.00
273.396767,11759.14,2394.00
273.497362,11759.14,2394.00
273.597915,11759.14,2394.00
273.698502,11759.14,2394.00
273.799107,11759.14,2394.00
273.899701,11759.14,2394.00
274.000306,11759.14,2394.00
274.100890,11759.14,2414.00
274.201481,11759.14,2514.00
274.302087,11759.14,2694.00
274.402710,11759.14,2854.00
274.503296,11759.14,3034.00
274.603871,11759.14,3214.00
274.704465,11759.14,3434.00
274.805078,11759.14,3634.00
274.905684,11759.14,3874.00
275.006274,11759.14,4054.00
275.106878,11759.14,4214.00
275.207503,11759.14,4394.00
275.308115,11759.14,4554.00
275.408743,11759.14,4754.00
275.509372,11759.14,4914.00
275.609989,11759.14,5094.00
275.710617,11759.14,5234.00
275.811139,11759.14,5254.00
275.911608,11759.14,5254.00
276.012162,11759.14,5256.00
276.112785,11759.14,5256.00
276.213244,11759.14,5256.00
276.313732,11759.14,5256.00
276.414297,11759.14,5256.00
276.514783,11762.23,5256.00
276.615249,11762.23,5256.00
276.715748,11766.87,5256.00
276.816290,11780.78,5254.00
276.916794,11785.41,5254.00
277.017436,11785.41,5254.00
277.118413,11785.41,5254.00
277.219461,11785.41,5254.00
277.320453,11785.41,5254.00
277.421533,11785.41,5254.00
277.522344,11785.41,5272.00
277.622959,11785.41,5272.00
277.723585,11785.41,5272.00
277.824202,11785.41,5272.00
277.924817,11785.41,5272.00
278.025435,11785.41,5272.00
278.126067,11785.41,5272.00
278.226696,11785.41,5272.00
278.327335,11785.41,5272.00
278.427961,11785.41,5272.00
278.528580,11785.41,5272.00
278.629170,11785.41,5272.00
278.729793,11785.41,5272.00
278.830397,11785.41,5272.00
278.931019,11785.41,5272.00
279.031635,11785.41,5272.00
279.132250,11785.41,5272.00
279.232904,11785.41,5272.00
279.333535,11785.41,5272.00
279.434155,11785.41,5272.00
279.534775,11785.41,5272.00
279.635384,11785.41,5272.00
279.735970,11785.41,5272.00
279.836592,11785.41,5272.00
279.937187,11785.41,5272.00
280.037795,11785.41,5272.00
280.138413,11785.41,5272.00
280.238950,11785.41,5390.00
280.339405,11785.41,5390.00
280.439995,11785.41,5390.00
280.540539,11785.41,5368.00
280.640988,11785.41,5410.00
280.741429,11785.41,5410.00
280.841965,11785.41,5410.00
280.942438,11785.41,5390.00
281.042899,11785.41,5410.00
281.143363,11785.41,5410.00
281.243932,11785.41,5392.00
281.344411,11785.41,5392.00
281.444935,11785.41,5392.00
281.545488,11785.41,5352.00
281.646484,11785.41,5392.00
281.747071,11785.41,5372.00
281.847765,11785.41,5352.00
281.948567,11785.41,5352.00
282.049463,11785.41,5352.00
282.150529,11785.41,5352.00
282.251203,11785.41,5352.00
282.352193,11785.41,5352.00
282.452924,11785.41,5352.00
282.553590,11785.41,5352.00
282.654242,11785.41,5352.00
282.754916,11785.41,5352.00
282.855713,11785.41,5352.00
282.956283,11785.41,4752.00
283.056901,11785.41,1950.00
283.157520,11785.41,1950.00
283.258068,11785.41,1950.00
283.358671,11785.41,1950.00
283.459132,11785.41,1950.00
283.559592,11785.41,1950.00
283.660041,11785.41,1950.00
283.760569,11785.41,1950.00
283.861250,11785.41,1950.00
283.961903,11785.41,1950.00
284.062539,11785.41,1950.00
284.163135,11785.41,1950.00
284.263757,11785.41,1950.00
284.364346,11785.41,1950.00
284.465173,11785.41,1950.00
284.566010,11785.41,1830.00
284.666626,11785.41,1830.00
284.767282,11785.41,1830.00
284.868090,11785.41,1830.00
284.968970,11785.41,1830.00
285.069642,11785.41,1830.00
285.170315,11785.41,1830.00
285.272057,11785.41,1830.00
285.372720,11785.41,1830.00
285.473379,11785.41,1830.00
285.573976,11785.41,1830.00
285.674629,11785.41,1830.00
285.775252,11785.41,1890.00
285.875867,11785.41,2130.00
285.976399,11785.41,2390.00
286.076825,11785.41,2350.00
286.177297,11785.41,2350.00
286.277787,11785.41,2350.00
286.378249,11785.41,2350.00
286.478711,11785.41,2350.00
286.579151,11785.41,2350.00
286.679672,11785.41,2350.00
286.780132,11785.41,2350.00
286.880684,11785.41,2350.00
286.981457,11785.41,2350.00
287.082086,11785.41,2350.00
287.182717,11785.41,2350.00
287.283288,11785.41,2350.00
287.383888,11785.41,2350.00
287.484542,11785.41,2350.00
287.585180,11785.41,2350.00
287.685837,11785.41,2350.00
287.786416,11785.41,2370.00
287.887045,11785.41,2410.00
287.987522,11785.41,2410.00
288.087999,11785.41,2410.00
288.188552,11785.41,2410.00
288.288993,11785.41,2410.00
288.389540,11785.41,2410.00
288.490123,11785.41,2410.00
288.590676,11785.41,2410.00
288.691519,11785.41,2410.00
288.792204,11785.41,2410.00
288.892787,11785.41,2410.00
288.993369,11785.41,2410.00
289.093928,11785.41,2410.00
289.194538,11785.41,2410.00
289.295122,11785.41,2410.00
289.395718,11785.41,2410.00
289.496297,11785.41,2410.00
289.596878,11785.41,2410.00
289.697459,11785.41,2410.00
289.797961,11785.41,2030.00
289.898577,11785.41,2030.00
289.999038,11785.41,2030.00
290.099492,11785.41,2030.00
290.200160,11785.41,2030.00
290.300603,11785.41,2030.00
290.401215,11785.41,2030.00
290.501721,11785.41,2030.00
290.602436,11785.41,2030.00
290.703307,11785.41,2030.00
290.803938,11785.41,2030.00
290.904597,11785.41,2030.00
291.005225,11785.41,2030.00
291.105962,11785.41,2030.00
291.206607,11785.41,2030.00
291.307098,11785.41,1870.00
291.407559,11785.41,1870.00
291.508076,11785.41,1870.00
291.608614,11785.41,1870.00
291.709209,11785.42,1870.00
291.809741,11785.42,1870.00
291.910265,11785.42,1870.00
292.010766,11785.42,1870.00
292.111280,11785.42,1870.00
292.212065,11785.42,1870.00
292.312643,11785.42,1870.00
292.413238,11785.42,1870.00
292.513834,11785.42,1870.00
292.614411,11785.42,1870.00
292.715002,11785.42,1870.00
292.815593,11785.42,1870.00
292.916197,11785.42,1870.00
293.016790,11785.42,1910.00
293.117377,11785.42,2050.00
293.217939,11785.42,2230.00
293.318524,11785.42,2290.00
293.422904,11785.42,2450.00
293.523482,11785.42,2470.00
293.624063,11785.42,2670.00
293.724678,11785.42,2870.00
293.825300,11785.42,3090.00
293.925834,11785.42,3110.00
294.026298,11785.42,3110.00
294.126777,11785.42,3110.00
294.227370,11785.42,3110.00
294.327870,11785.42,3110.00
294.428378,11785.42,3110.00
294.529175,11785.42,3110.00
294.629733,11785.42,3110.00
294.730366,11785.42,3110.00
294.831223,11785.42,3110.00
294.932081,11785.42,3110.00
295.032871,11785.42,3110.00
295.133612,11785.42,3110.00
295.234368,11785.42,3110.00
295.335154,11785.42,3110.00
295.435953,11785.42,3110.00
295.536724,11785.42,3110.00
295.637520,11785.42,3110.00
295.738293,11785.42,3110.00
295.839108,11785.42,3110.00
295.939927,11785.42,3110.00
296.040712,11785.42,3110.00
296.141272,11785.42,3130.00
296.241777,11785.42,3130.00
296.342290,11785.42,3130.00
296.442785,11785.42,3130.00
296.543215,11785.42,3130.00
296.643696,11785.42,3130.00
296.744130,11785.42,3130.00
296.844577,11785.42,3130.00
296.945026,11785.42,3130.00
297.045506,11785.42,3130.00
297.146038,11785.42,3130.00
297.246483,11785.42,3130.00
297.346997,11785.42,3130.00
297.447777,11785.42,3130.00
297.548400,11785.42,3130.00
297.649049,11785.42,3130.00
297.749688,11785.42,3130.00
297.850319,11785.42,3130.00
297.950961,11785.42,3130.00
298.051584,11785.42,3130.00
298.152211,11785.42,3130.00
298.252884,11785.42,3130.00
298.353390,11785.42,2390.00
298.453907,11785.42,2390.00
298.554376,11785.42,2390.00
298.654818,11785.42,2390.00
298.755273,11785.42,2390.00
298.855747,11785.42,2390.00
298.956242,11785.42,2390.00
299.056874,11785.42,2390.00
299.157707,11785.42,2390.00
299.258334,11785.42,2390.00
299.358958,11785.42,2390.00
299.459600,11785.42,2390.00
299.560244,11785.42,2390.00
299.660902,11785.42,2390.00
299.761559,11785.42,2390.00
299.862202,11785.42,2390.00
299.962861,11785.42,2510.00
300.063501,11785.42,2790.00
300.164075,11785.42,2990.00
300.264652,11785.42,3190.00
300.365139,11785.42,3170.00
300.465610,11785.42,3170.00
300.566204,11785.42,3170.00
300.666713,11785.42,3170.00
300.767263,11785.42,3170.00
300.867898,11785.42,3170.00
300.968379,11785.42,3170.00
301.068870,11785.42,3170.00
301.169387,11785.42,3170.00
301.270060,11785.42,3170.00
301.370872,11785.42,3170.00
301.471563,11785.42,3170.00
301.572186,11785.42,3170.00
301.672826,11785.42,3170.00
301.773440,11785.42,3170.00
301.874073,11785.42,3170.00
301.974702,11785.42,3170.00
302.075290,11785.42,3170.00
302.175920,11785.42,3170.00
302.276530,11785.42,3170.00
302.377125,11785.42,3170.00
302.477756,11785.42,3170.00
302.578353,11785.42,3190.00
302.678974,11785.42,3470.00
302.779593,11785.42,3790.00
302.880195,11785.42,4030.00
302.980798,11785.42,4290.00
303.081412,11785.42,4530.00
303.182040,11785.42,4810.00
303.282674,11785.42,5030.00
303.383310,11785.42,5230.00
303.483861,11785.42,5250.00
303.584345,11785.42,5250.00
303.684842,11785.42,5250.00
303.785314,11785.42,5250.00
303.885790,11785.42,5250.00
303.986258,11785.42,5250.00
304.086893,11785.42,5250.00
304.187817,11785.42,5250.00
304.288608,11785.42,5250.00
304.389491,11785.42,5250.00
304.490066,11785.42,5250.00
304.590704,11785.42,5250.00
304.691337,11785.42,5250.00
304.791957,11785.42,5250.00
304.892571,11785.42,5250.00
304.993163,11785.42,5250.00
305.093763,11785.42,5250.00
305.194392,11785.42,5250.00
305.295004,11785.42,5250.00
305.395635,11785.42,5250.00
305.496230,11785.42,5250.00
305.596858,11785.42,5250.00
305.697474,11785.42,5250.00
305.798097,11785.42,5250.00
305.898691,11785.42,5250.00
305.999160,11785.42,2710.00
306.099602,11785.42,2710.00
306.200099,11785.42,2710.00
306.300549,11785.42,2710.00
306.401086,11785.42,2710.00
306.501550,11785.42,2710.00
306.602044,11785.42,2710.00
306.702775,11785.42,2710.00
306.803625,11785.42,2710.00
306.904392,11785.42,2710.00
307.004975,11785.42,2710.00
307.105597,11785.42,2710.00
307.206198,11785.42,2710.00
307.306797,11785.42,2710.00
307.407411,11785.42,2710.00
307.510036,11785.42,2710.00
307.610641,11785.42,2710.00
307.711261,11785.42,2710.00
307.811850,11785.42,2710.00
307.912447,11785.42,2710.00
308.013065,11785.42,2710.00
308.113687,11785.42,2710.00
308.214311,11785.42,2770.00
308.314907,11785.42,2950.00
308.415517,11785.42,3130.00
308.516093,11785.42,3310.00
308.616698,11785.42,3530.00
308.717307,11785.42,3790.00
308.817933,11785.42,3970.00
308.918546,11785.42,4130.00
309.019160,11785.42,4310.00
309.119782,11785.42,4490.00
309.220399,11785.42,4650.00
309.321060,11785.42,4910.00
309.421708,11785.42,5130.00
309.522214,11785.42,5270.00
309.622839,11785.42,5270.00
309.723351,11785.42,5270.00
309.823847,11785.42,5270.00
309.924305,11785.42,5270.00
310.024839,11785.42,5272.00
310.125291,11785.42,5270.00
310.225755,11785.42,5270.00
310.326224,11785.42,5270.00
310.426822,11785.42,5270.00
310.527356,11785.42,5270.00
310.627964,11785.42,5270.00
310.728700,11785.42,5270.00
310.829601,11785.42,5270.00
310.930399,11785.42,5292.00
311.031053,11785.42,5292.00
311.131677,11785.42,5292.00
311.232283,11785.42,5292.00
311.332930,11785.42,5292.00
311.433579,11785.42,5292.00
311.534214,11785.42,5292.00
311.634863,11785.42,5292.00
311.735516,11785.42,5292.00
311.836171,11785.42,5292.00
311.936820,11785.42,5292.00
312.037468,11785.42,5292.00
312.138065,11785.42,5292.00
312.238682,11785.42,5292.00
312.339279,11785.42,5292.00
312.439906,11785.42,5292.00
312.540541,11785.42,5292.00
312.641144,11785.42,5292.00
312.741787,11785.42,5292.00
312.842412,11785.42,5292.00
312.943061,11785.42,5292.00
313.043738,11785.42,5292.00
313.144378,11785.42,5292.00
313.245008,11785.42,5292.00
313.345664,11785.42,5292.00
313.446292,11785.42,5292.00
313.546950,11785.42,5292.00
313.647489,11785.42,5368.00
313.748242,11785.42,5392.00
313.848901,11785.42,5344.00
313.949594,11785.42,5392.00
314.050234,11785.42,5392.00
314.150885,11785.42,5344.00
314.251520,11785.42,5392.00
314.352023,11785.42,5344.00
314.452485,11785.42,5372.00
314.553060,11785.42,5372.00
314.653536,11785.42,5372.00
314.754029,11785.42,5346.00
314.854577,11785.42,5348.00
314.955220,11785.42,5372.00
315.055904,11785.42,5372.00
315.156832,11785.42,5368.00
315.257329,11785.42,5368.00
315.357879,11785.42,5368.00
315.458406,11785.42,5320.00
315.558944,11785.42,5344.00
315.659501,11785.42,5344.00
315.760196,11785.42,5344.00
315.860808,11785.42,5344.00
315.961591,11785.42,5344.00
316.062352,11785.42,5344.00
316.163212,11796.96,5344.00
316.263876,11796.96,5344.00
316.364530,11796.96,5344.00
316.465175,11796.96,5344.00
316.565819,11796.96,5344.00
316.666491,11796.96,5344.00
316.767139,11796.96,5344.00
316.867812,11796.96,5344.00
316.968489,11796.96,5344.00
317.069158,11796.96,5344.00
317.169841,11796.96,5344.00
317.270505,11796.96,5344.00
317.371180,11796.96,5344.00
317.471819,11796.96,5344.00
317.572471,11796.96,5344.00
317.673137,11796.96,5344.00
317.773804,11796.96,5344.00
317.874454,11796.96,5344.00
317.975112,11796.96,5344.00
318.075704,11796.96,5344.00
318.176186,11796.96,5230.00
318.276721,11796.96,5230.00
318.377327,11796.96,5230.00
318.477860,11796.96,5230.00
318.578348,11796.96,5230.00
318.678887,11801.60,5230.00
318.779372,11801.60,5230.00
318.879908,11801.60,5230.00
318.980562,11801.60,5230.00
319.081249,11801.60,5230.00
319.182037,11801.60,5230.00
319.282787,11801.60,5230.00
319.384093,11801.60,5230.00
319.487133,11801.60,5230.00
319.587784,11801.60,5230.00
319.688434,11801.60,5230.00
319.789103,11801.60,5230.00
319.889770,11801.60,5230.00
319.990419,11801.60,5230.00
320.090981,11801.60,2390.00
320.191485,11801.60,2390.00
320.291971,11801.60,2390.00
320.392445,11801.60,2390.00
320.492987,11801.60,2390.00
320.593553,11801.60,2390.00
320.694047,11801.60,2390.00
320.794492,11801.60,2390.00
320.895025,11801.60,2390.00
320.995797,11801.60,2390.00
321.096652,11801.60,2390.00
321.198133,11801.60,2390.00
321.299226,11801.60,2390.00
321.399973,11801.60,2390.00
321.500755,11801.60,2390.00
321.601513,11801.60,2390.00
321.702258,11801.60,2390.00
321.803003,11801.60,2390.00
321.903794,11801.60,2490.00
322.004531,11801.60,2710.00
322.105281,11801.60,2950.00
322.206028,11801.60,3210.00
322.306765,11801.60,3490.00
322.407520,11801.60,3810.00
322.508292,11801.60,4050.00
322.608911,11801.60,4270.00
322.709580,11801.60,4530.00
322.810188,11801.60,4790.00
322.910859,11801.60,5010.00
323.011557,11801.60,5230.00
323.112077,11801.60,5292.00
323.212550,11801.60,5290.00
323.313016,11801.60,5290.00
323.413488,11801.60,5292.00
323.514024,11801.60,5292.00
323.614533,11801.60,5294.00
323.715014,11801.60,5294.00
323.815570,11801.60,5294.00
323.916089,11801.60,5294.00
324.016600,11801.60,5296.00
324.117072,11801.60,5292.00
324.217616,11801.60,5292.00
324.318118,11801.60,5292.00
324.418789,11801.60,5292.00
324.519282,11801.60,5292.00
324.620281,11801.60,5292.00
324.720980,11801.60,5292.00
324.822106,11801.60,5310.00
324.922746,11801.60,5310.00
325.023391,11801.60,5310.00
325.124008,11801.60,5310.00
325.224654,11801.60,5310.00
325.325290,11801.60,5310.00
325.425941,11801.60,5310.00
325.526584,11801.60,5310.00
325.627214,11801.60,5310.00
325.727855,11801.60,5310.00
325.828515,11801.60,5310.00
325.929636,11801.60,5310.00
326.030334,11801.60,5310.00
326.130991,11801.60,5310.00
326.231671,11801.60,5310.00
326.332300,11801.60,5310.00
326.432957,11801.60,5310.00
326.533618,11801.60,5310.00
326.634260,11801.60,5310.00
326.734876,11801.60,5310.00
326.835504,11801.60,5310.00
326.936140,11801.60,5310.00
327.036776,11801.60,5310.00
327.137398,11801.60,5310.00
327.238064,11801.60,5310.00
327.338719,11801.60,5310.00
327.439372,11801.60,5310.00
327.539995,11801.60,5348.00
327.640568,11801.60,5352.00
327.741113,11801.60,5310.00
327.841610,11801.60,5352.00
327.942227,11801.60,5352.00
328.042739,11801.60,5352.00
328.143275,11801.60,5310.00
328.243789,11801.60,5390.00
328.344252,11801.60,5350.00
328.444722,11801.60,5390.00
328.545746,11801.60,5370.00
328.646383,11801.60,5390.00
328.747105,11801.60,5370.00
328.847825,11801.60,5370.00
328.948577,11801.60,5330.00
329.049325,11801.60,5370.00
329.150175,11801.60,5350.00
329.250954,11801.60,5350.00
329.351730,11801.60,5350.00
329.452671,11801.60,5350.00
329.553469,11801.60,5350.00
329.654328,11801.60,5350.00
329.755136,11801.60,5350.00
329.856057,11801.60,5350.00
329.960091,11801.60,5350.00
330.060765,11801.60,5350.00
330.161390,11801.60,5350.00
330.261982,11801.60,5350.00
330.362629,11801.60,5350.00
330.463254,11801.60,5350.00
330.563777,11801.60,3230.00
330.664294,11801.60,1948.00
330.764914,11801.60,1948.00
330.865589,11801.60,1948.00
330.966296,11801.60,1948.00
331.066812,11801.60,1948.00
331.167272,11801.60,1948.00
331.267975,11801.60,1948.00
331.368679,11801.60,1948.00
331.469385,11801.60,1948.00
331.569944,11801.60,1948.00
331.670570,11801.60,1948.00
331.771173,11801.60,1948.00
331.871790,11801.60,1948.00
331.972403,11801.60,1948.00
332.072924,11801.60,1808.00
332.173503,11801.60,1808.00
332.273960,11801.60,1808.00
332.374637,11801.60,1808.00
332.475158,11801.60,1808.00
332.575830,11801.60,1808.00
332.676364,11801.60,1808.00
332.777024,11801.60,1808.00
332.877538,11801.60,1808.00
332.979069,11801.60,1808.00
333.079685,11801.60,1808.00
333.180315,11801.60,1808.00
333.280960,11801.60,1808.00
333.381581,11801.60,1808.00
333.482220,11801.60,2008.00
333.582814,11801.60,2308.00
333.683364,11801.60,2388.00
333.783848,11801.60,2388.00
333.884312,11801.60,2388.00
333.984791,11801.60,2388.00
334.085289,11801.60,2388.00
334.185785,11801.60,2388.00
334.286290,11801.60,2388.00
334.389902,11801.60,2388.00
334.493698,11801.60,2388.00
334.595546,11801.60,2388.00
334.696647,11801.60,2388.00
334.799624,11801.60,2388.00
334.901108,11801.60,2388.00
335.001810,11801.60,2388.00
335.102578,11801.60,2388.00
335.203255,11801.60,2388.00
335.304046,11801.60,2388.00
335.404810,11801.60,2388.00
335.505509,11801.60,2388.00
335.606026,11801.60,2428.00
335.706528,11801.60,2428.00
335.807069,11801.60,2428.00
335.907706,11801.60,2428.00
336.008200,11801.60,2428.00
336.108688,11801.60,2428.00
336.209206,11801.60,2428.00
336.309648,11801.60,2428.00
336.410241,11801.60,2428.00
336.510990,11801.60,2428.00
336.612007,11801.60,2428.00
336.712766,11801.60,2428.00
336.813440,11801.60,2428.00
336.914165,11801.60,2428.00
337.014959,11801.60,2428.00
337.115573,11801.60,2428.00
337.216228,11801.60,2428.00
337.316862,11801.60,2428.00
337.417414,11801.60,2068.00
337.518054,11801.60,2068.00
337.618576,11801.60,2068.00
337.719148,11801.60,2068.00
337.819804,11801.60,2068.00
337.920301,11801.60,2068.00
338.020848,11801.60,2068.00
338.121349,11801.60,2068.00
338.221908,11801.60,2068.00
338.322434,11801.60,2068.00
338.422873,11801.60,2068.00
338.523354,11801.60,2068.00
338.623944,11801.60,2068.00
338.724566,11801.60,2068.00
338.825434,11801.60,2068.00
338.926088,11801.60,2068.00
339.026834,11801.60,2068.00
339.127453,11801.60,2068.00
339.228258,11801.60,2068.00
339.328933,11801.60,2068.00
339.429613,11801.60,2068.00
339.530301,11801.60,2068.00
339.631050,11801.60,2068.00
339.731652,11801.60,2068.00
339.832322,11801.60,1868.00
339.932827,11801.60,1868.00
340.033423,11801.60,1868.00
340.134031,11801.60,1868.00
340.234635,11801.60,1868.00
340.335361,11801.60,1868.00
340.435857,11801.60,1868.00
340.536488,11801.60,1868.00
340.637079,11801.60,1868.00
340.737632,11801.60,1868.00
340.838117,11801.60,1868.00
340.938637,11801.60,1868.00
341.039176,11801.60,1868.00
341.139858,11801.60,1868.00
341.240525,11801.60,1868.00
341.341126,11801.60,1868.00
341.441783,11801.60,1868.00
341.542384,11801.60,1868.00
341.642943,11801.60,1868.00
341.743560,11801.60,1868.00
341.844171,11801.60,1868.00
341.944805,11801.60,1868.00
342.045399,11801.60,2048.00
342.145995,11801.60,2228.00
342.246595,11801.60,2408.00
342.347190,11801.60,2548.00
342.447781,11801.60,2768.00
342.548402,11801.60,2908.00
342.649030,11801.60,3068.00
342.749529,11801.60,3128.00
342.850027,11801.60,3128.00
342.950487,11801.60,3128.00
343.050964,11801.60,3128.00
343.151438,11801.60,3128.00
343.251915,11801.60,3128.00
343.352387,11801.60,3128.00
343.453024,11801.60,3128.00
343.553697,11806.23,3128.00
343.654367,11806.23,3128.00
343.755236,11806.23,3128.00
343.856097,11806.23,3128.00
343.956784,11806.23,3128.00
344.057408,11806.23,3128.00
344.158041,11806.23,3128.00
344.258685,11806.23,3128.00
344.359315,11806.23,3128.00
344.459975,11806.23,3128.00
344.560604,11806.23,3128.00
344.661236,11806.23,3128.00
344.761888,11806.23,3128.00
344.862502,11806.23,3128.00
344.963126,11806.23,3128.00
345.063761,11806.23,3128.00
345.164401,11806.23,3128.00
345.265022,11806.23,3128.00
345.365648,11806.23,3128.00
345.466148,11806.23,3148.00
345.566667,11806.23,3148.00
345.667126,11806.23,3148.00
345.767626,11806.23,3148.00
345.868197,11806.23,3148.00
345.968679,11806.23,3148.00
346.069191,11806.23,3148.00
346.169791,11806.23,3148.00
346.270261,11806.23,3148.00
346.370705,11806.23,3148.00
346.471222,11806.23,3148.00
346.571975,11806.23,3148.00
346.672710,11806.23,3148.00
346.773336,11806.23,3148.00
346.873960,11810.87,3148.00
346.974573,11810.87,3148.00
347.075196,11810.87,3148.00
347.175798,11810.87,3148.00
347.276398,11810.87,3148.00
347.377026,11810.87,3148.00
347.477673,11810.87,3148.00
347.578275,11810.87,3148.00
347.678900,11810.87,3148.00
347.779524,11810.87,3148.00
347.880165,11810.87,3148.00
347.980669,11810.87,2408.00
348.081161,11810.87,2408.00
348.181636,11810.87,2408.00
348.282142,11810.87,2408.00
348.382601,11815.51,2408.00
348.483111,11815.51,2408.00
348.583624,11815.51,2408.00
348.684069,11815.51,2408.00
348.784958,11815.51,2408.00
348.885589,11815.51,2408.00
348.986174,11815.51,2408.00
349.086810,11815.51,2408.00
349.187469,11815.51,2408.00
349.290167,11815.51,2408.00
349.390894,11815.51,2408.00
349.491559,11815.51,2408.00
349.592161,11815.51,2408.00
349.692783,11815.51,2408.00
349.793426,11815.51,2408.00
349.894057,11815.51,2488.00
349.994698,11815.51,2688.00
350.095307,11815.51,2868.00
350.195903,11815.51,3048.00
350.296519,11815.51,3188.00
350.397064,11815.51,3188.00
350.497513,11815.51,3188.00
350.597978,11815.51,3188.00
350.698440,11815.51,3188.00
350.798919,11815.51,3188.00
350.899410,11820.14,3188.00
350.999902,11820.14,3188.00
351.100361,11820.14,3188.00
351.200895,11820.14,3188.00
351.301415,11820.14,3188.00
351.401944,11820.14,3188.00
351.502673,11820.14,3188.00
351.603316,11820.14,3188.00
351.703969,11820.14,3188.00
351.804610,11820.14,3188.00
351.905225,11820.14,3188.00
352.005817,11820.14,3188.00
352.106435,11820.14,3188.00
352.207064,11820.14,3188.00
352.308038,11820.14,3188.00
352.408688,11820.14,3188.00
352.509318,11820.14,3188.00
352.609936,11820.14,3188.00
352.710568,11820.14,3188.00
352.811218,11820.14,3188.00
352.911875,11820.14,3188.00
353.012497,11820.14,3188.00
353.113116,11820.14,3348.00
353.213761,11820.14,3588.00
353.315131,11820.14,3608.00
353.415744,11820.14,3848.00
353.517928,11820.14,3908.00
353.618539,11820.14,4028.00
353.719145,11820.14,4208.00
353.819766,11820.14,4388.00
353.920361,11820.14,4548.00
354.020990,11820.14,4768.00
354.121635,11820.14,4928.00
354.222262,11820.14,5088.00
354.322892,11820.14,5228.00
354.423421,11820.14,5208.00
354.523986,11820.14,5208.00
354.624538,11820.14,5208.00
354.725032,11820.14,5208.00
354.825545,11820.14,5208.00
354.926045,11820.14,5208.00
355.026588,11820.14,5208.00
355.127085,11820.14,5208.00
355.227626,11820.14,5208.00
355.328155,11820.14,5208.00
355.428879,11820.14,5208.00
355.529500,11820.14,5208.00
355.630627,11820.14,5208.00
355.731252,11820.14,5208.00
355.831878,11820.14,5208.00
355.932506,11820.14,5208.00
356.033118,11820.14,5208.00
356.133756,11820.14,5208.00
356.234379,11820.14,5208.00
356.334981,11820.14,5208.00
356.435613,11820.14,5208.00
356.536254,11820.14,5208.00
356.636881,11820.14,5208.00
356.737531,11820.14,5208.00
356.838159,11820.14,5208.00
356.938681,11820.14,2708.00
357.039102,11820.14,2708.00
357.139693,11820.14,2708.00
357.240188,11820.14,2708.00
357.340662,11820.14,2708.00
357.441250,11820.14,2708.00
357.541759,11820.14,2708.00
357.642205,11820.14,2708.00
357.742985,11820.14,2708.00
357.843848,11820.14,2708.00
357.944481,11820.14,2708.00
358.045112,11820.14,2708.00
358.145749,11820.14,2708.00
358.246379,11820.14,2708.00
358.346975,11820.14,2708.00
358.447616,11820.14,2708.00
358.548242,11820.14,2708.00
358.648885,11820.14,2708.00
358.749539,11820.14,2708.00
358.850147,11820.14,2708.00
358.950768,11820.14,2708.00
359.051409,11820.14,2708.00
359.152035,11820.14,2708.00
359.252680,11820.14,2868.00
359.353316,11820.14,3048.00
359.453962,11820.14,3208.00
359.554616,11820.14,3448.00
359.655277,11820.14,3648.00
359.755884,11820.14,3888.00
359.856446,11820.14,4068.00
359.957084,11820.14,4228.00
360.057749,11820.14,4408.00
360.158399,11820.14,4568.00
360.258974,11820.14,4768.00
360.359625,11820.14,4948.00
360.460279,11820.14,5088.00
360.560989,11820.14,5248.00
360.661546,11820.14,5288.00
360.762034,11820.14,5288.00
360.862524,11820.14,5288.00
360.962974,11820.14,5290.00
361.063432,11820.14,5290.00
361.164397,11820.14,5288.00
361.265089,11820.14,5290.00
361.365590,11820.14,5290.00
361.466078,11820.14,5288.00
361.566650,11820.14,5288.00
361.667316,11820.14,5288.00
361.768118,11820.14,5288.00
361.868917,11820.14,5288.00
361.969622,11820.14,5288.00
362.070287,11820.14,5310.00
362.170972,11820.14,5310.00
362.271626,11820.14,5310.00
362.372306,11820.14,5310.00
362.472930,11820.14,5310.00
362.573616,11820.14,5310.00
362.674261,11820.14,5310.00
362.774907,11820.14,5310.00
362.875574,11820.14,5310.00
362.976226,11820.14,5310.00
363.076872,11820.14,5310.00
363.177534,11820.14,5310.00
363.278187,11820.14,5310.00
363.378846,11820.14,5310.00
363.479511,11820.14,5310.00
363.580177,11820.14,5310.00
363.680824,11820.14,5310.00
363.781461,11820.14,5310.00
363.882105,11820.14,5310.00
363.982763,11820.14,5310.00
364.083417,11820.14,5310.00
364.184978,11820.14,5310.00
364.285651,11820.14,5310.00
364.386280,11820.14,5310.00
364.486939,11820.14,5310.00
364.587605,11820.14,5310.00
364.688235,11820.14,5350.00
364.788792,11820.14,5390.00
364.889253,11820.14,5390.00
364.989818,11820.14,5390.00
365.090365,11820.14,5392.00
365.190816,11820.14,5342.00
365.291288,11820.14,5390.00
365.391769,11820.14,5390.00
365.492246,11820.14,5366.00
365.592722,11820.14,5390.00
365.693162,11820.14,5392.00
365.793707,11820.14,5342.00
365.894191,11820.14,5392.00
365.994772,11820.14,5414.00
366.095337,11820.14,5392.00
366.195856,11820.14,5414.00
366.296319,11820.14,5414.00
366.396789,11820.14,5414.00
366.497396,11820.14,5366.00
366.598005,11820.14,5366.00
366.698932,11820.14,5366.00
366.799559,11820.14,5366.00
366.900137,11820.14,5366.00
367.000889,11820.14,5366.00
367.101753,11820.14,5366.00
367.202731,11820.14,5366.00
367.303407,11820.14,5366.00
367.404102,11820.14,5366.00
367.506088,11820.14,5366.00
367.606798,11820.14,5366.00
367.707468,11820.14,5366.00
367.808136,11820.14,5366.00
367.908856,11820.14,5366.00
368.009534,11820.14,5366.00
368.110192,11820.14,5366.00
368.210866,11820.14,5366.00
368.311551,11820.14,5366.00
368.412220,11820.14,5366.00
368.512913,11820.14,5366.00
368.613615,11820.14,5366.00
368.714266,11820.14,5366.00
368.814929,11820.14,5366.00
368.915618,11820.14,5366.00
369.016296,11820.14,5366.00
369.116986,11820.14,5366.00
369.217511,11820.14,5274.00
369.317969,11820.14,5274.00
369.418490,11820.14,5274.00
369.519116,11820.14,5274.00
369.619624,11820.14,5274.00
369.720265,11820.14,5274.00
369.820813,11820.14,5274.00
369.921536,11820.14,5274.00
370.022067,11820.14,5274.00
370.122680,11820.14,5274.00
370.223231,11820.14,5274.00
370.323774,11820.14,5274.00
370.424562,11820.14,5274.00
370.525194,11820.14,5274.00
370.625832,11820.14,5274.00
370.726455,11820.14,5274.00
370.827093,11820.14,5274.00
370.927741,11820.14,5274.00
371.028379,11820.14,5274.00
371.128991,11820.14,5274.00
371.229628,11820.14,5274.00
371.330267,11820.14,5274.00
371.430742,11820.14,3954.00
371.531311,11820.14,2410.00
371.631850,11820.14,2410.00
371.732394,11820.14,2410.00
371.832825,11820.14,2410.00
371.933303,11820.14,2410.00
372.033794,11820.14,2410.00
372.134257,11820.14,2410.00
372.235013,11820.14,2410.00
372.335825,11820.14,2410.00
372.436498,11820.14,2410.00
372.537110,11820.14,2410.00
372.637732,11820.14,2410.00
372.738306,11820.14,2410.00
372.838927,11820.14,2410.00
372.939546,11820.14,2410.00
373.040180,11820.14,2410.00
373.140809,11820.14,2410.00
373.241438,11820.14,2410.00
373.342044,11820.14,2410.00
373.442685,11820.14,2410.00
373.543307,11820.14,2410.00
373.643939,11820.14,2510.00
373.744579,11820.14,2670.00
373.845189,11820.14,2830.00
373.945826,11820.14,3030.00
374.046455,11820.14,3210.00
374.147073,11820.14,3410.00
374.247697,11820.14,3650.00
374.348287,11820.14,3870.00
374.448869,11820.14,4050.00
374.549467,11820.14,4210.00
374.650092,11820.14,4390.00
374.750709,11820.14,4570.00
374.851328,11820.14,4770.00
374.951932,11820.14,4930.00
375.052581,11820.14,5090.00
375.153238,11820.14,5230.00
375.253775,11820.14,5270.00
375.354284,11820.14,5270.00
375.454829,11820.14,5272.00
375.555287,11820.14,5272.00
375.655796,11820.14,5272.00
375.756303,11820.14,5272.00
375.856820,11820.14,5272.00
375.957315,11820.14,5270.00
376.057970,11820.14,5270.00
376.158461,11820.14,5270.00
376.258976,11820.14,5270.00
376.359497,11820.14,5270.00
376.460025,11820.14,5270.00
376.561289,11820.14,5270.00
376.662065,11820.14,5270.00
376.762682,11820.14,5270.00
376.863877,11820.14,5270.00
376.964735,11820.14,5288.00
377.065372,11820.14,5288.00
377.166033,11820.14,5288.00
377.266675,11820.14,5288.00
377.367315,11820.14,5288.00
377.467959,11820.14,5288.00
377.568588,11820.14,5288.00
377.669238,11820.14,5288.00
377.769869,11820.14,5288.00
377.870502,11820.14,5288.00
377.971130,11820.14,5288.00
378.071757,11820.14,5288.00
378.172422,11820.14,5288.00
378.273090,11820.14,5288.00
378.373744,11820.14,5288.00
378.474358,11820.14,5288.00
378.574987,11820.14,5288.00
378.675630,11820.14,5288.00
378.776290,11820.14,5288.00
378.876899,11820.14,5288.00
378.977540,11820.14,5288.00
379.078173,11820.14,5288.00
379.178821,11820.14,5288.00
379.279425,11820.14,5288.00
379.380070,11820.14,5288.00
379.480720,11820.14,5288.00
379.581338,11820.14,5288.00
379.681893,11820.14,5386.00
379.782435,11820.14,5346.00
379.882994,11820.14,5386.00
379.983537,11820.14,5366.00
380.084018,11820.14,5406.00
380.184544,11820.14,5406.00
380.285060,11820.14,5386.00
380.385586,11820.14,5386.00
380.486277,11820.14,5406.00
380.586972,11820.14,5406.00
380.687760,11824.71,5426.00
380.788461,11829.35,5426.00
380.889196,11829.35,5406.00
380.989910,11829.35,5426.00
381.090641,11829.35,5386.00
381.191303,11829.35,5406.00
381.292145,11829.35,5386.00
381.393127,11829.35,5386.00
381.493810,11829.35,5386.00
381.594893,11829.35,5386.00
381.695640,11829.35,5386.00
381.796507,11829.35,5386.00
381.897575,11829.35,5386.00
381.998209,11829.35,5386.00
382.098860,11829.35,5386.00
382.199511,11829.35,5386.00
382.300165,11829.35,5386.00
382.400832,11829.35,5386.00
382.501496,11829.35,5386.00
382.602118,11829.35,5386.00
382.702706,11829.35,1946.00
382.803173,11829.35,1946.00
382.903691,11829.35,1946.00
383.004178,11829.35,1946.00
383.104660,11829.35,1946.00
383.205312,11829.35,1946.00
383.306141,11829.35,1946.00
383.406792,11829.35,1946.00
383.507645,11829.35,1946.00
383.609068,11829.35,1946.00
383.709706,11829.35,1946.00
383.810337,11829.35,1946.00
383.910965,11829.35,1946.00
384.011604,11829.35,1946.00
384.112225,11829.35,1946.00
384.212735,11829.35,1806.00
384.313229,11829.35,1806.00
384.413764,11829.35,1806.00
384.514275,11829.35,1806.00
384.614767,11829.35,1806.00
384.715297,11829.35,1806.00
384.815826,11829.35,1806.00
384.916341,11829.35,1806.00
385.017239,11829.35,1806.00
385.117857,11829.35,1806.00
385.218458,11829.35,1806.00
385.319094,11829.35,1806.00
385.419727,11829.35,1806.00
385.520326,11829.35,1806.00
385.620944,11829.35,1826.00
385.721550,11829.35,2026.00
385.822153,11829.35,2186.00
385.922894,11829.35,2446.00
386.023673,11829.35,2366.00
386.124363,11829.35,2366.00
386.224994,11829.35,2366.00
386.325655,11829.35,2366.00
386.426291,11829.35,2366.00
386.526947,11829.35,2366.00
386.627589,11829.35,2366.00
386.728279,11829.35,2366.00
386.829222,11829.35,2366.00
386.929966,11829.35,2366.00
387.030598,11829.35,2366.00
387.131221,11829.35,2366.00
387.231838,11829.35,2366.00
387.332466,11829.35,2366.00
387.433088,11829.35,2366.00
387.533705,11829.35,2366.00
387.634337,11829.35,2366.00
387.734968,11829.35,2366.00
387.835603,11829.35,2366.00
387.936195,11829.35,2366.00
388.036822,11829.35,2406.00
388.137373,11829.35,2466.00
388.237845,11829.35,2466.00
388.338290,11829.35,2466.00
388.438822,11829.35,2466.00
388.539275,11829.35,2466.00
388.639798,11829.35,2466.00
388.740276,11829.35,2466.00
388.841035,11829.35,2466.00
388.941668,11829.35,2466.00
389.042526,11829.35,2466.00
389.143148,11829.35,2466.00
389.243761,11829.35,2466.00
389.344371,11829.35,2466.00
389.444977,11829.35,2466.00
389.545603,11829.35,2466.00
389.646178,11829.35,2466.00
389.746806,11829.35,2466.00
389.847394,11829.35,2466.00
389.947899,11829.35,2046.00
390.048432,11829.35,2046.00
390.148954,11829.35,2046.00
390.249415,11829.35,2046.00
390.349911,11829.35,2046.00
390.450358,11829.35,2046.00
390.550825,11829.35,2046.00
390.651285,11829.35,2046.00
390.751842,11829.35,2046.00
390.852535,11829.35,2046.00
390.953447,11829.35,2046.00
391.054098,11829.35,2046.00
391.154765,11829.35,2046.00
391.255411,11829.35,2046.00
391.356047,11829.35,2046.00
391.456714,11829.35,2046.00
391.557242,11829.35,1866.00
391.657769,11829.35,1866.00
391.758324,11829.35,1866.00
391.859004,11829.35,1866.00
391.959704,11829.35,1866.00
392.060492,11829.35,1866.00
392.161212,11829.35,1866.00
392.261983,11829.35,1866.00
392.362959,11829.35,1866.00
392.463722,11829.35,1866.00
392.564358,11829.35,1866.00
392.664961,11829.35,1866.00
392.765605,11829.35,1866.00
392.866241,11829.35,1866.00
392.966897,11829.35,1866.00
393.067514,11829.35,1986.00
393.168151,11829.35,2226.00
393.268785,11829.35,2466.00
393.369418,11829.35,2726.00
393.470064,11829.35,2926.00
393.570733,11829.35,3146.00
393.671310,11829.35,3146.00
393.771810,11829.35,3146.00
393.872339,11829.35,3146.00
393.972874,11829.35,3146.00
394.073441,11829.35,3146.00
394.173939,11829.35,3146.00
394.274422,11829.35,3146.00
394.374982,11829.35,3146.00
394.475469,11829.35,3146.00
394.576064,11829.35,3146.00
394.676854,11833.99,3146.00
394.777472,11833.99,3146.00
394.878102,11833.99,3146.00
394.978706,11833.99,3146.00
395.079332,11833.99,3146.00
395.180064,11833.99,3146.00
395.280676,11833.99,3146.00
395.381231,11833.99,3146.00
395.481854,11833.99,3146.00
395.582499,11833.99,3146.00
395.683104,11833.99,3146.00
395.783745,11833.99,3146.00
395.884344,11833.99,3146.00
395.984958,11833.99,3146.00
396.085579,11833.99,3146.00
396.186196,11833.99,3146.00
396.286766,11833.99,3126.00
396.387260,11833.99,3126.00
396.487729,11833.99,3126.00
396.588188,11833.99,3126.00
396.688710,11833.99,3126.00
396.789212,11833.99,3126.00
396.889657,11833.99,3126.00
396.990158,11833.99,3126.00
397.090605,11833.99,3126.00
397.191234,11833.99,3126.00
397.291917,11833.99,3126.00
397.392452,11833.99,3126.00
397.493107,11833.99,3126.00
397.593744,11833.99,3126.00
397.694400,11833.99,3126.00
397.795008,11833.99,3126.00
397.895633,11833.99,3126.00
397.996241,11833.99,3126.00
398.096866,11833.99,3126.00
398.197530,11833.99,3126.00
398.298156,11833.99,3126.00
398.398765,11833.99,3126.00
398.499324,11833.99,2386.00
398.599857,11833.99,2386.00
398.700399,11833.99,2386.00
398.800923,11833.99,2386.00
398.901407,11833.99,2386.00
399.001916,11833.99,2386.00
399.102415,11833.99,2386.00
399.203026,11833.99,2386.00
399.303925,11833.99,2386.00
399.404596,11833.99,2386.00
399.505230,11833.99,2386.00
399.605857,11833.99,2386.00
399.706471,11833.99,2386.00
399.807078,11833.99,2386.00
399.907700,11833.99,2386.00
400.008285,11833.99,2386.00
400.108891,11833.99,2386.00
400.209509,11833.99,2386.00
400.310123,11833.99,2386.00
400.410734,11833.99,2426.00
400.511346,11833.99,2606.00
400.611956,11833.99,2826.00
400.712534,11833.99,2966.00
400.813129,11833.99,3146.00
400.913648,11833.99,3206.00
401.014113,11833.99,3206.00
401.114574,11833.99,3206.00
401.215116,11833.99,3206.00
401.315598,11833.99,3206.00
401.416063,11833.99,3206.00
401.516610,11833.99,3206.00
401.617164,11833.99,3206.00
401.717605,11833.99,3206.00
401.818303,11833.99,3206.00
401.918874,11833.99,3206.00
402.019708,11833.99,3206.00
402.120326,11833.99,3206.00
402.220964,11833.99,3206.00
402.321595,11833.99,3206.00
402.422193,11833.99,3206.00
402.522803,11833.99,3206.00
402.623398,11833.99,3206.00
402.723960,11833.99,3206.00
402.824581,11833.99,3206.00
402.925214,11833.99,3206.00
403.025846,11833.99,3206.00
403.126445,11833.99,3206.00
403.227089,11833.99,3206.00
403.327715,11833.99,3206.00
403.428319,11833.99,3206.00
403.528943,11833.99,3206.00
403.629540,11833.99,3386.00
403.730165,11833.99,3586.00
403.830773,11833.99,3806.00
403.931398,11833.99,4006.00
404.032032,11833.99,4146.00
404.132673,11833.99,4366.00
404.233321,11833.99,4506.00
404.333947,11833.99,4706.00
404.434603,11833.99,4906.00
404.538517,11833.99,5066.00
404.639164,11833.99,5206.00
404.739755,11833.99,5246.00
404.840260,11833.99,5246.00
404.940816,11833.99,5246.00
405.041308,11833.99,5246.00
405.141818,11833.99,5246.00
405.242290,11833.99,5246.00
405.342912,11833.99,5246.00
405.443549,11833.99,5246.00
405.544311,11833.99,5246.00
405.645077,11833.99,5246.00
405.745676,11833.99,5246.00
405.846335,11833.99,5246.00
405.946970,11833.99,5246.00
406.047591,11833.99,5246.00
406.148207,11833.99,5246.00
406.249104,11833.99,5246.00
406.349742,11833.99,5246.00
406.450384,11833.99,5246.00
406.551013,11833.99,5246.00
406.651677,11833.99,5246.00
406.752302,11833.99,5246.00
406.852937,11833.99,5246.00
406.953555,11833.99,5246.00
407.054177,11833.99,5246.00
407.154798,11833.99,5246.00
407.255288,11833.99,2746.00
407.355907,11833.99,2746.00
407.456436,11833.99,2746.00
407.556929,11833.99,2746.00
407.657595,11833.99,2746.00
407.758151,11833.99,2746.00
407.858671,11833.99,2746.00
407.959265,11833.99,2746.00
408.059878,11833.99,2746.00
408.160607,11833.99,2746.00
408.261257,11833.99,2746.00
408.361841,11833.99,2746.00
408.462472,11833.99,2746.00
408.563094,11833.99,2746.00
408.663712,11833.99,2746.00
408.764329,11833.99,2746.00
408.864947,11833.99,2746.00
408.965593,11833.99,2746.00
409.066236,11833.99,2746.00
409.166869,11833.99,2746.00
409.267497,11833.99,2746.00
409.368115,11833.99,2746.00
409.468749,11833.99,2746.00
409.569371,11833.99,2926.00
409.669978,11833.99,3106.00
409.770577,11833.99,3266.00
409.871170,11833.99,3506.00
409.971788,11833.99,3746.00
410.072421,11833.99,3946.00
410.173052,11833.99,4106.00
410.273672,11833.99,4286.00
410.374317,11833.99,4466.00
410.474951,11833.99,4626.00
410.575606,11833.99,4846.00
410.676251,11833.99,5006.00
410.776923,11833.99,5146.00
410.877550,11833.99,5326.00
410.978100,11833.99,5286.00
411.078582,11833.99,5286.00
411.179095,11833.99,5286.00
411.279598,11833.99,5286.00
411.380095,11833.99,5286.00
411.480640,11833.99,5286.00
411.581134,11833.99,5286.00
411.681620,11833.99,5286.00
411.782086,11833.99,5286.00
411.882749,11833.99,5286.00
411.983372,11833.99,5286.00
412.083923,11833.99,5286.00
412.184570,11833.99,5286.00
412.285197,11833.99,5308.00
412.385850,11833.99,5308.00
412.486487,11833.99,5308.00
412.587131,11833.99,5308.00
412.687788,11833.99,5308.00
412.788448,11833.99,5308.00
412.889111,11833.99,5308.00
412.989777,11833.99,5308.00
413.090425,11833.99,5308.00
413.191112,11833.99,5308.00
413.291981,11833.99,5308.00
413.396087,11833.99,5308.00
413.497210,11833.99,5308.00
413.602121,11833.99,5308.00
413.705095,11833.99,5308.00
413.805733,11833.99,5308.00
413.906393,11833.99,5308.00
414.007002,11833.99,5308.00
414.107669,11833.99,5308.00
414.208333,11833.99,5308.00
414.309003,11833.99,5308.00
414.409625,11833.99,5378.00
414.510141,11833.99,5428.00
414.610617,11833.99,5428.00
414.711079,11833.99,5428.00
414.811566,11833.99,5402.00
414.912050,11833.99,5428.00
415.012534,11833.99,5380.00
415.112987,11833.99,5424.00
415.213464,11833.99,5404.00
415.314047,11833.99,5428.00
415.414601,11833.99,5428.00
415.515123,11833.99,5428.00
415.615637,11833.99,5428.00
415.716135,11833.99,5428.00
415.816653,11833.99,5428.00
415.917250,11833.99,5406.00
416.017860,11833.99,5406.00
416.118408,11833.99,5406.00
416.219074,11833.99,5356.00
416.319681,11833.99,5356.00
416.420307,11833.99,5356.00
416.521158,11833.99,5356.00
416.621974,11833.99,5356.00
416.722724,11833.99,5356.00
416.823506,11833.99,5356.00
416.924129,11833.99,5356.00
417.024776,11833.99,5356.00
417.125432,11833.99,5356.00
417.226097,11833.99,5356.00
417.326750,11833.99,5356.00
417.427366,11833.99,5356.00
417.528032,11833.99,5356.00
417.628688,11833.99,5356.00
417.729343,11833.99,5356.00
417.829991,11833.99,5356.00
417.930647,11833.99,5356.00
418.031288,11833.99,5356.00
418.131954,11833.99,5356.00
418.232611,11833.99,5356.00
418.333237,11833.99,5356.00
418.433930,11833.99,5356.00
418.534585,11833.99,5356.00
418.635209,11833.99,5356.00
418.735888,11833.99,5356.00
418.836546,11833.99,5356.00
418.937197,11833.99,5356.00
419.037860,11833.99,5356.00
419.138494,11833.99,5356.00
419.239191,11833.99,5356.00
419.339847,11833.99,5356.00
419.440521,11833.99,5356.00
419.541043,11833.99,5266.00
419.641636,11833.99,5266.00
419.742145,11833.99,5266.00
419.842703,11833.99,5266.00
419.943430,11833.99,5266.00
420.044062,11833.99,5266.00
420.144731,11836.11,5266.00
420.245403,11836.11,5266.00
420.346580,11836.11,5266.00
420.447583,11836.11,5266.00
420.548658,11836.11,5266.00
420.649762,11836.11,5266.00
420.750447,11836.11,5266.00
420.851107,11836.11,5266.00
420.951739,11836.11,5266.00
421.052366,11836.11,5266.00
421.152988,11836.11,5266.00
421.253641,11836.11,5266.00
421.354267,11836.11,5266.00
421.454908,11836.11,5266.00
421.555505,11836.11,5266.00
421.656123,11836.11,5266.00
421.756703,11836.11,5266.00
421.857304,11836.11,2404.00
421.957798,11836.11,2404.00
422.058276,11836.11,2404.00
422.158823,11836.11,2406.00
422.259308,11836.11,2406.00
422.359802,11836.11,2406.00
422.460258,11836.11,2406.00
422.560850,11836.11,2406.00
422.661340,11836.11,2406.00
422.761866,11836.11,2406.00
422.862922,11836.11,2406.00
422.963573,11836.11,2406.00
423.064211,11836.11,2406.00
423.164870,11836.11,2406.00
423.265514,11836.11,2406.00
423.366160,11836.11,2406.00
423.466799,11836.11,2406.00
423.567481,11836.11,2406.00
423.668114,11836.11,2506.00
423.768756,11836.11,2706.00
423.869382,11836.11,2946.00
423.969988,11836.11,3206.00
424.070643,11836.11,3466.00
424.171284,11836.11,3786.00
424.271920,11836.11,4026.00
424.372589,11836.11,4246.00
424.473245,11836.11,4506.00
424.573895,11836.11,4766.00
424.674571,11836.11,5006.00
424.775237,11836.11,5206.00
424.875863,11836.11,5286.00
424.976390,11836.11,5286.00
425.076970,11836.11,5286.00
425.177445,11836.11,5286.00
425.277929,11836.11,5286.00
425.378408,11836.11,5288.00
425.478854,11836.11,5288.00
425.579343,11836.11,5286.00
425.679891,11836.11,5288.00
425.780410,11838.62,5288.00
425.881038,11845.38,5288.00
425.981524,11845.38,5288.00
426.082121,11850.02,5288.00
426.182892,11850.02,5288.00
426.283412,11850.02,5288.00
426.383964,11850.02,5288.00
426.484641,11850.02,5288.00
426.585841,11850.02,5306.00
426.687093,11850.02,5306.00
426.787749,11850.02,5306.00
426.888412,11850.02,5306.00
426.989074,11850.02,5306.00
427.089736,11850.02,5306.00
427.190389,11850.02,5306.00
427.291032,11850.02,5306.00
427.391710,11850.02,5306.00
427.492362,11850.02,5306.00
427.593011,11850.02,5306.00
427.693665,11850.02,5306.00
427.794321,11850.02,5306.00
427.894955,11850.02,5306.00
427.995607,11850.02,5306.00
428.096273,11850.02,5306.00
428.196954,11850.02,5306.00
428.297608,11850.02,5306.00
428.398284,11850.02,5306.00
428.498966,11850.02,5306.00
428.599530,11850.02,5346.00
428.700062,11850.02,5346.00
428.800536,11850.02,5346.00
428.901146,11850.02,5306.00
429.001642,11850.02,5346.00
429.102118,11850.02,5346.00
429.202702,11850.02,5346.00
429.303219,11850.02,5384.00
429.403954,11850.02,5384.00
429.504490,11850.02,5384.00
429.605013,11850.02,5344.00
429.705490,11850.02,5384.00
429.806193,11850.02,5364.00
429.906782,11850.02,5366.00
430.007256,11850.02,5366.00
430.107769,11850.02,5366.00
430.208234,11850.02,5326.00
430.308965,11850.02,5326.00
430.410010,11850.02,5326.00
430.510916,11850.02,5326.00
430.611756,11850.02,5326.00
430.712676,11850.02,5326.00
430.813549,11850.02,5326.00
430.914170,11850.02,5326.00
431.014815,11850.02,5326.00
431.115458,11850.02,5326.00
431.216097,11850.02,5326.00
431.316770,11850.02,5326.00
431.417437,11850.02,5326.00
431.518076,11850.02,5326.00
431.618612,11850.02,1944.00
431.719120,11850.02,1944.00
431.819631,11850.02,1944.00
431.920129,11850.02,1944.00
432.020622,11850.02,1944.00
432.121170,11850.02,1944.00
432.221655,11850.02,1944.00
432.322153,11850.02,1944.00
432.422690,11850.02,1944.00
432.523493,11850.02,1944.00
432.624111,11850.02,1944.00
432.724766,11850.02,1944.00
432.825398,11850.02,1944.00
432.925881,11850.02,1804.00
433.026328,11850.02,1804.00
433.126830,11850.02,1804.00
433.227279,11850.02,1804.00
433.327808,11850.02,1804.00
433.428387,11850.02,1804.00
433.528859,11850.02,1804.00
433.629342,11850.02,1804.00
433.730038,11850.02,1804.00
433.830671,11850.02,1804.00
433.931289,11850.02,1804.00
434.031934,11850.02,1804.00
434.132568,11850.02,1804.00
434.233175,11850.02,1904.00
434.333804,11850.02,2164.00
434.434313,11850.02,2364.00
434.534810,11850.02,2364.00
434.635296,11850.02,2364.00
434.735850,11850.02,2364.00
434.836386,11850.02,2364.00
434.936838,11850.02,2364.00
435.037350,11850.02,2364.00
435.137829,11850.02,2364.00
435.238349,11850.02,2364.00
435.339074,11850.02,2364.00
435.439979,11850.02,2364.00
435.540619,11850.02,2364.00
435.641253,11850.02,2364.00
435.741902,11850.02,2364.00
435.842535,11850.02,2364.00
435.943175,11850.02,2364.00
436.043828,11850.02,2364.00
436.144496,11850.02,2364.00
436.245118,11850.02,2444.00
436.345674,11850.02,2464.00
436.446164,11850.02,2464.00
436.546784,11850.02,2464.00
436.647325,11850.02,2464.00
436.747930,11850.02,2464.00
436.848497,11850.02,2464.00
436.949068,11850.02,2464.00
437.049553,11850.02,2464.00
437.150067,11850.02,2464.00
437.250741,11850.02,2464.00
437.351358,11850.02,2464.00
437.451973,11850.02,2464.00
437.552598,11850.02,2464.00
437.653210,11850.02,2464.00
437.753805,11850.02,2464.00
437.854398,11850.02,2464.00
437.954994,11850.02,2464.00
438.055618,11850.02,2464.00
438.156162,11850.02,2044.00
438.256626,11850.02,2044.00
438.357095,11850.02,2044.00
438.457603,11850.02,2044.00
438.558052,11850.02,2044.00
438.658542,11850.02,2044.00
438.759178,11850.02,2044.00
438.859621,11850.02,2044.00
438.960271,11850.02,2044.00
439.061145,11850.02,2044.00
439.161745,11850.02,2044.00
439.262363,11850.02,2044.00
439.362960,11850.02,2044.00
439.463569,11850.02,2044.00
439.564187,11850.02,2044.00
439.664775,11850.02,2044.00
439.765392,11850.02,2044.00
439.865938,11850.02,2044.00
439.966758,11850.02,1864.00
440.067230,11850.02,1864.00
440.167804,11850.02,1864.00
440.268289,11850.02,1864.00
440.368821,11850.02,1864.00
440.469296,11850.02,1864.00
440.569840,11850.02,1864.00
440.670421,11850.02,1864.00
440.771005,11850.02,1864.00
440.871684,11850.02,1864.00
440.972313,11850.02,1864.00
441.072950,11850.02,1864.00
441.174269,11850.02,1864.00
441.275802,11850.02,1864.00
441.376455,11850.02,1864.00
441.477213,11850.02,2004.00
441.577943,11850.02,2264.00
441.678690,11850.02,2484.00
441.779450,11850.02,2744.00
441.880211,11850.02,2964.00
441.980913,11850.02,3184.00
442.081573,11850.02,3144.00
442.182181,11850.02,3144.00
442.282813,11850.02,3144.00
442.383488,11850.02,3144.00
442.484155,11850.02,3144.00
442.584780,11850.02,3144.00
442.685259,11850.02,3144.00
442.785805,11850.02,3144.00
442.886306,11850.02,3144.00
442.986909,11850.02,3144.00
443.087570,11850.02,3144.00
443.188190,11850.02,3144.00
443.288808,11850.02,3144.00
443.389425,11850.02,3144.00
443.490046,11850.02,3144.00
443.590698,11850.02,3144.00
443.691331,11850.02,3144.00
443.791961,11850.02,3144.00
443.892597,11850.02,3144.00
443.993200,11850.02,3144.00
444.093832,11850.02,3144.00
444.194466,11850.02,3144.00
444.295084,11850.02,3144.00
444.395724,11850.02,3144.00
444.496337,11850.02,3144.00
444.596960,11850.02,3144.00
444.697461,11850.02,3124.00
444.798106,11850.02,3124.00
444.898600,11850.02,3124.00
444.999218,11850.02,3124.00
445.099761,11850.02,3124.00
445.200506,11850.02,3124.00
445.301181,11850.02,3124.00
445.401916,11850.02,3124.00
445.502723,11850.02,3124.00
445.603285,11850.02,3124.00
445.703830,11850.02,3124.00
445.804349,11850.02,3124.00
445.904895,11850.02,3124.00
446.005657,11850.02,3124.00
446.106641,11850.02,3124.00
446.207247,11850.02,3124.00
446.307999,11850.02,3124.00
446.408652,11850.02,3124.00
446.509337,11850.02,3124.00
446.609983,11850.02,3124.00
446.710676,11850.02,3124.00
446.811528,11850.02,3124.00
446.914092,11850.02,3124.00
447.014789,11850.02,3124.00
447.115482,11850.02,3124.00
447.216142,11850.02,3124.00
447.316784,11850.02,3124.00
447.417271,11850.02,2384.00
447.517794,11850.02,2384.00
447.618295,11850.02,2384.00
447.718876,11850.02,2384.00
447.819563,11850.02,2384.00
447.920046,11850.02,2384.00
448.020620,11850.02,2384.00
448.121090,11850.02,2384.00
448.221755,11850.02,2384.00
448.322565,11850.02,2384.00
448.423288,11850.02,2384.00
448.523923,11850.02,2384.00
448.624664,11850.02,2384.00
448.725490,11850.02,2384.00
448.826389,11850.02,2384.00
448.927276,11850.02,2384.00
449.028161,11850.02,2384.00
449.128998,11850.02,2384.00
449.229820,11850.02,2384.00
449.330613,11850.02,2384.00
449.431378,11850.02,2384.00
449.532077,11850.02,2384.00
449.632861,11850.02,2504.00
449.733617,11850.02,2804.00
449.834370,11850.02,2984.00
449.935127,11850.02,3204.00
450.035812,11850.02,3204.00
450.136297,11850.02,3204.00
450.236860,11850.02,3204.00
450.337566,11850.02,3204.00
450.438050,11850.02,3204.00
450.538487,11850.02,3204.00
450.639052,11850.02,3204.00
450.739542,11850.02,3204.00
450.840123,11850.02,3204.00
450.940694,11850.02,3204.00
451.041336,11850.02,3204.00
451.142205,11850.02,3204.00
451.244384,11850.02,3204.00
451.345010,11850.02,3204.00
451.445696,11850.02,3204.00
451.546359,11850.02,3204.00
451.647012,11850.02,3204.00
451.747687,11850.02,3204.00
451.848356,11850.02,3204.00
451.949005,11850.02,3204.00
452.049682,11850.02,3204.00
452.150357,11850.02,3204.00
452.250991,11850.02,3224.00
452.351654,11850.02,3524.00
452.452323,11850.02,3824.00
452.553034,11850.02,4044.00
452.653719,11850.02,4304.00
452.754364,11850.02,4524.00
452.855013,11850.02,4804.00
452.955706,11850.02,5004.00
453.056373,11850.02,5204.00
453.156864,11850.02,5244.00
453.257393,11850.02,5244.00
453.357907,11850.02,5244.00
453.458393,11850.02,5244.00
453.558946,11854.65,5244.00
453.659428,11863.93,5244.00
453.760154,11873.20,5244.00
453.860716,11873.20,5244.00
453.961210,11873.20,5244.00
454.061765,11873.20,5244.00
454.162351,11873.20,5244.00
454.263153,11873.20,5244.00
454.363791,11873.20,5244.00
454.464415,11873.20,5244.00
454.565057,11873.20,5244.00
454.665715,11873.20,5244.00
454.766357,11873.20,5244.00
454.866990,11873.20,5244.00
454.967657,11873.20,5244.00
455.068323,11873.20,5244.00
455.168984,11873.20,5244.00
455.269643,11873.20,5244.00
455.370280,11873.20,5244.00
455.470924,11873.20,5244.00
455.571572,11873.20,5244.00
455.672126,11873.20,5184.00
455.772848,11873.20,2724.00
455.873334,11873.20,2724.00
455.973955,11873.20,2724.00
456.074568,11873.20,2724.00
456.175217,11873.20,2724.00
456.275775,11873.20,2724.00
456.376318,11873.20,2724.00
456.476924,11873.20,2724.00
456.577596,11873.20,2724.00
456.678373,11873.20,2724.00
456.778995,11873.20,2724.00
456.879682,11873.20,2724.00
456.980322,11873.20,2724.00
457.080964,11873.20,2724.00
457.181622,11873.20,2724.00
457.282285,11873.20,2724.00
457.382930,11873.20,2724.00
457.483593,11873.20,2724.00
457.584244,11873.20,2724.00
457.684871,11873.20,2724.00
457.785808,11873.20,2964.00
457.886464,11873.20,3204.00
457.987169,11873.20,3444.00
458.087838,11873.20,3764.00
458.188506,11873.20,4004.00
458.289179,11873.20,4224.00
458.389875,11873.20,4464.00
458.490572,11873.20,4664.00
458.591262,11873.20,4924.00
458.692000,11873.20,5124.00
458.792589,11873.20,5284.00
458.893064,11873.20,5284.00
458.993554,11873.20,5286.00
459.094090,11873.20,5286.00
459.194685,11873.20,5286.00
459.295189,11873.20,5284.00
459.395696,11873.20,5286.00
459.496179,11873.20,5286.00
459.596670,11873.20,5286.00
459.697217,11873.20,5284.00
459.797806,11873.20,5284.00
459.898394,11873.20,5284.00
459.999367,11873.20,5284.00
460.100202,11873.20,5284.00
460.200928,11873.20,5306.00
460.301684,11873.20,5306.00
460.402345,11873.20,5306.00
460.502983,11873.20,5306.00
460.603633,11873.20,5306.00
460.704299,11873.20,5306.00
460.804960,11873.20,5306.00
460.905620,11873.20,5306.00
461.006270,11873.20,5306.00
461.106925,11873.20,5306.00
461.207570,11873.20,5306.00
461.308210,11873.20,5306.00
461.408901,11873.20,5306.00
461.509556,11873.20,5306.00
461.610211,11873.20,5306.00
461.710881,11873.20,5306.00
461.811537,11873.20,5306.00
461.912199,11873.20,5306.00
462.012828,11873.20,5306.00
462.113516,11873.20,5306.00
462.214000,11873.20,5426.00
462.314586,11873.20,5402.00
462.415056,11873.20,5426.00
462.515518,11873.20,5426.00
462.616082,11873.20,5406.00
462.716574,11873.20,5406.00
462.817045,11873.20,5406.00
462.917513,11873.20,5406.00
463.018056,11873.20,5382.00
463.118625,11873.20,5406.00
463.219104,11873.20,5406.00
463.319793,11873.20,5426.00
463.420255,11873.20,5398.00
463.520759,11873.20,5416.00
463.621317,11873.20,5376.00
463.721774,11873.20,5398.00
463.822269,11873.20,5376.00
463.922790,11873.20,5376.00
464.023271,11873.20,5376.00
464.123807,11873.20,5376.00
464.224495,11873.20,5376.00
464.325068,11873.20,5376.00
464.425678,11873.20,5376.00
464.526273,11873.20,5376.00
464.626972,11873.20,5376.00
464.727681,11873.20,5376.00
464.828352,11873.20,5376.00
464.929010,11873.20,5376.00
465.029683,11873.20,5376.00
465.130311,11873.20,5376.00
465.230983,11873.20,5376.00
465.331687,11873.20,5376.00
465.432365,11873.20,5376.00
465.533017,11873.20,5376.00
465.633708,11873.20,5376.00
465.734391,11873.20,5376.00
465.835015,11873.20,5376.00
465.935700,11873.20,5376.00
466.036375,11873.20,5376.00
466.137015,11873.20,5376.00
466.237693,11873.20,5376.00
466.338383,11873.20,5376.00
466.439041,11873.20,5376.00
466.539785,11873.20,5376.00
466.640483,11873.20,5376.00
466.741215,11873.20,5266.00
466.841753,11873.20,5266.00
466.942291,11873.20,5266.00
467.042789,11873.20,5266.00
467.143326,11882.47,5266.00
467.243888,11887.11,5266.00
467.344336,11891.75,5266.00
467.444939,11891.75,5266.00
467.545551,11891.75,5266.00
467.646103,11891.75,5266.00
467.746640,11891.75,5266.00
467.847250,11891.75,5266.00
467.947903,11891.75,5266.00
468.048581,11891.75,5266.00
468.149215,11891.75,5266.00
468.249846,11891.75,5266.00
468.350493,11891.75,5266.00
468.451157,11891.75,5266.00
468.551804,11891.75,5266.00
468.652455,11891.75,5266.00
468.753111,11891.75,5266.00
468.853760,11891.75,5266.00
468.954403,11891.75,5266.00
469.054874,11891.75,2424.00
469.155324,11891.75,2426.00
469.255841,11891.75,2424.00
469.356286,11891.75,2426.00
469.456787,11891.75,2426.00
469.557282,11891.75,2426.00
469.657767,11891.75,2426.00
469.758210,11891.75,2426.00
469.858904,11891.75,2426.00
469.959734,11891.75,2426.00
470.060375,11891.75,2426.00
470.161020,11891.75,2426.00
470.261629,11891.75,2426.00
470.362240,11891.75,2426.00
470.462889,11891.75,2426.00
470.563539,11891.75,2426.00
470.664154,11891.75,2426.00
470.764761,11891.75,2426.00
470.865397,11891.75,2426.00
470.966034,11891.75,2426.00
471.066681,11891.75,2446.00
471.167234,11891.75,2586.00
471.267851,11891.75,2706.00
471.368450,11891.75,2906.00
471.469061,11891.75,3086.00
471.569671,11891.75,3266.00
471.670294,11891.75,3486.00
471.770917,11891.75,3746.00
471.871547,11891.75,3946.00
471.972140,11891.75,4106.00
472.072777,11891.75,4266.00
472.173433,11891.75,4466.00
472.274059,11891.75,4626.00
472.374724,11891.75,4846.00
472.475332,11891.75,5006.00
472.575973,11891.75,5166.00
472.676600,11891.75,5326.00
472.777085,11891.75,5286.00
472.877567,11891.75,5286.00
472.978049,11891.75,5290.00
473.078527,11891.75,5288.00
473.179013,11891.75,5288.00
473.280949,11891.75,5288.00
473.381517,11891.75,5288.00
473.482024,11891.75,5288.00
473.582529,11891.75,5288.00
473.683003,11891.75,5288.00
473.783723,11891.75,5286.00
473.884207,11891.75,5288.00
473.984876,11891.75,5286.00
474.085361,11891.75,5286.00
474.186029,11891.75,5286.00
474.286533,11891.75,5286.00
474.387193,11891.75,5286.00
474.487808,11891.75,5286.00
474.588548,11891.75,5304.00
474.689184,11891.75,5304.00
474.789854,11891.75,5304.00
474.890510,11891.75,5304.00
474.991184,11891.75,5304.00
475.091842,11891.75,5304.00
475.192557,11891.75,5304.00
475.293231,11891.75,5304.00
475.393916,11891.75,5304.00
475.494621,11891.75,5304.00
475.595312,11891.75,5304.00
475.695993,11891.75,5304.00
475.796669,11891.75,5304.00
475.897349,11891.75,5304.00
475.998002,11891.75,5304.00
476.098718,11891.75,5304.00
476.199397,11891.75,5304.00
476.300046,11891.75,5304.00
476.400747,11891.75,5304.00
476.501294,11891.75,5364.00
476.601845,11891.75,5344.00
476.702289,11891.75,5364.00
476.802849,11891.75,5364.00
476.903330,11891.75,5366.00
477.003863,11891.75,5366.00
477.104348,11891.75,5366.00
477.204879,11891.75,5366.00
477.305374,11891.75,5366.00
477.405970,11891.75,5366.00
477.506467,11891.75,5366.00
477.606968,11891.75,5366.00
477.707498,11891.75,5366.00
477.808025,11891.75,5346.00
477.908569,11891.75,5366.00
478.009209,11891.75,5366.00
478.109767,11891.75,5344.00
478.210468,11891.75,5344.00
478.311098,11891.75,5344.00
478.411736,11891.75,5344.00
478.512258,11891.75,5344.00
478.613008,11891.75,5344.00
478.713907,11891.75,5344.00
478.814593,11891.75,5344.00
478.915255,11891.75,5344.00
479.015925,11891.75,5344.00
479.116605,11891.75,5344.00
479.217339,11891.75,5344.00
479.317888,11891.75,1944.00
479.418578,11891.75,1944.00
479.519176,11891.75,1944.00
479.619725,11891.75,1944.00
479.720322,11891.75,1944.00
479.820850,11891.75,1944.00
479.921320,11891.75,1944.00
480.021819,11891.75,1944.00
480.122437,11891.75,1944.00
480.223234,11891.75,1944.00
480.324022,11891.75,1944.00
480.424680,11891.75,1944.00
480.525440,11891.75,1944.00
480.626008,11891.75,1804.00
480.726781,11891.75,1804.00
480.827276,11891.75,1804.00
480.927779,11891.75,1804.00
481.028248,11891.75,1804.00
481.128971,11891.75,1804.00
481.229486,11891.75,1804.00
481.330089,11891.75,1804.00
481.430964,11891.75,1804.00
481.531591,11891.75,1804.00
481.632210,11891.75,1804.00
481.732833,11891.75,1804.00
481.833460,11891.75,1804.00
481.934077,11891.75,1804.00
482.034716,11891.75,1804.00
482.135341,11891.75,1924.00
482.235944,11891.75,2084.00
482.336573,11891.75,2344.00
482.437078,11891.75,2364.00
482.537619,11891.75,2364.00
482.638384,11891.75,2364.00
482.739036,11891.75,2364.00
482.839610,11891.75,2364.00
482.940253,11891.75,2364.00
483.040768,11891.75,2364.00
483.141382,11891.75,2364.00
483.242003,11891.75,2364.00
483.342815,11891.75,2364.00
483.443655,11891.75,2364.00
483.544454,11891.75,2364.00
483.647234,11891.75,2364.00
483.748010,11891.75,2364.00
483.848788,11891.75,2364.00
483.949558,11891.75,2364.00
484.050321,11891.75,2364.00
484.151021,11891.75,2364.00
484.251738,11891.75,2464.00
484.352259,11891.75,2464.00
484.452858,11891.75,2464.00
484.553359,11891.75,2464.00
484.653829,11891.75,2464.00
484.754343,11891.75,2464.00
484.855136,11891.75,2464.00
484.955613,11891.75,2464.00
485.056176,11891.75,2464.00
485.156931,11891.75,2464.00
485.257531,11891.75,2464.00
485.358145,11891.75,2464.00
485.458761,11891.75,2464.00
485.559357,11891.75,2464.00
485.659946,11891.75,2464.00
485.760566,11891.75,2464.00
485.861179,11891.75,2464.00
485.961783,11891.75,2464.00
486.062398,11891.75,2464.00
486.162901,11891.75,2044.00
486.263323,11891.75,2044.00
486.363817,11891.75,2044.00
486.464322,11891.75,2044.00
486.564820,11891.75,2044.00
486.665443,11891.75,2044.00
486.766121,11891.75,2044.00
486.866918,11891.75,2044.00
486.967458,11891.75,2044.00
487.068234,11891.75,2044.00
487.168985,11891.75,2044.00
487.269608,11891.75,2044.00
487.370224,11891.75,2044.00
487.470819,11891.75,2044.00
487.571404,11891.75,2044.00
487.672001,11891.75,2044.00
487.772612,11891.75,2044.00
487.873122,11891.75,1864.00
487.973583,11891.75,1864.00
488.074082,11891.75,1864.00
488.174582,11891.75,1864.00
488.275116,11891.75,1864.00
488.375791,11891.75,1864.00
488.476273,11891.75,1864.00
488.576768,11891.75,1864.00
488.677374,11891.75,1864.00
488.777907,11891.75,1864.00
488.878499,11891.75,1864.00
488.979223,11891.75,1864.00
489.079864,11891.75,1864.00
489.180447,11891.75,1864.00
489.282021,11891.75,1864.00
489.382656,11891.75,1864.00
489.483274,11891.75,1864.00
489.583907,11891.75,1864.00
489.684519,11891.75,1864.00
489.785132,11891.75,1984.00
489.885757,11891.75,2164.00
489.986396,11891.75,2344.00
490.086954,11891.75,2504.00
490.191865,11891.75,2704.00
490.296037,11891.75,2864.00
490.396656,11891.75,3024.00
490.497249,11891.75,3184.00
490.597771,11891.75,3144.00
490.698419,11891.75,3144.00
490.798996,11891.75,3144.00
490.899542,11891.75,3144.00
491.000031,11891.75,3144.00
491.100610,11891.75,3144.00
491.201117,11891.76,3144.00
491.301614,11891.76,3144.00
491.402304,11891.76,3144.00
491.503172,11891.76,3144.00
491.604248,11891.76,3144.00
491.704922,11891.76,3144.00
491.805567,11891.76,3144.00
491.906201,11891.76,3144.00
492.006854,11891.76,3144.00
492.107501,11891.76,3144.00
492.208142,11891.76,3144.00
492.308765,11891.76,3144.00
492.409422,11891.76,3144.00
492.510085,11891.76,3144.00
492.610738,11891.76,3144.00
492.711370,11891.76,3144.00
492.811892,11891.76,3124.00
492.912356,11891.76,3124.00
493.012852,11891.76,3124.00
493.113315,11891.76,3124.00
493.213841,11891.76,3124.00
493.314382,11891.76,3124.00
493.414853,11891.76,3124.00
493.515448,11891.76,3124.00
493.616018,11891.77,3124.00
493.716539,11891.77,3124.00
493.817015,11891.77,3124.00
493.917562,11891.77,3124.00
494.018195,11891.77,3124.00
494.118828,11891.77,3124.00
494.219454,11891.77,3124.00
494.320090,11891.77,3124.00
494.420734,11891.77,3124.00
494.521364,11891.77,3124.00
494.622000,11891.77,3124.00
494.722601,11891.77,3124.00
494.823237,11891.77,3124.00
494.923868,11891.77,3124.00
495.024441,11891.77,2384.00
495.125196,11891.77,2384.00
495.225860,11891.77,2384.00
495.326552,11891.77,2384.00
495.427170,11891.77,2384.00
495.527890,11891.77,2384.00
495.628542,11891.77,2384.00
495.729253,11891.77,2384.00
495.829912,11891.77,2384.00
495.930662,11891.77,2384.00
496.031314,11891.77,2384.00
496.131954,11891.77,2384.00
496.232586,11891.77,2384.00
496.333232,11891.77,2384.00
496.433877,11891.77,2384.00
496.534545,11891.77,2384.00
496.635178,11891.77,2384.00
496.735828,11891.77,2524.00
496.836455,11891.77,2824.00
496.937106,11891.77,3024.00
497.037903,11891.77,3204.00
497.138675,11891.77,3204.00
497.239145,11891.77,3204.00
497.339651,11891.77,3204.00
497.440125,11891.77,3204.00
497.540613,11891.77,3204.00
497.641111,11891.77,3204.00
497.741589,11891.77,3204.00
497.842086,11891.77,3204.00
497.942570,11891.77,3204.00
498.043154,11891.77,3204.00
498.144137,11891.77,3204.00
498.244789,11891.77,3204.00
498.345432,11891.77,3204.00
498.446101,11891.77,3204.00
498.546761,11891.77,3204.00
498.647406,11891.77,3204.00
498.748022,11891.77,3204.00
498.848659,11891.77,3204.00
498.949306,11891.77,3204.00
499.049964,11891.77,3204.00
499.150603,11891.77,3204.00
499.251231,11891.77,3204.00
499.351870,11891.77,3404.00
499.452503,11891.77,3684.00
499.553139,11891.77,3964.00
499.653802,11891.77,4184.00
499.754447,11891.77,4444.00
499.855106,11891.77,4664.00
499.955746,11891.77,4944.00
500.056395,11891.77,5164.00
500.156966,11891.77,5244.00
500.257467,11891.77,5244.00
500.357935,11891.77,5244.00
500.458411,11891.77,5244.00
500.558892,11891.77,5244.00
500.659415,11891.77,5244.00
500.759934,11891.77,5244.00
500.860739,11891.77,5244.00
500.961655,11891.77,5244.00
501.062433,11891.77,5244.00
501.163343,11891.77,5244.00
501.264030,11891.77,5244.00
501.364791,11891.77,5244.00
501.465460,11891.77,5244.00
501.566141,11891.77,5244.00
501.666802,11891.77,5244.00
501.767453,11891.77,5244.00
501.868122,11891.77,5244.00
501.968801,11891.77,5244.00
502.069485,11891.77,5244.00
502.170176,11891.77,5244.00
502.270847,11891.77,5244.00
502.371366,11891.77,2724.00
502.471885,11891.77,2724.00
502.572338,11891.77,2724.00
502.672985,11891.77,2724.00
502.773563,11891.77,2724.00
502.874032,11891.77,2724.00
502.974729,11891.77,2724.00
503.075341,11891.77,2724.00
503.176221,11891.77,2724.00
503.276785,11891.77,2724.00
503.377399,11891.77,2724.00
503.478053,11891.77,2724.00
503.578671,11891.77,2724.00
503.679264,11891.77,2724.00
503.779876,11891.77,2724.00
503.880507,11891.77,2724.00
503.981155,11891.77,2724.00
504.081783,11891.77,2724.00
504.182377,11891.77,2724.00
504.282967,11891.77,2724.00
504.383585,11891.77,2724.00
504.484212,11891.77,2724.00
504.584860,11891.77,2724.00
504.685492,11891.77,2904.00
504.786123,11891.77,3084.00
504.886746,11891.77,3264.00
504.987347,11891.77,3484.00
505.087982,11891.77,3724.00
505.188594,11891.77,3924.00
505.289222,11891.77,4084.00
505.389865,11891.77,4264.00
505.490494,11891.77,4464.00
505.591107,11891.77,4604.00
505.691739,11891.77,4844.00
505.792365,11891.77,5004.00
505.892969,11891.77,5144.00
505.993591,11891.77,5304.00
506.094122,11891.77,5284.00
506.194692,11891.77,5284.00
506.295179,11891.77,5284.00
506.395691,11891.77,5286.00
506.496201,11891.77,5288.00
506.596701,11891.77,5286.00
506.697157,11891.77,5286.00
506.797711,11891.77,5286.00
506.898195,11891.77,5284.00
506.998986,11891.77,5284.00
507.099559,11891.77,5284.00
507.200157,11891.77,5284.00
507.300856,11891.77,5284.00
507.401721,11891.77,5284.00
507.502387,11891.77,5306.00
507.602994,11891.77,5306.00
507.703655,11891.77,5306.00
507.804296,11891.77,5306.00
507.904951,11891.77,5306.00
508.005626,11891.77,5306.00
508.106292,11891.77,5306.00
508.207231,11891.77,5306.00
508.307903,11891.77,5306.00
508.408563,11891.77,5306.00
508.509218,11891.77,5306.00
508.609890,11891.77,5306.00
508.710564,11891.77,5306.00
508.811225,11891.77,5306.00
508.912020,11891.77,5306.00
509.015081,11891.77,5306.00
509.115758,11891.77,5306.00
509.216397,11891.77,5306.00
509.317027,11891.77,5306.00
509.417667,11891.77,5306.00
509.518286,11891.77,5306.00
509.618762,11891.77,5420.00
509.719244,11891.77,5374.00
509.819769,11891.77,5420.00
509.920219,11891.77,5374.00
510.020654,11891.77,5420.00
510.121151,11891.77,5376.00
510.221707,11891.77,5420.00
510.322260,11891.77,5420.00
510.422787,11891.77,5442.00
510.523332,11891.77,5442.00
510.624150,11891.77,5442.00
510.724849,11891.77,5442.00
510.825350,11891.77,5442.00
510.925801,11891.77,5442.00
511.026274,11891.77,5420.00
511.126859,11891.77,5420.00
511.227335,11824.29,5420.00
511.327866,11824.29,5420.00
511.428335,11824.29,5376.00
511.528973,11824.29,5376.00
511.629587,11824.29,5376.00
511.730030,11824.29,5376.00
511.830578,11824.29,5376.00
511.931069,11824.29,5376.00
512.031825,11835.01,5376.00
512.132553,11835.01,5376.00
512.233256,11835.01,5376.00
512.333961,11835.01,5376.00
512.434662,11835.01,5376.00
512.535362,11835.01,5376.00
512.636036,11835.01,5376.00
512.736787,11835.01,5376.00
512.837525,11835.01,5376.00
512.938215,11835.01,5376.00
513.038911,11835.01,5376.00
513.139641,11835.01,5376.00
513.240361,11835.01,5376.00
513.341159,11835.01,5376.00
513.442001,11835.01,5376.00
513.542868,11835.01,5376.00
513.643621,11835.01,5376.00
513.744315,11835.01,5376.00
513.844993,11835.01,5376.00
513.945740,11835.01,5376.00
514.046299,11835.01,5266.00
514.146854,11835.01,5266.00
514.247370,11835.01,5266.00
514.347922,11839.64,5266.00
514.448455,11848.92,5266.00
514.548941,11848.92,5266.00
514.649438,11862.82,5266.00
514.749997,11862.82,5266.00
514.850667,11862.82,5266.00
514.951468,11862.82,5266.00
515.052154,11862.82,5266.00
515.152788,11862.82,5266.00
515.253429,11862.82,5266.00
515.354123,11862.82,5266.00
515.454807,11862.82,5266.00
515.555469,11862.82,5266.00
515.656155,11862.82,5266.00
515.756844,11862.82,5266.00
515.857510,11862.82,5266.00
515.958175,11862.82,5266.00
516.058691,11862.82,2404.00
516.159186,11862.82,2406.00
516.259789,11862.82,2406.00
516.360507,11862.82,2406.00
516.461013,11862.82,2408.00
516.561511,11862.82,2408.00
516.662189,11862.82,2408.00
516.762788,11862.82,2408.00
516.863629,11862.82,2408.00
516.964660,11862.82,2408.00
517.065793,11862.82,2408.00
517.166401,11862.82,2408.00
517.267000,11862.82,2408.00
517.367613,11862.82,2408.00
517.468253,11862.82,2408.00
517.568883,11862.82,2408.00
517.669515,11862.82,2408.00
517.770094,11862.82,2408.00
517.870716,11862.82,2408.00
517.971325,11862.82,2408.00
518.071953,11862.82,2408.00
518.172578,11862.82,2508.00
518.273434,11862.82,2668.00
518.374032,11867.46,2828.00
518.474650,11867.46,3028.00
518.575268,11867.46,3208.00
518.675884,11867.46,3408.00
518.776490,11867.46,3628.00
518.877088,11867.46,3848.00
518.977725,11867.46,4028.00
519.078344,11867.46,4208.00
519.178986,11867.46,4408.00
519.279937,11867.46,4548.00
519.380748,11867.46,4748.00
519.485076,11867.46,4928.00
519.585709,11867.46,5088.00
519.686333,11867.46,5248.00
519.786895,11867.46,5286.00
519.887383,11867.46,5286.00
519.987848,11867.46,5286.00
520.088387,11867.46,5286.00
520.188945,11881.37,5286.00
520.289469,11881.37,5288.00
520.390007,11886.00,5288.00
520.490689,11909.18,5286.00
520.591430,11913.82,5288.00
520.691888,11913.82,5288.00
520.792404,11913.82,5286.00
520.892972,11913.82,5286.00
520.993650,11913.82,5286.00
521.094417,11913.82,5286.00
521.195212,11913.82,5286.00
521.295878,11913.82,5286.00
521.396610,11913.82,5286.00
521.497340,11913.82,5304.00
521.597968,11913.82,5304.00
521.698598,11913.82,5304.00
521.799210,11913.82,5304.00
521.899850,11913.82,5304.00
522.000473,11913.82,5304.00
522.101132,11913.82,5304.00
522.201972,11913.82,5304.00
522.302677,11913.82,5304.00
522.403293,11913.82,5304.00
522.503934,11913.82,5304.00
522.604569,11913.82,5304.00
522.705203,11913.82,5304.00
522.805856,11913.82,5304.00
522.906505,11913.82,5304.00
523.007145,11913.82,5304.00
523.107797,11913.82,5304.00
523.208432,11913.82,5304.00
523.309079,11913.82,5304.00
523.409728,11913.82,5304.00
523.510375,11913.82,5304.00
523.610967,11913.82,5304.00
523.711613,11913.82,5304.00
523.812249,11913.82,5304.00
523.912859,11913.82,5304.00
524.013511,11913.82,5304.00
524.114139,11913.82,5304.00
524.214698,11913.82,5364.00
524.315228,11913.82,5364.00
524.415718,11913.82,5364.00
524.516243,11913.82,5364.00
524.616762,11913.82,5364.00
524.717335,11913.82,5342.00
524.817958,11913.82,5344.00
524.918492,11913.82,5342.00
525.018959,11913.82,5342.00
525.119371,11913.82,5342.00
525.220113,11913.82,5322.00
525.320631,11913.82,5342.00
525.421207,11913.82,5322.00
525.521706,11913.82,5342.00
525.622225,11913.82,5322.00
525.722702,11913.82,5342.00
525.823267,11913.82,5340.00
525.924207,11913.82,5340.00
526.025016,11913.82,5340.00
526.125815,11913.82,5340.00
526.226552,11913.82,5340.00
526.327395,11913.82,5340.00
526.428155,11913.82,5340.00
526.528824,11913.82,5340.00
526.629506,11913.82,5340.00
526.730147,11913.82,5340.00
526.830812,11913.82,5340.00
526.931324,11913.82,4020.00
527.031885,11913.82,1940.00
527.132369,11913.82,1940.00
527.232854,11913.82,1940.00
527.333312,11913.82,1940.00
527.433955,11913.82,1940.00
527.534492,11913.82,1940.00
527.635211,11913.82,1940.00
527.735907,11913.82,1940.00
527.836750,11913.82,1940.00
527.937371,11913.82,1940.00
528.037961,11913.82,1940.00
528.138553,11913.82,1940.00
528.239162,11913.82,1940.00
528.339764,11913.82,1940.00
528.440290,11913.82,1800.00
528.540794,11913.82,1800.00
528.641261,11913.82,1800.00
528.741708,11913.82,1800.00
528.842199,11913.82,1800.00
528.942705,11913.82,1800.00
529.043149,11913.82,1800.00
529.143657,11913.82,1800.00
529.244426,11913.82,1800.00
529.345037,11913.82,1800.00
529.445676,11913.82,1800.00
529.546278,11913.82,1800.00
529.646871,11913.82,1800.00
529.747496,11913.82,1800.00
529.848117,11913.82,1800.00
529.948708,11913.82,1900.00
530.049330,11913.82,2060.00
530.149929,11913.82,2300.00
530.250624,11913.82,2380.00
530.351069,11913.82,2380.00
530.451533,11913.82,2380.00
530.552299,11913.82,2380.00
530.652998,11913.82,2380.00
530.753722,11913.82,2380.00
530.854341,11913.82,2380.00
530.954974,11913.82,2380.00
531.055465,11913.82,2380.00
531.156193,11913.82,2380.00
531.257033,11913.82,2380.00
531.359097,11913.82,2380.00
531.459790,11913.82,2380.00
531.560436,11913.82,2380.00
531.661102,11913.82,2380.00
531.761745,11913.82,2380.00
531.862367,11913.82,2380.00
531.962961,11913.82,2380.00
532.063572,11913.82,2380.00
532.164232,11913.82,2380.00
532.264894,11913.82,2380.00
532.365543,11913.82,2440.00
532.466088,11913.82,2440.00
532.566596,11913.82,2440.00
532.667122,11913.82,2440.00
532.767656,11913.82,2440.00
532.868196,11913.82,2440.00
532.968703,11913.82,2440.00
533.069261,11913.82,2440.00
533.169741,11913.82,2440.00
533.270307,11913.82,2440.00
533.371036,11913.82,2440.00
533.471706,11913.82,2440.00
533.572372,11913.82,2440.00
533.672972,11913.82,2440.00
533.773624,11913.82,2440.00
533.874310,11913.82,2440.00
533.974986,11913.82,2440.00
534.075690,11913.82,2060.00
534.176329,11913.82,2060.00
534.277024,11913.82,2060.00
534.379444,11913.82,2060.00
534.480127,11913.82,2060.00
534.581160,11913.83,2060.00
534.681841,11913.83,2060.00
534.782495,11913.83,2060.00
534.883360,11913.84,2060.00
534.984019,11913.84,2060.00
535.085052,11913.84,2060.00
535.189143,11913.84,2060.00
535.289915,11913.84,2060.00
535.390711,11913.84,2060.00
535.491473,11913.84,2060.00
535.592232,11913.84,2060.00
535.692762,11913.84,1860.00
535.793399,11913.84,1860.00
535.893863,11913.84,1860.00
535.994331,11913.84,1860.00
536.094911,11913.84,1860.00
536.195671,11913.84,1860.00
536.296310,11913.84,1860.00
536.396881,11913.84,1860.00
536.497549,11913.84,1860.00
536.598220,11913.84,1860.00
536.699378,11913.84,1860.00
536.800132,11913.84,1860.00
536.900880,11913.84,1860.00
537.001647,11913.84,1860.00
537.102403,11913.84,1860.00
537.203156,11913.84,1860.00
537.303937,11913.84,2080.00
537.404700,11913.84,2360.00
537.506231,11913.84,2580.00
537.606997,11913.84,2820.00
537.707776,11913.84,3040.00
537.808305,11913.84,3160.00
537.908762,11913.84,3160.00
538.009252,11913.84,3160.00
538.109741,11913.84,3160.00
538.210426,11913.84,3160.00
538.311103,11913.84,3160.00
538.411787,11913.84,3160.00
538.512455,11913.84,3160.00
538.613178,11913.84,3160.00
538.713817,11913.84,3160.00
538.814900,11913.84,3160.00
538.915821,11913.84,3160.00
539.016458,11913.84,3160.00
539.117089,11913.84,3160.00
539.217759,11913.84,3160.00
539.318374,11913.84,3160.00
539.419027,11913.84,3160.00
539.519663,11913.84,3160.00
539.620314,11913.84,3160.00
539.720966,11913.84,3160.00
539.821608,11913.84,3160.00
539.922245,11913.84,3160.00
540.022828,11913.84,3100.00
540.123294,11913.84,3100.00
540.223834,11913.84,3100.00
540.324335,11913.84,3100.00
540.424869,11913.84,3100.00
540.525399,11913.84,3100.00
540.625920,11913.84,3100.00
540.726462,11913.84,3100.00
540.827071,11913.84,3100.00
540.927566,11913.84,3100.00
541.028309,11913.84,3100.00
541.129365,11913.84,3100.00
541.229988,11913.84,3100.00
541.330605,11913.84,3100.00
541.431194,11913.84,3100.00
541.531843,11913.84,3100.00
541.632503,11913.84,3100.00
541.733174,11913.84,3100.00
541.833848,11913.84,3100.00
541.934512,11913.84,3100.00
542.035014,11913.84,2400.00
542.135446,11913.84,2400.00
542.235923,11913.84,2400.00
542.336393,11913.84,2400.00
542.436913,11913.84,2400.00
542.537387,11913.84,2400.00
542.637907,11913.84,2400.00
542.738491,11913.84,2400.00
542.839019,11913.84,2400.00
542.939800,11913.84,2400.00
543.040447,11913.84,2400.00
543.141093,11913.84,2400.00
543.241734,11913.84,2400.00
543.342382,11913.84,2400.00
543.442984,11913.84,2400.00
543.543657,11913.84,2400.00
543.644299,11913.84,2400.00
543.744944,11913.84,2520.00
543.845585,11913.84,2820.00
543.946205,11913.84,3040.00
544.046734,11913.84,3180.00
544.147196,11913.84,3180.00
544.247692,11913.84,3180.00
544.348207,11913.84,3180.00
544.448827,11913.84,3180.00
544.549311,11913.84,3180.00
544.649838,11913.84,3180.00
544.750345,11913.84,3180.00
544.850948,11913.84,3180.00
544.951420,11913.84,3180.00
545.051924,11913.84,3180.00
545.152573,11913.84,3180.00
545.253267,11913.84,3180.00
545.353902,11913.84,3180.00
545.454563,11913.84,3180.00
545.555214,11913.84,3180.00
545.655834,11913.84,3180.00
545.756509,11913.84,3180.00
545.857182,11913.84,3180.00
545.957826,11913.84,3180.00
546.058494,11913.84,3180.00
546.159133,11913.84,3180.00
546.259796,11913.84,3180.00
546.360449,11913.84,3180.00
546.461115,11913.84,3460.00
546.561752,11913.84,3780.00
546.662410,11913.84,4020.00
546.763036,11913.84,4280.00
546.863703,11913.84,4520.00
546.964353,11913.84,4780.00
547.064997,11913.84,5000.00
547.165666,11913.84,5220.00
547.266171,11913.84,5220.00
547.366653,11913.84,5220.00
547.467140,11913.84,5220.00
547.567774,11913.84,5220.00
547.668253,11913.84,5220.00
547.768891,11913.84,5220.00
547.869543,11913.84,5220.00
547.970538,11913.84,5220.00
548.071046,11913.84,5220.00
548.171845,11913.84,5220.00
548.272672,11913.84,5220.00
548.373437,11913.84,5220.00
548.474098,11913.84,5220.00
548.574729,11913.84,5220.00
548.675377,11913.84,5220.00
548.775996,11913.84,5220.00
548.876674,11913.84,5220.00
548.977335,11913.84,5220.00
549.077989,11913.84,5220.00
549.178665,11913.84,5220.00
549.279288,11913.84,5220.00
549.379932,11913.84,5220.00
549.480616,11913.84,5220.00
549.581269,11913.84,5220.00
549.681910,11913.84,5220.00
549.782487,11913.84,2740.00
549.883177,11913.84,2740.00
549.983758,11913.84,2742.00
550.084222,11913.84,2742.00
550.184954,11913.84,2740.00
550.285436,11913.84,2742.00
550.386068,11913.84,2740.00
550.486563,11913.84,2740.00
550.587043,11913.84,2740.00
550.687646,11913.84,2740.00
550.788622,11913.84,2740.00
550.889290,11913.84,2740.00
550.989984,11913.84,2740.00
551.090655,11913.84,2740.00
551.191392,11913.84,2740.00
551.292081,11913.84,2740.00
551.392758,11913.84,2740.00
551.493452,11913.84,2740.00
551.594132,11913.84,2740.00
551.694815,11913.84,2740.00
551.795500,11913.84,2980.00
551.896155,11913.84,3220.00
551.996856,11913.84,3500.00
552.097578,11913.84,3820.00
552.198225,11913.84,4060.00
552.298917,11913.84,4300.00
552.399662,11913.84,4520.00
552.500352,11913.84,4780.00
552.601033,11913.84,5000.00
552.701679,11913.84,5220.00
552.802182,11913.84,5282.00
552.902683,11913.84,5282.00
553.003302,11913.84,5282.00
553.103865,11913.84,5282.00
553.204532,11913.84,5282.00
553.305042,11913.84,5284.00
553.405534,11921.08,5284.00
553.506213,11927.74,5284.00
553.606868,11927.74,5284.00
553.707597,11927.74,5284.00
553.808463,11927.74,5284.00
553.909116,11927.74,5284.00
554.009790,11927.74,5284.00
554.110313,11927.74,5284.00
554.210983,11927.74,5284.00
554.311643,11927.74,5306.00
554.412349,11927.74,5306.00
554.513018,11927.74,5306.00
554.613705,11927.74,5306.00
554.714388,11927.74,5306.00
554.815066,11927.74,5306.00
554.915750,11927.74,5306.00
555.016427,11927.74,5306.00
555.117087,11927.74,5306.00
555.217781,11927.74,5306.00
555.318428,11927.74,5306.00
555.419082,11927.74,5306.00
555.519759,11927.74,5306.00
555.620437,11927.74,5306.00
555.721125,11927.74,5306.00
555.821803,11927.74,5306.00
555.922497,11927.74,5306.00
556.023173,11927.74,5306.00
556.123866,11927.74,5306.00
556.224404,11927.74,5394.00
556.324948,11927.74,5394.00
556.425456,11927.74,5394.00
556.526013,11927.74,5394.00
556.626496,11927.74,5372.00
556.727023,11927.74,5394.00
556.827592,11927.74,5394.00
556.928155,11927.74,5394.00
557.028652,11927.74,5394.00
557.129182,11927.74,5394.00
557.229899,11927.74,5394.00
557.330524,11927.74,5394.00
557.431145,11927.74,5394.00
557.531665,11927.74,5372.00
557.632241,11927.74,5394.00
557.732957,11927.74,5372.00
557.833471,11927.74,5394.00
557.934026,11927.74,5372.00
558.034661,11927.74,5350.00
558.135153,11927.74,5350.00
558.235940,11927.74,5350.00
558.336632,11927.74,5350.00
558.437147,11927.74,5350.00
558.537756,11927.74,5350.00
558.638595,11927.74,5350.00
558.739422,11927.74,5350.00
558.840079,11927.74,5350.00
558.940758,11927.74,5350.00
559.041438,11927.74,5350.00
559.142116,11927.74,5350.00
559.242768,11927.74,5350.00
559.343448,11927.74,5350.00
559.444124,11927.74,5350.00
559.544771,11927.74,5350.00
559.645427,11927.74,5350.00
559.746115,11927.74,5350.00
559.846792,11927.74,5350.00
559.947471,11927.74,5350.00
560.048130,11927.74,5350.00
560.148798,11927.74,5350.00
560.249464,11927.74,5350.00
560.350092,11927.74,5350.00
560.450773,11927.74,5350.00
560.551442,11927.74,5350.00
560.652071,11927.74,5244.00
560.752605,11927.74,5244.00
560.853128,11927.74,5244.00
560.953644,11927.74,5244.00
561.054147,11927.74,5244.00
561.154623,11941.65,5244.00
561.255214,11964.83,5244.00
561.355881,11969.46,5244.00
561.456850,11969.46,5244.00
561.557568,11969.46,5244.00
561.658595,11969.46,5244.00
561.759384,11969.46,5244.00
561.860353,11969.46,5244.00
561.961058,11969.46,5244.00
562.061713,11969.46,5244.00
562.162411,11969.46,5244.00
562.263050,11969.46,5244.00
562.363700,11969.46,5244.00
562.464366,11969.46,5244.00
562.564964,11969.46,5244.00
562.665622,11969.46,5244.00
562.766245,11969.46,5244.00
562.866931,11969.46,5244.00
562.967676,11969.46,2382.00
563.068302,11969.46,2382.00
563.168899,11969.46,2384.00
563.269504,11969.46,2384.00
563.370096,11969.46,2384.00
563.470574,11969.46,2384.00
563.571054,11969.46,2384.00
563.671511,11969.46,2384.00
563.772015,11969.46,2384.00
563.872736,11969.46,2384.00
563.973412,11969.46,2384.00
564.074072,11969.46,2384.00
564.174771,11969.46,2384.00
564.275403,11969.46,2384.00
564.376080,11969.46,2384.00
564.476743,11969.46,2384.00
564.577400,11969.46,2384.00
564.678074,11969.46,2424.00
564.778736,11969.46,2584.00
564.879392,11969.46,2824.00
564.979977,11969.46,3064.00
565.080599,11969.46,3324.00
565.181247,11969.46,3624.00
565.281914,11969.46,3924.00
565.382576,11969.46,4144.00
565.483231,11969.46,4404.00
565.583897,11969.46,4624.00
565.684614,11969.46,4884.00
565.785278,11969.46,5124.00
565.886087,11969.46,5324.00
565.986915,11969.46,5282.00
566.087493,11969.46,5284.00
566.187987,11969.46,5284.00
566.288528,11969.46,5284.00
566.389021,11969.46,5284.00
566.489504,11969.46,5282.00
566.589988,11969.46,5282.00
566.690473,11969.46,5282.00
566.791004,11969.46,5284.00
566.891662,11969.46,5282.00
566.992199,11969.46,5282.00
567.093073,11969.46,5282.00
567.193882,11969.46,5282.00
567.294415,11923.23,5282.00
567.395163,11923.23,5300.00
567.495820,11923.23,5300.00
567.596423,11923.23,5300.00
567.697061,11923.23,5300.00
567.797710,11923.23,5300.00
567.898344,11923.23,5300.00
567.999003,11923.23,5300.00
568.099658,11923.23,5300.00
568.200309,11923.23,5300.00
568.300992,11923.23,5300.00
568.401643,11923.23,5300.00
568.502280,11923.23,5300.00
568.602939,11923.23,5300.00
568.703603,11923.23,5300.00
568.804260,11923.23,5300.00
568.904909,11923.23,5300.00
569.005557,11923.23,5300.00
569.106206,11923.23,5300.00
569.206849,11923.23,5300.00
569.307510,11923.23,5300.00
569.408162,11923.23,5300.00
569.508827,11923.23,5300.00
569.609464,11923.23,5300.00
569.710091,11923.23,5300.00
569.810705,11923.23,5300.00
569.911340,11923.23,5300.00
570.011977,11923.23,5320.00
570.112508,11923.23,5378.00
570.213035,11923.23,5378.00
570.313473,11923.23,5378.00
570.413966,11923.23,5378.00
570.514450,11923.23,5378.00
570.614947,11923.23,5378.00
570.715440,11923.23,5378.00
570.815961,11923.23,5358.00
570.916487,11923.23,5378.00
571.017276,11923.23,5358.00
571.117991,11923.23,5358.00
571.218665,11923.23,5378.00
571.319376,11923.23,5380.00
571.419896,11923.23,5378.00
571.520499,11923.23,5358.00
571.621553,11923.23,5358.00
571.722205,11923.23,5358.00
571.822728,11923.23,5358.00
571.923358,11923.23,5358.00
572.024057,11923.23,5358.00
572.124925,11923.23,5358.00
572.225720,11923.23,5358.00
572.326375,11923.23,5358.00
572.427000,11923.23,5358.00
572.527690,11923.23,5358.00
572.628349,11923.23,5358.00
572.728833,11923.23,3538.00
572.829343,11923.23,1938.00
572.929953,11923.23,1938.00
573.030406,11923.23,1938.00
573.130906,11923.23,1938.00
573.231397,11923.23,1938.00
573.331885,11923.23,1938.00
573.432510,11923.23,1938.00
573.533117,11923.23,1938.00
573.633894,11923.23,1938.00
573.734528,11923.23,1938.00
573.835168,11923.23,1938.00
573.935814,11923.23,1938.00
574.036380,11923.23,1838.00
574.137298,11923.23,1838.00
574.237794,11923.23,1838.00
574.338272,11923.23,1838.00
574.438722,11923.23,1838.00
574.539160,11923.23,1838.00
574.639700,11923.23,1838.00
574.740145,11923.23,1838.00
574.840742,11923.23,1838.00
574.941605,11923.23,1838.00
575.042234,11923.23,1838.00
575.142838,11923.23,1838.00
575.243453,11923.23,1838.00
575.344084,11923.23,1838.00
575.444724,11923.23,1838.00
575.545354,11923.23,1838.00
575.645963,11923.23,1978.00
575.746578,11923.23,2158.00
575.847212,11923.23,2418.00
575.947775,11923.23,2398.00
576.048228,11923.23,2398.00
576.148718,11932.38,2398.00
576.249188,11932.38,2398.00
576.349682,11941.65,2398.00
576.450222,11941.65,2398.00
576.550803,11941.65,2398.00
576.651313,11941.65,2398.00
576.751975,11941.65,2398.00
576.852791,11941.65,2398.00
576.953569,11941.65,2398.00
577.054182,11941.65,2398.00
577.154836,11941.65,2398.00
577.255450,11941.65,2398.00
577.356069,11941.65,2398.00
577.456685,11941.65,2398.00
577.557298,11941.65,2398.00
577.657915,11941.65,2398.00
577.758509,11941.65,2398.00
577.859104,11941.65,2398.00
577.959717,11941.65,2398.00
578.060183,11941.71,2438.00
578.160719,11941.71,2438.00
578.261210,11941.71,2438.00
578.361711,11941.71,2438.00
578.462167,11941.71,2438.00
578.562646,11941.71,2438.00
578.663155,11941.71,2438.00
578.763619,11941.71,2438.00
578.864152,11941.71,2438.00
578.964924,11941.71,2438.00
579.065572,11941.71,2438.00
579.166224,11941.71,2438.00
579.266856,11941.71,2438.00
579.367490,11941.71,2438.00
579.468139,11941.71,2438.00
579.568790,11941.71,2438.00
579.669415,11941.71,2438.00
579.770052,11941.71,2438.00
579.870667,11941.71,2338.00
579.971231,11941.71,2058.00
580.071702,11941.71,2058.00
580.172229,11941.71,2058.00
580.272763,11941.71,2058.00
580.373276,11941.71,2058.00
580.473730,11941.71,2058.00
580.574196,11941.71,2058.00
580.674787,11941.71,2058.00
580.775536,11941.71,2058.00
580.876170,11941.71,2058.00
580.976773,11941.71,2058.00
581.077396,11941.71,2058.00
581.177992,11941.71,2058.00
581.278615,11941.71,2058.00
581.379237,11941.71,2058.00
581.479873,11941.71,2058.00
581.580384,11941.71,1878.00
581.680924,11941.71,1878.00
581.781373,11941.71,1878.00
581.881918,11941.71,1878.00
581.982404,11941.71,1878.00
582.082911,11941.71,1878.00
582.183599,11941.71,1878.00
582.284340,11941.71,1878.00
582.385087,11941.71,1878.00
582.485858,11941.71,1878.00
582.586498,11941.71,1878.00
582.687133,11941.71,1878.00
582.787754,11941.71,1878.00
582.888391,11941.71,1878.00
582.988961,11941.71,1878.00
583.089603,11941.71,1878.00
583.190236,11941.71,1878.00
583.290877,11941.71,1978.00
583.391511,11941.71,2138.00
583.492142,11941.71,2338.00
583.592781,11941.71,2498.00
583.693394,11941.71,2698.00
583.793971,11941.71,2858.00
583.894619,11941.71,3018.00
583.995271,11941.71,3158.00
584.095791,11941.71,3158.00
584.196441,11941.71,3158.00
584.297191,11941.71,3158.00
584.397871,11941.71,3158.00
584.498594,11941.71,3158.00
584.599094,11941.71,3158.00
584.699761,11941.71,3158.00
584.800381,11941.71,3158.00
584.901185,11941.71,3158.00
585.002165,11941.71,3158.00
585.102927,11941.71,3158.00
585.203556,11941.71,3158.00
585.304179,11941.71,3158.00
585.404818,11941.71,3158.00
585.505445,11941.71,3158.00
585.606049,11941.71,3158.00
585.706678,11941.71,3158.00
585.807301,11941.71,3158.00
585.907919,11941.71,3158.00
586.008565,11941.71,3158.00
586.109182,11941.71,3158.00
586.209818,11941.71,3158.00
586.310468,11941.71,3158.00
586.411109,11941.71,3158.00
586.511755,11941.71,3158.00
586.612273,11941.71,3118.00
586.712766,11941.71,3118.00
586.813241,11941.71,3118.00
586.913736,11941.71,3118.00
587.014336,11941.71,3118.00
587.114810,11941.71,3118.00
587.215378,11941.71,3118.00
587.315965,11941.71,3118.00
587.416441,11941.71,3118.00
587.517192,11941.71,3118.00
587.618295,11941.71,3118.00
587.718995,11941.71,3118.00
587.819640,11941.71,3118.00
587.920287,11941.71,3118.00
588.020936,11941.71,3118.00
588.121597,11941.71,3118.00
588.222218,11941.71,3118.00
588.322861,11941.71,3118.00
588.423505,11941.71,3118.00
588.524129,11941.71,3118.00
588.624680,11941.71,3038.00
588.725252,11941.71,2398.00
588.825809,11941.71,2398.00
588.926318,11941.71,2398.00
589.026872,11941.71,2398.00
589.127320,11941.71,2398.00
589.227826,11941.71,2398.00
589.328394,11941.71,2398.00
589.429097,11941.71,2398.00
589.529892,11941.71,2398.00
589.630532,11941.71,2398.00
589.731204,11941.71,2398.00
589.831843,11941.71,2398.00
589.932461,11941.71,2398.00
590.033089,11941.71,2398.00
590.133705,11941.71,2398.00
590.234352,11941.71,2398.00
590.334998,11941.71,2398.00
590.435651,11941.71,2398.00
590.536281,11941.71,2398.00
590.636974,11941.71,2498.00
590.737628,11941.71,2738.00
590.838259,11941.71,2878.00
590.938866,11941.71,3038.00
591.039499,11941.71,3198.00
591.140025,11941.71,3178.00
591.240501,11941.71,3178.00
591.340963,11941.71,3178.00
591.441487,11941.71,3178.00
591.541958,11941.71,3178.00
591.642490,11941.71,3178.00
591.742982,11941.71,3178.00
591.843502,11941.71,3178.00
591.944139,11941.71,3178.00
592.044787,11941.71,3178.00
592.145419,11941.71,3178.00
592.246053,11941.71,3178.00
592.346698,11941.71,3178.00
592.447330,11941.71,3178.00
592.547987,11941.71,3178.00
592.648615,11941.71,3178.00
592.749229,11941.71,3178.00
592.849872,11941.71,3178.00
592.950503,11941.71,3178.00
593.051117,11941.71,3178.00
593.151754,11941.71,3178.00
593.252402,11941.71,3178.00
593.353021,11941.71,3178.00
593.453631,11941.71,3178.00
593.554272,11941.71,3178.00
593.654879,11941.71,3338.00
593.755496,11941.71,3558.00
593.856132,11941.71,3778.00
593.956757,11941.71,3958.00
594.057395,11941.71,4118.00
594.157971,11941.71,4338.00
594.260947,11941.71,4438.00
594.361552,11941.71,4498.00
594.466123,11941.71,4638.00
594.570764,11941.71,4738.00
594.671535,11941.71,4918.00
594.772195,11941.71,5058.00
594.872849,11941.71,5198.00
594.973408,11941.71,5238.00
595.073984,11941.71,5238.00
595.174582,11941.71,5238.00
595.275146,11941.71,5238.00
595.375876,11941.71,5238.00
595.476559,11941.71,5238.00
595.577357,11941.71,5238.00
595.678141,11941.71,5238.00
595.779163,11941.71,5238.00
595.880099,11941.71,5238.00
595.980734,11941.71,5238.00
596.081288,11941.71,5238.00
596.182800,11941.71,5238.00
596.285194,11941.71,5238.00
596.385964,11941.71,5238.00
596.486778,11941.71,5238.00
596.590122,11941.71,5238.00
596.690808,11941.71,5238.00
596.791496,11941.71,5238.00
596.892150,11941.71,5238.00
596.992845,11941.71,5238.00
597.093536,11941.71,5238.00
597.194060,11941.71,2758.00
597.294535,11941.71,2758.00
597.395041,11941.71,2758.00
597.495508,11941.71,2758.00
597.595991,11941.71,2758.00
597.696459,11946.35,2758.00
597.796974,11950.98,2758.00
597.897473,11950.98,2758.00
597.998043,11950.98,2758.00
598.098737,11950.98,2758.00
598.199392,11950.98,2758.00
598.300057,11950.98,2758.00
598.400732,11950.98,2758.00
598.501409,11950.98,2758.00
598.602071,11950.98,2758.00
598.702749,11950.98,2758.00
598.803492,11950.98,2758.00
598.904146,11950.98,2758.00
599.004811,11950.98,2758.00
599.105446,11950.98,2838.00
599.206098,11950.98,3018.00
599.306744,11950.98,3198.00
599.407397,11950.98,3398.00
599.508055,11950.98,3618.00
599.608719,11950.98,3838.00
599.709385,11950.98,4038.00
599.810039,11950.98,4178.00
599.910698,11950.98,4378.00
600.011370,11950.98,4538.00
600.111999,11950.98,4718.00
600.212655,11950.98,4918.00
600.313331,11950.98,5058.00
600.413992,11950.98,5238.00
600.514552,11950.98,5278.00
600.615028,11950.98,5278.00
600.715588,11950.98,5278.00
600.816157,11950.98,5278.00
600.916704,11950.98,5278.00
601.017221,11950.98,5278.00
601.117750,11950.98,5278.00
601.218234,11950.98,5278.00
601.318782,11950.98,5280.00
601.419310,11950.98,5278.00
601.520002,11950.98,5278.00
601.620723,11950.98,5278.00
601.721263,11950.98,5278.00
601.821901,11950.98,5278.00
601.922596,11950.98,5300.00
602.023275,11950.98,5300.00
602.123935,11950.98,5300.00
602.224584,11950.98,5300.00
602.325208,11950.98,5300.00
602.425873,11950.98,5300.00
602.526495,11950.98,5300.00
602.627157,11950.98,5300.00
602.727815,11950.98,5300.00
602.828493,11950.98,5300.00
602.929164,11950.98,5300.00
603.029834,11950.98,5300.00
603.130487,11950.98,5300.00
603.231112,11950.98,5300.00
603.331780,11950.98,5300.00
603.432401,11950.98,5300.00
603.533031,11950.98,5300.00
603.633663,11950.98,5300.00
603.734325,11950.98,5300.00
603.835012,11950.98,5300.00
603.935663,11950.98,5300.00
604.036307,11950.98,5300.00
604.136966,11950.98,5300.00
604.237651,11950.98,5300.00
604.338287,11950.98,5300.00
604.438920,11950.98,5300.00
604.539584,11950.98,5300.00
604.640194,11950.98,5410.00
604.740669,11950.98,5410.00
604.841158,11950.98,5410.00
604.941635,11950.98,5366.00
605.042105,11950.98,5432.00
605.142695,11950.98,5432.00
605.243227,11950.98,5432.00
605.343787,11950.98,5430.00
605.444310,11950.98,5430.00
605.544790,11950.98,5434.00
605.645273,11950.98,5430.00
605.745889,11955.62,5366.00
605.846368,11955.62,5430.00
605.946912,11960.25,5436.00
606.047400,11960.25,5430.00
606.148062,11960.25,5366.00
606.248722,11960.25,5388.00
606.349236,11960.25,5434.00
606.449714,11960.25,5408.00
606.550175,11960.25,5434.00
606.650718,11960.25,5412.00
606.751183,11960.25,5392.00
606.852062,11960.25,5392.00
606.952710,11960.25,5392.00
607.053522,11960.25,5392.00
607.154214,11960.25,5392.00
607.254834,11960.25,5392.00
607.355498,11960.25,5392.00
607.456236,11966.69,5392.00
607.556903,11966.69,5392.00
607.657583,11966.69,5392.00
607.758240,11966.69,5392.00
607.858917,11966.69,5392.00
607.959592,11966.69,5392.00
608.060250,11966.69,5392.00
608.160922,11966.69,5392.00
608.261591,11966.69,5392.00
608.362272,11966.69,5392.00
608.462939,11966.69,5392.00
608.563619,11966.69,5392.00
608.664294,11966.69,5392.00
608.764960,11966.69,5392.00
608.865644,11966.69,5392.00
608.966333,11966.69,5392.00
609.067017,11966.69,5392.00
609.167695,11966.69,5392.00
609.268370,11966.69,5392.00
609.368894,11966.69,5238.00
609.469386,11966.69,5238.00
609.570080,11966.69,5238.00
609.670776,11971.32,5238.00
609.771453,11971.32,5238.00
609.872153,11980.59,5238.00
609.972817,11989.86,5238.00
610.073632,11999.14,5238.00
610.174537,11999.14,5238.00
610.275238,11999.14,5238.00
610.376164,11999.14,5238.00
610.476907,11999.14,5238.00
610.577599,11999.14,5238.00
610.678271,11999.14,5238.00
610.778955,11999.14,5238.00
610.879628,11999.14,5238.00
610.980286,11999.14,5238.00
611.080973,11999.14,5238.00
611.181661,11999.14,5238.00
611.282318,11999.14,5238.00
611.382866,11999.14,2400.00
611.483322,11999.14,2400.00
611.583868,11999.14,2398.00
611.684318,11999.14,2400.00
611.784853,11999.14,2400.00
611.885289,11999.14,2400.00
611.985747,11999.14,2398.00
612.086187,11999.14,2398.00
612.186883,11999.14,2398.00
612.287710,11999.14,2398.00
612.388355,11999.14,2398.00
612.488968,11999.14,2398.00
612.589605,11999.14,2398.00
612.690245,11999.14,2398.00
612.790906,11999.14,2398.00
612.891549,11999.14,2398.00
612.992184,11999.14,2398.00
613.092820,11999.14,2438.00
613.193442,11999.14,2638.00
613.294080,11999.14,2878.00
613.394730,11999.14,3138.00
613.495359,11999.14,3418.00
613.596004,11999.14,3718.00
613.696636,11999.14,3998.00
613.797279,11999.14,4238.00
613.897926,11999.14,4478.00
613.998589,11999.14,4718.00
614.099231,11999.14,4978.00
614.199883,11999.14,5198.00
614.300525,11999.14,5280.00
614.401089,11999.14,5280.00
614.501643,11999.14,5280.00
614.602170,11999.14,5280.00
614.702662,11999.14,5280.00
614.803176,11999.14,5282.00
614.903685,11999.14,5282.00
615.004209,11999.14,5280.00
615.104761,12003.77,5280.00
615.205423,12003.77,5280.00
615.306093,12003.77,5280.00
615.406857,12003.77,5280.00
615.507614,12003.77,5280.00
615.608303,12003.77,5298.00
615.708985,12003.77,5298.00
615.809658,12003.77,5298.00
615.910304,12003.77,5298.00
616.010944,12003.77,5298.00
616.111622,12003.77,5298.00
616.212270,12003.77,5298.00
616.312924,12003.77,5298.00
616.413602,12003.77,5298.00
616.514237,12003.77,5298.00
616.614898,12003.77,5298.00
616.715583,12003.77,5298.00
616.816250,12003.77,5298.00
616.916928,12003.77,5298.00
617.017606,12003.77,5298.00
617.118270,12003.77,5298.00
617.218963,12003.77,5298.00
617.319623,12003.77,5298.00
617.420294,12003.77,5298.00
617.520993,12003.77,5298.00
617.621537,12003.77,5334.00
617.722235,12003.77,5374.00
617.822904,12003.77,5374.00
617.923568,12003.77,5374.00
618.024251,12003.77,5374.00
618.124914,12003.77,5374.00
618.225611,12003.77,5354.00
618.326269,12003.77,5374.00
618.426977,12003.77,5374.00
618.527627,12003.77,5374.00
618.628326,12003.77,5374.00
618.729042,12003.77,5374.00
618.829770,12003.77,5374.00
618.930295,12003.77,5356.00
619.030775,12003.77,5396.00
619.131250,12003.77,5354.00
619.231752,12003.77,5354.00
619.332296,12003.77,5354.00
619.432988,12003.77,5354.00
619.533732,12003.77,5354.00
619.634383,12003.77,5354.00
619.735139,12003.77,5354.00
619.835787,12003.77,5354.00
619.936461,12003.77,5354.00
620.037174,12003.77,5354.00
620.137850,12003.77,5354.00
620.238493,12003.77,5354.00
620.338969,12003.77,2954.00
620.439542,12003.77,1934.00
620.539966,12003.77,1934.00
620.640433,12003.77,1934.00
620.740938,12003.77,1934.00
620.841403,12003.77,1934.00
620.942045,12003.77,1934.00
621.042739,12003.77,1934.00
621.143383,12003.77,1934.00
621.245082,12003.77,1934.00
621.345746,12003.77,1934.00
621.446383,12003.77,1934.00
621.546980,12003.77,1934.00
621.647635,12003.77,1934.00
621.748139,12003.77,1794.00
621.848675,12003.77,1794.00
621.949175,12003.77,1794.00
622.049656,12003.77,1794.00
622.150116,12003.77,1794.00
622.250594,12003.77,1794.00
622.351112,12003.77,1794.00
622.451846,12003.77,1794.00
622.552511,12003.77,1794.00
622.653149,12003.77,1794.00
622.753802,12003.77,1794.00
622.854434,12003.77,1794.00
622.955063,12003.77,1914.00
623.055712,12003.77,2174.00
623.156240,12003.77,2394.00
623.256713,12003.77,2394.00
623.357246,12003.77,2394.00
623.457721,12003.77,2394.00
623.558330,12003.77,2394.00
623.658819,12003.77,2394.00
623.759539,12003.77,2394.00
623.860132,12003.77,2394.00
623.960823,12003.77,2394.00
624.061357,12003.77,2394.00
624.162050,12003.77,2394.00
624.262703,12003.77,2394.00
624.363342,12003.77,2394.00
624.463999,12003.77,2394.00
624.564687,12003.77,2394.00
624.665340,12003.77,2394.00
624.765983,12003.77,2394.00
624.866668,12003.77,2394.00
624.967216,12003.77,2414.00
625.067817,12003.77,2414.00
625.168326,12003.77,2414.00
625.268788,12003.77,2414.00
625.369233,12003.77,2414.00
625.469710,12003.77,2414.00
625.570206,12003.77,2414.00
625.670721,12003.77,2414.00
625.771205,12003.77,2414.00
625.871859,12003.77,2414.00
625.972511,12003.77,2414.00
626.073151,12003.77,2414.00
626.173803,12003.77,2414.00
626.274421,12003.77,2414.00
626.375070,12003.77,2414.00
626.475712,12003.77,2414.00
626.576343,12003.77,2414.00
626.676979,12003.77,2414.00
626.777516,12003.77,2054.00
626.878083,12003.77,2054.00
626.978696,12003.77,2054.00
627.079135,12003.77,2054.00
627.179602,12003.77,2054.00
627.280055,12003.77,2054.00
627.380642,12003.77,2054.00
627.481201,12003.77,2054.00
627.581971,12003.77,2054.00
627.682634,12003.77,2054.00
627.783281,12003.77,2054.00
627.883909,12003.77,2054.00
627.984552,12003.77,2054.00
628.085184,12003.77,2054.00
628.185686,12003.77,1874.00
628.286131,12003.77,1874.00
628.386617,12003.77,1874.00
628.487098,12003.77,1874.00
628.587583,12003.77,1874.00
628.688057,12003.77,1874.00
628.788607,12003.77,1874.00
628.889194,12003.77,1874.00
628.990012,12003.77,1874.00
629.090631,12003.77,1874.00
629.191262,12003.77,1874.00
629.291907,12003.77,1874.00
629.392546,12003.77,1874.00
629.493173,12003.77,1874.00
629.593807,12003.77,2034.00
629.694438,12003.77,2294.00
629.795108,12003.77,2514.00
629.895759,12003.77,2754.00
629.996403,12003.77,2974.00
630.097010,12003.77,3194.00
630.197527,12003.77,3134.00
630.298057,12003.77,3134.00
630.398546,12003.77,3134.00
630.499010,12003.77,3134.00
630.599517,12003.77,3134.00
630.700072,12003.77,3134.00
630.800745,12003.77,3134.00
630.901943,12003.77,3134.00
631.002556,12003.77,3134.00
631.103373,12003.77,3134.00
631.203968,12003.77,3134.00
631.304601,12003.77,3134.00
631.405227,12003.77,3134.00
631.505870,12003.77,3134.00
631.606492,12003.77,3134.00
631.707119,12003.77,3134.00
631.807753,12003.77,3134.00
631.908369,12003.77,3134.00
632.008971,12003.77,3134.00
632.109581,12003.77,3134.00
632.210197,12003.77,3134.00
632.310823,12003.77,3134.00
632.411440,12003.77,3134.00
632.512062,12003.77,3134.00
632.612671,12003.77,3134.00
632.713214,12003.77,3134.00
632.813683,12003.77,3134.00
632.914186,12003.77,3134.00
633.014763,12003.77,3134.00
633.115263,12003.77,3134.00
633.215784,12003.77,3134.00
633.316508,12003.77,3134.00
633.417396,12003.77,3134.00
633.518137,12003.77,3134.00
633.619085,12003.77,3134.00
633.719733,12003.77,3134.00
633.820376,12003.77,3134.00
633.920975,12003.77,3134.00
634.023058,12003.77,3134.00
634.123690,12003.77,3134.00
634.224314,12003.77,3134.00
634.324939,12003.77,3134.00
634.425553,12003.77,3134.00
634.526185,12003.77,3134.00
634.626705,12003.77,2374.00
634.727172,12003.77,2374.00
634.827665,12003.77,2374.00
634.928160,12003.77,2374.00
635.028618,12003.77,2374.00
635.129152,12003.77,2374.00
635.229664,12003.77,2374.00
635.330132,12003.77,2374.00
635.430845,12003.77,2374.00
635.531488,12003.77,2374.00
635.632107,12003.77,2374.00
635.732772,12003.77,2374.00
635.833410,12003.77,2374.00
635.934072,12003.77,2374.00
636.034736,12003.77,2374.00
636.135387,12003.77,2374.00
636.236044,12003.77,2434.00
636.336687,12003.77,2734.00
636.437331,12003.77,2934.00
636.537948,12003.77,3154.00
636.638457,12003.77,3194.00
636.739134,12003.77,3194.00
636.839851,12003.77,3194.00
636.940587,12003.77,3194.00
637.041244,12003.77,3194.00
637.141905,12003.77,3194.00
637.242368,12003.77,3194.00
637.342916,12003.77,3194.00
637.443453,12003.77,3194.00
637.544297,12003.77,3194.00
637.644953,12003.77,3194.00
637.745606,12003.77,3194.00
637.846259,12003.77,3194.00
637.946905,12003.77,3194.00
638.047552,12003.77,3194.00
638.148243,12003.77,3194.00
638.248903,12003.77,3194.00
638.349559,12003.77,3194.00
638.450198,12003.77,3194.00
638.550842,12003.77,3194.00
638.651504,12003.77,3194.00
638.752153,12003.77,3414.00
638.852813,12003.77,3734.00
638.953460,12003.77,3994.00
639.054105,12003.77,4214.00
639.154752,12003.77,4474.00
639.255424,12003.77,4734.00
639.356076,12003.77,4974.00
639.456745,12003.77,5194.00
639.557333,12003.77,5214.00
639.657904,12003.77,5214.00
639.758444,12003.77,5214.00
639.858998,12003.77,5214.00
639.959494,12003.77,5214.00
640.060013,12003.77,5214.00
640.160683,12003.77,5214.00
640.261698,12003.77,5214.00
640.362563,12003.77,5214.00
640.463469,12003.77,5214.00
640.564191,12003.77,5214.00
640.665224,12003.77,5214.00
640.766073,12003.77,5214.00
640.866742,12003.77,5214.00
640.967433,12003.77,5214.00
641.068122,12003.77,5214.00
641.168836,12003.77,5214.00
641.269516,12003.77,5214.00
641.370200,12003.77,5214.00
641.470839,12003.77,5214.00
641.571468,12003.77,5214.00
641.672162,12003.77,5214.00
641.772797,12003.77,2734.00
641.873390,12003.77,2734.00
641.973882,12003.77,2734.00
642.074329,12003.77,2734.00
642.174859,12003.77,2734.00
642.275333,12003.77,2734.00
642.375834,12003.77,2734.00
642.476321,12003.77,2734.00
642.576955,12003.77,2734.00
642.677386,12003.77,2734.00
642.778073,12003.77,2734.00
642.878711,12003.77,2734.00
642.979345,12003.77,2734.00
643.079986,12003.77,2734.00
643.180620,12003.77,2734.00
643.281238,12003.77,2734.00
643.381878,12003.77,2734.00
643.482512,12003.77,2734.00
643.583141,12003.77,2734.00
643.683757,12003.77,2734.00
643.784371,12003.77,2734.00
643.884998,12003.77,2734.00
643.985659,12003.77,2734.00
644.086255,12003.77,2874.00
644.186865,12003.77,3054.00
644.287473,12003.77,3214.00
644.388081,12003.77,3454.00
644.488696,12003.77,3674.00
644.589277,12003.77,3914.00
644.689910,12003.77,4074.00
644.790553,12003.77,4254.00
644.891191,12003.77,4434.00
644.991835,12003.77,4594.00
645.092431,12003.77,4814.00
645.193075,12003.77,4974.00
645.294010,12003.77,5134.00
645.394652,12003.77,5274.00
645.495214,12003.77,5274.00
645.595759,12003.77,5274.00
645.696351,12003.77,5274.00
645.796958,12003.77,5274.00
645.897544,12003.77,5274.00
645.998146,12003.77,5274.00
646.098635,12003.77,5274.00
646.199211,12003.77,5274.00
646.299838,12003.77,5274.00
646.400505,12003.77,5274.00
646.501137,12003.77,5274.00
646.601647,12003.77,5274.00
646.702192,12003.77,5274.00
646.802921,12003.77,5296.00
646.903575,12003.77,5296.00
647.004232,12003.77,5296.00
647.104875,12003.77,5296.00
647.205534,12003.77,5296.00
647.306194,12003.77,5296.00
647.406858,12003.77,5296.00
647.507496,12003.77,5296.00
647.608142,12003.77,5296.00
647.708779,12003.77,5296.00
647.809422,12003.77,5296.00
647.910058,12003.77,5296.00
648.010720,12003.77,5296.00
648.111370,12003.77,5296.00
648.211990,12003.77,5296.00
648.312660,12003.77,5296.00
648.413311,12003.77,5296.00
648.513952,12003.77,5296.00
648.614612,12003.77,5296.00
648.715254,12003.77,5296.00
648.815934,12003.77,5296.00
648.916593,12003.77,5296.00
649.017203,12003.77,5296.00
649.117811,12003.77,5296.00
649.218423,12003.77,5296.00
649.319049,12003.77,5296.00
649.419720,12003.77,5296.00
649.520445,12003.77,5300.00
649.621116,12003.77,5344.00
649.721784,12003.77,5366.00
649.822443,12003.77,5300.00
649.923118,12003.77,5388.00
650.023777,12003.77,5368.00
650.124407,12003.77,5368.00
650.224859,12003.77,5366.00
650.325396,12003.77,5322.00
650.426209,12003.77,5368.00
650.526751,12003.77,5392.00
650.627346,12003.77,5390.00
650.728055,12003.77,5348.00
650.828710,12003.77,5394.00
650.929374,12003.77,5392.00
651.029871,12003.77,5348.00
651.130342,12003.77,5394.00
651.230965,12003.77,5392.00
651.331668,12003.77,5394.00
651.432210,12003.77,5392.00
651.532757,12003.77,5370.00
651.633341,12003.77,5326.00
651.734286,12003.77,5326.00
651.835158,12003.77,5326.00
651.935969,12003.77,5326.00
652.036816,12003.77,5326.00
652.137540,12003.77,5326.00
652.238441,12003.77,5326.00
652.339215,12003.77,5326.00
652.439880,12003.77,5326.00
652.540558,12003.77,5326.00
652.641217,12003.77,5326.00
652.741876,12003.77,5326.00
652.842567,12003.77,5326.00
652.943231,12003.77,5326.00
653.043908,12003.77,5326.00
653.144610,12003.77,5326.00
653.245960,12003.77,5326.00
653.346597,12003.77,5326.00
653.448975,12003.77,5326.00
653.549639,12003.77,5326.00
653.650249,12003.77,5326.00
653.750900,12003.77,5326.00
653.851558,12003.77,5326.00
653.952237,12003.77,5326.00
654.052912,12003.77,5326.00
654.153582,12003.77,5326.00
654.254246,12003.77,5326.00
654.354890,12003.77,5326.00
654.455554,12003.77,5326.00
654.556118,12003.77,5278.00
654.656649,12003.77,5278.00
654.757159,12003.77,5278.00
654.857682,12003.77,5278.00
654.958260,12003.77,5278.00
655.058745,12003.77,5278.00
655.159268,12003.77,5278.00
655.259904,12003.77,5278.00
655.360490,12003.77,5278.00
655.461060,12003.77,5278.00
655.561679,12003.77,5278.00
655.662459,12003.77,5278.00
655.763081,12003.77,5278.00
655.863716,12003.77,5278.00
655.964365,12003.77,5278.00
656.065005,12003.77,5278.00
656.166017,12003.77,5278.00
656.267934,12003.77,5278.00
656.368571,12003.77,5278.00
656.469192,12003.77,5278.00
656.569801,12003.77,5278.00
656.670442,12003.77,5278.00
656.771024,12003.77,2394.00
656.871525,12003.77,2394.00
656.971962,12003.77,2396.00
657.072454,12003.77,2376.00
657.173050,12003.77,2396.00
657.273614,12003.77,2396.00
657.374127,12003.77,2396.00
657.474620,12003.77,2396.00
657.575086,12003.77,2376.00
657.675690,12003.77,2376.00
657.776300,12003.77,2376.00
657.876938,12003.77,2376.00
657.977581,12003.77,2376.00
658.078213,12003.77,2376.00
658.178858,12003.77,2376.00
658.279495,12003.77,2376.00
658.380150,12003.77,2376.00
658.480809,12003.77,2376.00
658.581439,12003.77,2456.00
658.682082,12003.77,2676.00
658.782714,12003.77,2896.00
658.883354,12003.77,3156.00
658.983964,12003.77,3436.00
659.084592,12003.77,3676.00
659.185222,12003.77,3896.00
659.285847,12003.77,4056.00
659.386470,12003.77,4236.00
659.487096,12003.77,4436.00
659.587745,12003.77,4596.00
659.688413,12003.77,4856.00
659.789081,12003.77,5076.00
659.889741,12003.77,5276.00
659.990263,12003.77,5254.00
660.090735,12003.77,5256.00
660.191395,12003.77,5256.00
660.291879,12003.77,5256.00
660.392344,12008.31,5254.00
660.492826,12026.86,5254.00
660.593308,12036.13,5254.00
660.693901,12036.13,5254.00
660.794435,12036.13,5254.00
660.895070,12036.13,5254.00
660.995642,12036.13,5254.00
661.096260,12036.13,5254.00
661.196948,12036.13,5272.00
661.297714,12036.13,5272.00
661.398408,12036.13,5272.00
661.499131,12036.13,5272.00
661.599829,12036.13,5272.00
661.700513,12036.13,5272.00
661.801298,12036.13,5272.00
661.902028,12036.13,5272.00
662.002748,12036.13,5272.00
662.103460,12036.13,5272.00
662.204147,12036.13,5272.00
662.304823,12036.13,5272.00
662.405545,12036.13,5272.00
662.506254,12036.13,5272.00
662.606967,12036.13,5272.00
662.707684,12036.13,5272.00
662.808328,12036.13,5272.00
662.909023,12036.13,5272.00
663.009768,12036.13,5272.00
663.110497,12036.13,5272.00
663.216077,12036.13,5332.00
663.316558,12036.13,5390.00
663.417248,12036.13,5370.00
663.517942,12036.13,5390.00
663.618679,12036.13,5390.00
663.719327,12036.13,5390.00
663.820030,12036.13,5390.00
663.920681,12036.13,5390.00
664.021338,12036.13,5390.00
664.122006,12036.13,5390.00
664.222549,12036.13,5390.00
664.323043,12036.13,5410.00
664.423569,12036.13,5370.00
664.524069,12036.13,5390.00
664.624578,12036.13,5410.00
664.725053,12036.13,5370.00
664.826003,12036.13,5370.00
664.926619,12036.13,5370.00
665.027072,12036.13,5370.00
665.127616,12036.13,5370.00
665.228164,12036.13,5370.00
665.328913,12036.13,5370.00
665.429575,12036.13,5370.00
665.530240,12036.13,5370.00
665.630912,12036.13,5370.00
665.731572,12036.13,5370.00
665.832107,12036.13,4690.00
665.932641,12036.13,1930.00
666.033058,12036.13,1930.00
666.133609,12036.13,1930.00
666.234066,12036.13,1930.00
666.334525,12036.13,1930.00
666.434960,12036.13,1930.00
666.535415,12036.13,1930.00
666.636071,12036.13,1930.00
666.736783,12036.13,1930.00
666.837391,12036.13,1930.00
666.938015,12036.13,1930.00
667.038686,12036.13,1930.00
667.139332,12036.13,1930.00
667.239899,12036.13,1930.00
667.340384,12036.13,1790.00
667.441044,12036.13,1790.00
667.541729,12036.13,1790.00
667.642250,12036.13,1790.00
667.742755,12036.13,1790.00
667.843233,12036.13,1790.00
667.943777,12036.13,1790.00
668.044288,12036.13,1790.00
668.145231,12036.13,1790.00
668.245828,12036.13,1790.00
668.346414,12036.13,1790.00
668.447036,12036.13,1790.00
668.547680,12036.13,1790.00
668.648312,12036.13,1790.00
668.748980,12036.13,1790.00
668.849607,12036.13,1970.00
668.950229,12036.13,2130.00
669.050855,12036.13,2410.00
669.151357,12036.13,2410.00
669.251873,12036.13,2410.00
669.352313,12036.13,2410.00
669.452767,12036.13,2410.00
669.553223,12036.13,2410.00
669.653749,12036.13,2410.00
669.754213,12036.13,2410.00
669.854975,12036.13,2410.00
669.955829,12036.13,2410.00
670.056492,12036.13,2410.00
670.157148,12036.13,2410.00
670.257804,12036.13,2410.00
670.358436,12036.13,2410.00
670.459098,12036.13,2410.00
670.559762,12036.13,2410.00
670.660405,12036.13,2410.00
670.761068,12036.13,2410.00
670.861571,12036.13,2430.00
670.962014,12036.13,2430.00
671.062456,12036.13,2430.00
671.163112,12036.13,2430.00
671.263632,11985.26,2430.00
671.364099,11985.26,2430.00
671.464772,11985.26,2430.00
671.565419,11985.26,2430.00
671.666143,11985.26,2430.00
671.766996,11985.26,2430.00
671.867673,11985.26,2430.00
671.968312,11985.26,2430.00
672.068947,11985.26,2430.00
672.169557,11985.26,2430.00
672.270191,11985.26,2430.00
672.370832,11985.26,2430.00
672.471327,11985.26,2050.00
672.571850,11985.26,2050.00
672.672516,11985.26,2050.00
672.773167,11985.26,2050.00
672.873846,11985.26,2050.00
672.974522,11985.26,2050.00
673.075029,11985.26,2050.00
673.175896,11985.26,2050.00
673.277059,11989.77,2050.00
673.381215,11989.77,2050.00
673.481980,11989.77,2050.00
673.582755,11989.77,2050.00
673.683517,11989.77,2050.00
673.784025,11989.77,1870.00
673.884596,11989.77,1870.00
673.985151,11989.77,1870.00
674.085604,11989.77,1870.00
674.186067,11989.77,1870.00
674.286568,11989.77,1870.00
674.387016,11989.77,1870.00
674.487747,11989.77,1870.00
674.588692,11989.77,1870.00
674.689350,11989.77,1870.00
674.790019,11989.77,1870.00
674.890681,11989.77,1870.00
674.991304,11989.77,1870.00
675.091947,11989.77,1870.00
675.193058,11989.77,1930.00
675.293680,11989.77,2150.00
675.394291,11989.77,2410.00
675.494924,11989.77,2650.00
675.595561,11989.77,2870.00
675.696194,11989.77,3090.00
675.796772,11989.77,3110.00
675.897345,11989.77,3110.00
675.997881,11989.77,3110.00
676.098536,11989.77,3110.00
676.199025,11989.77,3110.00
676.299468,11989.77,3110.00
676.400059,11989.77,3110.00
676.500744,11989.77,3110.00
676.601288,11989.77,3110.00
676.701945,11989.77,3110.00
676.803017,11989.77,3110.00
676.903673,11989.77,3110.00
677.004305,11989.77,3110.00
677.104956,11989.77,3110.00
677.205597,11989.77,3110.00
677.306241,11989.77,3110.00
677.406874,11989.77,3110.00
677.507525,11989.77,3110.00
677.608166,11989.77,3110.00
677.708806,11989.77,3110.00
677.809428,11989.77,3110.00
677.909958,11989.77,3130.00
678.010452,11989.77,3130.00
678.110916,11989.77,3130.00
678.211486,11989.77,3130.00
678.311974,11989.77,3130.00
678.412531,11989.77,3130.00
678.513023,11989.77,3130.00
678.613555,11989.77,3130.00
678.714135,11989.77,3130.00
678.814868,11989.77,3130.00
678.915495,11989.77,3130.00
679.016105,11989.77,3130.00
679.116733,11989.77,3130.00
679.217352,11989.77,3130.00
679.317979,11989.77,3130.00
679.418614,11989.77,3130.00
679.519217,11989.77,3130.00
679.619895,11989.77,3130.00
679.720495,11989.77,3130.00
679.821098,11989.77,3130.00
679.921676,11989.77,2390.00
680.022118,11989.77,2390.00
680.122629,11989.77,2390.00
680.223132,11989.77,2390.00
680.323744,11989.77,2390.00
680.424459,11989.77,2390.00
680.525068,11989.77,2390.00
680.625678,11989.77,2390.00
680.726398,11989.77,2390.00
680.827007,11989.77,2390.00
680.927613,11989.77,2390.00
681.028216,11989.77,2390.00
681.128848,11989.77,2390.00
681.229461,11989.77,2390.00
681.330071,11989.77,2390.00
681.430701,11989.77,2390.00
681.531320,11989.77,2390.00
681.631923,11989.77,2390.00
681.732546,11989.77,2390.00
681.833129,11989.77,2510.00
681.933759,11989.77,2730.00
682.034386,11989.77,2870.00
682.134968,11989.77,3050.00
682.235610,11989.77,3190.00
682.336356,11989.77,3170.00
682.437051,11989.77,3170.00
682.537750,11989.77,3170.00
682.638412,11989.77,3170.00
682.739023,11989.77,3170.00
682.839708,11989.77,3170.00
682.940597,11989.77,3170.00
683.041532,11989.77,3170.00
683.142389,11989.77,3170.00
683.244085,11989.77,3170.00
683.344805,11989.77,3170.00
683.448143,11989.77,3170.00
683.548778,11989.77,3170.00
683.649408,11989.77,3170.00
683.750046,11989.77,3170.00
683.850694,11989.77,3170.00
683.951310,11989.77,3170.00
684.051935,11989.77,3170.00
684.152546,11989.77,3170.00
684.253166,11989.77,3170.00
684.353787,11989.77,3170.00
684.454416,11989.77,3170.00
684.555046,11989.77,3170.00
684.655688,11989.77,3170.00
684.756320,11989.77,3210.00
684.856922,11989.77,3430.00
684.957563,11989.77,3670.00
685.058162,11989.77,3890.00
685.158782,11989.77,4050.00
685.259369,11989.77,4210.00
685.359944,11989.77,4410.00
685.460554,11989.77,4570.00
685.561157,11989.77,4790.00
685.661791,11989.77,4950.00
685.762423,11989.77,5110.00
685.863044,11989.77,5270.00
685.963574,11989.77,5270.00
686.064101,11989.77,5270.00
686.164630,11989.77,5270.00
686.265143,11989.77,5270.00
686.365674,11989.77,5270.00
686.466219,11989.77,5270.00
686.566746,11989.77,5270.00
686.667679,11989.77,5270.00
686.768714,11989.77,5270.00
686.869940,11989.77,5270.00
686.970999,11989.77,5270.00
687.071785,11989.77,5270.00
687.172532,11989.77,5270.00
687.273179,11989.77,5270.00
687.373827,11989.77,5270.00
687.474468,11989.77,5270.00
687.575121,11989.77,5270.00
687.675767,11989.77,5270.00
687.776402,11989.77,5270.00
687.877048,11989.77,5270.00
687.977693,11989.77,5270.00
688.078304,11989.77,5270.00
688.178931,11989.77,5270.00
688.279563,11989.77,5270.00
688.380204,11989.77,5270.00
688.480719,11989.77,2710.00
688.581227,11989.77,2710.00
688.681679,11989.77,2710.00
688.782178,11989.77,2710.00
688.882832,11989.77,2710.00
688.983303,11989.77,2710.00
689.083831,11989.77,2710.00
689.184325,11989.77,2710.00
689.284894,11989.77,2710.00
689.385519,11989.77,2710.00
689.486137,11989.77,2710.00
689.586771,11989.77,2710.00
689.687380,11989.77,2710.00
689.788000,11989.77,2710.00
689.888603,11989.77,2710.00
689.989214,11989.77,2710.00
690.089821,11989.77,2710.00
690.190425,11989.77,2710.00
690.291032,11989.77,2710.00
690.391627,11989.77,2710.00
690.492237,11989.77,2710.00
690.592826,11989.77,2710.00
690.693446,11989.77,2790.00
690.794075,11989.77,2970.00
690.894688,11989.77,3170.00
690.995275,11989.77,3350.00
691.095889,11989.77,3570.00
691.196500,11989.77,3830.00
691.297106,11989.77,3990.00
691.397744,11989.77,4170.00
691.498350,11989.77,4370.00
691.598951,11989.77,4530.00
691.699600,11989.77,4710.00
691.800228,11989.77,4910.00
691.900835,11989.77,5070.00
692.001441,11989.77,5230.00
692.101989,11989.77,5270.00
692.202447,11989.77,5270.00
692.303063,11989.77,5270.00
692.403592,11989.77,5272.00
692.504149,11989.77,5272.00
692.604784,11989.77,5272.00
692.705275,11989.77,5270.00
692.805872,11989.77,5270.00
692.907022,11989.77,5270.00
693.008409,11989.77,5270.00
693.109532,11989.77,5270.00
693.210408,11989.77,5270.00
693.311148,11989.77,5270.00
693.411977,11989.77,5292.00
693.512628,11989.77,5292.00
693.613288,11989.77,5292.00
693.713935,11989.77,5292.00
693.814597,11989.77,5292.00
693.915230,11989.77,5292.00
694.016128,11989.77,5292.00
694.116770,11989.77,5292.00
694.217384,11989.77,5292.00
694.317986,11989.77,5292.00
694.418637,11989.77,5292.00
694.519363,11989.77,5292.00
694.620016,11989.77,5292.00
694.720677,11989.77,5292.00
694.821339,11989.77,5292.00
694.922002,11989.77,5292.00
695.022643,11989.77,5292.00
695.123281,11989.77,5292.00
695.223904,11989.77,5292.00
695.324543,11989.77,5292.00
695.425189,11989.77,5292.00
695.525821,11989.77,5292.00
695.626442,11989.77,5292.00
695.727080,11989.77,5292.00
695.827702,11989.77,5292.00
695.928348,11989.77,5292.00
696.029000,11989.77,5292.00
696.129520,11989.77,5428.00
696.230041,11989.77,5426.00
696.330512,11989.77,5404.00
696.430996,11989.77,5426.00
696.531452,11989.77,5404.00
696.631976,11989.77,5358.00
696.732510,11989.77,5404.00
696.833027,11989.77,5426.00
696.933514,11989.77,5448.00
697.033980,11989.77,5382.00
697.134459,11989.77,5426.00
697.235005,11989.77,5428.00
697.335495,11989.77,5428.00
697.436169,11989.77,5404.00
697.536741,11989.77,5404.00
697.637269,11989.77,5380.00
697.737785,11989.77,5404.00
697.838273,11989.77,5358.00
697.938803,11989.77,5404.00
698.039474,11989.77,5428.00
698.140036,11989.77,5402.00
698.240685,11989.77,5384.00
698.341466,11989.77,5384.00
698.442166,11989.77,5384.00
698.542847,11989.77,5384.00
698.643361,11989.77,5384.00
698.743900,11989.77,5384.00
698.844697,11989.77,5384.00
698.945353,11989.77,5384.00
699.045990,11989.77,5384.00
699.146699,11989.77,5384.00
699.247338,11989.77,5384.00
699.347985,11989.77,5384.00
699.448662,11989.77,5384.00
699.549309,11989.77,5384.00
699.649971,11989.77,5384.00
699.750626,11989.77,5384.00
699.851261,11989.77,5384.00
699.951923,11989.77,5384.00
700.052582,11989.77,5384.00
700.153224,11989.77,5384.00
700.253893,11989.77,5384.00
700.354549,11989.77,5384.00
700.455173,11989.77,5384.00
700.555794,11989.77,5384.00
700.656441,11989.77,5384.00
700.757095,11989.77,5384.00
700.857770,11989.77,5384.00
700.958415,11989.77,5384.00
701.059080,11989.77,5384.00
701.159722,11989.77,5384.00
701.260368,11989.77,5384.00
701.360984,11989.77,5384.00
701.461655,11989.77,5384.00
701.562175,11989.77,5272.00
701.662704,11989.77,5272.00
701.763213,11989.77,5272.00
701.863693,11989.77,5272.00
701.964208,11989.77,5272.00
702.064669,11989.77,5272.00
702.165143,11989.77,5272.00
702.265682,11989.77,5272.00
702.366352,11989.77,5272.00
702.466972,11989.77,5272.00
702.567585,11989.77,5272.00
702.668233,11989.77,5272.00
702.768921,11989.77,5272.00
702.869560,11989.77,5272.00
702.970182,11989.77,5272.00
703.070837,11989.77,5272.00
703.171470,11989.77,5272.00
703.272111,11989.77,5272.00
703.372749,11989.77,5272.00
703.473390,11989.77,5272.00
703.573971,11989.77,5272.00
703.674633,11989.77,5272.00
703.775155,11989.77,4172.00
703.875672,11989.77,2390.00
703.976122,11989.77,2392.00
704.076667,11989.77,2392.00
704.177171,11989.77,2394.00
704.277637,11989.77,2394.00
704.378140,11989.77,2394.00
704.478643,11989.77,2372.00
704.579115,11989.77,2372.00
704.679591,11989.77,2372.00
704.780190,11989.77,2372.00
704.881267,11989.77,2372.00
704.981977,11989.77,2372.00
705.082755,11989.77,2372.00
705.183399,11989.77,2372.00
705.284053,11989.77,2372.00
705.384703,11989.77,2372.00
705.485332,11989.77,2372.00
705.585956,11989.77,2392.00
705.686608,11989.77,2572.00
705.787261,11989.77,2792.00
705.887923,11989.77,3032.00
705.988572,11989.77,3272.00
706.089198,11989.77,3612.00
706.189900,11989.77,3892.00
706.290515,11989.77,4112.00
706.391189,11989.77,4372.00
706.491872,11989.77,4592.00
706.592537,11989.77,4872.00
706.693210,11989.77,5072.00
706.793882,11989.77,5292.00
706.894396,11989.77,5252.00
706.994920,11989.77,5252.00
707.095416,11989.77,5252.00
707.195954,11989.77,5252.00
707.296464,11989.77,5252.00
707.397100,11989.77,5252.00
707.497636,11989.77,5256.00
707.598602,11989.77,5252.00
707.699689,11989.77,5252.00
707.800387,11989.77,5252.00
707.901064,11989.77,5252.00
708.001759,11989.77,5252.00
708.102387,11989.77,5252.00
708.203189,11989.77,5270.00
708.303811,11989.77,5270.00
708.404448,11989.77,5270.00
708.505062,11989.77,5270.00
708.605713,11989.77,5270.00
708.706360,11989.77,5270.00
708.806977,11989.77,5270.00
708.907620,11989.77,5270.00
709.008268,11989.77,5270.00
709.108909,11989.77,5270.00
709.209542,11989.77,5270.00
709.310183,11989.77,5270.00
709.410817,11989.77,5270.00
709.511455,11989.77,5270.00
709.612081,11989.77,5270.00
709.712724,11989.77,5270.00
709.813363,11989.77,5270.00
709.913958,11989.77,5270.00
710.014610,11989.77,5270.00
710.115255,11989.77,5270.00
710.215903,11989.77,5270.00
710.316546,11989.77,5270.00
710.417177,11989.77,5270.00
710.517792,11989.77,5270.00
710.618421,11989.77,5270.00
710.719031,11989.77,5270.00
710.819557,11989.77,5328.00
710.920107,11989.77,5368.00
711.020659,11989.77,5368.00
711.121165,11989.77,5350.00
711.221668,11989.77,5368.00
711.322217,11989.77,5368.00
711.422774,11989.77,5386.00
711.523348,11989.77,5386.00
711.623860,11989.77,5386.00
711.724434,11989.77,5366.00
711.825123,11989.77,5386.00
711.925771,11989.77,5386.00
712.026425,11989.77,5386.00
712.127209,11989.77,5386.00
712.227874,11989.77,5346.00
712.328610,11989.77,5346.00
712.429336,11989.77,5346.00
712.530131,11989.77,5346.00
712.630833,11989.77,5346.00
712.731544,11989.77,5346.00
712.832145,11989.77,5346.00
712.932888,11989.77,5346.00
713.033559,11989.77,5346.00
713.134218,11989.77,5346.00
713.234868,11989.77,5346.00
713.335532,11989.77,5346.00
713.436051,11989.77,3286.00
713.536586,11989.77,1944.00
713.637043,11989.77,1944.00
713.737615,11989.77,1944.00
713.838157,11989.77,1944.00
713.938630,11989.77,1944.00
714.039109,11989.77,1944.00
714.139570,11989.77,1944.00
714.240935,11989.77,1944.00
714.341546,11989.77,1944.00
714.442198,11989.77,1944.00
714.543928,11989.77,1944.00
714.644700,11989.77,1944.00
714.745305,11989.77,1944.00
714.845932,11989.77,1944.00
714.946405,11989.77,1804.00
715.046856,11989.77,1804.00
715.147344,11989.77,1804.00
715.247885,11989.77,1804.00
715.348395,11989.77,1804.00
715.448837,11989.77,1804.00
715.549264,11989.77,1804.00
715.649938,11989.77,1804.00
715.750756,11989.77,1804.00
715.851378,11989.77,1804.00
715.951950,11989.77,1804.00
716.052560,11989.77,1804.00
716.153154,11989.77,1804.00
716.253754,11989.77,1804.00
716.354365,11989.77,1824.00
716.454960,11989.77,2024.00
716.555579,11989.77,2204.00
716.656130,11989.77,2444.00
716.756669,11989.77,2384.00
716.857168,11989.77,2384.00
716.957633,11989.77,2384.00
717.058092,11989.77,2384.00
717.158642,11989.77,2384.00
717.259201,11989.77,2384.00
717.359728,11989.77,2384.00
717.460211,11989.77,2384.00
717.560703,11989.77,2384.00
717.661369,11989.77,2384.00
717.761970,11989.77,2384.00
717.862611,11989.77,2384.00
717.963253,11989.77,2384.00
718.063840,11989.77,2384.00
718.164471,11989.77,2384.00
718.265082,11989.77,2384.00
718.365701,11989.77,2384.00
718.466309,11989.77,2384.00
718.566921,11989.77,2384.00
718.667549,11989.77,2384.00
718.768060,11989.77,2424.00
718.868497,11989.77,2424.00
718.969023,11989.77,2424.00
719.069512,11989.77,2424.00
719.170033,11989.77,2424.00
719.270571,11989.77,2424.00
719.371071,11989.77,2424.00
719.471525,11989.77,2424.00
719.572027,11989.77,2424.00
719.672766,11989.77,2424.00
719.773407,11989.77,2424.00
719.874027,11989.77,2424.00
719.974658,11989.77,2424.00
720.075272,11989.77,2424.00
720.175921,11989.77,2424.00
720.276536,11989.77,2424.00
720.377142,11989.77,2424.00
720.477777,11989.77,2424.00
720.578328,11989.77,2364.00
720.679031,11989.77,2044.00
720.779521,11989.77,2044.00
720.879978,11989.77,2044.00
720.980455,11989.77,2044.00
721.080934,11989.77,2044.00
721.181409,11989.77,2044.00
721.281985,11989.77,2044.00
721.382751,11989.77,2044.00
721.483469,11989.77,2044.00
721.584133,11989.77,2044.00
721.684764,11989.77,2044.00
721.785400,11989.77,2044.00
721.886066,11989.77,2044.00
721.986711,11989.77,2044.00
722.087219,11989.77,1864.00
722.187712,11989.77,1864.00
722.288150,11989.77,1864.00
722.388616,11989.77,1864.00
722.489067,11989.77,1864.00
722.589558,11989.77,1864.00
722.690157,11989.77,1864.00
722.790752,11989.77,1864.00
722.891361,11989.77,1864.00
722.991961,11989.77,1864.00
723.092588,11989.77,1864.00
723.193213,11989.77,1864.00
723.293839,11989.77,1864.00
723.394486,11989.77,1864.00
723.495095,11989.77,2104.00
723.595726,11989.77,2344.00
723.696374,11989.77,2564.00
723.796980,11989.77,2824.00
723.897625,11989.77,3064.00
723.998196,11989.77,3124.00
724.098653,11989.77,3124.00
724.199154,11989.77,3124.00
724.299710,11989.77,3124.00
724.400306,11989.77,3124.00
724.500857,11989.77,3124.00
724.601320,11989.77,3124.00
724.701926,11989.77,3124.00
724.802690,11989.77,3124.00
724.903333,11989.77,3124.00
725.004453,11989.77,3124.00
725.105228,11989.77,3124.00
725.205964,11989.77,3124.00
725.306686,11989.77,3124.00
725.407429,11989.77,3124.00
725.508207,11989.77,3124.00
725.608992,11989.77,3124.00
725.709774,11989.77,3124.00
725.810533,11989.77,3124.00
725.911301,11989.77,3124.00
726.012083,11989.77,3124.00
726.112843,11989.77,3124.00
726.213422,11989.77,3164.00
726.314048,11989.77,3164.00
726.414628,11989.77,3164.00
726.515187,11989.77,3164.00
726.615682,11989.77,3164.00
726.716334,11989.77,3164.00
726.816997,11989.77,3164.00
726.917701,11989.77,3164.00
727.018800,11989.77,3164.00
727.120080,11989.77,3164.00
727.223069,11989.77,3164.00
727.323728,11989.77,3164.00
727.424365,11989.77,3164.00
727.524998,11989.77,3164.00
727.625682,11989.77,3164.00
727.726334,11989.77,3164.00
727.826855,11989.77,2384.00
727.927348,11989.77,2384.00
728.027863,11989.77,2384.00
728.128356,11989.77,2384.00
728.229088,11989.77,2384.00
728.329595,11989.77,2384.00
728.430177,11989.77,2384.00
728.530975,11989.77,2384.00
728.631791,11989.77,2384.00
728.732524,11989.77,2384.00
728.833185,11989.77,2384.00
728.933866,11989.77,2384.00
729.034513,11989.77,2384.00
729.135146,11989.77,2384.00
729.235799,11989.77,2384.00
729.336434,11989.77,2384.00
729.437091,11989.77,2384.00
729.537725,11989.77,2624.00
729.638340,11989.77,2884.00
729.738958,11989.77,3124.00
729.839453,11989.77,3184.00
729.939906,11989.77,3184.00
730.040656,11989.77,3184.00
730.141131,11989.77,3184.00
730.241595,11989.77,3184.00
730.342359,11989.77,3184.00
730.443037,11989.77,3184.00
730.543844,11989.77,3184.00
730.644976,11989.77,3184.00
730.746075,11989.77,3184.00
730.849210,11989.77,3184.00
730.950024,11989.77,3184.00
731.050834,11989.77,3184.00
731.151663,11989.77,3184.00
731.252378,11989.77,3184.00
731.353127,11989.77,3184.00
731.453932,11989.77,3184.00
731.554647,11989.77,3184.00
731.655415,11989.77,3184.00
731.756218,11989.77,3184.00
731.857037,11989.77,3184.00
731.957810,11989.77,3484.00
732.058457,11989.77,3784.00
732.159139,11989.77,4024.00
732.259756,11989.77,4284.00
732.360435,11989.77,4504.00
732.461097,11989.77,4784.00
732.561783,11989.77,4984.00
732.662452,11989.77,5204.00
732.762984,11989.77,5204.00
732.863490,11989.77,5202.00
732.963961,11989.77,5204.00
733.064647,11989.77,5202.00
733.165152,12008.00,5202.00
733.265791,12017.27,5202.00
733.366455,12017.27,5204.00
733.467164,12017.27,5204.00
733.567986,12017.27,5204.00
733.669242,12017.27,5204.00
733.770218,12017.27,5204.00
733.871016,12017.27,5204.00
733.971853,12017.27,5204.00
734.072497,12017.27,5204.00
734.173115,12017.27,5204.00
734.273757,12017.27,5204.00
734.374393,12017.27,5204.00
734.475033,12017.27,5204.00
734.575698,12017.27,5204.00
734.676335,12017.27,5204.00
734.776987,12017.27,5204.00
734.877600,12017.27,5204.00
734.978252,12017.27,5204.00
735.078855,12017.27,5204.00
735.179489,12017.27,5204.00
735.280020,12017.27,2686.00
735.380876,12017.27,2686.00
735.481344,12017.27,2684.00
735.581828,12017.27,2684.00
735.682268,12017.27,2684.00
735.782689,12017.27,2686.00
735.883304,12017.27,2684.00
735.983804,12017.27,2684.00
736.084309,12017.27,2684.00
736.185108,12017.27,2684.00
736.285782,12017.27,2684.00
736.386358,12017.27,2684.00
736.486971,12017.27,2684.00
736.587595,12017.27,2684.00
736.688226,12017.27,2684.00
736.788852,12017.27,2684.00
736.889487,12017.27,2684.00
736.990105,12017.27,2684.00
737.090720,12017.27,2684.00
737.191326,12017.27,2684.00
737.291947,12017.27,2684.00
737.392529,12017.27,2684.00
737.493127,12017.27,2744.00
737.593741,12017.27,2924.00
737.694343,12017.27,3124.00
737.794936,12017.27,3304.00
737.895537,12017.27,3524.00
737.996150,12017.27,3784.00
738.096780,12017.27,3984.00
738.197393,12017.27,4124.00
738.298000,12017.27,4324.00
738.398622,12017.27,4504.00
738.499254,12017.27,4664.00
738.599875,12017.27,4884.00
738.700522,12017.27,5024.00
738.801151,12017.27,5204.00
738.901735,12017.27,5286.00
739.002219,12017.27,5286.00
739.102748,12017.27,5286.00
739.203277,12017.27,5286.00
739.303719,12017.27,5286.00
739.404186,12021.91,5284.00
739.504663,12035.81,5286.00
739.605166,12049.72,5286.00
739.705670,12058.99,5284.00
739.806341,12058.99,5284.00
739.907109,12058.99,5284.00
740.007951,12058.99,5284.00
740.108752,12058.99,5284.00
740.209457,12059.00,5306.00
740.310089,12059.00,5306.00
740.410759,12059.00,5306.00
740.511388,12059.00,5306.00
740.612044,12059.00,5306.00
740.712703,12059.00,5306.00
740.813380,12059.00,5306.00
740.913990,12059.00,5306.00
741.014615,12059.00,5306.00
741.115240,12059.00,5306.00
741.215912,12059.00,5306.00
741.316565,12059.00,5306.00
741.417209,12059.00,5306.00
741.517861,12059.00,5306.00
741.618517,12059.00,5306.00
741.719153,12059.00,5306.00
741.819793,12059.00,5306.00
741.920441,12059.00,5306.00
742.021296,12059.00,5306.00
742.122117,12059.00,5306.00
742.222683,12059.00,5378.00
742.323255,12059.00,5380.00
742.423739,12059.00,5382.00
742.524210,12059.00,5378.00
742.624764,12059.00,5380.00
742.725239,12059.00,5358.00
742.825679,12059.00,5404.00
742.926174,12059.00,5334.00
743.026637,12059.00,5402.00
743.127150,12059.00,5378.00
743.227631,12059.00,5356.00
743.328156,12059.00,5402.00
743.428668,12059.00,5380.00
743.529103,12059.00,5408.00
743.629578,12059.00,5378.00
743.730240,12059.00,5402.00
743.830721,12059.00,5380.00
743.931171,12059.00,5380.00
744.031643,12059.00,5404.00
744.132148,12059.00,5358.00
744.232732,12059.00,5360.00
744.333384,12059.00,5360.00
744.434062,12059.00,5360.00
744.534864,12059.00,5360.00
744.635600,12059.00,5360.00
744.736173,12059.00,5360.00
744.836814,12059.00,5360.00
744.937708,12059.00,5360.00
745.038364,12059.00,5360.00
745.139001,12059.00,5360.00
745.239881,12059.00,5360.00
745.340559,12059.00,5360.00
745.441210,12059.00,5360.00
745.541889,12059.00,5360.00
745.642582,12059.00,5360.00
745.743257,12059.00,5360.00
745.843931,12059.00,5360.00
745.944625,12059.00,5360.00
746.045274,12059.00,5360.00
746.145961,12059.00,5360.00
746.246629,12059.00,5360.00
746.347307,12059.00,5360.00
746.447975,12059.00,5360.00
746.548671,12059.00,5360.00
746.649347,12059.00,5360.00
746.750028,12059.00,5360.00
746.850722,12059.00,5360.00
746.951327,12059.00,5266.00
747.051820,12059.00,5266.00
747.152299,12059.00,5266.00
747.252884,12059.00,5266.00
747.353467,12059.00,5266.00
747.454022,12059.00,5266.00
747.554520,12059.00,5266.00
747.655331,12059.00,5266.00
747.755868,12059.00,5266.00
747.856457,12059.00,5266.00
747.957195,12059.00,5266.00
748.057891,12059.00,5266.00
748.158764,12059.00,5266.00
748.259420,12059.00,5266.00
748.360083,12059.00,5266.00
748.460711,12059.00,5266.00
748.561371,12059.00,5266.00
748.662001,12059.00,5266.00
748.762674,12059.00,5266.00
748.863287,12059.00,4730.00
748.963865,12059.00,2386.00
749.064394,12059.00,2388.00
749.164838,12059.00,2388.00
749.265305,12059.00,2388.00
749.365831,12059.00,2388.00
749.466364,12059.00,2390.00
749.566944,12059.00,2390.00
749.667456,12059.00,2388.00
749.768062,12059.00,2388.00
749.868832,12059.00,2388.00
749.969496,12059.00,2388.00
750.070137,12059.00,2388.00
750.170827,12059.00,2388.00
750.271509,12059.00,2388.00
750.372177,12059.00,2388.00
750.473023,12059.00,2388.00
750.573790,12059.00,2388.00
750.674560,12059.00,2388.00
750.775245,12059.00,2508.00
750.875960,12059.00,2708.00
750.976616,12059.00,2948.00
751.077289,12059.00,3188.00
751.177924,12059.00,3468.00
751.278603,12059.00,3788.00
751.379247,12059.00,4028.00
751.479926,12059.00,4248.00
751.580592,12059.00,4508.00
751.681258,12059.00,4768.00
751.781920,12059.00,5008.00
751.882558,12059.00,5228.00
751.983108,12059.00,5266.00
752.083592,12059.00,5266.00
752.184093,12059.00,5268.00
752.284610,12059.00,5266.00
752.385077,12063.63,5266.00
752.485556,12063.63,5266.00
752.586027,12063.63,5266.00
752.686503,12068.27,5266.00
752.787022,12068.27,5266.00
752.887560,12068.27,5266.00
752.988089,12068.27,5266.00
753.088633,12068.27,5266.00
753.189215,12068.27,5266.00
753.289995,12068.27,5284.00
753.390693,12068.27,5284.00
753.491352,12068.27,5284.00
753.592003,12068.27,5284.00
753.692684,12068.27,5284.00
753.793332,12068.27,5284.00
753.893969,12068.27,5284.00
753.994627,12068.27,5284.00
754.095280,12068.27,5284.00
754.195980,12068.27,5284.00
754.296642,12068.27,5284.00
754.397292,12068.27,5284.00
754.497957,12068.27,5284.00
754.598610,12068.27,5284.00
754.699247,12068.27,5284.00
754.799909,12068.27,5284.00
754.900567,12068.27,5284.00
755.001211,12068.27,5284.00
755.101869,12068.27,5284.00
755.202625,12068.27,5364.00
755.303207,12068.27,5384.00
755.403681,12068.27,5384.00
755.504163,12068.27,5364.00
755.604666,12068.27,5384.00
755.705216,12068.27,5384.00
755.805903,12068.27,5384.00
755.906516,12068.27,5364.00
756.007056,12068.27,5384.00
756.107610,12068.27,5342.00
756.208111,12068.27,5360.00
756.308607,12068.27,5382.00
756.409306,12068.27,5382.00
756.509864,12068.27,5382.00
756.610501,12068.27,5360.00
756.710982,12068.27,5360.00
756.811700,12068.27,5360.00
756.912644,12068.27,5360.00
757.013398,12068.27,5360.00
757.114387,12068.27,5360.00
757.215307,12068.27,5360.00
757.425139,12085.22,5360.00
757.525803,12085.22,5360.00
757.626465,12085.22,5360.00
757.727127,12085.22,5360.00
757.827680,12085.22,2420.00
757.928262,12085.22,1940.00
758.028734,12085.22,1940.00
758.129177,12085.22,1940.00
758.229656,12085.22,1940.00
758.330136,12085.22,1940.00
758.430552,12085.22,1940.00
758.531033,12085.22,1940.00
758.631669,12085.22,1940.00
758.732322,12085.22,1940.00
758.832980,12085.22,1940.00
758.933608,12085.22,1940.00
759.034246,12085.22,1940.00
759.134754,12085.22,1800.00
759.235334,12085.22,1800.00
759.336006,12085.22,1800.00
759.436637,12085.22,1800.00
759.537289,12085.22,1800.00
759.637951,12085.22,1800.00
759.738634,12085.22,1800.00
759.839349,12085.22,1800.00
759.941052,12085.22,1800.00
760.041732,12085.22,1800.00
760.142381,12085.22,1800.00
760.243008,12085.22,1800.00
760.343655,12085.22,1840.00
760.444988,12085.22,2040.00
760.545641,12085.22,2400.00
760.646180,12085.22,2360.00
760.746656,12085.22,2340.00
760.847134,12085.22,2360.00
760.947627,12085.22,2340.00
761.048082,12085.22,2340.00
761.148560,12085.22,2340.00
761.249210,12085.22,2360.00
761.349958,12085.22,2340.00
761.450783,12085.22,2340.00
761.551471,12085.22,2340.00
761.652120,12085.22,2340.00
761.752792,12085.22,2340.00
761.853421,12085.22,2340.00
761.954111,12085.22,2340.00
762.054763,12085.22,2340.00
762.155426,12085.22,2340.00
762.256068,12085.22,2340.00
762.356637,12085.22,2460.00
762.457217,12085.22,2460.00
762.557897,12085.22,2460.00
762.658724,12085.22,2460.00
762.759362,12085.22,2460.00
762.860076,12085.22,2460.00
762.960735,12085.22,2460.00
763.061241,12085.22,2460.00
763.161833,12085.22,2460.00
763.262486,12085.22,2460.00
763.363149,12085.22,2460.00
763.463816,12085.22,2460.00
763.564465,12085.22,2460.00
763.665139,12085.22,2460.00
763.765800,12085.22,2460.00
763.866437,12085.22,2460.00
763.966955,12085.22,2040.00
764.067417,12085.22,2040.00
764.167969,12085.22,2040.00
764.268400,12085.22,2040.00
764.368991,12085.22,2040.00
764.469471,12085.22,2040.00
764.569935,12085.22,2040.00
764.670409,12085.22,2040.00
764.771001,12085.22,2040.00
764.871659,12085.22,2040.00
764.972335,12085.22,2040.00
765.072994,12085.22,2040.00
765.173654,12085.22,2040.00
765.274315,12085.22,2040.00
765.374830,12085.22,1860.00
765.475293,12085.22,1860.00
765.575766,12085.22,1860.00
765.676199,12085.22,1860.00
765.776667,12085.22,1860.00
765.877145,12085.22,1860.00
765.977884,12085.22,1860.00
766.079005,12085.22,1860.00
766.179839,12085.22,1860.00
766.280474,12085.22,1860.00
766.381275,12085.22,1860.00
766.482069,12085.22,1860.00
766.582839,12085.22,1860.00
766.683508,12085.22,1860.00
766.784156,12085.22,2040.00
766.884792,12085.22,2300.00
766.985432,12085.22,2520.00
767.086078,12085.22,2780.00
767.186800,12085.22,3000.00
767.287335,12085.22,3120.00
767.388111,12085.22,3120.00
767.488549,12085.22,3120.00
767.589019,12085.22,3120.00
767.689579,12085.22,3120.00
767.790049,12085.22,3120.00
767.890519,12085.22,3120.00
767.991034,12085.22,3120.00
768.091489,12085.22,3120.00
768.192044,12085.22,3120.00
768.292714,12085.22,3120.00
768.393356,12085.22,3120.00
768.494004,12085.22,3120.00
768.594670,12085.22,3120.00
768.695330,12085.22,3120.00
768.795977,12085.22,3120.00
768.896623,12085.22,3120.00
768.997268,12085.22,3120.00
769.097929,12085.22,3120.00
769.198599,12085.22,3120.00
769.299252,12085.22,3120.00
769.399938,12085.22,3120.00
769.500453,12085.22,3120.00
769.600919,12085.22,3120.00
769.701438,12085.22,3120.00
769.801907,12085.22,3120.00
769.902420,12085.22,3120.00
770.002924,12085.22,3120.00
770.103455,12085.22,3120.00
770.203992,12085.22,3120.00
770.304560,12085.22,3120.00
770.405300,12085.22,3120.00
770.505931,12085.22,3120.00
770.606609,12085.22,3120.00
770.707274,12085.22,3120.00
770.807944,12085.22,3120.00
770.908609,12085.22,3120.00
771.009266,12085.22,3120.00
771.109927,12085.22,3120.00
771.210522,12085.22,2380.00
771.311005,12085.22,2380.00
771.411498,12085.22,2380.00
771.512185,12085.22,2380.00
771.612753,12085.22,2380.00
771.713355,12085.22,2380.00
771.813986,12085.22,2380.00
771.914698,12085.22,2380.00
772.015443,12085.22,2380.00
772.116079,12085.22,2380.00
772.216705,12085.22,2380.00
772.317327,12085.22,2380.00
772.417967,12085.22,2380.00
772.518594,12085.22,2380.00
772.619212,12085.22,2380.00
772.719832,12085.22,2380.00
772.820462,12085.22,2380.00
772.921082,12085.22,2380.00
773.021694,12085.22,2380.00
773.122303,12085.22,2540.00
773.222924,12085.22,2780.00
773.323551,12085.22,2900.00
773.424234,12085.22,3100.00
773.524879,12085.22,3200.00
773.625426,12085.22,3200.00
773.725979,12085.22,3200.00
773.826604,12085.22,3200.00
773.927109,12085.22,3200.00
774.027625,12085.22,3200.00
774.128237,12085.22,3200.00
774.228916,12085.22,3200.00
774.329688,12085.22,3200.00
774.430222,12085.22,3200.00
774.535945,12085.22,3200.00
774.636565,12085.22,3200.00
774.737196,12085.22,3200.00
774.837869,12085.22,3200.00
774.938615,12085.22,3200.00
775.039323,12085.22,3200.00
775.140035,12085.22,3200.00
775.240714,12085.22,3200.00
775.341375,12085.22,3200.00
775.442017,12085.22,3200.00
775.542701,12085.22,3200.00
775.643345,12085.22,3200.00
775.743962,12085.22,3240.00
775.844614,12085.22,3580.00
775.945260,12085.22,3880.00
776.045934,12085.22,4080.00
776.146594,12085.22,4360.00
776.247276,12085.22,4560.00
776.348055,12085.22,4840.00
776.449016,12085.22,5060.00
776.550232,12085.22,5260.00
776.650889,12085.22,5240.00
776.751364,12085.22,5240.00
776.851858,12085.22,5240.00
776.952591,12085.22,5240.00
777.053149,12085.22,5240.00
777.153729,12085.22,5240.00
777.254292,12085.22,5240.00
777.355008,12085.22,5240.00
777.455842,12085.22,5240.00
777.556429,12085.22,5240.00
777.657095,12085.22,5240.00
777.757876,12085.22,5240.00
777.858548,12085.22,5240.00
777.959236,12085.22,5240.00
778.059917,12085.22,5240.00
778.160609,12085.22,5240.00
778.261295,12085.22,5240.00
778.362000,12085.22,5240.00
778.462691,12085.22,5240.00
778.563345,12085.22,5240.00
778.664002,12085.22,5240.00
778.764548,12085.22,2720.00
778.865069,12085.22,2720.00
778.965565,12085.22,2720.00
779.066001,12085.22,2722.00
779.166531,12085.22,2722.00
779.267113,12085.22,2722.00
779.367703,12085.22,2722.00
779.468337,12085.22,2722.00
779.568804,12085.22,2722.00
779.669468,12085.22,2722.00
779.770151,12085.22,2722.00
779.870823,12085.22,2722.00
779.971498,12085.22,2722.00
780.072164,12085.22,2722.00
780.172855,12085.22,2722.00
780.273492,12085.22,2722.00
780.374105,12085.22,2722.00
780.474737,12085.22,2722.00
780.575381,12085.22,2722.00
780.675956,12085.22,2722.00
780.776569,12085.22,2942.00
780.877201,12085.22,3202.00
780.977840,12085.22,3442.00
781.078489,12085.22,3762.00
781.179124,12085.22,4022.00
781.279772,12085.22,4242.00
781.380416,12085.22,4502.00
781.481083,12085.22,4742.00
781.581754,12085.22,4982.00
781.682376,12085.22,5202.00
781.782873,12085.22,5280.00
781.883331,12085.22,5282.00
781.983866,12085.22,5282.00
782.084369,12085.22,5282.00
782.184960,12085.22,5282.00
782.285464,12085.22,5282.00
782.385948,12085.22,5284.00
782.486416,12085.22,5284.00
782.586977,12085.22,5282.00
782.687570,12085.22,5282.00
782.788120,12085.22,5282.00
782.888657,12085.22,5282.00
782.989265,12085.22,5282.00
783.090165,12085.22,5304.00
783.190834,12085.22,5304.00
783.291491,12085.22,5304.00
783.392157,12085.22,5304.00
783.492825,12085.22,5304.00
783.593448,12085.22,5304.00
783.694110,12085.22,5304.00
783.794787,12085.22,5304.00
783.895508,12085.22,5304.00
783.996183,12085.22,5304.00
784.096861,12085.22,5304.00
784.197532,12085.22,5304.00
784.298178,12085.22,5304.00
784.398850,12085.22,5304.00
784.499514,12085.22,5304.00
784.600179,12085.22,5304.00
784.700851,12085.22,5304.00
784.801518,12085.22,5304.00
784.902251,12085.22,5304.00
785.002920,12085.22,5304.00
785.103472,12085.22,5376.00
785.203952,12085.22,5400.00
785.304486,12085.22,5402.00
785.405055,12085.22,5330.00
785.505645,12085.22,5398.00
785.606178,12085.22,5354.00
785.706650,12085.22,5400.00
785.807177,12085.22,5376.00
785.907706,12085.22,5398.00
786.008204,12085.22,5398.00
786.108766,12085.22,5376.00
786.209334,12085.22,5378.00
786.310014,12085.22,5376.00
786.410726,12085.22,5332.00
786.511364,12085.22,5398.00
786.612157,12085.22,5376.00
786.712776,12085.22,5376.00
786.813487,12085.22,5332.00
786.914098,12085.22,5376.00
787.014767,12085.22,5308.00
787.115746,12085.22,5334.00
787.216710,12085.22,5334.00
787.317670,12085.22,5334.00
787.418306,12085.22,5334.00
787.518870,12085.22,5334.00
787.619499,12085.22,5334.00
787.720234,12085.22,5334.00
787.820876,12085.22,5334.00
787.921563,12085.22,5334.00
788.022214,12085.22,5334.00
788.122877,12085.22,5334.00
788.223856,12085.22,5334.00
788.324508,12085.22,5334.00
788.425152,12085.22,5334.00
788.525818,12085.22,5334.00
788.626501,12085.22,5334.00
788.727161,12085.22,5334.00
788.827833,12085.22,5334.00
788.928493,12085.22,5334.00
789.029138,12085.22,5334.00
789.129803,12085.22,5334.00
789.230456,12085.22,5334.00
789.331127,12085.22,5334.00
789.431808,12085.22,5334.00
789.532472,12085.22,5334.00
789.633148,12085.22,5334.00
789.733707,12085.22,5262.00
789.834341,12085.22,5262.00
789.934933,12085.22,5262.00
790.035427,12089.86,5262.00
790.136065,12089.86,5262.00
790.236775,12089.86,5262.00
790.337443,12089.86,5262.00
790.438112,12089.86,5262.00
790.538980,12089.86,5262.00
790.639702,12089.86,5262.00
790.740468,12089.86,5262.00
790.841336,12089.86,5262.00
790.941998,12089.86,5262.00
791.042677,12089.86,5262.00
791.143311,12089.86,5262.00
791.243960,12089.86,5262.00
791.344635,12089.86,5262.00
791.445293,12089.86,5262.00
791.545948,12089.86,5262.00
791.646504,12089.86,3864.00
791.747157,12089.86,2404.00
791.847650,12089.86,2402.00
791.948125,12089.86,2404.00
792.048853,12089.86,2404.00
792.149551,12089.86,2404.00
792.250219,12089.86,2406.00
792.350871,12089.86,2404.00
792.451375,12089.86,2402.00
792.552056,12089.86,2402.00
792.652841,12089.86,2402.00
792.753531,12089.86,2402.00
792.854197,12089.86,2402.00
792.954879,12089.86,2402.00
793.055558,12089.86,2402.00
793.156252,12089.86,2402.00
793.256890,12089.86,2402.00
793.357525,12089.86,2402.00
793.458186,12089.86,2442.00
793.558880,12089.86,2582.00
793.659518,12089.86,2822.00
793.760131,12089.86,3062.00
793.860756,12089.86,3302.00
793.961383,12089.86,3622.00
794.061975,12089.86,3902.00
794.162626,12089.86,4122.00
794.263265,12089.86,4382.00
794.363909,12089.86,4602.00
794.464562,12089.86,4882.00
794.565202,12089.86,5082.00
794.665805,12089.86,5282.00
794.766327,12089.86,5282.00
794.866853,12089.86,5282.00
794.967322,12089.86,5284.00
795.067944,12089.86,5284.00
795.168897,12089.86,5284.00
795.269712,12089.86,5284.00
795.370182,12089.86,5284.00
795.470955,12089.86,5282.00
795.571664,12089.86,5282.00
795.672150,12089.86,5282.00
795.773093,12089.86,5282.00
795.873804,12089.86,5282.00
795.974742,12089.86,5282.00
796.075377,12089.86,5282.00
796.175975,12089.86,5282.00
796.276586,12089.86,5282.00
796.377225,12089.86,5282.00
796.477887,12089.86,5282.00
796.578521,12089.86,5282.00
796.679161,12089.86,5282.00
796.779789,12089.86,5282.00
796.880412,12089.86,5282.00
796.981054,12089.86,5282.00
797.081699,12089.86,5282.00
797.182386,12089.86,5282.00
797.286074,12089.86,5282.00
797.386691,12089.86,5282.00
797.487338,12089.86,5282.00
797.587979,12089.86,5282.00
797.688633,12089.86,5282.00
797.789287,12089.86,5282.00
797.889928,12089.86,5282.00
797.990578,12089.86,5282.00
798.091211,12089.86,5282.00
798.191848,12089.86,5282.00
798.292464,12089.86,5282.00
798.393128,12089.86,5282.00
798.493777,12089.86,5282.00
798.594411,12089.86,5282.00
798.694939,12089.86,5420.00
798.795683,12089.86,5420.00
798.896161,12089.86,5420.00
798.996641,12089.86,5420.00
799.097111,12089.86,5420.00
799.197688,12089.86,5420.00
799.298169,12089.86,5382.00
799.398715,12089.86,5422.00
799.499281,12089.86,5422.00
799.599850,12089.86,5422.00
799.700463,12089.86,5402.00
799.801079,12089.86,5420.00
799.901840,12089.86,5420.00
800.002362,12089.86,5420.00
800.103074,12089.86,5380.00
800.203657,12089.86,5380.00
800.304255,12089.86,5380.00
800.405196,12089.86,5380.00
800.505938,12089.86,5380.00
800.606540,12089.86,5380.00
800.707180,12089.86,5380.00
800.807849,12089.86,5380.00
800.908501,12089.86,5380.00
801.009151,12089.86,5380.00
801.109800,12089.86,5380.00
801.210451,12089.86,5380.00
801.311128,12089.86,5380.00
801.411763,12089.86,5380.00
801.512302,12089.86,1918.00
801.612810,12089.86,1918.00
801.713331,12089.86,1918.00
801.814108,12089.86,1918.00
801.914739,12089.86,1918.00
802.015238,12089.86,1918.00
802.115969,12089.86,1918.00
802.216834,12089.86,1918.00
802.317621,12089.86,1918.00
802.418265,12089.86,1918.00
802.518899,12089.86,1918.00
802.619532,12089.86,1918.00
802.720166,12089.86,1918.00
802.820819,12089.86,1918.00
802.921418,12089.86,1918.00
803.021976,12089.86,1798.00
803.122633,12089.86,1798.00
803.223122,12089.86,1798.00
803.323712,12089.86,1798.00
803.424540,12089.86,1798.00
803.525107,12089.86,1798.00
803.625815,12089.86,1798.00
803.726528,12089.86,1798.00
803.827163,12089.86,1798.00
803.927799,12089.86,1798.00
804.028423,12089.86,1798.00
804.129057,12089.86,1798.00
804.229700,12089.86,1898.00
804.330330,12089.86,2158.00
804.430842,12089.86,2378.00
804.531294,12089.86,2378.00
804.631856,12089.86,2378.00
804.732300,12089.86,2378.00
804.832787,12089.86,2378.00
804.933246,12089.86,2378.00
805.033718,12089.86,2378.00
805.134379,12089.86,2378.00
805.235001,12089.86,2378.00
805.335685,12089.86,2378.00
805.436329,12089.86,2378.00
805.536974,12089.86,2378.00
805.637597,12089.86,2378.00
805.738212,12089.86,2378.00
805.838841,12089.86,2378.00
805.939462,12089.86,2378.00
806.040097,12089.86,2378.00
806.140720,12089.86,2458.00
806.241222,12089.86,2458.00
806.341718,12040.58,2458.00
806.442141,12040.58,2458.00
806.542607,12040.58,2458.00
806.643173,12040.58,2458.00
806.743765,12040.58,2458.00
806.844254,12040.58,2458.00
806.944758,12040.58,2458.00
807.045614,12040.58,2458.00
807.146288,12040.58,2458.00
807.246957,12040.58,2458.00
807.347655,12040.58,2458.00
807.448320,12040.58,2458.00
807.548994,12040.58,2458.00
807.649684,12040.58,2458.00
807.750224,12040.58,2058.00
807.850655,12040.58,2058.00
807.951103,12040.58,2058.00
808.051574,12040.58,2058.00
808.152016,12040.58,2058.00
808.252510,12040.58,2058.00
808.352973,12040.58,2058.00
808.453617,12040.58,2058.00
808.554457,12040.58,2058.00
808.655112,12040.58,2058.00
808.755772,12040.58,2058.00
808.856427,12040.58,2058.00
808.957090,12040.58,2058.00
809.057747,12040.58,2058.00
809.158258,12040.58,1858.00
809.258748,12040.58,1858.00
809.359267,12040.58,1858.00
809.459871,12040.58,1858.00
809.560462,12040.58,1858.00
809.660929,12040.58,1858.00
809.761396,12040.58,1858.00
809.862027,12040.58,1858.00
809.962971,12040.58,1858.00
810.063645,12040.58,1858.00
810.164271,12040.58,1858.00
810.264897,12040.58,1858.00
810.365545,12040.58,1858.00
810.466189,12040.58,1858.00
810.566840,12040.58,1958.00
810.667494,12040.58,2178.00
810.768102,12040.58,2378.00
810.868747,12040.58,2538.00
810.969380,12040.58,2738.00
811.069934,12040.58,2898.00
811.170578,12040.58,3058.00
811.271079,12040.58,3098.00
811.371539,12040.58,3098.00
811.472044,12040.58,3098.00
811.572655,12040.58,3098.00
811.673496,12040.58,3098.00
811.774054,12040.58,3098.00
811.874707,12040.58,3098.00
811.975312,12040.58,3098.00
812.076145,12040.58,3098.00
812.177208,12040.58,3098.00
812.277834,12040.58,3098.00
812.378487,12040.58,3098.00
812.479125,12040.58,3098.00
812.579735,12040.58,3098.00
812.680368,12040.58,3098.00
812.780982,12040.58,3098.00
812.881641,12040.58,3098.00
812.982299,12040.58,3098.00
813.082933,12040.58,3098.00
813.183578,12040.58,3098.00
813.284188,12040.58,3098.00
813.384834,12040.58,3098.00
813.485473,12040.58,3098.00
813.586093,12040.58,3098.00
813.686713,12040.58,3098.00
813.787329,12040.58,3098.00
813.887863,12040.58,3158.00
813.988337,12040.58,3158.00
814.088898,12040.58,3158.00
814.189507,12040.58,3158.00
814.290081,12040.58,3158.00
814.390578,12040.58,3158.00
814.491104,12045.09,3158.00
814.591659,12045.09,3158.00
814.692370,12045.09,3158.00
814.793325,12045.09,3158.00
814.893942,12045.09,3158.00
814.994572,12045.09,3158.00
815.095170,12045.09,3158.00
815.195819,12045.09,3158.00
815.296425,12045.09,3158.00
815.397055,12045.09,3158.00
815.497647,12045.09,3158.00
815.598265,12045.09,3158.00
815.698896,12045.09,3158.00
815.799410,12045.09,2398.00
815.899941,12045.09,2398.00
816.000400,12045.09,2396.00
816.101000,12045.09,2396.00
816.201466,12045.09,2396.00
816.302028,12045.09,2396.00
816.402492,12045.09,2396.00
816.502971,12045.09,2396.00
816.603494,12045.09,2396.00
816.704132,12045.09,2396.00
816.804768,12045.09,2396.00
816.905406,12045.09,2396.00
817.006024,12045.09,2396.00
817.106660,12045.09,2396.00
817.207271,12045.09,2396.00
817.307918,12045.09,2396.00
817.408547,12045.09,2396.00
817.509160,12045.09,2396.00
817.609796,12045.09,2396.00
817.710399,12045.09,2396.00
817.810946,12045.09,2556.00
817.911561,12045.09,2796.00
818.012173,12045.09,2916.00
818.112764,12045.09,3096.00
818.213277,12045.09,3196.00
818.313795,12045.09,3196.00
818.414297,12045.09,3196.00
818.514762,12045.09,3196.00
818.615272,12045.09,3196.00
818.715732,12045.09,3196.00
818.816397,12045.09,3196.00
818.917005,12045.09,3196.00
819.017708,12045.09,3196.00
819.118551,12045.09,3196.00
819.219182,12045.09,3196.00
819.319767,12045.09,3196.00
819.420405,12045.09,3196.00
819.521040,12045.09,3196.00
819.621690,12045.09,3196.00
819.722335,12045.09,3196.00
819.822969,12045.09,3196.00
819.923571,12045.09,3196.00
820.024214,12045.09,3196.00
820.124836,12045.09,3196.00
820.225459,12045.09,3196.00
820.326109,12045.09,3196.00
820.426761,12045.09,3196.00
820.527400,12045.09,3196.00
820.628055,12045.09,3196.00
820.728681,12045.09,3316.00
820.829308,12045.09,3556.00
820.929956,12045.09,3756.00
821.030593,12045.09,3976.00
821.131227,12045.09,4116.00
821.231867,12045.09,4316.00
821.332506,12045.09,4496.00
821.433108,12045.09,4636.00
821.533754,12045.09,4856.00
821.634377,12045.09,5016.00
821.734990,12045.09,5176.00
821.835538,12045.09,5256.00
821.936053,12045.09,5256.00
822.036539,12045.09,5256.00
822.137036,12063.63,5256.00
822.237499,12077.54,5256.00
822.338038,12086.81,5256.00
822.438565,12086.81,5256.00
822.539088,12105.36,5256.00
822.640032,12105.36,5256.00
822.740900,12105.36,5256.00
822.841878,12105.36,5256.00
822.942632,12105.36,5256.00
823.043494,12105.36,5256.00
823.144155,12105.36,5256.00
823.244773,12105.36,5256.00
823.465931,12105.36,5256.00
823.566581,12105.36,5256.00
823.667221,12105.36,5256.00
823.767846,12105.36,5256.00
823.868462,12105.36,5256.00
823.969112,12105.36,5256.00
824.069770,12105.36,5256.00
824.170404,12105.36,5256.00
824.271050,12105.36,5256.00
824.371540,12105.36,3878.00
824.472261,12105.36,2718.00
824.572896,12105.36,2722.00
824.673583,12105.36,2720.00
824.774438,12105.36,2720.00
824.875066,12105.36,2722.00
824.975607,12105.36,2720.00
825.076235,12105.36,2720.00
825.176778,12105.36,2720.00
825.277281,12105.36,2720.00
825.377983,12105.36,2720.00
825.478662,12105.36,2720.00
825.579325,12105.36,2720.00
825.679979,12105.36,2720.00
825.780633,12105.36,2720.00
825.881278,12105.36,2720.00
825.981945,12105.36,2720.00
826.082608,12105.36,2720.00
826.183242,12105.36,2720.00
826.284090,12105.36,2720.00
826.384757,12105.36,2900.00
826.485397,12105.36,3160.00
826.586032,12105.36,3420.00
826.686706,12105.36,3740.00
826.787338,12105.36,4000.00
826.888001,12105.36,4220.00
826.988667,12105.36,4480.00
827.089312,12105.36,4720.00
827.190076,12105.36,4960.00
827.290778,12105.36,5180.00
827.391282,12105.36,5282.00
827.491757,12105.36,5282.00
827.592221,12105.36,5280.00
827.692744,12105.36,5282.00
827.793271,12105.36,5282.00
827.893733,12105.36,5284.00
827.994324,12105.36,5284.00
828.094970,12105.36,5284.00
828.195647,12105.36,5282.00
828.296368,12105.36,5282.00
828.397207,12105.36,5282.00
828.497939,12105.36,5282.00
828.598872,12105.36,5282.00
828.699489,12105.36,5282.00
828.800265,12105.36,5304.00
828.900903,12105.36,5304.00
829.001577,12105.36,5304.00
829.102226,12105.36,5304.00
829.202891,12105.36,5304.00
829.303595,12105.36,5304.00
829.404251,12105.36,5304.00
829.504907,12105.36,5304.00
829.605550,12105.36,5304.00
829.706220,12105.36,5304.00
829.806879,12105.36,5304.00
829.907549,12105.36,5304.00
830.008218,12105.36,5304.00
830.108884,12105.36,5304.00
830.209546,12105.36,5304.00
830.310195,12105.36,5304.00
830.410868,12105.36,5304.00
830.511537,12105.36,5304.00
830.612201,12105.36,5304.00
830.712724,12105.36,5410.00
830.813245,12105.36,5344.00
830.913754,12105.36,5410.00
831.014320,12105.36,5368.00
831.114868,12105.36,5414.00
831.215445,12105.36,5390.00
831.316053,12105.36,5414.00
831.416618,12105.36,5438.00
831.517145,12105.36,5414.00
831.617695,12105.36,5414.00
831.718234,12105.36,5414.00
831.818932,12105.36,5436.00
831.919496,12105.36,5370.00
832.020064,12105.36,5434.00
832.120730,12105.36,5412.00
832.221213,12105.36,5434.00
832.321734,12105.36,5434.00
832.422178,12105.36,5436.00
832.522692,12105.36,5412.00
832.623162,12105.36,5414.00
832.723679,12105.36,5394.00
832.824274,12105.36,5394.00
832.924762,12105.36,5394.00
833.025339,12105.36,5394.00
833.125964,12105.36,5394.00
833.226471,12105.36,5394.00
833.327076,12105.36,5394.00
833.427690,12105.36,5394.00
833.528936,12105.36,5394.00
833.629709,12105.36,5394.00
833.731131,12105.36,5394.00
833.832082,12105.36,5394.00
833.936089,12105.36,5394.00
834.036702,12105.36,5394.00
834.137373,12105.36,5394.00
834.237977,12105.36,5394.00
834.338644,12105.36,5394.00
834.439294,12105.36,5394.00
834.539927,12105.36,5394.00
834.640586,12105.36,5394.00
834.741212,12105.36,5394.00
834.841866,12105.36,5394.00
834.942521,12105.36,5394.00
835.043179,12105.36,5394.00
835.143846,12105.36,5394.00
835.244541,12105.36,5394.00
835.345184,12105.36,5394.00
835.445853,12105.36,5394.00
835.546511,12105.36,5394.00
835.647171,12105.36,5394.00
835.747831,12105.36,5394.00
835.848487,12105.36,5394.00
835.949146,12105.36,5394.00
836.049819,12105.36,5394.00
836.150502,12105.36,5394.00
836.251041,12105.36,5278.00
836.351538,12105.36,5278.00
836.452145,12105.36,5278.00
836.552691,12105.36,5278.00
836.653220,12105.36,5278.00
836.753760,12123.90,5278.00
836.854282,12123.90,5278.00
836.954823,12123.90,5278.00
837.055787,12123.90,5278.00
837.156675,12123.90,5278.00
837.257382,12123.90,5278.00
837.358169,12123.90,5278.00
837.458820,12123.90,5278.00
837.559486,12123.90,5278.00
837.660176,12123.90,5278.00
837.760847,12123.90,5278.00
837.861662,12123.90,5278.00
837.962314,12123.90,5278.00
838.062964,12123.90,5278.00
838.163612,12123.90,5278.00
838.264254,12123.90,5278.00
838.364910,12123.90,5278.00
838.465611,12123.90,2400.00
838.566419,12123.90,2400.00
838.667024,12123.90,2404.00
838.767672,12123.90,2404.00
838.868347,12123.90,2404.00
838.969101,12123.90,2404.00
839.069810,12123.90,2404.00
839.170466,12123.90,2404.00
839.271308,12123.90,2404.00
839.373093,12123.90,2404.00
839.473802,12123.90,2404.00
839.574488,12123.90,2404.00
839.675153,12123.90,2404.00
839.775967,12123.90,2404.00
839.876685,12123.90,2404.00
839.977382,12123.90,2404.00
840.078205,12123.90,2404.00
840.178909,12123.90,2464.00
840.279693,12123.90,2664.00
840.380347,12123.90,2884.00
840.481008,12123.90,3144.00
840.581689,12123.90,3404.00
840.682344,12123.90,3724.00
840.783010,12123.90,3984.00
840.883704,12123.90,4204.00
840.984393,12123.90,4464.00
841.085084,12123.90,4684.00
841.185897,12123.90,4924.00
841.286700,12123.90,5144.00
841.387452,12123.90,5280.00
841.488003,12123.90,5280.00
841.588535,12123.90,5282.00
841.689040,12123.90,5282.00
841.789501,12123.90,5282.00
841.890040,12123.90,5282.00
841.990613,12123.90,5282.00
842.091167,12123.90,5282.00
842.191833,12123.90,5282.00
842.292347,12123.90,5282.00
842.392866,12123.90,5282.00
842.493581,12123.90,5282.00
842.594221,12123.90,5282.00
842.695019,12123.90,5282.00
842.795680,12123.90,5282.00
842.896356,12123.90,5282.00
842.997005,12123.90,5282.00
843.097669,12123.90,5282.00
843.198334,12123.90,5282.00
843.298998,12123.90,5282.00
843.399678,12123.90,5282.00
843.500369,12123.90,5282.00
843.601017,12123.90,5282.00
843.701723,12123.90,5282.00
843.802404,12123.90,5282.00
843.903077,12123.90,5282.00
844.003764,12123.90,5282.00
844.104463,12123.90,5282.00
844.205164,12123.90,5282.00
844.305817,12123.90,5282.00
844.406499,12123.90,5282.00
844.507178,12123.90,5282.00
844.607881,12123.90,5282.00
844.708411,12123.90,5340.00
844.808980,12123.90,5340.00
844.909569,12123.90,5358.00
845.010036,12123.90,5338.00
845.110516,12123.90,5338.00
845.211039,12123.90,5338.00
845.311812,12123.90,5336.00
845.412523,12123.90,5338.00
845.512991,12123.90,5338.00
845.613521,12123.90,5338.00
845.714051,12123.90,5338.00
845.814628,12123.90,5338.00
845.915384,12123.90,5336.00
846.016175,12123.90,5336.00
846.117180,12123.90,5336.00
846.217878,12123.90,5336.00
846.318502,12123.90,5336.00
846.419086,12123.90,5336.00
846.519762,12123.90,5336.00
846.620437,12123.90,5336.00
846.721106,12123.90,5336.00
846.821776,12123.90,5336.00
846.922442,12123.90,5336.00
847.023091,12123.90,5336.00
847.123612,12123.90,1936.00
847.224084,12123.90,1936.00
847.324839,12123.90,1936.00
847.425406,12123.90,1936.00
847.525892,12123.90,1936.00
847.626399,12123.90,1936.00
847.726917,12123.90,1936.00
847.827453,12123.90,1936.00
847.928312,12123.90,1936.00
848.028914,12123.90,1936.00
848.129540,12123.90,1936.00
848.230180,12123.90,1936.00
848.330821,12123.90,1936.00
848.431325,12123.90,1796.00
848.531814,12123.90,1796.00
848.632267,12123.90,1796.00
848.732755,12123.90,1796.00
848.833311,12123.90,1796.00
848.933820,12123.90,1796.00
849.034515,12123.90,1796.00
849.135390,12123.90,1796.00
849.236106,12123.90,1796.00
849.336735,12123.90,1796.00
849.437390,12123.90,1796.00
849.538018,12123.90,1796.00
849.638658,12123.90,1816.00
849.739294,12123.90,2036.00
849.839937,12123.90,2396.00
849.940423,12123.90,2376.00
850.040887,12123.90,2376.00
850.141386,12123.90,2376.00
850.241949,12123.90,2376.00
850.342416,12123.90,2376.00
850.442868,12123.90,2376.00
850.543581,12123.90,2376.00
850.644050,12123.90,2376.00
850.744699,12123.90,2376.00
850.845577,12123.90,2376.00
850.946213,12123.90,2376.00
851.046846,12123.90,2376.00
851.147494,12123.90,2376.00
851.248136,12123.90,2376.00
851.348778,12123.90,2376.00
851.449424,12123.90,2376.00
851.550093,12123.90,2376.00
851.650634,12123.90,2456.00
851.751078,12123.90,2456.00
851.851544,12123.90,2456.00
851.952033,12123.90,2456.00
852.052601,12123.90,2456.00
852.153111,12123.90,2456.00
852.253990,12123.90,2456.00
852.354536,12123.90,2456.00
852.455325,12123.90,2456.00
852.556259,12123.90,2456.00
852.656930,12123.90,2456.00
852.757595,12123.90,2456.00
852.858224,12123.90,2456.00
852.958886,12123.90,2456.00
853.059540,12123.90,2456.00
853.160192,12123.90,2456.00
853.260726,12123.90,2056.00
853.361186,12123.90,2056.00
853.461694,12123.90,2056.00
853.562145,12123.90,2056.00
853.662615,12123.90,2056.00
853.763075,12123.90,2056.00
853.863582,12123.90,2056.00
853.964076,12123.90,2056.00
854.064724,12123.90,2056.00
854.165389,12123.90,2056.00
854.265988,12123.90,2056.00
854.366661,12123.90,2056.00
854.467346,12123.90,2056.00
854.568032,12123.90,2056.00
854.668789,12123.90,1856.00
854.769454,12123.90,1856.00
854.870144,12123.90,1856.00
854.970762,12123.90,1856.00
855.071397,12123.90,1856.00
855.172033,12123.90,1856.00
855.272709,12123.90,1856.00
855.373378,12123.90,1856.00
855.475060,12123.90,1856.00
855.575744,12123.90,1856.00
855.676379,12123.90,1856.00
855.776995,12123.90,1856.00
855.877655,12123.90,1856.00
855.978295,12123.90,1856.00
856.078921,12123.90,1856.00
856.179538,12123.90,1856.00
856.280193,12123.90,1976.00
856.380855,12123.90,2136.00
856.481451,12123.90,2356.00
856.582052,12123.90,2496.00
856.682685,12123.90,2716.00
856.783284,12123.90,2856.00
856.883911,12123.90,3016.00
856.984501,12123.90,3176.00
857.085003,12123.90,3116.00
857.185490,12123.90,3116.00
857.286186,12123.90,3116.00
857.386991,12123.90,3116.00
857.487645,12123.90,3116.00
857.588498,12123.90,3116.00
857.689080,12123.90,3116.00
857.790130,12123.90,3116.00
857.891003,12123.90,3116.00
857.991765,12123.90,3116.00
858.092772,12123.90,3116.00
858.193391,12123.90,3116.00
858.293961,12123.90,3116.00
858.394599,12123.90,3116.00
858.495196,12123.90,3116.00
858.595826,12123.90,3116.00
858.696442,12123.90,3116.00
858.797076,12123.90,3116.00
858.897729,12123.90,3116.00
858.998327,12123.90,3116.00
859.098938,12123.90,3116.00
859.199555,12123.90,3116.00
859.300183,12123.90,3116.00
859.400834,12123.90,3116.00
859.501467,12123.90,3116.00
859.601968,12123.90,3136.00
859.702502,12123.90,3136.00
859.802990,12123.90,3136.00
859.903451,12123.90,3136.00
860.004033,12123.90,3136.00
860.104545,12123.90,3136.00
860.205037,12123.90,3136.00
860.305678,12123.90,3136.00
860.406590,12123.90,3136.00
860.507420,12123.90,3136.00
860.608132,12123.90,3136.00
860.708788,12123.90,3136.00
860.809419,12123.90,3136.00
860.910037,12123.90,3136.00
861.010673,12123.90,3136.00
861.111309,12123.90,3136.00
861.211943,12123.90,3136.00
861.312437,12123.90,2376.00
861.412837,12123.90,2376.00
861.513308,12123.90,2376.00
861.614207,12123.90,2376.00
861.715204,12123.90,2376.00
861.816216,12123.90,2376.00
861.917197,12123.90,2376.00
862.018201,12123.90,2376.00
862.119117,12123.90,2376.00
862.219766,12123.90,2376.00
862.320392,12123.90,2376.00
862.421005,12123.90,2376.00
862.521641,12123.90,2376.00
862.622272,12123.90,2376.00
862.722913,12123.90,2376.00
862.823544,12123.90,2376.00
862.924162,12123.90,2456.00
863.024796,12123.90,2756.00
863.125408,12123.90,2956.00
863.226021,12123.90,3176.00
863.326566,12123.90,3176.00
863.427030,12123.90,3176.00
863.527485,12123.90,3176.00
863.627915,12123.90,3176.00
863.728370,12123.90,3176.00
863.828869,12126.94,3176.00
863.929548,12131.57,3176.00
864.030321,12131.57,3176.00
864.131044,12131.57,3176.00
864.231731,12131.57,3176.00
864.332377,12131.57,3176.00
864.432992,12131.57,3176.00
864.533629,12131.57,3176.00
864.634277,12131.57,3176.00
864.734921,12131.57,3176.00
864.835568,12131.57,3176.00
864.936203,12131.57,3176.00
865.036861,12131.57,3176.00
865.137554,12131.57,3176.00
865.238214,12131.57,3176.00
865.338906,12131.57,3176.00
865.439549,12131.57,3416.00
865.540188,12131.57,3736.00
865.640856,12131.57,3996.00
865.741488,12131.57,4216.00
865.842128,12131.57,4476.00
865.942758,12131.57,4736.00
866.043403,12131.57,4956.00
866.144043,12131.57,5176.00
866.244702,12131.57,5216.00
866.345206,12131.57,5216.00
866.445722,12131.57,5216.00
866.546216,12136.21,5216.00
866.646708,12154.75,5216.00
866.747171,12164.02,5216.00
866.847799,12164.02,5216.00
866.948415,12164.02,5216.00
867.049242,12164.02,5216.00
867.150022,12164.02,5216.00
867.250623,12164.02,5216.00
867.351251,12164.02,5216.00
867.452085,12164.02,5216.00
867.552749,12164.02,5216.00
867.653411,12164.02,5216.00
867.754049,12164.02,5216.00
867.854711,12164.02,5216.00
867.955369,12164.02,5216.00
868.056039,12164.02,5216.00
868.156687,12164.02,5216.00
868.257327,12164.02,5216.00
868.358002,12164.02,5216.00
868.458512,12164.02,2718.00
868.558941,12164.02,2718.00
868.659683,12164.02,2720.00
868.760352,12164.02,2718.00
868.861228,12164.02,2718.00
868.962071,12164.02,2718.00
869.062971,12164.02,2720.00
869.163727,12164.02,2720.00
869.264359,12164.02,2720.00
869.365017,12164.02,2720.00
869.465886,12164.02,2720.00
869.566551,12164.02,2720.00
869.667195,12164.02,2720.00
869.767829,12164.02,2720.00
869.868469,12164.02,2720.00
869.969102,12164.02,2720.00
870.069754,12164.02,2720.00
870.170358,12164.02,2720.00
870.270971,12164.02,2720.00
870.371602,12164.02,2820.00
870.472247,12164.02,3060.00
870.572893,12164.02,3300.00
870.673528,12164.02,3620.00
870.774200,12164.02,3920.00
870.874838,12164.02,4140.00
870.975503,12164.02,4400.00
871.076143,12164.02,4620.00
871.176813,12164.02,4900.00
871.277466,12164.02,5100.00
871.378124,12164.02,5320.00
871.478598,12164.02,5278.00
871.579178,12164.02,5276.00
871.679683,12164.02,5278.00
871.780275,12164.02,5282.00
871.880746,12164.02,5280.00
871.981295,12164.02,5280.00
872.081790,12164.02,5280.00
872.182456,12164.02,5280.00
872.283204,12164.02,5280.00
872.384096,12164.02,5280.00
872.485045,12164.02,5280.00
872.586063,12164.02,5280.00
872.686856,12164.02,5280.00
872.788079,12164.02,5302.00
872.890091,12164.02,5302.00
872.990762,12164.02,5302.00
873.091421,12164.02,5302.00
873.192060,12164.02,5302.00
873.292706,12164.02,5302.00
873.393358,12164.02,5302.00
873.493984,12164.02,5302.00
873.594648,12164.02,5302.00
873.695307,12164.02,5302.00
873.795949,12164.02,5302.00
873.896603,12164.02,5302.00
873.997278,12164.02,5302.00
874.097951,12164.02,5302.00
874.198653,12164.02,5302.00
874.299349,12164.02,5302.00
874.400054,12164.02,5302.00
874.500723,12164.02,5302.00
874.601402,12164.02,5302.00
874.702070,12164.02,5322.00
874.802644,12164.02,5392.00
874.903112,12164.02,5390.00
875.003580,12164.02,5390.00
875.104274,12164.02,5414.00
875.204953,12164.02,5390.00
875.305443,12164.02,5414.00
875.405995,12164.02,5412.00
875.506509,12164.02,5392.00
875.607180,12164.02,5416.00
875.707665,12164.02,5392.00
875.808162,12164.02,5416.00
875.908704,12164.02,5414.00
876.009202,12164.02,5392.00
876.110134,12164.02,5368.00
876.210969,12164.02,5416.00
876.311766,12164.02,5368.00
876.412376,12164.02,5390.00
876.512864,12164.02,5390.00
876.613335,12164.02,5414.00
876.713905,12164.02,5372.00
876.814534,12164.02,5372.00
876.915140,12164.02,5372.00
877.015760,12164.02,5372.00
877.116470,12164.02,5372.00
877.217072,12164.02,5372.00
877.317661,12164.02,5372.00
877.418356,12164.02,5372.00
877.519022,12164.02,5372.00
877.619691,12164.02,5372.00
877.720362,12164.02,5372.00
877.821017,12164.02,5372.00
877.921708,12164.02,5372.00
878.022366,12164.02,5372.00
878.122978,12164.02,5372.00
878.223645,12164.02,5372.00
878.324312,12164.02,5372.00
878.424997,12164.02,5372.00
878.525672,12164.02,5372.00
878.626353,12164.02,5372.00
878.727028,12164.02,5372.00
878.827716,12164.02,5372.00
878.928431,12164.02,5372.00
879.029230,12164.02,5372.00
879.130023,12164.02,5372.00
879.230822,12164.02,5372.00
879.331638,12164.02,5372.00
879.432172,12164.02,5238.00
879.532627,12164.02,5238.00
879.633092,12164.02,5238.00
879.733551,12164.02,5238.00
879.834018,12173.30,5238.00
879.934559,12173.30,5238.00
880.035143,12182.57,5238.00
880.135990,12182.57,5238.00
880.236702,12182.57,5238.00
880.337194,12182.57,5238.00
880.438010,12182.57,5238.00
880.538774,12182.57,5238.00
880.639588,12182.57,5238.00
880.740349,12182.57,5238.00
880.841090,12182.57,5238.00
880.941869,12182.57,5238.00
881.042556,12182.57,5238.00
881.143333,12182.57,5238.00
881.244090,12182.57,5238.00
881.344644,12182.57,4538.00
881.445407,12182.57,2400.00
881.545872,12182.57,2398.00
881.646516,12182.57,2400.00
881.747045,12182.57,2400.00
881.847668,12182.57,2400.00
881.948242,12182.57,2400.00
882.048789,12182.57,2400.00
882.149428,12182.57,2400.00
882.250223,12182.57,2400.00
882.351033,12182.57,2400.00
882.451785,12182.57,2400.00
882.552540,12182.57,2400.00
882.653294,12182.57,2400.00
882.754045,12182.57,2400.00
882.854722,12182.57,2400.00
882.955453,12182.57,2400.00
883.056218,12182.57,2400.00
883.156886,12182.57,2500.00
883.257540,12182.57,2700.00
883.358176,12182.57,2940.00
883.458925,12182.57,3180.00
883.559655,12182.57,3460.00
883.660336,12182.57,3780.00
883.761101,12182.57,4020.00
883.861870,12182.57,4260.00
883.962659,12182.57,4500.00
884.063390,12182.57,4740.00
884.163959,12182.57,5000.00
884.264605,12182.57,5220.00
884.365116,12182.57,5278.00
884.465802,12182.57,5276.00
884.566304,12182.57,5280.00
884.666828,12186.82,5280.00
884.767332,12196.48,5280.00
884.867908,12196.48,5280.00
884.968408,12196.48,5278.00
885.069075,12196.48,5278.00
885.169738,12196.48,5278.00
885.270529,12196.48,5278.00
885.371245,12196.48,5278.00
885.471890,12196.48,5278.00
885.572438,12196.48,5278.00
885.673219,12196.48,5296.00
885.773896,12196.48,5296.00
885.874589,12196.48,5296.00
885.975254,12196.48,5296.00
886.075914,12196.48,5296.00
886.176703,12196.48,5296.00
886.279105,12196.48,5296.00
886.379804,12196.48,5296.00
886.480423,12196.48,5296.00
886.581091,12196.48,5296.00
886.681776,12196.48,5296.00
886.782448,12196.48,5296.00
886.883091,12196.48,5296.00
886.983768,12196.48,5296.00
887.084443,12196.48,5296.00
887.185105,12196.48,5296.00
887.285783,12196.48,5296.00
887.386452,12196.48,5296.00
887.487119,12196.48,5296.00
887.587731,12196.48,5336.00
887.688282,12196.48,5376.00
887.788768,12196.48,5376.00
887.889342,12196.48,5354.00
887.989814,12196.48,5376.00
888.090304,12196.48,5376.00
888.190820,12196.48,5336.00
888.291459,12196.48,5356.00
888.392048,12196.48,5356.00
888.492697,12196.48,5356.00
888.593161,12196.48,5356.00
888.693735,12196.48,5356.00
888.794317,12196.48,5354.00
888.894896,12196.48,5354.00
888.995554,12196.48,5354.00
889.096137,12196.48,5354.00
889.196858,12196.48,5354.00
889.297560,12196.48,5354.00
889.398298,12196.48,5354.00
889.499046,12196.48,5354.00
889.600051,12196.48,5354.00
889.700730,12196.48,5354.00
889.801411,12196.48,5354.00
889.902083,12196.48,5354.00
890.002751,12196.48,5354.00
890.103421,12196.48,5354.00
890.203950,12196.48,1952.00
890.304419,12196.48,1952.00
890.404966,12196.48,1952.00
890.505424,12196.48,1952.00
890.605952,12196.48,1952.00
890.706445,12196.48,1952.00
890.807104,12196.48,1952.00
890.907572,12196.48,1952.00
891.008240,12196.48,1952.00
891.109231,12196.48,1952.00
891.209883,12196.48,1952.00
891.310495,12196.48,1952.00
891.411149,12196.48,1952.00
891.511773,12196.48,1952.00
891.612275,12196.48,1832.00
891.712807,12196.48,1832.00
891.813439,12196.48,1832.00
891.913965,12196.48,1832.00
892.014443,12196.48,1832.00
892.115001,12196.48,1832.00
892.215553,12196.48,1832.00
892.316503,12196.48,1832.00
892.417372,12196.48,1832.00
892.518039,12196.48,1832.00
892.618822,12196.48,1832.00
892.719597,12196.48,1832.00
892.820326,12196.48,1892.00
892.921081,12196.48,2132.00
893.021693,12196.48,2392.00
893.122188,12196.48,2392.00
893.222727,12196.48,2392.00
893.323192,12196.48,2392.00
893.423910,12196.48,2392.00
893.524617,12196.48,2392.00
893.625388,12196.48,2392.00
893.725961,12196.48,2392.00
893.826685,12196.48,2392.00
893.927359,12196.48,2392.00
894.028032,12196.48,2392.00
894.128661,12196.48,2392.00
894.229292,12196.48,2392.00
894.329909,12196.48,2392.00
894.430527,12196.48,2392.00
894.531145,12196.48,2392.00
894.631817,12196.48,2392.00
894.732430,12196.48,2392.00
894.833030,12196.48,2392.00
894.933638,12196.48,2392.00
895.034249,12196.48,2392.00
895.134864,12196.48,2432.00
895.235379,12196.48,2432.00
895.335857,12196.48,2432.00
895.436431,12196.48,2432.00
895.537037,12196.48,2432.00
895.637584,12196.48,2432.00
895.738058,12196.48,2432.00
895.838557,12196.48,2432.00
895.939078,12196.48,2432.00
896.039994,12196.48,2432.00
896.140647,12196.48,2432.00
896.241341,12196.48,2432.00
896.341981,12196.48,2432.00
896.442682,12196.48,2432.00
896.543320,12196.48,2432.00
896.644005,12196.48,2432.00
896.744609,12196.48,2432.00
896.845122,12196.48,2052.00
896.945609,12196.48,2052.00
897.046112,12196.48,2052.00
897.146619,12196.48,2052.00
897.247074,12196.48,2052.00
897.347561,12196.48,2052.00
897.448095,12196.48,2052.00
897.548610,12196.48,2052.00
897.649347,12196.48,2052.00
897.749994,12196.48,2052.00
897.850644,12196.48,2052.00
897.951279,12196.48,2052.00
898.051912,12196.48,2052.00
898.152550,12196.48,2052.00
898.253075,12196.48,1872.00
898.353555,12196.48,1872.00
898.454063,12196.48,1872.00
898.554527,12196.48,1872.00
898.654984,12196.48,1872.00
898.755454,12196.48,1872.00
898.855951,12196.48,1872.00
898.956471,12196.48,1872.00
899.057251,12196.48,1872.00
899.157991,12196.48,1872.00
899.258690,12196.48,1872.00
899.359393,12196.48,1872.00
899.460102,12196.48,1872.00
899.560799,12196.48,1872.00
899.661507,12196.48,2052.00
899.762270,12196.48,2292.00
899.862963,12196.48,2512.00
899.963566,12196.48,2772.00
900.064247,12196.48,2972.00
900.164920,12196.48,3172.00
900.265375,12196.48,3152.00
900.365902,12196.48,3152.00
900.466421,12196.48,3152.00
900.567016,12196.48,3152.00
900.667494,12196.48,3152.00
900.768002,12196.48,3152.00
900.868574,12196.48,3152.00
900.969118,12196.48,3152.00
901.069913,12196.48,3152.00
901.170754,12196.48,3152.00
901.271675,12196.48,3152.00
901.372318,12196.48,3152.00
901.472996,12196.48,3152.00
901.573679,12196.48,3152.00
901.674354,12196.48,3152.00
901.774990,12196.48,3152.00
901.875678,12196.48,3152.00
901.976332,12196.48,3152.00
902.077011,12196.48,3152.00
902.177674,12196.48,3152.00
902.278324,12196.48,3152.00
902.378877,12196.48,3112.00
902.479366,12196.48,3112.00
902.579912,12196.48,3112.00
902.680419,12196.48,3112.00
902.780907,12196.48,3112.00
902.881434,12196.48,3112.00
902.981950,12196.48,3112.00
903.082502,12196.48,3112.00
903.183092,12196.48,3112.00
903.283616,12196.48,3112.00
903.384282,12196.48,3112.00
903.484942,12196.48,3112.00
903.585621,12196.48,3112.00
903.686223,12196.48,3112.00
903.786885,12196.48,3112.00
903.887553,12196.48,3112.00
903.988203,12196.48,3112.00
904.088716,12196.48,2392.00
904.189244,12196.48,2392.00
904.289748,12196.48,2392.00
904.390261,12196.48,2392.00
904.490828,12196.48,2392.00
904.591371,12196.48,2392.00
904.691907,12196.48,2392.00
904.792399,12196.48,2392.00
904.893224,12196.48,2392.00
904.994069,12196.48,2392.00
905.094699,12196.48,2392.00
905.195284,12196.48,2392.00
905.295876,12196.48,2392.00
905.396499,12196.48,2392.00
905.497154,12196.48,2392.00
905.597836,12196.48,2392.00
905.698511,12196.48,2392.00
905.799137,12196.48,2652.00
905.899803,12196.48,2872.00
906.000438,12196.48,3112.00
906.100945,12196.48,3172.00
906.201455,12196.48,3172.00
906.301937,12196.48,3172.00
906.402502,12196.48,3172.00
906.503050,12196.48,3172.00
906.603643,12196.48,3172.00
906.704207,12196.48,3172.00
906.804811,12196.48,3172.00
906.905693,12196.48,3172.00
907.006555,12196.48,3172.00
907.107188,12196.48,3172.00
907.207835,12196.48,3172.00
907.308446,12196.48,3172.00
907.409067,12196.48,3172.00
907.509696,12196.48,3172.00
907.610303,12196.48,3172.00
907.710937,12196.48,3172.00
907.811573,12196.48,3172.00
907.912239,12196.48,3172.00
908.012889,12196.48,3172.00
908.113596,12196.48,3172.00
908.214224,12196.48,3172.00
908.314844,12196.48,3172.00
908.415441,12196.48,3172.00
908.516036,12196.48,3172.00
908.616624,12196.48,3252.00
908.717237,12196.48,3472.00
908.817850,12196.48,3712.00
908.918487,12196.48,3912.00
909.019088,12196.48,4072.00
909.119705,12196.48,4252.00
909.220335,12196.48,4432.00
909.320962,12196.48,4572.00
909.421600,12196.48,4832.00
909.522217,12196.48,4972.00
909.622849,12196.48,5132.00
909.723585,12196.48,5272.00
909.824058,12196.48,5232.00
909.924625,12196.48,5232.00
910.025063,12196.48,5232.00
910.125660,12196.48,5232.00
910.226186,12196.48,5232.00
910.326760,12196.48,5232.00
910.427464,12196.48,5232.00
910.528287,12196.48,5232.00
910.629321,12196.48,5232.00
910.730342,12196.48,5232.00
910.831149,12196.48,5232.00
910.931827,12196.48,5232.00
911.032482,12196.48,5232.00
911.133141,12196.48,5232.00
911.233801,12196.48,5232.00
911.334532,12196.48,5232.00
911.435195,12196.48,5232.00
911.535859,12196.48,5232.00
911.636517,12196.48,5232.00
911.737186,12196.48,5232.00
911.837851,12196.48,5232.00
911.938427,12196.48,3372.00
912.039074,12196.48,2752.00
912.139591,12196.48,2754.00
912.240062,12196.48,2754.00
912.340556,12196.48,2754.00
912.441005,12196.48,2756.00
912.541424,12196.48,2756.00
912.641974,12196.48,2754.00
912.742494,12196.48,2754.00
912.843093,12196.48,2754.00
912.943827,12196.48,2754.00
913.044470,12196.48,2754.00
913.145162,12196.48,2754.00
913.245807,12196.48,2754.00
913.346462,12196.48,2754.00
913.447118,12196.48,2754.00
913.547782,12196.48,2754.00
913.648460,12196.48,2754.00
913.749123,12196.48,2754.00
913.849783,12196.48,2754.00
913.950432,12196.48,2934.00
914.051098,12196.48,3174.00
914.151752,12196.48,3434.00
914.252408,12196.48,3714.00
914.353035,12196.48,3994.00
914.453702,12196.48,4214.00
914.554378,12196.48,4454.00
914.654998,12196.48,4694.00
914.755660,12196.48,4934.00
914.856344,12196.48,5154.00
914.956847,12196.48,5254.00
915.057354,12196.48,5252.00
915.157901,12196.48,5256.00
915.258435,12196.48,5256.00
915.358954,12196.48,5256.00
915.459506,12196.48,5258.00
915.560086,12196.48,5258.00
915.660536,12196.48,5258.00
915.761069,12196.48,5258.00
915.861622,12196.48,5258.00
915.962407,12196.48,5258.00
916.063333,12196.48,5258.00
916.163965,12196.48,5258.00
916.264636,12196.48,5280.00
916.365285,12196.48,5280.00
916.465928,12196.48,5280.00
916.566564,12196.48,5280.00
916.667226,12196.48,5280.00
916.767875,12196.48,5280.00
916.868543,12196.48,5280.00
916.969192,12196.48,5280.00
917.069834,12196.48,5280.00
917.170488,12196.48,5280.00
917.271117,12196.48,5280.00
917.371747,12196.48,5280.00
917.472381,12196.48,5280.00
917.572993,12196.48,5280.00
917.673623,12196.48,5280.00
917.774256,12196.48,5280.00
917.874888,12196.48,5280.00
917.975546,12196.48,5280.00
918.076197,12196.48,5280.00
918.176835,12196.48,5280.00
918.277467,12196.48,5280.00
918.378113,12196.48,5280.00
918.478774,12196.48,5280.00
918.579403,12196.48,5280.00
918.680046,12196.48,5280.00
918.780687,12196.48,5280.00
918.881297,12196.48,5280.00
918.981866,12196.48,5406.00
919.082534,12196.48,5408.00
919.183061,12196.48,5406.00
919.283550,12196.48,5406.00
919.384087,12196.48,5430.00
919.484595,12196.48,5408.00
919.585081,12196.48,5390.00
919.685673,12196.48,5362.00
919.786170,12196.48,5430.00
919.886672,12196.48,5430.00
919.987168,12196.48,5430.00
920.087740,12196.48,5384.00
920.188229,12196.48,5432.00
920.288723,12196.48,5388.00
920.389216,12196.48,5432.00
920.489808,12196.48,5436.00
920.590282,12196.48,5432.00
920.690845,12196.48,5434.00
920.791310,12196.48,5410.00
920.891879,12196.48,5388.00
920.992613,12196.48,5388.00
921.093248,12196.48,5388.00
921.194313,12196.48,5388.00
921.295338,12196.48,5388.00
921.396146,12196.48,5388.00
921.497009,12196.48,5388.00
921.597740,12196.48,5388.00
921.698406,12196.48,5388.00
921.799076,12196.48,5388.00
921.905161,12196.48,5388.00
922.005858,12196.48,5388.00
922.106511,12196.48,5388.00
922.207164,12196.48,5388.00
922.307829,12196.48,5388.00
922.408494,12196.48,5388.00
922.509167,12196.48,5388.00
922.609830,12196.48,5388.00
922.710505,12196.48,5388.00
922.811161,12196.48,5388.00
922.911831,12196.48,5388.00
923.012501,12196.48,5388.00
923.113124,12196.48,5388.00
923.213769,12196.48,5388.00
923.314438,12196.48,5388.00
923.415119,12196.48,5388.00
923.515646,12196.48,5234.00
923.616248,12196.48,5234.00
923.716814,12196.48,5234.00
923.817438,12196.48,5234.00
923.918143,12196.48,5234.00
924.018947,12196.48,5234.00
924.119694,12210.05,5234.00
924.220379,12214.68,5234.00
924.321087,12214.68,5234.00
924.421958,12223.96,5234.00
924.522990,12223.96,5234.00
924.624047,12223.96,5234.00
924.724931,12223.96,5234.00
924.825610,12223.96,5234.00
924.926282,12223.96,5234.00
925.026949,12223.96,5234.00
925.127622,12223.96,5234.00
925.228292,12223.96,5234.00
925.328963,12223.96,5234.00
925.429628,12223.96,5234.00
925.530193,12223.96,2394.00
925.630633,12223.96,2396.00
925.731106,12223.96,2396.00
925.831596,12223.96,2396.00
925.932056,12223.96,2396.00
926.032641,12223.96,2398.00
926.133115,12223.96,2398.00
926.233573,12223.96,2398.00
926.334213,12223.96,2398.00
926.435196,12223.96,2398.00
926.535887,12223.96,2398.00
926.636582,12223.96,2398.00
926.737254,12223.96,2398.00
926.837891,12223.96,2398.00
926.938563,12223.96,2398.00
927.039230,12223.96,2398.00
927.140017,12223.96,2398.00
927.240708,12223.96,2418.00
927.341390,12223.96,2578.00
927.442058,12223.96,2818.00
927.542737,12223.96,3058.00
927.643387,12223.96,3298.00
927.744069,12223.96,3618.00
927.844732,12223.96,3918.00
927.945373,12223.96,4138.00
928.046009,12223.96,4378.00
928.146666,12223.96,4598.00
928.247328,12223.96,4878.00
928.347981,12223.96,5078.00
928.448620,12223.96,5278.00
928.549155,12223.96,5274.00
928.649662,12223.96,5276.00
928.750140,12223.96,5276.00
928.850582,12223.96,5276.00
928.951083,12223.96,5276.00
929.051587,12223.96,5276.00
929.152207,12228.59,5276.00
929.252739,12233.23,5276.00
929.353280,12233.23,5276.00
929.453894,12233.23,5276.00
929.554530,12233.23,5276.00
929.655158,12233.23,5276.00
929.755901,12233.23,5276.00
929.856546,12233.23,5276.00
929.957179,12233.23,5276.00
930.057820,12233.23,5276.00
930.158445,12233.23,5276.00
930.259073,12233.23,5276.00
930.359719,12233.23,5276.00
930.460375,12233.23,5276.00
930.560978,12233.23,5276.00
930.661598,12233.23,5276.00
930.762218,12233.23,5276.00
930.862851,12233.23,5276.00
930.963518,12233.23,5276.00
931.064149,12233.23,5276.00
931.164766,12233.23,5276.00
931.265377,12233.23,5276.00
931.365997,12233.23,5276.00
931.466648,12233.23,5276.00
931.567293,12233.23,5276.00
931.667916,12233.23,5276.00
931.768566,12233.23,5276.00
931.869200,12233.23,5276.00
931.969842,12233.23,5276.00
932.070484,12233.23,5276.00
932.171106,12233.23,5276.00
932.271722,12233.23,5276.00
932.372356,12233.23,5276.00
932.472887,12233.23,5354.00
932.573385,12233.23,5334.00
932.673845,12233.23,5334.00
932.774348,12233.23,5372.00
932.874909,12233.23,5372.00
932.975371,12233.23,5372.00
933.075923,12233.23,5372.00
933.176389,12233.23,5372.00
933.276960,12233.23,5352.00
933.377546,12233.23,5372.00
933.478073,12233.23,5352.00
933.578543,12233.23,5372.00
933.679086,12233.23,5352.00
933.779693,12233.23,5352.00
933.880197,12233.23,5352.00
933.980880,12233.23,5352.00
934.081367,12233.23,5352.00
934.182261,12233.23,5352.00
934.282797,12233.23,5352.00
934.383394,12233.23,5352.00
934.484070,12233.23,5352.00
934.584677,12233.23,5352.00
934.685295,12233.23,5352.00
934.785925,12233.23,5352.00
934.886543,12233.23,5352.00
934.987163,12233.23,5352.00
935.087784,12233.23,5352.00
935.188268,12233.23,3832.00
935.288813,12233.23,1892.00
935.389266,12233.23,1892.00
935.489767,12233.23,1892.00
935.590252,12233.23,1892.00
935.690719,12233.23,1892.00
935.791218,12233.23,1892.00
935.891765,12233.23,1892.00
935.992365,12233.23,1892.00
936.093040,12233.23,1892.00
936.193672,12233.23,1892.00
936.294270,12233.23,1892.00
936.394886,12233.23,1892.00
936.495380,12233.23,1812.00
936.595901,12233.23,1812.00
936.696389,12233.23,1812.00
936.796867,12233.23,1812.00
936.897486,12233.23,1812.00
936.997951,12233.23,1812.00
937.098483,12233.23,1812.00
937.199062,12233.23,1812.00
937.299925,12233.23,1812.00
937.400681,12233.23,1812.00
937.501340,12233.23,1812.00
937.601982,12233.23,1812.00
937.702668,12233.23,1812.00
937.803315,12233.23,1932.00
937.903997,12233.23,2192.00
938.004505,12233.23,2392.00
938.104972,12233.23,2392.00
938.205514,12233.23,2392.00
938.306036,12233.23,2392.00
938.406524,12233.23,2392.00
938.507008,12233.23,2392.00
938.607452,12233.23,2392.00
938.707979,12233.23,2392.00
938.808467,12233.23,2392.00
938.909161,12293.81,2392.00
