timestamp_s,ram_mb,vram_mb
0.007265,2997.75,386.00
0.107953,3098.30,472.00
0.208553,3146.06,472.00
0.309206,3146.07,472.00
0.410309,5342.77,472.00
0.511731,6472.19,472.00
0.612457,6646.84,472.00
0.713061,6658.65,472.00
0.813654,6670.45,472.00
0.914256,6710.20,540.00
1.014874,6991.69,664.00
1.115541,7091.46,604.00
1.216041,7191.21,716.00
1.316600,7303.43,632.00
1.417329,7390.71,716.00
1.518069,7502.93,604.00
1.618641,7602.68,702.00
1.719340,7714.90,590.00
1.819964,7814.64,646.00
1.920564,7920.05,716.00
2.021372,8001.68,604.00
2.121875,8014.14,702.00
2.222423,8026.61,674.00
2.323267,8039.09,562.00
2.423927,8051.55,590.00
2.524440,8051.55,702.00
2.625359,8051.56,618.00
2.726394,8064.02,632.00
2.827432,8076.50,660.00
2.928233,8088.97,632.00
3.029340,8113.91,632.00
3.130397,8113.91,548.00
3.231572,8138.85,548.00
3.332696,8138.85,702.00
3.433683,8151.32,576.00
3.534857,8151.32,702.00
3.635807,8152.05,534.00
3.737015,8321.70,534.00
3.838023,8540.88,534.00
3.938984,8752.84,534.00
4.039610,8956.16,534.00
4.140969,10174.30,534.00
4.241763,11620.73,534.00
4.342542,11982.30,534.00
4.443333,12368.82,534.00
4.544105,14459.38,550.00
4.644716,14521.73,718.00
4.745365,14584.07,726.00
4.846274,14609.01,572.00
4.946843,14658.88,726.00
5.047433,14733.69,584.00
5.147985,14783.57,584.00
5.248626,14833.44,584.00
5.349186,14895.78,726.00
5.449845,14958.13,726.00
5.550480,14995.53,614.00
5.651066,15008.00,726.00
5.751712,15045.41,726.00
5.852292,15070.35,740.00
5.952901,15107.75,640.00
6.053531,15145.16,726.00
6.154182,15195.03,570.00
6.254718,15244.90,600.00
6.355326,15294.78,712.00
6.456021,15319.72,628.00
6.556515,15382.06,726.00
6.657377,15468.68,726.00
6.758171,15531.68,628.00
6.858744,15556.62,726.00
6.959329,15606.49,654.00
7.059856,15668.84,726.00
7.160413,15706.24,732.00
7.261028,15756.11,732.00
7.361595,15805.98,726.00
7.462372,15805.99,726.00
7.563105,15805.99,726.00
7.663888,15805.99,698.00
7.764621,15805.99,740.00
7.865446,15805.99,726.00
7.966315,15818.46,640.00
8.067147,15818.46,726.00
8.168159,15818.46,670.00
8.268913,15818.46,726.00
8.369514,15818.46,740.00
8.470136,15818.47,570.00
8.570744,15818.47,570.00
8.671531,15818.48,570.00
8.772189,15818.48,570.00
8.873093,15818.49,570.00
8.973701,15818.49,570.00
9.074370,15818.50,570.00
9.176562,15818.52,570.00
9.278665,15818.52,570.00
9.380947,15818.52,570.00
9.481963,15818.53,570.00
9.583944,15818.53,570.00
9.686318,15818.53,570.00
9.787116,15818.53,570.00
9.889348,15818.53,570.00
9.990315,15818.53,736.00
10.090895,15818.54,750.00
10.191539,15818.54,650.00
10.292113,15818.54,636.00
10.392654,15818.54,610.00
10.493234,15818.54,750.00
10.593781,15818.54,736.00
10.694372,15818.54,642.00
10.795077,15818.54,736.00
10.895679,15818.54,664.00
10.996376,15818.55,736.00
11.097011,15768.80,736.00
11.197625,15768.80,736.00
11.298236,15768.80,664.00
11.398936,15768.80,624.00
11.499441,15768.80,750.00
11.600014,15768.80,722.00
11.700535,15768.80,736.00
11.801101,15768.80,650.00
11.901657,15768.81,736.00
12.002409,15768.82,722.00
12.102980,15768.81,736.00
12.203558,15768.81,624.00
12.304242,15768.81,748.00
12.404844,15768.81,708.00
12.505522,15768.82,650.00
12.606133,15768.82,736.00
12.706869,15768.82,650.00
12.807514,15768.82,750.00
12.908233,15768.82,608.00
13.008962,15768.82,650.00
13.109551,15768.82,596.00
13.210139,15768.82,736.00
13.310893,15768.82,580.00
13.411674,15768.82,736.00
13.512238,15768.83,680.00
13.612793,15768.83,736.00
13.713806,15768.83,736.00
13.815058,15768.83,580.00
13.916101,15768.83,580.00
14.017201,15768.83,580.00
14.118335,15768.84,580.00
14.219535,15768.86,580.00
14.320788,15768.87,580.00
14.422003,15731.36,580.00
14.523350,15756.32,580.00
14.627856,15756.32,580.00
14.730054,15756.32,580.00
14.831943,15756.32,580.00
14.933473,15756.32,580.00
15.035574,15756.32,580.00
15.137703,15756.32,580.00
15.238555,15756.33,656.00
15.339074,15756.33,756.00
15.439678,15756.33,756.00
15.540288,15756.33,756.00
15.640947,15756.33,670.00
15.741490,15756.33,756.00
15.841998,15756.33,768.00
15.942718,15756.33,600.00
16.043436,15756.33,760.00
16.144046,15756.33,762.00
16.244699,15756.33,664.00
16.345279,15756.33,718.00
16.445867,15756.34,602.00
16.546400,15756.34,648.00
16.647084,15756.34,756.00
16.747639,15756.34,756.00
16.848472,15756.34,670.00
16.949135,15756.34,642.00
17.049751,15756.34,756.00
17.150917,15756.34,668.00
17.251871,15756.34,588.00
17.352843,15756.34,748.00
17.453614,15756.34,644.00
17.554340,15756.34,768.00
17.655154,15756.34,686.00
17.756091,15756.34,662.00
17.857136,15756.34,734.00
17.957973,15756.35,680.00
18.058926,15756.35,714.00
18.159960,15756.35,756.00
18.261075,15756.35,756.00
18.362400,15756.35,698.00
18.463382,15756.35,762.00
18.564436,15756.35,640.00
18.665525,15756.35,754.00
18.766571,15756.35,756.00
18.867655,15756.35,614.00
18.968569,15706.61,756.00
19.069552,15706.61,644.00
19.170769,15706.61,600.00
19.271471,15706.61,600.00
19.372140,15706.62,600.00
19.472888,15706.64,600.00
19.573590,15792.07,600.00
19.674206,15931.09,600.00
19.774915,16070.21,600.00
19.876725,16169.26,600.00
19.979737,16169.26,600.00
20.082360,16169.26,600.00
20.184992,16169.26,600.00
20.287220,16169.26,600.00
20.390041,16169.26,600.00
20.496127,16169.26,600.00
20.600282,16169.26,600.00
20.703483,16169.26,600.00
20.806186,16169.26,600.00
20.908964,16169.26,600.00
21.010034,16169.26,600.00
21.110716,16169.26,718.00
21.211288,16169.26,564.00
21.311954,16169.27,704.00
21.412614,16169.27,620.00
21.513163,16169.27,564.00
21.613780,16169.27,704.00
21.714536,16169.27,620.00
21.815502,16169.27,690.00
21.916235,16169.27,620.00
22.016751,16169.27,564.00
22.117337,16169.27,704.00
22.218118,16169.28,620.00
22.318730,16169.28,578.00
22.419278,16169.28,662.00
22.519955,16169.28,620.00
22.620461,16169.28,634.00
22.721247,16169.28,620.00
22.821850,16169.28,592.00
22.922581,16169.28,620.00
23.023267,16169.28,564.00
23.123781,16169.28,676.00
23.224272,16169.28,690.00
23.324950,16169.28,564.00
23.425583,16169.28,550.00
23.526281,16169.28,550.00
23.627014,16169.29,550.00
23.727791,16169.30,550.00
23.828618,16169.31,550.00
23.931075,16169.33,550.00
24.033825,16169.33,550.00
24.135504,16169.33,550.00
24.237370,16169.33,550.00
24.339152,16169.33,550.00
24.441050,16169.33,550.00
24.542817,16169.33,550.00
24.645285,16169.33,550.00
24.747998,16169.33,550.00
24.850081,16169.33,550.00
24.952477,16169.33,550.00
25.054685,16169.33,550.00
25.157860,16169.33,550.00
25.260015,16169.33,550.00
25.362332,16169.33,550.00
25.464674,16169.33,550.00
25.566678,16443.63,550.00
25.668380,16904.96,550.00
25.769689,17258.23,550.00
25.871489,17569.94,550.00
25.973090,18018.80,550.00
26.073821,18043.74,728.00
26.174373,18043.74,560.00
26.275093,18043.74,642.00
26.375695,18043.74,586.00
26.476285,18043.74,672.00
26.576959,18043.74,658.00
26.677548,18043.74,728.00
26.778139,18043.74,602.00
26.878717,18043.74,600.00
26.979343,18043.74,728.00
27.079962,18043.74,686.00
27.180665,18043.74,742.00
27.281678,18043.74,642.00
27.382324,18043.74,728.00
27.482955,18043.74,742.00
27.583501,18043.75,586.00
27.684175,18043.75,728.00
27.784862,18043.75,726.00
27.885504,18043.75,728.00
27.986142,18043.75,614.00
28.086716,18043.75,742.00
28.187323,18043.75,742.00
28.288035,18043.75,572.00
28.388724,18043.75,728.00
28.489624,18043.75,728.00
28.590265,18043.75,656.00
28.691026,18043.75,586.00
28.791612,18043.75,728.00
28.892247,18043.75,726.00
28.993068,18043.75,728.00
29.093904,18043.75,742.00
29.194583,18043.75,628.00
29.295311,18043.75,714.00
29.396156,18043.75,728.00
29.496762,18043.75,742.00
29.597443,18043.75,742.00
29.698138,18043.75,616.00
29.798717,18043.75,572.00
29.899324,18043.75,572.00
30.000011,18043.76,572.00
30.100775,18043.77,572.00
30.201639,18043.78,572.00
30.302647,18155.36,572.00
30.403586,18279.66,572.00
30.505867,18372.54,572.00
30.608189,18372.54,572.00
30.710410,18372.54,572.00
30.812706,18372.54,572.00
30.915240,18372.54,572.00
31.017603,18372.54,572.00
31.120603,18372.54,572.00
31.222902,18372.54,572.00
31.325601,18372.54,572.00
31.429597,18372.54,572.00
31.531983,18372.54,572.00
31.634101,18372.54,572.00
31.735862,18372.54,572.00
31.838085,18372.54,572.00
31.940327,18372.54,572.00
32.042512,18372.54,572.00
32.144703,18372.54,572.00
32.247349,18372.54,572.00
32.350011,18372.54,572.00
32.452925,18372.54,572.00
32.555077,18372.54,572.00
32.657473,18372.54,572.00
32.760128,18372.54,572.00
32.862883,18372.54,572.00
32.965043,18493.61,572.00
33.066371,18784.10,572.00
33.166999,18930.00,654.00
33.267587,18930.00,644.00
33.368338,18930.00,738.00
33.469114,18930.00,752.00
33.569808,18930.00,678.00
33.670385,18930.00,738.00
33.770990,18930.00,588.00
33.871583,18930.00,668.00
33.972246,18930.00,738.00
34.072875,18930.00,652.00
34.173405,18930.00,654.00
34.274003,18930.00,738.00
34.374604,18930.00,738.00
34.475172,18930.00,736.00
34.575681,18930.00,596.00
34.676271,18930.00,682.00
34.776990,18930.00,752.00
34.877539,18930.00,568.00
34.978194,18930.00,738.00
35.078770,18930.00,738.00
35.179354,18930.00,640.00
35.279957,18930.00,582.00
35.380467,18930.00,710.00
35.481159,18930.00,598.00
35.581665,18930.00,752.00
35.682225,18930.00,724.00
35.782717,18930.00,652.00
35.883384,18930.00,652.00
35.984191,18930.00,638.00
36.084811,18930.00,598.00
36.185674,18930.00,724.00
36.286240,18930.00,744.00
36.386896,18930.00,744.00
36.487721,18930.00,752.00
36.588341,18930.00,616.00
36.689008,18930.00,654.00
36.789597,18930.00,756.00
36.890423,18930.00,588.00
36.991064,18930.00,588.00
37.091651,18930.01,588.00
37.192461,18971.75,588.00
37.293100,19099.61,588.00
37.393697,19227.33,588.00
37.494357,19358.12,588.00
37.595224,19489.04,588.00
37.697489,19555.77,588.00
37.798558,19555.77,588.00
37.901052,19555.77,588.00
38.003446,19555.77,588.00
38.105389,19555.77,588.00
38.207311,19555.77,588.00
38.311008,19555.77,588.00
38.415767,19555.77,588.00
38.518357,19555.77,588.00
38.621244,19555.77,588.00
38.722445,19555.77,588.00
38.826476,19555.77,588.00
38.929552,19555.77,588.00
39.031953,19555.77,588.00
39.134838,19555.77,588.00
39.237421,19555.77,588.00
39.340200,19555.77,588.00
39.442911,19555.77,588.00
39.545346,19555.77,588.00
39.648110,19555.77,588.00
39.750069,19555.77,588.00
39.852782,19555.77,588.00
39.955272,19555.77,588.00
40.056700,19555.77,588.00
40.158724,19555.77,588.00
40.261334,19555.77,588.00
40.363302,19555.77,588.00
40.465248,19555.77,588.00
40.567712,19555.77,588.00
40.670534,19685.91,588.00
40.773351,20005.93,588.00
40.874055,20093.21,720.00
40.974662,20093.21,772.00
41.075280,20093.21,782.00
41.175956,20093.22,766.00
41.276523,20093.22,778.00
41.377192,20093.22,674.00
41.477766,20093.22,664.00
41.578315,20093.22,662.00
41.678868,20093.22,778.00
41.779671,20093.22,772.00
41.880274,20093.22,780.00
41.980836,20093.22,786.00
42.081492,20093.22,656.00
42.182069,20093.22,780.00
42.282796,20093.22,670.00
42.383515,20093.22,774.00
42.484282,20093.22,684.00
42.584843,20093.22,770.00
42.685490,20093.22,588.00
42.786038,20093.22,780.00
42.886903,20093.22,760.00
42.987473,20093.22,780.00
43.088309,20093.22,758.00
43.189010,20093.22,650.00
43.289597,20093.22,746.00
43.390177,20093.22,786.00
43.490722,20093.22,752.00
43.591313,20093.22,658.00
43.691954,20093.22,778.00
43.792477,20093.22,780.00
43.893416,20093.22,622.00
43.994041,20093.22,778.00
44.094832,20093.22,618.00
44.195447,20093.22,786.00
44.296143,20093.22,718.00
44.396792,20093.22,690.00
44.497450,20093.22,776.00
44.598125,20093.22,772.00
44.699097,20093.22,774.00
44.800036,20093.22,746.00
44.900965,20093.22,594.00
45.002198,20093.22,594.00
45.102975,20093.23,594.00
45.203650,20157.12,594.00
45.304426,20290.66,594.00
45.405348,20427.82,594.00
45.506323,20564.98,594.00
45.607114,20701.34,594.00
45.709700,20753.81,594.00
45.811908,20753.81,594.00
45.914090,20753.81,594.00
46.016594,20753.81,594.00
46.119139,20753.81,594.00
46.221626,20753.81,594.00
46.324039,20753.81,594.00
46.426227,20753.81,594.00
46.529037,20753.81,594.00
46.632089,20753.81,594.00
46.734340,20753.81,594.00
46.836962,20753.81,594.00
46.938983,20753.81,594.00
47.041727,20753.81,594.00
47.144175,20753.81,594.00
47.244996,20753.81,650.00
47.345489,20753.81,552.00
47.446264,20753.81,706.00
47.547062,20753.81,594.00
47.647739,20753.81,636.00
47.748394,20753.81,720.00
47.849061,20753.81,622.00
47.949651,20753.81,552.00
48.050269,20753.81,706.00
48.150903,20753.81,706.00
48.251550,20753.81,594.00
48.351998,20753.81,692.00
48.452657,20753.81,552.00
48.553384,20753.81,706.00
48.654126,20753.81,580.00
48.755083,20753.81,720.00
48.856026,20753.81,552.00
48.957104,20753.81,706.00
49.058017,20753.81,580.00
49.158793,20753.81,720.00
49.259348,20753.81,552.00
49.360048,20753.81,706.00
49.460712,20753.81,594.00
49.561309,20753.81,650.00
49.662089,20753.81,538.00
49.762955,20753.81,538.00
49.865268,20753.81,538.00
49.967429,20753.81,538.00
50.069249,20753.81,538.00
50.171277,20753.81,538.00
50.273200,20753.81,538.00
50.375488,20753.81,538.00
50.477961,20753.81,538.00
50.580206,20753.81,538.00
50.682241,20753.81,538.00
50.784193,20753.81,538.00
50.886301,20753.81,538.00
50.988692,20753.81,538.00
51.091012,20753.81,538.00
51.193418,20753.81,538.00
51.295690,20753.81,538.00
51.397802,20753.81,538.00
51.500254,20753.81,538.00
51.602547,20753.81,538.00
51.704681,20753.81,538.00
51.806722,20753.81,538.00
51.907724,20753.81,538.00
52.009996,20753.81,538.00
52.111837,20753.81,538.00
52.213756,20753.81,538.00
52.315850,20753.81,538.00
52.418440,20753.81,538.00
52.520715,20753.81,538.00
52.623011,20753.81,538.00
52.725827,20753.81,538.00
52.827991,20753.81,538.00
52.930246,20920.06,538.00
53.032321,21115.39,538.00
53.134394,21269.17,538.00
53.236086,21598.67,538.00
53.338301,21834.39,538.00
53.439021,21834.39,686.00
53.539672,21834.39,616.00
53.640253,21834.39,700.00
53.740837,21834.39,728.00
53.841374,21834.39,728.00
53.941874,21834.39,728.00
54.042482,21834.39,728.00
54.143224,21834.39,728.00
54.243888,21834.39,616.00
54.344567,21834.39,586.00
54.445112,21834.39,728.00
54.545664,21834.39,728.00
54.646182,21834.39,714.00
54.746763,21834.39,558.00
54.847431,21834.39,728.00
54.948102,21834.39,572.00
55.048631,21834.39,658.00
55.149172,21834.39,734.00
55.249762,21834.39,728.00
55.350270,21834.39,588.00
55.450863,21834.39,742.00
55.551429,21834.39,614.00
55.652239,21834.39,728.00
55.753009,21834.39,728.00
55.853849,21834.39,728.00
55.954550,21834.39,686.00
56.055287,21834.39,728.00
56.155883,21834.39,656.00
56.256540,21834.39,630.00
56.357423,21834.39,734.00
56.458216,21834.39,728.00
56.558762,21834.39,728.00
56.659254,21834.39,728.00
56.760020,21834.39,728.00
56.860645,21834.39,742.00
56.962134,21834.39,734.00
57.062922,21834.39,644.00
57.163618,21834.39,630.00
57.264424,21834.39,588.00
57.365310,21834.39,588.00
57.465847,21834.39,588.00
57.566549,21834.39,588.00
57.667205,21834.39,588.00
57.767859,21834.39,588.00
57.869715,21834.39,588.00
57.971519,21834.39,588.00
58.073861,21834.39,588.00
58.175885,21834.39,588.00
58.278485,21834.39,588.00
58.380625,21834.39,588.00
58.483275,21834.39,588.00
58.585270,21834.39,588.00
58.687333,21834.39,588.00
58.789459,21834.39,588.00
58.891596,21834.39,588.00
58.994059,21834.39,588.00
59.096236,21834.39,588.00
59.198668,21834.39,588.00
59.301313,21834.39,588.00
59.403764,21834.39,588.00
59.505843,21834.39,588.00
59.607753,21834.39,588.00
59.709669,21834.39,588.00
59.811560,21834.39,588.00
59.913766,21834.39,588.00
60.016269,21834.39,588.00
60.118261,21834.39,588.00
60.219839,21834.39,588.00
60.321821,21834.39,588.00
60.424051,21834.39,588.00
60.526136,21834.39,588.00
60.628351,21834.39,588.00
60.731767,21834.39,588.00
60.838332,21834.39,588.00
60.940343,21834.39,588.00
61.042171,21834.39,588.00
61.144481,21834.39,588.00
61.245188,21834.39,742.00
61.345751,21834.39,738.00
61.446288,21834.39,682.00
61.546865,21834.39,738.00
61.647396,21834.39,590.00
61.748083,21834.39,738.00
61.848630,21834.39,612.00
61.949247,21834.39,738.00
62.049793,21834.39,556.00
62.150355,21834.39,738.00
62.250878,21834.39,752.00
62.351430,21834.39,654.00
62.452131,21834.39,638.00
62.552843,21834.39,652.00
62.653905,21834.39,738.00
62.755086,21834.39,744.00
62.855810,21834.39,738.00
62.956759,21834.39,624.00
63.057358,21834.39,738.00
63.157991,21834.39,624.00
63.258479,21834.39,738.00
63.359106,21834.39,610.00
63.459801,21834.39,752.00
63.560567,21834.39,584.00
63.661456,21834.39,652.00
63.762187,21834.39,738.00
63.862841,21834.39,738.00
63.963458,21834.39,612.00
64.064343,21834.39,738.00
64.164951,21834.39,744.00
64.265672,21834.39,738.00
64.366476,21834.39,738.00
64.467172,21834.39,752.00
64.567751,21834.39,696.00
64.668309,21834.39,710.00
64.768872,21834.39,710.00
64.869457,21834.39,738.00
64.970183,21834.39,738.00
65.070927,21834.39,652.00
65.171541,21834.39,744.00
65.272254,21834.39,574.00
65.372909,21834.39,574.00
65.473647,21834.39,574.00
65.574708,21834.39,574.00
65.675661,21834.39,574.00
65.776718,21834.39,574.00
65.878925,21834.40,574.00
65.981348,21834.40,574.00
66.083532,21834.40,574.00
66.186284,21834.40,574.00
66.288564,21834.40,574.00
66.391188,21834.40,574.00
66.493085,21834.40,574.00
66.595378,21834.40,574.00
66.697203,21834.40,574.00
66.799700,21834.40,574.00
66.901507,21834.40,574.00
67.003350,21834.40,574.00
67.105643,21834.40,574.00
67.207927,21834.40,574.00
67.309876,21834.40,574.00
67.413457,21834.40,574.00
67.515738,21834.40,574.00
67.618261,21834.40,574.00
67.720459,21834.40,574.00
67.822698,21834.40,574.00
67.924925,21834.40,574.00
68.027208,21834.40,574.00
68.129334,21834.40,574.00
68.232329,21834.40,574.00
68.334693,21834.40,574.00
68.436621,21834.40,574.00
68.539016,21834.40,574.00
68.641625,21834.40,574.00
68.744004,21834.40,574.00
68.846013,21834.40,574.00
68.948274,21834.40,574.00
69.050710,21834.40,574.00
69.151707,21879.08,690.00
69.252491,21879.08,764.00
69.353261,21879.08,744.00
69.454254,21879.08,756.00
69.555171,21879.08,750.00
69.655911,21879.08,716.00
69.756691,21879.08,660.00
69.857509,21879.08,634.00
69.958450,21879.08,642.00
70.059351,21879.08,758.00
70.159953,21879.08,758.00
70.260617,21879.08,688.00
70.361413,21879.08,632.00
70.462245,21879.08,656.00
70.563080,21879.08,756.00
70.663634,21879.08,764.00
70.764387,21879.08,758.00
70.864985,21879.08,744.00
70.965682,21879.08,756.00
71.066487,21879.08,740.00
71.167202,21879.08,758.00
71.268147,21879.08,750.00
71.368835,21879.08,716.00
71.469726,21879.08,758.00
71.570370,21879.08,758.00
71.671050,21879.08,758.00
71.771735,21879.08,600.00
71.872570,21879.08,656.00
71.973567,21879.08,758.00
72.074484,21879.08,590.00
72.175222,21879.08,642.00
72.275858,21879.08,758.00
72.376519,21879.08,758.00
72.477274,21879.08,606.00
72.577896,21879.08,758.00
72.678580,21879.08,758.00
72.779299,21879.08,744.00
72.879854,21879.08,588.00
72.980418,21879.08,750.00
73.081129,21879.08,596.00
73.181746,21879.08,634.00
73.282421,21879.08,578.00
73.383223,21879.08,578.00
73.484188,21879.08,578.00
73.585019,21879.08,578.00
73.686087,21879.08,578.00
73.786768,21879.08,578.00
73.888948,21879.08,578.00
73.991173,21879.08,578.00
74.093174,21879.08,578.00
74.195175,21879.08,578.00
74.297364,21879.08,578.00
74.399712,21879.08,578.00
74.501426,21879.08,578.00
74.603432,21879.08,578.00
74.705538,21879.08,578.00
74.807744,21879.08,578.00
74.910320,21879.08,578.00
75.011951,21879.08,578.00
75.114371,21879.08,578.00
75.216824,21879.08,578.00
75.319313,21879.08,578.00
75.421569,21879.08,578.00
75.524119,21879.08,578.00
75.626671,21879.08,578.00
75.728896,21879.08,578.00
75.831049,21879.08,578.00
75.934007,21879.08,578.00
76.036319,21879.08,578.00
76.138884,21879.08,578.00
76.241560,21879.08,578.00
76.342950,21879.08,578.00
76.443616,21879.08,610.00
76.544435,21879.08,694.00
76.645220,21879.08,652.00
76.746040,21879.08,568.00
76.846864,21879.08,554.00
76.947659,21879.08,568.00
77.048492,21879.08,568.00
77.149333,21879.08,554.00
77.250178,21879.08,624.00
77.351175,21879.08,624.00
77.451986,21879.08,610.00
77.552867,21879.08,554.00
77.653620,21879.08,554.00
77.754770,21879.08,722.00
77.855674,21879.08,638.00
77.956550,21879.08,624.00
78.057516,21879.08,596.00
78.158533,21879.08,624.00
78.259472,21879.08,680.00
78.360686,21879.08,708.00
78.461498,21879.08,568.00
78.562269,21879.08,554.00
78.663045,21879.08,582.00
78.763961,21879.08,722.00
78.864890,21879.08,722.00
78.965830,21879.08,568.00
79.066682,21879.08,568.00
79.167582,21879.08,568.00
79.268590,21879.08,568.00
79.370451,21879.09,568.00
79.473965,21879.09,568.00
79.576544,21879.09,568.00
79.678908,21879.09,568.00
79.781190,21879.09,568.00
79.883580,21879.09,568.00
79.986063,21879.09,568.00
80.088401,21879.09,568.00
80.190830,21879.09,568.00
80.293427,21879.09,568.00
80.395856,21879.09,568.00
80.498136,21879.09,568.00
80.600224,21879.09,568.00
80.702665,21879.09,568.00
80.805929,21879.09,568.00
80.910285,21879.09,568.00
81.012867,21879.09,568.00
81.115634,21879.09,568.00
81.218345,21879.09,568.00
81.320301,21879.09,568.00
81.422675,21879.09,568.00
81.525817,21879.09,568.00
81.628466,21879.09,568.00
81.730947,21879.09,568.00
81.833206,21879.09,568.00
81.935532,21879.09,568.00
82.038499,21879.09,568.00
82.142312,21879.09,568.00
82.245149,21879.09,568.00
82.346955,21879.09,568.00
82.448992,21990.27,568.00
82.551533,22268.72,568.00
82.653868,22534.71,568.00
82.754626,22684.33,742.00
82.855190,22684.33,736.00
82.955781,22684.33,652.00
83.056351,22684.33,610.00
83.156917,22684.33,736.00
83.257522,22684.33,736.00
83.358175,22684.33,588.00
83.458847,22684.33,652.00
83.559417,22684.33,736.00
83.660003,22684.33,582.00
83.760544,22684.33,736.00
83.861162,22684.33,708.00
83.961792,22684.33,722.00
84.062657,22684.33,610.00
84.163215,22684.33,736.00
84.263793,22684.33,680.00
84.364561,22684.33,582.00
84.465203,22684.33,722.00
84.565834,22684.33,736.00
84.666442,22684.33,638.00
84.766998,22684.33,736.00
84.867627,22684.33,736.00
84.968245,22684.33,568.00
85.068923,22684.33,638.00
85.169584,22684.33,736.00
85.270266,22684.33,624.00
85.370819,22684.33,736.00
85.471458,22684.33,568.00
85.572110,22684.33,672.00
85.672789,22684.33,736.00
85.773396,22684.33,596.00
85.874048,22684.33,638.00
85.974651,22684.33,736.00
86.075338,22684.33,624.00
86.175844,22684.33,736.00
86.276395,22684.33,708.00
86.377048,22684.33,652.00
86.477585,22684.33,736.00
86.578330,22684.33,722.00
86.678880,22684.33,602.00
86.779713,22684.33,574.00
86.880386,22684.33,574.00
86.980988,22684.33,574.00
87.081618,22684.33,574.00
87.182276,22684.33,574.00
87.282966,22684.33,574.00
87.385115,22684.33,574.00
87.487286,22684.33,574.00
87.588972,22684.33,574.00
87.691241,22684.33,574.00
87.793485,22684.33,574.00
87.895332,22684.33,574.00
87.997955,22684.33,574.00
88.100310,22684.33,574.00
88.201629,22684.33,574.00
88.303830,22684.33,574.00
88.406003,22684.33,574.00
88.508118,22684.33,574.00
88.610556,22684.33,574.00
88.712668,22684.33,574.00
88.814779,22684.33,574.00
88.917315,22684.33,574.00
89.019278,22684.33,574.00
89.121571,22684.33,574.00
89.223544,22684.33,574.00
89.325701,22684.33,574.00
89.427777,22684.33,574.00
89.529928,22684.33,574.00
89.631846,22684.33,574.00
89.733734,22684.33,574.00
89.835843,22684.33,574.00
89.938572,22684.33,574.00
90.040656,22684.33,574.00
90.143335,22684.33,574.00
90.245739,22684.33,574.00
90.347017,22684.33,574.00
90.449419,22684.33,574.00
90.551741,22684.33,574.00
90.653798,22684.33,574.00
90.754689,22684.33,640.00
90.855401,22684.33,598.00
90.956021,22684.33,740.00
91.056720,22684.33,614.00
91.157531,22684.33,752.00
91.258235,22684.33,738.00
91.358828,22684.33,738.00
91.459424,22684.33,668.00
91.560037,22684.33,654.00
91.660660,22684.33,598.00
91.761234,22684.33,740.00
91.861797,22684.33,738.00
91.962307,22684.33,702.00
92.062884,22684.33,740.00
92.163558,22633.54,744.00
92.264248,22633.54,738.00
92.364922,22633.54,710.00
92.465574,22633.54,584.00
92.566180,22633.54,754.00
92.666916,22633.54,640.00
92.767686,22633.54,640.00
92.868833,22633.54,640.00
92.969513,22633.54,744.00
93.070092,22633.54,738.00
93.170941,22633.54,668.00
93.271731,22633.54,654.00
93.372426,22633.54,752.00
93.473052,22633.54,652.00
93.573732,22633.54,584.00
93.674551,22633.54,726.00
93.775262,22633.54,732.00
93.875828,22633.54,738.00
93.976434,22633.54,724.00
94.077430,22633.54,598.00
94.178101,22633.54,752.00
94.278814,22633.54,752.00
94.379529,22633.54,752.00
94.480332,22633.54,570.00
94.581219,22633.54,570.00
94.682020,22633.54,570.00
94.782905,22633.54,570.00
94.883577,22633.54,570.00
94.984412,22633.54,570.00
95.086600,22633.55,570.00
95.191602,22633.55,570.00
95.295793,22633.55,570.00
95.398209,22633.55,570.00
95.500307,22633.55,570.00
95.604166,22633.55,570.00
95.705864,22633.55,570.00
95.808008,22633.55,570.00
95.910053,22633.55,570.00
96.012268,22633.55,570.00
96.114741,22633.55,570.00
96.217047,22633.55,570.00
96.319514,22633.55,570.00
96.421789,22633.55,570.00
96.560873,22633.55,570.00
96.663080,22633.55,570.00
96.765750,22633.55,570.00
96.868240,22633.55,570.00
96.970363,22633.55,570.00
97.072791,22633.55,570.00
97.175133,22633.55,570.00
97.277752,22633.55,570.00
97.379966,22633.55,570.00
97.482083,22633.55,570.00
97.584280,22633.55,570.00
97.686909,22633.55,570.00
97.788413,22633.55,570.00
97.890477,22633.55,570.00
97.992833,22633.55,570.00
98.094825,22633.55,570.00
98.196801,22633.55,570.00
98.299168,22633.55,570.00
98.399878,22633.55,778.00
98.500490,22633.55,772.00
98.601085,22633.55,780.00
98.701618,22633.55,780.00
98.802266,22633.55,780.00
98.902854,22633.55,688.00
99.003441,22633.55,594.00
99.104029,22633.55,772.00
99.204807,22633.55,780.00
99.305745,22633.55,778.00
99.406531,22633.55,656.00
99.507352,22633.55,780.00
99.608229,22633.55,670.00
99.708922,22633.55,766.00
99.809522,22633.55,772.00
99.910127,22633.55,772.00
100.010803,22633.55,772.00
100.111537,22633.55,668.00
100.212293,22633.55,778.00
100.312951,22633.55,702.00
100.413516,22633.56,772.00
100.514120,22633.56,778.00
100.614715,22633.56,780.00
100.715261,22633.56,646.00
100.815899,22633.56,664.00
100.916487,22633.56,770.00
101.017205,22633.56,780.00
101.117910,22633.56,628.00
101.218574,22633.56,772.00
101.319126,22633.56,772.00
101.419808,22633.56,684.00
101.520408,22633.56,702.00
101.620973,22633.56,780.00
101.721684,22633.56,650.00
101.822570,22633.56,762.00
101.923283,22633.56,602.00
102.024171,22633.56,766.00
102.124918,22633.56,770.00
102.225596,22633.56,606.00
102.326255,22633.56,600.00
102.426975,22633.56,600.00
102.527621,22633.56,600.00
102.628425,22633.56,600.00
102.729153,22633.56,600.00
102.829913,22633.56,600.00
102.930508,22633.56,600.00
103.032833,22633.56,600.00
103.134973,22633.56,600.00
103.237041,22633.56,600.00
103.338953,22633.56,600.00
103.441006,22633.56,600.00
103.542966,22633.56,600.00
103.644882,22633.56,600.00
103.747435,22633.56,600.00
103.848906,22633.56,600.00
103.951094,22633.56,600.00
104.052954,22633.56,600.00
104.154762,22633.56,600.00
104.257543,22633.56,600.00
104.359729,22633.56,600.00
104.461515,22633.56,600.00
104.562167,22633.56,588.00
104.662720,22633.56,624.00
104.763262,22633.56,652.00
104.863817,22633.56,666.00
104.964375,22633.56,554.00
105.065006,22633.56,610.00
105.165566,22633.56,708.00
105.266128,22633.56,582.00
105.366686,22633.56,596.00
105.467265,22633.56,652.00
105.567814,22645.54,690.00
105.668374,22645.54,598.00
105.769047,22645.54,626.00
105.869723,22645.54,738.00
105.970283,22645.54,640.00
106.070864,22645.54,738.00
106.171447,22645.54,626.00
106.272265,22645.54,640.00
106.372968,22645.54,640.00
106.473642,22645.54,598.00
106.574223,22645.54,654.00
106.674776,22645.54,598.00
106.775416,22645.54,612.00
106.876102,22645.54,626.00
106.976690,22645.54,584.00
107.077363,22645.54,584.00
107.178041,22645.54,584.00
107.278665,22645.54,584.00
107.381039,22645.54,584.00
107.483457,22645.54,584.00
107.585728,22645.54,584.00
107.687987,22645.54,584.00
107.790032,22645.54,584.00
107.892945,22645.54,584.00
107.994999,22645.54,584.00
108.096535,22645.54,584.00
108.199656,22645.54,584.00
108.301956,22645.54,584.00
108.404182,22645.54,584.00
108.506295,22645.54,584.00
108.608803,22645.54,584.00
108.711377,22645.54,584.00
108.813392,22645.54,584.00
108.915377,22645.54,584.00
109.017384,22645.54,584.00
109.120040,22645.54,584.00
109.222075,22645.54,584.00
109.324301,22657.89,584.00
109.426530,22770.10,584.00
109.528762,22944.66,584.00
109.630159,23106.74,584.00
109.732185,23231.43,584.00
109.834367,23331.17,584.00
109.937012,23443.38,584.00
110.039498,23617.94,584.00
110.142154,23755.09,584.00
110.244350,23917.18,584.00
110.346637,24029.39,584.00
110.448733,24129.14,584.00
110.551208,24253.82,584.00
110.653885,24415.91,584.00
110.754612,24453.43,710.00
110.855241,24453.43,752.00
110.955922,24453.43,626.00
111.056543,24490.71,682.00
111.157161,24537.52,740.00
111.257848,24582.60,752.00
111.358552,24640.33,752.00
111.459150,24691.30,752.00
111.559724,24727.61,596.00
111.660315,24777.48,738.00
111.760909,24814.89,738.00
111.861559,24848.62,754.00
111.962359,24902.16,610.00
112.063196,24939.57,752.00
112.163961,25014.38,724.00
112.264539,25044.64,752.00
112.365169,25074.88,752.00
112.465781,25151.53,648.00
112.566404,25164.00,746.00
112.667120,25188.93,760.00
112.767829,25238.80,648.00
112.868526,25276.21,760.00
112.969149,25301.15,760.00
113.069732,25338.55,676.00
113.170328,25363.49,746.00
113.271050,25407.95,752.00
113.371693,25463.23,584.00
113.472308,25500.64,724.00
113.572933,25525.27,754.00
113.673498,25562.98,760.00
113.774425,25600.38,748.00
113.875034,25600.38,746.00
113.975614,25600.38,634.00
114.076219,25600.38,746.00
114.176916,25600.38,648.00
114.277580,25600.38,746.00
114.378118,25600.38,620.00
114.478755,25600.38,710.00
114.579277,25600.38,748.00
114.680016,25600.38,580.00
114.780692,25600.38,580.00
114.881674,25600.38,580.00
114.982584,25612.85,580.00
115.083433,25625.32,580.00
115.184338,25625.32,580.00
115.286872,25625.32,580.00
115.388627,25625.32,580.00
115.490997,25625.32,580.00
115.593945,25625.32,580.00
115.696203,25625.32,580.00
115.798645,25625.32,580.00
115.901625,25625.32,580.00
116.003659,25625.32,580.00
116.105759,25625.32,580.00
116.208386,25625.32,580.00
116.310168,25625.32,580.00
116.412361,25625.32,580.00
116.514899,25625.32,580.00
116.617575,25625.32,580.00
116.719962,25625.32,580.00
116.822278,25625.32,580.00
116.924640,25625.32,580.00
117.027151,25625.32,580.00
117.130921,25625.32,580.00
117.232742,25625.32,580.00
117.334307,25625.32,580.00
117.436011,25625.32,580.00
117.537101,25625.32,580.00
117.641327,25625.32,580.00
117.743421,25625.32,580.00
117.845405,25625.32,580.00
117.946683,25625.32,580.00
118.050729,25625.32,580.00
118.153036,25625.32,580.00
118.255029,25625.32,580.00
118.357197,25625.32,580.00
118.459683,25625.32,580.00
118.562112,25625.32,580.00
118.664550,25625.32,580.00
118.766943,25625.32,580.00
118.867948,25625.32,760.00
118.968578,25625.32,682.00
119.069170,25625.32,768.00
119.169935,25625.32,760.00
119.270717,25625.32,666.00
119.371540,25625.32,754.00
119.472152,25625.32,754.00
119.572894,25625.32,684.00
119.673449,25625.32,586.00
119.774063,25625.32,724.00
119.874670,25625.32,668.00
119.975370,25625.32,754.00
120.076226,25625.32,654.00
120.177075,25625.32,768.00
120.277940,25625.32,668.00
120.378709,25625.32,754.00
120.479546,25625.32,768.00
120.580369,25625.32,600.00
120.681077,25625.32,592.00
120.782001,25625.32,656.00
120.883214,25625.32,754.00
120.984235,25625.32,754.00
121.085201,25625.32,754.00
121.186269,25625.32,628.00
121.286971,25625.32,754.00
121.387913,25625.32,620.00
121.488627,25625.32,634.00
121.589211,25625.32,768.00
121.689951,25625.32,586.00
121.790552,25625.32,754.00
121.891369,25625.32,662.00
121.992021,25625.32,692.00
122.092572,25625.32,762.00
122.193287,25625.32,652.00
122.293984,25625.32,650.00
122.394753,25625.32,762.00
122.495405,25625.32,762.00
122.596273,25625.32,678.00
122.696992,25625.32,762.00
122.797680,25625.32,608.00
122.898286,25625.32,608.00
122.998912,25625.32,608.00
123.099703,25575.57,608.00
123.200383,25575.57,608.00
123.301040,25575.57,608.00
123.403235,25575.57,608.00
123.505802,25575.57,608.00
123.607565,25575.57,608.00
123.710106,25575.57,608.00
123.813228,25575.57,608.00
123.915597,25575.57,608.00
124.018228,25575.57,608.00
124.120621,25575.57,608.00
124.222843,25575.57,608.00
124.324812,25575.57,608.00
124.426571,25575.57,608.00
124.528530,25575.57,608.00
124.630692,25575.57,608.00
124.733190,25575.57,608.00
124.842177,25575.57,608.00
124.944915,25575.57,608.00
125.047170,25575.57,608.00
125.149491,25575.57,608.00
125.252022,25575.57,608.00
125.354399,25575.57,608.00
125.456795,25575.57,608.00
125.559375,25575.57,608.00
125.661556,25575.57,608.00
125.764093,25575.57,608.00
125.866572,25575.57,608.00
125.969206,25575.57,608.00
126.071260,25575.57,608.00
126.173718,25575.57,608.00
126.276021,25575.57,608.00
126.378394,25575.57,608.00
126.479195,25575.57,782.00
126.579880,25575.57,782.00
126.680433,25575.57,712.00
126.781063,25575.57,666.00
126.881642,25575.57,788.00
126.982285,25575.57,782.00
127.082849,25575.57,726.00
127.183414,25575.57,782.00
127.283958,25575.57,782.00
127.384518,25575.57,768.00
127.485113,25575.57,782.00
127.585722,25575.57,782.00
127.686319,25575.57,782.00
127.786975,25575.57,766.00
127.887818,25575.57,624.00
127.988490,25575.57,610.00
128.089229,25575.57,698.00
128.189776,25575.57,768.00
128.290353,25575.57,668.00
128.390979,25575.57,584.00
128.491633,25575.57,768.00
128.592178,25575.58,782.00
128.692733,25575.58,774.00
128.793249,25575.58,782.00
128.893956,25575.58,740.00
128.994640,25575.58,768.00
129.095364,25575.58,642.00
129.195946,25575.58,774.00
129.296445,25575.58,626.00
129.397069,25575.58,782.00
129.497674,25575.58,656.00
129.598256,25575.58,768.00
129.699082,25575.58,684.00
129.799881,25575.58,782.00
129.900762,25575.58,794.00
130.001601,25575.58,660.00
130.102172,25575.58,632.00
130.202887,25575.58,786.00
130.303529,25575.58,768.00
130.404389,25575.58,654.00
130.505096,25575.58,600.00
130.605818,25575.58,740.00
130.706524,25575.58,768.00
130.807243,25575.58,584.00
130.907769,25575.58,584.00
131.008430,25575.58,584.00
131.109056,25575.58,584.00
131.209721,25525.71,584.00
131.310378,25525.71,584.00
131.412310,25525.71,584.00
131.514680,25525.71,584.00
131.616845,25525.71,584.00
131.719667,25525.71,584.00
131.821845,25525.71,584.00
131.924019,25525.71,584.00
132.026320,25525.71,584.00
132.128441,25525.71,584.00
132.230926,25525.71,584.00
132.333039,25525.71,584.00
132.434924,25525.71,584.00
132.537009,25525.71,584.00
132.638548,25525.71,584.00
132.740583,25525.71,584.00
132.843065,25525.71,584.00
132.945145,25525.71,584.00
133.047259,25525.71,584.00
133.149404,25525.71,584.00
133.251516,25525.71,584.00
133.353661,25525.71,584.00
133.455559,25525.71,584.00
133.557924,25525.71,584.00
133.660320,25525.71,584.00
133.762476,25525.71,584.00
133.863440,25525.71,648.00
133.964411,25525.71,676.00
134.065307,25525.71,746.00
134.166055,25525.71,648.00
134.266925,25525.71,584.00
134.367684,25525.71,640.00
134.468786,25525.71,634.00
134.570187,25525.71,606.00
134.671507,25525.71,620.00
134.772331,25525.71,592.00
134.873182,25525.71,654.00
134.973852,25525.71,606.00
135.074412,25525.71,682.00
135.174970,25525.71,732.00
135.275558,25525.71,640.00
135.376242,25525.71,620.00
135.476926,25525.71,606.00
135.577491,25525.71,578.00
135.678195,25525.71,690.00
135.779058,25525.71,738.00
135.879703,25525.71,648.00
135.980294,25525.71,710.00
136.081149,25525.71,634.00
136.181780,25525.71,620.00
136.282489,25525.71,620.00
136.383258,25525.71,564.00
136.483899,25525.71,578.00
136.584532,25525.71,578.00
136.685123,25525.71,578.00
136.785730,25525.71,578.00
136.888498,25525.72,578.00
136.990975,25525.72,578.00
137.093498,25525.72,578.00
137.195945,25525.72,578.00
137.298588,25525.72,578.00
137.400948,25525.72,578.00
137.503197,25525.72,578.00
137.605174,25525.72,578.00
137.707472,25525.72,578.00
137.809726,25525.72,578.00
137.912212,25525.72,578.00
138.014212,25525.72,578.00
138.117180,25525.72,578.00
138.219603,25525.72,578.00
138.322055,25525.72,578.00
138.424571,25525.72,578.00
138.526795,25525.72,578.00
138.629542,25525.72,578.00
138.732269,25525.72,578.00
138.834844,25525.72,578.00
138.937424,25525.72,578.00
139.040643,25525.72,578.00
139.143235,25525.72,578.00
139.245318,25525.72,578.00
139.348257,25525.72,578.00
139.450376,25525.72,578.00
139.553000,25525.72,578.00
139.655690,25525.72,578.00
139.758223,25525.72,578.00
139.864235,25525.72,578.00
139.966350,25525.72,578.00
140.069192,25525.72,578.00
140.170261,25525.72,738.00
140.271058,25525.72,746.00
140.371784,25525.72,746.00
140.472668,25525.72,620.00
140.573426,25525.72,746.00
140.674167,25525.72,746.00
140.775035,25525.72,648.00
140.875826,25525.72,752.00
140.976555,25525.72,746.00
141.077281,25525.72,690.00
141.177996,25525.72,606.00
141.278712,25525.72,746.00
141.379426,25525.72,746.00
141.480284,25525.72,746.00
141.581203,25525.72,676.00
141.681955,25525.72,758.00
141.782702,25525.72,746.00
141.883463,25525.72,760.00
141.984224,25525.72,760.00
142.085042,25525.72,648.00
142.185773,25525.72,662.00
142.286485,25525.72,732.00
142.387137,25525.72,774.00
142.487691,25525.72,746.00
142.588413,25525.72,668.00
142.689040,25525.72,718.00
142.789610,25525.72,760.00
142.890175,25525.72,648.00
142.990774,25525.72,746.00
143.091358,25525.72,760.00
143.192069,25525.72,746.00
143.292752,25525.72,620.00
143.393372,25525.72,654.00
143.494044,25525.72,718.00
143.594658,25525.72,662.00
143.695381,25525.72,760.00
143.795984,25525.72,620.00
143.896546,25525.72,746.00
143.997191,25525.72,676.00
144.097741,25525.72,746.00
144.198440,25525.72,592.00
144.299127,25525.72,592.00
144.399857,25525.72,592.00
144.500662,25525.72,592.00
144.601548,25525.72,592.00
144.702556,25475.85,592.00
144.804884,25475.85,592.00
144.907786,25475.85,592.00
145.010313,25475.85,592.00
145.112785,25475.85,592.00
145.214908,25475.85,592.00
145.317182,25475.85,592.00
145.419908,25475.85,592.00
145.522356,25475.85,592.00
145.624186,25475.85,592.00
145.726619,25475.85,592.00
145.828917,25475.85,592.00
145.931072,25475.85,592.00
146.033597,25475.85,592.00
146.135796,25475.85,592.00
146.238146,25475.85,592.00
146.340760,25475.85,592.00
146.443175,25475.85,592.00
146.545475,25475.85,592.00
146.647895,25475.85,592.00
146.750056,25475.85,592.00
146.851231,25475.85,592.00
146.953404,25475.85,592.00
147.055965,25475.85,592.00
147.158917,25475.85,592.00
147.261538,25475.85,592.00
147.363914,25475.85,592.00
147.466190,25475.85,592.00
147.568570,25475.85,592.00
147.671276,25475.85,592.00
147.773489,25475.85,592.00
147.875769,25475.85,592.00
147.978373,25475.85,592.00
148.079157,25475.85,768.00
148.179751,25475.85,764.00
148.280332,25475.85,762.00
148.380954,25475.85,676.00
148.481527,25475.85,664.00
148.582158,25475.85,764.00
148.682741,25475.85,670.00
148.783417,25475.85,762.00
148.884055,25475.85,594.00
148.984853,25475.85,764.00
149.085412,25475.85,762.00
149.186088,25475.85,678.00
149.286707,25475.85,768.00
149.387435,25475.85,762.00
149.488015,25475.85,588.00
149.588780,25475.85,748.00
149.689503,25475.85,722.00
149.790039,25475.85,750.00
149.890653,25475.85,652.00
149.991339,25475.85,750.00
150.092063,25475.85,778.00
150.192624,25475.85,764.00
150.293288,25475.85,722.00
150.393910,25475.85,680.00
150.494426,25475.85,624.00
150.595226,25475.85,686.00
150.695874,25475.85,686.00
150.796672,25425.98,770.00
150.897499,25425.98,762.00
150.998150,25425.98,750.00
151.099020,25425.98,692.00
151.199850,25425.98,728.00
151.301280,25425.98,770.00
151.402469,25425.98,778.00
151.503420,25425.98,764.00
151.604256,25425.98,764.00
151.705123,25425.98,764.00
151.807116,25425.98,596.00
151.908351,25425.98,596.00
152.009562,25425.98,596.00
152.110699,25425.98,596.00
152.211552,25425.98,596.00
152.312723,25425.98,596.00
152.413802,25425.98,596.00
152.515298,25425.98,596.00
152.618488,25425.98,596.00
152.719286,25425.98,596.00
152.821185,25425.98,596.00
152.923818,25425.98,596.00
153.025746,25425.98,596.00
153.127230,25425.98,596.00
153.228814,25425.98,596.00
153.330746,25425.98,596.00
153.432771,25425.98,596.00
153.535669,25425.98,596.00
153.637624,25425.98,596.00
153.739130,25425.98,596.00
153.841211,25425.98,596.00
153.943585,25425.98,596.00
154.045327,25425.98,596.00
154.147668,25425.98,596.00
154.249922,25425.98,596.00
154.352161,25425.98,596.00
154.454066,25425.98,596.00
154.556011,25425.98,596.00
154.657824,25425.98,596.00
154.759865,25425.98,596.00
154.862329,25425.98,596.00
154.966140,25425.98,596.00
155.068507,25425.98,596.00
155.170842,25425.98,596.00
155.272952,25425.98,596.00
155.374311,25425.98,596.00
155.476935,25425.98,596.00
155.579140,25425.98,596.00
155.681245,25425.98,596.00
155.781970,25425.98,648.00
155.882658,25425.98,796.00
155.983211,25425.98,668.00
156.083802,25425.98,716.00
156.184871,25425.98,804.00
156.285524,25425.98,634.00
156.386222,25425.98,742.00
156.486796,25425.98,802.00
156.587759,25425.98,682.00
156.688435,25425.98,760.00
156.789100,25425.98,710.00
156.889844,25425.98,718.00
156.990385,25425.98,666.00
157.091005,25425.98,796.00
157.191556,25425.98,798.00
157.292328,25425.98,766.00
157.392906,25425.98,712.00
157.493665,25425.98,684.00
157.594202,25425.98,806.00
157.694995,25425.98,648.00
157.795626,25425.98,792.00
157.896211,25425.98,798.00
157.996770,25425.98,796.00
158.097506,25425.98,628.00
158.198112,25425.98,698.00
158.298821,25425.98,798.00
158.399379,25425.98,794.00
158.500012,25425.98,798.00
158.600694,25425.98,614.00
158.701373,25425.98,698.00
158.802030,25425.99,804.00
158.902617,25425.99,690.00
159.003230,25425.99,798.00
159.103763,25425.99,802.00
159.204464,25425.99,692.00
159.305072,25425.99,714.00
159.405621,25425.99,802.00
159.506176,25425.99,700.00
159.606775,25425.99,696.00
159.707270,25425.99,802.00
159.807991,25425.99,630.00
159.908645,25425.99,646.00
160.009352,25425.99,646.00
160.110170,25425.99,646.00
160.210754,25425.99,646.00
160.311386,25376.12,646.00
160.412019,25376.12,646.00
160.513906,25376.12,646.00
160.616100,25376.12,646.00
160.718590,25376.12,646.00
160.821051,25376.12,646.00
160.923325,25376.12,646.00
161.025718,25376.12,646.00
161.127555,25376.12,646.00
161.230090,25376.12,646.00
161.332213,25376.12,646.00
161.433978,25376.12,646.00
161.536676,25376.12,646.00
161.638659,25376.12,646.00
161.741351,25376.12,646.00
161.843509,25376.12,646.00
161.946006,25376.12,646.00
162.046987,25376.12,734.00
162.147494,25376.12,628.00
162.248045,25376.12,642.00
162.348625,25376.12,586.00
162.449288,25376.12,628.00
162.550262,25376.12,740.00
162.651042,25376.12,642.00
162.751798,25376.12,740.00
162.852884,25376.12,642.00
162.953469,25376.12,642.00
163.054116,25376.12,642.00
163.154750,25376.12,726.00
163.255297,25376.12,740.00
163.355866,25376.12,740.00
163.456397,25376.12,670.00
163.556989,25376.12,740.00
163.657556,25376.12,740.00
163.758171,25376.12,628.00
163.858854,25376.12,642.00
163.959835,25376.12,656.00
164.060498,25376.12,656.00
164.161241,25376.12,740.00
164.261917,25376.12,740.00
164.362571,25376.12,740.00
164.463368,25376.12,656.00
164.564098,25376.12,572.00
164.664718,25376.12,572.00
164.765459,25376.12,572.00
164.867155,25376.12,572.00
164.975880,25376.12,572.00
165.078016,25376.12,572.00
165.180212,25376.12,572.00
165.282471,25376.12,572.00
165.384545,25376.12,572.00
165.486808,25376.12,572.00
165.588658,25376.12,572.00
165.691094,25376.12,572.00
165.793229,25376.12,572.00
165.895712,25376.12,572.00
165.997849,25376.12,572.00
166.100583,25376.12,572.00
166.202738,25376.12,572.00
166.304835,25376.12,572.00
166.406705,25376.12,572.00
166.508877,25376.12,572.00
166.611223,25376.12,572.00
166.713716,25376.12,572.00
166.815827,25376.12,572.00
166.918208,25376.12,572.00
167.019774,25376.12,572.00
167.121507,25376.12,572.00
167.223870,25376.12,572.00
167.326005,25376.12,572.00
167.428020,25376.12,572.00
167.530715,25376.12,572.00
167.632710,25376.12,572.00
167.734892,25376.12,572.00
167.836823,25376.12,572.00
167.940724,25376.12,572.00
168.043007,25376.12,572.00
168.145030,25376.12,572.00
168.247090,25376.12,572.00
168.347911,25376.12,754.00
168.448525,25376.12,740.00
168.549443,25376.12,670.00
168.650081,25376.12,684.00
168.750724,25376.12,740.00
168.851306,25376.12,726.00
168.951913,25376.12,698.00
169.052521,25376.12,748.00
169.153382,25376.12,678.00
169.253982,25376.12,748.00
169.354615,25376.12,776.00
169.455174,25376.12,664.00
169.555698,25376.12,754.00
169.656247,25376.12,762.00
169.756978,25376.12,762.00
169.857910,25376.12,748.00
169.958589,25376.12,762.00
170.059306,25376.12,622.00
170.159895,25376.12,762.00
170.260460,25376.12,664.00
170.361237,25376.12,748.00
170.461856,25376.12,748.00
170.562667,25376.12,748.00
170.663432,25376.12,748.00
170.764285,25376.12,678.00
170.864930,25376.12,748.00
170.965619,25376.12,664.00
171.066357,25376.12,748.00
171.167003,25376.12,748.00
171.267771,25376.12,748.00
171.368426,25376.12,720.00
171.469049,25376.12,748.00
171.569761,25376.12,748.00
171.670312,25376.12,580.00
171.770857,25326.24,580.00
171.871399,25326.24,580.00
171.972104,25326.24,580.00
172.072786,25326.24,580.00
172.173546,25326.24,580.00
172.276188,25326.24,580.00
172.378499,25326.24,580.00
172.480885,25326.24,580.00
172.583195,25326.24,580.00
172.685528,25326.24,580.00
172.787560,25326.24,580.00
172.889883,25326.24,580.00
172.992010,25326.24,580.00
173.094431,25326.24,580.00
173.196906,25326.24,580.00
173.299492,25326.24,580.00
173.401594,25326.24,580.00
173.504046,25326.24,580.00
173.606517,25326.24,580.00
173.708947,25326.24,580.00
173.811407,25326.24,580.00
173.913917,25326.24,580.00
174.016193,25326.24,580.00
174.118892,25326.24,580.00
174.221167,25326.24,580.00
174.323169,25326.24,580.00
174.425414,25326.24,580.00
174.527921,25326.24,580.00
174.630524,25326.24,580.00
174.732841,25326.24,580.00
174.835143,25326.24,580.00
174.937237,25326.24,580.00
175.039927,25326.24,580.00
175.142631,25326.24,580.00
175.244929,25326.24,580.00
175.346947,25326.24,580.00
175.449373,25326.24,580.00
175.550149,25326.24,746.00
175.650795,25326.24,642.00
175.751440,25326.24,656.00
175.852149,25326.24,740.00
175.953131,25326.24,754.00
176.057313,25326.24,754.00
176.158265,25326.24,614.00
176.259676,25326.24,670.00
176.360498,25326.24,650.00
176.461309,25326.24,664.00
176.561868,25326.24,608.00
176.662393,25326.24,768.00
176.763045,25326.24,670.00
176.863957,25326.24,636.00
176.964856,25326.24,678.00
177.065530,25326.24,594.00
177.166315,25326.24,670.00
177.267148,25326.24,762.00
177.367744,25326.24,734.00
177.468326,25326.24,748.00
177.568811,25326.24,622.00
177.669593,25326.24,650.00
177.770229,25326.24,650.00
177.870815,25326.24,762.00
177.971425,25326.24,650.00
178.072173,25326.24,762.00
178.172732,25326.24,762.00
178.273284,25326.24,762.00
178.373819,25326.24,762.00
178.474361,25326.24,776.00
178.575077,25326.24,748.00
178.675700,25326.24,762.00
178.776266,25326.24,762.00
178.876910,25326.24,664.00
178.977473,25326.24,754.00
179.078067,25326.24,698.00
179.178805,25326.24,600.00
179.279424,25326.24,600.00
179.380110,25326.24,600.00
179.480755,25276.37,600.00
179.581424,25276.37,600.00
179.682128,25276.37,600.00
179.784349,25276.37,600.00
179.890221,25276.37,600.00
179.992767,25276.37,600.00
180.094774,25276.37,600.00
180.197500,25276.37,600.00
180.299123,25276.37,600.00
180.401388,25276.37,600.00
180.503936,25276.37,600.00
180.606960,25276.37,600.00
180.709809,25276.37,600.00
180.814414,25276.37,600.00
180.916546,25276.37,600.00
181.018942,25276.37,600.00
181.121720,25276.37,600.00
181.224425,25276.37,600.00
181.326845,25276.37,600.00
181.429098,25276.37,600.00
181.531562,25276.37,600.00
181.634254,25276.37,600.00
181.736877,25276.37,600.00
181.839056,25276.37,600.00
181.941293,25276.37,600.00
182.043227,25276.37,600.00
182.145486,25276.37,600.00
182.247850,25276.37,600.00
182.349968,25276.37,600.00
182.452376,25276.37,600.00
182.554977,25276.37,600.00
182.657600,25276.37,600.00
182.758412,25276.37,668.00
182.858986,25276.38,774.00
182.959601,25276.38,768.00
183.060207,25276.38,768.00
183.160831,25276.38,680.00
183.261459,25276.38,636.00
183.361975,25276.38,666.00
183.462517,25276.38,768.00
183.563179,25276.38,766.00
183.663914,25276.38,742.00
183.764514,25276.38,766.00
183.865098,25276.38,774.00
183.965657,25276.38,662.00
184.066325,25276.38,626.00
184.166852,25276.38,626.00
184.267514,25276.38,696.00
184.368223,25276.38,754.00
184.468801,25276.38,780.00
184.569326,25276.38,768.00
184.669954,25276.38,768.00
184.770655,25276.38,782.00
184.871444,25276.38,738.00
184.972136,25276.38,782.00
185.072826,25276.38,780.00
185.173376,25276.38,782.00
185.273995,25276.38,774.00
185.374629,25276.38,782.00
185.475339,25276.38,648.00
185.576152,25276.38,774.00
185.676882,25276.38,782.00
185.777593,25276.38,698.00
185.878325,25276.38,768.00
185.978952,25276.38,782.00
186.079518,25276.38,768.00
186.180116,25276.38,782.00
186.280724,25276.38,782.00
186.381359,25276.38,768.00
186.481949,25276.38,774.00
186.582703,25276.38,670.00
186.683271,25276.38,796.00
186.783902,25276.38,768.00
186.884520,25276.38,782.00
186.985216,25276.38,600.00
187.085931,25276.38,600.00
187.187438,25276.38,600.00
187.288200,25276.38,600.00
187.389067,25276.38,600.00
187.489938,25276.38,600.00
187.591013,25276.38,600.00
187.693475,25276.38,600.00
187.795551,25276.38,600.00
187.897827,25276.38,600.00
188.000319,25276.38,600.00
188.102671,25276.38,600.00
188.205107,25276.38,600.00
188.307478,25276.38,600.00
188.410923,25276.38,600.00
188.512714,25276.38,600.00
188.614871,25276.38,600.00
188.717275,25276.38,600.00
188.822266,25276.38,600.00
188.923365,25276.38,600.00
189.027736,25276.38,600.00
189.130180,25276.38,600.00
189.233356,25276.38,600.00
189.335443,25276.38,600.00
189.438082,25276.38,600.00
189.540463,25276.38,600.00
189.643003,25276.38,600.00
189.745718,25276.38,600.00
189.849858,25276.38,600.00
189.952546,25276.38,600.00
190.055652,25276.38,600.00
190.157531,25276.38,600.00
190.258316,25276.38,748.00
190.358962,25276.38,734.00
190.459657,25276.38,608.00
190.560308,25276.38,740.00
190.661009,25276.38,600.00
190.761645,25276.38,698.00
190.862242,25276.38,628.00
190.962849,25276.38,600.00
191.063484,25276.38,754.00
191.164073,25276.38,740.00
191.264695,25276.38,614.00
191.365279,25276.38,600.00
191.465887,25276.38,740.00
191.566464,25276.38,740.00
191.667185,25276.38,740.00
191.767890,25276.38,600.00
191.868571,25276.38,642.00
191.969221,25276.38,740.00
192.069863,25276.38,740.00
192.170590,25276.38,642.00
192.271259,25276.38,670.00
192.371829,25276.38,614.00
192.472740,25276.38,740.00
192.573418,25276.38,586.00
192.674360,25276.38,740.00
192.775063,25276.38,656.00
192.875853,25276.38,740.00
192.976645,25276.38,740.00
193.077498,25276.38,740.00
193.178448,25276.38,572.00
193.279420,25276.38,572.00
193.380308,25276.38,572.00
193.481196,25276.38,572.00
193.582283,25276.38,572.00
193.684921,25226.50,572.00
193.786974,25226.50,572.00
193.890051,25226.50,572.00
193.992778,25226.50,572.00
194.095904,25226.50,572.00
194.198284,25226.50,572.00
194.300431,25226.50,572.00
194.403166,25226.50,572.00
194.506166,25226.50,572.00
194.608997,25226.50,572.00
194.711100,25226.50,572.00
194.812893,25226.50,572.00
194.915353,25226.50,572.00
195.017812,25226.50,572.00
195.120579,25226.50,572.00
195.223763,25226.50,572.00
195.327083,25226.50,572.00
195.429796,25226.50,572.00
195.532143,25226.50,572.00
195.634692,25226.50,572.00
195.736400,25226.50,572.00
195.839028,25226.50,572.00
195.942039,25226.50,572.00
196.044502,25226.50,572.00
196.147080,25226.50,572.00
196.249321,25226.50,572.00
196.351879,25226.50,572.00
196.454589,25226.50,572.00
196.556893,25226.50,572.00
196.659216,25226.50,572.00
196.762000,25226.50,572.00
196.867041,25226.50,572.00
196.969474,25226.50,572.00
197.071908,25226.50,572.00
197.174429,25226.50,572.00
197.275224,25226.50,606.00
197.375877,25226.50,740.00
197.476407,25226.50,754.00
197.576982,25226.50,754.00
197.677805,25226.50,656.00
197.778357,25226.50,740.00
197.878910,25226.50,642.00
197.979451,25226.50,746.00
198.080158,25226.50,606.00
198.180765,25226.50,606.00
198.281348,25226.50,690.00
198.381925,25226.50,760.00
198.482482,25226.50,718.00
198.583092,25226.50,648.00
198.683758,25226.50,606.00
198.784314,25226.50,746.00
198.884985,25226.50,704.00
198.985589,25226.50,746.00
199.086238,25226.50,634.00
199.186890,25226.50,690.00
199.287462,25226.50,746.00
199.388599,25226.50,760.00
199.489218,25226.50,606.00
199.589772,25226.50,760.00
199.690583,25226.50,746.00
199.791337,25226.50,634.00
199.891993,25226.50,746.00
199.992637,25226.50,676.00
200.093191,25226.50,746.00
200.193773,25226.50,746.00
200.294344,25226.50,746.00
200.395115,25226.50,662.00
200.495906,25226.50,746.00
200.596480,25226.50,634.00
200.697087,25226.50,592.00
200.797743,25226.50,592.00
200.898360,25226.50,592.00
200.999066,25226.50,592.00
201.099813,25226.50,592.00
201.200469,25226.50,592.00
201.301107,25226.50,592.00
201.401692,25226.50,592.00
201.503921,25226.50,592.00
201.605349,25226.50,592.00
201.710063,25226.50,592.00
201.811974,25226.50,592.00
201.913707,25226.50,592.00
202.017189,25226.50,592.00
202.121294,25226.50,592.00
202.226426,25226.50,592.00
202.329641,25226.50,592.00
202.433498,25226.50,592.00
202.537940,25226.50,592.00
202.642363,25226.50,592.00
202.744782,25226.50,592.00
202.846146,25226.50,592.00
202.947683,25226.50,592.00
203.049624,25226.50,592.00
203.152705,25226.50,592.00
203.255307,25226.50,592.00
203.357669,25226.50,592.00
203.460949,25226.50,592.00
203.563287,25226.50,592.00
203.666142,25226.50,592.00
203.770345,25226.50,592.00
203.872981,25226.50,592.00
203.975423,25226.50,592.00
204.077491,25226.50,592.00
204.180038,25226.50,592.00
204.282631,25226.50,592.00
204.385876,25226.50,592.00
204.488304,25226.50,592.00
204.591437,25226.50,592.00
204.693687,25226.50,592.00
204.795943,25226.50,592.00
204.898048,25226.50,592.00
205.000519,25226.50,592.00
205.103005,25226.50,592.00
205.205161,25226.50,592.00
205.305919,25226.50,622.00
205.406506,25226.50,762.00
205.507100,25226.50,678.00
205.607693,25226.50,774.00
205.708328,25226.50,768.00
205.809116,25226.50,678.00
205.909913,25226.50,776.00
206.010616,25226.50,624.00
206.111247,25226.50,764.00
206.211814,25226.50,624.00
206.312444,25226.50,666.00
206.413005,25226.50,764.00
206.513604,25226.50,700.00
206.614210,25226.50,764.00
206.715014,25226.50,680.00
206.815673,25226.50,666.00
206.916407,25226.50,652.00
207.017051,25226.50,736.00
207.117610,25226.50,756.00
207.218207,25226.50,708.00
207.318868,25226.50,652.00
207.419464,25226.50,736.00
207.520047,25226.50,624.00
207.620632,25226.50,616.00
207.721288,25226.50,756.00
207.822167,25226.50,764.00
207.923023,25226.50,700.00
208.023975,25226.50,666.00
208.124946,25226.50,624.00
208.226112,25226.50,694.00
208.326747,25226.50,680.00
208.427363,25226.50,610.00
208.527952,25226.50,630.00
208.628624,25226.50,764.00
208.729416,25226.50,764.00
208.830177,25226.50,778.00
208.930874,25226.50,638.00
209.031665,25226.50,582.00
209.132327,25226.50,582.00
209.232963,25226.50,582.00
209.333572,25226.50,582.00
209.434256,25226.50,582.00
209.534850,25226.50,582.00
209.635723,25226.50,582.00
209.736404,25176.63,582.00
209.839620,25176.63,582.00
209.942694,25176.63,582.00
210.045207,25176.63,582.00
210.146255,25176.63,582.00
210.249749,25176.63,582.00
210.351303,25176.63,582.00
210.454685,25176.63,582.00
210.557407,25176.63,582.00
210.660096,25176.63,582.00
210.762730,25176.63,582.00
210.864814,25176.63,582.00
210.966483,25176.63,582.00
211.069304,25176.63,582.00
211.171658,25176.63,582.00
211.273959,25176.63,582.00
211.376010,25176.63,582.00
211.477884,25176.63,582.00
211.580340,25176.63,582.00
211.682482,25176.63,582.00
211.784526,25176.63,582.00
211.886904,25176.63,582.00
211.989399,25176.63,582.00
212.092014,25176.63,582.00
212.194517,25176.63,582.00
212.296956,25176.63,582.00
212.398848,25176.63,582.00
212.501687,25176.63,582.00
212.604157,25176.63,582.00
212.706983,25176.63,582.00
212.809558,25176.63,582.00
212.912246,25176.63,582.00
213.014752,25176.63,582.00
213.117192,25176.63,582.00
213.219740,25176.63,582.00
213.320527,25176.63,704.00
213.421200,25176.63,794.00
213.521852,25176.63,626.00
213.622472,25176.63,794.00
213.723075,25176.63,712.00
213.823689,25176.63,804.00
213.924281,25176.63,794.00
214.024926,25176.63,698.00
214.125483,25176.63,800.00
214.226166,25176.63,630.00
214.326710,25176.63,714.00
214.427249,25176.63,798.00
214.527867,25176.63,796.00
214.628422,25176.63,650.00
214.728951,25176.63,762.00
214.829524,25176.63,790.00
214.930125,25176.63,630.00
215.030722,25176.63,742.00
215.131315,25176.63,700.00
215.231902,25176.63,636.00
215.332492,25176.63,796.00
215.433080,25176.63,630.00
215.533737,25176.63,798.00
215.634445,25176.63,698.00
215.735051,25176.64,790.00
215.835925,25176.63,672.00
215.936519,25176.63,796.00
216.037163,25176.63,708.00
216.137843,25176.63,800.00
216.238520,25176.63,636.00
216.339101,25176.63,796.00
216.439704,25176.64,796.00
216.540542,25176.64,674.00
216.641189,25176.64,796.00
216.742003,25176.64,774.00
216.842574,25176.64,770.00
216.943160,25176.64,788.00
217.043873,25176.64,622.00
217.144567,25176.64,632.00
217.245315,25176.64,632.00
217.346390,25176.64,632.00
217.447304,25176.64,632.00
217.548251,25176.64,632.00
217.649034,25176.64,632.00
217.749794,25176.64,632.00
217.851550,25176.64,632.00
217.953634,25176.64,632.00
218.055876,25176.64,632.00
218.158881,25176.64,632.00
218.261230,25176.64,632.00
218.363572,25176.64,632.00
218.465763,25176.64,632.00
218.572200,25176.64,632.00
218.674719,25176.64,632.00
218.777462,25176.64,632.00
218.878714,25176.64,632.00
218.981635,25176.64,632.00
219.087821,25176.64,632.00
219.188875,25176.64,632.00
219.292898,25176.64,632.00
219.393594,25176.64,690.00
219.494186,25176.64,718.00
219.594756,25176.64,564.00
219.695339,25176.64,676.00
219.796043,25126.77,620.00
219.896700,25126.77,654.00
219.997448,25126.77,578.00
220.098032,25126.77,634.00
220.198747,25126.77,550.00
220.299529,25126.77,606.00
220.400486,25126.77,564.00
220.501306,25126.77,668.00
220.601985,25126.77,738.00
220.702669,25126.77,606.00
220.803319,25126.77,592.00
220.903924,25126.77,648.00
221.004783,25126.77,648.00
221.105391,25126.77,690.00
221.206109,25126.77,606.00
221.306702,25126.77,724.00
221.407284,25126.77,640.00
221.508603,25126.77,640.00
221.609875,25126.77,640.00
221.711096,25126.77,738.00
221.812172,25126.77,606.00
221.912749,25126.77,578.00
222.013354,25126.77,620.00
222.114048,25126.77,662.00
222.214671,25126.77,592.00
222.315326,25126.77,648.00
222.416332,25126.77,732.00
222.517204,25126.77,550.00
222.618294,25126.77,550.00
222.719475,25126.77,550.00
222.822081,25126.77,550.00
222.923471,25126.77,550.00
223.027688,25126.77,550.00
223.128774,25126.77,550.00
223.229881,25126.77,550.00
223.334948,25126.77,550.00
223.437761,25126.77,550.00
223.540938,25126.77,550.00
223.646652,25126.77,550.00
223.751319,25126.77,550.00
223.853414,25126.77,550.00
223.955742,25126.77,550.00
224.060998,25126.77,550.00
224.164224,25126.77,550.00
224.266390,25126.77,550.00
224.369336,25126.77,550.00
224.471616,25126.77,550.00
224.574749,25126.77,550.00
224.678324,25126.77,550.00
224.781413,25126.77,550.00
224.884842,25126.77,550.00
224.988870,25126.77,550.00
225.091754,25126.77,550.00
225.194309,25126.77,550.00
225.297128,25126.77,550.00
225.399467,25126.77,550.00
225.502085,25126.77,550.00
225.604511,25126.77,550.00
225.706708,25126.77,550.00
225.809155,25126.77,550.00
225.911851,25126.77,550.00
226.014100,25126.77,550.00
226.116533,25126.77,550.00
226.219219,25126.77,550.00
226.321809,25126.77,550.00
226.422519,25126.77,772.00
226.523015,25126.77,654.00
226.623579,25126.77,682.00
226.724130,25126.77,752.00
226.824687,25126.77,758.00
226.925381,25126.77,668.00
227.026303,25126.77,668.00
227.126972,25126.77,668.00
227.227524,25126.77,612.00
227.328153,25126.77,668.00
227.428704,25126.77,752.00
227.529257,25126.77,638.00
227.629887,25126.77,752.00
227.730651,25126.77,752.00
227.831983,25126.77,762.00
227.932587,25126.77,760.00
228.033123,25126.77,620.00
228.133725,25126.77,746.00
228.234278,25126.77,760.00
228.334867,25126.77,762.00
228.435519,25126.77,760.00
228.536329,25126.77,746.00
228.636959,25126.77,634.00
228.737588,25126.77,746.00
228.838216,25126.77,746.00
228.938852,25126.77,718.00
229.039460,25126.77,594.00
229.140159,25126.77,748.00
229.240831,25126.77,734.00
229.341548,25126.77,664.00
229.442293,25126.77,650.00
229.543101,25126.77,626.00
229.643791,25126.77,748.00
229.744430,25126.77,642.00
229.845173,25126.77,612.00
229.945943,25126.77,612.00
230.046634,25126.77,612.00
230.147262,25126.77,612.00
230.248052,25126.77,612.00
230.348977,25126.77,612.00
230.451272,25126.77,612.00
230.553596,25126.77,612.00
230.656080,25126.77,612.00
230.758570,25126.77,612.00
230.863909,25126.77,612.00
230.966099,25126.77,612.00
231.068264,25126.77,612.00
231.170368,25126.77,612.00
231.272932,25126.77,612.00
231.375660,25126.77,612.00
231.477721,25126.77,612.00
231.579708,25126.77,612.00
231.682155,25126.77,612.00
231.784298,25126.77,612.00
231.888008,25126.77,612.00
231.991132,25126.77,612.00
232.094599,25126.77,612.00
232.199035,25126.77,612.00
232.302296,25126.77,612.00
232.405016,25126.77,612.00
232.507421,25126.77,612.00
232.610360,25126.77,612.00
232.713114,25126.77,612.00
232.816680,25126.77,612.00
232.919792,25126.77,612.00
233.023198,25126.77,612.00
233.127737,25126.77,612.00
233.230566,25126.77,612.00
233.333932,25126.77,612.00
233.436508,25126.77,612.00
233.539142,25126.77,612.00
233.641516,25126.77,612.00
233.745288,25126.77,612.00
233.848845,25126.77,612.00
233.951767,25126.77,612.00
234.052713,25126.77,746.00
234.153512,25126.77,612.00
234.254080,25126.77,712.00
234.354836,25126.77,598.00
234.455444,25126.77,754.00
234.556115,25126.77,754.00
234.656718,25126.77,754.00
234.757434,25126.77,740.00
234.858057,25126.77,754.00
234.958855,25126.77,754.00
235.059730,25126.77,640.00
235.160629,25126.77,754.00
235.261400,25126.77,754.00
235.362064,25126.77,612.00
235.462758,25126.77,654.00
235.563354,25126.77,670.00
235.663954,25126.77,762.00
235.764544,25126.77,622.00
235.865238,25126.77,622.00
235.966928,25126.77,622.00
236.067525,25126.77,622.00
236.169143,25126.77,748.00
236.270520,25126.77,692.00
236.371252,25126.77,762.00
236.472221,25126.77,692.00
236.573105,25126.77,622.00
236.673896,25126.77,706.00
236.774896,25126.77,762.00
236.875924,25126.77,692.00
236.977003,25126.77,762.00
237.077804,25126.77,762.00
237.178929,25126.77,650.00
237.279712,25076.89,782.00
237.380560,25076.89,720.00
237.481387,25076.89,622.00
237.582314,25076.89,664.00
237.683176,25076.89,762.00
237.784248,25076.89,664.00
237.885175,25076.89,636.00
237.985998,25076.89,762.00
238.086766,25076.89,762.00
238.187645,25076.89,608.00
238.288401,25076.89,608.00
238.389244,25076.89,608.00
238.489927,25076.89,608.00
238.590655,25076.89,608.00
238.691252,25076.89,608.00
238.792244,25076.89,608.00
238.893170,25076.89,608.00
238.994985,25076.89,608.00
239.097459,25076.89,608.00
239.200194,25076.89,608.00
239.302966,25076.89,608.00
239.405471,25076.89,608.00
239.508575,25076.89,608.00
239.610992,25076.89,608.00
239.712986,25076.89,608.00
239.819045,25076.89,608.00
239.925489,25076.89,608.00
240.026578,25076.89,608.00
240.129481,25076.89,608.00
240.230738,25076.89,608.00
240.331788,25076.89,608.00
240.437203,25076.89,608.00
240.539447,25076.89,608.00
240.641917,25076.89,608.00
240.744224,25076.89,608.00
240.846859,25076.89,608.00
240.949093,25076.89,608.00
241.054837,25076.89,608.00
241.158603,25076.89,608.00
241.261309,25076.89,608.00
241.363130,25076.89,608.00
241.465375,25076.89,608.00
241.567409,25076.89,608.00
241.669517,25076.89,608.00
241.770930,25076.89,608.00
241.873415,25076.89,608.00
241.975681,25076.89,608.00
242.078261,25076.89,608.00
242.180714,25076.89,608.00
242.283467,25076.89,608.00
242.384307,25076.89,764.00
242.484980,25076.89,772.00
242.585539,25076.89,766.00
242.686252,25076.89,686.00
242.786796,25076.89,784.00
242.887407,25076.89,770.00
242.987976,25076.89,724.00
243.088592,25076.89,766.00
243.189436,25076.89,652.00
243.290070,25076.89,778.00
243.390799,25076.89,770.00
243.491395,25076.89,744.00
243.592120,25076.89,778.00
243.692699,25076.89,766.00
243.793231,25076.89,766.00
243.893895,25076.89,686.00
243.994553,25076.89,780.00
244.095193,25076.89,696.00
244.195859,25076.89,772.00
244.296530,25076.89,780.00
244.397103,25076.89,780.00
244.497837,25076.89,680.00
244.598408,25076.89,778.00
244.699033,25076.89,772.00
244.799687,25076.89,778.00
244.900440,25076.89,780.00
245.001171,25076.89,780.00
245.101797,25076.89,780.00
245.202531,25076.89,780.00
245.303442,25076.89,780.00
245.404250,25027.02,786.00
245.505332,25027.02,780.00
245.605981,25027.02,598.00
245.706735,25027.02,766.00
245.807458,25027.02,694.00
245.908109,25027.02,778.00
246.008690,25027.02,780.00
246.109309,25027.02,794.00
246.210269,25027.02,782.00
246.311150,25027.02,782.00
246.411890,25027.02,780.00
246.512536,25027.02,780.00
246.613840,25027.02,726.00
246.714544,25027.02,774.00
246.815222,25027.02,780.00
246.916149,25027.02,614.00
247.016803,25027.02,614.00
247.117520,25027.02,614.00
247.218260,25027.02,614.00
247.319217,25027.02,614.00
247.419994,25027.02,614.00
247.522086,25027.02,614.00
247.624641,25027.02,614.00
247.726986,25027.02,614.00
247.829198,25027.02,614.00
247.931155,25027.02,614.00
248.033393,25027.02,614.00
248.135290,25027.02,614.00
248.237354,25027.02,614.00
248.339049,25027.02,614.00
248.441191,25027.02,614.00
248.543311,25027.02,614.00
248.645425,25027.02,614.00
248.747807,25027.02,614.00
248.849265,25027.02,614.00
248.951328,25027.02,614.00
249.053138,25027.02,614.00
249.155134,25027.02,614.00
249.257121,25027.02,614.00
249.359106,25027.02,614.00
249.461210,25027.02,614.00
249.563757,25027.02,614.00
249.666201,25027.02,614.00
249.768663,25027.02,614.00
249.870679,25027.02,614.00
249.971409,25027.02,576.00
250.072079,25027.02,722.00
250.172795,25027.02,666.00
250.273322,25027.02,638.00
250.373972,25027.02,632.00
250.474602,25027.02,590.00
250.575273,25027.02,632.00
250.675981,25027.02,646.00
250.776752,25027.02,736.00
250.877327,25027.02,730.00
250.977868,24977.14,666.00
251.078456,24977.14,604.00
251.179106,24977.14,652.00
251.279803,24977.14,646.00
251.380387,24977.14,736.00
251.481113,24977.14,590.00
251.581789,24977.14,562.00
251.682430,24977.14,618.00
251.783094,24977.14,604.00
251.883747,24977.14,702.00
251.984404,24977.14,736.00
252.085090,24977.14,618.00
252.185752,24977.14,618.00
252.286445,24977.14,618.00
252.387090,24977.14,638.00
252.487712,24977.14,576.00
252.588285,24977.14,576.00
252.689040,24977.14,576.00
252.789721,24977.14,576.00
252.890515,24977.14,576.00
252.993118,24977.14,576.00
253.095705,24977.14,576.00
253.198021,24977.14,576.00
253.300359,24977.14,576.00
253.402688,24977.14,576.00
253.505081,24977.14,576.00
253.607263,24977.14,576.00
253.709650,24977.14,576.00
253.811952,24977.14,576.00
253.914136,24977.14,576.00
254.016413,24977.14,576.00
254.118576,24977.14,576.00
254.220864,24977.14,576.00
254.323054,24977.14,576.00
254.425214,24977.14,576.00
254.527599,24977.14,576.00
254.630387,24977.14,576.00
254.732230,24977.14,576.00
254.834503,24977.14,576.00
254.937125,24977.14,576.00
255.038867,24977.14,576.00
255.141558,24977.14,576.00
255.244193,24977.14,576.00
255.347092,24977.14,576.00
255.449726,24977.14,576.00
255.552415,24977.14,576.00
255.654805,24977.14,576.00
255.757584,24977.14,576.00
255.860200,24977.14,576.00
255.962950,24977.14,576.00
256.065519,24977.14,576.00
256.166417,24977.14,704.00
256.267133,24977.14,746.00
256.367861,24977.14,676.00
256.468745,24977.14,760.00
256.569453,24977.14,746.00
256.670096,24977.14,746.00
256.770738,24977.14,746.00
256.871762,24977.14,648.00
256.972705,24977.14,640.00
257.073740,24977.14,746.00
257.174689,24977.14,604.00
257.275542,24977.14,668.00
257.376427,24977.14,760.00
257.477378,24977.14,746.00
257.578061,24977.14,578.00
257.678709,24977.14,732.00
257.779331,24977.14,746.00
257.879982,24977.14,746.00
257.980697,24977.14,718.00
258.081337,24977.14,746.00
258.182038,24977.14,746.00
258.282674,24977.14,760.00
258.383624,24977.14,662.00
258.484490,24977.14,648.00
258.585391,24977.14,648.00
258.686025,24977.14,746.00
258.786735,24977.14,746.00
258.887419,24977.14,752.00
258.988073,24977.14,746.00
259.088763,24977.14,746.00
259.189339,24977.14,746.00
259.289983,24977.14,676.00
259.390552,24977.14,620.00
259.491225,24977.14,676.00
259.591855,24977.14,606.00
259.692470,24977.14,678.00
259.793225,24977.14,592.00
259.894036,24977.14,592.00
259.994956,24977.14,592.00
260.095845,24927.27,592.00
260.196655,24927.27,592.00
260.297375,24927.27,592.00
260.399278,24927.27,592.00
260.501890,24927.27,592.00
260.603489,24927.27,592.00
260.705724,24927.27,592.00
260.809020,24927.27,592.00
260.911366,24927.27,592.00
261.013757,24927.27,592.00
261.116338,24927.27,592.00
261.219627,24927.27,592.00
261.321657,24927.27,592.00
261.424223,24927.27,592.00
261.526408,24927.27,592.00
261.628645,24927.27,592.00
261.731019,24927.27,592.00
261.837122,24927.27,592.00
261.940400,24927.27,592.00
262.043150,24927.27,592.00
262.145548,24927.27,592.00
262.249572,24927.27,592.00
262.353959,24927.27,592.00
262.457736,24927.27,592.00
262.560622,24927.27,592.00
262.662822,24927.27,592.00
262.765000,24927.27,592.00
262.868203,24927.27,592.00
262.972214,24927.27,592.00
263.075460,24927.27,592.00
263.177861,24927.27,592.00
263.280253,24927.27,592.00
263.383081,24927.27,592.00
263.485811,24927.27,592.00
263.587939,24927.27,592.00
263.689935,24927.27,592.00
263.792306,24927.27,592.00
263.894530,24927.27,592.00
263.995603,24927.27,718.00
264.096790,24927.27,664.00
264.197862,24927.27,748.00
264.298749,24927.27,762.00
264.399754,24927.27,776.00
264.500570,24927.27,764.00
264.601505,24927.27,762.00
264.702590,24927.27,762.00
264.803489,24927.27,776.00
264.904660,24927.27,670.00
265.005819,24927.27,762.00
265.106595,24927.27,676.00
265.207165,24927.27,764.00
265.307813,24927.27,720.00
265.408371,24927.27,762.00
265.509186,24927.27,630.00
265.609898,24927.27,624.00
265.710545,24927.27,756.00
265.811147,24927.27,666.00
265.911769,24927.27,764.00
266.012365,24927.27,686.00
266.112895,24927.27,624.00
266.213685,24927.27,756.00
266.314336,24927.27,764.00
266.414917,24927.27,624.00
266.515546,24927.27,694.00
266.616162,24927.27,652.00
266.716796,24927.27,680.00
266.817514,24927.27,666.00
266.918116,24927.27,764.00
267.018793,24927.27,770.00
267.119298,24927.27,764.00
267.220110,24927.27,624.00
267.320688,24927.27,680.00
267.421311,24927.27,750.00
267.521890,24877.40,770.00
267.622594,24877.40,616.00
267.723181,24877.40,616.00
267.823931,24877.40,616.00
267.924655,24877.40,616.00
268.025446,24877.40,616.00
268.126347,24877.40,616.00
268.228952,24765.19,616.00
268.331214,24765.19,616.00
268.433488,24765.19,616.00
268.536331,24765.19,616.00
268.639689,24765.19,616.00
268.742142,24765.19,616.00
268.843148,24765.19,616.00
268.946025,24765.19,616.00
269.048252,24765.19,616.00
269.151704,24765.19,616.00
269.254439,24765.19,616.00
269.357163,24765.19,616.00
269.459553,24765.19,616.00
269.563929,24765.19,616.00
269.667800,24765.19,616.00
269.770237,24765.19,616.00
269.872411,24765.19,616.00
269.974213,24765.19,616.00
270.077213,24765.19,616.00
270.179541,24765.19,616.00
270.282205,24765.19,616.00
270.384766,24765.19,616.00
270.487404,24765.19,616.00
270.589769,24765.19,616.00
270.692153,24765.19,616.00
270.794879,24765.19,616.00
270.896997,24765.19,616.00
270.999379,24765.19,616.00
271.102311,24765.19,616.00
271.205007,24765.19,616.00
271.307190,24765.19,616.00
271.409474,24827.40,616.00
271.510470,24852.34,796.00
271.611146,24852.34,804.00
271.711768,24852.34,698.00
271.812419,24852.34,676.00
271.913038,24852.34,798.00
272.013747,24852.34,792.00
272.114257,24852.34,800.00
272.214808,24852.34,628.00
272.315332,24852.34,804.00
272.416039,24852.34,796.00
272.516708,24852.34,790.00
272.617331,24852.34,704.00
272.717912,24852.34,796.00
272.818729,24852.34,614.00
272.919215,24852.34,796.00
273.019707,24852.34,816.00
273.120318,24852.34,684.00
273.221179,24852.34,802.00
273.321754,24852.34,736.00
273.422308,24852.34,796.00
273.522950,24852.34,788.00
273.623618,24852.34,800.00
273.724251,24852.34,682.00
273.825051,24852.34,790.00
273.925630,24852.34,702.00
274.026382,24852.34,806.00
274.127053,24852.34,806.00
274.227979,24852.34,700.00
274.328545,24852.34,720.00
274.429188,24852.34,806.00
274.529888,24852.34,614.00
274.630580,24852.34,678.00
274.731178,24852.34,798.00
274.831743,24852.34,792.00
274.932321,24852.34,800.00
275.033061,24852.34,648.00
275.133569,24852.34,798.00
275.234673,24852.34,614.00
275.335200,24877.27,800.00
275.435953,24877.27,606.00
275.536560,24877.27,606.00
275.637342,24877.27,606.00
275.738078,24877.27,606.00
275.838820,24877.27,606.00
275.939368,24877.27,606.00
276.042132,24877.27,606.00
276.144629,24877.27,606.00
276.246853,24877.27,606.00
276.348896,24877.27,606.00
276.451697,24877.27,606.00
276.553742,24877.27,606.00
276.655825,24877.27,606.00
276.758318,24877.27,606.00
276.860871,24877.27,606.00
276.963423,24877.27,606.00
277.065518,24877.27,606.00
277.168485,24877.27,606.00
277.270410,24877.27,606.00
277.372562,24877.27,606.00
277.475011,24877.27,606.00
277.577084,24877.27,606.00
277.678063,24877.27,634.00
277.778635,24877.27,598.00
277.879364,24877.27,738.00
277.979994,24877.27,570.00
278.080601,24877.27,738.00
278.181300,24877.27,634.00
278.282030,24877.27,654.00
278.382667,24877.27,732.00
278.483202,24877.27,654.00
278.583790,24877.27,732.00
278.684346,24877.27,718.00
278.785057,24877.27,654.00
278.885690,24877.27,620.00
278.986243,24877.27,668.00
279.086916,24877.27,732.00
279.187487,24877.27,668.00
279.288024,24877.27,620.00
279.388641,24877.27,640.00
279.489305,24877.27,732.00
279.589899,24877.27,738.00
279.690561,24877.27,592.00
279.791177,24877.27,634.00
279.891866,24877.27,606.00
279.992420,24877.27,704.00
280.093153,24877.27,738.00
280.193827,24877.27,584.00
280.294420,24877.27,584.00
280.395073,24877.27,584.00
280.497248,24877.27,584.00
280.599557,24877.27,584.00
280.701452,24877.27,584.00
280.803627,24877.27,584.00
280.905778,24877.27,584.00
281.008064,24877.27,584.00
281.110284,24877.27,584.00
281.212698,24877.27,584.00
281.315250,24877.27,584.00
281.417870,24877.27,584.00
281.520523,24877.27,584.00
281.622738,24877.27,584.00
281.725042,24877.27,584.00
281.827560,24877.27,584.00
281.929922,24877.27,584.00
282.032003,24877.27,584.00
282.134968,24877.27,584.00
282.237351,24877.27,584.00
282.339734,24877.27,584.00
282.441828,24877.27,584.00
282.544137,24877.27,584.00
282.646889,24877.27,584.00
282.748661,24877.27,584.00
282.854568,24877.27,584.00
282.956755,24877.27,584.00
283.059240,24877.27,584.00
283.162230,24877.27,584.00
283.264643,24877.27,584.00
283.367086,24877.27,584.00
283.469538,24877.27,584.00
283.570937,24889.74,584.00
283.672512,25001.96,584.00
283.773344,25039.48,752.00
283.873894,25039.48,752.00
283.974464,25039.48,696.00
284.075075,25039.48,682.00
284.175690,25039.48,654.00
284.276291,25039.48,752.00
284.376886,25039.48,654.00
284.477506,25039.48,746.00
284.578258,25051.83,704.00
284.678845,25051.83,760.00
284.779615,25064.30,748.00
284.880388,25101.70,706.00
284.981106,25101.70,748.00
285.082013,25101.70,706.00
285.182853,25101.70,734.00
285.283383,25101.70,620.00
285.383917,25101.70,748.00
285.484530,25101.70,592.00
285.585138,25101.70,748.00
285.685670,25101.70,706.00
285.786251,25101.70,620.00
285.886975,25101.70,748.00
285.987982,25101.70,748.00
286.088549,25101.70,692.00
286.189122,25101.70,748.00
286.289673,25101.70,594.00
286.390260,25101.70,650.00
286.490885,25101.70,650.00
286.591440,25101.70,748.00
286.692121,25101.70,636.00
286.792711,25101.70,762.00
286.893400,25101.70,650.00
286.994050,25101.70,762.00
287.094798,25101.70,664.00
287.195459,25101.70,734.00
287.296116,25101.70,606.00
287.396780,25101.70,606.00
287.497467,25101.70,606.00
287.598009,25101.70,606.00
287.698765,25101.70,606.00
287.799572,25101.70,606.00
287.901618,25101.70,606.00
288.003771,25101.70,606.00
288.106113,25101.70,606.00
288.207941,25101.70,606.00
288.310472,25101.70,606.00
288.412636,25101.70,606.00
288.514894,25101.70,606.00
288.616947,25101.70,606.00
288.719342,25101.70,606.00
288.821636,25101.70,606.00
288.924687,25101.70,606.00
289.026838,25101.70,606.00
289.129195,25101.70,606.00
289.232229,25101.70,606.00
289.334380,25101.70,606.00
289.436516,25101.70,606.00
289.538451,25101.70,606.00
289.639318,25101.70,606.00
289.741414,25101.70,606.00
289.845193,25101.70,606.00
289.947150,25101.70,606.00
290.049524,25101.70,606.00
290.153059,25101.70,606.00
290.256721,25101.70,606.00
290.358933,25101.70,606.00
290.461522,25101.70,606.00
290.564139,25101.70,606.00
290.666382,25101.70,606.00
290.768692,25101.70,606.00
290.874979,25101.70,606.00
290.977492,25101.70,606.00
291.080105,25101.70,606.00
291.182530,25101.70,606.00
291.284939,25101.70,606.00
291.386337,25101.70,720.00
291.487335,25101.70,634.00
291.588008,25101.70,762.00
291.688769,25101.70,762.00
291.789637,25101.70,676.00
291.890283,25101.70,762.00
291.990962,25101.70,620.00
292.091648,25101.70,662.00
292.192310,25051.95,748.00
292.292892,25051.95,762.00
292.393521,25051.95,650.00
292.494287,25051.95,650.00
292.595006,25051.95,656.00
292.695773,25051.95,678.00
292.796392,25051.95,762.00
292.897023,25051.95,664.00
292.997591,25051.95,762.00
293.098154,25051.95,762.00
293.198840,25051.95,692.00
293.299594,25051.95,664.00
293.400582,25051.95,664.00
293.501366,25051.95,678.00
293.601939,25051.95,762.00
293.702627,25051.95,762.00
293.803426,25051.95,664.00
293.904081,25051.95,720.00
294.004736,25051.95,636.00
294.105653,25051.95,748.00
294.206435,25051.95,636.00
294.307142,25051.95,762.00
294.407793,25051.95,762.00
294.508414,25051.95,762.00
294.608978,25051.95,762.00
294.709627,25051.95,664.00
294.810223,25051.95,594.00
294.910885,25051.95,594.00
295.011840,25051.95,594.00
295.112563,25051.95,594.00
295.213371,25051.95,594.00
295.314057,25051.95,594.00
295.414878,25051.95,594.00
295.517328,25051.95,594.00
295.619716,25051.95,594.00
295.721768,25051.95,594.00
295.824445,25051.95,594.00
295.926616,25051.95,594.00
296.028284,25051.95,594.00
296.130643,25051.95,594.00
296.235012,25051.95,594.00
296.337711,25051.95,594.00
296.439154,25051.95,594.00
296.540370,25051.95,594.00
296.646199,25051.95,594.00
296.749733,25051.95,594.00
296.850527,25051.95,594.00
296.953296,25051.95,594.00
297.056049,25051.95,594.00
297.157982,25051.95,594.00
297.260383,25051.95,594.00
297.363773,25051.95,594.00
297.465925,25051.95,594.00
297.568308,25051.95,594.00
297.670422,25051.95,594.00
297.772541,25051.95,594.00
297.875251,25051.95,594.00
297.977907,25051.95,594.00
298.080271,25051.95,594.00
298.182811,25051.95,594.00
298.285267,25051.95,594.00
298.387511,25051.95,594.00
298.490742,25051.95,594.00
298.593563,25051.95,594.00
298.696321,25051.95,594.00
298.799396,25051.95,594.00
298.900154,25089.23,622.00
299.000775,25089.23,780.00
299.101416,25089.23,692.00
299.202100,25089.23,778.00
299.302702,25089.23,612.00
299.403270,25089.23,724.00
299.503828,25089.23,612.00
299.604381,25089.23,766.00
299.705018,25089.23,626.00
299.805630,25089.23,682.00
299.906265,25089.23,772.00
300.006873,25089.23,778.00
300.107482,25089.23,766.00
300.208084,25089.23,766.00
300.308728,25089.23,660.00
300.409401,25089.23,780.00
300.510078,25089.23,772.00
300.610640,25089.23,772.00
300.711220,25089.23,778.00
300.811961,25089.23,778.00
300.912623,25089.23,626.00
301.013302,25089.23,682.00
301.113869,25089.23,780.00
301.214549,25089.23,766.00
301.315131,25089.23,766.00
301.415761,25089.23,640.00
301.516359,25089.23,746.00
301.616897,25089.23,710.00
301.717574,25089.23,774.00
301.818212,25089.23,768.00
301.918768,25089.23,774.00
302.019338,25089.23,768.00
302.119986,25089.23,782.00
302.220529,25089.23,780.00
302.321285,25089.23,656.00
302.421873,25089.23,698.00
302.522410,25089.23,782.00
302.623003,25089.23,670.00
302.723631,25089.23,768.00
302.824265,25089.23,676.00
302.924879,25089.23,782.00
303.025508,25089.23,774.00
303.126190,25089.23,600.00
303.226778,25089.23,600.00
303.327529,25089.23,600.00
303.428353,25089.23,600.00
303.529008,25089.23,600.00
303.629629,25089.23,600.00
303.730498,25089.23,600.00
303.833581,25089.23,600.00
303.939625,25089.23,600.00
304.042810,25089.23,600.00
304.145535,25089.23,600.00
304.247520,25089.23,600.00
304.349900,25089.23,600.00
304.453487,25089.23,600.00
304.555769,25089.23,600.00
304.662125,25089.23,600.00
304.766049,25089.23,600.00
304.868968,25089.23,600.00
304.971573,25089.23,600.00
305.073840,25089.23,600.00
305.176153,25089.23,600.00
305.278712,25089.23,600.00
305.381352,25089.23,600.00
305.483535,25089.23,600.00
305.585077,25089.23,600.00
305.687304,25089.23,600.00
305.789401,25089.23,600.00
305.890414,25089.23,600.00
305.992841,25089.23,600.00
306.095171,25089.23,600.00
306.195833,25089.23,578.00
306.296509,25089.23,634.00
306.397072,25089.23,738.00
306.497742,25089.23,732.00
306.598432,25089.23,690.00
306.699056,25089.23,612.00
306.799710,25089.23,620.00
306.900335,25089.23,606.00
307.000938,25089.23,746.00
307.101587,25089.23,732.00
307.202297,25089.23,578.00
307.302909,25089.23,640.00
307.403457,25089.23,732.00
307.504063,25089.23,626.00
307.604953,25089.23,732.00
307.705850,25089.23,564.00
307.806475,25089.23,584.00
307.907159,25089.23,732.00
308.007895,25089.23,724.00
308.108541,25089.23,578.00
308.209300,25089.23,668.00
308.309871,25089.23,564.00
308.410517,25089.23,648.00
308.511451,25089.23,738.00
308.612230,25089.23,592.00
308.713383,25089.23,578.00
308.814277,25089.23,578.00
308.915097,25089.23,578.00
309.016404,25089.23,578.00
309.119532,25089.23,578.00
309.221573,25089.23,578.00
309.324131,25089.23,578.00
309.426582,25089.23,578.00
309.529040,25089.23,578.00
309.631565,25089.23,578.00
309.734868,25089.23,578.00
309.837181,25089.23,578.00
309.939419,25089.23,578.00
310.041354,25089.23,578.00
310.143984,25089.23,578.00
310.246369,25089.23,578.00
310.349023,25089.23,578.00
310.451806,25089.23,578.00
310.554082,25089.23,578.00
310.656463,25089.23,578.00
310.759041,25089.23,578.00
310.862287,25089.23,578.00
310.965177,25089.23,578.00
311.067506,25089.23,578.00
311.170280,25089.23,578.00
311.272712,25089.23,578.00
311.375690,25089.23,578.00
311.478575,25089.23,578.00
311.581002,25089.23,578.00
311.683777,25089.23,578.00
311.788136,25089.23,578.00
311.893993,25089.23,578.00
311.996568,25089.23,578.00
312.099126,25089.23,578.00
312.201725,25089.23,578.00
312.303529,25213.92,578.00
312.404231,25226.38,760.00
312.504876,25226.38,606.00
312.605415,25226.38,662.00
312.705998,25226.38,592.00
312.806593,25226.39,760.00
312.907333,25226.39,746.00
313.007918,25226.39,620.00
313.108450,25226.39,606.00
313.209146,25226.39,620.00
313.309777,25226.39,662.00
313.410435,25226.39,760.00
313.511075,25226.39,760.00
313.611832,25226.39,662.00
313.712441,25226.39,760.00
313.813193,25226.39,760.00
313.913842,25226.39,648.00
314.014403,25226.39,760.00
314.115047,25226.39,760.00
314.215737,25226.39,760.00
314.316336,25226.39,676.00
314.417067,25226.39,746.00
314.517708,25226.39,664.00
314.618302,25226.39,746.00
314.718972,25226.39,606.00
314.819686,25226.39,634.00
314.920284,25226.39,662.00
315.020943,25226.39,676.00
315.121646,25226.39,634.00
315.222253,25226.39,746.00
315.322818,25226.39,748.00
315.423448,25226.39,648.00
315.524143,25226.39,746.00
315.624870,25226.39,578.00
315.725648,25226.39,578.00
315.826440,25226.39,578.00
315.927291,25226.39,578.00
316.027970,25226.39,578.00
316.128864,25226.39,578.00
316.232535,25226.39,578.00
316.337826,25226.39,578.00
316.439876,25226.39,578.00
316.541962,25226.39,578.00
316.644148,25226.39,578.00
316.746141,25226.39,578.00
316.856688,25226.39,578.00
316.958648,25226.39,578.00
317.061004,25226.39,578.00
317.163140,25226.39,578.00
317.265148,25226.39,578.00
317.367433,25226.39,578.00
317.469337,25226.39,578.00
317.571531,25226.39,578.00
317.673538,25226.39,578.00
317.775727,25226.39,578.00
317.878284,25226.39,578.00
317.980431,25226.39,578.00
318.082712,25226.39,578.00
318.184735,25226.39,578.00
318.286838,25226.39,578.00
318.388815,25226.39,578.00
318.490920,25226.39,578.00
318.592886,25226.39,578.00
318.694952,25226.39,578.00
318.797185,25226.39,578.00
318.899476,25226.39,578.00
319.001856,25226.39,578.00
319.104111,25226.39,578.00
319.206387,25226.39,578.00
319.308153,25226.39,578.00
319.410239,25226.39,578.00
319.512621,25226.39,578.00
319.613321,25226.39,648.00
319.714132,25226.39,594.00
319.814678,25226.39,762.00
319.915300,25226.39,764.00
320.015913,25226.39,662.00
320.116416,25226.39,762.00
320.217031,25226.39,762.00
320.317556,25226.39,706.00
320.418160,25226.39,770.00
320.518755,25226.39,624.00
320.619401,25226.39,692.00
320.719968,25226.39,742.00
320.820529,25226.39,624.00
320.921118,25226.39,764.00
321.021821,25226.39,750.00
321.122499,25226.39,778.00
321.223057,25226.39,764.00
321.323821,25226.39,708.00
321.424332,25226.39,722.00
321.525029,25226.39,610.00
321.625731,25226.39,624.00
321.726379,25226.39,694.00
321.827051,25226.39,764.00
321.927630,25226.39,764.00
322.028262,25226.39,664.00
322.128902,25226.39,692.00
322.229490,25226.39,652.00
322.330085,25226.39,664.00
322.430700,25226.39,764.00
322.531254,25226.39,610.00
322.631948,25226.39,764.00
322.732702,25226.39,764.00
322.833251,25226.39,666.00
322.933820,25226.39,778.00
323.034371,25226.39,624.00
323.135008,25226.39,608.00
323.235588,25226.39,608.00
323.336350,25226.39,608.00
323.437085,25226.39,608.00
323.537643,25226.39,608.00
323.638451,25226.39,608.00
323.740402,25114.30,608.00
323.842646,25114.30,608.00
323.944695,25114.30,608.00
324.046882,25114.30,608.00
324.148902,25114.30,608.00
324.251322,25114.30,608.00
324.352859,25114.30,608.00
324.455159,25114.30,608.00
324.557415,25114.30,608.00
324.659817,25114.30,608.00
324.762301,25114.30,608.00
324.864578,25114.30,608.00
324.966923,25114.30,608.00
325.069101,25114.30,608.00
325.171357,25114.30,608.00
325.273280,25114.30,608.00
325.374955,25114.30,608.00
325.477213,25114.30,608.00
325.579292,25114.30,608.00
325.681161,25114.30,608.00
325.783276,25114.30,608.00
325.886669,25114.30,608.00
325.988506,25114.30,608.00
326.090492,25114.30,608.00
326.192743,25114.30,608.00
326.294294,25114.30,608.00
326.395840,25114.30,608.00
326.498447,25114.30,608.00
326.602317,25114.30,608.00
326.704501,25114.30,608.00
326.806438,25114.30,608.00
326.908597,25114.30,608.00
327.009303,25114.30,804.00
327.109856,25114.30,762.00
327.210388,25114.30,636.00
327.310973,25114.30,734.00
327.411536,25114.30,656.00
327.512218,25114.30,610.00
327.612862,25114.30,782.00
327.713349,25114.30,608.00
327.813881,25114.30,794.00
327.914490,25114.30,794.00
328.014991,25114.30,740.00
328.115526,25114.30,786.00
328.216280,25114.30,794.00
328.316884,25114.30,636.00
328.417409,25114.30,792.00
328.518016,25114.30,642.00
328.618642,25114.30,802.00
328.719287,25114.30,656.00
328.819863,25114.30,796.00
328.920823,25114.30,796.00
329.021550,25114.30,754.00
329.122211,25114.30,636.00
329.222779,25114.30,796.00
329.323355,25114.30,676.00
329.423907,25114.30,798.00
329.524527,25114.30,692.00
329.625007,25114.30,798.00
329.725615,25114.30,712.00
329.826210,25114.30,800.00
329.927114,25114.30,678.00
330.027941,25114.30,796.00
330.128592,25114.30,692.00
330.229331,25114.30,792.00
330.329966,25114.30,658.00
330.430564,25114.30,794.00
330.531179,25114.30,796.00
330.631758,25114.30,714.00
330.732309,25114.30,790.00
330.833071,25114.30,714.00
330.933812,25114.30,624.00
331.034418,25114.30,624.00
331.135151,25114.30,624.00
331.235976,25114.30,624.00
331.336644,25114.30,624.00
331.437311,25114.30,624.00
331.537959,25114.30,624.00
331.640083,25063.39,624.00
331.742269,25063.39,624.00
331.844644,25063.39,624.00
331.947195,25063.39,624.00
332.049263,25063.39,624.00
332.151052,25063.39,624.00
332.253096,25063.39,624.00
332.355552,25063.39,624.00
332.457425,25063.39,624.00
332.559856,25063.39,624.00
332.662051,25063.39,624.00
332.763992,25063.39,624.00
332.866904,25063.39,624.00
332.969021,25063.39,624.00
333.071192,25063.39,624.00
333.172410,25063.39,624.00
333.273333,25063.39,594.00
333.374229,25063.39,656.00
333.475238,25063.39,664.00
333.576193,25063.39,650.00
333.677451,25063.39,748.00
333.778704,25063.39,636.00
333.879986,25063.39,622.00
333.980993,25063.39,712.00
334.082007,25063.39,656.00
334.183115,25063.39,642.00
334.284373,25063.39,650.00
334.385439,25013.52,650.00
334.486587,25013.52,748.00
334.587772,25013.52,734.00
334.688879,25013.52,664.00
334.789951,25013.52,642.00
334.891182,25013.52,594.00
334.992275,25013.52,698.00
335.093535,25013.52,734.00
335.194930,25013.52,670.00
335.295545,25013.52,656.00
335.396347,25013.52,656.00
335.497173,25013.52,656.00
335.597924,25013.52,642.00
335.698563,25013.52,656.00
335.799258,25013.52,586.00
335.900087,25013.52,586.00
336.001710,25013.52,586.00
336.104230,25013.52,586.00
336.206309,25013.52,586.00
336.308816,25013.52,586.00
336.411083,25013.52,586.00
336.513489,25013.52,586.00
336.615876,25013.52,586.00
336.717927,25013.52,586.00
336.820935,25013.52,586.00
336.922901,25013.52,586.00
337.024747,25013.52,586.00
337.127009,25013.52,586.00
337.229243,25013.52,586.00
337.331165,25013.52,586.00
337.432853,25013.52,586.00
337.535804,25013.52,586.00
337.638486,25013.52,586.00
337.740569,25013.52,586.00
337.841653,25013.52,586.00
337.944239,25013.52,586.00
338.046506,25013.52,586.00
338.148306,25013.52,586.00
338.250499,25013.52,586.00
338.352936,25013.52,586.00
338.455688,25013.52,586.00
338.558233,25013.52,586.00
338.660263,25013.52,586.00
338.762386,25013.52,586.00
338.864909,25013.52,586.00
338.967219,25013.52,586.00
339.069811,25013.52,586.00
339.172453,25013.52,586.00
339.274734,25013.52,586.00
339.377239,25013.52,586.00
339.481095,25013.52,586.00
339.583651,25013.52,586.00
339.684562,25013.52,670.00
339.785312,25013.52,754.00
339.886029,25013.52,670.00
339.986641,25013.52,670.00
340.087322,25013.52,670.00
340.188023,25013.52,670.00
340.288763,25013.52,740.00
340.389406,25013.52,600.00
340.490089,25013.52,754.00
340.590856,25013.52,754.00
340.691676,25013.52,670.00
340.792407,25013.52,670.00
340.893417,25013.52,754.00
340.994379,25013.52,754.00
341.095294,25025.87,762.00
341.196208,25025.87,692.00
341.297095,25025.87,692.00
341.398258,25025.87,748.00
341.499397,25025.87,664.00
341.600521,25025.87,692.00
341.701360,25025.87,748.00
341.802321,25025.87,762.00
341.903374,25025.87,748.00
342.004327,25025.87,678.00
342.105453,25025.87,678.00
342.206184,25025.87,720.00
342.306922,25025.87,678.00
342.407666,25025.87,692.00
342.508419,25025.87,748.00
342.609142,25025.87,748.00
342.709835,25025.87,608.00
342.810461,25025.87,748.00
342.911086,25025.87,762.00
343.011725,25025.87,762.00
343.112381,25025.87,664.00
343.213009,25025.87,748.00
343.313914,25025.87,594.00
343.414722,25025.87,594.00
343.515554,25025.87,594.00
343.616351,25025.87,594.00
343.717097,25025.87,594.00
343.817880,25025.87,594.00
343.920221,25025.87,594.00
344.022696,25025.87,594.00
344.125556,25025.87,594.00
344.227470,25025.87,594.00
344.329470,25025.87,594.00
344.431311,25025.87,594.00
344.533537,25025.87,594.00
344.636173,25025.87,594.00
344.738369,25025.87,594.00
344.840544,25025.87,594.00
344.942727,25025.87,594.00
345.044923,25025.87,594.00
345.147395,25025.87,594.00
345.250029,25025.87,594.00
345.352579,25025.87,594.00
345.455639,25025.87,594.00
345.557963,25025.87,594.00
345.660200,25025.87,594.00
345.762745,25025.87,594.00
345.864720,25025.87,594.00
345.967295,25025.87,594.00
346.069454,25025.87,594.00
346.171934,25025.87,594.00
346.274403,25025.87,594.00
346.376874,25025.87,594.00
346.479225,25025.87,594.00
346.580971,25025.87,594.00
346.683174,25025.87,594.00
346.785627,25025.87,594.00
346.888977,25025.87,594.00
346.993389,25025.87,594.00
347.095859,25025.87,594.00
347.196998,25025.87,656.00
347.297653,25025.87,762.00
347.398460,25025.87,622.00
347.499110,25025.87,608.00
347.599603,25025.87,692.00
347.700233,25025.87,622.00
347.800924,25025.87,622.00
347.901570,25025.87,762.00
348.002319,25025.87,762.00
348.103009,25025.87,748.00
348.203766,25025.87,762.00
348.304407,25025.87,706.00
348.404966,25025.87,664.00
348.505561,25025.87,664.00
348.606217,25025.87,650.00
348.706892,25025.87,768.00
348.807409,25025.87,762.00
348.908079,25025.87,678.00
349.008635,25025.87,762.00
349.109490,25025.87,664.00
349.210202,25025.87,762.00
349.310906,25025.87,664.00
349.411500,25025.87,762.00
349.512278,25025.87,608.00
349.612906,24938.71,650.00
349.713651,24938.71,692.00
349.814370,24951.06,664.00
349.915102,24951.06,762.00
350.016075,24963.52,764.00
350.117203,24963.52,764.00
350.218099,24963.52,764.00
350.319278,24963.52,610.00
350.420040,24963.52,666.00
350.520780,24963.52,680.00
350.621524,24963.52,750.00
350.722339,24963.52,582.00
350.823339,24963.52,582.00
350.924149,24963.52,582.00
351.025078,24963.52,582.00
351.125893,24963.52,582.00
351.226753,24963.52,582.00
351.328738,24763.12,582.00
351.430576,24763.12,582.00
351.533080,24763.12,582.00
351.635523,24763.12,582.00
351.737899,24763.12,582.00
351.840083,24763.12,582.00
351.942427,24763.12,582.00
352.044603,24763.12,582.00
352.146823,24763.12,582.00
352.249070,24763.12,582.00
352.351200,24763.12,582.00
352.453174,24763.12,582.00
352.555455,24763.12,582.00
352.657922,24763.12,582.00
352.760505,24763.12,582.00
352.862711,24763.12,582.00
352.965050,24763.12,582.00
353.067584,24763.12,582.00
353.170173,24763.12,582.00
353.272995,24763.12,582.00
353.375472,24763.12,582.00
353.477892,24763.12,582.00
353.580444,24763.12,582.00
353.682485,24763.12,582.00
353.784633,24763.12,582.00
353.887018,24763.12,582.00
353.989305,24763.12,582.00
354.091450,24775.46,582.00
354.194156,24937.55,582.00
354.294853,25062.23,772.00
354.395447,25062.23,738.00
354.496014,25062.23,780.00
354.596596,25062.23,624.00
354.697098,25062.23,610.00
354.797667,25062.23,652.00
354.898310,25062.23,786.00
354.998857,25062.23,780.00
355.099402,25062.23,774.00
355.199995,25062.23,780.00
355.300643,25062.23,652.00
355.401154,25062.23,738.00
355.501701,25062.23,780.00
355.602305,25062.23,780.00
355.702933,25062.23,788.00
355.803594,25062.23,778.00
355.907136,25062.23,708.00
356.007927,25062.23,774.00
356.108680,25062.23,676.00
356.210126,25062.23,782.00
356.310897,25062.23,698.00
356.411462,25062.23,782.00
356.512100,25062.23,782.00
356.612690,25062.23,656.00
356.713336,25062.23,738.00
356.814060,25062.23,668.00
356.914727,25062.23,668.00
357.015712,25062.23,740.00
357.116404,25062.23,768.00
357.217052,25062.23,626.00
357.317688,25062.23,758.00
357.418649,25062.23,628.00
357.519323,25062.23,652.00
357.619922,25062.23,618.00
357.720474,25062.23,708.00
357.821295,25062.23,666.00
357.921870,25062.23,772.00
358.022594,25062.23,672.00
358.123288,25062.23,778.00
358.223921,25062.23,730.00
358.324798,25062.23,694.00
358.425365,25062.23,778.00
358.526116,25062.23,610.00
358.626752,25062.23,610.00
358.727528,25062.23,610.00
358.828224,25062.23,610.00
358.928810,25062.23,610.00
359.029508,25062.23,610.00
359.131673,24837.93,610.00
359.234162,24837.93,610.00
359.336324,24837.93,610.00
359.438695,24837.93,610.00
359.541231,24837.93,610.00
359.643120,24837.93,610.00
359.744817,24837.93,610.00
359.847189,24837.93,610.00
359.949353,24837.93,610.00
360.050441,24837.93,610.00
360.152501,24837.93,610.00
360.255510,24837.93,610.00
360.356482,24837.93,610.00
360.457657,24837.93,610.00
360.562541,24837.93,610.00
360.664512,24837.93,610.00
360.766565,24837.93,610.00
360.868952,24837.93,610.00
360.972098,24837.93,610.00
361.074175,24837.93,610.00
361.178967,24837.93,610.00
361.281167,24837.93,610.00
361.383641,24837.93,610.00
361.485975,24837.93,610.00
361.588380,24837.93,610.00
361.689883,24837.93,610.00
361.790563,24837.93,588.00
361.891254,24837.94,700.00
361.991918,24837.94,742.00
362.092569,24837.94,742.00
362.193195,24837.94,728.00
362.293843,24837.94,616.00
362.394462,24837.94,742.00
362.495032,24837.94,742.00
362.595701,24837.94,602.00
362.696319,24837.94,742.00
362.797033,24837.94,672.00
362.897639,24837.94,742.00
362.998255,24750.66,742.00
363.099031,24750.66,672.00
363.199716,24750.66,644.00
363.300442,24750.66,742.00
363.401050,24750.66,574.00
363.501722,24750.66,588.00
363.602538,24750.66,630.00
363.703237,24750.66,644.00
363.803914,24750.66,630.00
363.904574,24750.66,602.00
364.005449,24750.66,630.00
364.106266,24750.66,658.00
364.206923,24750.67,742.00
364.307631,24750.67,588.00
364.408475,24750.67,588.00
364.509408,24750.67,588.00
364.610015,24750.67,588.00
364.712095,24750.67,588.00
364.814409,24750.67,588.00
364.917172,24750.67,588.00
365.019776,24750.67,588.00
365.122403,24750.67,588.00
365.225492,24750.67,588.00
365.328538,24750.67,588.00
365.430386,24750.67,588.00
365.533691,24750.67,588.00
365.637054,24750.67,588.00
365.741100,24750.67,588.00
365.845254,24750.67,588.00
365.946429,24750.67,588.00
366.048416,24750.67,588.00
366.151504,24750.67,588.00
366.252603,24750.67,588.00
366.353762,24750.67,588.00
366.456815,24750.67,588.00
366.559630,24750.67,588.00
366.661767,24750.67,588.00
366.764195,24750.67,588.00
366.866396,24750.67,588.00
366.969143,24750.67,588.00
367.071387,24750.67,588.00
367.174037,24750.67,588.00
367.276844,24750.67,588.00
367.379428,24750.67,588.00
367.482209,24750.67,588.00
367.584603,24750.67,588.00
367.687377,24750.67,588.00
367.789948,24862.76,588.00
367.892236,24962.50,588.00
367.994981,25124.59,588.00
368.095772,25236.80,720.00
368.196361,25236.80,756.00
368.296975,25236.80,756.00
368.397558,25236.80,756.00
368.498140,25236.80,756.00
368.598825,25236.80,672.00
368.699389,25236.80,700.00
368.800069,25236.80,658.00
368.900683,25236.80,756.00
369.001509,25236.80,692.00
369.102385,25236.80,644.00
369.203155,25236.80,728.00
369.303995,25236.80,602.00
369.404746,25236.80,764.00
369.505462,25236.80,610.00
369.606222,25236.80,764.00
369.707059,25236.80,750.00
369.808000,25236.80,652.00
369.908936,25236.80,610.00
370.009676,25236.80,680.00
370.110505,25236.80,756.00
370.211267,25236.80,680.00
370.312072,25236.80,588.00
370.412923,25236.80,714.00
370.513687,25236.80,764.00
370.614590,25236.80,764.00
370.715384,25236.80,666.00
370.816276,25236.80,652.00
370.917003,25236.80,708.00
371.017793,25236.80,750.00
371.118690,25236.80,694.00
371.219506,25236.80,694.00
371.320317,25236.80,750.00
371.421236,25236.80,582.00
371.522188,25236.80,582.00
371.622924,25236.80,582.00
371.723603,25236.80,582.00
371.824393,25236.80,582.00
371.925121,25236.80,582.00
372.027130,25236.80,582.00
372.129500,25236.80,582.00
372.231419,25236.80,582.00
372.333671,25236.80,582.00
372.436104,25236.80,582.00
372.537989,25236.80,582.00
372.638958,25236.80,582.00
372.740888,25236.80,582.00
372.843202,25236.80,582.00
372.945498,25236.80,582.00
373.047636,25236.80,582.00
373.149896,25236.80,582.00
373.252237,25236.80,582.00
373.354443,25236.80,582.00
373.457286,25236.80,582.00
373.559751,25236.80,582.00
373.661941,25236.80,582.00
373.763996,25236.80,582.00
373.866327,25236.80,582.00
373.968281,25236.80,582.00
374.070449,25236.80,582.00
374.172798,25236.80,582.00
374.275261,25236.80,582.00
374.377714,25236.80,582.00
374.479590,25236.80,582.00
374.582107,25236.80,582.00
374.685013,25236.80,582.00
374.786583,25236.80,582.00
374.888534,25236.80,582.00
374.991258,25236.80,582.00
375.093813,25236.80,582.00
375.197145,25236.80,582.00
375.299632,25236.80,582.00
375.401733,25236.80,582.00
375.504399,25236.80,582.00
375.605195,25236.80,714.00
375.705870,25236.80,750.00
375.806568,25236.80,678.00
375.907206,25236.80,764.00
376.007763,25236.80,762.00
376.108346,25236.80,778.00
376.208899,25236.80,722.00
376.309524,25236.80,664.00
376.410099,25236.80,764.00
376.510715,25236.80,778.00
376.611326,25236.80,736.00
376.711928,25236.80,778.00
376.812491,25236.80,624.00
376.913126,25236.80,756.00
377.013846,25236.80,624.00
377.114840,25236.80,680.00
377.215678,25236.80,624.00
377.316431,25236.80,764.00
377.417229,25236.80,778.00
377.517991,25236.80,666.00
377.618589,25236.80,764.00
377.719362,25236.80,764.00
377.820187,25236.80,778.00
377.920821,25236.80,750.00
378.021518,24962.62,770.00
378.122170,24962.62,624.00
378.222762,24962.62,722.00
378.323650,24962.62,778.00
378.424374,24962.62,764.00
378.525062,24962.62,778.00
378.625846,24962.62,770.00
378.726447,24962.62,672.00
378.827131,24962.62,764.00
378.927750,24962.62,764.00
379.028337,24974.97,770.00
379.129044,24987.44,680.00
379.229874,24987.44,596.00
379.330753,24987.44,596.00
379.431463,24987.44,596.00
379.532368,24987.44,596.00
379.633221,24987.44,596.00
379.734244,24987.44,596.00
379.835152,24987.44,596.00
379.937431,24987.44,596.00
380.039808,24987.44,596.00
380.141614,24987.44,596.00
380.243856,24987.44,596.00
380.345573,24987.44,596.00
380.447697,24987.44,596.00
380.549807,24987.44,596.00
380.651908,24987.44,596.00
380.754094,24987.44,596.00
380.857515,24987.44,596.00
380.978042,24987.44,596.00
381.080260,24987.44,596.00
381.182931,24987.44,596.00
381.285092,24987.44,596.00
381.387104,24987.44,596.00
381.488452,24987.44,596.00
381.590227,24987.44,596.00
381.692495,24987.44,596.00
381.795006,24987.44,596.00
381.897233,24987.44,596.00
381.999454,24987.44,596.00
382.101892,24987.44,596.00
382.203909,24987.44,596.00
382.305860,24987.44,596.00
382.408282,24987.44,596.00
382.510880,24987.44,596.00
382.612932,24987.44,596.00
382.715117,24987.44,596.00
382.817245,24987.44,596.00
382.919915,24987.44,596.00
383.020652,24987.44,796.00
383.121157,24987.44,670.00
383.221708,24987.44,790.00
383.322242,24987.44,656.00
383.422844,24987.44,798.00
383.523465,24987.44,626.00
383.624138,24987.44,798.00
383.724789,24987.44,740.00
383.825401,24987.44,794.00
383.926052,24987.44,794.00
384.026723,24987.44,794.00
384.127277,24987.44,790.00
384.227847,24987.44,788.00
384.328394,24987.44,788.00
384.429053,24987.44,794.00
384.529764,24987.44,712.00
384.630355,24987.44,676.00
384.730933,24987.44,798.00
384.831526,24987.44,610.00
384.932157,24987.44,804.00
385.032724,24987.44,736.00
385.133263,24987.44,794.00
385.233975,24987.44,798.00
385.334624,24987.44,708.00
385.435217,24987.44,802.00
385.536242,24987.44,704.00
385.637360,24987.44,806.00
385.738122,24987.44,700.00
385.838997,24987.44,708.00
385.939572,24987.44,806.00
386.040427,24987.44,710.00
386.141449,24987.44,812.00
386.242568,24987.44,630.00
386.343758,24987.44,798.00
386.444491,24987.44,664.00
386.545257,24987.44,800.00
386.645897,24987.44,762.00
386.746560,24987.44,776.00
386.847175,24987.44,796.00
386.947985,24987.44,646.00
387.048837,24987.44,646.00
387.149661,24987.44,646.00
387.250921,24987.44,646.00
387.352006,24987.44,646.00
387.452909,24987.44,646.00
387.555325,24937.70,646.00
387.657736,24937.70,646.00
387.760215,24937.70,646.00
387.862973,24937.70,646.00
387.965106,24937.70,646.00
388.067546,24937.70,646.00
388.169933,24937.70,646.00
388.272269,24937.70,646.00
388.374246,24937.70,646.00
388.476875,24937.70,646.00
388.579524,24937.70,646.00
388.681655,24937.70,646.00
388.783705,24937.70,646.00
388.886270,24937.70,646.00
388.987267,24937.70,636.00
389.087779,24937.70,736.00
389.188419,24937.70,658.00
389.288982,24937.70,722.00
389.389519,24937.70,736.00
389.490132,24937.70,728.00
389.590920,24937.70,644.00
389.691480,24887.82,658.00
389.792086,24887.82,742.00
389.892752,24887.82,736.00
389.993361,24887.82,750.00
390.093923,24887.82,630.00
390.194504,24887.82,610.00
390.295127,24887.82,708.00
390.395758,24887.82,644.00
390.496450,24887.82,742.00
390.597227,24887.82,736.00
390.697832,24887.82,610.00
390.798426,24887.82,582.00
390.899014,24887.82,652.00
390.999600,24887.82,700.00
391.100186,24887.82,694.00
391.200844,24887.82,644.00
391.301486,24887.82,638.00
391.402156,24887.82,722.00
391.502741,24887.82,554.00
391.603392,24887.82,554.00
391.704308,24887.82,554.00
391.806663,24887.82,554.00
391.909559,24887.82,554.00
392.011505,24887.82,554.00
392.113809,24887.82,554.00
392.216585,24887.82,554.00
392.318927,24887.82,554.00
392.420807,24887.82,554.00
392.523209,24887.82,554.00
392.625267,24887.82,554.00
392.728096,24887.82,554.00
392.831550,24887.82,554.00
392.933693,24887.82,554.00
393.035897,24887.82,554.00
393.138511,24887.82,554.00
393.240754,24887.82,554.00
393.342742,24887.82,554.00
393.444653,24887.82,554.00
393.547118,24887.82,554.00
393.648881,24887.82,554.00
393.751842,24887.82,554.00
393.854145,24887.82,554.00
393.956831,24887.82,554.00
394.059240,24887.82,554.00
394.161318,24887.82,554.00
394.263657,24887.82,554.00
394.366077,24887.82,554.00
394.468269,24887.82,554.00
394.570572,24887.82,554.00
394.673054,24887.82,554.00
394.775409,24887.82,554.00
394.876239,24887.82,554.00
394.978907,24887.82,554.00
395.080942,24887.82,554.00
395.183691,24887.82,554.00
395.285138,24887.82,588.00
395.385922,24887.82,726.00
395.486728,24887.82,670.00
395.587365,24887.82,600.00
395.687926,24887.82,628.00
395.788500,24887.82,754.00
395.889126,24887.82,600.00
395.989857,24887.82,684.00
396.090520,24887.82,684.00
396.191198,24887.82,656.00
396.291873,24887.82,754.00
396.392444,24887.82,740.00
396.492999,24887.82,670.00
396.593579,24887.82,740.00
396.694330,24887.82,670.00
396.794946,24887.82,656.00
396.895687,24887.82,656.00
396.996360,24887.82,684.00
397.097234,24887.82,754.00
397.197990,24887.82,726.00
397.298871,24887.82,754.00
397.399651,24887.82,754.00
397.500444,24887.82,754.00
397.601214,24887.82,754.00
397.702040,24887.82,754.00
397.802843,24887.82,670.00
397.903595,24887.82,628.00
398.004351,24887.82,740.00
398.105240,24887.82,642.00
398.206150,24887.82,698.00
398.306789,24887.82,754.00
398.407452,24887.82,670.00
398.508059,24887.82,754.00
398.608792,24887.82,670.00
398.709531,24887.82,614.00
398.810225,24887.82,614.00
398.910820,24887.82,614.00
399.011423,24887.82,614.00
399.112132,24887.82,614.00
399.212886,24887.82,614.00
399.315243,24887.82,614.00
399.418013,24887.82,614.00
399.520426,24887.82,614.00
399.623006,24887.82,614.00
399.725440,24887.82,614.00
399.827188,24887.82,614.00
399.929474,24887.82,614.00
400.031953,24887.82,614.00
400.134027,24887.82,614.00
400.236427,24887.82,614.00
400.338743,24887.82,614.00
400.441413,24887.82,614.00
400.543466,24887.82,614.00
400.645917,24887.82,614.00
400.748195,24887.82,614.00
400.850582,24887.82,614.00
400.953095,24887.82,614.00
401.055966,24887.82,614.00
401.158158,24887.82,614.00
401.260513,24887.82,614.00
401.362822,24887.82,614.00
401.465528,24887.82,614.00
401.567496,24887.82,614.00
401.670354,24887.82,614.00
401.772741,24887.82,614.00
401.875385,24887.82,614.00
401.978354,24887.82,614.00
402.080800,24887.82,614.00
402.183217,24887.82,614.00
402.285780,24887.82,614.00
402.387966,24887.82,614.00
402.488739,24887.82,768.00
402.589304,24887.82,754.00
402.689862,24887.82,754.00
402.790521,24887.82,656.00
402.891143,24887.82,670.00
402.991922,24887.82,656.00
403.092588,24887.82,760.00
403.193233,24887.82,768.00
403.293817,24887.82,762.00
403.394380,24887.82,762.00
403.494975,24887.82,776.00
403.595699,24887.82,754.00
403.696371,24887.82,628.00
403.797012,24887.82,608.00
403.897775,24887.82,692.00
403.998487,24837.95,762.00
404.099351,24837.95,650.00
404.199987,24837.95,762.00
404.300711,24837.95,762.00
404.401439,24850.29,608.00
404.502139,24850.29,776.00
404.602766,24850.29,768.00
404.703337,24850.29,748.00
404.804027,24862.76,594.00
404.904678,24862.76,762.00
405.005245,24862.76,622.00
405.105800,24862.76,594.00
405.206412,24875.23,636.00
405.307030,24875.23,762.00
405.407686,24875.23,762.00
405.508282,24875.23,678.00
405.608844,24875.23,762.00
405.709413,24875.23,720.00
405.810030,24875.23,762.00
405.910572,24875.23,664.00
406.011288,24875.23,580.00
406.111902,24875.23,580.00
406.212569,24875.23,580.00
406.313174,24875.23,580.00
406.413976,24875.23,580.00
406.514692,24875.23,580.00
406.615320,24875.23,580.00
406.717593,24875.23,580.00
406.820044,24875.23,580.00
406.922707,24875.23,580.00
407.025028,24875.23,580.00
407.127388,24875.23,580.00
407.229694,24875.23,580.00
407.332053,24875.23,580.00
407.434401,24875.23,580.00
407.536281,24875.23,580.00
407.638882,24875.23,580.00
407.741655,24875.23,580.00
407.843583,24875.23,580.00
407.946037,24875.23,580.00
408.048620,24875.23,580.00
408.151026,24875.23,580.00
408.253743,24875.23,580.00
408.355890,24875.23,580.00
408.457787,24875.23,580.00
408.559756,24875.23,580.00
408.662700,24875.23,580.00
408.765129,24875.23,580.00
408.867669,24875.23,580.00
408.970454,24875.23,580.00
409.072243,24875.23,580.00
409.174478,24875.23,580.00
409.277258,24875.23,580.00
409.379896,24875.23,580.00
409.482352,24875.23,580.00
409.584774,24962.50,580.00
409.685579,25024.85,630.00
409.786264,25024.85,686.00
409.886778,25024.85,778.00
409.987715,25024.85,786.00
410.088430,25024.85,650.00
410.189296,25024.85,672.00
410.289861,25024.85,778.00
410.390362,25024.85,708.00
410.491044,25024.85,780.00
410.591651,25024.85,774.00
410.692227,25024.85,768.00
410.792843,25024.85,774.00
410.893403,25024.85,768.00
410.993991,25024.85,774.00
411.094638,25024.85,768.00
411.195215,25024.85,782.00
411.295819,25024.85,768.00
411.396570,25024.85,774.00
411.497287,25024.85,782.00
411.597868,25024.85,774.00
411.698479,25024.85,788.00
411.799225,25024.85,768.00
411.899831,25024.85,782.00
412.000408,25024.85,782.00
412.101154,25024.85,796.00
412.201815,25024.85,690.00
412.302757,25024.85,782.00
412.403328,25024.85,684.00
412.504151,25024.85,782.00
412.605032,25024.85,712.00
412.705838,25024.85,740.00
412.806527,25024.85,768.00
412.907150,25024.85,782.00
413.007659,25024.85,656.00
413.108276,25024.85,782.00
413.208879,25024.85,746.00
413.309492,25024.85,668.00
413.410255,25024.85,682.00
413.510855,25024.85,786.00
413.611558,25024.85,690.00
413.712260,25024.85,620.00
413.813010,25024.85,620.00
413.913664,25024.85,620.00
414.014589,25024.85,620.00
414.115507,25024.85,620.00
414.216090,25024.85,620.00
414.316910,25024.85,620.00
414.419015,25024.86,620.00
414.521573,25024.86,620.00
414.623872,25024.86,620.00
414.726599,25024.86,620.00
414.829078,25024.86,620.00
414.931734,25024.86,620.00
415.034015,25024.86,620.00
415.136484,25024.86,620.00
415.239222,25024.86,620.00
415.341321,25024.86,620.00
415.443796,25024.86,620.00
415.546495,25024.86,620.00
415.649619,25024.86,620.00
415.751634,25024.86,620.00
415.853989,25024.86,620.00
415.956305,25024.86,620.00
416.057082,25024.86,620.00
416.160803,25024.86,620.00
416.263630,25024.86,620.00
416.366096,25024.86,620.00
416.468061,25024.86,620.00
416.570392,25024.86,620.00
416.672165,25024.86,620.00
416.774155,25024.86,620.00
416.874933,25024.86,664.00
416.975564,25024.86,664.00
417.076157,24875.36,642.00
417.176936,24875.36,656.00
417.277615,24875.36,734.00
417.378279,24875.36,656.00
417.478955,24875.36,734.00
417.579519,24875.36,628.00
417.680150,24875.36,594.00
417.780840,24875.36,636.00
417.881445,24875.36,740.00
417.982144,24875.36,664.00
418.082846,24875.36,586.00
418.183816,24875.36,650.00
418.284700,24875.36,740.00
418.385491,24875.36,734.00
418.486177,24875.36,656.00
418.586861,24875.36,734.00
418.687383,24875.36,670.00
418.788053,24875.36,552.00
418.888704,24875.36,580.00
418.989345,24875.36,622.00
419.090044,24875.36,580.00
419.190679,24875.36,622.00
419.291314,24875.36,734.00
419.391944,24875.36,552.00
419.492585,24875.36,552.00
419.593527,24875.36,552.00
419.694339,24875.36,552.00
419.796748,24875.36,552.00
419.897659,24875.36,552.00
419.999836,24875.36,552.00
420.102008,24875.36,552.00
420.204094,24875.36,552.00
420.306013,24875.36,552.00
420.408101,24875.36,552.00
420.509973,24875.36,552.00
420.611832,24875.36,552.00
420.713997,24875.36,552.00
420.815629,24875.36,552.00
420.917530,24875.36,552.00
421.019447,24875.36,552.00
421.121796,24875.36,552.00
421.223340,24875.36,552.00
421.325334,24875.36,552.00
421.426950,24875.36,552.00
421.529629,24875.36,552.00
421.631468,24875.36,552.00
421.733856,24875.36,552.00
421.836020,24875.36,552.00
421.938474,24875.36,552.00
422.040449,24875.36,552.00
422.142181,24875.36,552.00
422.245044,24875.36,552.00
422.347258,24875.36,552.00
422.449453,24875.36,552.00
422.551497,24875.36,552.00
422.654882,24875.36,552.00
422.757041,24875.36,552.00
422.859338,24875.36,552.00
422.961721,24875.36,552.00
423.065945,24962.51,552.00
423.169346,25112.13,552.00
423.270167,25149.54,760.00
423.370838,25149.54,620.00
423.471385,25149.54,670.00
423.572071,25149.54,768.00
423.672689,25149.54,614.00
423.773343,25149.54,656.00
423.873950,25149.54,684.00
423.974629,25149.54,760.00
424.075483,25149.54,662.00
424.176261,25149.54,664.00
424.276985,25149.54,760.00
424.377772,25149.54,620.00
424.478446,25149.54,682.00
424.579101,25149.54,760.00
424.679907,25149.54,746.00
424.780639,25149.54,760.00
424.881227,25149.54,648.00
424.981899,25149.54,760.00
425.082548,25149.54,606.00
425.183260,25149.54,648.00
425.283865,25149.54,748.00
425.384471,25149.54,664.00
425.485165,25149.54,692.00
425.585799,25149.54,664.00
425.686804,25149.54,664.00
425.787975,25149.54,650.00
425.889093,25149.54,748.00
425.990241,25149.54,636.00
426.091382,25149.54,762.00
426.192325,25149.54,748.00
426.293279,25149.54,762.00
426.394073,25149.54,762.00
426.495270,25149.54,606.00
426.596497,25149.54,606.00
426.697367,25149.54,606.00
426.798516,25149.54,606.00
426.899616,25149.54,606.00
427.000727,25149.54,606.00
427.101841,25149.54,606.00
427.204351,25149.54,606.00
427.305247,25149.54,606.00
427.407325,25149.54,606.00
427.509759,25149.54,606.00
427.611706,25149.54,606.00
427.713521,25149.54,606.00
427.816314,25149.54,606.00
427.918772,25149.54,606.00
428.021272,25149.54,606.00
428.123391,25149.54,606.00
428.225661,25149.54,606.00
428.328309,25149.54,606.00
428.430972,25149.54,606.00
428.533672,25149.54,606.00
428.635685,25149.54,606.00
428.738434,25149.54,606.00
428.840982,25149.54,606.00
428.943202,25149.54,606.00
429.045818,25149.54,606.00
429.148713,25149.54,606.00
429.251130,25149.54,606.00
429.353487,25149.54,606.00
429.455721,25149.54,606.00
429.557768,25149.54,606.00
429.659872,25149.54,606.00
429.762640,25149.54,606.00
429.865427,25149.54,606.00
429.967867,25149.54,606.00
430.071125,25149.54,606.00
430.174402,25149.54,606.00
430.276828,25149.54,606.00
430.379527,25149.54,606.00
430.480373,25149.54,768.00
430.580943,25149.54,762.00
430.681499,25149.54,720.00
430.782033,25149.54,622.00
430.882588,25149.54,664.00
430.983159,25149.54,692.00
431.083710,25149.54,768.00
431.184258,25149.54,778.00
431.284850,25149.54,764.00
431.385502,25149.54,764.00
431.486058,25149.54,624.00
431.586813,25149.54,652.00
431.687433,25149.54,624.00
431.788006,25149.54,778.00
431.888644,25149.54,624.00
431.989348,25149.54,624.00
432.090014,25149.54,764.00
432.190686,25149.54,666.00
432.291571,25149.54,610.00
432.392253,25149.54,764.00
432.493096,25149.54,624.00
432.593634,25149.54,742.00
432.694315,25149.54,764.00
432.794968,25149.54,764.00
432.895781,25149.54,764.00
432.996553,25149.54,694.00
433.097465,25149.54,764.00
433.198388,25149.54,764.00
433.299256,25149.54,764.00
433.399900,25149.54,764.00
433.500602,25149.54,666.00
433.601247,25149.54,680.00
433.701915,25149.54,686.00
433.802662,25149.54,672.00
433.903331,25149.54,666.00
434.003963,25149.54,602.00
434.104644,25149.54,602.00
434.205283,25149.54,602.00
434.305972,25149.54,602.00
434.406580,25149.54,602.00
434.507275,25149.54,602.00
434.607992,25149.54,602.00
434.710146,25024.98,602.00
434.812556,25024.98,602.00
434.916975,25024.98,602.00
435.021774,25024.98,602.00
435.122669,25024.98,602.00
435.223665,25024.98,602.00
435.325445,25024.98,602.00
435.427463,25024.98,602.00
435.529362,25024.98,602.00
435.631460,25024.98,602.00
435.734043,25024.98,602.00
435.846026,25024.98,602.00
435.948530,25024.98,602.00
436.049419,25024.98,602.00
436.151273,25024.98,602.00
436.253604,25024.98,602.00
436.356060,25024.98,602.00
436.458082,25024.98,602.00
436.560575,25024.98,602.00
436.663142,25024.98,602.00
436.765922,25024.98,602.00
436.868122,25024.98,602.00
436.970759,25024.98,602.00
437.073488,25024.98,602.00
437.175948,25024.98,602.00
437.278759,25024.98,602.00
437.381074,25024.98,602.00
437.483842,25024.98,602.00
437.586399,25024.98,602.00
437.687288,25024.98,602.00
437.787811,25024.98,802.00
437.888449,25024.98,802.00
437.989113,25024.98,802.00
438.089851,25024.98,648.00
438.190433,25024.98,782.00
438.291061,25024.98,624.00
438.391671,25024.98,806.00
438.492231,25024.98,622.00
438.592812,25024.98,624.00
438.693361,25024.98,786.00
438.793927,25024.98,716.00
438.894505,25024.98,658.00
438.995112,25024.98,786.00
439.095927,25024.98,798.00
439.196497,25024.98,672.00
439.297124,25024.98,688.00
439.397741,25024.98,806.00
439.498294,25024.98,690.00
439.598955,25024.98,792.00
439.699629,25024.98,792.00
439.800241,25024.98,660.00
439.900857,25024.98,800.00
440.001416,25024.98,798.00
440.102045,25024.98,792.00
440.202627,25024.98,806.00
440.303286,25024.98,748.00
440.403896,25024.98,690.00
440.504504,25024.98,798.00
440.605009,25024.98,686.00
440.705666,25024.98,670.00
440.806295,25024.98,784.00
440.906949,25024.98,718.00
441.007520,25024.98,796.00
441.108157,25024.98,684.00
441.208744,25024.98,706.00
441.309293,25024.98,790.00
441.409953,25024.98,642.00
441.510525,25024.98,788.00
441.611382,25024.98,784.00
441.712002,25024.98,628.00
441.812723,25024.98,628.00
441.913423,25024.98,628.00
442.014227,25024.98,628.00
442.115017,25024.98,628.00
442.215738,25024.98,628.00
442.316446,25024.99,628.00
442.419051,25024.99,628.00
442.521460,25024.99,628.00
442.623814,25024.99,628.00
442.726385,25024.99,628.00
442.828629,25024.99,628.00
442.930916,25024.99,628.00
443.032642,25024.99,628.00
443.135010,25024.99,628.00
443.236821,25024.99,628.00
443.339213,25024.99,628.00
443.441875,25024.99,628.00
443.544346,25024.99,628.00
443.647027,25024.99,628.00
443.748971,25024.99,628.00
443.849729,25024.99,592.00
443.950364,25024.99,648.00
444.051095,25024.99,662.00
444.152097,25024.99,598.00
444.252782,25024.99,592.00
444.353340,24975.11,612.00
444.454096,24975.11,732.00
444.554698,24975.11,710.00
444.655235,24975.11,578.00
444.755906,24975.11,578.00
444.856497,24975.11,606.00
444.957240,24975.11,578.00
445.057957,24975.11,578.00
445.158588,24975.11,648.00
445.259384,24975.11,724.00
445.359968,24975.11,620.00
445.460773,24975.11,598.00
445.561539,24975.11,648.00
445.662220,24975.11,654.00
445.762961,24975.11,704.00
445.863768,24975.11,598.00
445.964545,24975.11,662.00
446.065315,24975.11,584.00
446.165957,24975.11,718.00
446.266653,24975.11,612.00
446.367314,24975.11,564.00
446.468094,24975.11,564.00
446.569888,24900.30,564.00
446.671527,24900.30,564.00
446.773774,24900.30,564.00
446.875688,24900.30,564.00
446.977835,24900.30,564.00
447.079972,24900.30,564.00
447.182349,24900.30,564.00
447.283850,24900.30,564.00
447.385563,24900.30,564.00
447.487487,24900.30,564.00
447.589455,24900.30,564.00
447.691459,24900.30,564.00
447.793390,24900.30,564.00
447.895771,24900.30,564.00
447.999593,24900.30,564.00
448.101703,24900.30,564.00
448.204087,24900.30,564.00
448.306183,24900.30,564.00
448.408357,24900.30,564.00
448.510770,24900.30,564.00
448.612899,24900.30,564.00
448.714559,24900.30,564.00
448.816647,24900.30,564.00
448.918580,24900.30,564.00
449.020684,24900.30,564.00
449.122679,24900.30,564.00
449.225275,24900.30,564.00
449.327508,24900.30,564.00
449.429806,24900.30,564.00
449.532212,24900.30,564.00
449.634661,24900.30,564.00
449.737064,24900.30,564.00
449.838907,24900.30,564.00
449.941133,24900.30,564.00
450.041949,24900.30,634.00
450.142569,24900.30,676.00
450.243234,24900.30,762.00
450.343790,24900.30,748.00
450.444343,24900.30,760.00
450.545065,24900.30,760.00
450.645618,24900.30,676.00
450.746270,24900.30,606.00
450.846827,24900.30,606.00
450.947438,24900.30,762.00
451.048215,24900.30,762.00
451.148836,24900.30,760.00
451.249597,24900.30,760.00
451.350517,24900.30,748.00
451.451442,24900.30,654.00
451.552252,24900.30,760.00
451.653109,24900.30,648.00
451.753887,24900.30,760.00
451.854830,24900.30,676.00
451.955579,24900.30,578.00
452.056355,24900.30,760.00
452.156926,24900.30,620.00
452.257470,24900.30,718.00
452.358015,24900.30,634.00
452.458677,24900.30,752.00
452.559299,24900.30,746.00
452.659931,24900.30,662.00
452.760558,24900.30,774.00
452.861371,24900.30,676.00
452.961970,24900.30,662.00
453.062680,24900.30,648.00
453.163341,24900.30,746.00
453.263974,24900.30,748.00
453.364553,24900.30,636.00
453.465129,24900.30,592.00
453.565749,24900.30,592.00
453.666456,24900.30,592.00
453.767674,24900.30,592.00
453.868452,24900.30,592.00
453.969085,24900.30,592.00
454.071476,24900.30,592.00
454.173750,24900.30,592.00
454.275849,24900.30,592.00
454.378181,24900.30,592.00
454.480483,24900.30,592.00
454.582674,24900.30,592.00
454.684994,24900.30,592.00
454.787377,24900.30,592.00
454.889871,24900.30,592.00
454.992300,24900.30,592.00
455.094548,24900.30,592.00
455.196558,24900.30,592.00
455.299345,24900.30,592.00
455.401572,24900.30,592.00
455.504020,24900.30,592.00
455.606415,24900.30,592.00
455.708584,24900.30,592.00
455.811008,24900.30,592.00
455.913705,24900.30,592.00
456.016513,24900.30,592.00
456.119261,24900.30,592.00
456.222056,24900.30,592.00
456.324382,24900.30,592.00
456.426974,24900.30,592.00
456.529794,24900.30,592.00
456.632550,24900.30,592.00
456.734840,24900.30,592.00
456.837868,24900.30,592.00
456.942166,24900.30,592.00
457.044391,24900.30,592.00
457.147089,24900.30,592.00
457.248221,24900.30,592.00
457.349158,24900.31,774.00
457.449741,24900.31,662.00
457.550260,24900.31,762.00
457.650870,24900.31,698.00
457.751600,24900.31,762.00
457.852274,24900.31,732.00
457.953106,24900.31,676.00
458.054009,24900.31,648.00
458.154728,24900.31,684.00
458.255578,24900.31,608.00
458.356177,24900.31,762.00
458.456746,24900.31,762.00
458.557402,24900.31,662.00
458.657987,24900.31,762.00
458.758611,24900.31,756.00
458.859247,24900.31,750.00
458.959893,24900.31,764.00
459.060472,24900.31,652.00
459.161154,24900.31,666.00
459.261785,24900.31,610.00
459.362540,24900.31,624.00
459.463235,24900.31,778.00
459.563859,24813.03,638.00
459.664415,24825.38,770.00
459.765057,24825.38,764.00
459.865909,24825.38,764.00
459.966488,24825.38,764.00
460.067086,24825.38,728.00
460.167668,24825.38,666.00
460.268240,24825.38,692.00
460.368819,24850.31,664.00
460.469330,24862.78,762.00
460.569963,24875.25,762.00
460.670488,24887.71,670.00
460.771214,24887.71,678.00
460.871825,24887.71,762.00
460.972677,24887.71,608.00
461.073555,24887.71,608.00
461.174469,24887.71,608.00
461.275590,24887.71,608.00
461.376296,24887.71,608.00
461.477153,24887.71,608.00
461.579692,24887.71,608.00
461.681727,24887.71,608.00
461.784070,24887.71,608.00
461.886368,24887.71,608.00
461.988127,24887.71,608.00
462.090502,24887.71,608.00
462.193285,24887.71,608.00
462.295882,24887.71,608.00
462.397721,24887.71,608.00
462.500218,24887.71,608.00
462.602732,24887.71,608.00
462.707092,24887.71,608.00
462.809216,24887.71,608.00
462.911256,24887.71,608.00
463.013678,24887.71,608.00
463.116317,24887.71,608.00
463.218757,24887.71,608.00
463.320927,24887.71,608.00
463.423811,24887.71,608.00
463.525506,24887.71,608.00
463.628134,24887.71,608.00
463.730786,24887.71,608.00
463.832507,24887.71,608.00
463.934462,24887.71,608.00
464.037018,24887.71,608.00
464.140564,24887.71,608.00
464.243318,24887.71,608.00
464.345759,24887.71,608.00
464.448203,24887.71,608.00
464.549213,24887.71,608.00
464.649792,24887.71,700.00
464.750459,24887.71,754.00
464.851131,24887.71,664.00
464.951685,24887.71,600.00
465.052312,24887.71,628.00
465.152912,24887.71,624.00
465.253525,24887.71,670.00
465.354100,24887.71,656.00
465.454696,24887.71,588.00
465.555373,24887.71,680.00
465.655959,24887.71,690.00
465.756631,24887.71,614.00
465.857358,24887.71,664.00
465.958022,24887.71,672.00
466.058622,24887.71,762.00
466.159200,24887.71,768.00
466.259850,24887.71,782.00
466.360443,24887.71,670.00
466.461004,24887.71,668.00
466.561516,24887.71,768.00
466.662274,24887.71,648.00
466.762850,24887.71,774.00
466.863570,24887.71,774.00
466.964184,24887.71,780.00
467.064775,24887.71,774.00
467.165341,24887.71,612.00
467.266071,24887.71,780.00
467.366691,24887.71,614.00
467.467269,24887.71,634.00
467.567897,24887.71,782.00
467.668467,24887.71,684.00
467.769085,24887.71,768.00
467.869745,24887.71,686.00
467.970361,24887.71,772.00
468.071005,24887.71,768.00
468.171507,24887.71,768.00
468.272211,24887.71,782.00
468.372800,24887.71,698.00
468.473357,24887.71,760.00
468.573950,24887.71,768.00
468.674523,24887.71,782.00
468.775176,24887.71,600.00
468.875813,24887.71,600.00
468.976361,24887.71,600.00
469.077014,24887.71,600.00
469.177652,24887.71,600.00
469.278355,24887.71,600.00
469.380137,24887.71,600.00
469.482364,24887.71,600.00
469.584439,24887.71,600.00
469.686311,24887.71,600.00
469.788555,24887.71,600.00
469.890669,24887.71,600.00
469.993021,24887.71,600.00
470.095432,24887.71,600.00
470.197683,24887.71,600.00
470.300153,24887.71,600.00
470.402425,24887.71,600.00
470.504709,24887.71,600.00
470.607144,24887.71,600.00
470.709414,24887.71,600.00
470.812176,24887.71,600.00
470.914115,24887.71,600.00
471.016347,24887.71,600.00
471.118687,24887.71,600.00
471.221152,24887.71,600.00
471.323126,24887.71,600.00
471.425619,24887.71,600.00
471.528226,24887.71,600.00
471.629180,24887.71,716.00
471.729932,24887.71,590.00
471.830585,24887.72,576.00
471.931371,24887.72,618.00
472.032089,24887.72,618.00
472.132719,24887.72,632.00
472.233369,24887.72,736.00
472.333979,24887.72,576.00
472.434673,24887.72,730.00
472.535306,24887.72,730.00
472.635860,24887.72,736.00
472.736432,24887.72,660.00
472.837069,24887.72,646.00
472.937639,24887.72,652.00
473.038289,24887.72,730.00
473.138833,24887.72,590.00
473.239477,24887.72,638.00
473.340103,24887.72,730.00
473.440767,24887.72,646.00
473.541327,24887.72,618.00
473.641995,24887.72,604.00
473.742680,24887.72,646.00
473.843225,24887.72,730.00
473.943837,24887.72,722.00
474.044482,24887.72,590.00
474.145095,24887.72,562.00
474.245784,24887.72,562.00
474.346523,24887.72,562.00
474.447247,24887.72,562.00
474.549331,24887.72,562.00
474.651344,24887.72,562.00
474.753900,24887.72,562.00
474.856257,24887.72,562.00
474.958268,24887.72,562.00
475.060198,24887.72,562.00
475.162026,24887.72,562.00
475.264486,24887.72,562.00
475.366971,24887.72,562.00
475.469143,24887.72,562.00
475.571149,24887.72,562.00
475.673688,24887.72,562.00
475.775491,24887.72,562.00
475.878239,24887.72,562.00
475.980387,24887.72,562.00
476.082342,24887.72,562.00
476.184585,24887.72,562.00
476.286093,24887.72,562.00
476.388156,24887.72,562.00
476.490554,24887.72,562.00
476.593039,24887.72,562.00
476.695191,24887.72,562.00
476.797996,24887.72,562.00
476.900328,24887.72,562.00
477.001117,24887.72,562.00
477.106251,24887.72,562.00
477.208684,24887.72,562.00
477.310636,24887.72,562.00
477.413116,24887.72,562.00
477.515486,24887.72,562.00
477.618223,24887.72,562.00
477.720274,24887.72,562.00
477.822422,24887.72,562.00
477.924940,24887.72,562.00
478.028574,25024.88,562.00
478.129650,25137.09,564.00
478.230692,25137.09,674.00
478.331573,25137.09,668.00
478.432534,25137.09,646.00
478.533369,25137.09,654.00
478.634337,25137.09,752.00
478.735109,25137.09,752.00
478.836100,25137.09,646.00
478.936835,25137.09,752.00
479.037674,25137.09,752.00
479.138686,25137.09,640.00
479.239475,25137.09,744.00
479.340305,25137.09,654.00
479.441182,25137.09,760.00
479.541964,25137.09,760.00
479.642758,25137.09,746.00
479.743395,25137.09,662.00
479.843975,25137.09,704.00
479.944542,25137.09,726.00
480.045190,25137.09,606.00
480.147158,25137.09,662.00
480.247986,25137.09,720.00
480.348994,25137.09,760.00
480.449978,25137.09,648.00
480.551166,25137.09,620.00
480.652354,25137.09,760.00
480.753453,25137.09,620.00
480.854398,25137.09,692.00
480.955231,25137.09,614.00
481.056132,25137.09,594.00
481.157220,25137.09,748.00
481.258389,25137.09,662.00
481.359623,25137.09,592.00
481.460976,25137.09,592.00
481.561831,25137.09,592.00
481.662559,25137.09,592.00
481.763376,25137.09,592.00
481.864509,25137.09,592.00
481.966701,25137.09,592.00
482.068823,25137.09,592.00
482.171298,25137.09,592.00
482.273310,25137.09,592.00
482.375719,25137.09,592.00
482.477049,25137.09,592.00
482.579192,25137.09,592.00
482.681266,25137.09,592.00
482.783300,25137.09,592.00
482.885303,25137.09,592.00
482.987365,25137.09,592.00
483.088895,25137.09,592.00
483.191342,25137.09,592.00
483.293526,25137.09,592.00
483.395693,25137.09,592.00
483.498374,25137.09,592.00
483.600807,25137.09,592.00
483.702899,25137.09,592.00
483.805092,25137.09,592.00
483.907146,25137.09,592.00
484.009494,25137.09,592.00
484.111657,25137.09,592.00
484.213659,25137.09,592.00
484.315833,25137.09,592.00
484.418148,25137.09,592.00
484.520111,25137.09,592.00
484.622569,25137.09,592.00
484.724662,25137.09,592.00
484.826743,25137.09,592.00
484.928890,25137.09,592.00
485.031753,25137.09,592.00
485.134382,25137.09,592.00
485.236792,25137.09,592.00
485.338845,25137.09,592.00
485.439641,25137.09,760.00
485.540206,25137.09,770.00
485.640777,25137.09,630.00
485.741321,25137.09,770.00
485.841894,25137.09,756.00
485.942525,25137.09,630.00
486.043141,25137.09,656.00
486.143673,25137.09,770.00
486.244268,25137.09,732.00
486.344826,25137.09,762.00
486.445569,25137.09,670.00
486.546263,25137.09,770.00
486.646887,25137.09,672.00
486.747432,25137.09,700.00
486.848031,25137.09,638.00
486.948728,25137.09,764.00
487.049290,25137.09,758.00
487.149961,25137.09,686.00
487.250675,25137.09,764.00
487.351252,25137.09,764.00
487.451853,25137.09,722.00
487.552678,25137.09,672.00
487.653288,25137.09,764.00
487.753892,25137.09,638.00
487.854469,25137.09,762.00
487.955033,25137.09,756.00
488.055740,25137.09,722.00
488.156355,25137.09,638.00
488.256962,25137.09,712.00
488.357503,25137.09,770.00
488.458063,25137.09,652.00
488.558732,25137.09,776.00
488.659417,25137.09,764.00
488.760204,25137.09,670.00
488.860890,25137.09,770.00
488.961432,25137.09,600.00
489.062168,25137.09,600.00
489.162910,25137.09,600.00
489.263569,25137.09,600.00
489.364209,25137.09,600.00
489.464853,25137.09,600.00
489.567450,25000.07,600.00
489.669631,25000.07,600.00
489.771975,25000.07,600.00
489.874321,25000.07,600.00
489.976738,25000.07,600.00
490.079398,25000.07,600.00
490.181986,25000.07,600.00
490.283844,25000.07,600.00
490.386150,25000.07,600.00
490.488438,25000.07,600.00
490.590690,25000.07,600.00
490.693118,25000.07,600.00
490.795181,25000.07,600.00
490.897496,25000.07,600.00
490.999477,25000.07,600.00
491.102011,25000.07,600.00
491.204693,25000.07,600.00
491.307192,25000.07,600.00
491.409518,25000.07,600.00
491.511813,25000.07,600.00
491.614431,25000.07,600.00
491.716401,25000.07,600.00
491.819065,25000.07,600.00
491.921481,25000.07,600.00
492.024093,25000.07,600.00
492.126785,25000.07,600.00
492.228939,25000.07,600.00
492.331275,25000.07,600.00
492.433817,25000.07,600.00
492.534629,25000.07,730.00
492.635187,25000.07,736.00
492.735854,25000.08,690.00
492.836478,25000.08,798.00
492.937152,25000.08,792.00
493.037767,25000.08,736.00
493.138490,25000.08,770.00
493.239128,25000.08,802.00
493.339654,25000.08,794.00
493.440264,25000.08,632.00
493.541035,25000.08,678.00
493.641582,25000.08,800.00
493.742260,25000.08,804.00
493.842827,25000.08,618.00
493.943481,25000.08,628.00
494.044080,25000.08,808.00
494.144662,25000.08,798.00
494.245239,25000.08,806.00
494.345767,25000.08,800.00
494.446306,25000.08,608.00
494.547099,25000.08,606.00
494.647689,25000.08,712.00
494.748217,25000.08,798.00
494.848906,25000.08,692.00
494.949650,25000.08,712.00
495.050225,25000.08,802.00
495.150814,25000.08,804.00
495.251481,25000.08,802.00
495.352114,25000.08,806.00
495.452690,25000.08,764.00
495.553319,25000.08,662.00
495.654032,25000.08,622.00
495.754616,25000.08,692.00
495.855218,25000.08,794.00
495.955783,25000.08,802.00
496.056322,25000.08,660.00
496.156876,25000.08,808.00
496.257483,25000.08,670.00
496.358115,25000.08,798.00
496.458684,25000.08,804.00
496.559317,25000.08,652.00
496.659972,25000.08,652.00
496.760701,25000.08,652.00
496.861300,25000.08,652.00
496.961970,25000.08,652.00
497.062534,25000.08,652.00
497.164904,24950.21,652.00
497.267062,24950.21,652.00
497.369599,24950.21,652.00
497.471977,24950.21,652.00
497.574507,24950.21,652.00
497.676674,24950.21,652.00
497.778856,24950.21,652.00
497.881086,24950.21,652.00
497.983128,24950.21,652.00
498.085703,24950.21,652.00
498.187780,24950.21,652.00
498.290283,24950.21,652.00
498.392856,24950.21,652.00
498.495379,24950.21,652.00
498.596461,24950.21,636.00
498.697059,24950.21,610.00
498.797727,24950.21,666.00
498.898621,24950.21,680.00
498.999248,24950.21,652.00
499.099919,24887.87,582.00
499.200530,24887.87,638.00
499.301247,24887.87,652.00
499.401858,24887.87,652.00
499.502414,24887.87,694.00
499.603084,24887.87,624.00
499.703686,24887.87,736.00
499.804298,24887.87,610.00
499.904924,24887.87,638.00
500.005475,24887.87,624.00
500.106065,24887.87,708.00
500.206703,24887.87,582.00
500.307312,24887.87,652.00
500.407915,24887.87,708.00
500.508459,24887.87,736.00
500.609006,24887.87,666.00
500.709616,24887.87,624.00
500.810252,24887.87,624.00
500.910763,24887.87,680.00
501.011318,24887.87,596.00
501.111967,24887.87,568.00
501.212745,24887.87,568.00
501.313491,24887.87,568.00
501.415851,24887.87,568.00
501.518213,24887.87,568.00
501.620301,24887.87,568.00
501.722396,24887.87,568.00
501.824889,24887.87,568.00
501.927305,24887.87,568.00
502.029502,24887.87,568.00
502.131839,24887.87,568.00
502.234254,24887.87,568.00
502.337401,24887.87,568.00
502.439306,24887.87,568.00
502.541550,24887.87,568.00
502.643982,24887.87,568.00
502.746400,24887.87,568.00
502.848647,24887.87,568.00
502.951020,24887.87,568.00
503.053366,24887.87,568.00
503.156178,24887.87,568.00
503.258634,24887.87,568.00
503.361261,24887.87,568.00
503.463918,24887.87,568.00
503.566417,24887.87,568.00
503.669239,24887.87,568.00
503.771441,24887.87,568.00
503.873834,24887.87,568.00
503.976780,24887.87,568.00
504.079194,24887.87,568.00
504.181788,24887.87,568.00
504.284699,24887.87,568.00
504.387297,24887.87,568.00
504.489764,24887.87,568.00
504.590845,24887.88,668.00
504.691445,24887.88,626.00
504.792071,24887.88,738.00
504.892628,24887.88,752.00
504.993251,24887.88,752.00
505.093888,24887.88,654.00
505.194563,24887.88,748.00
505.295414,24887.88,746.00
505.396147,24887.88,746.00
505.496809,24887.88,760.00
505.597568,24887.88,690.00
505.698254,24887.88,648.00
505.798838,24887.88,746.00
505.899427,24887.88,746.00
506.000110,24887.88,746.00
506.100931,24887.88,746.00
506.201661,24887.88,606.00
506.302441,24900.22,748.00
506.403023,24900.22,704.00
506.503754,24925.16,648.00
506.604496,24937.62,662.00
506.705089,24950.09,748.00
506.805808,24950.09,606.00
506.906391,24987.50,748.00
507.007026,24987.50,748.00
507.107652,24999.96,746.00
507.208301,24999.96,648.00
507.308917,24999.96,664.00
507.409408,24999.96,748.00
507.509973,24999.96,648.00
507.610642,24999.96,648.00
507.711237,24999.96,606.00
507.811826,25012.43,762.00
507.912391,25012.43,578.00
508.013303,25012.43,578.00
508.114174,25012.43,578.00
508.214920,25012.43,578.00
508.315713,25012.43,578.00
508.416617,25012.43,578.00
508.518940,25012.43,578.00
508.621624,25012.43,578.00
508.723999,25012.43,578.00
508.826450,25012.43,578.00
508.929229,25012.43,578.00
509.031795,25012.43,578.00
509.134206,25012.43,578.00
509.236647,25012.43,578.00
509.338869,25012.43,578.00
509.441290,25012.43,578.00
509.543371,25012.43,578.00
509.645646,25012.43,578.00
509.747573,25012.43,578.00
509.849644,25012.43,578.00
509.952146,25012.43,578.00
510.054470,25012.43,578.00
510.157313,25012.43,578.00
510.260068,25012.43,578.00
510.362345,25012.43,578.00
510.464889,25012.43,578.00
510.567779,25012.43,578.00
510.670681,25012.43,578.00
510.773346,25012.43,578.00
510.876078,25012.43,578.00
510.978487,25012.43,578.00
511.081581,25012.43,578.00
511.184113,25012.43,578.00
511.286602,25012.43,578.00
511.389132,25012.43,578.00
511.490965,25012.43,578.00
511.593472,25012.43,578.00
511.694325,25062.30,578.00
511.794904,25062.30,766.00
511.895570,25062.30,628.00
511.996241,25062.30,668.00
512.096863,25062.30,768.00
512.197461,25062.30,754.00
512.298228,25062.30,684.00
512.398824,25062.30,648.00
512.499365,25062.30,768.00
512.600087,25062.30,650.00
512.700752,25062.30,622.00
512.801409,25062.30,762.00
512.902021,25062.30,778.00
513.002632,25062.30,628.00
513.103224,25062.30,762.00
513.203852,25062.30,754.00
513.304485,25062.30,764.00
513.405100,25062.30,636.00
513.505694,25062.30,650.00
513.606354,25062.30,678.00
513.706998,25062.30,776.00
513.807730,25062.30,762.00
513.908502,25062.30,762.00
514.009108,25062.30,764.00
514.109774,25062.30,666.00
514.210417,25062.30,666.00
514.311129,25062.30,680.00
514.411679,25062.30,666.00
514.512510,25062.30,624.00
514.613554,25062.30,700.00
514.714162,25062.30,756.00
514.814795,25062.30,756.00
514.915424,25062.30,770.00
515.016104,25062.30,638.00
515.116731,25062.30,652.00
515.217441,25062.30,694.00
515.318156,25062.30,616.00
515.418772,25062.30,596.00
515.519612,25062.30,596.00
515.620310,25062.30,596.00
515.721003,25062.30,596.00
515.821643,25062.30,596.00
515.922541,25062.30,596.00
516.024860,25062.30,596.00
516.127412,25062.30,596.00
516.229270,25062.30,596.00
516.331734,25062.30,596.00
516.434357,25062.30,596.00
516.536733,25062.30,596.00
516.639692,25062.30,596.00
516.742241,25062.30,596.00
516.847277,25062.30,596.00
516.949789,25062.30,596.00
517.052128,25062.30,596.00
517.154364,25062.30,596.00
517.257137,25062.30,596.00
517.359479,25062.30,596.00
517.462019,25062.30,596.00
517.564665,25062.30,596.00
517.666815,25062.30,596.00
517.768950,25062.30,596.00
517.871813,25062.30,596.00
517.974177,25062.30,596.00
518.076812,25062.30,596.00
518.179336,25062.30,596.00
518.281920,25062.30,596.00
518.384504,25062.30,596.00
518.487020,25062.30,596.00
518.589517,25062.30,596.00
518.692353,25062.30,596.00
518.794762,25062.30,596.00
518.898080,25062.30,596.00
518.998894,25062.30,772.00
519.099508,25062.30,682.00
519.200145,25062.30,766.00
519.300709,25062.30,766.00
519.401282,25062.30,724.00
519.501769,25062.30,768.00
519.602316,25062.30,782.00
519.702975,25062.30,774.00
519.803523,25062.30,774.00
519.904207,25062.30,642.00
520.004905,25062.30,782.00
520.105672,25062.30,788.00
520.206266,25062.30,782.00
520.307095,25062.30,740.00
520.407743,25062.30,800.00
520.508392,25062.30,712.00
520.608997,25062.30,628.00
520.709746,25062.30,668.00
520.810346,25062.30,682.00
520.910975,25062.30,794.00
521.011531,25062.30,782.00
521.112114,25062.30,628.00
521.212708,25062.30,768.00
521.313311,25062.30,628.00
521.413994,25062.30,788.00
521.514552,25062.30,774.00
521.615240,25062.30,726.00
521.715819,25062.30,780.00
521.816636,25062.30,600.00
521.917246,25062.30,782.00
522.017939,25062.30,698.00
522.118518,25062.30,782.00
522.219201,25062.30,670.00
522.319730,25062.30,684.00
522.420399,25062.30,688.00
522.521016,25062.30,774.00
522.621586,25062.30,614.00
522.722459,25062.30,768.00
522.823148,25062.30,782.00
522.923765,25062.30,690.00
523.024390,25062.30,600.00
523.125125,25062.30,600.00
523.226126,25062.30,600.00
523.326985,25062.30,600.00
523.427825,25012.56,600.00
523.528445,25012.56,600.00
523.630479,25012.56,600.00
523.732469,25012.56,600.00
523.834994,25012.56,600.00
523.937293,25012.56,600.00
524.039292,25012.56,600.00
524.141559,25012.56,600.00
524.243895,25012.56,600.00
524.345732,25012.56,600.00
524.447994,25012.56,600.00
524.550131,25012.56,600.00
524.652317,25012.56,600.00
524.754037,25012.56,600.00
524.855815,25012.56,600.00
524.957928,25012.56,600.00
525.060329,25012.56,600.00
525.162467,25012.56,600.00
525.264767,25012.56,600.00
525.366338,25012.56,600.00
525.467930,25012.56,600.00
525.569993,25012.56,600.00
525.672068,25012.56,600.00
525.774267,25012.56,600.00
525.876732,25012.56,600.00
525.977581,25012.56,600.00
526.078230,25012.56,596.00
526.178886,25012.56,590.00
526.279525,25012.56,590.00
526.380204,25012.56,666.00
526.480753,25012.56,618.00
526.581497,25012.56,702.00
526.682281,25012.56,652.00
526.783121,25012.56,604.00
526.884344,25012.56,730.00
526.985242,25012.56,646.00
527.086138,25012.56,638.00
527.186763,25012.56,730.00
527.287673,25012.56,730.00
527.388258,25012.56,694.00
527.488813,25012.56,562.00
527.589367,25012.56,604.00
527.690069,25012.56,702.00
527.790745,25012.56,736.00
527.891348,25012.56,702.00
527.991977,25012.56,590.00
528.092529,25012.56,610.00
528.193104,25012.56,730.00
528.293734,25012.56,590.00
528.394447,25012.56,618.00
528.495437,25012.56,562.00
528.596176,25012.56,562.00
528.697191,25012.56,562.00
528.798305,25012.56,562.00
528.900688,24962.69,562.00
529.003222,24962.69,562.00
529.105812,24962.69,562.00
529.208187,24962.69,562.00
529.310226,24962.69,562.00
529.412813,24962.69,562.00
529.515578,24962.69,562.00
529.618156,24962.69,562.00
529.720654,24962.69,562.00
529.823518,24962.69,562.00
529.925495,24962.69,562.00
530.027987,24962.69,562.00
530.129994,24962.69,562.00
530.232776,24962.69,562.00
530.335724,24962.69,562.00
530.438251,24962.69,562.00
530.540443,24962.69,562.00
530.642771,24962.69,562.00
530.745202,24962.69,562.00
530.847856,24962.69,562.00
530.950295,24962.69,562.00
531.052886,24962.69,562.00
531.155405,24962.69,562.00
531.257323,24962.69,562.00
531.359493,24962.69,562.00
531.462045,24962.69,562.00
531.564959,24962.69,562.00
531.667240,24962.69,562.00
531.769483,24962.69,562.00
531.872068,24962.69,562.00
531.973947,25067.88,562.00
532.076379,25224.39,562.00
532.177183,25261.80,746.00
532.277787,25261.80,746.00
532.378398,25261.80,760.00
532.479053,25261.80,760.00
532.579651,25261.80,604.00
532.680485,25261.80,676.00
532.781133,25261.80,762.00
532.881729,25261.80,706.00
532.982327,25261.80,664.00
533.082904,25261.80,748.00
533.183514,25261.80,664.00
533.284545,25261.80,664.00
533.385027,25261.80,748.00
533.485666,25261.80,678.00
533.586244,25261.80,664.00
533.686808,25261.80,678.00
533.787327,25261.80,636.00
533.887952,25261.80,748.00
533.988535,25261.80,620.00
534.089191,25261.80,762.00
534.189756,25261.80,762.00
534.290303,25261.80,650.00
534.390856,25261.80,762.00
534.491418,25261.80,692.00
534.591990,25261.80,762.00
534.692590,25261.80,762.00
534.793200,25261.80,762.00
534.893746,25261.80,762.00
534.994346,25261.80,768.00
535.094912,25261.80,754.00
535.195616,25261.80,768.00
535.296279,25261.80,564.00
535.397123,25261.80,564.00
535.497677,25261.80,564.00
535.598432,25261.80,564.00
535.699317,25261.80,564.00
535.800093,25261.80,564.00
535.902047,25261.81,564.00
536.006690,25261.81,564.00
536.108969,25261.81,564.00
536.211205,25261.81,564.00
536.313274,25261.81,564.00
536.415019,25261.81,564.00
536.516151,25261.81,564.00
536.619201,25261.81,564.00
536.720933,25261.81,564.00
536.822730,25261.81,564.00
536.925025,25261.81,564.00
537.026856,25261.81,564.00
537.129275,25261.81,564.00
537.231963,25261.81,564.00
537.334489,25261.81,564.00
537.436628,25261.81,564.00
537.538986,25261.81,564.00
537.641137,25261.81,564.00
537.743984,25261.81,564.00
537.846507,25261.81,564.00
537.949252,25261.81,564.00
538.051840,25261.81,564.00
538.154550,25261.81,564.00
538.256661,25261.81,564.00
538.359026,25261.81,564.00
538.461718,25261.81,564.00
538.564100,25261.81,564.00
538.666550,25261.81,564.00
538.768693,25261.81,564.00
538.871128,25261.81,564.00
538.973754,25261.81,564.00
539.076135,25261.81,564.00
539.178867,25261.81,564.00
539.281643,25261.81,564.00
539.382481,25261.81,776.00
539.483147,25261.81,764.00
539.583948,25261.81,734.00
539.684742,25261.81,664.00
539.785291,25261.81,764.00
539.885930,25261.81,764.00
539.986573,25261.81,672.00
540.087262,25261.81,768.00
540.187836,25261.81,756.00
540.288461,25261.81,686.00
540.389058,25261.81,770.00
540.489631,25261.81,776.00
540.590210,25261.81,672.00
540.690757,25261.81,756.00
540.791383,25261.81,728.00
540.892015,25261.81,686.00
540.992598,25261.81,770.00
541.093148,25261.81,770.00
541.193706,25261.81,630.00
541.294397,25261.81,686.00
541.395223,25261.81,770.00
541.495783,25261.81,770.00
541.596358,25261.81,742.00
541.696990,25261.81,630.00
541.797659,25261.81,756.00
541.898430,25261.81,686.00
541.999067,25261.81,714.00
542.099811,25261.81,770.00
542.200581,25261.81,770.00
542.301263,25261.81,672.00
542.401991,25261.81,658.00
542.502559,25261.81,770.00
542.603199,25261.81,630.00
542.703787,25261.81,714.00
542.804473,25261.81,616.00
542.905116,25261.81,616.00
543.005732,25261.81,616.00
543.106441,25261.81,616.00
543.207186,25261.81,616.00
543.307933,25261.81,616.00
543.408599,25261.81,616.00
543.511120,25162.19,616.00
543.613558,25162.19,616.00
543.715887,25162.19,616.00
543.818363,25162.19,616.00
543.920798,25162.19,616.00
544.022885,25162.19,616.00
544.124646,25162.19,616.00
544.227458,25162.19,616.00
544.330101,25162.19,616.00
544.432343,25162.19,616.00
544.534397,25162.19,616.00
544.637929,25162.19,616.00
544.739922,25162.19,616.00
544.845193,25162.19,616.00
544.950711,25162.19,616.00
545.053424,25162.19,616.00
545.156586,25162.19,616.00
545.259191,25162.19,616.00
545.361531,25162.19,616.00
545.464372,25162.19,616.00
545.566767,25162.19,616.00
545.673069,25162.19,616.00
545.775539,25162.19,616.00
545.890826,25162.19,616.00
545.993202,25162.19,616.00
546.095500,25162.19,616.00
546.198205,25162.19,616.00
546.300701,25162.19,616.00
546.403158,25162.19,616.00
546.505259,25162.19,616.00
546.605925,25162.19,728.00
546.706440,25162.19,656.00
546.807056,25162.19,796.00
546.907630,25162.19,800.00
547.008299,25162.19,660.00
547.108860,25162.19,808.00
547.209371,25112.32,628.00
547.309883,25112.32,792.00
547.410396,25112.32,798.00
547.511014,25112.32,800.00
547.611701,25112.32,678.00
547.712235,25112.32,688.00
547.812810,25112.32,694.00
547.913440,25112.32,678.00
548.014023,25112.32,638.00
548.114611,25112.32,646.00
548.215437,25112.32,672.00
548.316048,25112.32,692.00
548.416827,25112.32,798.00
548.517322,25112.32,790.00
548.617875,25112.32,694.00
548.718432,25112.32,806.00
548.819035,25112.32,782.00
548.919591,25112.32,808.00
549.020347,25112.32,686.00
549.121217,25112.32,798.00
549.222011,25112.32,796.00
549.322898,25112.32,802.00
549.423734,25112.32,804.00
549.524568,25112.32,796.00
549.625404,25112.32,806.00
549.726199,25112.32,798.00
549.826830,25112.32,796.00
549.927496,25112.32,690.00
550.028066,25112.32,642.00
550.128812,25112.32,750.00
550.229398,25112.32,742.00
550.329975,25112.32,806.00
550.430565,25112.32,796.00
550.531193,25112.32,806.00
550.631932,25112.32,804.00
550.732723,25112.32,720.00
550.833435,25112.32,626.00
550.934085,25112.32,626.00
551.034760,25112.32,626.00
551.135405,25112.32,626.00
551.236050,25112.32,626.00
551.336764,25112.32,626.00
551.437430,25112.32,626.00
551.539959,25112.32,626.00
551.641909,25112.32,626.00
551.743934,25112.32,626.00
551.846745,25112.32,626.00
551.948828,25112.32,626.00
552.051349,25112.32,626.00
552.153255,25112.32,626.00
552.254964,25112.32,626.00
552.357547,25112.32,626.00
552.459562,25112.32,626.00
552.560518,25112.32,626.00
552.662547,25112.32,626.00
552.766241,25112.32,626.00
552.868627,25112.32,626.00
552.972315,25112.32,626.00
553.074438,25112.32,626.00
553.175459,25112.32,626.00
553.276300,25112.32,662.00
553.377186,25112.32,648.00
553.478084,25112.32,592.00
553.578960,25112.32,620.00
553.679899,25112.32,648.00
553.780720,25062.45,578.00
553.881602,25062.45,662.00
553.982620,24986.60,592.00
554.083454,24986.60,612.00
554.184413,24986.60,732.00
554.285204,24986.60,732.00
554.385901,24986.60,738.00
554.486867,24986.60,732.00
554.587574,24986.60,732.00
554.688302,24986.60,738.00
554.788960,24986.60,732.00
554.889571,24986.60,668.00
554.990313,24986.60,592.00
555.091093,24986.60,718.00
555.191971,24986.60,738.00
555.292813,24986.60,732.00
555.393422,24986.60,732.00
555.494119,24986.60,612.00
555.594863,24986.60,648.00
555.695994,24986.60,732.00
555.796721,24986.60,578.00
555.897317,24986.60,578.00
555.998123,24986.60,578.00
556.100111,24986.60,578.00
556.202696,24986.60,578.00
556.304670,24986.60,578.00
556.407624,24986.60,578.00
556.512917,24986.60,578.00
556.615770,24986.60,578.00
556.718065,24986.60,578.00
556.820482,24986.60,578.00
556.922620,24986.60,578.00
557.024406,24986.60,578.00
557.126945,24986.60,578.00
557.229402,24986.60,578.00
557.331673,24986.60,578.00
557.434519,24986.60,578.00
557.537018,24986.60,578.00
557.639527,24986.60,578.00
557.742737,24986.60,578.00
557.845567,24986.60,578.00
557.948014,24986.60,578.00
558.050397,24986.60,578.00
558.153423,24986.60,578.00
558.256370,24986.60,578.00
558.358899,24986.60,578.00
558.461591,24986.60,578.00
558.564266,24986.60,578.00
558.666657,24986.60,578.00
558.769384,24986.60,578.00
558.871728,24986.60,578.00
558.975130,24986.60,578.00
559.077894,24986.60,578.00
559.180297,24986.60,578.00
559.282966,24986.60,578.00
559.383620,24999.07,758.00
559.484237,24999.07,752.00
559.584817,24999.07,690.00
559.685394,24999.07,704.00
559.785997,24999.07,746.00
559.886601,24999.07,676.00
559.987233,24999.07,774.00
560.088044,24999.07,676.00
560.188917,24999.07,648.00
560.289532,24999.07,676.00
560.390142,24999.07,690.00
560.490913,24999.07,760.00
560.591667,24999.07,746.00
560.692404,25011.42,648.00
560.793265,25036.36,762.00
560.893880,25036.36,748.00
560.994557,25048.82,650.00
561.095304,25048.82,748.00
561.195882,25048.82,692.00
561.296670,25048.82,664.00
561.397316,25048.82,622.00
561.498177,25061.29,776.00
561.599019,25073.76,748.00
561.699902,25073.76,762.00
561.800540,25098.70,762.00
561.901181,25111.16,608.00
562.001835,25111.16,706.00
562.102425,25111.16,692.00
562.203158,25136.10,636.00
562.303745,25148.57,622.00
562.404415,25148.57,762.00
562.505207,25148.57,762.00
562.605848,25148.57,762.00
562.706555,25161.04,664.00
562.807264,25173.50,762.00
562.907874,25173.50,608.00
563.008561,25173.50,608.00
563.109265,25173.50,608.00
563.210007,25173.50,608.00
563.310770,25173.50,608.00
563.411615,25173.50,608.00
563.513965,25173.50,608.00
563.616592,25173.50,608.00
563.718905,25173.50,608.00
563.820932,25173.50,608.00
563.923253,25173.50,608.00
564.025147,25173.50,608.00
564.127589,25173.50,608.00
564.230230,25173.50,608.00
564.332557,25173.50,608.00
564.435409,25173.50,608.00
564.537573,25173.50,608.00
564.640019,25173.50,608.00
564.741946,25173.50,608.00
564.843974,25173.50,608.00
564.946572,25173.50,608.00
565.049257,25173.50,608.00
565.151489,25173.50,608.00
565.253827,25173.50,608.00
565.355969,25173.50,608.00
565.458413,25173.50,608.00
565.560570,25173.50,608.00
565.662689,25173.50,608.00
565.764500,25173.50,608.00
565.866966,25173.50,608.00
565.969204,25173.50,608.00
566.071405,25173.50,608.00
566.173147,25173.50,608.00
566.274972,25173.50,608.00
566.377709,25173.50,608.00
566.480053,25173.50,608.00
566.582067,25173.50,608.00
566.684513,25173.50,608.00
566.786785,25173.50,608.00
566.887825,25173.50,720.00
566.988394,25173.50,768.00
567.089032,25173.50,760.00
567.189633,25173.50,768.00
567.290668,25173.50,670.00
567.391604,25173.50,628.00
567.492525,25173.50,628.00
567.593367,25173.50,768.00
567.694169,25173.50,754.00
567.794962,25173.50,768.00
567.895752,25173.50,768.00
567.996527,25173.50,756.00
568.097271,25173.50,740.00
568.198048,25173.50,768.00
568.298833,25173.50,754.00
568.399854,25173.50,742.00
568.500753,25173.50,658.00
568.601458,25173.50,616.00
568.702168,25173.50,756.00
568.802791,25173.50,782.00
568.903377,25173.50,776.00
569.003982,25173.50,658.00
569.104532,25173.50,630.00
569.205141,25173.50,770.00
569.305883,25173.50,770.00
569.406559,25173.50,756.00
569.507297,25173.50,756.00
569.607989,25173.50,678.00
569.708596,25173.50,770.00
569.809362,25173.50,756.00
569.910071,25173.50,764.00
570.010860,25173.50,708.00
570.111736,25173.50,778.00
570.212627,25173.50,610.00
570.313638,25173.50,582.00
570.414604,25173.50,764.00
570.515548,25173.50,708.00
570.616522,25173.50,610.00
570.717439,25173.50,610.00
570.818171,25173.50,610.00
570.918831,25173.50,610.00
571.019505,25173.50,610.00
571.120301,25123.76,610.00
571.220957,25123.76,610.00
571.323257,25123.76,610.00
571.425678,25123.76,610.00
571.528069,25123.76,610.00
571.630215,25123.76,610.00
571.732313,25123.76,610.00
571.834398,25123.76,610.00
571.936225,25123.76,610.00
572.038105,25123.76,610.00
572.140269,25123.76,610.00
572.242618,25123.76,610.00
572.346815,25123.76,610.00
572.449943,25123.76,610.00
572.552201,25123.76,610.00
572.655526,25123.76,610.00
572.757822,25123.76,610.00
572.862729,25123.76,610.00
572.965243,25123.76,610.00
573.067271,25123.76,610.00
573.169494,25123.76,610.00
573.271960,25123.76,610.00
573.373775,25123.76,610.00
573.476534,25123.76,610.00
573.578889,25123.76,610.00
573.681208,25123.76,610.00
573.783331,25123.76,610.00
573.887554,25123.76,610.00
573.989741,25123.76,610.00
574.091916,25123.76,610.00
574.193640,25123.76,610.00
574.295906,25123.76,610.00
574.398446,25123.76,610.00
574.500770,25123.76,610.00
574.601408,25123.76,780.00
574.701928,25123.76,794.00
574.802496,25123.76,786.00
574.903094,25123.76,774.00
575.003778,25123.76,760.00
575.104445,25123.76,774.00
575.205142,25123.76,774.00
575.305818,25123.76,780.00
575.406378,25123.76,676.00
575.507418,25123.76,786.00
575.608067,25123.76,794.00
575.708835,25123.76,624.00
575.809565,25123.76,774.00
575.910192,25123.76,780.00
576.010962,25123.76,660.00
576.111593,25123.76,774.00
576.212310,25123.76,660.00
576.312879,25123.76,774.00
576.413635,25123.76,786.00
576.514312,25123.76,782.00
576.614907,25123.76,780.00
576.715484,25123.76,780.00
576.816178,25123.76,684.00
576.916947,25123.76,768.00
577.017883,25123.76,614.00
577.118599,25123.76,614.00
577.219350,25123.76,684.00
577.319965,25123.76,768.00
577.420645,25123.76,642.00
577.521337,25123.76,780.00
577.621978,25123.76,774.00
577.722665,25123.76,730.00
577.823263,25123.76,768.00
577.923950,25123.76,768.00
578.024771,25123.76,780.00
578.125498,25123.76,784.00
578.226126,25123.76,690.00
578.326798,25123.76,682.00
578.427665,25123.76,778.00
578.528384,25123.76,754.00
578.629175,25123.76,780.00
578.729899,25123.76,768.00
578.830671,25123.76,780.00
578.931452,25123.76,614.00
579.032212,25073.89,630.00
579.133180,25073.89,630.00
579.234066,25073.89,630.00
579.334925,25073.89,630.00
579.435826,25073.89,630.00
579.536516,25073.89,630.00
579.638802,25073.89,630.00
579.741021,25073.89,630.00
579.843237,25073.89,630.00
579.945307,25073.89,630.00
580.047338,25073.89,630.00
580.149453,25073.89,630.00
580.251827,25073.89,630.00
580.354103,25073.89,630.00
580.456074,25073.89,630.00
580.558300,25073.89,630.00
580.660791,25073.89,630.00
580.763006,25073.89,630.00
580.864694,25073.89,630.00
580.967127,25073.89,630.00
581.069626,25073.89,630.00
581.171452,25073.89,630.00
581.273398,25073.89,630.00
581.374981,25073.89,630.00
581.476910,25073.89,630.00
581.579010,25073.89,630.00
581.681477,25073.89,630.00
581.783715,25073.89,630.00
581.886271,25073.89,630.00
581.988559,25073.89,630.00
582.089193,25073.89,732.00
582.189793,25073.89,592.00
582.290406,25073.89,648.00
582.391151,25073.89,724.00
582.491749,25073.89,564.00
582.592444,25073.89,634.00
582.693051,25073.89,732.00
582.793653,25073.89,654.00
582.894251,25073.89,718.00
582.994796,25073.89,732.00
583.095354,25073.89,598.00
583.196108,25073.89,648.00
583.296730,25073.89,732.00
583.397339,25073.89,668.00
583.497941,25073.89,732.00
583.598560,25073.89,676.00
583.699256,25073.89,626.00
583.800096,25073.89,648.00
583.900759,25073.89,620.00
584.001427,25073.89,598.00
584.102134,25073.89,662.00
584.202930,25073.89,732.00
584.303525,25073.89,640.00
584.404137,25073.89,578.00
584.504779,25073.89,564.00
584.605410,25073.89,564.00
584.706389,25073.89,564.00
584.807066,25073.89,564.00
584.907737,25073.89,564.00
585.010072,25073.89,564.00
585.112388,25073.89,564.00
585.214595,25073.89,564.00
585.316987,25073.89,564.00
585.419170,25073.89,564.00
585.521367,25073.89,564.00
585.623102,25073.89,564.00
585.725677,25073.89,564.00
585.827645,25073.89,564.00
585.929494,25073.89,564.00
586.031714,25073.89,564.00
586.133527,25073.89,564.00
586.235335,25073.89,564.00
586.337455,25073.89,564.00
586.439536,25073.89,564.00
586.541248,25073.89,564.00
586.643691,25073.89,564.00
586.746089,25073.89,564.00
586.849171,25073.89,564.00
586.951516,25073.89,564.00
587.054260,25073.89,564.00
587.156374,25073.89,564.00
587.258042,25073.89,564.00
587.360761,25073.89,564.00
587.463147,25073.89,564.00
587.565553,25073.89,564.00
587.667594,25073.89,564.00
587.769800,25073.89,564.00
587.871928,25073.89,564.00
587.974439,25073.89,564.00
588.076498,25073.89,564.00
588.178812,25073.89,564.00
588.281251,25073.89,564.00
588.382454,25073.89,564.00
588.483164,25073.89,760.00
588.583796,25073.89,760.00
588.684643,25073.89,650.00
588.785398,25073.89,606.00
588.886366,25073.89,676.00
588.987265,25073.89,592.00
589.088115,25073.89,676.00
589.189066,25073.89,762.00
589.289996,25073.89,606.00
589.390770,25073.89,746.00
589.491658,25073.89,690.00
589.592516,25073.89,676.00
589.693350,25073.89,678.00
589.794138,25073.89,748.00
589.895059,25073.89,664.00
589.995943,25073.89,762.00
590.096632,25073.89,636.00
590.197454,25073.89,606.00
590.298203,25073.89,706.00
590.399031,25073.89,678.00
590.499856,25073.89,594.00
590.600645,25073.89,706.00
590.701593,25073.89,748.00
590.802395,25073.89,608.00
590.903155,25073.89,620.00
591.003762,25073.89,748.00
591.104578,25073.89,678.00
591.205280,25086.23,762.00
591.305877,25086.23,720.00
591.406481,25098.70,622.00
591.507393,25098.70,592.00
591.608069,25098.70,592.00
591.708701,25098.70,592.00
591.809458,25098.70,592.00
591.910248,25098.70,592.00
592.010904,25098.70,592.00
592.113307,25098.71,592.00
592.215723,25098.71,592.00
592.318361,25098.71,592.00
592.421052,25098.71,592.00
592.523402,25098.71,592.00
592.626013,25098.71,592.00
592.728466,25098.71,592.00
592.830439,25098.71,592.00
592.932786,25098.71,592.00
593.035418,25098.71,592.00
593.137814,25098.71,592.00
593.240181,25098.71,592.00
593.342672,25098.71,592.00
593.446061,25098.71,592.00
593.548416,25098.71,592.00
593.651170,25098.71,592.00
593.753918,25098.71,592.00
593.856737,25098.71,592.00
593.959199,25098.71,592.00
594.061598,25098.71,592.00
594.164145,25098.71,592.00
594.266718,25098.71,592.00
594.369270,25098.71,592.00
594.471963,25098.71,592.00
594.574826,25098.71,592.00
594.677275,25098.71,592.00
594.779569,25098.71,592.00
594.882196,25098.71,592.00
594.984363,25098.71,592.00
595.086795,25098.71,592.00
595.189331,25123.64,592.00
595.291550,25260.79,592.00
595.392380,25136.23,756.00
595.492949,25136.23,650.00
595.593538,25136.23,778.00
595.694065,25136.23,764.00
595.794639,25136.23,722.00
595.895971,25136.23,764.00
595.996576,25136.23,770.00
596.097170,25136.23,690.00
596.197758,25136.23,764.00
596.298410,25136.23,664.00
596.399016,25136.23,666.00
596.499545,25136.23,764.00
596.600175,25136.23,622.00
596.700714,25136.23,734.00
596.801286,25136.23,636.00
596.901847,25136.23,624.00
597.002467,25136.23,672.00
597.103057,25136.23,778.00
597.203624,25136.23,764.00
597.304283,25136.23,750.00
597.404910,25136.23,778.00
597.505469,25136.23,764.00
597.606164,25136.23,764.00
597.706760,25136.23,722.00
597.807314,25136.23,764.00
597.908309,25136.23,610.00
598.008929,25136.23,708.00
598.109498,25136.23,778.00
598.210181,25136.23,764.00
598.311053,25136.23,756.00
598.411660,25136.23,630.00
598.512471,25136.23,772.00
598.613044,25136.23,772.00
598.713832,25148.58,602.00
598.814487,25148.58,772.00
598.915137,25148.58,602.00
599.015707,25148.58,602.00
599.116432,25148.58,602.00
599.217418,25148.58,602.00
599.318255,25148.58,602.00
599.418947,25148.58,602.00
599.521086,25086.36,602.00
599.623346,25086.36,602.00
599.725578,25086.36,602.00
599.827827,25086.36,602.00
599.930269,25086.36,602.00
600.032363,25086.36,602.00
600.134699,25086.36,602.00
600.236559,25086.36,602.00
600.338648,25086.36,602.00
600.440814,25086.36,602.00
600.542697,25086.36,602.00
600.645116,25086.36,602.00
600.747348,25086.36,602.00
600.850664,25086.36,602.00
600.952904,25086.36,602.00
601.054946,25086.36,602.00
601.157106,25086.36,602.00
601.259293,25086.36,602.00
601.361522,25086.36,602.00
601.463752,25086.36,602.00
601.565693,25086.36,602.00
601.668357,25086.36,602.00
601.772905,25086.36,602.00
601.875469,25086.36,602.00
601.977568,25086.36,602.00
602.080054,25086.36,602.00
602.181934,25086.36,602.00
602.284150,25086.36,602.00
602.386222,25086.36,602.00
602.488374,25086.36,602.00
602.590399,25086.36,602.00
602.691253,25086.37,678.00
602.791868,25086.37,642.00
602.892493,25086.37,628.00
602.993041,25086.37,800.00
603.093661,25086.37,804.00
603.194233,25086.37,696.00
603.294849,25086.37,798.00
603.395487,25086.37,708.00
603.496142,25086.37,806.00
603.596662,25086.37,808.00
603.697158,25086.37,648.00
603.797706,25086.37,804.00
603.898292,25086.37,800.00
603.998897,25086.37,704.00
604.099397,25086.37,810.00
604.200045,25086.37,786.00
604.300647,25086.37,808.00
604.401139,25086.37,678.00
604.501700,25086.37,800.00
604.602215,25086.37,662.00
604.702745,25086.37,804.00
604.803272,25086.37,800.00
604.903858,25086.37,808.00
605.004473,25086.37,696.00
605.105098,25086.37,790.00
605.205729,25086.37,808.00
605.306260,25086.37,628.00
605.406873,25086.37,782.00
605.507839,25086.37,676.00
605.608485,25086.37,698.00
605.709090,25086.37,692.00
605.809697,25097.67,798.00
605.910298,25099.56,796.00
606.010907,25110.14,806.00
606.111476,25110.14,636.00
606.212121,25110.14,706.00
606.312787,25110.14,798.00
606.413533,25110.14,790.00
606.514424,25110.14,658.00
606.615062,25122.61,640.00
606.715603,25135.08,630.00
606.816535,25135.08,664.00
606.917385,25135.08,664.00
607.018443,25135.08,664.00
607.119404,25135.08,664.00
607.220558,25135.08,664.00
607.321429,25135.08,664.00
607.422485,25135.08,664.00
607.527300,25135.08,664.00
607.629300,25135.08,664.00
607.730920,25135.08,664.00
607.832803,25135.08,664.00
607.934452,25135.08,664.00
608.035991,25135.08,664.00
608.138230,25135.08,664.00
608.240021,25135.08,664.00
608.342150,25135.08,664.00
608.444107,25135.08,664.00
608.546126,25135.08,664.00
608.648167,25135.08,664.00
608.750281,25135.08,664.00
608.852557,25135.08,664.00
608.953396,25135.08,728.00
609.053964,25135.08,702.00
609.154537,25135.08,618.00
609.255216,25135.08,590.00
609.355836,25135.08,646.00
609.456663,25135.08,646.00
609.557228,25135.08,716.00
609.657779,25135.08,730.00
609.758511,25135.08,632.00
609.859453,25135.08,730.00
609.960240,25135.08,716.00
610.061064,25135.08,590.00
610.161717,25135.08,618.00
610.262306,25135.08,730.00
610.362878,25135.08,674.00
610.463588,25135.08,590.00
610.564359,25135.08,646.00
610.665017,25135.08,716.00
610.765611,25135.08,604.00
610.866299,25135.08,730.00
610.966965,25135.08,646.00
611.067560,25135.08,660.00
611.168159,25135.08,730.00
611.268867,25135.08,730.00
611.369628,25135.08,646.00
611.470436,25135.08,576.00
611.571057,25135.08,576.00
611.671855,25135.08,576.00
611.774360,25135.08,576.00
611.881002,25135.08,576.00
611.983119,25135.08,576.00
612.085590,25135.08,576.00
612.187969,25135.08,576.00
612.289761,25135.08,576.00
612.392319,25135.08,576.00
612.494422,25135.08,576.00
612.596860,25135.08,576.00
612.698863,25135.08,576.00
612.801684,25135.08,576.00
612.903565,25135.08,576.00
613.005830,25135.08,576.00
613.109149,25135.08,576.00
613.211344,25135.08,576.00
613.313539,25135.08,576.00
613.416410,25135.08,576.00
613.518802,25135.08,576.00
613.621047,25135.08,576.00
613.723481,25135.08,576.00
613.826071,25135.08,576.00
613.928256,25135.08,576.00
614.030727,25135.08,576.00
614.133482,25135.08,576.00
614.235774,25135.08,576.00
614.339549,25135.08,576.00
614.442436,25135.08,576.00
614.545320,25135.08,576.00
614.648815,25135.08,576.00
614.752889,25135.08,576.00
614.854276,25135.08,576.00
614.959952,25135.08,576.00
615.062643,25135.08,576.00
615.165062,25135.08,576.00
615.265970,25135.08,634.00
615.366588,25135.08,690.00
615.467528,25135.08,746.00
615.568191,25135.08,746.00
615.668849,25135.08,748.00
615.769633,25135.08,746.00
615.870489,25135.08,746.00
615.971288,25135.08,762.00
616.072260,25135.08,732.00
616.173115,25135.08,636.00
616.274007,25135.08,648.00
616.374716,25135.08,762.00
616.475637,25135.08,746.00
616.576359,25135.08,664.00
616.677030,25135.08,760.00
616.777725,25135.08,678.00
616.878311,25135.08,746.00
616.978914,25147.55,664.00
617.079525,25160.02,762.00
617.180152,25172.48,622.00
617.280933,25184.95,648.00
617.381529,25197.42,762.00
617.482259,25209.89,762.00
617.583129,25222.36,678.00
617.683837,25247.29,650.00
617.784431,25259.76,762.00
617.885032,25284.70,762.00
617.985722,25297.17,762.00
618.086894,25297.17,622.00
618.187838,25297.17,678.00
618.289233,25297.17,748.00
618.389931,25297.17,762.00
618.490604,25297.17,762.00
618.591302,25297.17,762.00
618.691996,25297.17,664.00
618.792676,25297.17,748.00
618.893406,25297.17,762.00
618.994188,25297.17,594.00
619.095077,25297.17,594.00
619.195761,25297.17,594.00
619.296711,25297.17,594.00
619.397381,25297.17,594.00
619.498098,25297.17,594.00
619.600488,25297.17,594.00
619.703171,25297.17,594.00
619.805122,25297.17,594.00
619.907145,25297.17,594.00
620.009345,25297.17,594.00
620.111319,25297.17,594.00
620.213798,25297.17,594.00
620.316173,25297.17,594.00
620.418469,25297.17,594.00
620.520850,25297.17,594.00
620.623162,25297.17,594.00
620.725454,25297.17,594.00
620.828355,25297.17,594.00
620.930587,25297.17,594.00
621.032708,25297.17,594.00
621.134850,25297.17,594.00
621.237258,25297.17,594.00
621.339314,25297.17,594.00
621.441464,25297.17,594.00
621.543789,25297.17,594.00
621.646127,25297.17,594.00
621.747706,25297.17,594.00
621.849859,25297.17,594.00
621.952002,25297.17,594.00
622.054115,25297.17,594.00
622.156465,25297.17,594.00
622.259037,25297.17,594.00
622.361109,25297.17,594.00
622.463221,25297.17,594.00
622.565664,25297.17,594.00
622.667889,25297.17,594.00
622.770225,25297.17,594.00
622.873132,25297.17,594.00
622.975298,25297.17,594.00
623.077713,25297.17,594.00
623.178622,25297.17,656.00
623.279261,25297.17,764.00
623.379866,25297.17,706.00
623.480417,25297.17,594.00
623.581015,25297.17,614.00
623.681590,25297.17,762.00
623.782293,25297.17,692.00
623.882873,25297.17,736.00
623.983382,25297.17,764.00
624.083986,25297.17,764.00
624.184548,25297.17,764.00
624.285277,25297.17,764.00
624.385804,25297.17,764.00
624.486439,25297.17,680.00
624.587261,25297.17,652.00
624.687988,25297.17,680.00
624.788667,25297.17,652.00
624.889366,25297.17,764.00
624.989933,25297.17,764.00
625.090779,25297.17,638.00
625.191486,25297.17,610.00
625.292322,25297.17,764.00
625.393390,25297.17,722.00
625.494437,25297.17,764.00
625.595412,25297.17,778.00
625.696337,25297.17,666.00
625.797408,25297.17,680.00
625.898400,25297.17,666.00
625.999236,25297.17,610.00
626.100045,25297.17,680.00
626.200929,25297.17,764.00
626.301724,25297.17,764.00
626.402731,25297.17,764.00
626.503505,25297.17,764.00
626.604338,25297.17,680.00
626.705297,25297.17,778.00
626.806446,25297.17,596.00
626.907551,25297.17,596.00
627.008963,25297.17,596.00
627.110242,25297.17,596.00
627.211348,25247.42,596.00
627.312368,25247.42,596.00
627.413563,25247.43,596.00
627.515872,25247.43,596.00
627.617898,25247.43,596.00
627.719754,25247.43,596.00
627.821791,25247.43,596.00
627.923604,25247.43,596.00
628.025484,25247.43,596.00
628.127402,25247.43,596.00
628.229537,25247.43,596.00
628.331965,25247.43,596.00
628.433935,25247.43,596.00
628.535636,25247.43,596.00
628.637687,25247.43,596.00
628.740869,25247.43,596.00
628.843469,25247.43,596.00
628.945742,25247.43,596.00
629.047498,25247.43,596.00
629.150442,25247.43,596.00
629.253077,25247.43,596.00
629.355183,25247.43,596.00
629.457430,25247.43,596.00
629.559533,25247.43,596.00
629.661739,25247.43,596.00
629.763791,25247.43,596.00
629.866801,25247.43,596.00
629.969164,25247.43,596.00
630.071420,25247.43,596.00
630.173367,25247.43,596.00
630.274442,25247.43,596.00
630.376781,25247.43,596.00
630.479165,25247.43,596.00
630.581198,25247.43,596.00
630.683516,25247.43,596.00
630.784488,25247.43,656.00
630.885026,25247.43,774.00
630.985597,25247.43,774.00
631.086414,25247.43,738.00
631.187215,25247.43,654.00
631.287951,25247.43,630.00
631.388583,25247.43,662.00
631.489449,25247.43,662.00
631.590022,25247.43,640.00
631.690562,25247.43,764.00
631.791225,25247.43,690.00
631.891792,25247.43,612.00
631.992341,25247.43,774.00
632.093280,25247.43,774.00
632.193937,25247.43,774.00
632.294714,25247.43,774.00
632.395340,25247.43,780.00
632.496101,25247.43,774.00
632.596697,25247.43,676.00
632.697343,25247.43,774.00
632.797953,25247.43,704.00
632.898502,25247.43,780.00
632.999053,25247.43,780.00
633.099821,25247.43,702.00
633.200559,25247.43,654.00
633.301302,25247.43,718.00
633.401855,25247.43,760.00
633.502554,25247.43,782.00
633.603207,25247.43,782.00
633.703838,25247.43,782.00
633.804468,25247.43,782.00
633.905140,25247.43,768.00
634.005740,25247.43,730.00
634.106382,25247.43,634.00
634.207217,25247.43,662.00
634.308004,25247.43,780.00
634.408591,25247.43,774.00
634.509269,25247.43,670.00
634.609925,25247.43,682.00
634.710570,25247.43,780.00
634.811078,25247.43,684.00
634.911654,25247.43,614.00
635.012487,25247.43,630.00
635.113278,25247.43,630.00
635.214005,25247.43,630.00
635.314801,25247.43,630.00
635.415571,25247.43,630.00
635.516322,25247.43,630.00
635.618548,25247.43,630.00
635.720745,25247.43,630.00
635.822911,25247.43,630.00
635.924290,25247.43,630.00
636.030535,25247.43,630.00
636.133357,25247.43,630.00
636.235918,25247.43,630.00
636.338632,25247.43,630.00
636.442748,25247.43,630.00
636.546219,25247.43,630.00
636.649099,25247.43,630.00
636.751652,25247.43,630.00
636.854365,25247.43,630.00
636.956581,25247.43,630.00
637.058946,25247.43,630.00
637.161194,25247.43,630.00
637.263358,25247.43,630.00
637.366457,25247.43,630.00
637.468873,25247.43,630.00
637.571636,25247.43,630.00
637.673785,25247.43,630.00
637.776208,25247.43,630.00
637.881197,25247.43,630.00
637.983636,25247.43,630.00
638.084393,25247.43,604.00
638.185191,25247.43,604.00
638.285946,25247.43,646.00
638.386543,25247.43,590.00
638.487130,25247.43,576.00
638.587700,25247.43,576.00
638.688377,25247.43,590.00
638.789005,25247.43,632.00
638.889663,25247.43,736.00
638.990330,25247.43,632.00
639.090967,25247.43,576.00
639.191548,25247.43,618.00
639.292363,25247.43,660.00
639.393483,25247.43,624.00
639.494281,25247.43,576.00
639.595184,25247.43,730.00
639.696180,25247.43,652.00
639.797063,25247.43,590.00
639.897724,25247.43,688.00
639.998331,25247.43,736.00
640.098920,25247.43,660.00
640.199656,25247.43,582.00
640.300225,25247.43,562.00
640.400946,25247.43,632.00
640.501887,25247.43,632.00
640.602744,25247.43,576.00
640.703514,25247.43,576.00
640.804403,25247.43,576.00
640.905034,25247.43,576.00
641.006948,25247.43,576.00
641.109168,25247.43,576.00
641.211297,25247.43,576.00
641.313326,25247.43,576.00
641.414730,25247.43,576.00
641.516567,25247.43,576.00
641.618934,25247.43,576.00
641.721085,25247.43,576.00
641.823637,25247.43,576.00
641.925479,25247.43,576.00
642.027306,25247.43,576.00
642.129546,25247.43,576.00
642.231580,25247.43,576.00
642.333065,25247.43,576.00
642.435788,25247.43,576.00
642.537796,25247.43,576.00
642.640212,25247.43,576.00
642.742217,25247.43,576.00
642.844826,25247.43,576.00
642.946918,25247.43,576.00
643.048574,25247.43,576.00
643.150469,25247.43,576.00
643.253109,25247.43,576.00
643.355439,25247.43,576.00
643.457130,25247.43,576.00
643.564003,25247.43,576.00
643.666149,25247.43,576.00
643.768421,25247.43,576.00
643.874524,25247.43,576.00
643.977657,25247.43,576.00
644.080314,25247.43,576.00
644.182368,25247.43,576.00
644.284347,25247.43,576.00
644.387106,25247.43,576.00
644.489285,25247.43,576.00
644.591387,25247.43,576.00
644.692167,25247.43,654.00
644.793047,25247.43,746.00
644.893833,25247.43,746.00
644.994657,25247.43,754.00
645.095507,25247.43,760.00
645.196372,25247.43,746.00
645.297172,25247.43,762.00
645.398015,25247.43,622.00
645.498647,25247.43,608.00
645.599269,25247.43,762.00
645.699896,25247.43,748.00
645.800497,25247.43,748.00
645.901067,25247.43,622.00
646.001704,25247.43,692.00
646.102230,25247.43,678.00
646.202868,25247.43,748.00
646.303678,25247.43,592.00
646.404359,25247.43,762.00
646.505133,25247.43,748.00
646.605801,25247.43,762.00
646.706367,25247.43,636.00
646.807038,25247.43,636.00
646.907635,25247.43,748.00
647.008189,25247.43,762.00
647.108736,25247.43,636.00
647.209289,25247.43,650.00
647.309856,25247.43,762.00
647.410475,25247.43,620.00
647.511442,25247.43,748.00
647.612058,25247.43,664.00
647.712728,25247.43,650.00
647.813435,25247.43,606.00
647.914042,25247.43,606.00
648.014990,25247.43,606.00
648.116034,25247.43,606.00
648.216655,25247.43,606.00
648.317215,25247.43,606.00
648.419240,25247.43,606.00
648.521215,25247.43,606.00
648.623586,25247.43,606.00
648.726158,25247.43,606.00
648.828358,25247.43,606.00
648.930394,25247.43,606.00
649.032613,25247.43,606.00
649.135068,25247.43,606.00
649.236622,25247.43,606.00
649.338536,25247.43,606.00
649.440638,25247.43,606.00
649.542517,25247.43,606.00
649.644773,25247.43,606.00
649.747135,25247.43,606.00
649.849748,25247.43,606.00
649.951338,25247.43,606.00
650.054203,25247.43,606.00
650.156215,25247.43,606.00
650.257765,25247.43,606.00
650.360295,25247.43,606.00
650.462086,25247.43,606.00
650.564082,25247.43,606.00
650.666118,25247.43,606.00
650.767793,25247.43,606.00
650.871312,25247.43,606.00
650.974023,25247.43,606.00
651.076046,25247.43,606.00
651.178592,25247.43,606.00
651.282329,25247.43,606.00
651.384875,25247.43,606.00
651.486891,25247.43,606.00
651.588684,25247.43,606.00
651.690816,25247.43,606.00
651.793477,25247.43,606.00
651.894330,25247.43,736.00
651.995366,25247.43,622.00
652.096095,25247.43,750.00
652.196641,25247.43,764.00
652.297301,25247.43,756.00
652.397954,25247.43,664.00
652.498532,25247.43,764.00
652.599051,25247.43,736.00
652.699620,25247.43,770.00
652.800225,25247.43,764.00
652.900790,25247.43,764.00
653.001446,25247.43,750.00
653.101991,25247.43,638.00
653.202555,25247.43,692.00
653.303440,25247.43,610.00
653.404361,25196.52,624.00
653.505080,25196.52,756.00
653.605753,25196.52,764.00
653.706338,25196.52,680.00
653.806910,25196.52,694.00
653.907461,25196.52,666.00
654.008135,25196.52,610.00
654.108751,25196.52,736.00
654.209330,25196.52,610.00
654.309986,25196.52,624.00
654.410565,25196.52,778.00
654.511180,25196.52,764.00
654.611768,25196.52,766.00
654.712557,25196.52,652.00
654.813390,25196.52,624.00
654.914009,25196.52,624.00
655.014650,25196.52,764.00
655.115233,25196.52,778.00
655.215889,25196.52,778.00
655.316432,25196.52,764.00
655.417044,25196.52,596.00
655.517717,25196.52,596.00
655.618380,25196.52,596.00
655.719028,25196.52,596.00
655.820222,25196.52,596.00
655.921050,25196.52,596.00
656.023005,25146.64,596.00
656.124353,25146.64,596.00
656.226915,25146.64,596.00
656.331103,25146.64,596.00
656.433201,25146.64,596.00
656.534455,25146.64,596.00
656.636312,25146.64,596.00
656.738280,25146.64,596.00
656.840327,25146.64,596.00
656.942473,25146.64,596.00
657.044727,25146.64,596.00
657.146863,25146.64,596.00
657.249433,25146.64,596.00
657.352114,25146.64,596.00
657.454209,25146.64,596.00
657.555978,25146.64,596.00
657.658222,25146.64,596.00
657.760283,25146.64,596.00
657.862438,25146.64,596.00
657.964843,25146.64,596.00
658.066829,25146.64,596.00
658.169208,25146.64,596.00
658.271164,25146.64,596.00
658.373372,25146.64,596.00
658.476215,25146.64,596.00
658.578474,25146.64,596.00
658.680435,25146.64,596.00
658.782679,25146.64,596.00
658.885548,25146.64,596.00
658.987300,25146.64,596.00
659.089618,25146.64,596.00
659.191654,25146.64,596.00
659.293411,25146.64,596.00
659.394130,25146.65,678.00
659.494749,25059.37,798.00
659.595344,25059.37,796.00
659.696065,25059.37,684.00
659.796704,25059.37,698.00
659.897395,25059.37,670.00
659.998039,25059.37,790.00
660.098675,25059.37,800.00
660.199252,25059.37,824.00
660.299978,25059.37,684.00
660.400584,25059.37,718.00
660.501155,25059.37,618.00
660.601757,25059.37,718.00
660.702469,25059.37,810.00
660.803159,25059.37,804.00
660.903895,25059.37,702.00
661.004503,25059.37,682.00
661.105122,25059.37,800.00
661.205819,25059.37,692.00
661.306387,25059.37,768.00
661.407125,25059.37,694.00
661.507692,25059.37,800.00
661.608203,25059.37,680.00
661.708884,25059.37,698.00
661.809896,25059.37,800.00
661.910649,25059.37,708.00
662.011300,25059.37,674.00
662.111889,25059.37,794.00
662.212512,25059.37,798.00
662.313250,25059.37,800.00
662.413847,25059.37,804.00
662.514550,25059.37,802.00
662.615121,25059.37,802.00
662.715745,25059.37,806.00
662.816551,25059.37,786.00
662.917162,25059.37,792.00
663.017847,25059.37,802.00
663.118655,25059.37,810.00
663.219520,25059.37,698.00
663.320131,25059.37,754.00
663.420749,25059.37,656.00
663.521710,25059.37,648.00
663.622688,25059.37,648.00
663.723778,25059.37,648.00
663.824705,25059.37,648.00
663.925388,25059.37,648.00
664.026163,25059.37,648.00
664.126788,25059.37,648.00
664.229120,25059.37,648.00
664.331569,25059.37,648.00
664.433769,25059.37,648.00
664.536207,25059.37,648.00
664.637934,25059.37,648.00
664.861596,25059.37,648.00
664.963859,25059.37,648.00
665.066106,25059.37,648.00
665.168616,25059.37,648.00
665.271256,25059.37,648.00
665.373836,25059.37,648.00
665.475910,25059.37,648.00
665.578528,25059.37,648.00
665.680895,25059.37,648.00
665.781779,25059.43,578.00
665.882479,25059.43,626.00
665.983171,25059.43,648.00
666.083755,25059.43,598.00
666.184295,25059.43,612.00
666.284941,25059.43,654.00
666.385489,25059.43,640.00
666.486083,25059.43,640.00
666.586675,25059.43,738.00
666.687625,25059.43,626.00
666.788205,25059.43,626.00
666.888911,25059.43,640.00
666.989476,25059.43,710.00
667.090129,25059.43,738.00
667.190951,25059.43,598.00
667.291506,25059.43,738.00
667.392107,25059.43,710.00
667.492869,25059.43,640.00
667.593534,25059.43,640.00
667.694104,25059.43,668.00
667.794752,25059.43,738.00
667.895465,25059.43,738.00
667.996229,25059.43,584.00
668.096957,25059.43,640.00
668.197571,25059.43,584.00
668.298189,25059.43,584.00
668.398911,25059.43,584.00
668.501504,25059.43,584.00
668.603929,25059.43,584.00
668.706382,25059.43,584.00
668.808729,25059.43,584.00
668.910889,25059.43,584.00
669.013394,25059.43,584.00
669.115868,25059.43,584.00
669.218170,25059.43,584.00
669.320986,25059.43,584.00
669.423744,25059.43,584.00
669.526821,25059.43,584.00
669.629252,25059.43,584.00
669.731735,25059.43,584.00
669.834756,25059.43,584.00
669.937178,25059.43,584.00
670.039555,25059.43,584.00
670.142127,25059.43,584.00
670.245013,25059.43,584.00
670.347665,25059.43,584.00
670.450142,25059.43,584.00
670.552089,25059.43,584.00
670.654666,25059.43,584.00
670.757387,25059.43,584.00
670.859989,25059.43,584.00
670.962477,25059.43,584.00
671.066217,25059.43,584.00
671.168898,25059.43,584.00
671.270831,25059.43,584.00
671.372898,25059.43,584.00
671.475729,25059.43,584.00
671.577827,25096.71,584.00
671.681842,25233.86,584.00
671.782587,25209.05,760.00
671.883186,25209.05,718.00
671.983846,25209.05,676.00
672.084493,25209.05,676.00
672.185133,25209.05,760.00
672.285803,25209.05,620.00
672.386519,25209.05,648.00
672.487190,25209.05,760.00
672.587759,25209.05,746.00
672.688338,25209.05,746.00
672.788969,25209.05,760.00
672.889587,25233.86,746.00
672.990358,25233.86,704.00
673.090980,25233.86,762.00
673.191650,25233.86,648.00
673.292342,25233.86,634.00
673.392968,25246.33,668.00
673.493489,25259.27,760.00
673.594104,25296.21,760.00
673.694806,25308.68,648.00
673.795687,25308.68,606.00
673.896401,25308.68,718.00
673.997122,25308.68,592.00
674.097870,25308.68,746.00
674.198863,25308.68,760.00
674.299756,25308.68,760.00
674.400372,25321.14,606.00
674.501224,25321.14,648.00
674.602205,25321.14,620.00
674.702729,25321.14,704.00
674.803683,25321.14,592.00
674.904786,25321.14,592.00
675.005596,25321.14,592.00
675.106390,25321.14,592.00
675.207064,25321.14,592.00
675.307810,25321.14,592.00
675.412071,25321.14,592.00
675.515538,25321.14,592.00
675.617987,25321.14,592.00
675.719978,25321.14,592.00
675.822138,25321.14,592.00
675.924686,25321.14,592.00
676.026950,25321.14,592.00
676.128688,25321.14,592.00
676.231047,25321.14,592.00
676.333720,25321.14,592.00
676.435985,25321.14,592.00
676.538357,25321.14,592.00
676.640979,25321.14,592.00
676.742426,25321.14,592.00
676.844546,25321.14,592.00
676.947653,25321.14,592.00
677.050297,25321.14,592.00
677.152840,25321.14,592.00
677.255041,25321.14,592.00
677.357058,25321.14,592.00
677.459677,25321.14,592.00
677.561815,25321.14,592.00
677.663676,25321.14,592.00
677.766197,25321.14,592.00
677.868477,25321.14,592.00
677.970999,25321.14,592.00
678.073165,25321.14,592.00
678.175334,25321.14,592.00
678.277363,25321.14,592.00
678.379459,25321.14,592.00
678.481906,25321.14,592.00
678.584355,25321.14,592.00
678.686843,25321.14,592.00
678.789063,25321.14,592.00
678.889776,25321.14,704.00
678.990351,25321.14,770.00
679.090953,25321.14,778.00
679.191681,25321.14,762.00
679.292355,25321.14,764.00
679.393073,25321.14,638.00
679.493684,25321.14,652.00
679.594291,25321.14,762.00
679.694961,25321.14,692.00
679.795547,25321.14,622.00
679.896239,25321.14,638.00
679.996817,25321.14,776.00
680.097462,25321.14,694.00
680.198171,25321.14,650.00
680.298747,25321.14,624.00
680.399361,25321.14,764.00
680.500062,25321.14,664.00
680.600613,25321.14,694.00
680.701228,25321.14,764.00
680.802125,25321.14,624.00
680.902814,25321.14,778.00
681.003378,25321.14,624.00
681.104023,25321.14,610.00
681.204566,25321.14,764.00
681.305356,25321.14,770.00
681.406013,25321.14,666.00
681.506593,25321.14,624.00
681.607251,25321.14,762.00
681.707917,25333.61,762.00
681.808560,25333.61,664.00
681.909338,25358.55,720.00
682.010140,25358.55,762.00
682.110794,25371.02,594.00
682.211435,25371.02,594.00
682.312347,25371.02,594.00
682.413343,25371.02,594.00
682.514162,25371.02,594.00
682.614878,25371.02,594.00
682.717305,25371.02,594.00
682.819924,25371.02,594.00
682.922091,25371.02,594.00
683.024130,25371.02,594.00
683.126508,25371.02,594.00
683.228848,25371.02,594.00
683.331063,25371.02,594.00
683.433750,25371.02,594.00
683.536203,25371.02,594.00
683.638315,25371.02,594.00
683.740683,25371.02,594.00
683.843596,25371.02,594.00
683.945933,25371.02,594.00
684.048865,25371.02,594.00
684.151516,25371.02,594.00
684.253879,25371.02,594.00
684.356313,25371.02,594.00
684.458479,25371.02,594.00
684.560747,25371.02,594.00
684.663576,25371.02,594.00
684.765998,25371.02,594.00
684.868646,25371.02,594.00
684.971007,25371.02,594.00
685.073488,25371.02,594.00
685.176092,25371.02,594.00
685.278777,25371.02,594.00
685.381226,25371.02,594.00
685.484081,25371.02,594.00
685.586933,25371.02,594.00
685.689278,25371.02,594.00
685.790021,25371.02,738.00
685.890519,25371.02,650.00
685.991108,25371.02,624.00
686.091694,25371.02,780.00
686.192301,25371.02,786.00
686.292943,25371.02,618.00
686.393490,25371.02,790.00
686.494153,25371.02,786.00
686.594820,25371.02,668.00
686.695332,25371.02,652.00
686.795938,25371.02,774.00
686.896660,25371.02,664.00
686.997279,25371.02,780.00
687.097979,25371.02,746.00
687.198569,25371.02,688.00
687.299208,25371.02,736.00
687.399967,25371.02,788.00
687.500604,25371.02,716.00
687.601303,25371.02,670.00
687.701996,25371.02,670.00
687.802664,25371.02,786.00
687.903248,25371.02,674.00
688.003923,25371.02,788.00
688.104542,25371.02,626.00
688.205143,25371.02,780.00
688.305963,25371.02,786.00
688.406560,25371.02,774.00
688.507255,25371.02,782.00
688.607919,25371.02,784.00
688.708568,25371.02,786.00
688.809258,25371.02,674.00
688.909846,25371.02,754.00
689.010396,25371.02,640.00
689.111045,25371.02,786.00
689.211666,25371.02,688.00
689.312291,25371.02,778.00
689.412869,25371.02,780.00
689.513487,25371.02,712.00
689.614039,25371.02,778.00
689.714646,25371.02,614.00
689.815181,25371.02,674.00
689.915897,25371.02,674.00
690.016702,25371.02,674.00
690.117374,25371.02,674.00
690.218139,25371.02,674.00
690.320624,25371.02,674.00
690.423230,25371.02,674.00
690.525069,25371.02,674.00
690.627387,25371.02,674.00
690.729743,25371.02,674.00
690.830808,25371.02,674.00
690.932785,25371.02,674.00
691.035174,25371.02,674.00
691.136979,25371.02,674.00
691.238996,25371.02,674.00
691.341514,25371.02,674.00
691.443632,25371.02,674.00
691.547197,25371.02,674.00
691.649934,25371.02,674.00
691.752474,25371.02,674.00
691.854698,25371.02,674.00
691.956999,25371.02,674.00
692.059816,25371.02,674.00
692.162289,25371.02,674.00
692.264481,25371.02,674.00
692.367263,25371.02,674.00
692.470165,25371.02,674.00
692.574076,25371.02,674.00
692.675019,25371.02,594.00
692.775743,25371.02,578.00
692.876552,25371.02,592.00
692.977429,25321.27,612.00
693.078378,25321.27,648.00
693.179106,25321.27,676.00
693.280028,25321.27,696.00
693.380811,25321.27,564.00
693.481786,25321.27,732.00
693.582612,25321.27,592.00
693.683333,25321.27,626.00
693.784119,25321.27,732.00
693.884972,25321.27,662.00
693.985726,25321.27,634.00
694.086497,25321.27,738.00
694.187328,25321.27,732.00
694.288404,25321.27,718.00
694.389151,25321.27,738.00
694.489952,25321.27,732.00
694.590696,25321.27,648.00
694.691497,25321.27,654.00
694.792212,25321.27,704.00
694.892967,25321.27,606.00
694.993753,25321.27,634.00
695.094554,25321.27,578.00
695.195339,25321.27,578.00
695.296084,25321.27,578.00
695.397020,25321.27,578.00
695.498004,25321.27,578.00
695.599381,25321.27,578.00
695.704690,25321.27,578.00
695.807286,25321.27,578.00
695.909263,25321.27,578.00
696.011504,25321.27,578.00
696.113964,25321.27,578.00
696.216311,25321.27,578.00
696.318244,25321.27,578.00
696.420259,25321.27,578.00
696.521998,25321.27,578.00
696.624586,25321.27,578.00
696.726867,25321.27,578.00
696.829459,25321.27,578.00
696.931941,25321.27,578.00
697.033909,25321.27,578.00
697.136602,25321.27,578.00
697.239360,25321.27,578.00
697.342159,25321.27,578.00
697.444383,25321.27,578.00
697.547006,25321.27,578.00
697.649433,25321.27,578.00
697.752183,25321.27,578.00
697.854582,25321.27,578.00
697.957247,25321.27,578.00
698.059742,25321.27,578.00
698.162210,25321.27,578.00
698.264286,25321.27,578.00
698.366419,25321.27,578.00
698.468962,25321.27,578.00
698.571399,25321.27,578.00
698.674313,25321.27,578.00
698.777001,25458.30,578.00
698.877889,25458.30,760.00
698.978446,25458.30,662.00
699.079014,25458.30,760.00
699.179577,25458.30,760.00
699.280280,25458.30,668.00
699.380879,25458.30,676.00
699.481524,25458.30,748.00
699.582227,25458.30,760.00
699.682813,25458.30,762.00
699.783469,25458.30,676.00
699.884152,25458.30,692.00
699.984791,25458.30,648.00
700.085356,25458.30,704.00
700.186001,25458.30,746.00
700.286559,25458.30,690.00
700.387430,25458.30,592.00
700.488000,25458.30,746.00
700.588602,25458.30,648.00
700.689160,25458.30,634.00
700.789836,25458.30,648.00
700.890408,25458.30,746.00
700.990995,25458.30,746.00
701.091551,25458.30,620.00
701.192225,25458.30,760.00
701.292859,25458.30,634.00
701.393494,25458.30,676.00
701.494123,25458.30,634.00
701.594840,25458.30,606.00
701.695479,25458.30,606.00
701.796104,25458.30,606.00
701.896948,25458.30,606.00
701.997708,25458.30,606.00
702.098506,25458.30,606.00
702.199495,25458.30,606.00
702.301826,25458.30,606.00
702.403863,25458.30,606.00
702.506057,25458.30,606.00
702.607921,25458.30,606.00
702.709853,25458.30,606.00
702.813218,25458.30,606.00
702.916819,25458.30,606.00
703.019331,25458.30,606.00
703.121322,25458.30,606.00
703.223496,25458.30,606.00
703.326141,25458.30,606.00
703.429055,25458.30,606.00
703.531428,25458.30,606.00
703.633757,25458.30,606.00
703.736102,25458.30,606.00
703.839044,25458.30,606.00
703.941361,25458.30,606.00
704.043669,25458.30,606.00
704.145687,25458.30,606.00
704.248310,25458.30,606.00
704.351596,25458.30,606.00
704.453722,25458.30,606.00
704.556315,25458.30,606.00
704.659128,25458.30,606.00
704.761576,25458.30,606.00
704.867349,25458.30,606.00
704.970154,25458.30,606.00
705.073866,25458.30,606.00
705.180070,25458.30,606.00
705.284585,25458.30,606.00
705.386701,25458.30,606.00
705.489172,25458.30,606.00
705.591587,25458.30,606.00
705.692675,25458.30,664.00
705.793336,25458.30,684.00
705.894170,25458.30,664.00
705.994798,25458.30,764.00
706.095401,25458.30,742.00
706.195978,25458.30,764.00
706.296716,25458.30,670.00
706.397365,25458.30,638.00
706.497934,25458.30,596.00
706.598538,25458.30,596.00
706.699133,25458.30,596.00
706.799830,25458.30,664.00
706.900428,25458.30,776.00
707.001142,25458.30,736.00
707.101714,25458.30,708.00
707.202391,25458.30,610.00
707.303083,25396.08,630.00
707.403665,25396.08,616.00
707.504328,25396.08,778.00
707.604952,25396.08,624.00
707.705500,25396.08,762.00
707.806081,25396.08,736.00
707.906682,25396.08,624.00
708.007317,25396.08,638.00
708.107998,25396.08,764.00
708.208570,25396.08,630.00
708.309179,25396.08,624.00
708.409829,25396.08,652.00
708.510551,25396.08,666.00
708.611189,25396.08,764.00
708.711952,25396.08,666.00
708.812651,25396.08,764.00
708.913539,25396.08,596.00
709.014315,25396.08,602.00
709.115002,25396.08,602.00
709.215722,25396.08,602.00
709.316383,25396.08,602.00
709.417061,25396.08,602.00
709.517803,25396.08,602.00
709.620583,25396.08,602.00
709.723210,25396.08,602.00
709.825882,25396.08,602.00
709.927243,25396.08,602.00
710.029545,25396.08,602.00
710.132032,25396.08,602.00
710.236892,25396.08,602.00
710.339891,25396.08,602.00
710.442265,25396.08,602.00
710.544454,25396.08,602.00
710.646928,25396.08,602.00
710.749578,25396.08,602.00
710.861953,25396.08,602.00
710.970275,25396.08,602.00
711.072785,25396.08,602.00
711.175212,25396.08,602.00
711.277644,25396.08,602.00
711.382069,25396.08,602.00
711.484982,25396.08,602.00
711.589224,25396.08,602.00
711.692105,25396.08,602.00
711.795335,25396.08,602.00
711.897973,25396.08,602.00
712.000128,25396.08,602.00
712.103809,25396.08,602.00
712.206164,25396.08,602.00
712.308285,25396.08,602.00
712.411019,25396.08,602.00
712.514900,25396.08,602.00
712.617641,25396.08,602.00
712.720381,25396.08,602.00
712.821339,25396.08,656.00
712.921976,25396.08,624.00
713.022538,25396.08,768.00
713.123080,25396.08,818.00
713.223818,25396.08,690.00
713.324396,25396.08,800.00
713.425006,25396.08,812.00
713.525648,25396.08,806.00
713.626236,25396.08,810.00
713.727046,25396.08,712.00
713.827729,25396.08,610.00
713.928288,25396.08,816.00
714.029038,25396.08,634.00
714.129689,25396.08,810.00
714.230583,25396.08,814.00
714.331463,25396.08,812.00
714.432592,25396.08,712.00
714.533463,25396.08,778.00
714.634301,25396.08,718.00
714.734956,25396.08,800.00
714.835619,25396.08,708.00
714.936198,25396.08,776.00
715.036965,25396.08,700.00
715.137533,25396.08,656.00
715.238202,25396.08,808.00
715.338981,25396.08,798.00
715.439690,25396.08,710.00
715.540245,25396.08,804.00
715.640880,25396.08,694.00
715.741451,25396.08,800.00
715.842125,25396.08,696.00
715.943294,25396.08,724.00
716.044184,25396.08,800.00
716.145281,25396.08,810.00
716.247345,25396.08,808.00
716.348430,25396.08,630.00
716.449259,25396.08,802.00
716.550203,25396.08,708.00
716.651038,25396.08,644.00
716.751853,25396.08,806.00
716.852466,25396.08,674.00
716.953477,25396.08,674.00
717.054298,25346.21,674.00
717.155237,25346.21,674.00
717.255950,25346.21,674.00
717.356585,25346.21,674.00
717.457270,25346.21,674.00
717.559081,25346.21,674.00
717.661483,25346.21,674.00
717.764189,25346.21,674.00
717.870079,25346.21,674.00
717.972593,25346.21,674.00
718.075076,25346.21,674.00
718.177457,25346.21,674.00
718.280113,25346.21,674.00
718.382839,25346.21,674.00
718.485189,25346.21,674.00
718.587925,25346.21,674.00
718.690573,25346.21,674.00
718.793031,25346.21,674.00
718.895524,25346.21,674.00
718.996364,25346.21,740.00
719.096946,25346.21,642.00
719.197540,25346.21,642.00
719.298122,25346.21,664.00
719.398733,25346.21,748.00
719.499313,25346.21,734.00
719.599814,25346.21,628.00
719.700453,25346.21,740.00
719.801260,25346.21,600.00
719.901953,25346.21,600.00
720.002539,25346.21,656.00
720.103284,25346.21,740.00
720.203981,25346.21,586.00
720.304633,25346.21,628.00
720.405284,25346.21,642.00
720.505907,25346.21,586.00
720.606636,25346.21,586.00
720.707444,25346.21,642.00
720.808069,25346.21,740.00
720.908640,25346.21,740.00
721.009242,25346.21,670.00
721.109914,25346.21,600.00
721.210673,25346.21,656.00
721.311389,25346.21,740.00
721.412236,25346.21,586.00
721.512860,25346.21,586.00
721.613470,25346.21,586.00
721.715429,25346.21,586.00
721.817867,25346.21,586.00
721.919740,25346.21,586.00
722.021884,25346.21,586.00
722.123949,25346.21,586.00
722.226214,25346.21,586.00
722.328183,25346.21,586.00
722.430125,25346.21,586.00
722.531851,25346.21,586.00
722.633632,25346.21,586.00
722.736296,25346.21,586.00
722.838461,25346.21,586.00
722.940291,25346.21,586.00
723.042904,25346.21,586.00
723.145195,25346.21,586.00
723.247456,25346.21,586.00
723.349664,25346.21,586.00
723.451557,25346.21,586.00
723.554136,25346.21,586.00
723.656589,25346.21,586.00
723.758676,25346.21,586.00
723.861105,25346.21,586.00
723.963419,25346.21,586.00
724.065446,25346.21,586.00
724.167696,25346.21,586.00
724.269760,25346.21,586.00
724.371786,25346.21,586.00
724.474071,25346.21,586.00
724.576446,25346.21,586.00
724.678858,25346.21,586.00
724.781073,25346.21,586.00
724.883246,25346.21,586.00
724.985943,25346.21,586.00
725.086816,25346.21,748.00
725.187593,25346.21,748.00
725.288212,25346.21,748.00
725.389165,25346.21,664.00
725.489967,25346.21,664.00
725.590598,25346.21,748.00
725.691345,25346.21,762.00
725.792064,25346.21,608.00
725.892760,25346.21,608.00
725.993392,25346.21,608.00
726.094058,25346.21,748.00
726.194644,25346.21,706.00
726.295204,25346.21,678.00
726.395778,25346.21,762.00
726.496330,25346.21,748.00
726.597032,25346.21,664.00
726.697645,25346.21,608.00
726.798299,25346.21,636.00
726.899133,25346.21,622.00
726.999874,25346.21,664.00
727.100476,25346.21,748.00
727.201165,25346.21,678.00
727.301899,25346.21,608.00
727.402644,25346.21,636.00
727.503535,25346.21,650.00
727.604140,25346.21,622.00
727.704815,25346.21,608.00
727.805489,25346.21,608.00
727.906129,25346.21,608.00
728.007009,25346.21,608.00
728.107939,25346.21,608.00
728.208839,25346.21,608.00
728.311432,25069.83,608.00
728.413392,25069.83,608.00
728.515413,25069.83,608.00
728.617864,25069.83,608.00
728.719713,25069.83,608.00
728.822240,25069.83,608.00
728.924808,25069.83,608.00
729.027073,25069.83,608.00
729.129663,25069.83,608.00
729.231841,25069.83,608.00
729.334391,25069.83,608.00
729.436471,25069.83,608.00
729.538591,25069.83,608.00
729.640591,25069.83,608.00
729.743469,25069.83,608.00
729.845297,25069.83,608.00
729.947380,25069.83,608.00
730.049736,25069.83,608.00
730.152091,25069.83,608.00
730.254501,25069.83,608.00
730.356727,25069.83,608.00
730.459142,25069.83,608.00
730.561783,25069.83,608.00
730.664245,25069.83,608.00
730.766499,25069.83,608.00
730.868937,25069.83,608.00
730.970875,25069.83,608.00
731.073459,25069.83,608.00
731.176300,25069.83,608.00
731.278863,25069.83,608.00
731.381263,25069.83,608.00
731.482969,25069.83,608.00
731.585560,25069.83,608.00
731.686299,25107.11,656.00
731.786918,25107.11,608.00
731.887420,25107.11,774.00
731.988112,25107.11,748.00
732.088700,25107.11,622.00
732.189342,25107.11,664.00
732.290009,25107.11,678.00
732.390600,25107.11,692.00
732.491257,25107.11,766.00
732.591956,25107.11,664.00
732.692774,25107.11,620.00
732.793405,25107.11,664.00
732.893969,25107.11,650.00
732.994544,25107.11,692.00
733.095146,25107.11,762.00
733.195720,25107.11,762.00
733.296403,25119.58,678.00
733.397083,25119.58,764.00
733.497690,25119.58,666.00
733.598273,25119.58,764.00
733.698830,25119.58,764.00
733.799397,25119.58,776.00
733.900086,25119.58,652.00
734.000712,25144.51,784.00
734.101386,25156.98,652.00
734.201966,25169.45,638.00
734.302500,25169.45,764.00
734.403218,25169.45,596.00
734.503943,25169.45,602.00
734.604668,25169.45,602.00
734.705481,25169.45,602.00
734.806312,25169.45,602.00
734.906957,25169.45,602.00
735.007694,25169.45,602.00
735.109599,25169.45,602.00
735.211999,25169.45,602.00
735.314705,25169.45,602.00
735.417145,25169.45,602.00
735.519486,25169.45,602.00
735.621940,25169.45,602.00
735.724292,25169.45,602.00
735.826672,25169.45,602.00
735.929174,25169.45,602.00
736.031639,25169.45,602.00
736.134192,25169.45,602.00
736.236488,25169.45,602.00
736.338827,25169.45,602.00
736.441702,25169.45,602.00
736.544313,25169.45,602.00
736.646699,25169.45,602.00
736.749429,25169.45,602.00
736.852568,25169.45,602.00
736.955188,25169.45,602.00
737.058285,25169.45,602.00
737.160755,25169.45,602.00
737.262883,25169.45,602.00
737.365654,25169.45,602.00
737.468448,25169.45,602.00
737.571132,25169.45,602.00
737.674055,25169.45,602.00
737.776862,25169.45,602.00
737.879457,25169.45,602.00
737.982489,25244.26,602.00
738.083315,25331.54,662.00
738.183913,25331.54,782.00
738.284888,25331.54,786.00
738.385844,25331.54,648.00
738.486720,25331.54,698.00
738.587603,25331.54,688.00
738.688342,25331.54,614.00
738.789121,25331.54,802.00
738.890048,25331.54,768.00
738.990836,25331.54,760.00
739.091612,25331.54,670.00
739.192363,25331.54,784.00
739.293132,25331.54,614.00
739.393976,25331.54,688.00
739.494838,25331.54,704.00
739.595400,25331.54,698.00
739.695992,25331.54,698.00
739.796714,25331.54,754.00
739.897295,25331.54,782.00
739.997894,25331.54,730.00
740.098516,25331.54,662.00
740.199238,25331.54,674.00
740.299982,25331.54,774.00
740.400684,25331.54,784.00
740.501410,25331.54,786.00
740.602189,25331.54,782.00
740.702948,25331.54,628.00
740.803890,25331.54,670.00
740.904736,25331.54,688.00
741.005578,25331.54,682.00
741.106425,25331.54,614.00
741.207111,25331.54,614.00
741.307840,25331.54,690.00
741.408507,25331.54,696.00
741.509455,25331.54,790.00
741.610277,25331.54,630.00
741.711186,25331.54,690.00
741.812273,25331.54,690.00
741.913126,25331.54,690.00
742.014330,25331.54,690.00
742.115475,25331.54,690.00
742.216542,25331.54,690.00
742.318351,25169.57,690.00
742.420795,25169.57,690.00
742.523341,25169.57,690.00
742.625918,25169.57,690.00
742.728324,25169.57,690.00
742.830921,25169.57,690.00
742.933466,25169.57,690.00
743.035409,25169.57,690.00
743.138035,25169.57,690.00
743.240601,25169.57,690.00
743.343062,25169.57,690.00
743.445985,25169.57,690.00
743.548731,25169.57,690.00
743.651555,25169.57,690.00
743.753903,25169.57,690.00
743.856981,25169.57,690.00
743.959578,25169.57,690.00
744.062098,25169.57,690.00
744.164761,25169.57,690.00
744.267419,25169.57,690.00
744.370172,25169.57,690.00
744.472965,25169.57,690.00
744.573878,25169.57,730.00
744.674639,25169.57,632.00
744.775248,25169.57,604.00
744.875838,25169.58,716.00
744.976472,25169.57,730.00
745.077096,25169.57,714.00
745.177717,25169.57,644.00
745.278422,25169.57,630.00
745.379186,25169.57,644.00
745.479863,25169.57,630.00
745.580478,25169.57,644.00
745.681106,25169.57,630.00
745.781694,25169.57,588.00
745.882248,25169.57,728.00
745.982818,25169.57,644.00
746.083345,25169.57,630.00
746.183962,25169.57,588.00
746.284474,25169.57,644.00
746.385087,25169.57,728.00
746.485797,25169.57,728.00
746.586489,25169.57,644.00
746.687263,25169.57,686.00
746.788087,25169.57,728.00
746.889040,25169.57,588.00
746.989989,25169.57,588.00
747.090821,25169.57,588.00
747.191631,25169.57,588.00
747.293362,25169.57,588.00
747.394538,25169.57,588.00
747.498701,25169.57,588.00
747.600950,25169.57,588.00
747.703714,25169.57,588.00
747.806342,25169.57,588.00
747.908855,25169.57,588.00
748.011174,25169.57,588.00
748.113765,25169.57,588.00
748.215907,25169.57,588.00
748.318562,25169.57,588.00
748.420583,25169.57,588.00
748.522229,25169.57,588.00
748.624704,25169.57,588.00
748.727627,25169.57,588.00
748.829910,25169.57,588.00
748.932235,25169.57,588.00
749.034199,25169.57,588.00
749.136317,25169.57,588.00
749.238437,25169.57,588.00
749.340816,25169.57,588.00
749.443280,25169.57,588.00
749.545335,25169.57,588.00
749.647382,25169.57,588.00
749.749666,25169.57,588.00
749.854252,25169.57,588.00
749.956700,25169.57,588.00
750.058957,25169.57,588.00
750.161272,25169.57,588.00
750.263992,25169.57,588.00
750.366253,25169.57,588.00
750.468994,25169.57,588.00
750.570702,25169.57,588.00
750.672589,25281.66,588.00
750.773419,25294.13,762.00
750.874091,25294.13,748.00
750.974665,25294.13,748.00
751.075212,25294.13,754.00
751.175805,25294.13,748.00
751.276403,25294.13,636.00
751.377005,25294.13,726.00
751.477584,25294.13,748.00
751.578283,25294.13,636.00
751.678971,25294.13,664.00
751.779674,25294.13,664.00
751.880383,25294.13,650.00
751.980979,25294.13,748.00
752.081548,25294.13,650.00
752.182291,25294.13,762.00
752.283180,25294.13,650.00
752.383810,25294.13,754.00
752.484470,25294.13,670.00
752.585279,25294.13,656.00
752.685890,25294.13,592.00
752.786777,25294.13,670.00
752.887387,25294.13,656.00
752.988090,25294.13,656.00
753.088694,25294.13,642.00
753.189329,25294.13,670.00
753.290045,25294.13,614.00
753.390591,25294.13,586.00
753.491268,25294.13,586.00
753.591878,25294.13,586.00
753.692706,25294.13,586.00
753.793432,25294.13,586.00
753.894162,25294.13,586.00
753.996428,25294.13,586.00
754.098631,25294.13,586.00
754.201122,25294.13,586.00
754.303471,25294.13,586.00
754.406404,25294.13,586.00
754.508474,25294.13,586.00
754.610675,25294.13,586.00
754.712796,25294.13,586.00
754.815514,25294.13,586.00
754.917914,25294.13,586.00
755.020156,25294.13,586.00
755.122657,25294.13,586.00
755.224948,25294.13,586.00
755.327447,25294.13,586.00
755.430088,25294.13,586.00
755.532451,25294.13,586.00
755.634871,25294.13,586.00
755.737303,25294.13,586.00
755.839899,25294.13,586.00
755.942654,25294.13,586.00
756.045142,25294.13,586.00
756.147492,25294.13,586.00
756.250080,25294.13,586.00
756.352682,25294.13,586.00
756.455179,25294.13,586.00
756.557676,25294.13,586.00
756.659985,25294.13,586.00
756.763064,25294.13,586.00
756.865915,25294.13,586.00
756.968538,25294.13,586.00
757.070944,25294.13,586.00
757.173208,25294.13,586.00
757.273821,25294.13,608.00
757.374424,25294.13,776.00
757.475156,25294.13,650.00
757.575729,25294.13,608.00
757.676356,25294.13,764.00
757.777009,25294.13,608.00
757.877557,25294.13,610.00
757.978204,25294.13,652.00
758.079034,25294.13,666.00
758.179712,25294.13,776.00
758.280547,25294.13,778.00
758.381225,25294.13,652.00
758.481802,25294.13,624.00
758.582408,25294.13,708.00
758.683020,25294.13,778.00
758.783619,25294.13,610.00
758.884236,25294.13,610.00
758.984855,25294.13,776.00
759.085519,25294.13,766.00
759.186163,25294.13,780.00
759.286764,25294.13,772.00
759.387287,25294.13,766.00
759.487837,25294.13,778.00
759.588460,25294.13,772.00
759.689097,25294.13,766.00
759.789783,25294.13,668.00
759.890402,25294.13,682.00
759.991164,25294.13,772.00
760.091858,25294.13,584.00
760.192495,25294.13,600.00
760.293315,25294.13,600.00
760.394036,25294.13,600.00
760.494885,25294.13,600.00
760.595756,25294.13,600.00
760.698275,25169.57,600.00
760.801019,25169.57,600.00
760.903353,25169.57,600.00
761.006021,25169.57,600.00
761.108247,25169.57,600.00
761.210632,25169.57,600.00
761.312554,25169.57,600.00
761.415277,25169.57,600.00
761.517713,25169.57,600.00
761.620171,25169.57,600.00
761.722641,25169.57,600.00
761.825216,25169.57,600.00
761.927743,25169.57,600.00
762.029358,25169.57,600.00
762.131960,25169.57,600.00
762.234679,25169.57,600.00
762.337009,25169.57,600.00
762.439461,25169.57,600.00
762.542380,25169.57,600.00
762.644516,25169.57,600.00
762.747085,25169.57,600.00
762.850076,25169.57,600.00
762.952800,25169.57,600.00
763.055396,25169.57,600.00
763.158030,25169.57,600.00
763.260290,25169.57,600.00
763.362132,25169.57,600.00
763.464936,25169.57,600.00
763.567423,25169.57,600.00
763.668433,25169.57,748.00
763.769057,25169.57,808.00
763.869641,25169.57,620.00
763.970366,25169.57,816.00
764.070939,25169.57,808.00
764.171511,25169.57,636.00
764.272104,25169.57,812.00
764.372712,25169.57,634.00
764.473242,25169.57,722.00
764.573824,25169.57,808.00
764.674640,25169.57,660.00
764.775523,25169.57,698.00
764.876184,25169.57,808.00
764.976822,25169.57,776.00
765.077494,25169.57,696.00
765.178040,25169.57,800.00
765.278661,25169.57,812.00
765.379244,25169.57,812.00
765.479886,25169.57,632.00
765.580485,25169.57,618.00
765.681110,25169.57,692.00
765.781743,25169.57,810.00
765.882324,25169.57,802.00
765.982937,25169.57,706.00
766.083761,25169.57,814.00
766.184845,25169.57,704.00
766.285729,25169.57,808.00
766.386735,25169.57,726.00
766.487631,25169.57,658.00
766.588686,25169.57,722.00
766.718137,25169.57,702.00
766.818803,25169.57,814.00
766.919493,25169.57,814.00
767.020095,25169.57,798.00
767.120710,25169.57,804.00
767.221255,25169.57,690.00
767.321885,25169.57,808.00
767.422502,25169.57,714.00
767.523172,25169.57,798.00
767.623811,25169.57,670.00
767.724439,25169.57,696.00
767.825262,25169.57,696.00
767.925977,25169.57,696.00
768.026753,25169.57,696.00
768.127493,25169.57,696.00
768.228164,25169.57,696.00
768.330460,25169.57,696.00
768.432994,25169.57,696.00
768.535363,25169.57,696.00
768.638353,25169.57,696.00
768.741018,25169.57,696.00
768.843678,25169.57,696.00
768.946055,25169.57,696.00
769.048403,25169.57,696.00
769.150083,25169.57,696.00
769.252787,25169.57,696.00
769.355592,25169.57,696.00
769.458326,25169.57,696.00
769.560704,25169.57,696.00
769.663169,25169.57,696.00
769.763767,25169.57,670.00
769.864410,25169.57,644.00
769.965004,25169.57,588.00
770.065661,25169.57,616.00
770.166315,25169.57,728.00
770.267064,25169.57,700.00
770.367755,25169.57,616.00
770.468405,25169.57,616.00
770.569007,25169.57,630.00
770.669651,25169.57,728.00
770.770406,25169.57,602.00
770.870980,25169.57,672.00
770.971652,25169.57,644.00
771.072366,25169.57,658.00
771.172953,25169.57,602.00
771.273482,25169.57,616.00
771.374149,25169.57,658.00
771.474754,25169.57,714.00
771.575354,25169.57,728.00
771.676168,25169.57,644.00
771.776952,25169.57,630.00
771.877731,25169.57,742.00
771.978718,25169.57,630.00
772.079621,25169.57,644.00
772.180454,25169.57,602.00
772.281319,25169.57,602.00
772.383694,25169.57,602.00
772.486183,25169.57,602.00
772.588693,25169.57,602.00
772.691344,25169.57,602.00
772.794157,25169.57,602.00
772.895102,25169.57,602.00
772.997366,25169.57,602.00
773.100046,25169.57,602.00
773.202563,25169.57,602.00
773.305256,25169.57,602.00
773.407643,25169.57,602.00
773.510842,25169.57,602.00
773.613541,25169.57,602.00
773.716245,25169.57,602.00
773.818434,25169.57,602.00
773.920902,25169.57,602.00
774.023578,25169.57,602.00
774.126081,25169.57,602.00
774.228393,25169.57,602.00
774.330967,25169.57,602.00
774.433097,25169.57,602.00
774.535662,25169.57,602.00
774.638517,25169.57,602.00
774.741133,25169.57,602.00
774.843666,25169.57,602.00
774.945949,25169.57,602.00
775.048485,25169.57,602.00
775.150845,25169.57,602.00
775.253670,25169.57,602.00
775.356568,25169.57,602.00
775.459524,25169.57,602.00
775.561787,25169.57,602.00
775.664547,25169.57,602.00
775.765362,25169.57,614.00
775.865982,25169.57,642.00
775.966673,25169.57,642.00
776.067329,25169.57,740.00
776.167948,25169.57,754.00
776.268652,25169.57,684.00
776.369332,25169.57,670.00
776.469945,25169.57,754.00
776.570660,25169.57,642.00
776.671237,25169.57,600.00
776.771904,25169.57,676.00
776.872565,25169.57,620.00
776.973236,25169.57,606.00
777.073865,25169.57,732.00
777.175231,25169.57,748.00
777.276184,25144.51,662.00
777.376977,25169.45,760.00
777.477768,25169.45,606.00
777.578506,25181.92,760.00
777.679241,25181.92,606.00
777.780107,25181.92,676.00
777.880880,25181.92,678.00
777.981892,25181.92,748.00
778.082875,25181.92,748.00
778.183676,25181.92,692.00
778.284430,25181.92,664.00
778.385465,25181.92,580.00
778.486573,25181.92,580.00
778.587700,25181.92,580.00
778.688844,25181.92,580.00
778.789800,25181.92,580.00
778.892489,25181.92,580.00
778.994941,25181.92,580.00
779.097107,25181.92,580.00
779.199780,25181.92,580.00
779.302092,25181.92,580.00
779.404374,25181.92,580.00
779.506257,25181.92,580.00
779.608837,25181.92,580.00
779.711352,25181.92,580.00
779.813805,25181.92,580.00
779.916248,25181.92,580.00
780.018792,25181.92,580.00
780.121323,25181.92,580.00
780.223939,25181.92,580.00
780.325843,25181.92,580.00
780.428143,25181.92,580.00
780.530681,25181.92,580.00
780.633046,25181.92,580.00
780.734924,25181.92,580.00
780.837455,25181.92,580.00
780.939847,25181.92,580.00
781.042484,25181.92,580.00
781.144674,25181.92,580.00
781.247629,25181.92,580.00
781.349673,25181.92,580.00
781.452418,25181.92,580.00
781.555132,25181.92,580.00
781.657720,25181.92,580.00
781.760460,25181.92,580.00
781.864403,25181.92,580.00
781.966402,25181.92,580.00
782.068692,25219.32,580.00
782.169650,25269.20,642.00
782.270268,25269.20,586.00
782.370864,25269.20,754.00
782.471548,25269.20,642.00
782.572286,25269.20,768.00
782.672952,25269.20,684.00
782.773675,25269.20,684.00
782.874339,25269.20,684.00
782.974954,25269.20,682.00
783.075684,25269.20,586.00
783.176303,25269.20,684.00
783.276939,25269.20,666.00
783.377552,25269.20,630.00
783.478221,25269.20,764.00
783.578807,25269.20,764.00
783.679397,25269.20,792.00
783.780072,25269.20,652.00
783.880666,25269.20,708.00
783.981305,25269.20,736.00
784.081878,25269.20,776.00
784.182497,25269.20,722.00
784.283269,25269.20,764.00
784.384130,25269.20,686.00
784.484869,25269.20,714.00
784.585516,25269.20,770.00
784.686169,25269.20,756.00
784.786813,25269.20,658.00
784.887464,25269.20,728.00
784.988213,25269.20,602.00
785.088927,25269.20,602.00
785.189541,25269.20,602.00
785.290331,25269.20,602.00
785.391243,25269.20,602.00
785.492021,25269.20,602.00
785.594186,25269.20,602.00
785.696306,25269.20,602.00
785.797545,25269.20,602.00
785.899327,25269.20,602.00
786.001410,25269.20,602.00
786.103535,25269.20,602.00
786.205561,25269.20,602.00
786.307823,25269.20,602.00
786.410202,25269.20,602.00
786.512073,25269.20,602.00
786.614523,25269.20,602.00
786.716852,25269.20,602.00
786.818531,25269.20,602.00
786.919906,25269.20,602.00
787.021791,25269.20,602.00
787.124161,25269.20,602.00
787.226586,25269.20,602.00
787.328790,25269.20,602.00
787.430834,25269.20,602.00
787.533360,25269.20,602.00
787.635127,25269.20,602.00
787.737125,25269.20,602.00
787.841539,25269.20,602.00
787.943657,25269.20,602.00
788.046340,25269.20,602.00
788.148771,25269.20,602.00
788.251112,25269.20,602.00
788.353117,25269.20,602.00
788.455389,25269.20,602.00
788.557650,25269.20,602.00
788.658577,25331.54,602.00
788.759183,25331.54,604.00
788.859976,25331.54,668.00
788.960524,25331.54,632.00
789.061070,25331.54,744.00
789.161670,25331.54,642.00
789.262308,25331.54,784.00
789.362972,25331.54,776.00
789.463530,25331.54,788.00
789.564396,25331.54,776.00
789.665041,25331.54,778.00
789.765751,25331.54,780.00
789.866330,25331.54,612.00
789.966876,25331.54,742.00
790.067585,25331.54,626.00
790.168197,25331.54,772.00
790.268870,25331.54,726.00
790.369484,25331.54,628.00
790.470083,25331.54,664.00
790.570624,25331.54,726.00
790.671217,25331.54,788.00
790.771787,25331.54,628.00
790.872371,25331.54,684.00
790.972992,25331.54,744.00
791.073603,25331.54,740.00
791.174266,25331.54,784.00
791.275000,25331.54,784.00
791.375623,25331.54,768.00
791.476198,25331.54,784.00
791.576839,25331.54,746.00
791.677335,25331.54,630.00
791.777835,25331.54,648.00
791.878397,25331.54,794.00
791.979079,25331.54,786.00
792.079666,25331.54,782.00
792.180624,25331.54,682.00
792.281343,25331.54,616.00
792.382007,25331.54,676.00
792.483002,25331.54,676.00
792.583754,25331.54,676.00
792.684619,25331.54,676.00
792.785431,25331.54,676.00
792.888024,25331.54,676.00
792.990771,25331.54,676.00
793.092807,25331.54,676.00
793.194398,25331.54,676.00
793.296401,25331.54,676.00
793.398531,25331.54,676.00
793.500947,25331.54,676.00
793.603917,25331.54,676.00
793.706238,25331.54,676.00
793.809234,25331.54,676.00
793.911771,25331.54,676.00
794.014262,25331.54,676.00
794.116049,25331.54,676.00
794.218463,25331.54,676.00
794.320320,25331.54,676.00
794.422670,25331.54,676.00
794.525564,25331.54,676.00
794.627463,25331.54,676.00
794.729836,25331.54,676.00
794.832791,25331.54,676.00
794.935630,25331.54,676.00
795.038123,25331.54,676.00
795.138905,25331.54,634.00
795.239445,25331.54,746.00
795.340054,25331.54,738.00
795.440664,25331.54,598.00
795.541331,25331.54,640.00
795.641973,25331.54,696.00
795.742578,25331.54,612.00
795.843352,25331.54,738.00
795.943924,25331.54,654.00
796.044669,25331.54,626.00
796.145332,25331.54,640.00
796.245927,25331.54,696.00
796.346516,25331.54,640.00
796.447272,25194.51,584.00
796.547904,25194.51,738.00
796.648441,25194.51,696.00
796.749186,25194.51,640.00
796.849802,25194.51,668.00
796.950371,25194.51,738.00
797.051065,25194.51,598.00
797.151738,25194.51,626.00
797.252328,25194.51,640.00
797.353056,25194.51,738.00
797.453780,25194.51,598.00
797.554686,25194.51,654.00
797.655593,25194.51,570.00
797.756411,25194.51,570.00
797.857250,25194.51,570.00
797.957957,25194.51,570.00
798.060653,25194.51,570.00
798.163280,25194.51,570.00
798.265614,25194.51,570.00
798.368693,25194.51,570.00
798.475831,25194.51,570.00
798.577936,25194.51,570.00
798.680490,25194.51,570.00
798.782983,25194.51,570.00
798.885571,25194.51,570.00
798.988301,25194.51,570.00
799.090831,25194.51,570.00
799.193687,25194.51,570.00
799.295520,25194.51,570.00
799.398273,25194.51,570.00
799.501437,25194.51,570.00
799.603957,25194.51,570.00
799.706877,25194.51,570.00
799.809124,25194.51,570.00
799.911366,25194.51,570.00
800.013980,25194.51,570.00
800.116790,25194.51,570.00
800.219315,25194.51,570.00
800.321645,25194.51,570.00
800.423683,25194.51,570.00
800.526319,25194.51,570.00
800.628446,25194.51,570.00
800.730946,25194.51,570.00
800.833421,25194.51,570.00
800.935936,25194.51,570.00
801.038672,25194.51,570.00
801.141075,25194.51,570.00
801.242029,25319.07,710.00
801.342817,25319.07,752.00
801.443396,25319.07,752.00
801.544031,25319.07,654.00
801.644817,25319.07,654.00
801.745458,25319.07,668.00
801.846049,25319.07,750.00
801.946684,25319.07,730.00
802.047452,25319.07,668.00
802.148068,25319.07,598.00
802.248696,25319.07,654.00
802.349408,25319.07,648.00
802.450082,25319.07,760.00
802.550764,25319.07,676.00
802.651279,25319.07,760.00
802.751878,25319.07,606.00
802.852522,25319.07,760.00
802.953366,25319.07,746.00
803.054188,25319.07,746.00
803.154955,25319.07,704.00
803.255575,25319.07,634.00
803.356189,25319.07,762.00
803.456769,25319.07,650.00
803.557394,25319.07,692.00
803.657977,25319.07,768.00
803.758671,25319.07,748.00
803.859285,25319.07,584.00
803.960073,25319.07,584.00
804.060762,25319.07,584.00
804.161342,25319.07,584.00
804.262280,25319.07,584.00
804.363129,25319.07,584.00
804.465162,25319.07,584.00
804.568098,25319.07,584.00
804.670141,25319.07,584.00
804.771963,25319.07,584.00
804.874454,25319.07,584.00
804.977104,25319.07,584.00
805.079287,25319.07,584.00
805.182139,25319.07,584.00
805.284559,25319.07,584.00
805.387202,25319.07,584.00
805.489150,25319.07,584.00
805.591561,25319.07,584.00
805.693874,25319.07,584.00
805.795893,25319.07,584.00
805.897504,25319.07,584.00
806.000030,25319.07,584.00
806.102560,25319.07,584.00
806.205365,25319.07,584.00
806.307873,25319.07,584.00
806.410662,25319.07,584.00
806.513348,25319.07,584.00
806.616106,25319.07,584.00
806.718901,25319.07,584.00
806.821751,25319.07,584.00
806.924112,25319.07,584.00
807.026950,25319.07,584.00
807.129404,25319.07,584.00
807.232201,25319.07,584.00
807.334702,25319.07,584.00
807.437388,25319.07,584.00
807.539744,25319.07,584.00
807.642576,25319.07,584.00
807.743510,25319.07,728.00
807.844128,25319.07,678.00
807.944773,25319.07,750.00
808.045678,25319.07,750.00
808.146531,25319.07,736.00
808.247502,25319.07,770.00
808.348482,25319.07,684.00
808.449303,25319.07,764.00
808.550152,25319.07,678.00
808.651054,25319.07,650.00
808.751911,25118.66,600.00
808.852568,25118.66,678.00
808.953296,25118.66,652.00
809.053862,25118.66,764.00
809.154428,25118.66,714.00
809.255096,25118.66,764.00
809.355887,25118.66,624.00
809.456574,25118.66,764.00
809.557154,25118.66,610.00
809.657788,25118.66,666.00
809.758356,25118.66,652.00
809.858892,25118.66,770.00
809.959511,25118.66,778.00
810.060290,25118.66,630.00
810.160976,25118.66,624.00
810.261534,25118.66,666.00
810.362333,25118.66,680.00
810.463206,25118.66,652.00
810.564191,25118.66,764.00
810.665196,25118.66,596.00
810.766079,25118.66,612.00
810.866867,25118.66,612.00
810.967655,25118.66,612.00
811.068304,25118.66,612.00
811.169054,25118.66,612.00
811.271026,25118.66,612.00
811.373233,25118.66,612.00
811.476714,25118.66,612.00
811.579591,25118.66,612.00
811.682458,25118.66,612.00
811.783587,25118.66,612.00
811.887600,25118.66,612.00
811.990346,25118.66,612.00
812.094523,25118.66,612.00
812.195402,25118.66,612.00
812.298441,25118.66,612.00
812.400443,25118.66,612.00
812.502899,25118.66,612.00
812.605846,25118.66,612.00
812.708300,25118.66,612.00
812.810641,25118.66,612.00
812.911622,25118.66,612.00
813.013528,25118.66,612.00
813.117644,25118.66,612.00
813.218596,25118.66,612.00
813.319570,25118.66,612.00
813.424499,25118.66,612.00
813.527600,25118.66,612.00
813.631086,25118.66,612.00
813.732850,25118.66,612.00
813.838108,25118.66,612.00
813.941545,25118.66,612.00
814.043420,25118.66,612.00
814.145179,25118.66,612.00
814.247729,25118.66,612.00
814.350168,25118.66,612.00
814.452748,25118.66,612.00
814.554963,25118.66,612.00
814.657154,25131.01,612.00
814.758310,25255.69,750.00
814.859237,25255.69,690.00
814.960055,25255.69,700.00
815.060869,25255.69,692.00
815.161644,25255.69,800.00
815.262706,25255.69,794.00
815.363890,25255.69,696.00
815.465013,25255.69,796.00
815.566238,25255.69,698.00
815.667060,25255.69,658.00
815.768106,25255.69,706.00
815.868715,25255.69,798.00
815.969381,25255.69,794.00
816.070059,25255.69,684.00
816.171335,25255.69,802.00
816.272211,25255.69,712.00
816.372834,25255.69,824.00
816.473413,25255.69,748.00
816.574221,25255.69,616.00
816.674867,25255.69,708.00
816.775429,25255.69,674.00
816.876050,25255.69,806.00
816.976713,25255.69,804.00
817.077415,25255.69,714.00
817.178065,25255.69,616.00
817.278722,25255.69,804.00
817.379370,25255.69,810.00
817.480569,25255.69,806.00
817.581372,25255.69,644.00
817.682207,25255.69,630.00
817.783149,25255.69,686.00
817.884083,25255.69,702.00
817.984930,25255.69,806.00
818.085700,25255.69,808.00
818.186428,25255.69,672.00
818.287221,25255.69,696.00
818.387994,25255.69,802.00
818.488750,25255.69,754.00
818.589840,25255.69,722.00
818.690830,25255.69,800.00
818.791711,25255.69,678.00
818.892683,25255.69,704.00
818.993318,25255.69,704.00
819.094409,25255.69,704.00
819.195355,25255.69,704.00
819.296347,25255.69,704.00
819.397387,25255.69,704.00
819.500219,25255.69,704.00
819.602014,25255.69,704.00
819.704419,25255.69,704.00
819.807064,25255.69,704.00
819.909180,25255.69,704.00
820.012952,25255.69,704.00
820.115316,25255.69,704.00
820.217862,25255.69,704.00
820.320272,25255.69,704.00
820.422736,25255.69,704.00
820.525319,25255.69,704.00
820.628272,25255.69,704.00
820.730499,25255.69,704.00
820.832064,25255.69,704.00
820.935197,25255.69,704.00
821.035987,25193.47,602.00
821.136648,25193.47,742.00
821.237257,25193.47,706.00
821.337914,25193.47,692.00
821.438544,25193.47,664.00
821.539279,25193.47,692.00
821.640307,25193.47,664.00
821.741110,25193.47,622.00
821.841886,25193.47,748.00
821.942757,25193.47,740.00
822.043707,25193.47,734.00
822.144477,25193.47,734.00
822.245113,25193.47,740.00
822.345937,25193.47,734.00
822.446693,25193.47,670.00
822.547386,25193.47,734.00
822.648077,25193.47,740.00
822.748885,25193.47,720.00
822.849537,25193.47,740.00
822.950315,25193.47,636.00
823.051171,25193.47,608.00
823.151823,25193.47,600.00
823.252482,25193.47,608.00
823.353184,25193.47,740.00
823.453778,25193.47,734.00
823.554726,25193.47,586.00
823.655635,25193.47,586.00
823.756643,25193.47,586.00
823.858350,25193.47,586.00
823.959297,25193.47,586.00
824.063636,25193.47,586.00
824.164638,25193.47,586.00
824.267171,25193.47,586.00
824.369266,25193.47,586.00
824.471783,25193.47,586.00
824.574122,25193.47,586.00
824.676812,25193.47,586.00
824.779823,25193.47,586.00
824.882239,25193.47,586.00
824.984772,25193.47,586.00
825.087223,25193.47,586.00
825.188937,25193.47,586.00
825.291130,25193.47,586.00
825.393674,25193.47,586.00
825.496298,25193.47,586.00
825.598537,25193.47,586.00
825.700881,25193.47,586.00
825.803009,25193.47,586.00
825.905660,25193.47,586.00
826.008336,25193.47,586.00
826.110364,25193.47,586.00
826.213169,25193.47,586.00
826.315983,25193.47,586.00
826.418673,25193.47,586.00
826.521896,25193.47,586.00
826.623920,25193.47,586.00
826.726282,25193.47,586.00
826.829029,25193.47,586.00
826.931645,25193.47,586.00
827.033729,25193.47,586.00
827.136719,25193.47,586.00
827.237504,25193.47,628.00
827.338515,25193.47,740.00
827.439252,25193.47,754.00
827.539912,25193.47,670.00
827.640600,25193.47,670.00
827.741543,25193.47,754.00
827.842383,25193.47,684.00
827.943300,25193.47,642.00
828.043973,25193.47,656.00
828.144788,25193.47,642.00
828.245441,25193.47,670.00
828.346260,25193.47,600.00
828.447081,25193.47,614.00
828.547729,25193.47,642.00
828.648378,25143.60,740.00
828.749176,25143.60,664.00
828.849863,25143.60,622.00
828.950438,25143.61,748.00
829.051005,25143.60,678.00
829.151589,25143.60,636.00
829.252420,25143.60,678.00
829.353415,25155.94,622.00
829.454089,25168.41,664.00
829.554694,25192.69,762.00
829.655354,25205.82,650.00
829.756059,25218.29,594.00
829.856993,25218.29,594.00
829.957659,25218.29,594.00
830.058291,25218.29,594.00
830.159038,25218.29,594.00
830.259710,25218.29,594.00
830.362010,25218.29,594.00
830.464108,25218.29,594.00
830.566465,25218.29,594.00
830.669415,25218.29,594.00
830.771718,25218.29,594.00
830.874175,25218.29,594.00
830.977079,25218.29,594.00
831.079659,25218.29,594.00
831.181775,25218.29,594.00
831.283964,25218.29,594.00
831.386333,25218.29,594.00
831.488370,25218.29,594.00
831.590817,25218.29,594.00
831.693332,25218.29,594.00
831.795465,25218.29,594.00
831.899150,25218.29,594.00
832.002411,25218.29,594.00
832.104719,25218.29,594.00
832.207251,25218.29,594.00
832.310026,25218.29,594.00
832.412262,25218.29,594.00
832.514837,25218.29,594.00
832.617120,25218.29,594.00
832.719452,25218.29,594.00
832.821825,25218.29,594.00
832.924208,25218.29,594.00
833.026654,25218.29,594.00
833.128783,25218.29,594.00
833.231195,25218.29,594.00
833.333234,25218.29,594.00
833.435763,25218.29,594.00
833.538270,25218.29,594.00
833.640884,25218.29,594.00
833.741822,25218.29,698.00
833.842500,25218.29,762.00
833.943203,25218.29,664.00
834.043866,25218.29,676.00
834.144746,25218.29,678.00
834.245391,25218.29,760.00
834.346071,25218.29,692.00
834.446790,25218.29,636.00
834.547436,25218.29,762.00
834.648246,25218.29,664.00
834.748871,25218.29,760.00
834.849661,25218.29,622.00
834.950300,25218.29,678.00
835.050996,25218.29,650.00
835.151781,25218.29,748.00
835.252681,25218.29,762.00
835.353321,25218.29,762.00
835.453930,25218.29,602.00
835.554655,25218.29,644.00
835.655299,25218.29,770.00
835.755995,25218.29,622.00
835.856747,25218.29,686.00
835.957414,25218.29,756.00
836.058137,25218.29,714.00
836.159159,25218.29,728.00
836.261257,25218.29,776.00
836.361838,25218.29,762.00
836.462632,25218.29,686.00
836.563282,25218.29,756.00
836.663976,25218.29,616.00
836.764805,25218.29,616.00
836.865789,25168.54,616.00
836.966478,25168.54,616.00
837.067231,25168.54,616.00
837.167946,25168.54,616.00
837.270687,25168.54,616.00
837.373130,25168.54,616.00
837.475434,25168.54,616.00
837.577913,25168.54,616.00
837.680807,25168.54,616.00
837.783219,25168.54,616.00
837.885404,25168.54,616.00
837.987586,25168.54,616.00
838.089930,25168.54,616.00
838.192604,25168.54,616.00
838.295380,25168.54,616.00
838.397900,25168.54,616.00
838.500270,25168.54,616.00
838.602860,25168.54,616.00
838.705437,25168.54,616.00
838.808153,25168.54,616.00
838.910387,25168.54,616.00
839.013112,25168.54,616.00
839.115572,25168.54,616.00
839.217924,25168.54,616.00
839.320445,25168.54,616.00
839.422707,25168.54,616.00
839.524633,25168.54,616.00
839.627267,25168.54,616.00
839.729852,25168.54,616.00
839.832493,25168.54,616.00
839.935402,25168.54,616.00
840.038129,25168.54,616.00
840.140575,25168.54,616.00
840.242894,25218.29,616.00
840.343658,25280.62,692.00
840.444211,25280.62,782.00
840.544830,25280.62,776.00
840.645410,25280.62,786.00
840.746075,25280.62,778.00
840.846683,25280.62,646.00
840.947261,25280.62,778.00
841.047865,25280.62,662.00
841.148461,25280.62,788.00
841.249158,25280.62,746.00
841.349738,25280.62,780.00
841.450405,25280.62,682.00
841.551217,25280.62,614.00
841.651855,25280.62,784.00
841.752527,25280.62,774.00
841.853379,25280.62,684.00
841.954246,25280.62,634.00
842.054985,25280.62,628.00
842.155720,25280.62,614.00
842.256433,25280.62,684.00
842.357235,25280.62,792.00
842.458011,25280.62,690.00
842.558778,25280.62,768.00
842.659545,25280.62,784.00
842.760283,25280.62,694.00
842.861073,25280.62,768.00
842.961799,25280.62,676.00
843.062477,25280.62,780.00
843.163287,25280.62,792.00
843.264096,25280.62,732.00
843.364743,25280.62,782.00
843.465463,25280.62,780.00
843.566142,25280.62,788.00
843.666930,25280.62,696.00
843.767696,25280.62,666.00
843.868361,25280.62,698.00
843.969045,25280.62,778.00
844.069681,25280.62,648.00
844.170461,25280.62,690.00
844.271276,25280.62,690.00
844.372014,25280.62,690.00
844.472790,25280.62,690.00
844.573453,25280.62,690.00
844.676394,25280.62,690.00
844.778744,25280.62,690.00
844.884705,25280.62,690.00
844.988396,25280.62,690.00
845.089550,25280.62,690.00
845.191466,25280.62,690.00
845.294740,25280.62,690.00
845.395831,25280.62,690.00
845.497596,25280.62,690.00
845.602975,25280.62,690.00
845.705603,25280.62,690.00
845.809344,25280.62,690.00
845.912075,25280.62,690.00
846.014559,25280.62,690.00
846.116077,25280.62,690.00
846.218579,25280.62,690.00
846.321209,25280.62,690.00
846.423781,25280.62,690.00
846.527472,25280.62,690.00
846.628426,25280.62,690.00
846.729737,25280.62,690.00
846.831388,25280.62,690.00
846.933467,25280.62,690.00
847.035773,25280.62,690.00
847.136619,25280.62,634.00
847.237590,25280.62,594.00
847.338166,25280.62,580.00
847.438969,25280.62,740.00
847.539556,25280.62,642.00
847.640295,25280.62,600.00
847.741062,25280.62,734.00
847.841812,25280.62,670.00
847.942403,25280.62,628.00
848.043303,25280.62,740.00
848.144153,25280.62,670.00
848.245229,25280.62,642.00
848.346149,25280.62,642.00
848.447051,25280.62,726.00
848.547826,25280.62,586.00
848.648447,25280.62,684.00
848.749053,25280.62,656.00
848.849720,25280.62,586.00
848.950320,25280.62,740.00
849.051006,25280.62,628.00
849.151694,25280.62,740.00
849.252276,25280.62,740.00
849.352989,25280.62,642.00
849.453588,25230.88,698.00
849.554300,25230.88,670.00
849.655143,25230.88,712.00
849.755847,25230.88,586.00
849.856565,25230.88,586.00
849.957395,25230.88,586.00
850.058182,25230.88,586.00
850.158849,25230.88,586.00
850.260980,25230.88,586.00
850.363039,25230.88,586.00
850.466849,25230.88,586.00
850.568998,25230.88,586.00
850.671382,25230.88,586.00
850.775191,25230.88,586.00
850.878420,25230.88,586.00
850.981317,25230.88,586.00
851.084226,25230.88,586.00
851.186264,25230.88,586.00
851.289038,25230.88,586.00
851.391267,25230.88,586.00
851.493672,25230.88,586.00
851.595431,25230.88,586.00
851.698767,25230.88,586.00
851.801498,25230.88,586.00
851.903819,25230.88,586.00
852.005594,25230.88,586.00
852.107818,25230.88,586.00
852.209679,25230.88,586.00
852.312690,25230.88,586.00
852.415043,25230.88,586.00
852.516973,25230.88,586.00
852.619411,25230.88,586.00
852.721413,25230.88,586.00
852.823767,25230.88,586.00
852.926248,25230.88,586.00
853.028967,25230.88,586.00
853.131218,25230.88,586.00
853.233946,25230.88,586.00
853.335630,25230.88,586.00
853.437446,25230.88,586.00
853.539671,25230.88,586.00
853.641545,25230.88,586.00
853.743765,25268.16,586.00
853.844475,25293.09,642.00
853.945197,25293.09,748.00
854.045994,25293.09,608.00
854.146615,25293.09,748.00
854.247253,25293.09,748.00
854.347880,25293.09,622.00
854.448480,25293.09,762.00
854.549530,25293.09,608.00
854.650464,25293.09,678.00
854.751167,25293.09,762.00
854.851860,25293.09,636.00
854.952721,25293.09,636.00
855.053398,25293.09,608.00
855.154092,25293.09,664.00
855.254660,25293.09,748.00
855.355298,25293.09,748.00
855.456136,25293.09,748.00
855.556867,25293.09,664.00
855.657555,25293.09,656.00
855.758164,25293.09,636.00
855.858826,25293.09,762.00
855.959470,25293.09,650.00
856.060247,25293.09,748.00
856.160825,25293.09,650.00
856.261513,25293.09,762.00
856.362283,25293.09,650.00
856.462960,25293.09,580.00
856.563658,25293.09,580.00
856.664381,25293.09,580.00
856.765449,25293.09,580.00
856.866365,25293.09,580.00
856.967443,25293.09,580.00
857.068239,25293.09,580.00
857.171292,25293.09,580.00
857.275872,25293.09,580.00
857.378233,25293.09,580.00
857.481028,25293.09,580.00
857.583093,25293.09,580.00
857.685918,25293.09,580.00
857.788716,25293.09,580.00
857.891341,25293.09,580.00
857.994184,25293.09,580.00
858.096477,25293.09,580.00
858.198970,25293.09,580.00
858.301418,25293.09,580.00
858.404199,25293.09,580.00
858.507001,25293.09,580.00
858.609619,25293.09,580.00
858.711548,25293.09,580.00
858.814338,25293.09,580.00
858.916911,25293.09,580.00
859.021752,25293.09,580.00
859.124436,25293.09,580.00
859.227564,25293.09,580.00
859.329713,25293.09,580.00
859.431546,25293.09,580.00
859.534222,25293.09,580.00
859.636502,25293.09,580.00
859.738839,25293.09,580.00
859.841198,25293.09,580.00
859.945460,25293.09,580.00
860.047692,25293.09,580.00
860.149626,25293.09,580.00
860.252786,25293.09,580.00
860.355424,25293.09,580.00
860.458022,25293.09,580.00
860.559066,25293.09,614.00
860.659991,25293.09,762.00
860.760706,25293.09,782.00
860.861357,25293.09,768.00
860.962203,25293.09,670.00
861.062777,25293.09,740.00
861.163401,25293.09,764.00
861.264041,25293.09,770.00
861.364663,25293.09,756.00
861.465239,25293.09,764.00
861.565940,25293.09,666.00
861.666618,25293.09,694.00
861.767454,25293.09,694.00
861.868083,25293.09,722.00
861.968704,25293.09,764.00
862.069300,25293.09,652.00
862.170014,25293.09,764.00
862.270646,25293.09,664.00
862.371223,25293.09,644.00
862.471861,25293.09,764.00
862.572612,25293.09,778.00
862.673391,25293.10,750.00
862.773977,25293.09,624.00
862.874673,25293.09,610.00
862.975298,25293.09,764.00
863.075936,25293.09,652.00
863.176471,25293.09,680.00
863.277166,25293.09,776.00
863.377776,25293.09,652.00
863.478558,25293.09,616.00
863.579220,25293.09,616.00
863.679942,25293.09,616.00
863.780628,25293.09,616.00
863.881598,25293.09,616.00
863.982595,25293.09,616.00
864.083359,25293.09,616.00
864.185919,25179.96,616.00
864.287856,25179.96,616.00
864.390701,25179.96,616.00
864.493242,25179.96,616.00
864.595317,25179.96,616.00
864.697803,25179.96,616.00
864.800119,25179.96,616.00
864.904067,25179.96,616.00
865.006413,25179.96,616.00
865.108928,25179.96,616.00
865.211420,25179.96,616.00
865.314276,25179.96,616.00
865.416671,25179.96,616.00
865.518683,25179.96,616.00
865.621495,25179.96,616.00
865.723548,25179.96,616.00
865.826194,25179.96,616.00
865.928353,25179.96,616.00
866.030910,25179.96,616.00
866.133067,25179.96,616.00
866.235632,25179.96,616.00
866.337958,25179.96,616.00
866.440298,25179.96,616.00
866.542726,25179.96,616.00
866.644495,25179.96,616.00
866.746944,25179.96,616.00
866.848987,25179.96,616.00
866.951727,25179.96,616.00
867.053516,25179.96,616.00
867.156227,25179.96,616.00
867.257157,25179.96,810.00
867.357761,25179.96,798.00
867.458404,25179.96,808.00
867.558980,25179.96,640.00
867.659741,25179.96,654.00
867.760333,25179.96,620.00
867.861153,25179.96,748.00
867.961768,25179.96,794.00
868.062335,25179.96,796.00
868.163020,25179.96,798.00
868.263699,25179.96,660.00
868.364404,25179.96,698.00
868.464991,25179.96,806.00
868.565565,25179.96,756.00
868.666214,25179.96,704.00
868.766923,25179.96,710.00
868.867497,25179.96,760.00
868.968214,25179.96,690.00
869.068765,25179.96,722.00
869.169330,25179.96,810.00
869.269918,25179.96,814.00
869.370699,25179.96,690.00
869.471372,25179.96,762.00
869.571932,25179.96,816.00
869.672475,25179.96,732.00
869.773171,25179.96,626.00
869.873946,25179.96,692.00
869.974991,25179.96,704.00
870.075883,25179.96,770.00
870.176544,25179.96,626.00
870.277218,25179.96,796.00
870.377803,25179.96,674.00
870.478513,25179.96,702.00
870.579187,25179.96,708.00
870.679987,25179.96,806.00
870.780558,25179.96,802.00
870.881252,25179.96,654.00
870.982136,25179.96,626.00
871.082841,25179.96,798.00
871.183422,25179.96,698.00
871.284134,25179.96,698.00
871.384866,25179.96,698.00
871.485570,25130.09,698.00
871.586328,25130.09,698.00
871.687199,25130.09,698.00
871.787972,25130.09,698.00
871.889978,25130.09,698.00
871.992264,25130.09,698.00
872.094746,25130.09,698.00
872.197373,25130.09,698.00
872.299738,25130.09,698.00
872.401832,25130.09,698.00
872.504216,25130.09,698.00
872.606506,25130.09,698.00
872.709216,25130.09,698.00
872.811594,25130.09,698.00
872.914248,25130.09,698.00
873.016741,25130.09,698.00
873.119275,25130.09,698.00
873.221535,25130.09,698.00
873.324138,25130.09,698.00
873.424927,25130.09,728.00
873.525539,25130.09,616.00
873.626277,25130.09,714.00
873.726914,25130.09,644.00
873.827520,25130.09,728.00
873.928236,25130.09,602.00
874.028885,25130.09,686.00
874.129451,25130.09,686.00
874.230169,25130.09,630.00
874.330769,25130.09,728.00
874.431430,25130.09,644.00
874.532102,25130.09,644.00
874.632705,25130.09,658.00
874.733298,25130.09,714.00
874.833960,25130.09,616.00
874.934532,25130.09,728.00
875.035266,25130.09,602.00
875.135999,25130.09,742.00
875.236630,25130.09,616.00
875.337261,25130.09,714.00
875.437920,25130.09,630.00
875.538545,25130.09,658.00
875.639180,25130.09,630.00
875.739824,25130.09,644.00
875.840435,25130.09,574.00
875.941148,25130.09,574.00
876.044028,25130.09,574.00
876.146063,25130.09,574.00
876.248111,25130.09,574.00
876.350648,25130.09,574.00
876.452437,25130.09,574.00
876.554864,25130.09,574.00
876.657516,25130.09,574.00
876.759884,25130.09,574.00
876.862516,25130.09,574.00
876.964790,25130.09,574.00
877.066910,25130.09,574.00
877.168881,25130.09,574.00
877.270519,25130.09,574.00
877.372905,25130.09,574.00
877.475598,25130.09,574.00
877.577686,25130.09,574.00
877.679724,25130.09,574.00
877.782649,25130.09,574.00
877.885958,25130.09,574.00
877.987766,25130.09,574.00
878.089422,25130.09,574.00
878.191185,25130.09,574.00
878.293497,25130.09,574.00
878.395600,25130.09,574.00
878.498109,25130.09,574.00
878.600629,25130.09,574.00
878.702982,25130.09,574.00
878.805177,25130.09,574.00
878.907779,25130.09,574.00
879.010460,25130.09,574.00
879.112751,25130.09,574.00
879.214951,25130.09,574.00
879.317360,25130.09,574.00
879.419857,25130.09,574.00
879.522633,25167.37,574.00
879.623368,25142.56,628.00
879.723970,25142.56,754.00
879.824521,25142.56,768.00
879.925231,25142.56,684.00
880.025905,25142.56,754.00
880.126542,25142.56,754.00
880.227314,25142.56,656.00
880.328121,25142.56,670.00
880.428791,25142.56,684.00
880.529423,25167.37,684.00
880.630052,25179.84,628.00
880.730713,25204.78,678.00
880.831418,25204.78,762.00
880.932108,25204.78,762.00
881.032863,25204.78,664.00
881.133640,25217.25,762.00
881.234369,25229.71,622.00
881.335114,25242.18,678.00
881.435818,25242.18,650.00
881.536489,25267.12,762.00
881.637139,25267.12,762.00
881.737727,25267.12,762.00
881.838434,25267.12,664.00
881.939350,25267.12,762.00
882.040176,25267.12,692.00
882.140876,25267.12,608.00
882.241708,25279.59,608.00
882.342431,25279.59,608.00
882.443385,25279.59,608.00
882.544325,25279.59,608.00
882.645194,25279.59,608.00
882.745950,25279.59,608.00
882.846640,25279.59,608.00
882.948713,25279.59,608.00
883.050872,25279.59,608.00
883.152870,25279.59,608.00
883.254897,25279.59,608.00
883.356827,25279.59,608.00
883.458675,25279.59,608.00
883.561182,25279.59,608.00
883.663217,25279.59,608.00
883.765184,25279.59,608.00
883.867479,25279.59,608.00
883.969609,25279.59,608.00
884.072160,25279.59,608.00
884.173837,25279.59,608.00
884.276217,25279.59,608.00
884.378756,25279.59,608.00
884.480997,25279.59,608.00
884.583337,25279.59,608.00
884.685547,25279.59,608.00
884.787501,25279.59,608.00
884.889088,25279.59,608.00
884.991809,25279.59,608.00
885.094058,25279.59,608.00
885.196423,25279.59,608.00
885.298719,25279.59,608.00
885.400909,25279.59,608.00
885.503245,25279.59,608.00
885.605151,25279.59,608.00
885.707467,25279.59,608.00
885.810001,25279.59,608.00
885.912151,25279.59,608.00
886.014109,25279.59,608.00
886.116417,25279.59,608.00
886.218736,25279.59,608.00
886.320959,25279.59,608.00
886.421614,25279.59,754.00
886.522196,25279.59,768.00
886.622781,25279.59,656.00
886.723364,25279.59,754.00
886.824016,25279.59,642.00
886.924713,25279.59,684.00
887.025330,25279.59,614.00
887.125982,25279.59,754.00
887.226764,25279.59,684.00
887.327375,25279.59,614.00
887.428202,25279.59,614.00
887.528853,25279.59,656.00
887.629450,25279.59,608.00
887.730050,25279.59,656.00
887.830664,25279.59,694.00
887.931260,25279.59,678.00
888.031945,25279.59,608.00
888.132556,25279.59,692.00
888.233121,25279.59,762.00
888.333786,25279.59,678.00
888.434502,25279.59,664.00
888.535116,25279.59,622.00
888.635680,25279.59,768.00
888.736277,25279.59,764.00
888.837096,25279.59,756.00
888.937884,25279.59,764.00
889.039005,25279.59,652.00
889.139939,25279.59,778.00
889.240853,25279.59,610.00
889.342273,25279.59,610.00
889.443097,25229.84,610.00
889.544029,25229.84,610.00
889.644806,25229.84,610.00
889.745612,25229.84,610.00
889.848133,25229.84,610.00
889.951727,25229.84,610.00
890.054017,25229.84,610.00
890.155992,25229.84,610.00
890.258194,25229.84,610.00
890.360102,25229.84,610.00
890.462240,25229.84,610.00
890.564256,25229.84,610.00
890.666617,25229.84,610.00
890.769084,25229.84,610.00
890.871523,25229.84,610.00
890.975428,25229.84,610.00
891.077771,25229.84,610.00
891.180015,25229.84,610.00
891.282149,25229.84,610.00
891.383970,25229.84,610.00
891.486181,25229.84,610.00
891.588340,25229.84,610.00
891.690761,25229.84,610.00
891.792969,25229.84,610.00
891.895112,25229.84,610.00
891.997114,25229.84,610.00
892.099061,25229.84,610.00
892.201188,25229.84,610.00
892.303855,25229.84,610.00
892.406156,25229.84,610.00
892.509585,25229.84,610.00
892.611588,25229.84,610.00
892.714626,25229.84,610.00
892.820655,25229.84,610.00
892.924111,25229.84,610.00
893.025253,25229.84,694.00
893.125960,25229.84,722.00
893.226854,25229.84,780.00
893.327839,25229.84,744.00
893.428674,25229.84,694.00
893.529429,25229.84,728.00
893.630257,25229.84,666.00
893.731012,25229.84,788.00
893.831676,25229.84,716.00
893.932241,25229.84,772.00
894.032810,25229.84,590.00
894.133381,25229.84,632.00
894.233897,25229.84,660.00
894.334516,25229.84,702.00
894.435124,25229.84,772.00
894.535746,25229.84,776.00
894.636269,25229.84,774.00
894.736973,25229.84,784.00
894.837715,25229.84,772.00
894.938289,25229.84,718.00
895.038914,25229.84,692.00
895.139529,25229.84,780.00
895.240193,25229.84,774.00
895.340833,25229.84,780.00
895.441533,25229.84,780.00
895.542142,25229.84,786.00
895.642667,25229.84,606.00
895.743188,25229.84,618.00
895.843754,25229.84,778.00
895.944439,25229.84,778.00
896.045056,25229.84,668.00
896.145640,25229.84,626.00
896.246345,25229.84,794.00
896.347090,25229.84,690.00
896.447709,25229.84,788.00
896.548307,25229.84,780.00
896.648914,25229.84,620.00
896.749686,25229.84,642.00
896.850452,25229.84,642.00
896.951447,25229.84,642.00
897.052409,25229.84,642.00
897.153250,25229.84,642.00
897.255505,25229.84,642.00
897.358012,25229.84,642.00
897.460424,25229.84,642.00
897.562687,25229.84,642.00
897.664818,25229.84,642.00
897.767133,25229.84,642.00
897.869493,25229.84,642.00
897.970659,25229.84,642.00
898.074898,25229.84,642.00
898.177192,25229.84,642.00
898.279670,25229.84,642.00
898.381459,25229.84,642.00
898.483693,25229.84,642.00
898.585243,25229.84,642.00
898.689948,25229.84,642.00
898.791658,25229.84,642.00
898.892394,25229.84,642.00
898.994656,25229.84,642.00
899.097172,25229.84,642.00
899.199561,25229.84,642.00
899.302218,25229.84,642.00
899.404349,25229.84,642.00
899.506948,25229.84,642.00
899.609325,25229.84,642.00
899.711802,25229.84,642.00
899.812645,25229.84,644.00
899.913347,25229.84,658.00
900.014036,25229.84,616.00
900.114671,25229.84,742.00
900.215337,25229.84,644.00
900.315918,25229.84,616.00
900.416568,25229.84,630.00
900.517177,25229.84,616.00
900.617791,25229.84,728.00
900.718403,25229.84,644.00
900.819113,25229.84,672.00
900.919763,25229.84,630.00
901.020487,25229.84,588.00
901.121176,25178.93,742.00
901.221814,25178.93,588.00
901.322368,25178.93,588.00
901.422959,25178.93,728.00
901.523592,25178.93,630.00
901.624481,25178.93,644.00
901.725250,25178.93,742.00
901.826168,25178.93,630.00
901.926848,25178.93,630.00
902.027588,25178.93,588.00
902.128471,25178.93,728.00
902.229361,25178.93,588.00
902.330264,25178.93,588.00
902.431174,25178.93,588.00
902.532161,25178.93,588.00
902.633356,25178.93,588.00
902.737956,25178.93,588.00
902.840083,25178.93,588.00
902.942289,25178.93,588.00
903.044224,25178.93,588.00
903.146747,25178.93,588.00
903.250273,25178.93,588.00
903.352232,25178.93,588.00
903.454232,25178.93,588.00
903.556084,25178.93,588.00
903.658266,25178.93,588.00
903.760725,25178.93,588.00
903.862845,25178.93,588.00
903.964984,25178.93,588.00
904.067369,25178.93,588.00
904.169147,25178.93,588.00
904.271254,25178.93,588.00
904.373798,25178.93,588.00
904.475848,25178.93,588.00
904.577944,25178.93,588.00
904.680263,25178.93,588.00
904.782321,25178.93,588.00
904.884420,25178.93,588.00
904.986899,25178.93,588.00
905.089149,25178.93,588.00
905.190984,25178.93,588.00
905.293237,25178.93,588.00
905.395815,25178.93,588.00
905.497871,25178.93,588.00
905.599734,25178.93,588.00
905.701910,25178.93,588.00
905.804991,25178.93,588.00
905.907751,25178.93,588.00
906.010021,25178.93,588.00
906.112134,25178.93,588.00
906.212933,25178.93,756.00
906.313542,25178.93,748.00
906.414138,25178.93,720.00
906.514799,25178.93,608.00
906.615670,25178.93,608.00
906.716630,25178.93,678.00
906.817225,25178.93,622.00
906.917802,25178.93,678.00
907.018377,25178.93,762.00
907.118979,25178.93,608.00
907.219544,25178.93,762.00
907.320227,25178.93,664.00
907.420783,25178.93,594.00
907.521338,25178.93,734.00
907.622099,25178.93,636.00
907.722725,25191.27,664.00
907.823327,25191.27,720.00
907.923940,25203.74,734.00
908.024591,25203.74,664.00
908.125460,25253.61,762.00
908.226250,25253.61,608.00
908.327108,25253.61,636.00
908.427717,25253.61,706.00
908.528410,25253.61,636.00
908.628995,25278.55,720.00
908.729538,25278.55,664.00
908.830174,25278.55,664.00
908.930825,25278.55,594.00
909.031441,25278.55,594.00
909.132209,25278.55,594.00
909.232923,25278.55,594.00
909.333558,25278.55,594.00
909.434322,25278.55,594.00
909.537271,25278.55,594.00
909.639723,25278.55,594.00
909.742242,25278.55,594.00
909.844630,25278.55,594.00
909.946775,25278.55,594.00
910.049330,25278.55,594.00
910.151908,25278.55,594.00
910.253714,25278.55,594.00
910.356021,25278.55,594.00
910.457916,25278.55,594.00
910.560266,25278.55,594.00
910.662541,25278.55,594.00
910.764897,25278.55,594.00
910.867545,25278.55,594.00
910.971914,25278.55,594.00
911.073967,25278.55,594.00
911.176599,25278.55,594.00
911.278926,25278.55,594.00
911.380925,25278.55,594.00
911.483079,25278.55,594.00
911.585234,25278.55,594.00
911.688183,25278.55,594.00
911.790222,25278.55,594.00
911.892386,25278.55,594.00
911.994778,25278.55,594.00
912.097204,25278.55,594.00
912.199266,25278.55,594.00
912.301734,25278.55,594.00
912.403342,25278.55,594.00
912.505499,25278.55,594.00
912.607882,25278.55,594.00
912.710513,25278.55,594.00
912.813935,25278.55,594.00
912.916826,25365.82,594.00
913.017588,25278.67,770.00
913.118326,25278.67,614.00
913.219001,25278.67,628.00
913.319810,25278.67,688.00
913.420920,25278.67,770.00
913.521905,25278.67,790.00
913.623016,25278.67,770.00
913.723598,25278.67,770.00
913.824192,25278.67,658.00
913.924874,25278.67,770.00
914.025518,25278.67,770.00
914.126136,25278.67,666.00
914.226776,25291.02,764.00
914.327382,25303.48,694.00
914.427944,25303.48,764.00
914.528593,25303.48,750.00
914.629210,25303.48,736.00
914.729922,25303.48,764.00
914.831025,25303.48,782.00
914.931994,25303.48,666.00
915.032919,25303.48,638.00
915.133796,25303.48,778.00
915.234568,25303.48,722.00
915.335521,25303.48,770.00
915.436499,25303.48,686.00
915.537242,25303.48,736.00
915.637931,25303.48,692.00
915.738571,25303.48,624.00
915.839313,25303.48,694.00
915.939987,25303.48,626.00
916.040808,25303.48,626.00
916.141496,25303.48,626.00
916.242333,25303.48,626.00
916.343146,25303.48,626.00
916.443910,25303.48,626.00
916.545798,25303.48,626.00
916.647806,25303.48,626.00
916.749946,25303.48,626.00
916.852215,25303.48,626.00
916.955325,25303.48,626.00
917.058400,25303.48,626.00
917.160480,25303.48,626.00
917.262957,25303.48,626.00
917.365658,25303.48,626.00
917.467967,25303.48,626.00
917.570723,25303.48,626.00
917.672901,25303.48,626.00
917.775516,25303.48,626.00
917.877944,25303.48,626.00
917.980516,25303.48,626.00
918.082450,25303.48,626.00
918.184942,25303.48,626.00
918.287692,25303.48,626.00
918.390138,25303.48,626.00
918.493099,25303.48,626.00
918.595501,25303.48,626.00
918.697440,25303.48,626.00
918.800192,25303.48,626.00
918.902060,25303.48,626.00
919.004626,25303.48,626.00
919.107339,25303.48,626.00
919.210212,25303.48,626.00
919.312493,25303.48,626.00
919.415107,25303.48,626.00
919.515878,25303.48,808.00
919.616493,25303.48,820.00
919.717143,25303.48,636.00
919.817756,25303.48,742.00
919.918443,25303.48,714.00
920.019076,25303.48,800.00
920.119904,25303.48,816.00
920.220882,25303.48,798.00
920.321511,25303.48,624.00
920.422278,25303.48,718.00
920.522946,25303.48,800.00
920.623650,25303.48,700.00
920.724215,25303.48,802.00
920.824996,25303.48,810.00
920.925715,25303.48,708.00
921.026399,25303.48,802.00
921.127053,25303.48,728.00
921.227721,25303.48,800.00
921.328291,25303.48,802.00
921.428979,25303.48,800.00
921.529592,25303.48,628.00
921.630229,25303.48,810.00
921.730864,25303.48,772.00
921.831478,25303.48,758.00
921.932166,25303.48,620.00
922.032798,25303.48,692.00
922.133434,25303.48,780.00
922.234165,25303.48,794.00
922.334847,25303.48,724.00
922.435580,25303.48,810.00
922.536416,25303.48,688.00
922.637143,25303.48,714.00
922.737797,25303.48,806.00
922.838411,25303.48,806.00
922.939059,25303.48,818.00
923.039651,25303.48,812.00
923.140209,25303.48,622.00
923.240805,25303.48,810.00
923.341384,25303.48,696.00
923.442142,25303.48,698.00
923.542804,25303.48,686.00
923.643475,25303.48,686.00
923.744313,25303.48,686.00
923.844988,25303.48,686.00
923.945594,25303.48,686.00
924.046270,25303.48,686.00
924.146975,25303.48,686.00
924.249205,25303.48,686.00
924.351738,25303.48,686.00
924.454344,25303.48,686.00
924.557163,25303.48,686.00
924.659185,25303.48,686.00
924.761909,25303.48,686.00
924.864292,25303.48,686.00
924.966348,25303.48,686.00
925.068637,25303.48,686.00
925.170821,25303.48,686.00
925.272535,25303.48,686.00
925.374424,25303.48,686.00
925.476698,25303.48,686.00
925.578946,25303.48,686.00
925.679787,25303.48,658.00
925.780550,25303.48,594.00
925.881146,25303.48,742.00
925.981935,25303.48,742.00
926.082619,25303.48,602.00
926.183491,25303.48,616.00
926.284178,25303.48,742.00
926.384885,25303.48,568.00
926.485710,25303.48,630.00
926.586498,25303.48,742.00
926.687090,25303.48,742.00
926.787697,25303.48,616.00
926.888271,25303.48,658.00
926.988799,25303.48,742.00
927.089378,25303.48,686.00
927.189931,25303.48,616.00
927.290582,25303.48,644.00
927.391225,25303.48,742.00
927.491897,25303.48,644.00
927.592468,25303.48,644.00
927.693116,25303.48,742.00
927.793719,25303.48,588.00
927.894452,25303.48,742.00
927.995121,25303.48,686.00
928.095770,25303.48,588.00
928.196373,25303.48,588.00
928.297263,25303.48,588.00
928.399229,25303.48,588.00
928.501577,25303.48,588.00
928.603590,25303.48,588.00
928.705987,25303.48,588.00
928.807709,25303.48,588.00
928.911597,25303.48,588.00
929.013326,25303.48,588.00
929.115199,25303.48,588.00
929.217171,25303.48,588.00
929.319290,25303.48,588.00
929.421484,25303.48,588.00
929.523928,25303.48,588.00
929.626139,25303.48,588.00
929.727803,25303.48,588.00
929.830016,25303.48,588.00
929.932057,25303.48,588.00
930.033947,25303.48,588.00
930.136441,25303.48,588.00
930.238665,25303.48,588.00
930.340445,25303.48,588.00
930.442459,25303.48,588.00
930.544263,25303.48,588.00
930.646309,25303.48,588.00
930.748741,25303.48,588.00
930.851137,25303.48,588.00
930.953659,25303.48,588.00
931.055390,25303.48,588.00
931.157843,25303.48,588.00
931.259897,25303.48,588.00
931.362591,25303.48,588.00
931.465042,25303.48,588.00
931.567424,25303.48,588.00
931.669582,25303.48,588.00
931.770999,25303.48,588.00
931.871728,25303.48,734.00
931.972355,25303.48,616.00
932.072994,25303.48,602.00
932.173583,25303.48,672.00
932.274215,25303.48,616.00
932.374871,25253.73,692.00
932.475532,25253.73,630.00
932.576173,25253.73,630.00
932.676773,25253.73,728.00
932.777457,25253.73,672.00
932.878080,25253.73,770.00
932.978755,25253.73,658.00
933.079373,25253.73,644.00
933.179966,25253.73,658.00
933.280716,25278.55,770.00
933.381559,25303.48,616.00
933.482158,25315.95,764.00
933.582747,25328.42,596.00
933.683380,25328.42,694.00
933.784054,25328.42,764.00
933.884857,25328.42,764.00
933.985487,25328.42,750.00
934.086193,25328.42,652.00
934.186766,25340.89,778.00
934.287442,25340.89,764.00
934.388167,25340.89,652.00
934.488796,25340.89,624.00
934.589482,25340.89,624.00
934.690556,25340.89,624.00
934.791317,25340.89,624.00
934.892075,25340.89,624.00
934.994109,25340.89,624.00
935.096138,25340.89,624.00
935.198340,25340.89,624.00
935.300151,25340.89,624.00
935.401775,25340.89,624.00
935.504169,25340.89,624.00
935.606065,25340.89,624.00
935.708184,25340.89,624.00
935.810118,25340.89,624.00
935.912450,25340.89,624.00
936.014876,25340.89,624.00
936.117253,25340.89,624.00
936.219405,25340.89,624.00
936.321422,25340.89,624.00
936.423593,25340.89,624.00
936.525803,25340.89,624.00
936.628220,25340.89,624.00
936.730418,25340.89,624.00
936.832689,25340.89,624.00
936.935316,25340.89,624.00
937.037307,25340.89,624.00
937.139462,25340.89,624.00
937.241630,25340.89,624.00
937.343955,25340.89,624.00
937.445988,25340.89,624.00
937.548275,25340.89,624.00
937.650816,25340.89,624.00
937.752966,25340.89,624.00
937.855124,25340.89,624.00
937.957419,25340.89,624.00
938.059398,25340.89,624.00
938.161342,25340.89,624.00
938.263702,25340.89,624.00
938.366239,25340.89,624.00
938.467016,25340.89,652.00
938.567528,25340.89,666.00
938.668102,25340.89,694.00
938.768663,25340.89,638.00
938.869256,25340.89,764.00
938.969982,25340.89,708.00
939.070684,25340.89,666.00
939.171292,25340.89,720.00
939.271918,25340.89,652.00
939.372603,25340.89,638.00
939.473443,25340.89,610.00
939.574020,25340.89,742.00
939.674619,25340.89,680.00
939.775432,25340.89,666.00
939.876198,25340.89,624.00
939.976772,25340.89,666.00
940.077446,25340.89,686.00
940.178138,25340.89,666.00
940.278656,25340.89,764.00
940.379233,25340.89,666.00
940.480025,25340.89,638.00
940.580704,25340.89,638.00
940.681518,25340.89,692.00
940.782205,25340.89,778.00
940.883172,25340.89,680.00
940.984249,25340.89,666.00
941.084892,25340.89,764.00
941.185489,25340.89,764.00
941.286151,25340.89,624.00
941.386788,25340.89,624.00
941.487614,25340.89,624.00
941.588402,25340.89,624.00
941.689098,25291.14,624.00
941.790003,25291.14,624.00
941.891333,25291.14,624.00
941.995546,25291.14,624.00
942.097829,25291.14,624.00
942.199940,25291.14,624.00
942.302087,25291.14,624.00
942.404271,25291.14,624.00
942.506799,25291.14,624.00
942.609328,25291.14,624.00
942.711437,25291.14,624.00
942.814094,25291.14,624.00
942.916719,25291.14,624.00
943.019404,25291.14,624.00
943.122389,25291.14,624.00
943.224759,25291.14,624.00
943.327600,25291.14,624.00
943.429980,25291.14,624.00
943.532206,25291.14,624.00
943.634772,25291.14,624.00
943.737543,25291.14,624.00
943.840343,25291.14,624.00
943.943151,25291.14,624.00
944.045919,25291.14,624.00
944.148240,25291.14,624.00
944.250804,25291.14,624.00
944.353883,25291.14,624.00
944.456727,25291.14,624.00
944.559151,25291.14,624.00
944.661539,25291.14,624.00
944.764215,25291.14,624.00
944.867165,25291.14,624.00
944.969866,25353.36,624.00
945.070792,25353.36,768.00
945.171440,25353.36,786.00
945.272149,25353.36,740.00
945.372731,25353.36,780.00
945.473564,25353.36,774.00
945.574357,25353.36,782.00
945.675218,25353.36,754.00
945.775966,25353.36,684.00
945.876798,25353.36,700.00
945.977549,25353.36,768.00
946.078250,25353.36,782.00
946.179019,25353.36,784.00
946.279873,25353.36,774.00
946.380646,25353.36,768.00
946.481507,25353.36,628.00
946.582355,25353.36,792.00
946.683166,25353.36,768.00
946.783701,25353.36,788.00
946.884339,25353.36,670.00
946.984919,25353.36,780.00
947.085478,25353.36,648.00
947.186096,25353.36,614.00
947.286847,25353.36,780.00
947.387645,25353.36,634.00
947.488243,25353.36,606.00
947.588957,25353.36,698.00
947.689554,25353.36,676.00
947.790161,25353.36,780.00
947.890877,25353.36,672.00
947.991462,25353.36,774.00
948.092118,25353.36,732.00
948.192677,25353.36,614.00
948.293262,25353.36,686.00
948.393842,25353.36,788.00
948.494422,25353.36,726.00
948.595163,25353.36,620.00
948.695897,25353.36,642.00
948.796676,25353.36,642.00
948.897248,25353.36,642.00
948.998030,25353.36,642.00
949.098760,25353.36,642.00
949.201161,25253.73,642.00
949.304010,25253.73,642.00
949.406142,25253.73,642.00
949.508632,25253.73,642.00
949.611285,25253.73,642.00
949.713540,25253.73,642.00
949.815839,25253.73,642.00
949.918339,25253.73,642.00
950.021283,25253.73,642.00
950.123640,25253.73,642.00
950.226350,25253.73,642.00
950.328009,25253.73,642.00
950.430037,25253.73,642.00
950.532155,25253.73,642.00
950.634359,25253.73,642.00
950.736565,25253.73,642.00
950.837429,25253.73,642.00
950.939703,25253.73,642.00
951.042159,25253.73,642.00
951.144641,25253.73,642.00
951.246983,25253.73,642.00
951.349162,25253.73,642.00
951.450086,25253.73,742.00
951.551058,25253.73,742.00
951.651835,25253.73,742.00
951.752707,25253.73,686.00
951.853489,25253.73,742.00
951.954026,25253.73,616.00
952.054805,25253.73,742.00
952.155665,25253.73,644.00
952.256495,25253.73,602.00
952.357165,25253.73,588.00
952.457733,25253.73,700.00
952.558386,25253.73,742.00
952.659058,25253.73,728.00
952.759708,25253.73,630.00
952.860615,25253.73,630.00
952.961546,25253.73,728.00
953.062316,25253.73,728.00
953.163089,25253.73,672.00
953.263915,25253.73,616.00
953.364728,25253.73,616.00
953.465322,25253.73,742.00
953.565975,25253.73,630.00
953.666616,25253.73,644.00
953.767386,25253.73,630.00
953.868293,25253.73,574.00
953.968899,25253.73,574.00
954.069536,25253.73,574.00
954.170187,25253.73,574.00
954.272734,25253.73,574.00
954.374753,25253.73,574.00
954.477115,25253.73,574.00
954.579165,25253.73,574.00
954.681390,25253.73,574.00
954.783272,25253.73,574.00
954.885370,25253.73,574.00
954.987845,25253.73,574.00
955.090320,25253.73,574.00
955.193291,25253.73,574.00
955.295731,25253.73,574.00
955.398531,25253.73,574.00
955.500921,25253.73,574.00
955.603576,25253.73,574.00
955.706309,25253.73,574.00
955.809239,25253.73,574.00
955.912289,25253.73,574.00
956.015163,25253.73,574.00
956.116912,25253.73,574.00
956.218569,25253.73,574.00
956.321423,25253.73,574.00
956.423968,25253.73,574.00
956.529213,25253.73,574.00
956.631426,25253.73,574.00
956.733586,25253.73,574.00
956.836002,25253.73,574.00
956.938559,25253.73,574.00
957.040868,25253.73,574.00
957.143273,25253.73,574.00
957.245817,25253.73,574.00
957.347934,25253.73,574.00
957.450245,25253.73,574.00
957.552694,25253.73,574.00
957.655458,25314.91,574.00
957.756511,25352.32,648.00
957.857069,25352.32,606.00
957.957706,25352.32,746.00
958.058285,25352.32,614.00
958.158935,25352.32,642.00
958.259522,25352.32,748.00
958.360344,25352.32,720.00
958.460971,25352.32,636.00
958.561671,25352.32,734.00
958.662312,25352.32,622.00
958.762941,25352.32,748.00
958.863794,25352.32,664.00
958.964834,25352.32,664.00
959.065542,25352.32,748.00
959.166459,25352.32,664.00
959.266989,25352.32,664.00
959.367709,25352.32,622.00
959.468292,25352.32,776.00
959.568970,25352.32,748.00
959.669552,25352.32,608.00
959.770235,25352.32,762.00
959.870940,25352.32,768.00
959.971633,25352.32,650.00
960.072268,25352.32,664.00
960.172883,25352.32,748.00
960.273571,25352.32,650.00
960.374273,25352.32,608.00
960.475116,25352.32,608.00
960.575837,25352.32,608.00
960.676833,25352.32,608.00
960.777807,25352.32,608.00
960.878596,25352.32,608.00
960.981632,25352.32,608.00
961.083868,25352.32,608.00
961.186878,25352.32,608.00
961.289514,25352.32,608.00
961.392395,25352.32,608.00
961.495046,25352.32,608.00
961.597830,25352.32,608.00
961.699656,25352.32,608.00
961.802292,25352.32,608.00
961.904691,25352.32,608.00
962.007215,25352.32,608.00
962.109416,25352.32,608.00
962.211603,25352.32,608.00
962.314448,25352.32,608.00
962.416946,25352.32,608.00
962.519401,25352.32,608.00
962.622534,25352.32,608.00
962.725390,25352.32,608.00
962.827975,25352.32,608.00
962.930573,25352.32,608.00
963.033057,25352.32,608.00
963.135499,25352.32,608.00
963.237867,25352.32,608.00
963.340676,25352.32,608.00
963.442669,25352.32,608.00
963.545426,25352.32,608.00
963.647822,25352.32,608.00
963.750503,25352.32,608.00
963.858837,25352.32,608.00
963.961649,25352.32,608.00
964.063582,25352.32,608.00
964.165823,25352.32,608.00
964.266491,25352.32,742.00
964.367120,25352.32,778.00
964.467724,25352.32,652.00
964.568419,25352.32,764.00
964.669226,25352.32,770.00
964.769872,25352.32,762.00
964.870594,25352.32,678.00
964.971259,25352.32,776.00
965.071934,25352.32,652.00
965.172579,25352.32,680.00
965.273296,25352.32,610.00
965.373927,25352.32,638.00
965.474462,25352.32,728.00
965.575100,25352.32,624.00
965.675866,25352.32,764.00
965.776782,25352.32,736.00
965.877616,25352.32,680.00
965.978387,25352.32,638.00
966.079128,25352.32,778.00
966.179829,25352.32,784.00
966.280522,25352.32,764.00
966.381185,25352.32,764.00
966.481874,25352.32,652.00
966.582623,25352.32,652.00
966.683341,25352.32,764.00
966.784000,25352.32,778.00
966.884582,25352.32,776.00
966.985548,25352.32,736.00
967.086091,25352.32,764.00
967.187237,25352.32,626.00
967.288376,25352.32,626.00
967.389335,25352.32,626.00
967.490012,25352.32,626.00
967.590658,25352.32,626.00
967.691507,25352.32,626.00
967.793800,25252.70,626.00
967.896171,25252.70,626.00
967.998760,25252.70,626.00
968.101026,25252.70,626.00
968.203827,25252.70,626.00
968.305993,25252.70,626.00
968.408351,25252.70,626.00
968.510926,25252.70,626.00
968.612980,25252.70,626.00
968.715323,25252.70,626.00
968.817622,25252.70,626.00
968.919912,25252.70,626.00
969.020813,25252.70,626.00
969.122865,25252.70,626.00
969.225381,25252.70,626.00
969.327765,25252.70,626.00
969.430280,25252.70,626.00
969.532328,25252.70,626.00
969.634186,25252.70,626.00
969.736724,25252.70,626.00
969.839031,25252.70,626.00
969.941565,25252.70,626.00
970.044087,25252.70,626.00
970.146679,25252.70,626.00
970.249034,25252.70,626.00
970.351735,25252.70,626.00
970.454349,25252.70,626.00
970.557132,25252.70,626.00
970.659317,25252.70,626.00
970.761839,25252.70,626.00
970.862565,25252.70,686.00
970.963132,25252.70,670.00
971.063702,25252.70,738.00
971.164289,25252.70,808.00
971.265060,25252.70,806.00
971.366060,25252.70,702.00
971.466998,25252.70,672.00
971.567966,25252.70,638.00
971.668588,25252.70,628.00
971.769159,25252.70,816.00
971.869888,25252.70,710.00
971.970498,25252.70,810.00
972.071160,25252.70,812.00
972.171947,25252.70,800.00
972.272716,25252.70,800.00
972.373285,25252.70,804.00
972.474368,25252.70,710.00
972.575223,25252.70,814.00
972.676153,25252.70,728.00
972.777059,25252.70,620.00
972.877939,25252.70,714.00
972.978850,25252.70,708.00
973.079759,25252.70,712.00
973.180681,25252.70,648.00
973.281514,25252.70,690.00
973.382515,25252.70,816.00
973.483185,25252.70,762.00
973.583835,25252.70,712.00
973.684415,25252.70,644.00
973.785109,25252.70,726.00
973.885840,25252.70,814.00
973.986538,25252.70,710.00
974.087296,25252.70,708.00
974.188043,25252.70,710.00
974.288665,25252.70,814.00
974.389331,25252.70,812.00
974.490021,25252.70,814.00
974.590953,25252.70,698.00
974.691713,25252.70,638.00
974.792365,25252.70,638.00
974.893259,25252.70,652.00
974.994105,25252.70,714.00
975.094825,25252.70,702.00
975.195638,25252.70,690.00
975.296511,25252.70,690.00
975.397496,25252.70,690.00
975.498383,25252.70,690.00
975.599133,25252.70,690.00
975.699940,25252.70,690.00
975.802065,25202.82,690.00
975.904532,25202.82,690.00
976.006631,25202.82,690.00
976.109460,25202.82,690.00
976.211918,25202.82,690.00
976.314165,25202.82,690.00
976.416437,25202.82,690.00
976.518713,25202.82,690.00
976.621599,25202.82,690.00
976.723431,25202.82,690.00
976.825878,25202.82,690.00
976.928130,25202.82,690.00
977.030403,25202.82,690.00
977.132655,25202.82,690.00
977.235024,25202.82,690.00
977.337066,25202.82,690.00
977.437863,25202.82,594.00
977.538705,25202.82,592.00
977.639332,25202.82,606.00
977.739965,25202.82,634.00
977.840617,25202.82,732.00
977.941314,25202.82,648.00
978.042012,25202.82,654.00
978.142586,25202.82,612.00
978.243254,25202.82,738.00
978.343884,25202.82,738.00
978.444495,25202.82,738.00
978.545115,25202.82,584.00
978.645735,25202.82,724.00
978.746315,25202.82,654.00
978.847012,25202.82,640.00
978.947731,25202.82,584.00
979.048370,25202.82,640.00
979.148964,25202.82,738.00
979.249788,25202.82,682.00
979.350586,25202.82,640.00
979.451325,25202.82,696.00
979.552031,25202.82,666.00
979.652704,25202.82,708.00
979.753427,25202.82,736.00
979.854329,25202.82,652.00
979.955271,25202.82,596.00
980.056488,25202.82,582.00
980.157537,25202.82,582.00
980.258535,25202.82,582.00
980.361131,25202.82,582.00
980.463249,25202.82,582.00
980.565413,25202.82,582.00
980.671296,25202.82,582.00
980.773652,25202.82,582.00
980.876573,25202.82,582.00
980.981096,25202.82,582.00
981.083508,25202.82,582.00
981.185803,25202.82,582.00
981.288225,25202.82,582.00
981.390922,25202.82,582.00
981.492998,25202.82,582.00
981.594855,25202.82,582.00
981.697817,25202.82,582.00
981.800378,25202.82,582.00
981.902699,25202.82,582.00
982.005327,25202.82,582.00
982.107980,25202.82,582.00
982.210777,25202.82,582.00
982.313371,25202.82,582.00
982.415908,25202.82,582.00
982.518638,25202.82,582.00
982.621108,25202.82,582.00
982.723656,25202.82,582.00
982.826924,25202.82,582.00
982.929647,25202.82,582.00
983.032087,25202.82,582.00
983.134536,25202.82,582.00
983.236645,25202.82,582.00
983.339512,25202.82,582.00
983.442386,25202.82,582.00
983.545348,25202.82,582.00
983.646441,25240.23,674.00
983.747113,25240.23,768.00
983.847835,25240.23,670.00
983.948468,25240.23,754.00
984.049134,25240.23,754.00
984.149844,25240.23,656.00
984.250459,25240.23,684.00
984.351084,25240.23,754.00
984.451796,25240.23,754.00
984.552374,25252.57,698.00
984.652989,25265.04,754.00
984.753698,25265.04,664.00
984.854342,25302.45,664.00
984.954988,25314.91,720.00
985.055694,25339.85,678.00
985.156356,25339.85,678.00
985.257041,25352.32,678.00
985.357673,25377.25,776.00
985.458227,25377.25,776.00
985.558938,25389.72,650.00
985.659655,25389.72,692.00
985.760249,25389.72,666.00
985.861009,25389.72,610.00
985.961647,25402.19,708.00
986.062284,25427.12,652.00
986.162952,25427.12,666.00
986.263578,25427.12,610.00
986.364286,25427.12,610.00
986.464993,25427.12,610.00
986.565791,25427.12,610.00
986.666494,25427.12,610.00
986.767156,25427.12,610.00
986.869687,25427.12,610.00
986.972257,25427.12,610.00
987.074546,25427.12,610.00
987.178155,25427.12,610.00
987.280681,25427.12,610.00
987.382978,25427.12,610.00
987.485808,25427.12,610.00
987.588820,25427.12,610.00
987.691417,25427.12,610.00
987.793690,25427.12,610.00
987.902956,25427.12,610.00
988.004978,25427.12,610.00
988.107476,25427.12,610.00
988.210075,25427.12,610.00
988.312462,25427.12,610.00
988.415575,25427.12,610.00
988.521371,25427.12,610.00
988.623658,25427.12,610.00
988.726147,25427.12,610.00
988.828827,25427.12,610.00
988.931286,25427.12,610.00
989.034055,25427.12,610.00
989.135240,25427.12,610.00
989.238154,25427.12,610.00
989.341219,25427.12,610.00
989.442335,25427.12,610.00
989.548200,25427.12,610.00
989.650619,25427.12,610.00
989.753401,25427.12,610.00
989.855768,25427.12,610.00
989.958448,25427.12,610.00
990.060890,25427.12,610.00
990.163528,25427.12,610.00
990.264460,25427.12,670.00
990.365507,25427.12,684.00
990.466489,25427.12,662.00
990.567274,25427.12,762.00
990.668367,25427.12,614.00
990.769228,25427.12,628.00
990.870230,25427.12,628.00
990.971046,25427.12,760.00
991.071938,25427.12,642.00
991.172788,25427.12,628.00
991.273637,25427.12,614.00
991.374238,25427.12,774.00
991.474981,25427.12,680.00
991.575601,25377.38,666.00
991.676234,25377.38,764.00
991.776869,25377.38,736.00
991.877454,25377.38,610.00
991.978229,25377.38,652.00
992.079088,25377.38,764.00
992.179973,25377.38,666.00
992.280634,25377.38,652.00
992.381249,25377.38,776.00
992.481974,25377.38,680.00
992.582633,25377.38,714.00
992.683410,25377.38,764.00
992.784320,25377.38,624.00
992.885125,25377.38,708.00
992.985988,25377.38,680.00
993.086765,25377.38,722.00
993.187656,25377.38,582.00
993.288478,25377.38,582.00
993.389481,25377.38,582.00
993.491101,25377.38,582.00
993.592139,25377.38,582.00
993.692979,25377.38,582.00
993.795094,25377.38,582.00
993.897684,25377.38,582.00
994.000620,25377.38,582.00
994.103137,25377.38,582.00
994.205751,25377.38,582.00
994.307922,25377.38,582.00
994.410594,25377.38,582.00
994.513026,25377.38,582.00
994.615375,25377.38,582.00
994.717805,25377.38,582.00
994.821367,25377.38,582.00
994.924188,25377.38,582.00
995.026712,25377.38,582.00
995.129086,25377.38,582.00
995.231249,25377.38,582.00
995.333933,25377.38,582.00
995.435905,25377.38,582.00
995.538301,25377.38,582.00
995.640527,25377.38,582.00
995.742601,25377.38,582.00
995.845282,25377.38,582.00
995.947423,25377.38,582.00
996.050185,25377.38,582.00
996.152706,25377.38,582.00
996.255205,25377.38,582.00
996.357712,25377.38,582.00
996.460590,25377.38,582.00
996.563441,25377.38,582.00
996.667159,25377.38,582.00
996.769963,25377.38,582.00
996.870812,25377.38,612.00
996.971384,25377.38,612.00
997.072040,25377.38,768.00
997.172745,25377.38,780.00
997.273355,25377.38,788.00
997.374018,25377.38,788.00
997.474695,25377.38,728.00
997.575340,25377.38,782.00
997.675949,25377.38,780.00
997.776553,25377.38,786.00
997.877202,25377.38,774.00
997.977832,25377.38,612.00
998.078493,25377.38,696.00
998.179130,25377.38,780.00
998.279753,25377.38,712.00
998.380456,25377.38,786.00
998.481227,25377.38,628.00
998.581887,25377.38,718.00
998.682579,25377.38,656.00
998.783450,25377.38,670.00
998.884130,25377.38,630.00
998.984733,25377.38,788.00
999.085415,25377.38,690.00
999.186117,25377.38,690.00
999.286775,25377.38,788.00
999.387452,25377.38,614.00
999.488104,25377.38,732.00
999.588783,25377.38,696.00
999.689535,25377.38,614.00
999.790352,25377.38,788.00
999.891141,25377.38,796.00
999.991756,25377.38,774.00
1000.092547,25377.38,786.00
1000.193245,25377.38,620.00
1000.293996,25377.38,670.00
1000.394757,25377.38,656.00
1000.495374,25377.38,668.00
1000.596331,25377.38,668.00
1000.697027,25377.38,668.00
1000.797822,25377.38,668.00
1000.898490,25377.38,668.00
1000.999200,25377.38,668.00
1001.101487,25377.38,668.00
1001.203779,25377.38,668.00
1001.306075,25377.38,668.00
1001.408670,25377.38,668.00
1001.511117,25377.38,668.00
1001.613334,25377.38,668.00
1001.715909,25377.38,668.00
1001.818567,25377.38,668.00
1001.921146,25377.38,668.00
1002.023255,25377.38,668.00
1002.125841,25377.38,668.00
1002.228214,25377.38,668.00
1002.331705,25377.38,668.00
1002.434368,25377.38,668.00
1002.537014,25377.38,668.00
1002.640402,25377.38,668.00
1002.743124,25377.38,668.00
1002.847893,25377.38,668.00
1002.950947,25377.38,668.00
1003.053093,25377.38,668.00
1003.155635,25377.38,668.00
1003.257498,25377.38,668.00
1003.359900,25377.38,668.00
1003.460769,25377.38,610.00
1003.561366,25377.38,584.00
1003.662082,25377.38,738.00
1003.762822,25377.38,640.00
1003.863454,25377.38,738.00
1003.964092,25377.38,612.00
1004.064677,25377.38,626.00
1004.165387,25377.38,612.00
1004.266005,25377.38,738.00
1004.366655,25377.38,738.00
1004.467295,25377.38,640.00
1004.568065,25377.38,640.00
1004.668777,25377.38,640.00
1004.769469,25377.38,640.00
1004.870207,25377.38,738.00
1004.970834,25377.38,738.00
1005.071503,25377.38,654.00
1005.172530,25377.38,598.00
1005.273260,25377.38,738.00
1005.373982,25377.38,710.00
1005.474628,25377.38,598.00
1005.575209,25377.38,738.00
1005.675885,25377.38,738.00
1005.776834,25377.38,738.00
1005.877534,25377.38,640.00
1005.978443,25377.38,584.00
1006.079385,25377.38,570.00
1006.180132,25377.38,570.00
1006.280948,25377.38,570.00
1006.381631,25377.38,570.00
1006.484125,25377.38,570.00
1006.586682,25377.38,570.00
1006.689510,25377.38,570.00
1006.791617,25377.38,570.00
1006.897049,25377.38,570.00
1006.999567,25377.38,570.00
1007.103112,25377.38,570.00
1007.206164,25377.38,570.00
1007.308896,25377.38,570.00
1007.412149,25377.38,570.00
1007.514975,25377.38,570.00
1007.617566,25377.38,570.00
1007.719882,25377.38,570.00
1007.823949,25377.38,570.00
1007.926377,25377.38,570.00
1008.028579,25377.38,570.00
1008.130993,25377.38,570.00
1008.233871,25377.38,570.00
1008.338614,25377.38,570.00
1008.441288,25377.38,570.00
1008.543660,25377.38,570.00
1008.646265,25377.38,570.00
1008.748924,25377.38,570.00
1008.852546,25377.38,570.00
1008.957667,25377.38,570.00
1009.060513,25377.38,570.00
1009.162838,25377.38,570.00
1009.265471,25377.38,570.00
1009.368206,25377.38,570.00
1009.471097,25377.38,570.00
1009.574176,25377.38,570.00
1009.676753,25377.38,570.00
1009.779668,25377.38,570.00
1009.881588,25377.38,570.00
1009.983975,25377.38,570.00
1010.084762,25377.38,662.00
1010.185357,25377.38,720.00
1010.285939,25377.38,622.00
1010.386569,25377.38,748.00
1010.487256,25377.38,662.00
1010.587982,25377.38,622.00
1010.688614,25377.38,732.00
1010.789303,25377.38,690.00
1010.889903,25377.38,762.00
1010.990513,25377.38,748.00
1011.091152,25377.38,762.00
1011.191874,25377.38,734.00
1011.292504,25377.38,664.00
1011.393086,25377.38,692.00
1011.493759,25377.38,664.00
1011.594483,25377.38,622.00
1011.695088,25377.38,636.00
1011.795704,25377.38,762.00
1011.896298,25377.38,748.00
1011.997013,25377.38,762.00
1012.097646,25377.38,664.00
1012.198308,25377.38,748.00
1012.298988,25377.38,748.00
1012.399603,25377.38,760.00
1012.500274,25377.38,676.00
1012.601059,25377.38,746.00
1012.701673,25377.38,718.00
1012.802320,25377.38,592.00
1012.903054,25377.38,592.00
1013.003895,25377.38,592.00
1013.104800,25377.38,592.00
1013.205800,25377.38,592.00
1013.306463,25377.38,592.00
1013.408567,25377.38,592.00
1013.511084,25377.38,592.00
1013.613700,25377.38,592.00
1013.716011,25377.38,592.00
1013.818667,25377.38,592.00
1013.921126,25377.38,592.00
1014.023896,25377.38,592.00
1014.126825,25377.38,592.00
1014.229569,25377.38,592.00
1014.331750,25377.38,592.00
1014.434251,25377.38,592.00
1014.536853,25377.38,592.00
1014.639542,25377.38,592.00
1014.742440,25377.38,592.00
1014.844930,25377.38,592.00
1014.947992,25377.38,592.00
1015.050587,25377.38,592.00
1015.152840,25377.38,592.00
1015.255755,25377.38,592.00
1015.358532,25377.38,592.00
1015.461141,25377.38,592.00
1015.563851,25377.38,592.00
1015.666345,25377.38,592.00
1015.768367,25377.38,592.00
1015.869486,25377.38,592.00
1015.972072,25377.38,592.00
1016.074267,25377.38,592.00
1016.176845,25377.38,592.00
1016.279365,25377.38,592.00
1016.382120,25377.38,592.00
1016.484691,25377.38,592.00
1016.587085,25377.38,592.00
1016.689650,25377.38,592.00
1016.792485,25377.38,592.00
1016.893326,25377.38,592.00
1016.994048,25327.51,776.00
1017.095175,25327.51,670.00
1017.195936,25327.51,736.00
1017.296675,25327.51,622.00
1017.397551,25327.51,594.00
1017.498361,25327.51,678.00
1017.599156,25327.51,638.00
1017.700041,25327.51,776.00
1017.801043,25327.51,636.00
1017.901813,25327.51,656.00
1018.002668,25327.51,608.00
1018.103552,25327.51,650.00
1018.204443,25327.51,652.00
1018.305357,25327.51,602.00
1018.406259,25327.51,680.00
1018.507062,25327.51,778.00
1018.607819,25327.51,778.00
1018.708512,25327.51,638.00
1018.809324,25327.51,624.00
1018.910116,25327.51,610.00
1019.010955,25327.51,680.00
1019.111755,25277.63,776.00
1019.212597,25277.63,764.00
1019.313378,25277.63,638.00
1019.414266,25277.63,778.00
1019.515060,25277.63,778.00
1019.615911,25277.63,652.00
1019.716713,25277.63,616.00
1019.817485,25277.63,696.00
1019.918391,25277.63,610.00
1020.019401,25277.63,610.00
1020.120458,25277.63,610.00
1020.221593,25277.63,610.00
1020.322743,25277.63,610.00
1020.423643,25277.63,610.00
1020.525442,25277.63,610.00
1020.629681,25277.63,610.00
1020.731949,25277.63,610.00
1020.834353,25277.63,610.00
1020.936887,25277.63,610.00
1021.038552,25277.63,610.00
1021.141227,25277.63,610.00
1021.243482,25277.63,610.00
1021.346518,25277.63,610.00
1021.449369,25277.63,610.00
1021.551870,25277.63,610.00
1021.654352,25277.63,610.00
1021.757016,25277.63,610.00
1021.859305,25277.63,610.00
1021.961951,25277.63,610.00
1022.064261,25277.63,610.00
1022.166718,25277.63,610.00
1022.269694,25277.63,610.00
1022.372225,25277.63,610.00
1022.474854,25277.63,610.00
1022.577278,25277.63,610.00
1022.679488,25277.63,610.00
1022.781926,25277.63,610.00
1022.885298,25277.63,610.00
1022.987765,25277.63,610.00
1023.093267,25277.63,610.00
1023.195142,25277.63,610.00
1023.297648,25277.63,610.00
1023.400152,25277.63,610.00
1023.501382,25277.63,632.00
1023.602191,25277.63,694.00
1023.702854,25277.63,624.00
1023.803562,25277.63,754.00
1023.904513,25277.63,634.00
1024.005286,25277.63,706.00
1024.105874,25277.63,624.00
1024.206659,25277.63,698.00
1024.307255,25277.63,818.00
1024.407961,25277.63,812.00
1024.508514,25277.63,634.00
1024.609330,25277.63,818.00
1024.709927,25277.63,808.00
1024.810509,25277.63,816.00
1024.911149,25277.63,816.00
1025.011868,25277.63,634.00
1025.112471,25277.63,726.00
1025.213256,25277.63,794.00
1025.313851,25277.63,694.00
1025.415045,25277.63,704.00
1025.516304,25277.63,692.00
1025.617160,25277.63,786.00
1025.718218,25277.63,736.00
1025.819790,25277.63,798.00
1025.920728,25277.63,808.00
1026.021903,25277.63,812.00
1026.122989,25277.63,696.00
1026.224110,25277.63,642.00
1026.325286,25277.63,628.00
1026.426169,25277.63,662.00
1026.527245,25277.63,814.00
1026.627869,25277.63,804.00
1026.728511,25277.63,812.00
1026.829235,25277.63,812.00
1026.930207,25277.63,816.00
1027.030882,25277.63,730.00
1027.131477,25277.63,812.00
1027.232112,25277.63,816.00
1027.332768,25277.63,808.00
1027.433461,25277.63,702.00
1027.534371,25277.63,710.00
1027.635161,25277.63,628.00
1027.735838,25277.63,686.00
1027.836603,25277.63,686.00
1027.937391,25277.63,686.00
1028.038170,25277.63,686.00
1028.138865,25277.63,686.00
1028.239701,25277.63,686.00
1028.340356,25226.72,686.00
1028.442869,25226.72,686.00
1028.545435,25226.72,686.00
1028.649470,25226.72,686.00
1028.752506,25226.72,686.00
1028.854330,25226.72,686.00
1028.955087,25226.72,686.00
1029.057343,25226.72,686.00
1029.160054,25226.72,686.00
1029.262841,25226.72,686.00
1029.365686,25226.72,686.00
1029.468059,25226.72,686.00
1029.570627,25226.72,686.00
1029.673352,25226.72,686.00
1029.776019,25226.72,686.00
1029.879089,25226.72,686.00
1029.986043,25226.72,686.00
1030.087066,25226.72,650.00
1030.187965,25226.72,664.00
1030.288876,25226.72,642.00
1030.389835,25226.72,594.00
1030.490637,25226.72,622.00
1030.591484,25226.72,740.00
1030.692552,25226.72,650.00
1030.793665,25226.72,642.00
1030.894684,25226.72,726.00
1030.995538,25226.72,748.00
1031.096417,25226.72,594.00
1031.197132,25226.72,664.00
1031.297827,25226.72,734.00
1031.398591,25226.72,650.00
1031.499326,25226.72,594.00
1031.599953,25226.72,684.00
1031.700775,25226.72,628.00
1031.801433,25226.72,628.00
1031.902125,25226.72,656.00
1032.002882,25226.72,642.00
1032.103648,25226.72,670.00
1032.204413,25226.72,600.00
1032.305144,25226.72,740.00
1032.405937,25226.72,656.00
1032.506722,25226.72,600.00
1032.607733,25226.72,572.00
1032.708438,25226.72,572.00
1032.809276,25226.72,572.00
1032.911990,25226.72,572.00
1033.014700,25226.72,572.00
1033.117762,25226.72,572.00
1033.220071,25226.72,572.00
1033.322616,25226.72,572.00
1033.425594,25226.72,572.00
1033.528252,25226.72,572.00
1033.630884,25226.72,572.00
1033.733408,25226.72,572.00
1033.835626,25226.72,572.00
1033.938209,25226.72,572.00
1034.041046,25226.72,572.00
1034.143681,25226.72,572.00
1034.246649,25226.72,572.00
1034.349397,25226.72,572.00
1034.452188,25226.72,572.00
1034.555454,25226.72,572.00
1034.657639,25226.72,572.00
1034.759878,25226.72,572.00
1034.860806,25226.72,572.00
1034.963389,25226.72,572.00
1035.065874,25226.72,572.00
1035.168105,25226.72,572.00
1035.270387,25226.72,572.00
1035.372647,25226.72,572.00
1035.475510,25226.72,572.00
1035.578353,25226.72,572.00
1035.681167,25226.72,572.00
1035.783346,25226.72,572.00
1035.886245,25226.72,572.00
1035.988912,25226.72,572.00
1036.091813,25226.72,572.00
1036.194743,25226.72,572.00
1036.295695,25226.72,640.00
1036.396296,25226.72,670.00
1036.496975,25226.72,684.00
1036.597569,25226.72,656.00
1036.698260,25226.72,656.00
1036.798910,25226.72,586.00
1036.899636,25226.72,672.00
1037.000308,25226.72,686.00
1037.101081,25226.72,686.00
1037.201695,25226.72,686.00
1037.302301,25226.72,686.00
1037.403577,25226.72,762.00
1037.504697,25226.72,672.00
1037.605641,25226.72,644.00
1037.706885,25251.53,756.00
1037.807945,25251.53,672.00
1037.909078,25251.53,624.00
1038.010189,25251.53,750.00
1038.111341,25251.53,680.00
1038.212415,25276.47,764.00
1038.313529,25276.47,652.00
1038.414383,25276.47,764.00
1038.515169,25276.47,644.00
1038.616305,25276.47,638.00
1038.717261,25276.47,694.00
1038.818087,25276.47,624.00
1038.918981,25288.94,652.00
1039.019519,25288.94,596.00
1039.120243,25288.94,596.00
1039.220989,25288.94,596.00
1039.321774,25288.94,596.00
1039.422585,25288.94,596.00
1039.525057,25288.94,596.00
1039.627645,25288.94,596.00
1039.730093,25288.94,596.00
1039.833010,25288.94,596.00
1039.935638,25288.94,596.00
1040.037891,25288.94,596.00
1040.140673,25288.94,596.00
1040.243535,25288.94,596.00
1040.346100,25288.94,596.00
1040.448409,25288.94,596.00
1040.551127,25288.94,596.00
1040.653327,25288.94,596.00
1040.755793,25288.94,596.00
1040.857970,25288.94,596.00
1040.959886,25288.94,596.00
1041.062400,25288.94,596.00
1041.164578,25288.94,596.00
1041.267707,25288.94,596.00
1041.370557,25288.94,596.00
1041.473295,25288.94,596.00
1041.576044,25288.94,596.00
1041.678630,25288.94,596.00
1041.781362,25288.94,596.00
1041.883555,25288.94,596.00
1041.986043,25288.94,596.00
1042.088882,25288.94,596.00
1042.191917,25288.94,596.00
1042.294276,25288.94,596.00
1042.397285,25288.94,596.00
1042.499844,25288.94,596.00
1042.602060,25288.94,596.00
1042.704943,25288.94,596.00
1042.810592,25288.94,596.00
1042.911220,25288.94,666.00
1043.011813,25288.94,608.00
1043.112529,25288.94,636.00
1043.213345,25288.94,664.00
1043.314085,25239.19,764.00
1043.414690,25239.19,700.00
1043.515389,25239.19,624.00
1043.616140,25239.19,770.00
1043.716822,25239.19,658.00
1043.817399,25239.19,680.00
1043.918228,25239.19,638.00
1044.018812,25239.19,624.00
1044.119483,25239.19,764.00
1044.220198,25239.19,764.00
1044.320838,25239.19,764.00
1044.421427,25239.19,708.00
1044.522037,25214.13,672.00
1044.622666,25226.60,680.00
1044.723325,25239.07,756.00
1044.823974,25239.07,764.00
1044.924556,25239.07,658.00
1045.025419,25239.07,596.00
1045.126106,25251.53,666.00
1045.226752,25264.00,666.00
1045.327400,25264.00,708.00
1045.428087,25264.00,778.00
1045.528637,25264.00,764.00
1045.629495,25264.00,666.00
1045.730466,25264.00,596.00
1045.831244,25264.00,596.00
1045.931970,25264.00,596.00
1046.032857,25264.00,596.00
1046.133845,25264.00,596.00
1046.234791,25264.00,596.00
1046.336454,25264.00,596.00
1046.440590,25264.00,596.00
1046.542659,25264.00,596.00
1046.645346,25264.00,596.00
1046.748221,25264.00,596.00
1046.850812,25264.00,596.00
1046.953489,25264.00,596.00
1047.056325,25264.00,596.00
1047.158792,25264.00,596.00
1047.261253,25264.00,596.00
1047.363865,25264.00,596.00
1047.466714,25264.00,596.00
1047.569216,25264.00,596.00
1047.671976,25264.00,596.00
1047.774400,25264.00,596.00
1047.877212,25264.00,596.00
1047.979747,25264.00,596.00
1048.082344,25264.00,596.00
1048.185229,25264.00,596.00
1048.287699,25264.00,596.00
1048.390169,25264.00,596.00
1048.492127,25264.00,596.00
1048.594678,25264.00,596.00
1048.697214,25264.00,596.00
1048.800179,25264.00,596.00
1048.903049,25264.00,596.00
1049.005807,25264.00,596.00
1049.107368,25264.00,596.00
1049.210178,25264.00,596.00
1049.311030,25264.00,694.00
1049.411659,25264.00,782.00
1049.512300,25264.00,780.00
1049.613010,25264.00,788.00
1049.713684,25264.00,668.00
1049.814278,25264.00,692.00
1049.914853,25264.00,612.00
1050.015453,25264.00,682.00
1050.116130,25264.00,768.00
1050.216753,25264.00,784.00
1050.317388,25264.00,626.00
1050.418036,25264.00,788.00
1050.518640,25264.00,782.00
1050.619355,25264.00,770.00
1050.719974,25264.00,784.00
1050.820601,25264.00,792.00
1050.921328,25264.00,626.00
1051.022113,25264.00,782.00
1051.122820,25264.00,688.00
1051.223467,25264.00,786.00
1051.324102,25264.00,786.00
1051.424721,25264.00,710.00
1051.525406,25264.00,692.00
1051.626243,25264.00,680.00
1051.726897,25264.00,780.00
1051.827514,25264.00,634.00
1051.928238,25264.00,774.00
1052.028977,25264.00,774.00
1052.129637,25264.00,676.00
1052.230264,25264.00,606.00
1052.331003,25264.00,778.00
1052.431778,25264.00,774.00
1052.532483,25264.00,662.00
1052.633230,25264.00,692.00
1052.733891,25264.00,662.00
1052.834516,25264.00,790.00
1052.935285,25264.00,620.00
1053.036164,25264.00,642.00
1053.137235,25214.25,642.00
1053.237923,25214.25,642.00
1053.338593,25214.25,642.00
1053.439246,25214.25,642.00
1053.539902,25214.25,642.00
1053.642754,25214.25,642.00
1053.745408,25214.25,642.00
1053.847300,25214.25,642.00
1053.948131,25214.25,642.00
1054.051285,25214.25,642.00
1054.153634,25214.25,642.00
1054.257239,25214.25,642.00
1054.359321,25214.25,642.00
1054.461613,25214.25,642.00
1054.564092,25214.25,642.00
1054.666549,25214.25,642.00
1054.769424,25214.25,642.00
1054.872489,25214.25,642.00
1054.977383,25214.25,642.00
1055.080283,25214.25,642.00
1055.182723,25214.25,642.00
1055.285395,25214.25,642.00
1055.388134,25214.25,642.00
1055.490053,25214.25,642.00
1055.592931,25214.25,642.00
1055.695633,25214.25,642.00
1055.800150,25214.25,642.00
1055.907658,25214.25,642.00
1056.010542,25214.25,642.00
1056.111281,25214.25,742.00
1056.212080,25214.25,728.00
1056.312716,25214.25,742.00
1056.413342,25214.25,700.00
1056.513974,25214.25,672.00
1056.614729,25214.25,742.00
1056.715405,25214.25,728.00
1056.816188,25214.25,630.00
1056.916918,25214.25,574.00
1057.017588,25214.25,616.00
1057.118448,25214.25,574.00
1057.219161,25214.25,616.00
1057.319984,25214.25,588.00
1057.420595,25214.25,630.00
1057.521660,25214.25,630.00
1057.622484,25214.25,742.00
1057.723328,25214.25,630.00
1057.824135,25214.25,686.00
1057.924751,25214.25,742.00
1058.025566,25214.25,742.00
1058.126362,25214.25,742.00
1058.227031,25214.25,742.00
1058.327967,25214.25,672.00
1058.428679,25214.25,630.00
1058.529275,25163.34,700.00
1058.630008,25163.34,602.00
1058.730835,25163.34,602.00
1058.831493,25163.34,602.00
1058.932290,25163.34,602.00
1059.034377,25163.34,602.00
1059.136735,25163.34,602.00
1059.239106,25163.34,602.00
1059.341375,25163.34,602.00
1059.444343,25163.34,602.00
1059.547108,25163.34,602.00
1059.649932,25163.34,602.00
1059.752582,25163.34,602.00
1059.855751,25163.34,602.00
1059.958027,25163.34,602.00
1060.060940,25163.34,602.00
1060.161811,25163.34,602.00
1060.264342,25163.34,602.00
1060.367090,25163.34,602.00
1060.469794,25163.34,602.00
1060.572244,25163.34,602.00
1060.675433,25163.34,602.00
1060.777951,25163.34,602.00
1060.880757,25163.34,602.00
1060.983298,25163.34,602.00
1061.085932,25163.34,602.00
1061.189000,25163.34,602.00
1061.291540,25163.34,602.00
1061.394129,25163.34,602.00
1061.497099,25163.34,602.00
1061.600068,25163.34,602.00
1061.702568,25163.34,602.00
1061.805522,25163.34,602.00
1061.908230,25163.34,602.00
1062.010374,25163.34,602.00
1062.112534,25163.34,602.00
1062.215795,25163.34,602.00
1062.318419,25163.34,602.00
1062.421318,25163.34,602.00
1062.523705,25163.34,602.00
1062.625401,25189.41,602.00
1062.726572,25213.09,670.00
1062.827374,25213.09,614.00
1062.928135,25213.09,600.00
1063.028740,25213.09,628.00
1063.129411,25213.09,614.00
1063.230206,25213.09,670.00
1063.330896,25213.09,762.00
1063.431508,25213.09,748.00
1063.532234,25213.09,678.00
1063.632903,25213.09,636.00
1063.733659,25213.09,650.00
1063.834352,25213.09,650.00
1063.935145,25213.09,600.00
1064.035887,25213.09,664.00
1064.136705,25213.09,650.00
1064.237433,25213.09,664.00
1064.338112,25213.09,754.00
1064.438799,25213.09,656.00
1064.539415,25213.09,720.00
1064.640110,25213.09,678.00
1064.740902,25213.09,650.00
1064.841570,25213.09,692.00
1064.942309,25213.09,664.00
1065.042959,25213.09,762.00
1065.143652,25213.09,664.00
1065.244397,25213.09,762.00
1065.345176,25213.09,608.00
1065.445792,25213.09,608.00
1065.546472,25213.09,608.00
1065.647472,25213.09,608.00
1065.748387,25213.09,608.00
1065.849244,25213.09,608.00
1065.949951,25213.09,608.00
1066.052334,25213.09,608.00
1066.154766,25213.09,608.00
1066.256863,25213.09,608.00
1066.359079,25213.09,608.00
1066.461460,25213.09,608.00
1066.564052,25213.09,608.00
1066.666185,25213.09,608.00
1066.768395,25213.09,608.00
1066.870475,25213.09,608.00
1066.973129,25213.09,608.00
1067.075206,25213.09,608.00
1067.177380,25213.09,608.00
1067.280676,25213.09,608.00
1067.382814,25213.09,608.00
1067.485187,25213.09,608.00
1067.587356,25213.09,608.00
1067.689878,25213.09,608.00
1067.792284,25213.09,608.00
1067.895001,25213.09,608.00
1067.998211,25213.09,608.00
1068.100511,25213.09,608.00
1068.202820,25213.09,608.00
1068.305036,25213.09,608.00
1068.408163,25213.09,608.00
1068.510480,25213.09,608.00
1068.613130,25213.09,608.00
1068.715271,25213.09,608.00
1068.819785,25213.09,608.00
1068.922152,25213.09,608.00
1069.024723,25213.09,608.00
1069.127391,25213.09,608.00
1069.229977,25213.09,608.00
1069.332973,25213.09,608.00
1069.436098,25300.37,608.00
1069.536760,25200.75,742.00
1069.637462,25200.75,676.00
1069.738102,25200.75,776.00
1069.838818,25200.75,770.00
1069.939499,25200.75,664.00
1070.040261,25200.75,764.00
1070.141024,25200.75,770.00
1070.241700,25200.75,742.00
1070.342436,25200.75,764.00
1070.443128,25200.75,778.00
1070.543804,25200.75,736.00
1070.644487,25200.75,680.00
1070.745080,25225.56,778.00
1070.846056,25250.49,750.00
1070.946964,25250.49,770.00
1071.047791,25250.49,610.00
1071.148423,25250.49,764.00
1071.249129,25250.49,768.00
1071.349846,25250.49,670.00
1071.450811,25287.90,694.00
1071.551604,25312.84,766.00
1071.652472,25325.30,750.00
1071.753158,25325.30,610.00
1071.853789,25325.30,766.00
1071.954521,25325.30,680.00
1072.055207,25325.30,602.00
1072.155952,25325.30,594.00
1072.256631,25325.30,696.00
1072.357246,25325.30,610.00
1072.457869,25325.30,694.00
1072.558474,25325.30,616.00
1072.659197,25325.30,616.00
1072.759852,25325.30,616.00
1072.860767,25325.30,616.00
1072.961426,25325.30,616.00
1073.062338,25325.30,616.00
1073.165153,25325.30,616.00
1073.266911,25325.30,616.00
1073.369503,25325.30,616.00
1073.471472,25325.30,616.00
1073.573987,25325.30,616.00
1073.676588,25325.30,616.00
1073.779092,25325.30,616.00
1073.883158,25325.30,616.00
1073.985670,25325.30,616.00
1074.088289,25325.30,616.00
1074.190638,25325.30,616.00
1074.292954,25325.30,616.00
1074.394907,25325.30,616.00
1074.497071,25325.30,616.00
1074.599446,25325.30,616.00
1074.702783,25325.30,616.00
1074.807615,25325.30,616.00
1074.911948,25325.30,616.00
1075.014149,25325.30,616.00
1075.116776,25325.30,616.00
1075.219299,25325.30,616.00
1075.321618,25325.30,616.00
1075.423786,25325.30,616.00
1075.526337,25325.30,616.00
1075.629197,25325.30,616.00
1075.731281,25325.30,616.00
1075.839027,25325.30,616.00
1075.944535,25325.30,616.00
1076.048331,25325.30,616.00
1076.150785,25325.30,616.00
1076.252661,25325.30,616.00
1076.354903,25325.30,616.00
1076.460149,25325.30,616.00
1076.562629,25325.30,774.00
1076.663250,25325.30,626.00
1076.763979,25325.30,648.00
1076.864571,25325.30,678.00
1076.965288,25325.30,814.00
1077.065971,25325.30,814.00
1077.166786,25325.30,752.00
1077.267393,25325.30,684.00
1077.368059,25325.30,646.00
1077.468775,25325.30,808.00
1077.569440,25325.30,770.00
1077.670149,25325.30,646.00
1077.770984,25325.30,686.00
1077.871616,25325.30,618.00
1077.972263,25325.30,640.00
1078.072954,25325.30,658.00
1078.173763,25325.30,646.00
1078.274586,25325.30,714.00
1078.375407,25325.30,806.00
1078.476103,25325.30,806.00
1078.576860,25325.30,804.00
1078.677457,25325.30,706.00
1078.778293,25325.30,632.00
1078.879080,25325.30,646.00
1078.979817,25325.30,812.00
1079.080482,25325.30,806.00
1079.181173,25325.30,802.00
1079.281843,25325.30,812.00
1079.382426,25325.30,814.00
1079.483193,25325.30,814.00
1079.583859,25325.30,710.00
1079.684641,25325.30,814.00
1079.785299,25325.30,790.00
1079.886043,25325.30,818.00
1079.986759,25275.55,740.00
1080.087327,25275.55,762.00
1080.187837,25275.55,718.00
1080.288414,25275.55,814.00
1080.389042,25275.55,818.00
1080.489795,25275.55,712.00
1080.590549,25275.55,744.00
1080.691253,25275.55,688.00
1080.792021,25275.55,688.00
1080.892858,25275.55,688.00
1080.993444,25275.55,688.00
1081.094109,25275.55,688.00
1081.194866,25275.55,688.00
1081.295508,25275.55,688.00
