timestamp_s,iteration
95697.753400,0
95697.779094,1
95697.791826,2
95697.803506,3
95697.815588,4
95697.827450,5
95697.839431,6
95697.851452,7
95697.863436,8
95697.875622,9
95697.887773,10
95697.899721,11
95697.912616,12
95697.924269,13
95697.936500,14
95697.948455,15
95697.961229,16
95697.972928,17
95697.985561,18
95697.997536,19
95698.009720,20
95698.021333,21
95698.033538,22
95698.044697,23
95698.057123,24
95698.068504,25
95698.080611,26
95698.092231,27
95698.104354,28
95698.115829,29
95698.128041,30
95698.139275,31
95698.151375,32
95698.162708,33
95698.174757,34
95698.186345,35
95698.198683,36
95698.209829,37
95698.221855,38
95698.233285,39
95698.245619,40
95698.257602,41
95698.269816,42
95698.281217,43
95698.293592,44
95698.304809,45
95698.317111,46
95698.328337,47
95698.340742,48
95698.352250,49
95698.364171,50
95698.375502,51
95698.387571,52
95698.398820,53
95698.411439,54
95698.422596,55
95698.434814,56
95698.446543,57
95698.458447,58
95698.469708,59
95698.482507,60
95698.494081,61
95698.506138,62
95698.517514,63
95698.529983,64
95698.541643,65
95698.554365,66
95698.566110,67
95698.578506,68
95698.590189,69
95698.602400,70
95698.614270,71
95698.627210,72
95698.638838,73
95698.651721,74
95698.663411,75
95698.675778,76
95698.688098,77
95698.700635,78
95698.712424,79
95698.724725,80
95698.735941,81
95698.748387,82
95698.759993,83
95698.770342,84
95698.779803,85
95698.792412,86
95698.801364,87
95698.811334,88
95698.820455,89
95698.830834,90
95698.840490,91
95698.850488,92
95698.860081,93
95698.869841,94
95698.878973,95
95698.888517,96
95698.897216,97
95698.907128,98
95698.918765,99
95698.932573,100
95698.947727,101
95698.958083,102
95698.967530,103
95698.977845,104
95698.986927,105
95698.996677,106
95699.005605,107
95699.015697,108
95699.024845,109
95699.035196,110
95699.044294,111
95699.054336,112
95699.065890,113
95699.076225,114
95699.085408,115
95699.095745,116
95699.108026,117
95699.117864,118
95699.126861,119
95699.136643,120
95699.145928,121
95699.155528,122
95699.164402,123
95699.174418,124
95699.183496,125
95699.193725,126
95699.202861,127
95699.212844,128
95699.221717,129
95699.231832,130
95699.241033,131
95699.251016,132
95699.260649,133
95699.270790,134
95699.279973,135
95699.289688,136
95699.298650,137
95699.308437,138
95699.317739,139
95699.327426,140
95699.336321,141
95699.346296,142
95699.356329,143
95699.366505,144
95699.375485,145
95699.385670,146
95699.394925,147
95699.404886,148
95699.414188,149
95699.424323,150
95699.433178,151
95699.443749,152
95699.452864,153
95699.462885,154
95699.474838,155
95699.485125,156
95699.497040,157
95699.506949,158
95699.516183,159
95699.525958,160
95699.535167,161
95699.545316,162
95699.554765,163
95699.565086,164
95699.575020,165
95699.585486,166
95699.597835,167
95699.607824,168
95699.617377,169
95699.628263,170
95699.639089,171
95699.649234,172
95699.658655,173
95699.668803,174
95699.677910,175
95699.688267,176
95699.697334,177
95699.707554,178
95699.717340,179
95699.727197,180
95699.738550,181
95699.750865,182
95699.759776,183
95699.769565,184
95699.778719,185
95699.788754,186
95699.797598,187
95699.807289,188
95699.816779,189
95699.826608,190
95699.835662,191
95699.845712,192
95699.854773,193
95699.864409,194
95699.873205,195
95699.883399,196
95699.892425,197
95699.902341,198
95699.914105,199
95699.924335,200
95699.936367,201
95699.946226,202
95699.955275,203
95699.964974,204
95699.974452,205
95699.984278,206
95699.993406,207
95700.003661,208
95700.012977,209
95700.022950,210
95700.031944,211
95700.041810,212
95700.051012,213
95700.060753,214
95700.070042,215
95700.080012,216
95700.089409,217
95700.099026,218
95700.107828,219
95700.117701,220
95700.126822,221
95700.138976,222
95700.148335,223
95700.158222,224
95700.166900,225
95700.176657,226
95700.185807,227
95700.195399,228
95700.204465,229
95700.214903,230
95700.224388,231
95700.234460,232
95700.243777,233
95700.254188,234
95700.262845,235
95700.272295,236
95700.282348,237
95700.292759,238
95700.302681,239
95700.312650,240
95700.321570,241
95700.331225,242
95700.340285,243
95700.350359,244
95700.359746,245
95700.369393,246
95700.378343,247
95700.388217,248
95700.397022,249
95701.319970,250
95701.336266,251
95701.351268,252
95701.367450,253
95701.384319,254
95701.401692,255
95701.411874,256
95701.428301,257
95701.444268,258
95701.459910,259
95701.476482,260
95701.488864,261
95701.501402,262
95701.510754,263
95701.520328,264
95701.536851,265
95701.551394,266
95701.561218,267
95701.570349,268
95701.581924,269
95701.592963,270
95701.608613,271
95701.627318,272
95701.643172,273
95701.654731,274
95701.668170,275
95701.683329,276
95701.699198,277
95701.713620,278
95701.725340,279
95701.737396,280
95701.755736,281
95701.773209,282
95701.790883,283
95701.808312,284
95701.825768,285
95701.835313,286
95701.852315,287
95701.866270,288
95701.881386,289
95701.897806,290
95701.909490,291
95701.923352,292
95701.940514,293
95701.954230,294
95701.971383,295
95701.988274,296
95701.997483,297
95702.009767,298
95702.021901,299
95702.038923,300
95702.055358,301
95702.072271,302
95702.090753,303
95702.100040,304
95702.118243,305
95702.136293,306
95702.153517,307
95702.167408,308
95702.186088,309
95702.201733,310
95702.219608,311
95702.234834,312
95702.251393,313
95702.268345,314
95702.277491,315
95702.294378,316
95702.310432,317
95702.327378,318
95702.342602,319
95702.358626,320
95702.374580,321
95702.390639,322
95702.400386,323
95702.419996,324
95702.438974,325
95702.453262,326
95702.468255,327
95702.478429,328
95702.494437,329
95702.503930,330
95702.520592,331
95702.530077,332
95702.547204,333
95702.563731,334
95702.573576,335
95702.589231,336
95702.605744,337
95702.622338,338
95702.639404,339
95702.654687,340
95702.671747,341
95702.683873,342
95702.699903,343
95702.712180,344
95702.727513,345
95702.737275,346
95702.746895,347
95702.765178,348
95702.782181,349
95702.801157,350
95702.818596,351
95702.836824,352
95702.853697,353
95702.863752,354
95702.873687,355
95702.892205,356
95702.903895,357
95702.916311,358
95702.928499,359
95702.944690,360
95702.956567,361
95702.975322,362
95702.991028,363
95703.005620,364
95703.017697,365
95703.032182,366
95703.049320,367
95703.066097,368
95703.083103,369
95703.101010,370
95703.120238,371
95703.137336,372
95703.153607,373
95703.167462,374
95703.182806,375
95703.199057,376
95703.216543,377
95703.232686,378
95703.251733,379
95703.269656,380
95703.289197,381
95703.307651,382
95703.326285,383
95703.344234,384
95703.356339,385
95703.374816,386
95703.393313,387
95703.411364,388
95703.422981,389
95703.436814,390
95703.455984,391
95703.469033,392
95703.489725,393
95703.509227,394
95703.521567,395
95703.537141,396
95703.556265,397
95703.571364,398
95703.581685,399
95703.596839,400
95703.616128,401
95703.632795,402
95703.650667,403
95703.663013,404
95703.675769,405
95703.693194,406
95703.703556,407
95703.717683,408
95703.736310,409
95703.748779,410
95703.764901,411
95703.781390,412
95703.798583,413
95703.811698,414
95703.825653,415
95703.845905,416
95703.857363,417
95703.879220,418
95703.896500,419
95703.916824,420
95703.934650,421
95703.955479,422
95703.975532,423
95703.995646,424
95704.015117,425
95704.035742,426
95704.053316,427
95704.068072,428
95704.087885,429
95704.107612,430
95704.126874,431
95704.144781,432
95704.162330,433
95704.179469,434
95704.196455,435
95704.214185,436
95704.229522,437
95704.245422,438
95704.260830,439
95704.270423,440
95704.288475,441
95704.304044,442
95704.316501,443
95704.331925,444
95704.348804,445
95704.366029,446
95704.384434,447
95704.401498,448
95704.411265,449
95704.428343,450
95704.446622,451
95704.463500,452
95704.482554,453
95704.500632,454
95704.517272,455
95704.535634,456
95704.553471,457
95704.568545,458
95704.578656,459
95704.594253,460
95704.604771,461
95704.614998,462
95704.630926,463
95704.645858,464
95704.663778,465
95704.680797,466
95704.690376,467
95704.708536,468
95704.724819,469
95704.742293,470
95704.759106,471
95704.778369,472
95704.789829,473
95704.806227,474
95704.822437,475
95704.833233,476
95704.849503,477
95704.865339,478
95704.882298,479
95704.896589,480
95704.912305,481
95704.925952,482
95704.941520,483
95704.956856,484
95704.971061,485
95704.986777,486
95705.004315,487
95705.022221,488
95705.039337,489
95705.056444,490
95705.073618,491
95705.090250,492
95705.100105,493
95705.109475,494
95705.126644,495
95705.145280,496
95705.161650,497
95705.178566,498
95705.194018,499
95706.711079,500
95706.724808,501
95706.738651,502
95706.755234,503
95706.769780,504
95706.783718,505
95706.798522,506
95706.814260,507
95706.828870,508
95706.844829,509
95706.861146,510
95706.875984,511
95706.890619,512
95706.904713,513
95706.919423,514
95706.933324,515
95706.950282,516
95706.964317,517
95706.978191,518
95706.992429,519
95707.007440,520
95707.022724,521
95707.037553,522
95707.052925,523
95707.067456,524
95707.082751,525
95707.097011,526
95707.111884,527
95707.127044,528
95707.141115,529
95707.155282,530
95707.169776,531
95707.185230,532
95707.199510,533
95707.214263,534
95707.228640,535
95707.243396,536
95707.259673,537
95707.273711,538
95707.287709,539
95707.303274,540
95707.317667,541
95707.331954,542
95707.348054,543
95707.362736,544
95707.376977,545
95707.391573,546
95707.406735,547
95707.422154,548
95707.439092,549
95707.453727,550
95707.468394,551
95707.483479,552
95707.498774,553
95707.514432,554
95707.529079,555
95707.545639,556
95707.560956,557
95707.575778,558
95707.590050,559
95707.607430,560
95707.622807,561
95707.638605,562
95707.653849,563
95707.668292,564
95707.684439,565
95707.699676,566
95707.716695,567
95707.731720,568
95707.747104,569
95707.762254,570
95707.778025,571
95707.792896,572
95707.809979,573
95707.824123,574
95707.839431,575
95707.853818,576
95707.869808,577
95707.884613,578
95707.900729,579
95707.915281,580
95707.931645,581
95707.948625,582
95707.963851,583
95707.979224,584
95707.994357,585
95708.009695,586
95708.024735,587
95708.040554,588
95708.057575,589
95708.072097,590
95708.087411,591
95708.101494,592
95708.115526,593
95708.130584,594
95708.145080,595
95708.159447,596
95708.176301,597
95708.192169,598
95708.209222,599
95708.224233,600
95708.239881,601
95708.255536,602
95708.270656,603
95708.288622,604
95708.306040,605
95708.320434,606
95708.334919,607
95708.349619,608
95708.365064,609
95708.379140,610
95708.392841,611
95708.409533,612
95708.424976,613
95708.438876,614
95708.453754,615
95708.467753,616
95708.481747,617
95708.497895,618
95708.514520,619
95708.529072,620
95708.545447,621
95708.560625,622
95708.577049,623
95708.593344,624
95708.612610,625
95708.627876,626
95708.643977,627
95708.658731,628
95708.673709,629
95708.689139,630
95708.703965,631
95708.717969,632
95708.732645,633
95708.750012,634
95708.766970,635
95708.782419,636
95708.796755,637
95708.812924,638
95708.828536,639
95708.842571,640
95708.858803,641
95708.872883,642
95708.887710,643
95708.901831,644
95708.917422,645
95708.934359,646
95708.950226,647
95708.966654,648
95708.982863,649
95708.997778,650
95709.012732,651
95709.029905,652
95709.045264,653
95709.061162,654
95709.079211,655
95709.094049,656
95709.108252,657
95709.123590,658
95709.139758,659
95709.153798,660
95709.169644,661
95709.183789,662
95709.200214,663
95709.216211,664
95709.233565,665
95709.248329,666
95709.264688,667
95709.278816,668
95709.295628,669
95709.313469,670
95709.329264,671
95709.344033,672
95709.358152,673
95709.372903,674
95709.386668,675
95709.402764,676
95709.419238,677
95709.435581,678
95709.452643,679
95709.466856,680
95709.482293,681
95709.497801,682
95709.511844,683
95709.527403,684
95709.541750,685
95709.556868,686
95709.573859,687
95709.589970,688
95709.607317,689
95709.622350,690
95709.636717,691
95709.654535,692
95709.669232,693
95709.684970,694
95709.699419,695
95709.716691,696
95709.733706,697
95709.749824,698
95709.767663,699
95709.781759,700
95709.797245,701
95709.812456,702
95709.828044,703
95709.841862,704
95709.857371,705
95709.871815,706
95709.887719,707
95709.901364,708
95709.916731,709
95709.933449,710
95709.949217,711
95709.964078,712
95709.979319,713
95709.993700,714
95710.011532,715
95710.026742,716
95710.042181,717
95710.057974,718
95710.071879,719
95710.088378,720
95710.102895,721
95710.120645,722
95710.134659,723
95710.150811,724
95710.166730,725
95710.180756,726
95710.195434,727
95710.212042,728
95710.228072,729
95710.241988,730
95710.260907,731
95710.276397,732
95710.292648,733
95710.306766,734
95710.322838,735
95710.336996,736
95710.350793,737
95710.367958,738
95710.384043,739
95710.402695,740
95710.419615,741
95710.433733,742
95710.448338,743
95710.463282,744
95710.482180,745
95710.503885,746
95710.522216,747
95710.536939,748
95710.552760,749
95711.951023,750
95711.968840,751
95711.982712,752
95711.998262,753
95712.017063,754
95712.032093,755
95712.047010,756
95712.062210,757
95712.078043,758
95712.094271,759
95712.110351,760
95712.128199,761
95712.144053,762
95712.159530,763
95712.173079,764
95712.189839,765
95712.209774,766
95712.228528,767
95712.242415,768
95712.256917,769
95712.276641,770
95712.291973,771
95712.306578,772
95712.323773,773
95712.338532,774
95712.355321,775
95712.370693,776
95712.385163,777
95712.399713,778
95712.417724,779
95712.435458,780
95712.450486,781
95712.465619,782
95712.483536,783
95712.498480,784
95712.513258,785
95712.527886,786
95712.544537,787
95712.563865,788
95712.578399,789
95712.594597,790
95712.609829,791
95712.625324,792
95712.643201,793
95712.659092,794
95712.675009,795
95712.690288,796
95712.704331,797
95712.720954,798
95712.735513,799
95712.751497,800
95712.767494,801
95712.783744,802
95712.799337,803
95712.817810,804
95712.835299,805
95712.849676,806
95712.864852,807
95712.881439,808
95712.897673,809
95712.913544,810
95712.929160,811
95712.946023,812
95712.961356,813
95712.975934,814
95712.993293,815
95713.008192,816
95713.022728,817
95713.037803,818
95713.054537,819
95713.071365,820
95713.087463,821
95713.102287,822
95713.118272,823
95713.133128,824
95713.148276,825
95713.163616,826
95713.178485,827
95713.192714,828
95713.208106,829
95713.224237,830
95713.240297,831
95713.259015,832
95713.273546,833
95713.291879,834
95713.307249,835
95713.323005,836
95713.339099,837
95713.354814,838
95713.370454,839
95713.387689,840
95713.403016,841
95713.419909,842
95713.436578,843
95713.453624,844
95713.470221,845
95713.487285,846
95713.502048,847
95713.518653,848
95713.537252,849
95713.554667,850
95713.571529,851
95713.588201,852
95713.605534,853
95713.621757,854
95713.640178,855
95713.658270,856
95713.676696,857
95713.692689,858
95713.708282,859
95713.723596,860
95713.738782,861
95713.757603,862
95713.773500,863
95713.789512,864
95713.804226,865
95713.818713,866
95713.833219,867
95713.847715,868
95713.864928,869
95713.878411,870
95713.894987,871
95713.909050,872
95713.924096,873
95713.937907,874
95713.952845,875
95713.967890,876
95713.982813,877
95713.999299,878
95714.013951,879
95714.028671,880
95714.043293,881
95714.059465,882
95714.074498,883
95714.090559,884
95714.104466,885
95714.121251,886
95714.136270,887
95714.153336,888
95714.167077,889
95714.184282,890
95714.200461,891
95714.216268,892
95714.232210,893
95714.247990,894
95714.262647,895
95714.278290,896
95714.294601,897
95714.311067,898
95714.326789,899
95714.341700,900
95714.359355,901
95714.374837,902
95714.390219,903
95714.404127,904
95714.418855,905
95714.433887,906
95714.451839,907
95714.468693,908
95714.484237,909
95714.498965,910
95714.513650,911
95714.529532,912
95714.544353,913
95714.560529,914
95714.575518,915
95714.590585,916
95714.605886,917
95714.621821,918
95714.638329,919
95714.654201,920
95714.669037,921
95714.684123,922
95714.700847,923
95714.715731,924
95714.730881,925
95714.746647,926
95714.764472,927
95714.779267,928
95714.794360,929
95714.808017,930
95714.823309,931
95714.838288,932
95714.853198,933
95714.869457,934
95714.885704,935
95714.901257,936
95714.915663,937
95714.932347,938
95714.946610,939
95714.964189,940
95714.979323,941
95714.995386,942
95715.012454,943
95715.026625,944
95715.041921,945
95715.057651,946
95715.072579,947
95715.088644,948
95715.103192,949
95715.119428,950
95715.135066,951
95715.150474,952
95715.167269,953
95715.183584,954
95715.199728,955
95715.215614,956
95715.231263,957
95715.246784,958
95715.262394,959
95715.277342,960
95715.293685,961
95715.308886,962
95715.323719,963
95715.339817,964
95715.355903,965
95715.371129,966
95715.388173,967
95715.405184,968
95715.420968,969
95715.436267,970
95715.453646,971
95715.468822,972
95715.484339,973
95715.502392,974
95715.517565,975
95715.532955,976
95715.550600,977
95715.565628,978
95715.582199,979
95715.598190,980
95715.612978,981
95715.628525,982
95715.645215,983
95715.659973,984
95715.674292,985
95715.690290,986
95715.705732,987
95715.723238,988
95715.738137,989
95715.753735,990
95715.768590,991
95715.782821,992
95715.799284,993
95715.815494,994
95715.832459,995
95715.848658,996
95715.865014,997
95715.881286,998
95715.897822,999
95717.778810,1000
95717.789664,1001
95717.799352,1002
95717.808838,1003
95717.818340,1004
95717.828241,1005
95717.838306,1006
95717.847603,1007
95717.857504,1008
95717.867376,1009
95717.876423,1010
95717.886557,1011
95717.895823,1012
95717.905270,1013
95717.915329,1014
95717.925585,1015
95717.935386,1016
95717.945039,1017
95717.954767,1018
95717.964324,1019
95717.973749,1020
95717.983127,1021
95717.992696,1022
95718.001835,1023
95718.010976,1024
95718.020379,1025
95718.030032,1026
95718.039157,1027
95718.048376,1028
95718.058298,1029
95718.068338,1030
95718.077965,1031
95718.087594,1032
95718.097035,1033
95718.106323,1034
95718.115571,1035
95718.124990,1036
95718.134211,1037
95718.143574,1038
95718.152700,1039
95718.162439,1040
95718.171621,1041
95718.180814,1042
95718.190047,1043
95718.199629,1044
95718.208753,1045
95718.218240,1046
95718.228053,1047
95718.238073,1048
95718.247396,1049
95718.256765,1050
95718.266225,1051
95718.275504,1052
95718.285072,1053
95718.295199,1054
95718.305312,1055
95718.314742,1056
95718.324205,1057
95718.333794,1058
95718.342856,1059
95718.351968,1060
95718.361924,1061
95718.371159,1062
95718.380580,1063
95718.390114,1064
95718.399820,1065
95718.409313,1066
95718.418595,1067
95718.427854,1068
95718.437390,1069
95718.446589,1070
95718.455803,1071
95718.464981,1072
95718.474178,1073
95718.483966,1074
95718.493734,1075
95718.503156,1076
95718.512818,1077
95718.522251,1078
95718.531894,1079
95718.541227,1080
95718.550926,1081
95718.560633,1082
95718.570473,1083
95718.580384,1084
95718.590522,1085
95718.600369,1086
95718.609715,1087
95718.619214,1088
95718.628714,1089
95718.637866,1090
95718.647567,1091
95718.657068,1092
95718.666329,1093
95718.675465,1094
95718.684812,1095
95718.694512,1096
95718.703734,1097
95718.713013,1098
95718.723177,1099
95718.732732,1100
95718.742172,1101
95718.751137,1102
95718.760377,1103
95718.769574,1104
95718.779089,1105
95718.788647,1106
95718.798647,1107
95718.808392,1108
95718.818311,1109
95718.827966,1110
95718.837256,1111
95718.846294,1112
95718.855439,1113
95718.864868,1114
95718.874303,1115
95718.883454,1116
95718.892844,1117
95718.901986,1118
95718.911004,1119
95718.920017,1120
95718.929177,1121
95718.938357,1122
95718.947796,1123
95718.957603,1124
95718.967172,1125
95718.976895,1126
95718.986266,1127
95718.995885,1128
95719.005083,1129
95719.014112,1130
95719.023702,1131
95719.032998,1132
95719.042073,1133
95719.051243,1134
95719.060828,1135
95719.070688,1136
95719.080079,1137
95719.089369,1138
95719.099345,1139
95719.108599,1140
95719.117832,1141
95719.127351,1142
95719.136717,1143
95719.145697,1144
95719.154964,1145
95719.164671,1146
95719.174321,1147
95719.183733,1148
95719.193114,1149
95719.202572,1150
95719.211648,1151
95719.220679,1152
95719.230217,1153
95719.239296,1154
95719.248912,1155
95719.258186,1156
95719.267958,1157
95719.278257,1158
95719.287988,1159
95719.297680,1160
95719.306794,1161
95719.316212,1162
95719.326233,1163
95719.336661,1164
95719.349941,1165
95719.365710,1166
95719.375078,1167
95719.384435,1168
95719.393971,1169
95719.403537,1170
95719.412906,1171
95719.422262,1172
95719.432468,1173
95719.442005,1174
95719.451602,1175
95719.460933,1176
95719.478505,1177
95719.492299,1178
95719.502690,1179
95719.512305,1180
95719.522599,1181
95719.532844,1182
95719.542782,1183
95719.552480,1184
95719.562793,1185
95719.573130,1186
95719.582737,1187
95719.593263,1188
95719.603266,1189
95719.612712,1190
95719.622500,1191
95719.633159,1192
95719.643324,1193
95719.653049,1194
95719.663277,1195
95719.672507,1196
95719.681752,1197
95719.691106,1198
95719.700646,1199
95719.709848,1200
95719.718998,1201
95719.728817,1202
95719.739267,1203
95719.748526,1204
95719.757783,1205
95719.767321,1206
95719.776430,1207
95719.785881,1208
95719.795500,1209
95719.804440,1210
95719.813979,1211
95719.823344,1212
95719.832862,1213
95719.842233,1214
95719.851613,1215
95719.860946,1216
95719.870030,1217
95719.879187,1218
95719.888593,1219
95719.898273,1220
95719.907433,1221
95719.916461,1222
95719.925764,1223
95719.935424,1224
95719.944508,1225
95719.953822,1226
95719.963941,1227
95719.973264,1228
95719.982286,1229
95719.991669,1230
95720.001226,1231
95720.010237,1232
95720.019375,1233
95720.031440,1234
95720.040857,1235
95720.049918,1236
95720.059131,1237
95720.068421,1238
95720.077423,1239
95720.086409,1240
95720.095591,1241
95720.105240,1242
95720.114695,1243
95720.124109,1244
95720.133561,1245
95720.142778,1246
95720.152464,1247
95720.162801,1248
95720.171957,1249
95722.766096,1250
95722.780759,1251
95722.795608,1252
95722.810017,1253
95722.825410,1254
95722.840775,1255
95722.858122,1256
95722.872832,1257
95722.889433,1258
95722.906344,1259
95722.921109,1260
95722.936253,1261
95722.952779,1262
95722.969087,1263
95722.984697,1264
95722.999252,1265
95723.016928,1266
95723.033767,1267
95723.049110,1268
95723.065044,1269
95723.079327,1270
95723.093650,1271
95723.108386,1272
95723.121937,1273
95723.136667,1274
95723.151119,1275
95723.166480,1276
95723.181019,1277
95723.195742,1278
95723.209869,1279
95723.225026,1280
95723.240514,1281
95723.255057,1282
95723.269985,1283
95723.284528,1284
95723.298834,1285
95723.312810,1286
95723.326854,1287
95723.340928,1288
95723.355046,1289
95723.369827,1290
95723.385015,1291
95723.400485,1292
95723.416612,1293
95723.431214,1294
95723.445382,1295
95723.460110,1296
95723.475707,1297
95723.492517,1298
95723.507133,1299
95723.523850,1300
95723.540819,1301
95723.555534,1302
95723.572501,1303
95723.588842,1304
95723.607253,1305
95723.624828,1306
95723.639769,1307
95723.656794,1308
95723.672857,1309
95723.687049,1310
95723.702358,1311
95723.718524,1312
95723.735714,1313
95723.750182,1314
95723.765109,1315
95723.782697,1316
95723.797793,1317
95723.813632,1318
95723.829081,1319
95723.843957,1320
95723.860238,1321
95723.874425,1322
95723.889794,1323
95723.903887,1324
95723.920625,1325
95723.934961,1326
95723.951044,1327
95723.966256,1328
95723.980931,1329
95723.994982,1330
95724.010472,1331
95724.024451,1332
95724.040009,1333
95724.054389,1334
95724.071137,1335
95724.089964,1336
95724.104678,1337
95724.119400,1338
95724.134025,1339
95724.148759,1340
95724.164727,1341
95724.179708,1342
95724.194071,1343
95724.209061,1344
95724.224118,1345
95724.239551,1346
95724.254023,1347
95724.270031,1348
95724.285510,1349
95724.299935,1350
95724.314776,1351
95724.330699,1352
95724.345393,1353
95724.360072,1354
95724.374319,1355
95724.389406,1356
95724.404882,1357
95724.421065,1358
95724.435884,1359
95724.449980,1360
95724.466029,1361
95724.481587,1362
95724.495980,1363
95724.510586,1364
95724.525347,1365
95724.542083,1366
95724.557193,1367
95724.573833,1368
95724.589834,1369
95724.605427,1370
95724.625228,1371
95724.639697,1372
95724.653910,1373
95724.669633,1374
95724.686852,1375
95724.701357,1376
95724.715606,1377
95724.730669,1378
95724.747327,1379
95724.762366,1380
95724.778005,1381
95724.793500,1382
95724.808175,1383
95724.822601,1384
95724.838553,1385
95724.855068,1386
95724.869624,1387
95724.883782,1388
95724.899450,1389
95724.913788,1390
95724.928780,1391
95724.944530,1392
95724.958079,1393
95724.972994,1394
95724.987479,1395
95725.003373,1396
95725.019336,1397
95725.034474,1398
95725.049059,1399
95725.064045,1400
95725.078622,1401
95725.093648,1402
95725.109677,1403
95725.124318,1404
95725.138736,1405
95725.154256,1406
95725.168740,1407
95725.182962,1408
95725.199388,1409
95725.213597,1410
95725.230747,1411
95725.244732,1412
95725.259981,1413
95725.275188,1414
95725.289646,1415
95725.304305,1416
95725.319013,1417
95725.333838,1418
95725.348193,1419
95725.363147,1420
95725.377416,1421
95725.393089,1422
95725.409396,1423
95725.423953,1424
95725.438522,1425
95725.452950,1426
95725.468599,1427
95725.484790,1428
95725.499899,1429
95725.515346,1430
95725.531199,1431
95725.545259,1432
95725.560723,1433
95725.575250,1434
95725.590704,1435
95725.605498,1436
95725.620386,1437
95725.635385,1438
95725.649612,1439
95725.665359,1440
95725.680067,1441
95725.697239,1442
95725.711160,1443
95725.727238,1444
95725.742402,1445
95725.758491,1446
95725.773184,1447
95725.787314,1448
95725.803438,1449
95725.817744,1450
95725.833042,1451
95725.847840,1452
95725.863462,1453
95725.878581,1454
95725.893429,1455
95725.907529,1456
95725.922481,1457
95725.937646,1458
95725.952270,1459
95725.967390,1460
95725.983427,1461
95725.998572,1462
95726.013730,1463
95726.030210,1464
95726.044591,1465
95726.060163,1466
95726.075313,1467
95726.089904,1468
95726.105058,1469
95726.119986,1470
95726.134367,1471
95726.148895,1472
95726.163345,1473
95726.177582,1474
95726.192211,1475
95726.206965,1476
95726.222035,1477
95726.236071,1478
95726.251511,1479
95726.266276,1480
95726.281820,1481
95726.296578,1482
95726.310455,1483
95726.324620,1484
95726.338931,1485
95726.353726,1486
95726.369420,1487
95726.386397,1488
95726.400884,1489
95726.417577,1490
95726.431781,1491
95726.445833,1492
95726.461241,1493
95726.475933,1494
95726.490171,1495
95726.506408,1496
95726.522519,1497
95726.537399,1498
95726.551330,1499
95729.897638,1500
95729.914957,1501
95729.930338,1502
95729.945847,1503
95729.963071,1504
95729.978591,1505
95729.995753,1506
95730.012205,1507
95730.026983,1508
95730.042574,1509
95730.059247,1510
95730.076240,1511
95730.092584,1512
95730.108691,1513
95730.125354,1514
95730.141172,1515
95730.156710,1516
95730.172651,1517
95730.188974,1518
95730.203847,1519
95730.219903,1520
95730.235559,1521
95730.251839,1522
95730.266148,1523
95730.281358,1524
95730.297673,1525
95730.312574,1526
95730.327641,1527
95730.344209,1528
95730.360578,1529
95730.375312,1530
95730.391838,1531
95730.409314,1532
95730.423983,1533
95730.439336,1534
95730.454899,1535
95730.470690,1536
95730.486393,1537
95730.500916,1538
95730.515808,1539
95730.531708,1540
95730.546663,1541
95730.561168,1542
95730.575645,1543
95730.590092,1544
95730.605698,1545
95730.620734,1546
95730.635240,1547
95730.650256,1548
95730.665225,1549
95730.680071,1550
95730.695739,1551
95730.710498,1552
95730.725930,1553
95730.739963,1554
95730.753938,1555
95730.770659,1556
95730.784517,1557
95730.800579,1558
95730.816205,1559
95730.831425,1560
95730.846599,1561
95730.861977,1562
95730.876052,1563
95730.890880,1564
95730.907535,1565
95730.922723,1566
95730.937049,1567
95730.951816,1568
95730.967645,1569
95730.982406,1570
95730.996779,1571
95731.010486,1572
95731.025448,1573
95731.040712,1574
95731.054775,1575
95731.069469,1576
95731.084865,1577
95731.101294,1578
95731.115238,1579
95731.130962,1580
95731.145371,1581
95731.159463,1582
95731.173561,1583
95731.188962,1584
95731.202550,1585
95731.217531,1586
95731.232696,1587
95731.247988,1588
95731.262846,1589
95731.277095,1590
95731.292548,1591
95731.306227,1592
95731.322096,1593
95731.336289,1594
95731.350812,1595
95731.365866,1596
95731.379959,1597
95731.396182,1598
95731.412244,1599
95731.426161,1600
95731.440221,1601
95731.455953,1602
95731.471619,1603
95731.485857,1604
95731.500688,1605
95731.515773,1606
95731.529691,1607
95731.544131,1608
95731.560546,1609
95731.576144,1610
95731.594880,1611
95731.609056,1612
95731.623395,1613
95731.639343,1614
95731.654312,1615
95731.669562,1616
95731.685876,1617
95731.699385,1618
95731.715716,1619
95731.732445,1620
95731.746922,1621
95731.761239,1622
95731.775479,1623
95731.791227,1624
95731.805899,1625
95731.820270,1626
95731.835708,1627
95731.851742,1628
95731.866279,1629
95731.881249,1630
95731.896630,1631
95731.912370,1632
95731.928249,1633
95731.942701,1634
95731.955344,1635
95731.968513,1636
95731.982042,1637
95731.996708,1638
95732.011241,1639
95732.026283,1640
95732.041927,1641
95732.056526,1642
95732.071317,1643
95732.086081,1644
95732.100793,1645
95732.116029,1646
95732.131762,1647
95732.145208,1648
95732.159013,1649
95732.174682,1650
95732.189051,1651
95732.203492,1652
95732.216937,1653
95732.230405,1654
95732.243224,1655
95732.257775,1656
95732.271409,1657
95732.286710,1658
95732.303265,1659
95732.318291,1660
95732.334012,1661
95732.348465,1662
95732.361782,1663
95732.375864,1664
95732.391335,1665
95732.405272,1666
95732.418737,1667
95732.433488,1668
95732.447107,1669
95732.462715,1670
95732.477997,1671
95732.490953,1672
95732.507908,1673
95732.524202,1674
95732.540328,1675
95732.553462,1676
95732.569789,1677
95732.584423,1678
95732.597650,1679
95732.612707,1680
95732.627535,1681
95732.641867,1682
95732.656325,1683
95732.670927,1684
95732.685366,1685
95732.699337,1686
95732.715373,1687
95732.728566,1688
95732.743882,1689
95732.759664,1690
95732.772556,1691
95732.788219,1692
95732.803020,1693
95732.817150,1694
95732.832717,1695
95732.847461,1696
95732.862881,1697
95732.877891,1698
95732.892959,1699
95732.906741,1700
95732.919902,1701
95732.937262,1702
95732.950365,1703
95732.966034,1704
95732.979769,1705
95732.992295,1706
95733.008476,1707
95733.022476,1708
95733.040582,1709
95733.056110,1710
95733.070403,1711
95733.085730,1712
95733.099718,1713
95733.112185,1714
95733.125484,1715
95733.139665,1716
95733.155624,1717
95733.172291,1718
95733.186758,1719
95733.203499,1720
95733.216595,1721
95733.231493,1722
95733.244459,1723
95733.258485,1724
95733.273058,1725
95733.289664,1726
95733.304235,1727
95733.319219,1728
95733.333941,1729
95733.349351,1730
95733.365048,1731
95733.378631,1732
95733.393496,1733
95733.408781,1734
95733.423895,1735
95733.437666,1736
95733.452753,1737
95733.468522,1738
95733.485767,1739
95733.499971,1740
95733.515726,1741
95733.531925,1742
95733.544707,1743
95733.561728,1744
95733.576882,1745
95733.591974,1746
95733.606665,1747
95733.619785,1748
95733.635342,1749
95737.642613,1750
95737.659358,1751
95737.676339,1752
95737.693915,1753
95737.711705,1754
95737.730887,1755
95737.747814,1756
95737.764371,1757
95737.779890,1758
95737.795881,1759
95737.811053,1760
95737.827806,1761
95737.843755,1762
95737.860286,1763
95737.876370,1764
95737.893626,1765
95737.909553,1766
95737.926963,1767
95737.945679,1768
95737.961954,1769
95737.979421,1770
95737.996916,1771
95738.015143,1772
95738.031667,1773
95738.048527,1774
95738.066206,1775
95738.082823,1776
95738.100702,1777
95738.117934,1778
95738.135102,1779
95738.152006,1780
95738.169263,1781
95738.187337,1782
95738.204137,1783
95738.222659,1784
95738.240812,1785
95738.257773,1786
95738.274972,1787
95738.292060,1788
95738.309327,1789
95738.325241,1790
95738.341520,1791
95738.357013,1792
95738.371974,1793
95738.387617,1794
95738.403899,1795
95738.419007,1796
95738.434263,1797
95738.449758,1798
95738.466613,1799
95738.482368,1800
95738.499079,1801
95738.513822,1802
95738.530852,1803
95738.546920,1804
95738.562646,1805
95738.577946,1806
95738.593769,1807
95738.608478,1808
95738.624910,1809
95738.645483,1810
95738.663142,1811
95738.680486,1812
95738.698950,1813
95738.716474,1814
95738.734229,1815
95738.750426,1816
95738.769355,1817
95738.788057,1818
95738.804636,1819
95738.821977,1820
95738.840515,1821
95738.856829,1822
95738.872567,1823
95738.887987,1824
95738.903949,1825
95738.918395,1826
95738.933165,1827
95738.948840,1828
95738.964958,1829
95738.980371,1830
95738.996391,1831
95739.011990,1832
95739.027982,1833
95739.042451,1834
95739.057832,1835
95739.073549,1836
95739.090036,1837
95739.104990,1838
95739.119633,1839
95739.134756,1840
95739.149694,1841
95739.165698,1842
95739.181320,1843
95739.197033,1844
95739.212767,1845
95739.228442,1846
95739.242779,1847
95739.258417,1848
95739.274914,1849
95739.291078,1850
95739.306903,1851
95739.322990,1852
95739.339493,1853
95739.354265,1854
95739.370461,1855
95739.384973,1856
95739.400890,1857
95739.415872,1858
95739.431338,1859
95739.446302,1860
95739.462999,1861
95739.479837,1862
95739.495285,1863
95739.510227,1864
95739.526218,1865
95739.541673,1866
95739.556818,1867
95739.573298,1868
95739.589234,1869
95739.604076,1870
95739.620777,1871
95739.636168,1872
95739.651873,1873
95739.667304,1874
95739.683213,1875
95739.698981,1876
95739.713668,1877
95739.728450,1878
95739.742772,1879
95739.758486,1880
95739.773918,1881
95739.790725,1882
95739.806527,1883
95739.822307,1884
95739.838482,1885
95739.854332,1886
95739.869462,1887
95739.885390,1888
95739.901264,1889
95739.917382,1890
95739.933029,1891
95739.947507,1892
95739.963399,1893
95739.978176,1894
95739.994386,1895
95740.009362,1896
95740.024597,1897
95740.039343,1898
95740.054008,1899
95740.069196,1900
95740.085202,1901
95740.099600,1902
95740.114603,1903
95740.130512,1904
95740.146630,1905
95740.161704,1906
95740.177501,1907
95740.192505,1908
95740.208252,1909
95740.224156,1910
95740.240380,1911
95740.255491,1912
95740.271838,1913
95740.287219,1914
95740.302876,1915
95740.318387,1916
95740.333382,1917
95740.348990,1918
95740.363908,1919
95740.379462,1920
95740.395877,1921
95740.411048,1922
95740.425690,1923
95740.440315,1924
95740.457030,1925
95740.473299,1926
95740.489462,1927
95740.510511,1928
95740.527917,1929
95740.543752,1930
95740.559078,1931
95740.574023,1932
95740.590273,1933
95740.606369,1934
95740.623437,1935
95740.638218,1936
95740.654717,1937
95740.669681,1938
95740.685335,1939
95740.700872,1940
95740.715959,1941
95740.731546,1942
95740.746291,1943
95740.761862,1944
95740.777313,1945
95740.793746,1946
95740.809288,1947
95740.824965,1948
95740.841345,1949
95740.857272,1950
95740.872203,1951
95740.887638,1952
95740.902914,1953
95740.917690,1954
95740.934192,1955
95740.949274,1956
95740.965945,1957
95740.981513,1958
95740.997504,1959
95741.013457,1960
95741.028645,1961
95741.044996,1962
95741.060199,1963
95741.075446,1964
95741.090643,1965
95741.106305,1966
95741.122903,1967
95741.137802,1968
95741.153903,1969
95741.170010,1970
95741.186866,1971
95741.202370,1972
95741.219715,1973
95741.236416,1974
95741.254105,1975
95741.269966,1976
95741.285482,1977
95741.302458,1978
95741.319369,1979
95741.335734,1980
95741.352929,1981
95741.368043,1982
95741.384560,1983
95741.400083,1984
95741.416848,1985
95741.432868,1986
95741.449946,1987
95741.466205,1988
95741.486042,1989
95741.502841,1990
95741.520271,1991
95741.535275,1992
95741.550408,1993
95741.564592,1994
95741.579981,1995
95741.594911,1996
95741.609671,1997
95741.625820,1998
95741.640436,1999
95743.941128,2250
95743.951537,2251
95743.961032,2252
95743.970634,2253
95743.979666,2254
95743.989388,2255
95743.999205,2256
95744.009021,2257
95744.019596,2258
95744.029075,2259
95744.039029,2260
95744.048218,2261
95744.058449,2262
95744.067770,2263
95744.078004,2264
95744.088314,2265
95744.098194,2266
95744.107327,2267
95744.117478,2268
95744.126564,2269
95744.136226,2270
95744.145431,2271
95744.155651,2272
95744.164918,2273
95744.175056,2274
95744.184578,2275
95744.194310,2276
95744.203448,2277
95744.213474,2278
95744.223281,2279
95744.233269,2280
95744.242184,2281
95744.252460,2282
95744.261680,2283
95744.271434,2284
95744.280939,2285
95744.291226,2286
95744.300516,2287
95744.310240,2288
95744.319848,2289
95744.330091,2290
95744.339342,2291
95744.349135,2292
95744.358680,2293
95744.368318,2294
95744.377795,2295
95744.388708,2296
95744.397924,2297
95744.407768,2298
95744.416931,2299
95744.427349,2300
95744.436291,2301
95744.445970,2302
95744.454980,2303
95744.465422,2304
95744.475107,2305
95744.485911,2306
95744.495195,2307
95744.505098,2308
95744.514165,2309
95744.523893,2310
95744.532846,2311
95744.542579,2312
95744.551851,2313
95744.562610,2314
95744.572457,2315
95744.582550,2316
95744.591662,2317
95744.602321,2318
95744.612383,2319
95744.622960,2320
95744.632192,2321
95744.642557,2322
95744.651987,2323
95744.662379,2324
95744.671679,2325
95744.682413,2326
95744.691355,2327
95744.701014,2328
95744.710720,2329
95744.720465,2330
95744.729192,2331
95744.739085,2332
95744.748193,2333
95744.757970,2334
95744.767672,2335
95744.777832,2336
95744.786941,2337
95744.796649,2338
95744.805839,2339
95744.815717,2340
95744.824794,2341
95744.836298,2342
95744.846619,2343
95744.858346,2344
95744.868085,2345
95744.878313,2346
95744.887750,2347
95744.897640,2348
95744.906855,2349
95744.916916,2350
95744.926371,2351
95744.936566,2352
95744.945374,2353
95744.955166,2354
95744.964015,2355
95744.973761,2356
95744.983252,2357
95744.993851,2358
95745.003266,2359
95745.013116,2360
95745.022467,2361
95745.032234,2362
95745.041038,2363
95745.051114,2364
95745.060100,2365
95745.069774,2366
95745.078807,2367
95745.088573,2368
95745.097808,2369
95745.107554,2370
95745.116645,2371
95745.126855,2372
95745.135849,2373
95745.145655,2374
95745.155015,2375
95745.166088,2376
95745.175712,2377
95745.185649,2378
95745.194683,2379
95745.204634,2380
95745.213664,2381
95745.223795,2382
95745.232976,2383
95745.242949,2384
95745.251971,2385
95745.261901,2386
95745.270764,2387
95745.280412,2388
95745.289640,2389
95745.299609,2390
95745.309244,2391
95745.319018,2392
95745.328023,2393
95745.338029,2394
95745.347783,2395
95745.357644,2396
95745.367114,2397
95745.377426,2398
95745.386749,2399
95745.396609,2400
95745.405811,2401
95745.416163,2402
95745.425380,2403
95745.435349,2404
95745.444491,2405
95745.454527,2406
95745.463583,2407
95745.473750,2408
95745.482938,2409
95745.492816,2410
95745.502019,2411
95745.511907,2412
95745.521574,2413
95745.531307,2414
95745.540207,2415
95745.550102,2416
95745.559081,2417
95745.568921,2418
95745.578367,2419
95745.588453,2420
95745.597923,2421
95745.608423,2422
95745.617777,2423
95745.627751,2424
95745.636823,2425
95745.646826,2426
95745.655972,2427
95745.665808,2428
95745.674895,2429
95745.684849,2430
95745.693873,2431
95745.703611,2432
95745.712798,2433
95745.723193,2434
95745.732408,2435
95745.742681,2436
95745.751829,2437
95745.761552,2438
95745.770544,2439
95745.780700,2440
95745.789988,2441
95745.800253,2442
95745.809612,2443
95745.819784,2444
95745.828861,2445
95745.838581,2446
95745.847685,2447
95745.857530,2448
95745.866451,2449
95745.876580,2450
95745.885831,2451
95745.895685,2452
95745.904796,2453
95745.915020,2454
95745.924057,2455
95745.934103,2456
95745.944399,2457
95745.954623,2458
95745.963423,2459
95745.973194,2460
95745.982348,2461
95745.992436,2462
95746.001524,2463
95746.011183,2464
95746.020712,2465
95746.030625,2466
95746.039533,2467
95746.049769,2468
95746.059301,2469
95746.069253,2470
95746.078328,2471
95746.088181,2472
95746.097173,2473
95746.107344,2474
95746.116377,2475
95746.126180,2476
95746.135513,2477
95746.145364,2478
95746.154727,2479
95746.165255,2480
95746.174355,2481
95746.184250,2482
95746.193210,2483
95746.203248,2484
95746.212260,2485
95746.222093,2486
95746.231666,2487
95746.241486,2488
95746.250782,2489
95746.260845,2490
95746.270828,2491
95746.280772,2492
95746.290378,2493
95746.300227,2494
95746.309544,2495
95746.319698,2496
95746.329249,2497
95746.339770,2498
95746.348941,2499
95750.129523,2500
95750.145962,2501
95750.159930,2502
95750.169773,2503
95750.186225,2504
95750.203274,2505
95750.220541,2506
95750.236586,2507
95750.253641,2508
95750.270577,2509
95750.285474,2510
95750.302859,2511
95750.319436,2512
95750.338007,2513
95750.352331,2514
95750.367469,2515
95750.376997,2516
95750.395538,2517
95750.404697,2518
95750.414203,2519
95750.431283,2520
95750.447950,2521
95750.464926,2522
95750.483017,2523
95750.492344,2524
95750.507177,2525
95750.523164,2526
95750.538365,2527
95750.553993,2528
95750.563844,2529
95750.580047,2530
95750.596803,2531
95750.612794,2532
95750.627993,2533
95750.643820,2534
95750.661374,2535
95750.675685,2536
95750.693926,2537
95750.710877,2538
95750.729959,2539
95750.744624,2540
95750.760666,2541
95750.777324,2542
95750.793604,2543
95750.807979,2544
95750.822587,2545
95750.836622,2546
95750.853194,2547
95750.870749,2548
95750.880514,2549
95750.895225,2550
95750.909395,2551
95750.923168,2552
95750.940145,2553
95750.956369,2554
95750.973180,2555
95750.989507,2556
95751.004491,2557
95751.018684,2558
95751.036511,2559
95751.050813,2560
95751.060120,2561
95751.075353,2562
95751.089560,2563
95751.106143,2564
95751.121562,2565
95751.136711,2566
95751.152414,2567
95751.167200,2568
95751.183479,2569
95751.200484,2570
95751.214244,2571
95751.232116,2572
95751.245229,2573
95751.263610,2574
95751.281147,2575
95751.297686,2576
95751.314224,2577
95751.330748,2578
95751.345430,2579
95751.361088,2580
95751.371262,2581
95751.387545,2582
95751.401749,2583
95751.411092,2584
95751.426034,2585
95751.442888,2586
95751.459471,2587
95751.475378,2588
95751.491315,2589
95751.508405,2590
95751.521312,2591
95751.530330,2592
95751.545364,2593
95751.562157,2594
95751.576650,2595
95751.590490,2596
95751.600622,2597
95751.621566,2598
95751.636269,2599
95751.648648,2600
95751.665945,2601
95751.681604,2602
95751.695948,2603
95751.709824,2604
95751.725315,2605
95751.741165,2606
95751.757762,2607
95751.771790,2608
95751.782064,2609
95751.798415,2610
95751.812579,2611
95751.826259,2612
95751.837792,2613
95751.853823,2614
95751.864376,2615
95751.880477,2616
95751.899047,2617
95751.914761,2618
95751.929798,2619
95751.943728,2620
95751.957324,2621
95751.971407,2622
95751.987613,2623
95752.002715,2624
95752.016516,2625
95752.033117,2626
95752.048580,2627
95752.064013,2628
95752.080575,2629
95752.097980,2630
95752.112895,2631
95752.129800,2632
95752.143961,2633
95752.158041,2634
95752.174431,2635
95752.190236,2636
95752.204436,2637
95752.219814,2638
95752.236275,2639
95752.252289,2640
95752.269152,2641
95752.285724,2642
95752.303089,2643
95752.312537,2644
95752.322628,2645
95752.338848,2646
95752.352741,2647
95752.371308,2648
95752.386323,2649
95752.403060,2650
95752.420485,2651
95752.438189,2652
95752.452692,2653
95752.468989,2654
95752.481988,2655
95752.491558,2656
95752.509126,2657
95752.526112,2658
95752.542136,2659
95752.556690,2660
95752.572817,2661
95752.589463,2662
95752.607258,2663
95752.623874,2664
95752.640182,2665
95752.656899,2666
95752.674475,2667
95752.690437,2668
95752.707182,2669
95752.719054,2670
95752.728543,2671
95752.744336,2672
95752.760453,2673
95752.776590,2674
95752.793110,2675
95752.808684,2676
95752.823649,2677
95752.839433,2678
95752.855387,2679
95752.871700,2680
95752.887975,2681
95752.897350,2682
95752.914204,2683
95752.926235,2684
95752.938908,2685
95752.948176,2686
95752.964610,2687
95752.980276,2688
95752.989656,2689
95753.005833,2690
95753.017819,2691
95753.032961,2692
95753.048756,2693
95753.065806,2694
95753.082408,2695
95753.097539,2696
95753.112973,2697
95753.127300,2698
95753.143176,2699
95753.163391,2700
95753.183886,2701
95753.200531,2702
95753.215285,2703
95753.232029,2704
95753.248048,2705
95753.264045,2706
95753.280495,2707
95753.296908,2708
95753.313267,2709
95753.329427,2710
95753.346205,2711
95753.362327,2712
95753.372273,2713
95753.381903,2714
95753.399316,2715
95753.415611,2716
95753.432095,2717
95753.447706,2718
95753.464801,2719
95753.479533,2720
95753.493881,2721
95753.510168,2722
95753.526344,2723
95753.542549,2724
95753.559015,2725
95753.574713,2726
95753.591382,2727
95753.604848,2728
95753.616770,2729
95753.632998,2730
95753.648635,2731
95753.663964,2732
95753.680758,2733
95753.695564,2734
95753.713558,2735
95753.730513,2736
95753.750489,2737
95753.765753,2738
95753.782543,2739
95753.799057,2740
95753.812985,2741
95753.826554,2742
95753.843196,2743
95753.859032,2744
95753.877435,2745
95753.894300,2746
95753.911027,2747
95753.927014,2748
95753.940915,2749
95758.001641,2750
95758.017887,2751
95758.033976,2752
95758.050895,2753
95758.065799,2754
95758.082326,2755
95758.098217,2756
95758.115739,2757
95758.134438,2758
95758.149445,2759
95758.166419,2760
95758.181660,2761
95758.196400,2762
95758.210517,2763
95758.224782,2764
95758.239909,2765
95758.255556,2766
95758.271130,2767
95758.285872,2768
95758.300318,2769
95758.314827,2770
95758.333082,2771
95758.347850,2772
95758.362391,2773
95758.378824,2774
95758.392951,2775
95758.409739,2776
95758.424493,2777
95758.439235,2778
95758.455675,2779
95758.470905,2780
95758.486492,2781
95758.503207,2782
95758.518608,2783
95758.533972,2784
95758.548708,2785
95758.563249,2786
95758.580207,2787
95758.595684,2788
95758.611364,2789
95758.626741,2790
95758.642046,2791
95758.658304,2792
95758.673753,2793
95758.690170,2794
95758.705612,2795
95758.719783,2796
95758.735969,2797
95758.750321,2798
95758.765608,2799
95758.780193,2800
95758.796323,2801
95758.811666,2802
95758.826791,2803
95758.842076,2804
95758.857314,2805
95758.874618,2806
95758.890672,2807
95758.905807,2808
95758.920656,2809
95758.937872,2810
95758.954794,2811
95758.970197,2812
95758.987723,2813
95759.003278,2814
95759.019962,2815
95759.035215,2816
95759.048981,2817
95759.062719,2818
95759.079508,2819
95759.096804,2820
95759.115053,2821
95759.130590,2822
95759.146921,2823
95759.163768,2824
95759.179371,2825
95759.196562,2826
95759.211704,2827
95759.227415,2828
95759.246256,2829
95759.261524,2830
95759.278564,2831
95759.294331,2832
95759.310373,2833
95759.326202,2834
95759.341940,2835
95759.357826,2836
95759.373847,2837
95759.390850,2838
95759.406515,2839
95759.425161,2840
95759.442834,2841
95759.458837,2842
95759.474699,2843
95759.494693,2844
95759.510463,2845
95759.525941,2846
95759.542641,2847
95759.557813,2848
95759.574190,2849
95759.589319,2850
95759.606276,2851
95759.622575,2852
95759.637722,2853
95759.654810,2854
95759.671251,2855
95759.686871,2856
95759.701417,2857
95759.716660,2858
95759.731595,2859
95759.746546,2860
95759.760680,2861
95759.775224,2862
95759.791699,2863
95759.808935,2864
95759.825926,2865
95759.841983,2866
95759.856884,2867
95759.874960,2868
95759.889494,2869
95759.904476,2870
95759.918890,2871
95759.934240,2872
95759.952826,2873
95759.969956,2874
95759.984342,2875
95759.999958,2876
95760.014876,2877
95760.030260,2878
95760.044409,2879
95760.060129,2880
95760.076812,2881
95760.091048,2882
95760.106270,2883
95760.120320,2884
95760.135136,2885
95760.149448,2886
95760.164204,2887
95760.180216,2888
95760.194815,2889
95760.209388,2890
95760.226094,2891
95760.240728,2892
95760.258285,2893
95760.273666,2894
95760.291626,2895
95760.307748,2896
95760.322955,2897
95760.339070,2898
95760.354277,2899
95760.370261,2900
95760.385034,2901
95760.400850,2902
95760.418845,2903
95760.437635,2904
95760.456903,2905
95760.476604,2906
95760.493364,2907
95760.509531,2908
95760.528112,2909
95760.543813,2910
95760.559016,2911
95760.578851,2912
95760.600633,2913
95760.618095,2914
95760.634993,2915
95760.651068,2916
95760.667243,2917
95760.681702,2918
95760.696607,2919
95760.711948,2920
95760.726252,2921
95760.744524,2922
95760.759026,2923
95760.774152,2924
95760.789313,2925
95760.804501,2926
95760.821763,2927
95760.836442,2928
95760.851844,2929
95760.866081,2930
95760.882478,2931
95760.899185,2932
95760.915075,2933
95760.930572,2934
95760.948390,2935
95760.967116,2936
95760.982886,2937
95761.001427,2938
95761.019359,2939
95761.035545,2940
95761.053310,2941
95761.069358,2942
95761.085387,2943
95761.103592,2944
95761.120608,2945
95761.136295,2946
95761.152446,2947
95761.169174,2948
95761.184749,2949
95761.201162,2950
95761.218623,2951
95761.233758,2952
95761.249529,2953
95761.266131,2954
95761.283258,2955
95761.299384,2956
95761.315891,2957
95761.332319,2958
95761.348024,2959
95761.366192,2960
95761.384285,2961
95761.400203,2962
95761.416299,2963
95761.432921,2964
95761.449271,2965
95761.468402,2966
95761.484606,2967
95761.500495,2968
95761.517020,2969
95761.533304,2970
95761.549263,2971
95761.565670,2972
95761.581501,2973
95761.602700,2974
95761.620419,2975
95761.636721,2976
95761.655039,2977
95761.670661,2978
95761.688365,2979
95761.704090,2980
95761.719619,2981
95761.735288,2982
95761.749777,2983
95761.764863,2984
95761.780289,2985
95761.795228,2986
95761.811259,2987
95761.828178,2988
95761.844132,2989
95761.859626,2990
95761.876034,2991
95761.890452,2992
95761.904896,2993
95761.920692,2994
95761.936716,2995
95761.953998,2996
95761.968882,2997
95761.983084,2998
95761.998567,2999
95765.915874,3000
95765.931237,3001
95765.947944,3002
95765.964666,3003
95765.983359,3004
95766.000635,3005
95766.018656,3006
95766.035732,3007
95766.051972,3008
95766.069073,3009
95766.084922,3010
95766.100768,3011
95766.118866,3012
95766.135564,3013
95766.153804,3014
95766.170135,3015
95766.187193,3016
95766.203722,3017
95766.220771,3018
95766.237413,3019
95766.254129,3020
95766.269866,3021
95766.287178,3022
95766.304211,3023
95766.320319,3024
95766.335839,3025
95766.354580,3026
95766.371239,3027
95766.388477,3028
95766.403752,3029
95766.420279,3030
95766.435960,3031
95766.453148,3032
95766.470036,3033
95766.486881,3034
95766.502990,3035
95766.520164,3036
95766.535981,3037
95766.552905,3038
95766.570713,3039
95766.587283,3040
95766.602827,3041
95766.618777,3042
95766.635366,3043
95766.653171,3044
95766.669544,3045
95766.687797,3046
95766.704055,3047
95766.717759,3048
95766.733705,3049
95766.749630,3050
95766.765644,3051
95766.781720,3052
95766.795622,3053
95766.811423,3054
95766.827337,3055
95766.845046,3056
95766.860423,3057
95766.877016,3058
95766.893249,3059
95766.910931,3060
95766.927352,3061
95766.943277,3062
95766.958987,3063
95766.974861,3064
95766.991408,3065
95767.007060,3066
95767.024547,3067
95767.041282,3068
95767.056701,3069
95767.073374,3070
95767.091055,3071
95767.107242,3072
95767.124170,3073
95767.140608,3074
95767.155851,3075
95767.172206,3076
95767.188553,3077
95767.204355,3078
95767.220787,3079
95767.236347,3080
95767.251826,3081
95767.268560,3082
95767.285581,3083
95767.301685,3084
95767.318380,3085
95767.335381,3086
95767.352464,3087
95767.369234,3088
95767.384633,3089
95767.399880,3090
95767.417616,3091
95767.434067,3092
95767.449833,3093
95767.465733,3094
95767.483120,3095
95767.499550,3096
95767.515613,3097
95767.532428,3098
95767.548232,3099
95767.566201,3100
95767.582555,3101
95767.600836,3102
95767.617483,3103
95767.635094,3104
95767.650189,3105
95767.666356,3106
95767.684208,3107
95767.700579,3108
95767.717039,3109
95767.734775,3110
95767.752885,3111
95767.769141,3112
95767.788018,3113
95767.804877,3114
95767.822661,3115
95767.839629,3116
95767.856233,3117
95767.871742,3118
95767.887648,3119
95767.903222,3120
95767.919067,3121
95767.936427,3122
95767.953526,3123
95767.970483,3124
95767.986996,3125
95768.001772,3126
95768.017798,3127
95768.034563,3128
95768.051256,3129
95768.067365,3130
95768.083992,3131
95768.100585,3132
95768.117187,3133
95768.133190,3134
95768.150216,3135
95768.166329,3136
95768.183280,3137
95768.199109,3138
95768.218048,3139
95768.235646,3140
95768.252939,3141
95768.270741,3142
95768.287336,3143
95768.304408,3144
95768.321453,3145
95768.338519,3146
95768.353997,3147
95768.369406,3148
95768.386526,3149
95768.401944,3150
95768.418253,3151
95768.436423,3152
95768.451691,3153
95768.468950,3154
95768.484350,3155
95768.499800,3156
95768.515943,3157
95768.531819,3158
95768.550877,3159
95768.566896,3160
95768.583920,3161
95768.599961,3162
95768.615022,3163
95768.630719,3164
95768.646559,3165
95768.661547,3166
95768.678168,3167
95768.695211,3168
95768.711970,3169
95768.725934,3170
95768.741368,3171
95768.755727,3172
95768.770587,3173
95768.787736,3174
95768.803247,3175
95768.820695,3176
95768.836337,3177
95768.851618,3178
95768.867784,3179
95768.883882,3180
95768.900886,3181
95768.917755,3182
95768.935351,3183
95768.951181,3184
95768.965345,3185
95768.981694,3186
95768.996703,3187
95769.013311,3188
95769.029313,3189
95769.045215,3190
95769.060788,3191
95769.077277,3192
95769.094309,3193
95769.110955,3194
95769.126605,3195
95769.142480,3196
95769.159674,3197
95769.174423,3198
95769.189040,3199
95769.205015,3200
95769.221255,3201
95769.237693,3202
95769.254749,3203
95769.270989,3204
95769.286560,3205
95769.302055,3206
95769.317412,3207
95769.333396,3208
95769.350026,3209
95769.366022,3210
95769.381681,3211
95769.397104,3212
95769.415152,3213
95769.430349,3214
95769.445021,3215
95769.461228,3216
95769.478230,3217
95769.495081,3218
95769.511421,3219
95769.527259,3220
95769.544236,3221
95769.560227,3222
95769.577074,3223
95769.593439,3224
95769.610410,3225
95769.625498,3226
95769.641801,3227
95769.656457,3228
95769.673228,3229
95769.688538,3230
95769.704926,3231
95769.720058,3232
95769.735011,3233
95769.749517,3234
95769.763883,3235
95769.779464,3236
95769.795662,3237
95769.810988,3238
95769.827400,3239
95769.843018,3240
95769.859668,3241
95769.877333,3242
95769.893906,3243
95769.908723,3244
95769.923563,3245
95769.939940,3246
95769.956356,3247
95769.971703,3248
95769.987495,3249
95773.120605,3250
95773.130756,3251
95773.140806,3252
95773.151781,3253
95773.161910,3254
95773.171637,3255
95773.182522,3256
95773.192566,3257
95773.203408,3258
95773.213715,3259
95773.224538,3260
95773.235085,3261
95773.245275,3262
95773.255900,3263
95773.265903,3264
95773.276518,3265
95773.287115,3266
95773.298165,3267
95773.308904,3268
95773.321752,3269
95773.332040,3270
95773.342791,3271
95773.353344,3272
95773.364085,3273
95773.373623,3274
95773.384154,3275
95773.393559,3276
95773.403791,3277
95773.413407,3278
95773.424211,3279
95773.433710,3280
95773.444186,3281
95773.453706,3282
95773.464418,3283
95773.482208,3284
95773.496365,3285
95773.506730,3286
95773.517058,3287
95773.526461,3288
95773.536933,3289
95773.546190,3290
95773.556533,3291
95773.566256,3292
95773.577034,3293
95773.587328,3294
95773.597941,3295
95773.607682,3296
95773.618538,3297
95773.628447,3298
95773.638626,3299
95773.648558,3300
95773.658871,3301
95773.668594,3302
95773.678586,3303
95773.689109,3304
95773.699270,3305
95773.708785,3306
95773.719051,3307
95773.728593,3308
95773.738948,3309
95773.748637,3310
95773.759289,3311
95773.768519,3312
95773.779731,3313
95773.789561,3314
95773.800316,3315
95773.809746,3316
95773.820136,3317
95773.829743,3318
95773.840136,3319
95773.850053,3320
95773.860496,3321
95773.870022,3322
95773.880232,3323
95773.890751,3324
95773.900715,3325
95773.909996,3326
95773.920470,3327
95773.930285,3328
95773.940204,3329
95773.950078,3330
95773.960576,3331
95773.969762,3332
95773.979620,3333
95773.989633,3334
95774.000017,3335
95774.009397,3336
95774.020205,3337
95774.029974,3338
95774.039889,3339
95774.049816,3340
95774.060639,3341
95774.069825,3342
95774.079808,3343
95774.089517,3344
95774.099696,3345
95774.109109,3346
95774.120578,3347
95774.130512,3348
95774.141138,3349
95774.150714,3350
95774.161326,3351
95774.170546,3352
95774.180845,3353
95774.190359,3354
95774.200756,3355
95774.210662,3356
95774.221629,3357
95774.231366,3358
95774.241338,3359
95774.251518,3360
95774.261878,3361
95774.272331,3362
95774.282734,3363
95774.292805,3364
95774.303222,3365
95774.313230,3366
95774.324326,3367
95774.333836,3368
95774.344263,3369
95774.354868,3370
95774.365048,3371
95774.374774,3372
95774.385327,3373
95774.395325,3374
95774.405408,3375
95774.415760,3376
95774.426313,3377
95774.436514,3378
95774.446880,3379
95774.456491,3380
95774.467423,3381
95774.477149,3382
95774.488627,3383
95774.498113,3384
95774.509433,3385
95774.520098,3386
95774.530609,3387
95774.540673,3388
95774.551477,3389
95774.561817,3390
95774.572802,3391
95774.582791,3392
95774.593739,3393
95774.603775,3394
95774.614687,3395
95774.624412,3396
95774.634857,3397
95774.644495,3398
95774.655550,3399
95774.665468,3400
95774.675887,3401
95774.685596,3402
95774.696273,3403
95774.706061,3404
95774.716818,3405
95774.726540,3406
95774.736472,3407
95774.745791,3408
95774.756254,3409
95774.765743,3410
95774.776093,3411
95774.787345,3412
95774.797737,3413
95774.808072,3414
95774.818834,3415
95774.828970,3416
95774.839264,3417
95774.849467,3418
95774.859639,3419
95774.868768,3420
95774.878683,3421
95774.888314,3422
95774.898477,3423
95774.907934,3424
95774.919261,3425
95774.929168,3426
95774.939954,3427
95774.949820,3428
95774.960319,3429
95774.969439,3430
95774.980863,3431
95774.991301,3432
95775.002596,3433
95775.012721,3434
95775.023950,3435
95775.033725,3436
95775.043922,3437
95775.053995,3438
95775.064972,3439
95775.074722,3440
95775.086345,3441
95775.096059,3442
95775.106453,3443
95775.116307,3444
95775.128077,3445
95775.137847,3446
95775.148364,3447
95775.158050,3448
95775.168721,3449
95775.178028,3450
95775.189299,3451
95775.198428,3452
95775.210874,3453
95775.221929,3454
95775.233996,3455
95775.243726,3456
95775.254504,3457
95775.263924,3458
95775.274195,3459
95775.284199,3460
95775.294561,3461
95775.303870,3462
95775.314408,3463
95775.324209,3464
95775.335092,3465
95775.344356,3466
95775.354784,3467
95775.363957,3468
95775.373993,3469
95775.383950,3470
95775.394512,3471
95775.403993,3472
95775.414558,3473
95775.425514,3474
95775.436614,3475
95775.446948,3476
95775.457579,3477
95775.467684,3478
95775.478450,3479
95775.489035,3480
95775.499420,3481
95775.508973,3482
95775.519601,3483
95775.529448,3484
95775.539407,3485
95775.548989,3486
95775.559388,3487
95775.569275,3488
95775.580043,3489
95775.590389,3490
95775.600654,3491
95775.610145,3492
95775.620711,3493
95775.630621,3494
95775.641326,3495
95775.650523,3496
95775.661640,3497
95775.670727,3498
95775.680954,3499
95779.491641,3500
95779.509352,3501
95779.525309,3502
95779.540799,3503
95779.558297,3504
95779.573719,3505
95779.591398,3506
95779.607772,3507
95779.623051,3508
95779.639344,3509
95779.654980,3510
95779.671792,3511
95779.688122,3512
95779.703749,3513
95779.719613,3514
95779.735894,3515
95779.753116,3516
95779.769084,3517
95779.785022,3518
95779.800860,3519
95779.816955,3520
95779.833803,3521
95779.849831,3522
95779.866721,3523
95779.881314,3524
95779.897240,3525
95779.912738,3526
95779.928664,3527
95779.943627,3528
95779.958817,3529
95779.974334,3530
95779.990550,3531
95780.007298,3532
95780.023105,3533
95780.039717,3534
95780.055235,3535
95780.073599,3536
95780.088648,3537
95780.104619,3538
95780.120772,3539
95780.137736,3540
95780.153549,3541
95780.168943,3542
95780.183730,3543
95780.200323,3544
95780.217368,3545
95780.234199,3546
95780.248510,3547
95780.264275,3548
95780.280199,3549
95780.296827,3550
95780.312359,3551
95780.329059,3552
95780.344389,3553
95780.360322,3554
95780.377625,3555
95780.392653,3556
95780.407558,3557
95780.422307,3558
95780.437924,3559
95780.452634,3560
95780.468562,3561
95780.484483,3562
95780.501222,3563
95780.516585,3564
95780.533536,3565
95780.548793,3566
95780.564030,3567
95780.579344,3568
95780.594508,3569
95780.610076,3570
95780.625761,3571
95780.641054,3572
95780.656402,3573
95780.671888,3574
95780.686818,3575
95780.702516,3576
95780.716669,3577
95780.732394,3578
95780.747512,3579
95780.763979,3580
95780.778560,3581
95780.793226,3582
95780.808255,3583
95780.824245,3584
95780.839533,3585
95780.855639,3586
95780.870630,3587
95780.885709,3588
95780.901303,3589
95780.917445,3590
95780.933553,3591
95780.949553,3592
95780.964647,3593
95780.980433,3594
95780.995756,3595
95781.011930,3596
95781.027882,3597
95781.044262,3598
95781.059200,3599
95781.074051,3600
95781.093712,3601
95781.110216,3602
95781.125525,3603
95781.143008,3604
95781.158695,3605
95781.174506,3606
95781.190144,3607
95781.205814,3608
95781.220228,3609
95781.236376,3610
95781.252107,3611
95781.268218,3612
95781.286660,3613
95781.303094,3614
95781.319174,3615
95781.334768,3616
95781.350291,3617
95781.367617,3618
95781.384178,3619
95781.399938,3620
95781.414791,3621
95781.429671,3622
95781.445554,3623
95781.459650,3624
95781.475686,3625
95781.492080,3626
95781.507457,3627
95781.521628,3628
95781.537766,3629
95781.553447,3630
95781.571807,3631
95781.588721,3632
95781.604567,3633
95781.619634,3634
95781.636690,3635
95781.652888,3636
95781.668220,3637
95781.683568,3638
95781.698839,3639
95781.714674,3640
95781.730365,3641
95781.744740,3642
95781.763289,3643
95781.778681,3644
95781.793865,3645
95781.810380,3646
95781.826560,3647
95781.842703,3648
95781.858584,3649
95781.873951,3650
95781.888315,3651
95781.903963,3652
95781.919226,3653
95781.935686,3654
95781.950820,3655
95781.966694,3656
95781.982565,3657
95781.998472,3658
95782.013702,3659
95782.030041,3660
95782.046108,3661
95782.060920,3662
95782.076282,3663
95782.091180,3664
95782.106844,3665
95782.122597,3666
95782.138207,3667
95782.153258,3668
95782.169234,3669
95782.186758,3670
95782.201861,3671
95782.217751,3672
95782.233748,3673
95782.249167,3674
95782.267190,3675
95782.282052,3676
95782.298742,3677
95782.313107,3678
95782.329669,3679
95782.346699,3680
95782.362611,3681
95782.377750,3682
95782.392853,3683
95782.408732,3684
95782.424362,3685
95782.441891,3686
95782.459147,3687
95782.473930,3688
95782.489069,3689
95782.505844,3690
95782.521043,3691
95782.536236,3692
95782.551512,3693
95782.566686,3694
95782.582641,3695
95782.599868,3696
95782.616256,3697
95782.632342,3698
95782.648737,3699
95782.664538,3700
95782.679014,3701
95782.695007,3702
95782.710574,3703
95782.725623,3704
95782.741554,3705
95782.757056,3706
95782.772459,3707
95782.787503,3708
95782.803652,3709
95782.818610,3710
95782.834931,3711
95782.849727,3712
95782.865761,3713
95782.882788,3714
95782.901192,3715
95782.916303,3716
95782.932198,3717
95782.946941,3718
95782.963738,3719
95782.979275,3720
95782.995495,3721
95783.010641,3722
95783.025944,3723
95783.040882,3724
95783.057408,3725
95783.072415,3726
95783.088825,3727
95783.104729,3728
95783.121028,3729
95783.136627,3730
95783.152118,3731
95783.169980,3732
95783.185636,3733
95783.200829,3734
95783.216509,3735
95783.232558,3736
95783.248365,3737
95783.264545,3738
95783.279758,3739
95783.295596,3740
95783.311679,3741
95783.327445,3742
95783.342892,3743
95783.358688,3744
95783.374381,3745
95783.392495,3746
95783.407397,3747
95783.422697,3748
95783.441249,3749
95787.489547,3750
95787.514396,3751
95787.531907,3752
95787.551667,3753
95787.564271,3754
95787.582948,3755
95787.598708,3756
95787.615606,3757
95787.632529,3758
95787.649070,3759
95787.662621,3760
95787.677225,3761
95787.693621,3762
95787.710214,3763
95787.726182,3764
95787.744294,3765
95787.761494,3766
95787.774317,3767
95787.789212,3768
95787.804225,3769
95787.819638,3770
95787.835752,3771
95787.849685,3772
95787.864962,3773
95787.878518,3774
95787.891872,3775
95787.906602,3776
95787.923606,3777
95787.938586,3778
95787.954610,3779
95787.969581,3780
95787.981763,3781
95787.994214,3782
95788.008245,3783
95788.024178,3784
95788.040742,3785
95788.056650,3786
95788.071306,3787
95788.085796,3788
95788.098230,3789
95788.112719,3790
95788.128977,3791
95788.145161,3792
95788.159839,3793
95788.174212,3794
95788.185816,3795
95788.201487,3796
95788.217212,3797
95788.231735,3798
95788.247463,3799
95788.262728,3800
95788.275404,3801
95788.289230,3802
95788.305729,3803
95788.317784,3804
95788.334310,3805
95788.346544,3806
95788.358718,3807
95788.370060,3808
95788.386140,3809
95788.397259,3810
95788.408823,3811
95788.422252,3812
95788.438972,3813
95788.455408,3814
95788.470770,3815
95788.484238,3816
95788.498647,3817
95788.515074,3818
95788.528533,3819
95788.545605,3820
95788.559293,3821
95788.574575,3822
95788.588175,3823
95788.600587,3824
95788.616907,3825
95788.633545,3826
95788.648498,3827
95788.664745,3828
95788.677855,3829
95788.693649,3830
95788.710668,3831
95788.726483,3832
95788.742916,3833
95788.756368,3834
95788.768483,3835
95788.783788,3836
95788.798820,3837
95788.813999,3838
95788.827853,3839
95788.840946,3840
95788.856840,3841
95788.872161,3842
95788.884488,3843
95788.897598,3844
95788.915733,3845
95788.931583,3846
95788.949331,3847
95788.965876,3848
95788.982512,3849
95788.998765,3850
95789.014869,3851
95789.029740,3852
95789.041764,3853
95789.057459,3854
95789.073314,3855
95789.086847,3856
95789.099196,3857
95789.116069,3858
95789.129432,3859
95789.144630,3860
95789.158969,3861
95789.172800,3862
95789.187707,3863
95789.205081,3864
95789.215866,3865
95789.227752,3866
95789.239232,3867
95789.253917,3868
95789.268843,3869
95789.284847,3870
95789.300192,3871
95789.316845,3872
95789.331288,3873
95789.348432,3874
95789.363416,3875
95789.379082,3876
95789.391789,3877
95789.409493,3878
95789.425138,3879
95789.441218,3880
95789.454626,3881
95789.469510,3882
95789.485834,3883
95789.501539,3884
95789.513803,3885
95789.525853,3886
95789.537372,3887
95789.548841,3888
95789.563522,3889
95789.576574,3890
95789.591268,3891
95789.604229,3892
95789.615769,3893
95789.629501,3894
95789.641219,3895
95789.652090,3896
95789.663549,3897
95789.680849,3898
95789.693218,3899
95789.708870,3900
95789.720723,3901
95789.737528,3902
95789.751985,3903
95789.767419,3904
95789.783303,3905
95789.798855,3906
95789.814610,3907
95789.826608,3908
95789.841817,3909
95789.853932,3910
95789.867049,3911
95789.883015,3912
95789.896103,3913
95789.912867,3914
95789.928189,3915
95789.945176,3916
95789.961111,3917
95789.974531,3918
95789.990843,3919
95790.003534,3920
95790.017352,3921
95790.029304,3922
95790.045738,3923
95790.057343,3924
95790.073482,3925
95790.090414,3926
95790.108422,3927
95790.122876,3928
95790.139435,3929
95790.156021,3930
95790.170733,3931
95790.186738,3932
95790.202656,3933
95790.217403,3934
95790.233654,3935
95790.251053,3936
95790.265558,3937
95790.281654,3938
95790.293238,3939
95790.308339,3940
95790.319583,3941
95790.335613,3942
95790.351838,3943
95790.368655,3944
95790.384361,3945
95790.400687,3946
95790.413044,3947
95790.427917,3948
95790.439207,3949
95790.455555,3950
95790.467009,3951
95790.483912,3952
95790.495928,3953
95790.511496,3954
95790.524092,3955
95790.540045,3956
95790.552026,3957
95790.567959,3958
95790.584565,3959
95790.601126,3960
95790.613055,3961
95790.628417,3962
95790.644606,3963
95790.655712,3964
95790.671464,3965
95790.684121,3966
95790.700556,3967
95790.717240,3968
95790.733240,3969
95790.745878,3970
95790.762175,3971
95790.778840,3972
95790.795616,3973
95790.812069,3974
95790.825502,3975
95790.837851,3976
95790.851980,3977
95790.868521,3978
95790.881088,3979
95790.896716,3980
95790.912672,3981
95790.928863,3982
95790.945851,3983
95790.961972,3984
95790.979247,3985
95790.995492,3986
95791.013275,3987
95791.029302,3988
95791.045315,3989
95791.061516,3990
95791.077887,3991
95791.093926,3992
95791.105806,3993
95791.117652,3994
95791.133292,3995
95791.147099,3996
95791.163022,3997
95791.179228,3998
95791.192347,3999
95795.099684,4000
95795.119445,4001
95795.135923,4002
95795.154129,4003
95795.171021,4004
95795.189254,4005
95795.206238,4006
95795.222905,4007
95795.239574,4008
95795.256820,4009
95795.272762,4010
95795.289915,4011
95795.306457,4012
95795.324858,4013
95795.341526,4014
95795.357265,4015
95795.373529,4016
95795.389758,4017
95795.407264,4018
95795.422577,4019
95795.439037,4020
95795.454834,4021
95795.470766,4022
95795.487814,4023
95795.504511,4024
95795.520822,4025
95795.536530,4026
95795.552683,4027
95795.569596,4028
95795.585578,4029
95795.600338,4030
95795.616874,4031
95795.633215,4032
95795.650334,4033
95795.666402,4034
95795.683495,4035
95795.699695,4036
95795.715742,4037
95795.731725,4038
95795.747752,4039
95795.764231,4040
95795.779706,4041
95795.795197,4042
95795.811196,4043
95795.826722,4044
95795.842881,4045
95795.858475,4046
95795.874284,4047
95795.890741,4048
95795.907432,4049
95795.923091,4050
95795.939695,4051
95795.956994,4052
95795.974810,4053
95795.990585,4054
95796.006621,4055
95796.023350,4056
95796.040360,4057
95796.055011,4058
95796.070856,4059
95796.086659,4060
95796.101991,4061
95796.117275,4062
95796.134417,4063
95796.150252,4064
95796.165553,4065
95796.181621,4066
95796.197270,4067
95796.211763,4068
95796.228646,4069
95796.243312,4070
95796.259856,4071
95796.275060,4072
95796.290219,4073
95796.305348,4074
95796.321228,4075
95796.336689,4076
95796.352552,4077
95796.367805,4078
95796.383230,4079
95796.398371,4080
95796.412409,4081
95796.428210,4082
95796.444303,4083
95796.460845,4084
95796.477223,4085
95796.493147,4086
95796.510198,4087
95796.527377,4088
95796.544659,4089
95796.560477,4090
95796.577305,4091
95796.593493,4092
95796.609529,4093
95796.628483,4094
95796.645219,4095
95796.660352,4096
95796.676480,4097
95796.693247,4098
95796.710408,4099
95796.726988,4100
95796.744608,4101
95796.760179,4102
95796.776573,4103
95796.791332,4104
95796.806639,4105
95796.822486,4106
95796.840525,4107
95796.856986,4108
95796.871535,4109
95796.887494,4110
95796.902345,4111
95796.918551,4112
95796.934681,4113
95796.951007,4114
95796.966666,4115
95796.982338,4116
95796.998472,4117
95797.013379,4118
95797.029687,4119
95797.045216,4120
95797.060579,4121
95797.076708,4122
95797.092596,4123
95797.107643,4124
95797.123732,4125
95797.138297,4126
95797.154331,4127
95797.169846,4128
95797.185765,4129
95797.200173,4130
95797.216232,4131
95797.231420,4132
95797.247535,4133
95797.263553,4134
95797.279078,4135
95797.293989,4136
95797.309037,4137
95797.322747,4138
95797.338464,4139
95797.354373,4140
95797.369392,4141
95797.384937,4142
95797.400587,4143
95797.415547,4144
95797.431228,4145
95797.446595,4146
95797.462765,4147
95797.478056,4148
95797.493716,4149
95797.509624,4150
95797.525480,4151
95797.543248,4152
95797.559258,4153
95797.575209,4154
95797.591853,4155
95797.607354,4156
95797.623250,4157
95797.639100,4158
95797.655559,4159
95797.671791,4160
95797.686548,4161
95797.703315,4162
95797.720844,4163
95797.736725,4164
95797.752789,4165
95797.769446,4166
95797.786861,4167
95797.801657,4168
95797.817610,4169
95797.832393,4170
95797.847917,4171
95797.863289,4172
95797.878317,4173
95797.893331,4174
95797.908138,4175
95797.923501,4176
95797.937767,4177
95797.952521,4178
95797.968465,4179
95797.984550,4180
95797.998242,4181
95798.013409,4182
95798.029010,4183
95798.042749,4184
95798.058465,4185
95798.073033,4186
95798.087006,4187
95798.102845,4188
95798.117696,4189
95798.132721,4190
95798.147816,4191
95798.163288,4192
95798.178454,4193
95798.194198,4194
95798.208718,4195
95798.223613,4196
95798.239428,4197
95798.254016,4198
95798.269285,4199
95798.284264,4200
95798.300428,4201
95798.315604,4202
95798.330828,4203
95798.345748,4204
95798.360803,4205
95798.375541,4206
95798.391932,4207
95798.405832,4208
95798.419798,4209
95798.435292,4210
95798.449208,4211
95798.465886,4212
95798.481444,4213
95798.495929,4214
95798.510875,4215
95798.525986,4216
95798.542099,4217
95798.557828,4218
95798.574493,4219
95798.591281,4220
95798.605982,4221
95798.621948,4222
95798.637649,4223
95798.653021,4224
95798.668890,4225
95798.684993,4226
95798.700957,4227
95798.715754,4228
95798.731494,4229
95798.747602,4230
95798.762508,4231
95798.779205,4232
95798.794688,4233
95798.809478,4234
95798.825632,4235
95798.841307,4236
95798.857541,4237
95798.873867,4238
95798.890110,4239
95798.905482,4240
95798.921869,4241
95798.938009,4242
95798.954623,4243
95798.971494,4244
95798.986816,4245
95799.002866,4246
95799.018934,4247
95799.034378,4248
95799.049787,4249
95801.275935,4500
95801.285831,4501
95801.295496,4502
95801.305731,4503
95801.315173,4504
95801.325107,4505
95801.334705,4506
95801.344058,4507
95801.354201,4508
95801.363685,4509
95801.373124,4510
95801.382847,4511
95801.392118,4512
95801.401780,4513
95801.411353,4514
95801.421369,4515
95801.431222,4516
95801.440852,4517
95801.450433,4518
95801.460087,4519
95801.469561,4520
95801.479702,4521
95801.489221,4522
95801.499272,4523
95801.508404,4524
95801.518084,4525
95801.527242,4526
95801.537253,4527
95801.546827,4528
95801.558330,4529
95801.568189,4530
95801.578191,4531
95801.589329,4532
95801.599412,4533
95801.608763,4534
95801.618646,4535
95801.628092,4536
95801.638120,4537
95801.647362,4538
95801.657601,4539
95801.667295,4540
95801.677231,4541
95801.686567,4542
95801.697210,4543
95801.707129,4544
95801.717006,4545
95801.726505,4546
95801.736570,4547
95801.745655,4548
95801.756121,4549
95801.765659,4550
95801.775765,4551
95801.785048,4552
95801.794902,4553
95801.804529,4554
95801.814481,4555
95801.823460,4556
95801.833498,4557
95801.842598,4558
95801.853297,4559
95801.862676,4560
95801.873293,4561
95801.882582,4562
95801.892333,4563
95801.902602,4564
95801.912581,4565
95801.922043,4566
95801.931950,4567
95801.940904,4568
95801.950899,4569
95801.960214,4570
95801.970511,4571
95801.979794,4572
95801.989699,4573
95801.998925,4574
95802.009036,4575
95802.018131,4576
95802.028436,4577
95802.038077,4578
95802.048481,4579
95802.057677,4580
95802.068067,4581
95802.078208,4582
95802.088272,4583
95802.097648,4584
95802.107907,4585
95802.118039,4586
95802.128236,4587
95802.137914,4588
95802.147836,4589
95802.156950,4590
95802.167225,4591
95802.176550,4592
95802.186580,4593
95802.195746,4594
95802.205793,4595
95802.215945,4596
95802.225810,4597
95802.235330,4598
95802.245634,4599
95802.272248,4600
95802.282737,4601
95802.292617,4602
95802.302151,4603
95802.311625,4604
95802.321895,4605
95802.332235,4606
95802.341695,4607
95802.351046,4608
95802.361475,4609
95802.370762,4610
95802.380588,4611
95802.390959,4612
95802.400945,4613
95802.410682,4614
95802.420680,4615
95802.430622,4616
95802.440344,4617
95802.450303,4618
95802.460273,4619
95802.469993,4620
95802.480164,4621
95802.489684,4622
95802.499475,4623
95802.509225,4624
95802.519177,4625
95802.529022,4626
95802.539333,4627
95802.549212,4628
95802.559194,4629
95802.568910,4630
95802.579042,4631
95802.590750,4632
95802.603447,4633
95802.614677,4634
95802.625457,4635
95802.636047,4636
95802.646787,4637
95802.656916,4638
95802.667303,4639
95802.677658,4640
95802.688019,4641
95802.698414,4642
95802.709361,4643
95802.720488,4644
95802.731165,4645
95802.742020,4646
95802.752800,4647
95802.762938,4648
95802.773777,4649
95802.783896,4650
95802.794490,4651
95802.804755,4652
95802.815479,4653
95802.825748,4654
95802.836141,4655
95802.845996,4656
95802.855711,4657
95802.864950,4658
95802.874662,4659
95802.883859,4660
95802.894835,4661
95802.904759,4662
95802.914805,4663
95802.924696,4664
95802.934696,4665
95802.944238,4666
95802.953792,4667
95802.964108,4668
95802.974083,4669
95802.983366,4670
95802.993366,4671
95803.003013,4672
95803.012746,4673
95803.022430,4674
95803.032787,4675
95803.042484,4676
95803.052048,4677
95803.061605,4678
95803.077129,4679
95803.086586,4680
95803.096548,4681
95803.106244,4682
95803.116435,4683
95803.126222,4684
95803.136447,4685
95803.146464,4686
95803.156253,4687
95803.166072,4688
95803.176216,4689
95803.185859,4690
95803.195705,4691
95803.205337,4692
95803.215127,4693
95803.224720,4694
95803.235239,4695
95803.245369,4696
95803.255791,4697
95803.265445,4698
95803.275862,4699
95803.287766,4700
95803.297685,4701
95803.307276,4702
95803.317788,4703
95803.327530,4704
95803.337816,4705
95803.347772,4706
95803.357500,4707
95803.366946,4708
95803.377075,4709
95803.386968,4710
95803.396873,4711
95803.406249,4712
95803.416181,4713
95803.425622,4714
95803.437522,4715
95803.446978,4716
95803.457441,4717
95803.467118,4718
95803.476810,4719
95803.486455,4720
95803.496360,4721
95803.506251,4722
95803.516224,4723
95803.526077,4724
95803.536695,4725
95803.546131,4726
95803.556087,4727
95803.565566,4728
95803.575462,4729
95803.584742,4730
95803.594814,4731
95803.604801,4732
95803.620853,4733
95803.635924,4734
95803.646435,4735
95803.659583,4736
95803.669764,4737
95803.679774,4738
95803.689675,4739
95803.699781,4740
95803.709750,4741
95803.719234,4742
95803.728881,4743
95803.738557,4744
95803.748892,4745
95803.758329,4746
95803.768035,4747
95803.777346,4748
95803.787697,4749
95807.521327,4750
95807.537746,4751
95807.556122,4752
95807.575263,4753
95807.592792,4754
95807.604447,4755
95807.620885,4756
95807.631460,4757
95807.650322,4758
95807.666992,4759
95807.686560,4760
95807.702903,4761
95807.718582,4762
95807.731942,4763
95807.750125,4764
95807.768048,4765
95807.788236,4766
95807.808217,4767
95807.820251,4768
95807.839728,4769
95807.857283,4770
95807.877477,4771
95807.889328,4772
95807.904437,4773
95807.923506,4774
95807.943345,4775
95807.957276,4776
95807.976363,4777
95807.988694,4778
95808.007305,4779
95808.025395,4780
95808.045324,4781
95808.063741,4782
95808.080811,4783
95808.096058,4784
95808.114464,4785
95808.131781,4786
95808.148480,4787
95808.166637,4788
95808.185192,4789
95808.200961,4790
95808.215695,4791
95808.227594,4792
95808.246381,4793
95808.256531,4794
95808.273406,4795
95808.290750,4796
95808.306294,4797
95808.321325,4798
95808.339331,4799
95808.357661,4800
95808.376729,4801
95808.389441,4802
95808.401751,4803
95808.417539,4804
95808.436361,4805
95808.445407,4806
95808.460857,4807
95808.478930,4808
95808.498403,4809
95808.513340,4810
95808.529241,4811
95808.546952,4812
95808.565384,4813
95808.579627,4814
95808.593465,4815
95808.610319,4816
95808.628158,4817
95808.639229,4818
95808.657383,4819
95808.673994,4820
95808.687031,4821
95808.706500,4822
95808.723757,4823
95808.739882,4824
95808.757310,4825
95808.767130,4826
95808.783446,4827
95808.801958,4828
95808.817591,4829
95808.835774,4830
95808.852306,4831
95808.864586,4832
95808.883540,4833
95808.903567,4834
95808.921892,4835
95808.933259,4836
95808.951079,4837
95808.962590,4838
95808.980323,4839
95808.999271,4840
95809.014505,4841
95809.031825,4842
95809.047068,4843
95809.059962,4844
95809.071013,4845
95809.089509,4846
95809.099286,4847
95809.112268,4848
95809.131125,4849
95809.146627,4850
95809.164886,4851
95809.180855,4852
95809.201017,4853
95809.217119,4854
95809.229214,4855
95809.243999,4856
95809.258902,4857
95809.274884,4858
95809.292660,4859
95809.307260,4860
95809.322425,4861
95809.340515,4862
95809.360974,4863
95809.378285,4864
95809.389618,4865
95809.399804,4866
95809.409438,4867
95809.423167,4868
95809.442781,4869
95809.459871,4870
95809.476472,4871
95809.493508,4872
95809.510516,4873
95809.528300,4874
95809.545799,4875
95809.566224,4876
95809.586660,4877
95809.604549,4878
95809.617746,4879
95809.638094,4880
95809.655814,4881
95809.668578,4882
95809.679409,4883
95809.694205,4884
95809.711701,4885
95809.724071,4886
95809.743533,4887
95809.760138,4888
95809.777612,4889
95809.792683,4890
95809.813248,4891
95809.833314,4892
95809.851276,4893
95809.871127,4894
95809.886238,4895
95809.907474,4896
95809.924845,4897
95809.939457,4898
95809.957327,4899
95809.969805,4900
95809.986942,4901
95810.002501,4902
95810.020887,4903
95810.037857,4904
95810.054195,4905
95810.074031,4906
95810.090778,4907
95810.104686,4908
95810.116421,4909
95810.132885,4910
95810.151118,4911
95810.168228,4912
95810.189358,4913
95810.202608,4914
95810.223355,4915
95810.236962,4916
95810.249594,4917
95810.259884,4918
95810.270825,4919
95810.287709,4920
95810.305410,4921
95810.323309,4922
95810.338596,4923
95810.357122,4924
95810.377008,4925
95810.390235,4926
95810.402600,4927
95810.413439,4928
95810.430138,4929
95810.450248,4930
95810.464253,4931
95810.475692,4932
95810.493415,4933
95810.504192,4934
95810.514787,4935
95810.525835,4936
95810.539822,4937
95810.554700,4938
95810.572454,4939
95810.584360,4940
95810.594362,4941
95810.605738,4942
95810.618882,4943
95810.630559,4944
95810.640784,4945
95810.652095,4946
95810.667316,4947
95810.682667,4948
95810.698175,4949
95810.719881,4950
95810.736394,4951
95810.751944,4952
95810.761845,4953
95810.775440,4954
95810.786277,4955
95810.795681,4956
95810.806222,4957
95810.817810,4958
95810.831235,4959
95810.841670,4960
95810.856861,4961
95810.871937,4962
95810.885322,4963
95810.896336,4964
95810.911928,4965
95810.922830,4966
95810.936811,4967
95810.952234,4968
95810.967585,4969
95810.978965,4970
95810.993538,4971
95811.008550,4972
95811.023366,4973
95811.034619,4974
95811.046182,4975
95811.061223,4976
95811.071037,4977
95811.086226,4978
95811.099557,4979
95811.109753,4980
95811.124576,4981
95811.139486,4982
95811.154648,4983
95811.165876,4984
95811.177773,4985
95811.189819,4986
95811.206202,4987
95811.215876,4988
95811.227388,4989
95811.243268,4990
95811.254100,4991
95811.267602,4992
95811.278360,4993
95811.288465,4994
95811.298609,4995
95811.308565,4996
95811.323330,4997
95811.334324,4998
95811.349190,4999
95815.604431,5000
95815.620572,5001
95815.640237,5002
95815.656652,5003
95815.672560,5004
95815.691885,5005
95815.710898,5006
95815.727371,5007
95815.744015,5008
95815.761816,5009
95815.780176,5010
95815.799548,5011
95815.817826,5012
95815.836477,5013
95815.852545,5014
95815.869885,5015
95815.887077,5016
95815.902673,5017
95815.919197,5018
95815.935665,5019
95815.950742,5020
95815.967532,5021
95815.982861,5022
95815.998253,5023
95816.015426,5024
95816.031077,5025
95816.050381,5026
95816.069713,5027
95816.085459,5028
95816.103921,5029
95816.121129,5030
95816.137997,5031
95816.157471,5032
95816.178351,5033
95816.193547,5034
95816.209726,5035
95816.225727,5036
95816.241178,5037
95816.255806,5038
95816.271466,5039
95816.287196,5040
95816.302932,5041
95816.321478,5042
95816.336705,5043
95816.353050,5044
95816.370331,5045
95816.385655,5046
95816.403111,5047
95816.418817,5048
95816.435302,5049
95816.452296,5050
95816.468778,5051
95816.484320,5052
95816.499295,5053
95816.516201,5054
95816.531796,5055
95816.547901,5056
95816.563437,5057
95816.579644,5058
95816.595995,5059
95816.613587,5060
95816.631975,5061
95816.650167,5062
95816.665792,5063
95816.682519,5064
95816.698917,5065
95816.716689,5066
95816.732272,5067
95816.747438,5068
95816.764452,5069
95816.782309,5070
95816.799631,5071
95816.818370,5072
95816.835737,5073
95816.851382,5074
95816.868327,5075
95816.884134,5076
95816.901173,5077
95816.916853,5078
95816.934319,5079
95816.949941,5080
95816.968106,5081
95816.984763,5082
95817.003563,5083
95817.019736,5084
95817.037979,5085
95817.053791,5086
95817.069653,5087
95817.085084,5088
95817.100605,5089
95817.117562,5090
95817.133260,5091
95817.148690,5092
95817.163838,5093
95817.181589,5094
95817.198153,5095
95817.216364,5096
95817.234120,5097
95817.251822,5098
95817.267796,5099
95817.286145,5100
95817.301062,5101
95817.314986,5102
95817.332283,5103
95817.342427,5104
95817.352719,5105
95817.370273,5106
95817.387754,5107
95817.403696,5108
95817.416530,5109
95817.433458,5110
95817.443327,5111
95817.459140,5112
95817.469176,5113
95817.478725,5114
95817.496607,5115
95817.510665,5116
95817.525605,5117
95817.541835,5118
95817.552478,5119
95817.567826,5120
95817.582705,5121
95817.597450,5122
95817.607583,5123
95817.623228,5124
95817.639046,5125
95817.649007,5126
95817.665142,5127
95817.681701,5128
95817.695042,5129
95817.709670,5130
95817.725418,5131
95817.740127,5132
95817.750180,5133
95817.766720,5134
95817.776730,5135
95817.792059,5136
95817.810339,5137
95817.825590,5138
95817.840766,5139
95817.851052,5140
95817.866635,5141
95817.882158,5142
95817.899643,5143
95817.916243,5144
95817.931831,5145
95817.947581,5146
95817.962657,5147
95817.972574,5148
95817.991024,5149
95818.007171,5150
95818.021562,5151
95818.037364,5152
95818.053475,5153
95818.063502,5154
95818.079533,5155
95818.097508,5156
95818.113195,5157
95818.131014,5158
95818.149393,5159
95818.164491,5160
95818.174436,5161
95818.189458,5162
95818.204624,5163
95818.221652,5164
95818.236824,5165
95818.251532,5166
95818.266609,5167
95818.282041,5168
95818.292619,5169
95818.308395,5170
95818.326981,5171
95818.342304,5172
95818.358082,5173
95818.369052,5174
95818.387078,5175
95818.405475,5176
95818.420753,5177
95818.435339,5178
95818.451684,5179
95818.466858,5180
95818.476791,5181
95818.492289,5182
95818.502254,5183
95818.518332,5184
95818.534063,5185
95818.543934,5186
95818.558676,5187
95818.576271,5188
95818.592701,5189
95818.608797,5190
95818.624363,5191
95818.635244,5192
95818.651845,5193
95818.662114,5194
95818.676761,5195
95818.686282,5196
95818.702969,5197
95818.718541,5198
95818.734384,5199
95818.755241,5200
95818.775278,5201
95818.793084,5202
95818.809766,5203
95818.826029,5204
95818.843409,5205
95818.859665,5206
95818.875866,5207
95818.892942,5208
95818.909965,5209
95818.924499,5210
95818.941595,5211
95818.956354,5212
95818.973726,5213
95818.988321,5214
95819.004721,5215
95819.021285,5216
95819.037449,5217
95819.053382,5218
95819.067601,5219
95819.083781,5220
95819.100178,5221
95819.115995,5222
95819.129253,5223
95819.144803,5224
95819.161609,5225
95819.174675,5226
95819.188349,5227
95819.203476,5228
95819.218549,5229
95819.234446,5230
95819.249762,5231
95819.264133,5232
95819.279689,5233
95819.294716,5234
95819.310291,5235
95819.325916,5236
95819.339841,5237
95819.354817,5238
95819.370592,5239
95819.386097,5240
95819.402199,5241
95819.419555,5242
95819.434868,5243
95819.449661,5244
95819.464276,5245
95819.480816,5246
95819.495868,5247
95819.512545,5248
95819.528841,5249
95823.165539,5250
95823.182111,5251
95823.199272,5252
95823.214634,5253
95823.229598,5254
95823.246630,5255
95823.263824,5256
95823.281053,5257
95823.296367,5258
95823.313291,5259
95823.328081,5260
95823.345299,5261
95823.362027,5262
95823.378460,5263
95823.394324,5264
95823.411724,5265
95823.427583,5266
95823.444160,5267
95823.459703,5268
95823.474813,5269
95823.491635,5270
95823.506622,5271
95823.522313,5272
95823.538898,5273
95823.555729,5274
95823.570408,5275
95823.586014,5276
95823.601535,5277
95823.617371,5278
95823.633390,5279
95823.649450,5280
95823.665667,5281
95823.682982,5282
95823.699533,5283
95823.715688,5284
95823.732475,5285
95823.748242,5286
95823.764705,5287
95823.779853,5288
95823.796790,5289
95823.812594,5290
95823.830610,5291
95823.846717,5292
95823.864299,5293
95823.881345,5294
95823.898905,5295
95823.916441,5296
95823.933731,5297
95823.950444,5298
95823.966579,5299
95823.981893,5300
95823.998396,5301
95824.016803,5302
95824.033473,5303
95824.050924,5304
95824.067459,5305
95824.083859,5306
95824.101433,5307
95824.117729,5308
95824.134197,5309
95824.151740,5310
95824.166949,5311
95824.183386,5312
95824.199388,5313
95824.216605,5314
95824.233890,5315
95824.251683,5316
95824.267312,5317
95824.283853,5318
95824.303245,5319
95824.319096,5320
95824.337926,5321
95824.355596,5322
95824.370670,5323
95824.389834,5324
95824.406692,5325
95824.423106,5326
95824.438959,5327
95824.456862,5328
95824.472505,5329
95824.489252,5330
95824.505562,5331
95824.525327,5332
95824.543589,5333
95824.560908,5334
95824.578421,5335
95824.594886,5336
95824.614422,5337
95824.631311,5338
95824.648966,5339
95824.665533,5340
95824.681212,5341
95824.698761,5342
95824.714555,5343
95824.729750,5344
95824.749316,5345
95824.766135,5346
95824.782386,5347
95824.799810,5348
95824.816812,5349
95824.836933,5350
95824.852918,5351
95824.870994,5352
95824.892921,5353
95824.911035,5354
95824.927569,5355
95824.944168,5356
95824.961460,5357
95824.981465,5358
95824.997917,5359
95825.016061,5360
95825.031935,5361
95825.049933,5362
95825.066535,5363
95825.082513,5364
95825.100998,5365
95825.118485,5366
95825.135395,5367
95825.152519,5368
95825.172904,5369
95825.188934,5370
95825.206682,5371
95825.224615,5372
95825.241294,5373
95825.259063,5374
95825.277356,5375
95825.293752,5376
95825.314173,5377
95825.330802,5378
95825.348251,5379
95825.365673,5380
95825.383261,5381
95825.400611,5382
95825.418883,5383
95825.438546,5384
95825.457897,5385
95825.474896,5386
95825.493331,5387
95825.509886,5388
95825.528052,5389
95825.547270,5390
95825.567454,5391
95825.585394,5392
95825.603775,5393
95825.622340,5394
95825.642343,5395
95825.658305,5396
95825.675544,5397
95825.693991,5398
95825.715165,5399
95825.733540,5400
95825.751429,5401
95825.768845,5402
95825.785421,5403
95825.804566,5404
95825.822303,5405
95825.839831,5406
95825.858222,5407
95825.877326,5408
95825.892957,5409
95825.911943,5410
95825.930044,5411
95825.947905,5412
95825.966452,5413
95825.985552,5414
95826.003724,5415
95826.021508,5416
95826.039686,5417
95826.057178,5418
95826.075377,5419
95826.093272,5420
95826.112575,5421
95826.129380,5422
95826.147801,5423
95826.166724,5424
95826.185591,5425
95826.203966,5426
95826.222457,5427
95826.241717,5428
95826.260014,5429
95826.277625,5430
95826.293935,5431
95826.312925,5432
95826.331774,5433
95826.348562,5434
95826.366961,5435
95826.385958,5436
95826.403974,5437
95826.423851,5438
95826.443367,5439
95826.462629,5440
95826.479465,5441
95826.498768,5442
95826.516266,5443
95826.536317,5444
95826.554551,5445
95826.573561,5446
95826.592826,5447
95826.611631,5448
95826.627248,5449
95826.649662,5450
95826.669750,5451
95826.687979,5452
95826.705206,5453
95826.725067,5454
95826.743178,5455
95826.760999,5456
95826.778590,5457
95826.795762,5458
95826.811745,5459
95826.828689,5460
95826.845548,5461
95826.863158,5462
95826.880717,5463
95826.898152,5464
95826.914759,5465
95826.931458,5466
95826.950784,5467
95826.969523,5468
95826.987749,5469
95827.007865,5470
95827.023923,5471
95827.041642,5472
95827.059507,5473
95827.075820,5474
95827.094539,5475
95827.112914,5476
95827.131391,5477
95827.146645,5478
95827.163904,5479
95827.181986,5480
95827.198072,5481
95827.215277,5482
95827.231892,5483
95827.250948,5484
95827.267347,5485
95827.283790,5486
95827.300651,5487
95827.316435,5488
95827.335681,5489
95827.353708,5490
95827.370280,5491
95827.389401,5492
95827.407851,5493
95827.425256,5494
95827.441452,5495
95827.459798,5496
95827.478814,5497
95827.496368,5498
95827.513666,5499
95830.608323,5500
95830.621303,5501
95830.635713,5502
95830.647538,5503
95830.658270,5504
95830.668841,5505
95830.678447,5506
95830.688194,5507
95830.698521,5508
95830.708147,5509
95830.718627,5510
95830.728543,5511
95830.739476,5512
95830.749340,5513
95830.760488,5514
95830.769846,5515
95830.779933,5516
95830.789212,5517
95830.799382,5518
95830.809384,5519
95830.819808,5520
95830.830594,5521
95830.840367,5522
95830.850121,5523
95830.863355,5524
95830.877796,5525
95830.888393,5526
95830.899284,5527
95830.909650,5528
95830.920095,5529
95830.929393,5530
95830.939413,5531
95830.948710,5532
95830.958433,5533
95830.969359,5534
95830.978950,5535
95830.989148,5536
95830.998956,5537
95831.009095,5538
95831.018565,5539
95831.028015,5540
95831.038311,5541
95831.047677,5542
95831.059160,5543
95831.068837,5544
95831.079542,5545
95831.088628,5546
95831.098344,5547
95831.108288,5548
95831.118316,5549
95831.128341,5550
95831.138728,5551
95831.148965,5552
95831.158533,5553
95831.168035,5554
95831.177453,5555
95831.187445,5556
95831.197793,5557
95831.207514,5558
95831.218236,5559
95831.227787,5560
95831.238246,5561
95831.247673,5562
95831.258185,5563
95831.268131,5564
95831.278914,5565
95831.289049,5566
95831.299742,5567
95831.309366,5568
95831.319647,5569
95831.329793,5570
95831.340643,5571
95831.350635,5572
95831.360599,5573
95831.371057,5574
95831.381294,5575
95831.391631,5576
95831.401560,5577
95831.411253,5578
95831.421620,5579
95831.431590,5580
95831.442432,5581
95831.453654,5582
95831.464229,5583
95831.473736,5584
95831.483498,5585
95831.493028,5586
95831.503505,5587
95831.513891,5588
95831.524530,5589
95831.534784,5590
95831.545358,5591
95831.554937,5592
95831.566014,5593
95831.576334,5594
95831.589962,5595
95831.601692,5596
95831.612272,5597
95831.622246,5598
95831.632222,5599
95831.644224,5600
95831.653976,5601
95831.664367,5602
95831.674854,5603
95831.684488,5604
95831.694218,5605
95831.704297,5606
95831.714706,5607
95831.725226,5608
95831.735151,5609
95831.744832,5610
95831.755679,5611
95831.767014,5612
95831.776851,5613
95831.786349,5614
95831.796603,5615
95831.806645,5616
95831.816805,5617
95831.828402,5618
95831.838682,5619
95831.848338,5620
95831.859534,5621
95831.870594,5622
95831.880808,5623
95831.890213,5624
95831.900721,5625
95831.910437,5626
95831.921048,5627
95831.930912,5628
95831.941414,5629
95831.950901,5630
95831.961719,5631
95831.971929,5632
95831.983288,5633
95831.992659,5634
95832.003252,5635
95832.012988,5636
95832.023891,5637
95832.033391,5638
95832.044636,5639
95832.054222,5640
95832.064137,5641
95832.073890,5642
95832.084391,5643
95832.094129,5644
95832.104205,5645
95832.115252,5646
95832.125654,5647
95832.136362,5648
95832.146473,5649
95832.156317,5650
95832.166474,5651
95832.176681,5652
95832.186657,5653
95832.195827,5654
95832.205725,5655
95832.216600,5656
95832.226614,5657
95832.236364,5658
95832.246932,5659
95832.256440,5660
95832.267231,5661
95832.276729,5662
95832.286884,5663
95832.296991,5664
95832.307865,5665
95832.318475,5666
95832.329582,5667
95832.339467,5668
95832.350853,5669
95832.360641,5670
95832.371408,5671
95832.380924,5672
95832.392523,5673
95832.402790,5674
95832.413388,5675
95832.422957,5676
95832.433079,5677
95832.442681,5678
95832.452954,5679
95832.462670,5680
95832.472963,5681
95832.482946,5682
95832.493419,5683
95832.503932,5684
95832.515199,5685
95832.525388,5686
95832.535895,5687
95832.546098,5688
95832.555752,5689
95832.565890,5690
95832.575926,5691
95832.586241,5692
95832.597123,5693
95832.608154,5694
95832.618232,5695
95832.628438,5696
95832.638389,5697
95832.649055,5698
95832.659716,5699
95832.672311,5700
95832.683751,5701
95832.693737,5702
95832.704649,5703
95832.714861,5704
95832.725495,5705
95832.734893,5706
95832.745037,5707
95832.754660,5708
95832.764850,5709
95832.774833,5710
95832.785380,5711
95832.796476,5712
95832.808024,5713
95832.818717,5714
95832.829764,5715
95832.839600,5716
95832.849462,5717
95832.858904,5718
95832.868981,5719
95832.878822,5720
95832.889541,5721
95832.899664,5722
95832.910161,5723
95832.920122,5724
95832.930383,5725
95832.940452,5726
95832.950564,5727
95832.961388,5728
95832.971154,5729
95832.981710,5730
95832.992138,5731
95833.002396,5732
95833.012282,5733
95833.021873,5734
95833.032257,5735
95833.042347,5736
95833.052858,5737
95833.062665,5738
95833.073454,5739
95833.083197,5740
95833.094888,5741
95833.104271,5742
95833.114707,5743
95833.124258,5744
95833.134800,5745
95833.144257,5746
95833.154216,5747
95833.163858,5748
95833.173868,5749
95836.910526,5750
95836.926910,5751
95836.943058,5752
95836.959442,5753
95836.975123,5754
95836.990843,5755
95837.006521,5756
95837.023741,5757
95837.040219,5758
95837.057147,5759
95837.073930,5760
95837.090006,5761
95837.106409,5762
95837.123774,5763
95837.141045,5764
95837.157484,5765
95837.172372,5766
95837.188321,5767
95837.203369,5768
95837.218475,5769
95837.234692,5770
95837.250369,5771
95837.264912,5772
95837.280667,5773
95837.296200,5774
95837.311417,5775
95837.327514,5776
95837.341748,5777
95837.359518,5778
95837.375621,5779
95837.392013,5780
95837.408228,5781
95837.423051,5782
95837.439393,5783
95837.455183,5784
95837.471989,5785
95837.487058,5786
95837.501862,5787
95837.518751,5788
95837.534990,5789
95837.550498,5790
95837.566173,5791
95837.581968,5792
95837.596632,5793
95837.612735,5794
95837.630296,5795
95837.645517,5796
95837.661582,5797
95837.676730,5798
95837.693426,5799
95837.710218,5800
95837.726270,5801
95837.743784,5802
95837.761123,5803
95837.776927,5804
95837.792641,5805
95837.808995,5806
95837.826135,5807
95837.840999,5808
95837.858414,5809
95837.875795,5810
95837.892616,5811
95837.908111,5812
95837.924081,5813
95837.940556,5814
95837.955978,5815
95837.972112,5816
95837.986869,5817
95838.004045,5818
95838.019355,5819
95838.035549,5820
95838.052017,5821
95838.068186,5822
95838.084509,5823
95838.101224,5824
95838.117742,5825
95838.133510,5826
95838.150286,5827
95838.167729,5828
95838.181707,5829
95838.196722,5830
95838.212444,5831
95838.229289,5832
95838.249726,5833
95838.270024,5834
95838.287271,5835
95838.305481,5836
95838.322534,5837
95838.339269,5838
95838.357417,5839
95838.374072,5840
95838.392025,5841
95838.408794,5842
95838.427607,5843
95838.446846,5844
95838.465229,5845
95838.482372,5846
95838.499637,5847
95838.517677,5848
95838.536326,5849
95838.555580,5850
95838.570990,5851
95838.587540,5852
95838.603759,5853
95838.621275,5854
95838.639333,5855
95838.657427,5856
95838.670038,5857
95838.680147,5858
95838.695642,5859
95838.714336,5860
95838.730222,5861
95838.740473,5862
95838.756692,5863
95838.766633,5864
95838.776541,5865
95838.794507,5866
95838.810456,5867
95838.828043,5868
95838.843734,5869
95838.856590,5870
95838.871770,5871
95838.889843,5872
95838.903420,5873
95838.920902,5874
95838.935186,5875
95838.949369,5876
95838.964190,5877
95838.979083,5878
95838.994097,5879
95839.004044,5880
95839.020451,5881
95839.033984,5882
95839.050980,5883
95839.070057,5884
95839.087223,5885
95839.102581,5886
95839.112603,5887
95839.127623,5888
95839.143525,5889
95839.158200,5890
95839.173968,5891
95839.188881,5892
95839.207811,5893
95839.222923,5894
95839.238245,5895
95839.254761,5896
95839.269779,5897
95839.286708,5898
95839.301052,5899
95839.316456,5900
95839.332184,5901
95839.348396,5902
95839.364236,5903
95839.379962,5904
95839.396968,5905
95839.414337,5906
95839.430158,5907
95839.446287,5908
95839.462810,5909
95839.476227,5910
95839.492350,5911
95839.508046,5912
95839.524684,5913
95839.540299,5914
95839.556507,5915
95839.573290,5916
95839.589136,5917
95839.599084,5918
95839.618026,5919
95839.635840,5920
95839.653109,5921
95839.670418,5922
95839.686555,5923
95839.703330,5924
95839.719460,5925
95839.736623,5926
95839.747322,5927
95839.757570,5928
95839.773313,5929
95839.792786,5930
95839.809700,5931
95839.825057,5932
95839.841325,5933
95839.856984,5934
95839.871998,5935
95839.887654,5936
95839.903693,5937
95839.922300,5938
95839.938879,5939
95839.949308,5940
95839.959529,5941
95839.973233,5942
95839.992329,5943
95840.007482,5944
95840.024699,5945
95840.039196,5946
95840.055584,5947
95840.073626,5948
95840.083436,5949
95840.101105,5950
95840.119126,5951
95840.136769,5952
95840.151602,5953
95840.168904,5954
95840.182045,5955
95840.197053,5956
95840.212654,5957
95840.227711,5958
95840.243373,5959
95840.258623,5960
95840.273527,5961
95840.289536,5962
95840.305541,5963
95840.321999,5964
95840.337201,5965
95840.353381,5966
95840.369250,5967
95840.385262,5968
95840.402417,5969
95840.418311,5970
95840.433096,5971
95840.450203,5972
95840.465271,5973
95840.481581,5974
95840.494857,5975
95840.511716,5976
95840.529050,5977
95840.544077,5978
95840.558904,5979
95840.575557,5980
95840.592168,5981
95840.608266,5982
95840.624241,5983
95840.639171,5984
95840.652516,5985
95840.667455,5986
95840.680761,5987
95840.694553,5988
95840.711500,5989
95840.727750,5990
95840.743716,5991
95840.756492,5992
95840.770326,5993
95840.786730,5994
95840.803608,5995
95840.820779,5996
95840.835774,5997
95840.853535,5998
95840.868071,5999
95844.798847,6000
95844.814805,6001
95844.831215,6002
95844.847205,6003
95844.862767,6004
95844.874658,6005
95844.888506,6006
95844.902534,6007
95844.915996,6008
95844.931359,6009
95844.947501,6010
95844.963394,6011
95844.978731,6012
95844.994243,6013
95845.007218,6014
95845.021870,6015
95845.035297,6016
95845.048242,6017
95845.063377,6018
95845.078179,6019
95845.093485,6020
95845.109291,6021
95845.124475,6022
95845.138902,6023
95845.154733,6024
95845.168429,6025
95845.184694,6026
95845.195669,6027
95845.209109,6028
95845.223511,6029
95845.239458,6030
95845.255182,6031
95845.266712,6032
95845.279535,6033
95845.294549,6034
95845.306175,6035
95845.322764,6036
95845.338754,6037
95845.354253,6038
95845.370149,6039
95845.381698,6040
95845.397534,6041
95845.413031,6042
95845.428255,6043
95845.443221,6044
95845.458412,6045
95845.473385,6046
95845.487833,6047
95845.505426,6048
95845.519378,6049
95845.534514,6050
95845.548387,6051
95845.564375,6052
95845.576515,6053
95845.592066,6054
95845.605826,6055
95845.618671,6056
95845.633932,6057
95845.646400,6058
95845.661655,6059
95845.677510,6060
95845.692977,6061
95845.708527,6062
95845.724429,6063
95845.738547,6064
95845.750847,6065
95845.766739,6066
95845.779714,6067
95845.795093,6068
95845.810991,6069
95845.826536,6070
95845.840517,6071
95845.855571,6072
95845.871402,6073
95845.888400,6074
95845.903578,6075
95845.919347,6076
95845.934585,6077
95845.949747,6078
95845.962341,6079
95845.977337,6080
95845.993222,6081
95846.009527,6082
95846.025569,6083
95846.041072,6084
95846.056899,6085
95846.068461,6086
95846.080769,6087
95846.096167,6088
95846.111910,6089
95846.127650,6090
95846.142218,6091
95846.158492,6092
95846.174384,6093
95846.189524,6094
95846.205704,6095
95846.221587,6096
95846.237606,6097
95846.249644,6098
95846.265692,6099
95846.283926,6100
95846.299605,6101
95846.316202,6102
95846.330688,6103
95846.345689,6104
95846.362744,6105
95846.373498,6106
95846.388388,6107
95846.399072,6108
95846.410472,6109
95846.426769,6110
95846.442486,6111
95846.453726,6112
95846.470855,6113
95846.482304,6114
95846.497202,6115
95846.511417,6116
95846.527461,6117
95846.542761,6118
95846.558195,6119
95846.572304,6120
95846.587006,6121
95846.603995,6122
95846.620096,6123
95846.635632,6124
95846.651006,6125
95846.666378,6126
95846.678429,6127
95846.694281,6128
95846.708737,6129
95846.723269,6130
95846.735185,6131
95846.748868,6132
95846.762231,6133
95846.778405,6134
95846.795069,6135
95846.811920,6136
95846.828035,6137
95846.843821,6138
95846.859457,6139
95846.875732,6140
95846.891871,6141
95846.909371,6142
95846.926319,6143
95846.938907,6144
95846.950207,6145
95846.961526,6146
95846.977247,6147
95846.992527,6148
95847.008273,6149
95847.023638,6150
95847.041085,6151
95847.057666,6152
95847.075492,6153
95847.087129,6154
95847.102572,6155
95847.117546,6156
95847.130120,6157
95847.140687,6158
95847.152195,6159
95847.163334,6160
95847.180652,6161
95847.197176,6162
95847.214410,6163
95847.225357,6164
95847.241885,6165
95847.256360,6166
95847.272763,6167
95847.289064,6168
95847.305061,6169
95847.321511,6170
95847.338791,6171
95847.354168,6172
95847.369448,6173
95847.384440,6174
95847.398743,6175
95847.412699,6176
95847.424213,6177
95847.439460,6178
95847.454530,6179
95847.469736,6180
95847.485817,6181
95847.503244,6182
95847.517985,6183
95847.531613,6184
95847.547704,6185
95847.563670,6186
95847.576392,6187
95847.594856,6188
95847.612383,6189
95847.628844,6190
95847.645744,6191
95847.664257,6192
95847.681422,6193
95847.699131,6194
95847.710756,6195
95847.727346,6196
95847.745600,6197
95847.763027,6198
95847.779611,6199
95847.800410,6200
95847.816950,6201
95847.834016,6202
95847.850014,6203
95847.862714,6204
95847.874021,6205
95847.887752,6206
95847.903015,6207
95847.917738,6208
95847.934326,6209
95847.949454,6210
95847.964095,6211
95847.984589,6212
95847.999039,6213
95848.014068,6214
95848.029488,6215
95848.041664,6216
95848.052305,6217
95848.067398,6218
95848.083941,6219
95848.101614,6220
95848.117363,6221
95848.133848,6222
95848.147738,6223
95848.159128,6224
95848.173693,6225
95848.190132,6226
95848.205942,6227
95848.221818,6228
95848.237579,6229
95848.254505,6230
95848.270836,6231
95848.285366,6232
95848.300921,6233
95848.317073,6234
95848.332733,6235
95848.345255,6236
95848.360486,6237
95848.375542,6238
95848.390099,6239
95848.402066,6240
95848.418252,6241
95848.433281,6242
95848.447070,6243
95848.462048,6244
95848.477797,6245
95848.492207,6246
95848.507691,6247
95848.523515,6248
95848.537413,6249
95852.472878,6250
95852.488793,6251
95852.506534,6252
95852.524281,6253
95852.542218,6254
95852.560024,6255
95852.578439,6256
95852.595929,6257
95852.617596,6258
95852.637408,6259
95852.655282,6260
95852.673243,6261
95852.691452,6262
95852.707795,6263
95852.723964,6264
95852.743252,6265
95852.760369,6266
95852.775124,6267
95852.791842,6268
95852.807524,6269
95852.823698,6270
95852.840879,6271
95852.857441,6272
95852.873609,6273
95852.890356,6274
95852.907350,6275
95852.922878,6276
95852.940922,6277
95852.959218,6278
95852.974860,6279
95852.992506,6280
95853.011049,6281
95853.029126,6282
95853.045506,6283
95853.063408,6284
95853.080692,6285
95853.097637,6286
95853.115637,6287
95853.132006,6288
95853.150372,6289
95853.167517,6290
95853.185827,6291
95853.204666,6292
95853.221844,6293
95853.239422,6294
95853.256665,6295
95853.273675,6296
95853.290917,6297
95853.309350,6298
95853.328549,6299
95853.346167,6300
95853.363843,6301
95853.379358,6302
95853.395828,6303
95853.412292,6304
95853.429267,6305
95853.445474,6306
95853.462975,6307
95853.479836,6308
95853.496487,6309
95853.513390,6310
95853.530708,6311
95853.546279,6312
95853.563228,6313
95853.579644,6314
95853.598327,6315
95853.616320,6316
95853.632231,6317
95853.648239,6318
95853.666155,6319
95853.683723,6320
95853.700700,6321
95853.718652,6322
95853.735363,6323
95853.752936,6324
95853.770870,6325
95853.788280,6326
95853.804707,6327
95853.823007,6328
95853.840773,6329
95853.857574,6330
95853.875743,6331
95853.892706,6332
95853.909781,6333
95853.927570,6334
95853.944899,6335
95853.961967,6336
95853.980006,6337
95853.998278,6338
95854.014613,6339
95854.031585,6340
95854.049059,6341
95854.067273,6342
95854.083855,6343
95854.101321,6344
95854.118482,6345
95854.134878,6346
95854.150572,6347
95854.167426,6348
95854.184384,6349
95854.203820,6350
95854.219487,6351
95854.235067,6352
95854.251322,6353
95854.267766,6354
95854.282480,6355
95854.297489,6356
95854.313055,6357
95854.331086,6358
95854.346379,6359
95854.363634,6360
95854.379165,6361
95854.393282,6362
95854.406958,6363
95854.422804,6364
95854.439084,6365
95854.456099,6366
95854.470059,6367
95854.485352,6368
95854.501221,6369
95854.516034,6370
95854.533609,6371
95854.550157,6372
95854.567276,6373
95854.583877,6374
95854.601343,6375
95854.618024,6376
95854.635349,6377
95854.651976,6378
95854.669271,6379
95854.684325,6380
95854.700530,6381
95854.716609,6382
95854.733935,6383
95854.750529,6384
95854.766226,6385
95854.782562,6386
95854.798364,6387
95854.814347,6388
95854.830263,6389
95854.844193,6390
95854.859225,6391
95854.874486,6392
95854.889858,6393
95854.906995,6394
95854.923505,6395
95854.941456,6396
95854.955848,6397
95854.971918,6398
95854.987952,6399
95855.006274,6400
95855.022855,6401
95855.038097,6402
95855.054405,6403
95855.070868,6404
95855.085957,6405
95855.102263,6406
95855.119287,6407
95855.134709,6408
95855.149028,6409
95855.164550,6410
95855.180275,6411
95855.195921,6412
95855.209830,6413
95855.226168,6414
95855.242149,6415
95855.256079,6416
95855.270850,6417
95855.290372,6418
95855.313539,6419
95855.329348,6420
95855.344398,6421
95855.361990,6422
95855.378385,6423
95855.394222,6424
95855.409694,6425
95855.426127,6426
95855.442311,6427
95855.459214,6428
95855.475750,6429
95855.491189,6430
95855.505059,6431
95855.521279,6432
95855.536627,6433
95855.552704,6434
95855.569503,6435
95855.586365,6436
95855.602956,6437
95855.619722,6438
95855.635423,6439
95855.650441,6440
95855.665948,6441
95855.681441,6442
95855.697208,6443
95855.712723,6444
95855.728638,6445
95855.744401,6446
95855.759898,6447
95855.774551,6448
95855.790575,6449
95855.809738,6450
95855.825190,6451
95855.840873,6452
95855.856437,6453
95855.872195,6454
95855.886448,6455
95855.902227,6456
95855.917993,6457
95855.933386,6458
95855.948158,6459
95855.962711,6460
95855.976152,6461
95855.991057,6462
95856.006757,6463
95856.022089,6464
95856.038405,6465
95856.053301,6466
95856.068538,6467
95856.083579,6468
95856.099289,6469
95856.114287,6470
95856.130509,6471
95856.145902,6472
95856.162114,6473
95856.177691,6474
95856.191867,6475
95856.206783,6476
95856.221407,6477
95856.237024,6478
95856.253243,6479
95856.269425,6480
95856.285419,6481
95856.300748,6482
95856.317447,6483
95856.334633,6484
95856.350717,6485
95856.365758,6486
95856.380049,6487
95856.395807,6488
95856.410419,6489
95856.426351,6490
95856.441921,6491
95856.459060,6492
95856.474454,6493
95856.490324,6494
95856.506276,6495
95856.522413,6496
95856.537477,6497
95856.552221,6498
95856.567881,6499
95858.743883,6750
95858.754504,6751
95858.764015,6752
95858.773879,6753
95858.784197,6754
95858.793491,6755
95858.803503,6756
95858.813044,6757
95858.823044,6758
95858.833194,6759
95858.842822,6760
95858.852040,6761
95858.861722,6762
95858.871722,6763
95858.881402,6764
95858.891287,6765
95858.901204,6766
95858.910454,6767
95858.920657,6768
95858.930755,6769
95858.940378,6770
95858.950222,6771
95858.960805,6772
95858.970494,6773
95858.980591,6774
95858.991295,6775
95859.001595,6776
95859.011496,6777
95859.021448,6778
95859.031325,6779
95859.041387,6780
95859.050787,6781
95859.060604,6782
95859.070202,6783
95859.079949,6784
95859.090553,6785
95859.100721,6786
95859.111077,6787
95859.121129,6788
95859.131400,6789
95859.141048,6790
95859.150521,6791
95859.160404,6792
95859.170226,6793
95859.180363,6794
95859.189768,6795
95859.199675,6796
95859.209216,6797
95859.218936,6798
95859.228706,6799
95859.241741,6800
95859.251409,6801
95859.262326,6802
95859.272768,6803
95859.284751,6804
95859.295073,6805
95859.306011,6806
95859.319747,6807
95859.331417,6808
95859.342045,6809
95859.352492,6810
95859.362645,6811
95859.373306,6812
95859.383638,6813
95859.393859,6814
95859.403684,6815
95859.414221,6816
95859.424512,6817
95859.434937,6818
95859.444895,6819
95859.455644,6820
95859.465734,6821
95859.475871,6822
95859.486317,6823
95859.496496,6824
95859.506527,6825
95859.516460,6826
95859.527789,6827
95859.537768,6828
95859.548220,6829
95859.558368,6830
95859.569058,6831
95859.579476,6832
95859.590397,6833
95859.601498,6834
95859.611879,6835
95859.622541,6836
95859.632527,6837
95859.642733,6838
95859.652824,6839
95859.662801,6840
95859.673367,6841
95859.683462,6842
95859.693344,6843
95859.703131,6844
95859.713000,6845
95859.722911,6846
95859.732546,6847
95859.743732,6848
95859.753344,6849
95859.763518,6850
95859.772930,6851
95859.782715,6852
95859.792293,6853
95859.802014,6854
95859.812076,6855
95859.821973,6856
95859.831515,6857
95859.841216,6858
95859.850755,6859
95859.860861,6860
95859.870393,6861
95859.880380,6862
95859.889764,6863
95859.899574,6864
95859.909784,6865
95859.919645,6866
95859.929920,6867
95859.939629,6868
95859.949821,6869
95859.959475,6870
95859.968910,6871
95859.979252,6872
95859.989580,6873
95860.000112,6874
95860.009896,6875
95860.020602,6876
95860.030067,6877
95860.039871,6878
95860.049471,6879
95860.059346,6880
95860.069298,6881
95860.079276,6882
95860.089739,6883
95860.099870,6884
95860.110809,6885
95860.121009,6886
95860.131624,6887
95860.141572,6888
95860.150762,6889
95860.160693,6890
95860.170382,6891
95860.180747,6892
95860.190430,6893
95860.200906,6894
95860.210301,6895
95860.219981,6896
95860.230010,6897
95860.239828,6898
95860.249839,6899
95860.262399,6900
95860.271783,6901
95860.281275,6902
95860.292072,6903
95860.303048,6904
95860.313749,6905
95860.323774,6906
95860.333591,6907
95860.343460,6908
95860.353731,6909
95860.363237,6910
95860.373100,6911
95860.383380,6912
95860.392832,6913
95860.403097,6914
95860.412516,6915
95860.423235,6916
95860.432555,6917
95860.442534,6918
95860.452250,6919
95860.461993,6920
95860.472197,6921
95860.482032,6922
95860.491466,6923
95860.501054,6924
95860.510982,6925
95860.521280,6926
95860.530854,6927
95860.540764,6928
95860.550028,6929
95860.559685,6930
95860.569791,6931
95860.579565,6932
95860.589378,6933
95860.599124,6934
95860.608815,6935
95860.619057,6936
95860.628601,6937
95860.638824,6938
95860.648699,6939
95860.658318,6940
95860.667894,6941
95860.677872,6942
95860.687945,6943
95860.698281,6944
95860.708391,6945
95860.718826,6946
95860.729288,6947
95860.739233,6948
95860.749090,6949
95860.759945,6950
95860.769268,6951
95860.778892,6952
95860.788625,6953
95860.799185,6954
95860.808633,6955
95860.819241,6956
95860.828685,6957
95860.838358,6958
95860.848195,6959
95860.858121,6960
95860.868214,6961
95860.877973,6962
95860.887180,6963
95860.897387,6964
95860.907267,6965
95860.917771,6966
95860.927656,6967
95860.937932,6968
95860.947472,6969
95860.957964,6970
95860.967469,6971
95860.977795,6972
95860.987568,6973
95860.997775,6974
95861.007634,6975
95861.017471,6976
95861.027962,6977
95861.038410,6978
95861.048702,6979
95861.058463,6980
95861.068704,6981
95861.078355,6982
95861.087885,6983
95861.097921,6984
95861.107600,6985
95861.118244,6986
95861.128340,6987
95861.139549,6988
95861.149429,6989
95861.159780,6990
95861.169117,6991
95861.178520,6992
95861.188446,6993
95861.200288,6994
95861.211333,6995
95861.222944,6996
95861.232644,6997
95861.243030,6998
95861.252430,6999
95865.058417,7000
95865.075363,7001
95865.086301,7002
95865.098225,7003
95865.113444,7004
95865.129672,7005
95865.140840,7006
95865.157209,7007
95865.168998,7008
95865.180380,7009
95865.190026,7010
95865.200115,7011
95865.215612,7012
95865.231659,7013
95865.246798,7014
95865.263952,7015
95865.281569,7016
95865.298580,7017
95865.310086,7018
95865.323746,7019
95865.340605,7020
95865.352596,7021
95865.361948,7022
95865.371110,7023
95865.383416,7024
95865.393270,7025
95865.408676,7026
95865.425106,7027
95865.441522,7028
95865.456788,7029
95865.468683,7030
95865.479597,7031
95865.494005,7032
95865.505013,7033
95865.519788,7034
95865.530220,7035
95865.540526,7036
95865.556032,7037
95865.571825,7038
95865.587703,7039
95865.600088,7040
95865.615794,7041
95865.631110,7042
95865.647611,7043
95865.661976,7044
95865.674288,7045
95865.685613,7046
95865.696448,7047
95865.709913,7048
95865.725253,7049
95865.742538,7050
95865.756204,7051
95865.769641,7052
95865.786660,7053
95865.801555,7054
95865.817409,7055
95865.827845,7056
95865.842599,7057
95865.853012,7058
95865.868693,7059
95865.884278,7060
95865.898524,7061
95865.911799,7062
95865.922533,7063
95865.936207,7064
95865.946563,7065
95865.962804,7066
95865.974627,7067
95865.984155,7068
95866.000708,7069
95866.010906,7070
95866.028844,7071
95866.039477,7072
95866.055865,7073
95866.068737,7074
95866.078961,7075
95866.091281,7076
95866.107205,7077
95866.122842,7078
95866.133461,7079
95866.144894,7080
95866.160681,7081
95866.170865,7082
95866.186696,7083
95866.202504,7084
95866.218908,7085
95866.229243,7086
95866.241923,7087
95866.253479,7088
95866.269569,7089
95866.284177,7090
95866.299742,7091
95866.309334,7092
95866.324874,7093
95866.339549,7094
95866.355201,7095
95866.371121,7096
95866.382977,7097
95866.398632,7098
95866.409101,7099
95866.424693,7100
95866.440483,7101
95866.455921,7102
95866.470673,7103
95866.486821,7104
95866.498457,7105
95866.508631,7106
95866.523539,7107
95866.533596,7108
95866.547737,7109
95866.557628,7110
95866.571293,7111
95866.586082,7112
95866.597922,7113
95866.613485,7114
95866.623753,7115
95866.633940,7116
95866.648565,7117
95866.664684,7118
95866.679736,7119
95866.693300,7120
95866.713839,7121
95866.729272,7122
95866.738776,7123
95866.751028,7124
95866.767408,7125
95866.776798,7126
95866.790754,7127
95866.801298,7128
95866.811570,7129
95866.821461,7130
95866.832147,7131
95866.842292,7132
95866.854254,7133
95866.866371,7134
95866.881044,7135
95866.897702,7136
95866.907165,7137
95866.917791,7138
95866.926796,7139
95866.942246,7140
95866.953925,7141
95866.970778,7142
95866.981323,7143
95866.991852,7144
95867.005788,7145
95867.020529,7146
95867.035450,7147
95867.045706,7148
95867.061351,7149
95867.079485,7150
95867.090736,7151
95867.102988,7152
95867.118828,7153
95867.134382,7154
95867.144003,7155
95867.153842,7156
95867.164208,7157
95867.175375,7158
95867.191358,7159
95867.204632,7160
95867.218963,7161
95867.229814,7162
95867.240340,7163
95867.255794,7164
95867.266526,7165
95867.281481,7166
95867.296010,7167
95867.305612,7168
95867.315674,7169
95867.330465,7170
95867.346402,7171
95867.360346,7172
95867.374400,7173
95867.389222,7174
95867.399494,7175
95867.414726,7176
95867.430672,7177
95867.446467,7178
95867.461923,7179
95867.472848,7180
95867.484579,7181
95867.500416,7182
95867.510689,7183
95867.521696,7184
95867.537445,7185
95867.552366,7186
95867.564254,7187
95867.579724,7188
95867.593040,7189
95867.603395,7190
95867.619202,7191
95867.634240,7192
95867.648991,7193
95867.664226,7194
95867.680910,7195
95867.697241,7196
95867.712320,7197
95867.726365,7198
95867.736910,7199
95867.752209,7200
95867.767614,7201
95867.780497,7202
95867.790543,7203
95867.799868,7204
95867.809452,7205
95867.818801,7206
95867.834226,7207
95867.849623,7208
95867.860276,7209
95867.876699,7210
95867.891806,7211
95867.907485,7212
95867.922953,7213
95867.938228,7214
95867.954015,7215
95867.966658,7216
95867.982357,7217
95867.996818,7218
95868.012159,7219
95868.022443,7220
95868.038025,7221
95868.053933,7222
95868.066739,7223
95868.080753,7224
95868.092730,7225
95868.107252,7226
95868.123104,7227
95868.133098,7228
95868.149046,7229
95868.162369,7230
95868.178322,7231
95868.189305,7232
95868.198821,7233
95868.214655,7234
95868.225330,7235
95868.239215,7236
95868.248810,7237
95868.264334,7238
95868.277339,7239
95868.293247,7240
95868.306620,7241
95868.322476,7242
95868.338036,7243
95868.348427,7244
95868.363292,7245
95868.379445,7246
95868.394816,7247
95868.404251,7248
95868.419525,7249
95872.272341,7250
95872.289340,7251
95872.305722,7252
95872.317040,7253
95872.332829,7254
95872.348164,7255
95872.364348,7256
95872.378451,7257
95872.394277,7258
95872.410600,7259
95872.426422,7260
95872.443986,7261
95872.459558,7262
95872.471943,7263
95872.488392,7264
95872.501961,7265
95872.511958,7266
95872.528593,7267
95872.544033,7268
95872.556698,7269
95872.572825,7270
95872.583578,7271
95872.593937,7272
95872.604734,7273
95872.616881,7274
95872.629649,7275
95872.640049,7276
95872.654236,7277
95872.668569,7278
95872.678596,7279
95872.694536,7280
95872.706433,7281
95872.720644,7282
95872.736876,7283
95872.746804,7284
95872.760404,7285
95872.773160,7286
95872.785706,7287
95872.798759,7288
95872.811661,7289
95872.828550,7290
95872.842267,7291
95872.857380,7292
95872.872988,7293
95872.889260,7294
95872.905259,7295
95872.918971,7296
95872.935621,7297
95872.954077,7298
95872.973755,7299
95872.989748,7300
95873.003891,7301
95873.018709,7302
95873.032509,7303
95873.045659,7304
95873.060755,7305
95873.075429,7306
95873.090598,7307
95873.103722,7308
95873.118651,7309
95873.134114,7310
95873.147617,7311
95873.162282,7312
95873.177979,7313
95873.193437,7314
95873.206165,7315
95873.221877,7316
95873.235347,7317
95873.249384,7318
95873.263795,7319
95873.277305,7320
95873.293141,7321
95873.308880,7322
95873.324010,7323
95873.337105,7324
95873.347606,7325
95873.363384,7326
95873.378808,7327
95873.392166,7328
95873.407250,7329
95873.418481,7330
95873.434493,7331
95873.444544,7332
95873.460158,7333
95873.475734,7334
95873.485393,7335
95873.500741,7336
95873.516083,7337
95873.526544,7338
95873.540750,7339
95873.555885,7340
95873.568303,7341
95873.583867,7342
95873.599136,7343
95873.614222,7344
95873.625048,7345
95873.635733,7346
95873.650505,7347
95873.665690,7348
95873.681673,7349
95873.692377,7350
95873.708346,7351
95873.723262,7352
95873.738739,7353
95873.754039,7354
95873.769609,7355
95873.782601,7356
95873.796692,7357
95873.812585,7358
95873.827491,7359
95873.842364,7360
95873.853165,7361
95873.868295,7362
95873.880773,7363
95873.896175,7364
95873.911265,7365
95873.926396,7366
95873.943046,7367
95873.956580,7368
95873.973624,7369
95873.989474,7370
95874.004288,7371
95874.019109,7372
95874.032715,7373
95874.046333,7374
95874.060317,7375
95874.071173,7376
95874.086212,7377
95874.101274,7378
95874.115362,7379
95874.125377,7380
95874.138770,7381
95874.153220,7382
95874.168236,7383
95874.182872,7384
95874.193244,7385
95874.206051,7386
95874.219559,7387
95874.233676,7388
95874.249470,7389
95874.259595,7390
95874.274818,7391
95874.289383,7392
95874.300676,7393
95874.316275,7394
95874.331109,7395
95874.347204,7396
95874.360667,7397
95874.370397,7398
95874.384223,7399
95874.399687,7400
95874.414657,7401
95874.429194,7402
95874.445543,7403
95874.460751,7404
95874.474927,7405
95874.491255,7406
95874.502985,7407
95874.519866,7408
95874.530526,7409
95874.545898,7410
95874.560928,7411
95874.575381,7412
95874.589660,7413
95874.608158,7414
95874.624462,7415
95874.638680,7416
95874.651284,7417
95874.669087,7418
95874.686100,7419
95874.701669,7420
95874.717749,7421
95874.730973,7422
95874.746600,7423
95874.759541,7424
95874.769907,7425
95874.783832,7426
95874.798730,7427
95874.809535,7428
95874.823706,7429
95874.838512,7430
95874.854784,7431
95874.870074,7432
95874.880920,7433
95874.891418,7434
95874.907276,7435
95874.922419,7436
95874.937710,7437
95874.951747,7438
95874.966247,7439
95874.978702,7440
95874.991827,7441
95875.007076,7442
95875.022821,7443
95875.038446,7444
95875.047817,7445
95875.062317,7446
95875.072176,7447
95875.089207,7448
95875.102317,7449
95875.114852,7450
95875.130427,7451
95875.142624,7452
95875.152638,7453
95875.168293,7454
95875.186674,7455
95875.197416,7456
95875.213413,7457
95875.227616,7458
95875.242956,7459
95875.253023,7460
95875.264092,7461
95875.283904,7462
95875.297896,7463
95875.311655,7464
95875.325640,7465
95875.339655,7466
95875.357056,7467
95875.371357,7468
95875.388087,7469
95875.403788,7470
95875.414114,7471
95875.427676,7472
95875.444970,7473
95875.460117,7474
95875.470526,7475
95875.482376,7476
95875.493244,7477
95875.509745,7478
95875.525739,7479
95875.544249,7480
95875.560268,7481
95875.574845,7482
95875.595673,7483
95875.617602,7484
95875.635424,7485
95875.654890,7486
95875.672318,7487
95875.683201,7488
95875.701127,7489
95875.717576,7490
95875.731140,7491
95875.745624,7492
95875.759249,7493
95875.774627,7494
95875.790778,7495
95875.809187,7496
95875.826131,7497
95875.842061,7498
95875.854766,7499
95879.504170,7500
95879.521340,7501
95879.538440,7502
95879.558404,7503
95879.575073,7504
95879.593898,7505
95879.611684,7506
95879.629121,7507
95879.646697,7508
95879.662612,7509
95879.679615,7510
95879.697273,7511
95879.712672,7512
95879.728545,7513
95879.745872,7514
95879.762452,7515
95879.777182,7516
95879.796187,7517
95879.813481,7518
95879.830348,7519
95879.848615,7520
95879.867252,7521
95879.885221,7522
95879.904276,7523
95879.919645,7524
95879.934715,7525
95879.951528,7526
95879.969568,7527
95879.987865,7528
95880.004151,7529
95880.021707,7530
95880.039245,7531
95880.057214,7532
95880.073194,7533
95880.090840,7534
95880.106475,7535
95880.121846,7536
95880.138906,7537
95880.155270,7538
95880.173159,7539
95880.192623,7540
95880.211808,7541
95880.230450,7542
95880.251581,7543
95880.270595,7544
95880.288228,7545
95880.303234,7546
95880.319592,7547
95880.335538,7548
95880.352837,7549
95880.372556,7550
95880.389370,7551
95880.405827,7552
95880.420303,7553
95880.437169,7554
95880.454208,7555
95880.469184,7556
95880.486332,7557
95880.505578,7558
95880.521404,7559
95880.536072,7560
95880.549890,7561
95880.570789,7562
95880.586384,7563
95880.604239,7564
95880.620501,7565
95880.636401,7566
95880.651916,7567
95880.666571,7568
95880.681385,7569
95880.698317,7570
95880.711897,7571
95880.728473,7572
95880.750990,7573
95880.765124,7574
95880.779891,7575
95880.795656,7576
95880.811119,7577
95880.827669,7578
95880.842599,7579
95880.858221,7580
95880.874657,7581
95880.895615,7582
95880.912036,7583
95880.927313,7584
95880.943887,7585
95880.957682,7586
95880.974443,7587
95880.990897,7588
95881.006927,7589
95881.026866,7590
95881.040399,7591
95881.057451,7592
95881.073431,7593
95881.087729,7594
95881.104527,7595
95881.118462,7596
95881.132753,7597
95881.147029,7598
95881.163271,7599
95881.178198,7600
95881.193982,7601
95881.208427,7602
95881.223779,7603
95881.240135,7604
95881.255841,7605
95881.269726,7606
95881.286160,7607
95881.302436,7608
95881.320285,7609
95881.335973,7610
95881.351218,7611
95881.369997,7612
95881.384672,7613
95881.405326,7614
95881.421019,7615
95881.438511,7616
95881.459456,7617
95881.475403,7618
95881.492126,7619
95881.508325,7620
95881.523276,7621
95881.537908,7622
95881.556392,7623
95881.571730,7624
95881.589869,7625
95881.610919,7626
95881.627787,7627
95881.645526,7628
95881.661027,7629
95881.675853,7630
95881.691576,7631
95881.710705,7632
95881.726484,7633
95881.743665,7634
95881.760154,7635
95881.776402,7636
95881.794462,7637
95881.809242,7638
95881.823777,7639
95881.840496,7640
95881.856611,7641
95881.872310,7642
95881.888430,7643
95881.908679,7644
95881.928821,7645
95881.945013,7646
95881.963179,7647
95881.977013,7648
95881.992743,7649
95882.012535,7650
95882.027540,7651
95882.047996,7652
95882.068829,7653
95882.083717,7654
95882.104546,7655
95882.125962,7656
95882.142638,7657
95882.157614,7658
95882.173803,7659
95882.190879,7660
95882.205167,7661
95882.219760,7662
95882.235791,7663
95882.250728,7664
95882.265523,7665
95882.280206,7666
95882.295640,7667
95882.310271,7668
95882.330675,7669
95882.354112,7670
95882.367919,7671
95882.383084,7672
95882.402688,7673
95882.420049,7674
95882.434299,7675
95882.447913,7676
95882.470818,7677
95882.485696,7678
95882.501287,7679
95882.517972,7680
95882.536994,7681
95882.559974,7682
95882.578173,7683
95882.595625,7684
95882.611207,7685
95882.627061,7686
95882.648744,7687
95882.666411,7688
95882.684052,7689
95882.699724,7690
95882.714749,7691
95882.730372,7692
95882.753010,7693
95882.768981,7694
95882.787339,7695
95882.801790,7696
95882.818549,7697
95882.832529,7698
95882.848479,7699
95882.863611,7700
95882.879032,7701
95882.900921,7702
95882.915346,7703
95882.931539,7704
95882.954747,7705
95882.971644,7706
95882.995466,7707
95883.015040,7708
95883.029720,7709
95883.047430,7710
95883.071393,7711
95883.086755,7712
95883.103338,7713
95883.117594,7714
95883.135321,7715
95883.156427,7716
95883.170716,7717
95883.194735,7718
95883.210398,7719
95883.232942,7720
95883.252422,7721
95883.268895,7722
95883.286567,7723
95883.310866,7724
95883.325331,7725
95883.341830,7726
95883.364732,7727
95883.380374,7728
95883.401638,7729
95883.417748,7730
95883.433666,7731
95883.450143,7732
95883.464497,7733
95883.480373,7734
95883.496223,7735
95883.513135,7736
95883.533551,7737
95883.548357,7738
95883.563808,7739
95883.583934,7740
95883.599982,7741
95883.615677,7742
95883.637781,7743
95883.655339,7744
95883.671736,7745
95883.692992,7746
95883.713559,7747
95883.728946,7748
95883.743922,7749
95886.997707,7750
95887.011983,7751
95887.026117,7752
95887.039594,7753
95887.052503,7754
95887.064521,7755
95887.076925,7756
95887.089739,7757
95887.102191,7758
95887.114809,7759
95887.126610,7760
95887.139007,7761
95887.151156,7762
95887.163649,7763
95887.174948,7764
95887.187570,7765
95887.199479,7766
95887.210398,7767
95887.221947,7768
95887.234122,7769
95887.245073,7770
95887.256771,7771
95887.269312,7772
95887.280428,7773
95887.291568,7774
95887.303411,7775
95887.314879,7776
95887.326322,7777
95887.338506,7778
95887.351543,7779
95887.362535,7780
95887.373834,7781
95887.386502,7782
95887.397745,7783
95887.409762,7784
95887.421960,7785
95887.432607,7786
95887.444415,7787
95887.456026,7788
95887.467143,7789
95887.479253,7790
95887.490962,7791
95887.501813,7792
95887.513729,7793
95887.526102,7794
95887.539311,7795
95887.550623,7796
95887.562042,7797
95887.574693,7798
95887.586942,7799
95887.601783,7800
95887.613398,7801
95887.624966,7802
95887.637143,7803
95887.649925,7804
95887.662894,7805
95887.673864,7806
95887.685829,7807
95887.699531,7808
95887.711670,7809
95887.722916,7810
95887.735186,7811
95887.748473,7812
95887.760615,7813
95887.771967,7814
95887.783747,7815
95887.796304,7816
95887.808117,7817
95887.819315,7818
95887.831365,7819
95887.846356,7820
95887.859329,7821
95887.871803,7822
95887.883495,7823
95887.895062,7824
95887.907796,7825
95887.920143,7826
95887.931605,7827
95887.943710,7828
95887.956701,7829
95887.968025,7830
95887.979902,7831
95887.991239,7832
95888.002495,7833
95888.014138,7834
95888.027473,7835
95888.039881,7836
95888.052926,7837
95888.064860,7838
95888.076899,7839
95888.090760,7840
95888.104527,7841
95888.116096,7842
95888.127684,7843
95888.138973,7844
95888.150453,7845
95888.161767,7846
95888.173904,7847
95888.185667,7848
95888.196705,7849
95888.208522,7850
95888.221334,7851
95888.234936,7852
95888.247782,7853
95888.258617,7854
95888.270198,7855
95888.282966,7856
95888.296814,7857
95888.307328,7858
95888.318792,7859
95888.331586,7860
95888.342738,7861
95888.354359,7862
95888.366297,7863
95888.377440,7864
95888.388841,7865
95888.401076,7866
95888.411959,7867
95888.423637,7868
95888.435940,7869
95888.446632,7870
95888.458029,7871
95888.470976,7872
95888.481757,7873
95888.493387,7874
95888.506362,7875
95888.517350,7876
95888.528580,7877
95888.539521,7878
95888.551314,7879
95888.562081,7880
95888.574593,7881
95888.585630,7882
95888.597966,7883
95888.609677,7884
95888.620733,7885
95888.631942,7886
95888.643449,7887
95888.654414,7888
95888.667025,7889
95888.677822,7890
95888.688958,7891
95888.700708,7892
95888.712140,7893
95888.724375,7894
95888.736289,7895
95888.748497,7896
95888.760679,7897
95888.772733,7898
95888.783674,7899
95888.799494,7900
95888.811909,7901
95888.823916,7902
95888.835380,7903
95888.845908,7904
95888.858053,7905
95888.868798,7906
95888.881912,7907
95888.893605,7908
95888.905660,7909
95888.916552,7910
95888.928409,7911
95888.940928,7912
95888.951860,7913
95888.961398,7914
95888.970868,7915
95888.980254,7916
95888.993472,7917
95889.005780,7918
95889.016738,7919
95889.027943,7920
95889.040776,7921
95889.052326,7922
95889.064038,7923
95889.075953,7924
95889.087096,7925
95889.098051,7926
95889.110311,7927
95889.122059,7928
95889.133683,7929
95889.144838,7930
95889.155321,7931
95889.167458,7932
95889.178873,7933
95889.188907,7934
95889.198528,7935
95889.208141,7936
95889.217866,7937
95889.227874,7938
95889.240640,7939
95889.252021,7940
95889.264898,7941
95889.276318,7942
95889.287495,7943
95889.299416,7944
95889.311779,7945
95889.323608,7946
95889.334800,7947
95889.346532,7948
95889.358628,7949
95889.369915,7950
95889.381668,7951
95889.393975,7952
95889.405545,7953
95889.417343,7954
95889.429310,7955
95889.440271,7956
95889.452091,7957
95889.464155,7958
95889.476435,7959
95889.487850,7960
95889.498783,7961
95889.509867,7962
95889.521112,7963
95889.533176,7964
95889.545999,7965
95889.556936,7966
95889.568360,7967
95889.580768,7968
95889.592450,7969
95889.605334,7970
95889.618029,7971
95889.630766,7972
95889.642116,7973
95889.653816,7974
95889.665066,7975
95889.677603,7976
95889.688448,7977
95889.699993,7978
95889.710887,7979
95889.721605,7980
95889.731395,7981
95889.741941,7982
95889.751491,7983
95889.761278,7984
95889.770807,7985
95889.780422,7986
95889.789799,7987
95889.800364,7988
95889.810098,7989
95889.821046,7990
95889.832638,7991
95889.843930,7992
95889.854696,7993
95889.865889,7994
95889.877886,7995
95889.889281,7996
95889.900938,7997
95889.911802,7998
95889.923296,7999
95894.003087,8000
95894.019705,8001
95894.036222,8002
95894.052619,8003
95894.061973,8004
95894.077354,8005
95894.089494,8006
95894.108152,8007
95894.125301,8008
95894.140735,8009
95894.156497,8010
95894.171300,8011
95894.186570,8012
95894.201946,8013
95894.216126,8014
95894.231356,8015
95894.246226,8016
95894.257285,8017
95894.275425,8018
95894.290579,8019
95894.301851,8020
95894.318971,8021
95894.330785,8022
95894.347635,8023
95894.359592,8024
95894.374539,8025
95894.390575,8026
95894.405546,8027
95894.420851,8028
95894.437088,8029
95894.454351,8030
95894.466290,8031
95894.475999,8032
95894.487406,8033
95894.501475,8034
95894.511105,8035
95894.523411,8036
95894.535402,8037
95894.546079,8038
95894.559714,8039
95894.574511,8040
95894.585716,8041
95894.600519,8042
95894.610037,8043
95894.619318,8044
95894.630830,8045
95894.642125,8046
95894.656860,8047
95894.666077,8048
95894.675293,8049
95894.692305,8050
95894.707675,8051
95894.717569,8052
95894.732782,8053
95894.748394,8054
95894.763850,8055
95894.781894,8056
95894.795273,8057
95894.812380,8058
95894.825572,8059
95894.841645,8060
95894.851487,8061
95894.866959,8062
95894.881930,8063
95894.898737,8064
95894.912123,8065
95894.926867,8066
95894.941483,8067
95894.957119,8068
95894.973457,8069
95894.990848,8070
95895.007121,8071
95895.018468,8072
95895.030231,8073
95895.044911,8074
95895.060570,8075
95895.072313,8076
95895.088419,8077
95895.105185,8078
95895.121191,8079
95895.134810,8080
95895.148684,8081
95895.161433,8082
95895.174814,8083
95895.187585,8084
95895.203124,8085
95895.217792,8086
95895.232363,8087
95895.247289,8088
95895.256709,8089
95895.273650,8090
95895.284200,8091
95895.301970,8092
95895.311568,8093
95895.329263,8094
95895.343563,8095
95895.353352,8096
95895.369909,8097
95895.379698,8098
95895.389402,8099
95895.405022,8100
95895.414504,8101
95895.425871,8102
95895.435895,8103
95895.445561,8104
95895.461588,8105
95895.478180,8106
95895.494058,8107
95895.510209,8108
95895.524246,8109
95895.540269,8110
95895.552244,8111
95895.562392,8112
95895.577097,8113
95895.590536,8114
95895.602913,8115
95895.619652,8116
95895.631748,8117
95895.649426,8118
95895.666096,8119
95895.683423,8120
95895.695776,8121
95895.705581,8122
95895.720854,8123
95895.735964,8124
95895.751442,8125
95895.761900,8126
95895.779309,8127
95895.798341,8128
95895.815630,8129
95895.833018,8130
95895.848264,8131
95895.861243,8132
95895.880078,8133
95895.896304,8134
95895.909454,8135
95895.924585,8136
95895.941245,8137
95895.951199,8138
95895.963927,8139
95895.980917,8140
95895.992630,8141
95896.008784,8142
95896.019562,8143
95896.032010,8144
95896.041046,8145
95896.055485,8146
95896.070090,8147
95896.086529,8148
95896.098798,8149
95896.111216,8150
95896.120835,8151
95896.137774,8152
95896.154205,8153
95896.170571,8154
95896.187825,8155
95896.200872,8156
95896.217445,8157
95896.234321,8158
95896.251368,8159
95896.262567,8160
95896.277730,8161
95896.294501,8162
95896.307251,8163
95896.323492,8164
95896.338887,8165
95896.357481,8166
95896.373140,8167
95896.388888,8168
95896.404571,8169
95896.422870,8170
95896.441018,8171
95896.456980,8172
95896.469603,8173
95896.482392,8174
95896.491628,8175
95896.506896,8176
95896.522530,8177
95896.537842,8178
95896.551179,8179
95896.565625,8180
95896.581042,8181
95896.598050,8182
95896.607965,8183
95896.622957,8184
95896.634791,8185
95896.648829,8186
95896.664486,8187
95896.679239,8188
95896.688894,8189
95896.704424,8190
95896.713977,8191
95896.725682,8192
95896.741483,8193
95896.751040,8194
95896.764681,8195
95896.780973,8196
95896.797524,8197
95896.810360,8198
95896.824781,8199
95896.837909,8200
95896.849572,8201
95896.864616,8202
95896.876849,8203
95896.893398,8204
95896.905940,8205
95896.921390,8206
95896.931071,8207
95896.948130,8208
95896.962434,8209
95896.978811,8210
95896.996012,8211
95897.011856,8212
95897.029006,8213
95897.045892,8214
95897.062362,8215
95897.078268,8216
95897.094649,8217
95897.110508,8218
95897.125175,8219
95897.135899,8220
95897.145441,8221
95897.154800,8222
95897.170535,8223
95897.180469,8224
95897.195402,8225
95897.210299,8226
95897.223113,8227
95897.238357,8228
95897.253117,8229
95897.269010,8230
95897.282715,8231
95897.299580,8232
95897.314994,8233
95897.330883,8234
95897.343718,8235
95897.359470,8236
95897.375677,8237
95897.390928,8238
95897.405794,8239
95897.423077,8240
95897.439532,8241
95897.449701,8242
95897.459497,8243
95897.476637,8244
95897.491773,8245
95897.505126,8246
95897.520367,8247
95897.533656,8248
95897.549854,8249
95902.012097,8250
95902.022851,8251
95902.034517,8252
95902.050709,8253
95902.067200,8254
95902.078056,8255
95902.089490,8256
95902.105384,8257
95902.120875,8258
95902.131659,8259
95902.145898,8260
95902.161278,8261
95902.176236,8262
95902.187276,8263
95902.201415,8264
95902.215522,8265
95902.225957,8266
95902.240229,8267
95902.255356,8268
95902.270535,8269
95902.286158,8270
95902.301613,8271
95902.317788,8272
95902.333149,8273
95902.348917,8274
95902.360651,8275
95902.376685,8276
95902.388052,8277
95902.404112,8278
95902.418368,8279
95902.432774,8280
95902.447394,8281
95902.462211,8282
95902.473754,8283
95902.488346,8284
95902.503828,8285
95902.519744,8286
95902.534821,8287
95902.549961,8288
95902.566575,8289
95902.583029,8290
95902.598782,8291
95902.614818,8292
95902.629313,8293
95902.645563,8294
95902.660934,8295
95902.676576,8296
95902.691266,8297
95902.706505,8298
95902.719599,8299
95902.735438,8300
95902.750200,8301
95902.761208,8302
95902.772433,8303
95902.786479,8304
95902.802272,8305
95902.817624,8306
95902.828652,8307
95902.843455,8308
95902.857939,8309
95902.867972,8310
95902.883003,8311
95902.898515,8312
95902.910114,8313
95902.925091,8314
95902.940492,8315
95902.956975,8316
95902.973811,8317
95902.989815,8318
95903.001173,8319
95903.016119,8320
95903.031950,8321
95903.045966,8322
95903.056893,8323
95903.072519,8324
95903.087353,8325
95903.101876,8326
95903.112451,8327
95903.123934,8328
95903.138006,8329
95903.153137,8330
95903.163610,8331
95903.178435,8332
95903.192690,8333
95903.204647,8334
95903.217852,8335
95903.232360,8336
95903.247028,8337
95903.262723,8338
95903.277603,8339
95903.293334,8340
95903.308933,8341
95903.323504,8342
95903.337379,8343
95903.352490,8344
95903.366398,8345
95903.381691,8346
95903.396858,8347
95903.412980,8348
95903.427443,8349
95903.443381,8350
95903.457963,8351
95903.473658,8352
95903.487445,8353
95903.502882,8354
95903.517226,8355
95903.531621,8356
95903.545116,8357
95903.559628,8358
95903.573795,8359
95903.587822,8360
95903.602861,8361
95903.617706,8362
95903.632279,8363
95903.648293,8364
95903.663611,8365
95903.674539,8366
95903.690248,8367
95903.704922,8368
95903.720814,8369
95903.731301,8370
95903.745887,8371
95903.759689,8372
95903.774327,8373
95903.790851,8374
95903.805886,8375
95903.822453,8376
95903.837970,8377
95903.853512,8378
95903.870272,8379
95903.885961,8380
95903.900943,8381
95903.915309,8382
95903.929846,8383
95903.945568,8384
95903.959729,8385
95903.975500,8386
95903.990717,8387
95904.003861,8388
95904.018020,8389
95904.033550,8390
95904.049730,8391
95904.060846,8392
95904.076550,8393
95904.092838,8394
95904.108130,8395
95904.123989,8396
95904.138701,8397
95904.154776,8398
95904.166798,8399
95904.183930,8400
95904.195101,8401
95904.209913,8402
95904.225765,8403
95904.240235,8404
95904.254546,8405
95904.269239,8406
95904.282430,8407
95904.296859,8408
95904.310830,8409
95904.321529,8410
95904.337264,8411
95904.351694,8412
95904.366361,8413
95904.383108,8414
95904.398788,8415
95904.410161,8416
95904.425555,8417
95904.440983,8418
95904.455965,8419
95904.471077,8420
95904.487375,8421
95904.502704,8422
95904.518144,8423
95904.533261,8424
95904.544295,8425
95904.559866,8426
95904.573854,8427
95904.589230,8428
95904.603690,8429
95904.614400,8430
95904.628614,8431
95904.642769,8432
95904.656022,8433
95904.666790,8434
95904.680961,8435
95904.696487,8436
95904.710681,8437
95904.721884,8438
95904.736540,8439
95904.751342,8440
95904.767549,8441
95904.784200,8442
95904.798758,8443
95904.813287,8444
95904.829817,8445
95904.844629,8446
95904.858570,8447
95904.876056,8448
95904.887397,8449
95904.903474,8450
95904.918051,8451
95904.935246,8452
95904.946381,8453
95904.961729,8454
95904.978805,8455
95904.989945,8456
95905.000712,8457
95905.016175,8458
95905.030963,8459
95905.044556,8460
95905.063222,8461
95905.084358,8462
95905.102732,8463
95905.120387,8464
95905.133945,8465
95905.151961,8466
95905.169856,8467
95905.188412,8468
95905.208408,8469
95905.229386,8470
95905.250563,8471
95905.271626,8472
95905.290306,8473
95905.305884,8474
95905.326918,8475
95905.345589,8476
95905.363759,8477
95905.383107,8478
95905.401965,8479
95905.415647,8480
95905.431055,8481
95905.450435,8482
95905.468581,8483
95905.481874,8484
95905.500569,8485
95905.517155,8486
95905.535412,8487
95905.555818,8488
95905.568321,8489
95905.581306,8490
95905.601309,8491
95905.620062,8492
95905.638641,8493
95905.655801,8494
95905.674618,8495
95905.691399,8496
95905.709995,8497
95905.729597,8498
95905.748560,8499
95910.018552,8500
95910.034643,8501
95910.049862,8502
95910.065910,8503
95910.080033,8504
95910.096188,8505
95910.111193,8506
95910.128893,8507
95910.144211,8508
95910.158103,8509
95910.172458,8510
95910.187561,8511
95910.202210,8512
95910.217374,8513
95910.235764,8514
95910.250845,8515
95910.266829,8516
95910.282641,8517
95910.298274,8518
95910.314875,8519
95910.330492,8520
95910.344875,8521
95910.360371,8522
95910.375505,8523
95910.390951,8524
95910.407188,8525
95910.422637,8526
95910.439358,8527
95910.455719,8528
95910.470404,8529
95910.486477,8530
95910.502938,8531
95910.518878,8532
95910.534315,8533
95910.549233,8534
95910.564983,8535
95910.579193,8536
95910.595636,8537
95910.610683,8538
95910.626301,8539
95910.642030,8540
95910.658062,8541
95910.673532,8542
95910.689423,8543
95910.706038,8544
95910.720381,8545
95910.734320,8546
95910.749221,8547
95910.764558,8548
95910.783049,8549
95910.802522,8550
95910.818609,8551
95910.833999,8552
95910.849204,8553
95910.863735,8554
95910.878273,8555
95910.894012,8556
95910.908171,8557
95910.923548,8558
95910.939094,8559
95910.956126,8560
95910.970745,8561
95910.987420,8562
95911.003780,8563
95911.020517,8564
95911.036740,8565
95911.053686,8566
95911.068769,8567
95911.084248,8568
95911.099726,8569
95911.114865,8570
95911.130493,8571
95911.145230,8572
95911.160351,8573
95911.178948,8574
95911.192830,8575
95911.209484,8576
95911.224438,8577
95911.239821,8578
95911.254144,8579
95911.269576,8580
95911.283234,8581
95911.298805,8582
95911.313748,8583
95911.331948,8584
95911.353977,8585
95911.373456,8586
95911.388622,8587
95911.404585,8588
95911.418578,8589
95911.433981,8590
95911.449276,8591
95911.463430,8592
95911.478406,8593
95911.493569,8594
95911.507743,8595
95911.521787,8596
95911.536422,8597
95911.552521,8598
95911.567225,8599
95911.584821,8600
95911.599666,8601
95911.614313,8602
95911.629438,8603
95911.644826,8604
95911.660129,8605
95911.675059,8606
95911.691222,8607
95911.705872,8608
95911.720641,8609
95911.734617,8610
95911.749209,8611
95911.764255,8612
95911.779088,8613
95911.794725,8614
95911.814311,8615
95911.830463,8616
95911.844542,8617
95911.860398,8618
95911.873921,8619
95911.888767,8620
95911.902520,8621
95911.920785,8622
95911.933854,8623
95911.949946,8624
95911.964523,8625
95911.979501,8626
95911.994248,8627
95912.010688,8628
95912.025590,8629
95912.041478,8630
95912.056414,8631
95912.071797,8632
95912.087426,8633
95912.102772,8634
95912.117649,8635
95912.133244,8636
95912.148762,8637
95912.163732,8638
95912.178690,8639
95912.193953,8640
95912.208703,8641
95912.224656,8642
95912.238971,8643
95912.254414,8644
95912.269510,8645
95912.284327,8646
95912.300178,8647
95912.315108,8648
95912.329264,8649
95912.347773,8650
95912.361830,8651
95912.378948,8652
95912.394357,8653
95912.410332,8654
95912.424862,8655
95912.440021,8656
95912.455327,8657
95912.470380,8658
95912.484885,8659
95912.499824,8660
95912.515424,8661
95912.531154,8662
95912.545564,8663
95912.560105,8664
95912.575582,8665
95912.592089,8666
95912.614477,8667
95912.632219,8668
95912.646811,8669
95912.662079,8670
95912.676597,8671
95912.692615,8672
95912.706904,8673
95912.720123,8674
95912.735484,8675
95912.750683,8676
95912.765268,8677
95912.782545,8678
95912.797350,8679
95912.812589,8680
95912.827881,8681
95912.846524,8682
95912.861586,8683
95912.875421,8684
95912.890506,8685
95912.906522,8686
95912.922189,8687
95912.937655,8688
95912.952431,8689
95912.967410,8690
95912.982586,8691
95913.000049,8692
95913.017308,8693
95913.031229,8694
95913.047938,8695
95913.062486,8696
95913.077839,8697
95913.093718,8698
95913.108372,8699
95913.125500,8700
95913.141117,8701
95913.157470,8702
95913.174521,8703
95913.193850,8704
95913.208501,8705
95913.225261,8706
95913.240486,8707
95913.255373,8708
95913.269339,8709
95913.284022,8710
95913.299959,8711
95913.315968,8712
95913.330406,8713
95913.345405,8714
95913.360263,8715
95913.375807,8716
95913.391274,8717
95913.407590,8718
95913.420891,8719
95913.436083,8720
95913.452215,8721
95913.467142,8722
95913.482474,8723
95913.498896,8724
95913.513758,8725
95913.528843,8726
95913.545546,8727
95913.560245,8728
95913.575336,8729
95913.590704,8730
95913.607225,8731
95913.623495,8732
95913.636713,8733
95913.650354,8734
95913.666259,8735
95913.681802,8736
95913.696397,8737
95913.712371,8738
95913.726113,8739
95913.741928,8740
95913.757853,8741
95913.772751,8742
95913.788177,8743
95913.805349,8744
95913.821515,8745
95913.837524,8746
95913.852660,8747
95913.867638,8748
95913.882129,8749
95916.145399,9000
95916.158056,9001
95916.169451,9002
95916.182860,9003
95916.196042,9004
95916.206959,9005
95916.219666,9006
95916.233783,9007
95916.245816,9008
95916.258796,9009
95916.272188,9010
95916.284303,9011
95916.295681,9012
95916.307889,9013
95916.319568,9014
95916.331583,9015
95916.343675,9016
95916.356406,9017
95916.369504,9018
95916.380881,9019
95916.392848,9020
95916.404879,9021
95916.416326,9022
95916.427784,9023
95916.440348,9024
95916.451143,9025
95916.464530,9026
95916.476495,9027
95916.490351,9028
95916.502516,9029
95916.515743,9030
95916.529874,9031
95916.543377,9032
95916.554110,9033
95916.566758,9034
95916.577798,9035
95916.590772,9036
95916.603866,9037
95916.615814,9038
95916.628040,9039
95916.640063,9040
95916.651707,9041
95916.665387,9042
95916.677355,9043
95916.690181,9044
95916.704174,9045
95916.717549,9046
95916.731143,9047
95916.745311,9048
95916.759666,9049
95916.773267,9050
95916.787096,9051
95916.800665,9052
95916.812337,9053
95916.824686,9054
95916.836788,9055
95916.849670,9056
95916.861040,9057
95916.873596,9058
95916.885579,9059
95916.898342,9060
95916.911594,9061
95916.923371,9062
95916.934996,9063
95916.946646,9064
95916.959949,9065
95916.973997,9066
95916.985851,9067
95916.999321,9068
95917.010892,9069
95917.023291,9070
95917.036791,9071
95917.049191,9072
95917.061545,9073
95917.074284,9074
95917.085900,9075
95917.098436,9076
95917.109837,9077
95917.122222,9078
95917.135044,9079
95917.147974,9080
95917.160748,9081
95917.173861,9082
95917.184938,9083
95917.197481,9084
95917.209293,9085
95917.221317,9086
95917.232901,9087
95917.245727,9088
95917.256929,9089
95917.269601,9090
95917.281381,9091
95917.294034,9092
95917.307414,9093
95917.320501,9094
95917.331537,9095
95917.344007,9096
95917.356543,9097
95917.370607,9098
95917.381805,9099
95917.398711,9100
95917.411730,9101
95917.425843,9102
95917.438767,9103
95917.450341,9104
95917.461557,9105
95917.476083,9106
95917.488755,9107
95917.501179,9108
95917.512342,9109
95917.524914,9110
95917.537352,9111
95917.551433,9112
95917.565448,9113
95917.579085,9114
95917.593023,9115
95917.606996,9116
95917.619105,9117
95917.632732,9118
95917.647731,9119
95917.662277,9120
95917.676747,9121
95917.690006,9122
95917.702097,9123
95917.714131,9124
95917.725406,9125
95917.738359,9126
95917.750748,9127
95917.762611,9128
95917.774310,9129
95917.787027,9130
95917.797932,9131
95917.809609,9132
95917.821753,9133
95917.834344,9134
95917.845698,9135
95917.857568,9136
95917.869566,9137
95917.882619,9138
95917.894070,9139
95917.906444,9140
95917.917771,9141
95917.929860,9142
95917.941652,9143
95917.953925,9144
95917.965016,9145
95917.976716,9146
95917.988676,9147
95917.999847,9148
95918.010983,9149
95918.022937,9150
95918.035337,9151
95918.047460,9152
95918.058715,9153
95918.071492,9154
95918.085471,9155
95918.099163,9156
95918.111133,9157
95918.123226,9158
95918.134350,9159
95918.146996,9160
95918.158291,9161
95918.170505,9162
95918.182421,9163
95918.196010,9164
95918.207159,9165
95918.219212,9166
95918.231492,9167
95918.243737,9168
95918.255661,9169
95918.267701,9170
95918.279853,9171
95918.291466,9172
95918.302556,9173
95918.318019,9174
95918.331209,9175
95918.344183,9176
95918.356374,9177
95918.369552,9178
95918.381438,9179
95918.393016,9180
95918.405152,9181
95918.417887,9182
95918.429312,9183
95918.440837,9184
95918.452705,9185
95918.464702,9186
95918.476548,9187
95918.488694,9188
95918.499702,9189
95918.511521,9190
95918.523349,9191
95918.536744,9192
95918.547815,9193
95918.559629,9194
95918.571813,9195
95918.586010,9196
95918.598518,9197
95918.610637,9198
95918.622049,9199
95918.639008,9200
95918.650374,9201
95918.662652,9202
95918.674481,9203
95918.686580,9204
95918.698014,9205
95918.710468,9206
95918.721770,9207
95918.733409,9208
95918.745677,9209
95918.759519,9210
95918.772770,9211
95918.784849,9212
95918.796084,9213
95918.808931,9214
95918.821267,9215
95918.833006,9216
95918.844753,9217
95918.857461,9218
95918.870479,9219
95918.882708,9220
95918.894152,9221
95918.905946,9222
95918.916845,9223
95918.929403,9224
95918.941086,9225
95918.953874,9226
95918.964994,9227
95918.976299,9228
95918.988451,9229
95918.999849,9230
95919.012387,9231
95919.024789,9232
95919.037512,9233
95919.049548,9234
95919.061090,9235
95919.073029,9236
95919.084561,9237
95919.097601,9238
95919.110356,9239
95919.121794,9240
95919.132975,9241
95919.145027,9242
95919.158068,9243
95919.170543,9244
95919.181747,9245
95919.193594,9246
95919.205313,9247
95919.217810,9248
95919.229227,9249
95923.154235,9250
95923.167278,9251
95923.177317,9252
95923.192776,9253
95923.209164,9254
95923.219620,9255
95923.236532,9256
95923.256087,9257
95923.266464,9258
95923.283899,9259
95923.300830,9260
95923.316787,9261
95923.333197,9262
95923.350893,9263
95923.366395,9264
95923.376285,9265
95923.387423,9266
95923.402869,9267
95923.413795,9268
95923.423703,9269
95923.438316,9270
95923.452514,9271
95923.467391,9272
95923.478234,9273
95923.489558,9274
95923.504471,9275
95923.519876,9276
95923.534220,9277
95923.543457,9278
95923.560071,9279
95923.578891,9280
95923.594784,9281
95923.611907,9282
95923.627680,9283
95923.641644,9284
95923.656982,9285
95923.667775,9286
95923.683210,9287
95923.693760,9288
95923.710317,9289
95923.725274,9290
95923.734708,9291
95923.751394,9292
95923.767747,9293
95923.785320,9294
95923.796864,9295
95923.814269,9296
95923.824029,9297
95923.834736,9298
95923.852053,9299
95923.868424,9300
95923.886607,9301
95923.897469,9302
95923.914726,9303
95923.930048,9304
95923.947223,9305
95923.957547,9306
95923.973464,9307
95923.989896,9308
95924.007191,9309
95924.020983,9310
95924.037594,9311
95924.047858,9312
95924.064527,9313
95924.077389,9314
95924.087490,9315
95924.100691,9316
95924.117200,9317
95924.132988,9318
95924.150227,9319
95924.166784,9320
95924.182667,9321
95924.195962,9322
95924.207476,9323
95924.223459,9324
95924.239562,9325
95924.248843,9326
95924.258468,9327
95924.273798,9328
95924.290758,9329
95924.304112,9330
95924.319040,9331
95924.335020,9332
95924.350287,9333
95924.360361,9334
95924.376025,9335
95924.386396,9336
95924.401019,9337
95924.415748,9338
95924.430344,9339
95924.440332,9340
95924.449687,9341
95924.464342,9342
95924.474481,9343
95924.486273,9344
95924.496388,9345
95924.513059,9346
95924.526751,9347
95924.543569,9348
95924.559945,9349
95924.580571,9350
95924.598449,9351
95924.611211,9352
95924.629437,9353
95924.641047,9354
95924.657099,9355
95924.671997,9356
95924.688491,9357
95924.702985,9358
95924.717233,9359
95924.726968,9360
95924.736756,9361
95924.751911,9362
95924.763587,9363
95924.778533,9364
95924.793357,9365
95924.810014,9366
95924.819662,9367
95924.832654,9368
95924.847901,9369
95924.862077,9370
95924.876474,9371
95924.885785,9372
95924.899508,9373
95924.913340,9374
95924.922748,9375
95924.934886,9376
95924.947420,9377
95924.956618,9378
95924.966562,9379
95924.980117,9380
95924.991005,9381
95925.006547,9382
95925.020514,9383
95925.032319,9384
95925.042507,9385
95925.054162,9386
95925.069666,9387
95925.081311,9388
95925.090976,9389
95925.102325,9390
95925.117452,9391
95925.126816,9392
95925.135947,9393
95925.151487,9394
95925.160907,9395
95925.176745,9396
95925.192387,9397
95925.202346,9398
95925.218057,9399
95925.232276,9400
95925.242536,9401
95925.252664,9402
95925.263465,9403
95925.275481,9404
95925.290385,9405
95925.304559,9406
95925.316305,9407
95925.326010,9408
95925.341263,9409
95925.355618,9410
95925.372885,9411
95925.383573,9412
95925.399683,9413
95925.412790,9414
95925.427719,9415
95925.442025,9416
95925.455673,9417
95925.469874,9418
95925.479414,9419
95925.493345,9420
95925.502960,9421
95925.517389,9422
95925.531781,9423
95925.541476,9424
95925.555596,9425
95925.569691,9426
95925.578946,9427
95925.590663,9428
95925.604502,9429
95925.619349,9430
95925.634398,9431
95925.650546,9432
95925.666679,9433
95925.676228,9434
95925.691892,9435
95925.703621,9436
95925.719473,9437
95925.735101,9438
95925.749947,9439
95925.760620,9440
95925.775351,9441
95925.787198,9442
95925.801925,9443
95925.817236,9444
95925.826649,9445
95925.840254,9446
95925.850404,9447
95925.866697,9448
95925.876969,9449
95925.894483,9450
95925.905070,9451
95925.915072,9452
95925.925224,9453
95925.935180,9454
95925.949031,9455
95925.958753,9456
95925.973732,9457
95925.990258,9458
95926.005714,9459
95926.016859,9460
95926.033140,9461
95926.048359,9462
95926.058201,9463
95926.073635,9464
95926.083271,9465
95926.099615,9466
95926.110123,9467
95926.124497,9468
95926.139473,9469
95926.150538,9470
95926.165879,9471
95926.182016,9472
95926.191754,9473
95926.202917,9474
95926.218681,9475
95926.228975,9476
95926.246284,9477
95926.261579,9478
95926.274471,9479
95926.288181,9480
95926.303694,9481
95926.323450,9482
95926.340373,9483
95926.359289,9484
95926.377271,9485
95926.394654,9486
95926.410957,9487
95926.428471,9488
95926.445503,9489
95926.461928,9490
95926.478292,9491
95926.494587,9492
95926.507186,9493
95926.522192,9494
95926.537371,9495
95926.546895,9496
95926.562602,9497
95926.572385,9498
95926.585127,9499
95930.769446,9500
95930.789931,9501
95930.806318,9502
95930.821820,9503
95930.841023,9504
95930.859964,9505
95930.874907,9506
95930.893964,9507
95930.913848,9508
95930.931650,9509
95930.946138,9510
95930.963030,9511
95930.983471,9512
95931.000297,9513
95931.018412,9514
95931.032032,9515
95931.045851,9516
95931.066066,9517
95931.082066,9518
95931.100807,9519
95931.115864,9520
95931.132057,9521
95931.150501,9522
95931.169950,9523
95931.188374,9524
95931.205295,9525
95931.220769,9526
95931.240584,9527
95931.259584,9528
95931.275552,9529
95931.290923,9530
95931.307905,9531
95931.325775,9532
95931.343687,9533
95931.359469,9534
95931.372904,9535
95931.388848,9536
95931.407358,9537
95931.425408,9538
95931.444909,9539
95931.457345,9540
95931.474791,9541
95931.493955,9542
95931.508923,9543
95931.521786,9544
95931.538965,9545
95931.556735,9546
95931.573736,9547
95931.590058,9548
95931.606704,9549
95931.625406,9550
95931.640179,9551
95931.658657,9552
95931.673984,9553
95931.690680,9554
95931.709334,9555
95931.728227,9556
95931.743455,9557
95931.755825,9558
95931.768895,9559
95931.779046,9560
95931.793233,9561
95931.805030,9562
95931.819715,9563
95931.829919,9564
95931.844684,9565
95931.855350,9566
95931.869095,9567
95931.881471,9568
95931.894694,9569
95931.905233,9570
95931.915351,9571
95931.927631,9572
95931.938202,9573
95931.947717,9574
95931.960237,9575
95931.972522,9576
95931.986331,9577
95932.000655,9578
95932.013447,9579
95932.027841,9580
95932.042759,9581
95932.054014,9582
95932.064316,9583
95932.078422,9584
95932.093491,9585
95932.108434,9586
95932.122876,9587
95932.136812,9588
95932.151785,9589
95932.166797,9590
95932.179340,9591
95932.194042,9592
95932.208607,9593
95932.223018,9594
95932.237073,9595
95932.246860,9596
95932.260836,9597
95932.275131,9598
95932.289902,9599
95932.308458,9600
95932.323340,9601
95932.335547,9602
95932.349405,9603
95932.363026,9604
95932.373108,9605
95932.387664,9606
95932.402567,9607
95932.417386,9608
95932.430971,9609
95932.444621,9610
95932.460711,9611
95932.472255,9612
95932.486253,9613
95932.500395,9614
95932.514584,9615
95932.527286,9616
95932.542207,9617
95932.554850,9618
95932.571016,9619
95932.585883,9620
95932.599757,9621
95932.611250,9622
95932.626777,9623
95932.644673,9624
95932.660024,9625
95932.678098,9626
95932.696543,9627
95932.724071,9628
95932.750613,9629
95932.765419,9630
95932.780403,9631
95932.796658,9632
95932.810446,9633
95932.829326,9634
95932.845400,9635
95932.863998,9636
95932.882982,9637
95932.898390,9638
95932.914921,9639
95932.933850,9640
95932.948196,9641
95932.965157,9642
95932.978233,9643
95932.992821,9644
95933.012928,9645
95933.033939,9646
95933.046046,9647
95933.066150,9648
95933.086956,9649
95933.102152,9650
95933.123845,9651
95933.144077,9652
95933.164906,9653
95933.181764,9654
95933.194539,9655
95933.207952,9656
95933.225940,9657
95933.245408,9658
95933.258462,9659
95933.273927,9660
95933.290498,9661
95933.313226,9662
95933.335122,9663
95933.352965,9664
95933.373722,9665
95933.394921,9666
95933.410587,9667
95933.423657,9668
95933.437096,9669
95933.456780,9670
95933.476300,9671
95933.498653,9672
95933.519416,9673
95933.540926,9674
95933.555990,9675
95933.575407,9676
95933.597615,9677
95933.617022,9678
95933.632488,9679
95933.652341,9680
95933.669402,9681
95933.691044,9682
95933.711133,9683
95933.727603,9684
95933.746248,9685
95933.769333,9686
95933.791414,9687
95933.808307,9688
95933.826511,9689
95933.847870,9690
95933.865906,9691
95933.885446,9692
95933.901594,9693
95933.917604,9694
95933.937978,9695
95933.950618,9696
95933.967983,9697
95933.985744,9698
95934.005728,9699
95934.027443,9700
95934.047359,9701
95934.061829,9702
95934.082825,9703
95934.105867,9704
95934.123680,9705
95934.144773,9706
95934.159718,9707
95934.174506,9708
95934.193579,9709
95934.213213,9710
95934.228152,9711
95934.242259,9712
95934.262588,9713
95934.284593,9714
95934.299652,9715
95934.315575,9716
95934.331919,9717
95934.345453,9718
95934.366483,9719
95934.387732,9720
95934.408110,9721
95934.429323,9722
95934.449782,9723
95934.472338,9724
95934.492157,9725
95934.507519,9726
95934.522353,9727
95934.541219,9728
95934.560451,9729
95934.574593,9730
95934.596334,9731
95934.609879,9732
95934.627861,9733
95934.644907,9734
95934.662642,9735
95934.684811,9736
95934.704359,9737
95934.722832,9738
95934.734819,9739
95934.755361,9740
95934.777013,9741
95934.797601,9742
95934.817495,9743
95934.836359,9744
95934.856991,9745
95934.876810,9746
95934.894690,9747
95934.914598,9748
95934.928588,9749
95939.114893,9750
95939.132064,9751
95939.151480,9752
95939.167082,9753
95939.182028,9754
95939.200288,9755
95939.215758,9756
95939.232301,9757
95939.251408,9758
95939.268928,9759
95939.283570,9760
95939.301444,9761
95939.323259,9762
95939.337071,9763
95939.351274,9764
95939.366241,9765
95939.385609,9766
95939.400873,9767
95939.416177,9768
95939.430331,9769
95939.444250,9770
95939.465600,9771
95939.480744,9772
95939.496428,9773
95939.511249,9774
95939.525810,9775
95939.540754,9776
95939.556192,9777
95939.570722,9778
95939.586103,9779
95939.604323,9780
95939.619255,9781
95939.633721,9782
95939.655565,9783
95939.670504,9784
95939.685553,9785
95939.701504,9786
95939.717378,9787
95939.737839,9788
95939.752054,9789
95939.766201,9790
95939.779654,9791
95939.797990,9792
95939.813115,9793
95939.837476,9794
95939.861269,9795
95939.880326,9796
95939.901474,9797
95939.921080,9798
95939.946697,9799
95939.966142,9800
95939.982850,9801
95940.000652,9802
95940.019923,9803
95940.041873,9804
95940.060892,9805
95940.080053,9806
95940.105838,9807
95940.124914,9808
95940.145772,9809
95940.164611,9810
95940.181331,9811
95940.199183,9812
95940.219774,9813
95940.236544,9814
95940.255754,9815
95940.276059,9816
95940.296065,9817
95940.312647,9818
95940.329766,9819
95940.347285,9820
95940.366661,9821
95940.386427,9822
95940.409266,9823
95940.425924,9824
95940.444647,9825
95940.462970,9826
95940.482461,9827
95940.499825,9828
95940.515356,9829
95940.528774,9830
95940.548692,9831
95940.565389,9832
95940.579714,9833
95940.593456,9834
95940.608835,9835
95940.625890,9836
95940.651244,9837
95940.670867,9838
95940.687767,9839
95940.709074,9840
95940.728554,9841
95940.749106,9842
95940.766793,9843
95940.783953,9844
95940.803401,9845
95940.823278,9846
95940.841169,9847
95940.858669,9848
95940.881039,9849
95940.901266,9850
95940.927363,9851
95940.948567,9852
95940.971765,9853
95940.988908,9854
95941.006483,9855
95941.025316,9856
95941.041098,9857
95941.064213,9858
95941.083406,9859
95941.101219,9860
95941.117991,9861
95941.133461,9862
95941.148087,9863
95941.164290,9864
95941.177591,9865
95941.198222,9866
95941.220328,9867
95941.237534,9868
95941.256075,9869
95941.273874,9870
95941.291320,9871
95941.310391,9872
95941.329155,9873
95941.347617,9874
95941.366456,9875
95941.385273,9876
95941.401885,9877
95941.428373,9878
95941.447053,9879
95941.467637,9880
95941.486971,9881
95941.509135,9882
95941.532437,9883
95941.552446,9884
95941.571495,9885
95941.589747,9886
95941.609379,9887
95941.628724,9888
95941.648719,9889
95941.670259,9890
95941.688656,9891
95941.707409,9892
95941.727662,9893
95941.745820,9894
95941.768844,9895
95941.792309,9896
95941.810716,9897
95941.834627,9898
95941.852939,9899
95941.869650,9900
95941.887448,9901
95941.906521,9902
95941.931904,9903
95941.950412,9904
95941.968259,9905
95941.991786,9906
95942.012719,9907
95942.029908,9908
95942.049196,9909
95942.069614,9910
95942.088347,9911
95942.110648,9912
95942.132815,9913
95942.153169,9914
95942.171675,9915
95942.189606,9916
95942.208553,9917
95942.227942,9918
95942.253265,9919
95942.270542,9920
95942.288522,9921
95942.309054,9922
95942.328913,9923
95942.347783,9924
95942.367382,9925
95942.395423,9926
95942.413972,9927
95942.437982,9928
95942.456428,9929
95942.483598,9930
95942.506519,9931
95942.524186,9932
95942.547245,9933
95942.565315,9934
95942.583872,9935
95942.603713,9936
95942.620935,9937
95942.641267,9938
95942.659281,9939
95942.678888,9940
95942.696372,9941
95942.715434,9942
95942.735826,9943
95942.751476,9944
95942.765455,9945
95942.780968,9946
95942.802521,9947
95942.825334,9948
95942.842486,9949
95942.861065,9950
95942.874739,9951
95942.889666,9952
95942.903897,9953
95942.918587,9954
95942.932135,9955
95942.946436,9956
95942.961878,9957
95942.977339,9958
95942.992391,9959
95943.008066,9960
95943.022258,9961
95943.035408,9962
95943.050260,9963
95943.066025,9964
95943.086944,9965
95943.100592,9966
95943.114512,9967
95943.129391,9968
95943.144871,9969
95943.161722,9970
95943.180038,9971
95943.195028,9972
95943.214158,9973
95943.231800,9974
95943.247673,9975
95943.267690,9976
95943.283332,9977
95943.298394,9978
95943.313662,9979
95943.332018,9980
95943.346950,9981
95943.362951,9982
95943.377985,9983
95943.393048,9984
95943.408238,9985
95943.425438,9986
95943.439810,9987
95943.455347,9988
95943.471490,9989
95943.488619,9990
95943.503692,9991
95943.519253,9992
95943.537010,9993
95943.555511,9994
95943.570070,9995
95943.585978,9996
95943.603031,9997
95943.618358,9998
95943.636513,9999
95946.731843,10000
95946.743495,10001
95946.754274,10002
95946.765277,10003
95946.776438,10004
95946.786315,10005
95946.797601,10006
95946.808316,10007
95946.818609,10008
95946.829576,10009
95946.839748,10010
95946.850174,10011
95946.860306,10012
95946.870822,10013
95946.887285,10014
95946.898480,10015
95946.909233,10016
95946.921481,10017
95946.931223,10018
95946.941247,10019
95946.951134,10020
95946.962283,10021
95946.972241,10022
95946.981763,10023
95946.991662,10024
95947.002966,10025
95947.013162,10026
95947.022496,10027
95947.032460,10028
95947.042686,10029
95947.051973,10030
95947.061569,10031
95947.071045,10032
95947.080157,10033
95947.089868,10034
95947.098923,10035
95947.109000,10036
95947.118522,10037
95947.127831,10038
95947.137282,10039
95947.147086,10040
95947.156486,10041
95947.166637,10042
95947.176569,10043
95947.187294,10044
95947.197330,10045
95947.207009,10046
95947.216742,10047
95947.226486,10048
95947.235821,10049
95947.245523,10050
95947.255655,10051
95947.264692,10052
95947.275553,10053
95947.285450,10054
95947.294873,10055
95947.304473,10056
95947.314073,10057
95947.324413,10058
95947.333971,10059
95947.344271,10060
95947.354674,10061
95947.365826,10062
95947.376622,10063
95947.386726,10064
95947.396797,10065
95947.406267,10066
95947.415712,10067
95947.425547,10068
95947.435472,10069
95947.445216,10070
95947.455583,10071
95947.465020,10072
95947.474744,10073
95947.483869,10074
95947.493731,10075
95947.502900,10076
95947.512616,10077
95947.521872,10078
95947.532508,10079
95947.543175,10080
95947.554061,10081
95947.563634,10082
95947.573717,10083
95947.584247,10084
95947.594671,10085
95947.603990,10086
95947.614342,10087
95947.624466,10088
95947.634216,10089
95947.644042,10090
95947.654698,10091
95947.664817,10092
95947.674689,10093
95947.685230,10094
95947.695409,10095
95947.705231,10096
95947.715101,10097
95947.724709,10098
95947.734843,10099
95947.748153,10100
95947.757984,10101
95947.767414,10102
95947.777378,10103
95947.788339,10104
95947.798628,10105
95947.808180,10106
95947.818578,10107
95947.828536,10108
95947.839412,10109
95947.849309,10110
95947.859632,10111
95947.869148,10112
95947.879640,10113
95947.889188,10114
95947.899716,10115
95947.909105,10116
95947.918784,10117
95947.928588,10118
95947.938838,10119
95947.949243,10120
95947.958995,10121
95947.968485,10122
95947.978393,10123
95947.987893,10124
95947.997811,10125
95948.007398,10126
95948.018781,10127
95948.028358,10128
95948.038599,10129
95948.048189,10130
95948.058042,10131
95948.067829,10132
95948.077543,10133
95948.086815,10134
95948.096815,10135
95948.106457,10136
95948.116487,10137
95948.125906,10138
95948.137688,10139
95948.147660,10140
95948.158265,10141
95948.168224,10142
95948.181215,10143
95948.190974,10144
95948.201148,10145
95948.211469,10146
95948.222283,10147
95948.232420,10148
95948.242962,10149
95948.255086,10150
95948.270273,10151
95948.280934,10152
95948.291544,10153
95948.301636,10154
95948.312025,10155
95948.322582,10156
95948.332911,10157
95948.342911,10158
95948.353710,10159
95948.363412,10160
95948.374290,10161
95948.383965,10162
95948.394581,10163
95948.404057,10164
95948.413939,10165
95948.423178,10166
95948.432870,10167
95948.442052,10168
95948.452896,10169
95948.463165,10170
95948.472995,10171
95948.484530,10172
95948.494418,10173
95948.504346,10174
95948.514198,10175
95948.523559,10176
95948.533549,10177
95948.543039,10178
95948.553273,10179
95948.562532,10180
95948.572194,10181
95948.581593,10182
95948.592326,10183
95948.602085,10184
95948.612181,10185
95948.621491,10186
95948.631863,10187
95948.641295,10188
95948.651447,10189
95948.660785,10190
95948.672022,10191
95948.681591,10192
95948.692253,10193
95948.701623,10194
95948.711523,10195
95948.721209,10196
95948.731350,10197
95948.741091,10198
95948.751016,10199
95948.763575,10200
95948.773426,10201
95948.783256,10202
95948.793222,10203
95948.803677,10204
95948.814228,10205
95948.825078,10206
95948.835547,10207
95948.845516,10208
95948.855273,10209
95948.865070,10210
95948.875109,10211
95948.885111,10212
95948.894964,10213
95948.904639,10214
95948.914956,10215
95948.924492,10216
95948.934466,10217
95948.944057,10218
95948.954406,10219
95948.963933,10220
95948.973876,10221
95948.985238,10222
95948.996658,10223
95949.006922,10224
95949.016687,10225
95949.026410,10226
95949.036414,10227
95949.045940,10228
95949.055729,10229
95949.065211,10230
95949.075251,10231
95949.084525,10232
95949.094495,10233
95949.104245,10234
95949.114395,10235
95949.123823,10236
95949.133970,10237
95949.145017,10238
95949.155314,10239
95949.166692,10240
95949.177053,10241
95949.186814,10242
95949.197072,10243
95949.207102,10244
95949.217365,10245
95949.227759,10246
95949.238816,10247
95949.248900,10248
95949.258775,10249
95952.934672,10250
95952.951997,10251
95952.967812,10252
95952.982888,10253
95952.992702,10254
95953.010052,10255
95953.020517,10256
95953.036571,10257
95953.051427,10258
95953.065979,10259
95953.081529,10260
95953.097215,10261
95953.110724,10262
95953.125699,10263
95953.140536,10264
95953.155967,10265
95953.168821,10266
95953.185425,10267
95953.194790,10268
95953.205101,10269
95953.217502,10270
95953.234723,10271
95953.252440,10272
95953.263371,10273
95953.273616,10274
95953.288395,10275
95953.303708,10276
95953.320859,10277
95953.336280,10278
95953.348974,10279
95953.362100,10280
95953.377960,10281
95953.394704,10282
95953.409723,10283
95953.423484,10284
95953.438468,10285
95953.453344,10286
95953.468948,10287
95953.484225,10288
95953.499067,10289
95953.510979,10290
95953.523306,10291
95953.536195,10292
95953.545722,10293
95953.555400,10294
95953.565474,10295
95953.582369,10296
95953.597909,10297
95953.612553,10298
95953.630928,10299
95953.641746,10300
95953.654767,10301
95953.667976,10302
95953.683436,10303
95953.699857,10304
95953.716031,10305
95953.732281,10306
95953.748631,10307
95953.766138,10308
95953.775933,10309
95953.788796,10310
95953.799129,10311
95953.809319,10312
95953.824256,10313
95953.839876,10314
95953.850010,10315
95953.864710,10316
95953.878971,10317
95953.892153,10318
95953.907633,10319
95953.920369,10320
95953.936180,10321
95953.951883,10322
95953.969243,10323
95953.984596,10324
95954.001018,10325
95954.016930,10326
95954.033344,10327
95954.051113,10328
95954.064278,10329
95954.074048,10330
95954.088309,10331
95954.102943,10332
95954.117970,10333
95954.128509,10334
95954.143211,10335
95954.158935,10336
95954.176615,10337
95954.186434,10338
95954.199752,10339
95954.217174,10340
95954.228731,10341
95954.243360,10342
95954.260647,10343
95954.273844,10344
95954.290075,10345
95954.300153,10346
95954.309537,10347
95954.324958,10348
95954.339896,10349
95954.360327,10350
95954.376655,10351
95954.387078,10352
95954.403973,10353
95954.419185,10354
95954.433985,10355
95954.443701,10356
95954.458409,10357
95954.474769,10358
95954.489637,10359
95954.503876,10360
95954.518674,10361
95954.533341,10362
95954.546504,10363
95954.561806,10364
95954.579065,10365
95954.596421,10366
95954.609374,10367
95954.623862,10368
95954.635373,10369
95954.651021,10370
95954.667843,10371
95954.683243,10372
95954.700301,10373
95954.711848,10374
95954.729527,10375
95954.744969,10376
95954.762953,10377
95954.777481,10378
95954.792080,10379
95954.809283,10380
95954.823658,10381
95954.837510,10382
95954.852718,10383
95954.868657,10384
95954.878291,10385
95954.894317,10386
95954.909472,10387
95954.921730,10388
95954.936713,10389
95954.951237,10390
95954.965844,10391
95954.984460,10392
95955.000420,10393
95955.013694,10394
95955.023382,10395
95955.036587,10396
95955.054226,10397
95955.069345,10398
95955.084425,10399
95955.099013,10400
95955.114062,10401
95955.128293,10402
95955.143626,10403
95955.158479,10404
95955.173219,10405
95955.188112,10406
95955.200842,10407
95955.215140,10408
95955.230339,10409
95955.243009,10410
95955.257236,10411
95955.272842,10412
95955.283005,10413
95955.297700,10414
95955.310989,10415
95955.324630,10416
95955.334244,10417
95955.343510,10418
95955.357181,10419
95955.366763,10420
95955.382584,10421
95955.395902,10422
95955.410737,10423
95955.426883,10424
95955.443215,10425
95955.460578,10426
95955.478411,10427
95955.493036,10428
95955.503943,10429
95955.517517,10430
95955.532949,10431
95955.543057,10432
95955.559553,10433
95955.575870,10434
95955.593993,10435
95955.610903,10436
95955.626734,10437
95955.641628,10438
95955.654930,10439
95955.670081,10440
95955.682628,10441
95955.700054,10442
95955.716876,10443
95955.732472,10444
95955.745528,10445
95955.758878,10446
95955.769280,10447
95955.785242,10448
95955.801140,10449
95955.819285,10450
95955.831232,10451
95955.841244,10452
95955.856133,10453
95955.874089,10454
95955.883368,10455
95955.898295,10456
95955.912219,10457
95955.929217,10458
95955.944139,10459
95955.961028,10460
95955.975457,10461
95955.989863,10462
95956.007239,10463
95956.022890,10464
95956.034353,10465
95956.047805,10466
95956.061204,10467
95956.074373,10468
95956.087216,10469
95956.101531,10470
95956.111424,10471
95956.127074,10472
95956.143951,10473
95956.153595,10474
95956.163252,10475
95956.177607,10476
95956.192839,10477
95956.210176,10478
95956.227560,10479
95956.239966,10480
95956.249578,10481
95956.263773,10482
95956.273448,10483
95956.283676,10484
95956.297702,10485
95956.312225,10486
95956.321645,10487
95956.337019,10488
95956.353046,10489
95956.366994,10490
95956.381768,10491
95956.397698,10492
95956.413350,10493
95956.426767,10494
95956.436532,10495
95956.450832,10496
95956.463689,10497
95956.479555,10498
95956.494654,10499
95960.769752,10500
95960.786019,10501
95960.802555,10502
95960.813718,10503
95960.829444,10504
95960.844616,10505
95960.856316,10506
95960.871110,10507
95960.888266,10508
95960.899414,10509
95960.914527,10510
95960.925876,10511
95960.940228,10512
95960.954536,10513
95960.970210,10514
95960.985223,10515
95961.000177,10516
95961.014451,10517
95961.025560,10518
95961.039292,10519
95961.053663,10520
95961.068570,10521
95961.082578,10522
95961.098641,10523
95961.110302,10524
95961.125795,10525
95961.137434,10526
95961.153407,10527
95961.168630,10528
95961.183700,10529
95961.195299,10530
95961.210493,10531
95961.225254,10532
95961.240115,10533
95961.254562,10534
95961.269745,10535
95961.285762,10536
95961.301054,10537
95961.315437,10538
95961.326730,10539
95961.340416,10540
95961.355787,10541
95961.370737,10542
95961.384484,10543
95961.398229,10544
95961.412720,10545
95961.427667,10546
95961.442280,10547
95961.456673,10548
95961.471418,10549
95961.484970,10550
95961.499451,10551
95961.513864,10552
95961.527215,10553
95961.542866,10554
95961.558394,10555
95961.569133,10556
95961.584477,10557
95961.599480,10558
95961.614641,10559
95961.628907,10560
95961.643295,10561
95961.654044,10562
95961.667836,10563
95961.682990,10564
95961.696360,10565
95961.711596,10566
95961.726592,10567
95961.744269,10568
95961.759695,10569
95961.775715,10570
95961.789461,10571
95961.805768,10572
95961.821330,10573
95961.836947,10574
95961.852495,10575
95961.865071,10576
95961.880238,10577
95961.891327,10578
95961.902718,10579
95961.916571,10580
95961.929743,10581
95961.944874,10582
95961.960642,10583
95961.975623,10584
95961.990349,10585
95962.004257,10586
95962.018874,10587
95962.033646,10588
95962.046735,10589
95962.057745,10590
95962.072066,10591
95962.085853,10592
95962.097529,10593
95962.111823,10594
95962.124721,10595
95962.135752,10596
95962.150549,10597
95962.165693,10598
95962.180925,10599
95962.196856,10600
95962.211894,10601
95962.227027,10602
95962.242074,10603
95962.256285,10604
95962.271510,10605
95962.283780,10606
95962.296878,10607
95962.307840,10608
95962.320661,10609
95962.331268,10610
95962.343967,10611
95962.358784,10612
95962.372383,10613
95962.383228,10614
95962.395269,10615
95962.409609,10616
95962.425111,10617
95962.439920,10618
95962.454300,10619
95962.465872,10620
95962.476774,10621
95962.490421,10622
95962.504486,10623
95962.518627,10624
95962.530237,10625
95962.543567,10626
95962.558652,10627
95962.574307,10628
95962.588938,10629
95962.604518,10630
95962.619572,10631
95962.634104,10632
95962.648857,10633
95962.664253,10634
95962.677598,10635
95962.690731,10636
95962.704911,10637
95962.716532,10638
95962.731476,10639
95962.745389,10640
95962.760651,10641
95962.775854,10642
95962.790014,10643
95962.804929,10644
95962.816426,10645
95962.831255,10646
95962.845213,10647
95962.860237,10648
95962.874251,10649
95962.888060,10650
95962.903156,10651
95962.919330,10652
95962.934908,10653
95962.949094,10654
95962.965320,10655
95962.979623,10656
95962.995232,10657
95963.010926,10658
95963.024994,10659
95963.038802,10660
95963.052565,10661
95963.066927,10662
95963.080779,10663
95963.096335,10664
95963.107799,10665
95963.119591,10666
95963.132500,10667
95963.146820,10668
95963.161306,10669
95963.175546,10670
95963.189706,10671
95963.204499,10672
95963.215903,10673
95963.230376,10674
95963.243729,10675
95963.256920,10676
95963.273835,10677
95963.288995,10678
95963.305291,10679
95963.320370,10680
95963.335305,10681
95963.348213,10682
95963.361400,10683
95963.377289,10684
95963.392833,10685
95963.407702,10686
95963.421528,10687
95963.434554,10688
95963.448319,10689
95963.463234,10690
95963.474598,10691
95963.489681,10692
95963.506098,10693
95963.519328,10694
95963.532984,10695
95963.546615,10696
95963.562240,10697
95963.576699,10698
95963.592347,10699
95963.610078,10700
95963.627376,10701
95963.642771,10702
95963.657509,10703
95963.671377,10704
95963.685737,10705
95963.701178,10706
95963.716158,10707
95963.729076,10708
95963.743904,10709
95963.756979,10710
95963.772497,10711
95963.786185,10712
95963.799491,10713
95963.814029,10714
95963.828742,10715
95963.843710,10716
95963.858869,10717
95963.873575,10718
95963.887812,10719
95963.902777,10720
95963.916293,10721
95963.931238,10722
95963.941851,10723
95963.956715,10724
95963.971439,10725
95963.982696,10726
95963.994024,10727
95964.004701,10728
95964.017963,10729
95964.033240,10730
95964.044290,10731
95964.059159,10732
95964.070565,10733
95964.084213,10734
95964.099437,10735
95964.114224,10736
95964.128934,10737
95964.144148,10738
95964.159610,10739
95964.175212,10740
95964.187473,10741
95964.202982,10742
95964.219061,10743
95964.234729,10744
95964.247991,10745
95964.261810,10746
95964.277478,10747
95964.292796,10748
95964.308610,10749
95968.212479,10750
95968.227810,10751
95968.244461,10752
95968.259682,10753
95968.278132,10754
95968.296006,10755
95968.312140,10756
95968.328253,10757
95968.345752,10758
95968.361986,10759
95968.378501,10760
95968.394212,10761
95968.409997,10762
95968.425634,10763
95968.439575,10764
95968.454530,10765
95968.470284,10766
95968.484386,10767
95968.498954,10768
95968.512991,10769
95968.527604,10770
95968.542037,10771
95968.556774,10772
95968.571548,10773
95968.586744,10774
95968.601863,10775
95968.616964,10776
95968.632835,10777
95968.648768,10778
95968.664586,10779
95968.679804,10780
95968.694432,10781
95968.711250,10782
95968.724906,10783
95968.739896,10784
95968.753914,10785
95968.769396,10786
95968.784653,10787
95968.799216,10788
95968.813938,10789
95968.829214,10790
95968.845760,10791
95968.862207,10792
95968.879584,10793
95968.895943,10794
95968.912250,10795
95968.929374,10796
95968.945649,10797
95968.960646,10798
95968.975019,10799
95968.990167,10800
95969.004885,10801
95969.019870,10802
95969.035649,10803
95969.052732,10804
95969.068382,10805
95969.082288,10806
95969.097957,10807
95969.111996,10808
95969.127288,10809
95969.142508,10810
95969.157085,10811
95969.171610,10812
95969.189102,10813
95969.204388,10814
95969.223220,10815
95969.239113,10816
95969.255346,10817
95969.272543,10818
95969.288383,10819
95969.303812,10820
95969.318678,10821
95969.332176,10822
95969.345927,10823
95969.361447,10824
95969.377271,10825
95969.392105,10826
95969.407542,10827
95969.423907,10828
95969.440094,10829
95969.456430,10830
95969.472268,10831
95969.487395,10832
95969.503370,10833
95969.518428,10834
95969.532560,10835
95969.549047,10836
95969.564645,10837
95969.580352,10838
95969.594992,10839
95969.609824,10840
95969.625978,10841
95969.641508,10842
95969.656370,10843
95969.672305,10844
95969.686978,10845
95969.703352,10846
95969.719102,10847
95969.734717,10848
95969.750292,10849
95969.767873,10850
95969.786740,10851
95969.802252,10852
95969.817291,10853
95969.831872,10854
95969.846548,10855
95969.862790,10856
95969.879439,10857
95969.896928,10858
95969.913177,10859
95969.929674,10860
95969.946819,10861
95969.962705,10862
95969.978147,10863
95969.993309,10864
95970.008993,10865
95970.024609,10866
95970.038837,10867
95970.054845,10868
95970.069729,10869
95970.085320,10870
95970.100576,10871
95970.116901,10872
95970.133137,10873
95970.147330,10874
95970.162227,10875
95970.178712,10876
95970.194706,10877
95970.211026,10878
95970.226221,10879
95970.241789,10880
95970.257733,10881
95970.274974,10882
95970.292779,10883
95970.308721,10884
95970.326823,10885
95970.342877,10886
95970.358951,10887
95970.373922,10888
95970.389540,10889
95970.405554,10890
95970.421633,10891
95970.437847,10892
95970.452453,10893
95970.467996,10894
95970.484045,10895
95970.499457,10896
95970.514927,10897
95970.529751,10898
95970.544287,10899
95970.558643,10900
95970.575332,10901
95970.589981,10902
95970.606788,10903
95970.622118,10904
95970.637843,10905
95970.652870,10906
95970.668285,10907
95970.684273,10908
95970.701488,10909
95970.717171,10910
95970.732008,10911
95970.747710,10912
95970.764754,10913
95970.780892,10914
95970.796803,10915
95970.814339,10916
95970.831268,10917
95970.847317,10918
95970.863436,10919
95970.878534,10920
95970.894462,10921
95970.911045,10922
95970.925765,10923
95970.942509,10924
95970.956008,10925
95970.971513,10926
95970.986032,10927
95971.002065,10928
95971.016895,10929
95971.031746,10930
95971.045968,10931
95971.060985,10932
95971.075708,10933
95971.092171,10934
95971.106784,10935
95971.122161,10936
95971.136849,10937
95971.151536,10938
95971.165925,10939
95971.181388,10940
95971.196745,10941
95971.212777,10942
95971.227989,10943
95971.243447,10944
95971.258761,10945
95971.276046,10946
95971.291009,10947
95971.307529,10948
95971.323194,10949
95971.341297,10950
95971.356861,10951
95971.373367,10952
95971.389935,10953
95971.405694,10954
95971.421681,10955
95971.436822,10956
95971.453290,10957
95971.468748,10958
95971.484533,10959
95971.499323,10960
95971.515721,10961
95971.531889,10962
95971.547042,10963
95971.564935,10964
95971.582714,10965
95971.600027,10966
95971.616467,10967
95971.632804,10968
95971.651224,10969
95971.668485,10970
95971.684970,10971
95971.700639,10972
95971.716531,10973
95971.731375,10974
95971.747246,10975
95971.763143,10976
95971.778359,10977
95971.794448,10978
95971.810308,10979
95971.825250,10980
95971.841474,10981
95971.856829,10982
95971.872728,10983
95971.887399,10984
95971.902569,10985
95971.916078,10986
95971.931258,10987
95971.947127,10988
95971.963042,10989
95971.978173,10990
95971.994914,10991
95972.012344,10992
95972.031279,10993
95972.048329,10994
95972.068036,10995
95972.085131,10996
95972.102233,10997
95972.117568,10998
95972.132683,10999
95974.416426,11250
95974.427083,11251
95974.436300,11252
95974.446631,11253
95974.456318,11254
95974.466187,11255
95974.475797,11256
95974.485147,11257
95974.497845,11258
95974.508225,11259
95974.519669,11260
95974.530512,11261
95974.540741,11262
95974.550391,11263
95974.560139,11264
95974.570744,11265
95974.581024,11266
95974.591299,11267
95974.602327,11268
95974.612748,11269
95974.623071,11270
95974.633832,11271
95974.644419,11272
95974.654518,11273
95974.664241,11274
95974.674841,11275
95974.685967,11276
95974.699161,11277
95974.710630,11278
95974.720331,11279
95974.730884,11280
95974.741256,11281
95974.751870,11282
95974.761567,11283
95974.771924,11284
95974.781415,11285
95974.792381,11286
95974.802289,11287
95974.812344,11288
95974.823638,11289
95974.835515,11290
95974.847076,11291
95974.856921,11292
95974.867565,11293
95974.877456,11294
95974.887168,11295
95974.896627,11296
95974.906589,11297
95974.916334,11298
95974.926681,11299
95974.939617,11300
95974.949851,11301
95974.960317,11302
95974.970727,11303
95974.980785,11304
95974.990877,11305
95975.000670,11306
95975.010802,11307
95975.020339,11308
95975.030270,11309
95975.039735,11310
95975.050500,11311
95975.060161,11312
95975.070480,11313
95975.080058,11314
95975.089796,11315
95975.099178,11316
95975.109048,11317
95975.118734,11318
95975.128652,11319
95975.138521,11320
95975.148464,11321
95975.157897,11322
95975.168174,11323
95975.177452,11324
95975.187214,11325
95975.196578,11326
95975.206589,11327
95975.216550,11328
95975.226168,11329
95975.235498,11330
95975.246741,11331
95975.256510,11332
95975.266352,11333
95975.276382,11334
95975.287224,11335
95975.297055,11336
95975.307330,11337
95975.317985,11338
95975.328620,11339
95975.338565,11340
95975.349403,11341
95975.365986,11342
95975.380990,11343
95975.390951,11344
95975.401130,11345
95975.411760,11346
95975.421980,11347
95975.432194,11348
95975.442200,11349
95975.452234,11350
95975.462574,11351
95975.472083,11352
95975.481847,11353
95975.491922,11354
95975.503719,11355
95975.513265,11356
95975.523184,11357
95975.532784,11358
95975.543608,11359
95975.553416,11360
95975.563857,11361
95975.574123,11362
95975.585209,11363
95975.595876,11364
95975.607253,11365
95975.617373,11366
95975.628269,11367
95975.638451,11368
95975.648802,11369
95975.658772,11370
95975.669118,11371
95975.678922,11372
95975.689365,11373
95975.699356,11374
95975.709944,11375
95975.719940,11376
95975.730209,11377
95975.739756,11378
95975.750035,11379
95975.759814,11380
95975.769576,11381
95975.779399,11382
95975.790008,11383
95975.800392,11384
95975.811855,11385
95975.822546,11386
95975.833523,11387
95975.843373,11388
95975.853333,11389
95975.862962,11390
95975.872858,11391
95975.882196,11392
95975.892081,11393
95975.901636,11394
95975.911537,11395
95975.921665,11396
95975.931931,11397
95975.941404,11398
95975.951428,11399
95975.963023,11400
95975.973161,11401
95975.982819,11402
95975.992997,11403
95976.002870,11404
95976.012850,11405
95976.022530,11406
95976.032376,11407
95976.041549,11408
95976.051176,11409
95976.060552,11410
95976.071226,11411
95976.080767,11412
95976.091030,11413
95976.100318,11414
95976.110226,11415
95976.119663,11416
95976.129521,11417
95976.139013,11418
95976.148947,11419
95976.158402,11420
95976.168228,11421
95976.177616,11422
95976.187539,11423
95976.197088,11424
95976.207050,11425
95976.216903,11426
95976.226829,11427
95976.236204,11428
95976.245823,11429
95976.255138,11430
95976.265522,11431
95976.275513,11432
95976.285667,11433
95976.295033,11434
95976.305025,11435
95976.314275,11436
95976.324583,11437
95976.334745,11438
95976.345490,11439
95976.355628,11440
95976.365936,11441
95976.375619,11442
95976.385486,11443
95976.394534,11444
95976.404364,11445
95976.414082,11446
95976.423947,11447
95976.433399,11448
95976.443356,11449
95976.453286,11450
95976.463310,11451
95976.472982,11452
95976.483277,11453
95976.492620,11454
95976.502410,11455
95976.511847,11456
95976.521811,11457
95976.530992,11458
95976.540868,11459
95976.550471,11460
95976.560457,11461
95976.570511,11462
95976.580742,11463
95976.590437,11464
95976.600859,11465
95976.610677,11466
95976.621365,11467
95976.631436,11468
95976.642031,11469
95976.651775,11470
95976.662071,11471
95976.671425,11472
95976.681579,11473
95976.691295,11474
95976.701424,11475
95976.710878,11476
95976.720657,11477
95976.730278,11478
95976.740521,11479
95976.749813,11480
95976.760622,11481
95976.770298,11482
95976.780293,11483
95976.789638,11484
95976.799554,11485
95976.808772,11486
95976.818708,11487
95976.828855,11488
95976.838868,11489
95976.849024,11490
95976.859088,11491
95976.869039,11492
95976.878853,11493
95976.888164,11494
95976.898687,11495
95976.909004,11496
95976.918956,11497
95976.928783,11498
95976.939502,11499
95980.518318,11500
95980.528490,11501
95980.544083,11502
95980.559084,11503
95980.574828,11504
95980.590270,11505
95980.605673,11506
95980.615687,11507
95980.628575,11508
95980.643768,11509
95980.659577,11510
95980.669159,11511
95980.680019,11512
95980.695359,11513
95980.711175,11514
95980.722519,11515
95980.738469,11516
95980.752177,11517
95980.761987,11518
95980.776851,11519
95980.791544,11520
95980.807850,11521
95980.819295,11522
95980.833481,11523
95980.847888,11524
95980.862939,11525
95980.877085,11526
95980.891610,11527
95980.906955,11528
95980.923811,11529
95980.936171,11530
95980.950815,11531
95980.965856,11532
95980.979856,11533
95980.995022,11534
95981.009237,11535
95981.018467,11536
95981.033577,11537
95981.048581,11538
95981.061614,11539
95981.074716,11540
95981.084106,11541
95981.096433,11542
95981.110716,11543
95981.125374,11544
95981.138279,11545
95981.147810,11546
95981.161787,11547
95981.175814,11548
95981.190944,11549
95981.202902,11550
95981.217388,11551
95981.233634,11552
95981.243648,11553
95981.259338,11554
95981.277703,11555
95981.292240,11556
95981.306458,11557
95981.316770,11558
95981.326553,11559
95981.336376,11560
95981.352819,11561
95981.368853,11562
95981.383641,11563
95981.398932,11564
95981.408370,11565
95981.418583,11566
95981.434849,11567
95981.449888,11568
95981.465905,11569
95981.475587,11570
95981.488537,11571
95981.504280,11572
95981.520027,11573
95981.535572,11574
95981.552770,11575
95981.570449,11576
95981.585006,11577
95981.602256,11578
95981.618122,11579
95981.634339,11580
95981.644700,11581
95981.654643,11582
95981.669814,11583
95981.681044,11584
95981.695330,11585
95981.705213,11586
95981.720842,11587
95981.734560,11588
95981.749551,11589
95981.759710,11590
95981.774747,11591
95981.790177,11592
95981.805986,11593
95981.818089,11594
95981.832818,11595
95981.845966,11596
95981.859992,11597
95981.873353,11598
95981.887715,11599
95981.903927,11600
95981.919368,11601
95981.932395,11602
95981.947912,11603
95981.958303,11604
95981.973143,11605
95981.983196,11606
95981.997766,11607
95982.008961,11608
95982.024233,11609
95982.034593,11610
95982.043988,11611
95982.061117,11612
95982.077377,11613
95982.092896,11614
95982.107613,11615
95982.123038,11616
95982.137858,11617
95982.151752,11618
95982.161727,11619
95982.176987,11620
95982.187388,11621
95982.201410,11622
95982.214974,11623
95982.230971,11624
95982.245873,11625
95982.256181,11626
95982.270515,11627
95982.286246,11628
95982.301959,11629
95982.312233,11630
95982.326597,11631
95982.340698,11632
95982.354907,11633
95982.369266,11634
95982.384596,11635
95982.399497,11636
95982.409368,11637
95982.424843,11638
95982.439262,11639
95982.450016,11640
95982.465316,11641
95982.475759,11642
95982.491279,11643
95982.506750,11644
95982.522172,11645
95982.532408,11646
95982.547116,11647
95982.557458,11648
95982.572385,11649
95982.585074,11650
95982.596152,11651
95982.612249,11652
95982.626871,11653
95982.641585,11654
95982.657716,11655
95982.672760,11656
95982.687974,11657
95982.697846,11658
95982.712714,11659
95982.722495,11660
95982.737028,11661
95982.753970,11662
95982.768932,11663
95982.778589,11664
95982.793822,11665
95982.808258,11666
95982.823282,11667
95982.838165,11668
95982.852803,11669
95982.868131,11670
95982.878450,11671
95982.896059,11672
95982.915382,11673
95982.930041,11674
95982.940505,11675
95982.954698,11676
95982.970024,11677
95982.985143,11678
95982.998965,11679
95983.011216,11680
95983.026085,11681
95983.041845,11682
95983.051739,11683
95983.066866,11684
95983.080012,11685
95983.090426,11686
95983.104727,11687
95983.118744,11688
95983.130931,11689
95983.148800,11690
95983.162356,11691
95983.176457,11692
95983.191369,11693
95983.206403,11694
95983.222093,11695
95983.236785,11696
95983.249935,11697
95983.261814,11698
95983.275769,11699
95983.290806,11700
95983.304885,11701
95983.319959,11702
95983.333192,11703
95983.345686,11704
95983.359244,11705
95983.373697,11706
95983.387998,11707
95983.403444,11708
95983.415894,11709
95983.426331,11710
95983.436807,11711
95983.451463,11712
95983.461743,11713
95983.477409,11714
95983.492569,11715
95983.503631,11716
95983.515501,11717
95983.530844,11718
95983.545358,11719
95983.558998,11720
95983.572574,11721
95983.586713,11722
95983.601872,11723
95983.614536,11724
95983.628716,11725
95983.641714,11726
95983.656603,11727
95983.666780,11728
95983.681476,11729
95983.697174,11730
95983.707681,11731
95983.722203,11732
95983.736577,11733
95983.746590,11734
95983.761729,11735
95983.776908,11736
95983.789016,11737
95983.803920,11738
95983.818335,11739
95983.828316,11740
95983.839339,11741
95983.853729,11742
95983.868707,11743
95983.883375,11744
95983.899543,11745
95983.910628,11746
95983.926438,11747
95983.943327,11748
95983.960316,11749
95988.119804,11750
95988.136082,11751
95988.150341,11752
95988.164977,11753
95988.181550,11754
95988.198387,11755
95988.216346,11756
95988.236321,11757
95988.248446,11758
95988.260644,11759
95988.275804,11760
95988.289067,11761
95988.305424,11762
95988.324319,11763
95988.340032,11764
95988.358692,11765
95988.371630,11766
95988.384113,11767
95988.396614,11768
95988.408932,11769
95988.425510,11770
95988.441977,11771
95988.457624,11772
95988.473851,11773
95988.487893,11774
95988.499215,11775
95988.512330,11776
95988.530349,11777
95988.546634,11778
95988.559893,11779
95988.570985,11780
95988.581327,11781
95988.599060,11782
95988.618245,11783
95988.641753,11784
95988.659256,11785
95988.674684,11786
95988.690715,11787
95988.705068,11788
95988.718177,11789
95988.735375,11790
95988.752562,11791
95988.765461,11792
95988.778272,11793
95988.789130,11794
95988.802824,11795
95988.816954,11796
95988.831853,11797
95988.849551,11798
95988.862930,11799
95988.879447,11800
95988.890347,11801
95988.905625,11802
95988.920235,11803
95988.933861,11804
95988.945219,11805
95988.962918,11806
95988.979334,11807
95988.994851,11808
95989.008469,11809
95989.021567,11810
95989.031648,11811
95989.046989,11812
95989.059502,11813
95989.071556,11814
95989.085833,11815
95989.097984,11816
95989.109293,11817
95989.123931,11818
95989.138765,11819
95989.153808,11820
95989.167520,11821
95989.181922,11822
95989.193653,11823
95989.203421,11824
95989.216078,11825
95989.226186,11826
95989.240295,11827
95989.250132,11828
95989.266913,11829
95989.281540,11830
95989.293132,11831
95989.304416,11832
95989.317663,11833
95989.327970,11834
95989.341544,11835
95989.355716,11836
95989.366683,11837
95989.381368,11838
95989.396277,11839
95989.412728,11840
95989.427970,11841
95989.439307,11842
95989.454238,11843
95989.464410,11844
95989.477785,11845
95989.491964,11846
95989.505860,11847
95989.520766,11848
95989.536364,11849
95989.548371,11850
95989.561400,11851
95989.577079,11852
95989.589416,11853
95989.603784,11854
95989.618211,11855
95989.628900,11856
95989.640574,11857
95989.655465,11858
95989.668320,11859
95989.682637,11860
95989.696879,11861
95989.711951,11862
95989.725077,11863
95989.737154,11864
95989.749979,11865
95989.764930,11866
95989.777135,11867
95989.790079,11868
95989.804769,11869
95989.816631,11870
95989.831393,11871
95989.844254,11872
95989.854014,11873
95989.867482,11874
95989.880389,11875
95989.890376,11876
95989.904285,11877
95989.914485,11878
95989.928277,11879
95989.942436,11880
95989.957266,11881
95989.971830,11882
95989.982685,11883
95989.994865,11884
95990.008166,11885
95990.020784,11886
95990.034683,11887
95990.048425,11888
95990.062945,11889
95990.077819,11890
95990.091698,11891
95990.104552,11892
95990.120759,11893
95990.132738,11894
95990.147025,11895
95990.161258,11896
95990.174922,11897
95990.189025,11898
95990.204598,11899
95990.219376,11900
95990.234816,11901
95990.249339,11902
95990.260105,11903
95990.273378,11904
95990.283834,11905
95990.295967,11906
95990.305515,11907
95990.318683,11908
95990.330484,11909
95990.345099,11910
95990.358446,11911
95990.370236,11912
95990.384819,11913
95990.394742,11914
95990.407338,11915
95990.419729,11916
95990.429724,11917
95990.443910,11918
95990.457798,11919
95990.469550,11920
95990.484483,11921
95990.497383,11922
95990.511595,11923
95990.526400,11924
95990.536787,11925
95990.551459,11926
95990.563612,11927
95990.577297,11928
95990.589489,11929
95990.600312,11930
95990.613093,11931
95990.628771,11932
95990.643393,11933
95990.655835,11934
95990.668007,11935
95990.678981,11936
95990.695624,11937
95990.711695,11938
95990.723174,11939
95990.736795,11940
95990.749752,11941
95990.765983,11942
95990.778491,11943
95990.794703,11944
95990.808840,11945
95990.821301,11946
95990.832285,11947
95990.845059,11948
95990.860577,11949
95990.876402,11950
95990.889562,11951
95990.903796,11952
95990.914673,11953
95990.930220,11954
95990.945988,11955
95990.955877,11956
95990.967828,11957
95990.983383,11958
95990.998402,11959
95991.011794,11960
95991.022805,11961
95991.033204,11962
95991.048629,11963
95991.063706,11964
95991.074633,11965
95991.084710,11966
95991.098925,11967
95991.112920,11968
95991.123377,11969
95991.137696,11970
95991.150764,11971
95991.160918,11972
95991.174073,11973
95991.187199,11974
95991.201776,11975
95991.218731,11976
95991.234197,11977
95991.248885,11978
95991.262816,11979
95991.275761,11980
95991.289424,11981
95991.304643,11982
95991.314742,11983
95991.329309,11984
95991.342253,11985
95991.351871,11986
95991.362239,11987
95991.376490,11988
95991.389954,11989
95991.403324,11990
95991.418627,11991
95991.433678,11992
95991.445785,11993
95991.460522,11994
95991.472832,11995
95991.483740,11996
95991.498643,11997
95991.514530,11998
95991.529877,11999
95995.644090,12000
95995.661426,12001
95995.676651,12002
95995.696437,12003
95995.713492,12004
95995.731064,12005
95995.754894,12006
95995.769981,12007
95995.788139,12008
95995.809314,12009
95995.825161,12010
95995.840310,12011
95995.857917,12012
95995.884181,12013
95995.902455,12014
95995.917676,12015
95995.934702,12016
95995.951599,12017
95995.967614,12018
95995.991034,12019
95996.007786,12020
95996.032213,12021
95996.047998,12022
95996.064700,12023
95996.080435,12024
95996.095489,12025
95996.113865,12026
95996.134346,12027
95996.149565,12028
95996.167607,12029
95996.188654,12030
95996.203719,12031
95996.227572,12032
95996.249060,12033
95996.266075,12034
95996.279929,12035
95996.294519,12036
95996.315621,12037
95996.332085,12038
95996.346874,12039
95996.371557,12040
95996.389418,12041
95996.409529,12042
95996.425683,12043
95996.445362,12044
95996.467738,12045
95996.492687,12046
95996.510533,12047
95996.527406,12048
95996.543837,12049
95996.561357,12050
95996.589578,12051
95996.606243,12052
95996.622832,12053
95996.639978,12054
95996.656606,12055
95996.671771,12056
95996.687440,12057
95996.710604,12058
95996.726984,12059
95996.745014,12060
95996.761592,12061
95996.778346,12062
95996.798230,12063
95996.813664,12064
95996.828344,12065
95996.845138,12066
95996.862196,12067
95996.881965,12068
95996.901788,12069
95996.924510,12070
95996.941608,12071
95996.957380,12072
95996.972932,12073
95996.995728,12074
95997.009899,12075
95997.028567,12076
95997.050216,12077
95997.068576,12078
95997.082992,12079
95997.098871,12080
95997.113815,12081
95997.127930,12082
95997.148445,12083
95997.164755,12084
95997.179840,12085
95997.195980,12086
95997.214475,12087
95997.229377,12088
95997.248082,12089
95997.264465,12090
95997.279912,12091
95997.296056,12092
95997.313238,12093
95997.332581,12094
95997.347626,12095
95997.363760,12096
95997.379804,12097
95997.397282,12098
95997.417095,12099
95997.433573,12100
95997.448812,12101
95997.463538,12102
95997.481332,12103
95997.495465,12104
95997.512048,12105
95997.527748,12106
95997.546093,12107
95997.561705,12108
95997.578182,12109
95997.592800,12110
95997.608546,12111
95997.622769,12112
95997.638354,12113
95997.657881,12114
95997.673296,12115
95997.688980,12116
95997.707834,12117
95997.724796,12118
95997.740633,12119
95997.756785,12120
95997.772215,12121
95997.785774,12122
95997.804766,12123
95997.820768,12124
95997.836185,12125
95997.853635,12126
95997.869153,12127
95997.884165,12128
95997.901508,12129
95997.917222,12130
95997.933241,12131
95997.954413,12132
95997.968631,12133
95997.986837,12134
95998.000460,12135
95998.016097,12136
95998.035455,12137
95998.051530,12138
95998.066753,12139
95998.084774,12140
95998.101671,12141
95998.118951,12142
95998.133592,12143
95998.149650,12144
95998.162653,12145
95998.176584,12146
95998.192025,12147
95998.210644,12148
95998.226124,12149
95998.243524,12150
95998.261090,12151
95998.281092,12152
95998.295715,12153
95998.315010,12154
95998.330371,12155
95998.344280,12156
95998.359227,12157
95998.376630,12158
95998.390869,12159
95998.405551,12160
95998.422688,12161
95998.438452,12162
95998.454337,12163
95998.473291,12164
95998.488501,12165
95998.501938,12166
95998.520170,12167
95998.538585,12168
95998.558372,12169
95998.572140,12170
95998.588708,12171
95998.604209,12172
95998.624659,12173
95998.639824,12174
95998.653514,12175
95998.669864,12176
95998.689211,12177
95998.704537,12178
95998.719538,12179
95998.738660,12180
95998.755141,12181
95998.773730,12182
95998.787529,12183
95998.804574,12184
95998.824538,12185
95998.840189,12186
95998.856022,12187
95998.873049,12188
95998.888195,12189
95998.908892,12190
95998.923717,12191
95998.939325,12192
95998.957025,12193
95998.976415,12194
95998.990805,12195
95999.005569,12196
95999.020316,12197
95999.034751,12198
95999.048771,12199
95999.063984,12200
95999.080726,12201
95999.098184,12202
95999.114221,12203
95999.130300,12204
95999.147232,12205
95999.168372,12206
95999.185508,12207
95999.202615,12208
95999.221441,12209
95999.240880,12210
95999.259411,12211
95999.275424,12212
95999.291685,12213
95999.307308,12214
95999.322098,12215
95999.337614,12216
95999.354700,12217
95999.369278,12218
95999.386187,12219
95999.400034,12220
95999.416413,12221
95999.429772,12222
95999.446267,12223
95999.460756,12224
95999.474872,12225
95999.489172,12226
95999.505439,12227
95999.521075,12228
95999.541197,12229
95999.557614,12230
95999.572583,12231
95999.587518,12232
95999.603501,12233
95999.619363,12234
95999.636895,12235
95999.656815,12236
95999.674916,12237
95999.690475,12238
95999.703787,12239
95999.719261,12240
95999.734264,12241
95999.749762,12242
95999.764691,12243
95999.781800,12244
95999.795923,12245
95999.815482,12246
95999.831261,12247
95999.850321,12248
95999.864587,12249
96002.923865,12250
96002.935652,12251
96002.945838,12252
96002.956299,12253
96002.966795,12254
96002.976874,12255
96002.986386,12256
96002.996396,12257
96003.006591,12258
96003.016819,12259
96003.027165,12260
96003.036501,12261
96003.047033,12262
96003.056700,12263
96003.066796,12264
96003.076796,12265
96003.086506,12266
96003.096577,12267
96003.106148,12268
96003.115959,12269
96003.125323,12270
96003.135167,12271
96003.144666,12272
96003.154355,12273
96003.164259,12274
96003.173266,12275
96003.182784,12276
96003.193200,12277
96003.202748,12278
96003.212519,12279
96003.222276,12280
96003.232040,12281
96003.242083,12282
96003.253149,12283
96003.264500,12284
96003.276316,12285
96003.287421,12286
96003.298334,12287
96003.308877,12288
96003.320042,12289
96003.331092,12290
96003.342539,12291
96003.352681,12292
96003.362875,12293
96003.372613,12294
96003.382561,12295
96003.391968,12296
96003.401564,12297
96003.411660,12298
96003.421550,12299
96003.433316,12300
96003.443228,12301
96003.452458,12302
96003.461796,12303
96003.471672,12304
96003.481367,12305
96003.490875,12306
96003.500895,12307
96003.510881,12308
96003.520520,12309
96003.530413,12310
96003.540585,12311
96003.550048,12312
96003.559161,12313
96003.568979,12314
96003.578298,12315
96003.588157,12316
96003.597758,12317
96003.607472,12318
96003.617372,12319
96003.627904,12320
96003.638307,12321
96003.648893,12322
96003.659377,12323
96003.670583,12324
96003.680741,12325
96003.691075,12326
96003.701583,12327
96003.711721,12328
96003.720990,12329
96003.730462,12330
96003.739660,12331
96003.749149,12332
96003.758783,12333
96003.767761,12334
96003.777470,12335
96003.787225,12336
96003.797408,12337
96003.807066,12338
96003.817091,12339
96003.826390,12340
96003.836759,12341
96003.846159,12342
96003.856914,12343
96003.866722,12344
96003.876728,12345
96003.886125,12346
96003.895875,12347
96003.905258,12348
96003.915591,12349
96003.925411,12350
96003.935271,12351
96003.944501,12352
96003.954305,12353
96003.963774,12354
96003.973667,12355
96003.982855,12356
96003.993239,12357
96004.003047,12358
96004.012820,12359
96004.022178,12360
96004.032302,12361
96004.042010,12362
96004.051631,12363
96004.060986,12364
96004.071205,12365
96004.080941,12366
96004.090996,12367
96004.100561,12368
96004.110451,12369
96004.120363,12370
96004.130435,12371
96004.139950,12372
96004.149895,12373
96004.160126,12374
96004.169881,12375
96004.179268,12376
96004.189227,12377
96004.199371,12378
96004.209092,12379
96004.218341,12380
96004.228261,12381
96004.237734,12382
96004.247702,12383
96004.256933,12384
96004.267136,12385
96004.276586,12386
96004.286431,12387
96004.295829,12388
96004.307483,12389
96004.318466,12390
96004.328926,12391
96004.339686,12392
96004.350587,12393
96004.360814,12394
96004.371282,12395
96004.381261,12396
96004.392085,12397
96004.402221,12398
96004.413023,12399
96004.425627,12400
96004.436244,12401
96004.446435,12402
96004.457044,12403
96004.466876,12404
96004.477636,12405
96004.488251,12406
96004.498908,12407
96004.509194,12408
96004.519299,12409
96004.528885,12410
96004.538873,12411
96004.548565,12412
96004.558985,12413
96004.568798,12414
96004.579534,12415
96004.589808,12416
96004.600707,12417
96004.610843,12418
96004.621106,12419
96004.631442,12420
96004.642117,12421
96004.651916,12422
96004.662567,12423
96004.672920,12424
96004.683446,12425
96004.693490,12426
96004.703910,12427
96004.714166,12428
96004.724659,12429
96004.734346,12430
96004.744090,12431
96004.753418,12432
96004.763197,12433
96004.772711,12434
96004.782985,12435
96004.792288,12436
96004.802331,12437
96004.811592,12438
96004.821643,12439
96004.831281,12440
96004.841488,12441
96004.851359,12442
96004.861219,12443
96004.871028,12444
96004.880919,12445
96004.890512,12446
96004.900812,12447
96004.910689,12448
96004.920969,12449
96004.930586,12450
96004.940330,12451
96004.949947,12452
96004.961859,12453
96004.972983,12454
96004.983996,12455
96004.993923,12456
96005.004184,12457
96005.013586,12458
96005.023156,12459
96005.032678,12460
96005.042992,12461
96005.052852,12462
96005.062566,12463
96005.072090,12464
96005.081948,12465
96005.091160,12466
96005.101248,12467
96005.110476,12468
96005.120526,12469
96005.129974,12470
96005.139524,12471
96005.148909,12472
96005.158866,12473
96005.168524,12474
96005.178712,12475
96005.188262,12476
96005.199657,12477
96005.209183,12478
96005.219084,12479
96005.228630,12480
96005.238432,12481
96005.248418,12482
96005.258346,12483
96005.267650,12484
96005.277542,12485
96005.286792,12486
96005.296820,12487
96005.306206,12488
96005.315948,12489
96005.325540,12490
96005.335334,12491
96005.345582,12492
96005.355712,12493
96005.364804,12494
96005.374367,12495
96005.383915,12496
96005.394435,12497
96005.403867,12498
96005.413584,12499
96009.095604,12500
96009.106714,12501
96009.116795,12502
96009.132086,12503
96009.146440,12504
96009.156634,12505
96009.169593,12506
96009.184420,12507
96009.194219,12508
96009.207338,12509
96009.223355,12510
96009.238759,12511
96009.252613,12512
96009.265901,12513
96009.279575,12514
96009.290311,12515
96009.302644,12516
96009.315907,12517
96009.328699,12518
96009.341813,12519
96009.355861,12520
96009.368856,12521
96009.382540,12522
96009.396524,12523
96009.412247,12524
96009.422544,12525
96009.431951,12526
96009.441607,12527
96009.454257,12528
96009.467682,12529
96009.483525,12530
96009.496674,12531
96009.507175,12532
96009.523579,12533
96009.533577,12534
96009.547781,12535
96009.562841,12536
96009.577496,12537
96009.593389,12538
96009.606244,12539
96009.620479,12540
96009.634809,12541
96009.649696,12542
96009.663972,12543
96009.677043,12544
96009.690984,12545
96009.700955,12546
96009.717289,12547
96009.730790,12548
96009.744489,12549
96009.756549,12550
96009.770141,12551
96009.780058,12552
96009.790573,12553
96009.804333,12554
96009.817608,12555
96009.832643,12556
96009.842550,12557
96009.856515,12558
96009.870784,12559
96009.881936,12560
96009.891632,12561
96009.906886,12562
96009.921031,12563
96009.934462,12564
96009.943828,12565
96009.957193,12566
96009.971430,12567
96009.981227,12568
96009.994425,12569
96010.009257,12570
96010.023851,12571
96010.037037,12572
96010.050013,12573
96010.063209,12574
96010.073181,12575
96010.082792,12576
96010.092945,12577
96010.106428,12578
96010.119464,12579
96010.134047,12580
96010.147943,12581
96010.163686,12582
96010.179430,12583
96010.193596,12584
96010.206891,12585
96010.217033,12586
96010.229380,12587
96010.242524,12588
96010.254046,12589
96010.263415,12590
96010.277795,12591
96010.292851,12592
96010.307682,12593
96010.322333,12594
96010.335716,12595
96010.349051,12596
96010.358989,12597
96010.371912,12598
96010.384045,12599
96010.398431,12600
96010.414107,12601
96010.427628,12602
96010.443706,12603
96010.456651,12604
96010.469020,12605
96010.480880,12606
96010.494646,12607
96010.504491,12608
96010.519699,12609
96010.532080,12610
96010.541811,12611
96010.551369,12612
96010.565914,12613
96010.579325,12614
96010.592609,12615
96010.604495,12616
96010.619693,12617
96010.634495,12618
96010.647869,12619
96010.658587,12620
96010.673724,12621
96010.683598,12622
96010.696970,12623
96010.707410,12624
96010.719909,12625
96010.731923,12626
96010.745146,12627
96010.759153,12628
96010.771222,12629
96010.785361,12630
96010.795208,12631
96010.807443,12632
96010.817903,12633
96010.828096,12634
96010.841201,12635
96010.856499,12636
96010.867280,12637
96010.881046,12638
96010.890512,12639
96010.905089,12640
96010.917945,12641
96010.927433,12642
96010.937795,12643
96010.953180,12644
96010.965839,12645
96010.981011,12646
96010.994672,12647
96011.007954,12648
96011.021572,12649
96011.037426,12650
96011.047382,12651
96011.062652,12652
96011.074309,12653
96011.084345,12654
96011.098774,12655
96011.110541,12656
96011.122197,12657
96011.135017,12658
96011.145979,12659
96011.159531,12660
96011.173382,12661
96011.182986,12662
96011.193417,12663
96011.203286,12664
96011.216935,12665
96011.229492,12666
96011.242656,12667
96011.254227,12668
96011.266133,12669
96011.275501,12670
96011.286439,12671
96011.301688,12672
96011.312698,12673
96011.324087,12674
96011.333787,12675
96011.346424,12676
96011.356505,12677
96011.368831,12678
96011.385367,12679
96011.400454,12680
96011.412437,12681
96011.424946,12682
96011.441947,12683
96011.456128,12684
96011.466448,12685
96011.480275,12686
96011.494487,12687
96011.509212,12688
96011.519736,12689
96011.529846,12690
96011.543518,12691
96011.557520,12692
96011.570808,12693
96011.582512,12694
96011.596750,12695
96011.610478,12696
96011.625993,12697
96011.637139,12698
96011.647016,12699
96011.659156,12700
96011.677688,12701
96011.693375,12702
96011.708224,12703
96011.721833,12704
96011.731443,12705
96011.745434,12706
96011.754568,12707
96011.764589,12708
96011.778304,12709
96011.793413,12710
96011.807809,12711
96011.820891,12712
96011.831316,12713
96011.843018,12714
96011.857193,12715
96011.871744,12716
96011.881549,12717
96011.895182,12718
96011.904525,12719
96011.918458,12720
96011.931637,12721
96011.947280,12722
96011.964211,12723
96011.978776,12724
96011.988692,12725
96012.000459,12726
96012.013726,12727
96012.028993,12728
96012.042605,12729
96012.056531,12730
96012.066925,12731
96012.078571,12732
96012.091163,12733
96012.101609,12734
96012.114031,12735
96012.131028,12736
96012.143567,12737
96012.153213,12738
96012.166723,12739
96012.181174,12740
96012.195209,12741
96012.208266,12742
96012.217844,12743
96012.230810,12744
96012.241368,12745
96012.254208,12746
96012.267845,12747
96012.280870,12748
96012.297612,12749
96016.387511,12750
96016.405253,12751
96016.420366,12752
96016.431621,12753
96016.447270,12754
96016.461294,12755
96016.475935,12756
96016.491113,12757
96016.507459,12758
96016.522762,12759
96016.536641,12760
96016.552639,12761
96016.568125,12762
96016.583031,12763
96016.597861,12764
96016.612926,12765
96016.627743,12766
96016.639662,12767
96016.654570,12768
96016.666214,12769
96016.680456,12770
96016.695512,12771
96016.706174,12772
96016.720485,12773
96016.733445,12774
96016.748115,12775
96016.761260,12776
96016.775676,12777
96016.788741,12778
96016.803416,12779
96016.817310,12780
96016.832131,12781
96016.847298,12782
96016.862714,12783
96016.873701,12784
96016.884896,12785
96016.900481,12786
96016.915217,12787
96016.928337,12788
96016.939657,12789
96016.954563,12790
96016.971311,12791
96016.985873,12792
96016.996545,12793
96017.009578,12794
96017.024409,12795
96017.040457,12796
96017.053086,12797
96017.067844,12798
96017.081570,12799
96017.098039,12800
96017.113442,12801
96017.128408,12802
96017.144239,12803
96017.158337,12804
96017.173524,12805
96017.187796,12806
96017.198493,12807
96017.213564,12808
96017.224059,12809
96017.237564,12810
96017.252038,12811
96017.265918,12812
96017.280936,12813
96017.296342,12814
96017.310794,12815
96017.324038,12816
96017.337569,12817
96017.348645,12818
96017.363419,12819
96017.378567,12820
96017.393471,12821
96017.405260,12822
96017.418898,12823
96017.432092,12824
96017.443015,12825
96017.457434,12826
96017.471091,12827
96017.484580,12828
96017.498689,12829
96017.513610,12830
96017.526693,12831
96017.541896,12832
96017.556893,12833
96017.567821,12834
96017.582621,12835
96017.598349,12836
96017.614384,12837
96017.631084,12838
96017.647099,12839
96017.662023,12840
96017.677586,12841
96017.688852,12842
96017.704485,12843
96017.719498,12844
96017.734380,12845
96017.748720,12846
96017.761619,12847
96017.775443,12848
96017.786550,12849
96017.798296,12850
96017.813255,12851
96017.828230,12852
96017.843349,12853
96017.859060,12854
96017.873843,12855
96017.889287,12856
96017.903851,12857
96017.918884,12858
96017.933442,12859
96017.944471,12860
96017.960302,12861
96017.975607,12862
96017.990459,12863
96018.005695,12864
96018.019703,12865
96018.030775,12866
96018.046292,12867
96018.061227,12868
96018.072981,12869
96018.087940,12870
96018.098845,12871
96018.113552,12872
96018.128685,12873
96018.143071,12874
96018.158556,12875
96018.173615,12876
96018.188764,12877
96018.204190,12878
96018.218795,12879
96018.234580,12880
96018.248320,12881
96018.259503,12882
96018.270496,12883
96018.286015,12884
96018.300606,12885
96018.315296,12886
96018.330595,12887
96018.344298,12888
96018.359376,12889
96018.370312,12890
96018.387490,12891
96018.401669,12892
96018.416343,12893
96018.427985,12894
96018.440095,12895
96018.456879,12896
96018.471285,12897
96018.485070,12898
96018.495704,12899
96018.513475,12900
96018.526012,12901
96018.539311,12902
96018.554081,12903
96018.566772,12904
96018.581985,12905
96018.595701,12906
96018.610259,12907
96018.624525,12908
96018.637421,12909
96018.651838,12910
96018.666823,12911
96018.681605,12912
96018.695262,12913
96018.709816,12914
96018.724302,12915
96018.735391,12916
96018.746397,12917
96018.761442,12918
96018.774505,12919
96018.788146,12920
96018.802443,12921
96018.817711,12922
96018.830143,12923
96018.845663,12924
96018.860242,12925
96018.873829,12926
96018.888736,12927
96018.901624,12928
96018.914460,12929
96018.927392,12930
96018.940927,12931
96018.954729,12932
96018.966097,12933
96018.981756,12934
96018.992632,12935
96019.005708,12936
96019.020097,12937
96019.030792,12938
96019.046210,12939
96019.059050,12940
96019.074413,12941
96019.088489,12942
96019.099150,12943
96019.112250,12944
96019.127244,12945
96019.141804,12946
96019.156659,12947
96019.171988,12948
96019.182923,12949
96019.196452,12950
96019.210674,12951
96019.224300,12952
96019.239109,12953
96019.252874,12954
96019.264034,12955
96019.278479,12956
96019.293560,12957
96019.304625,12958
96019.317567,12959
96019.330540,12960
96019.345245,12961
96019.356815,12962
96019.371036,12963
96019.386503,12964
96019.401233,12965
96019.411642,12966
96019.426623,12967
96019.442524,12968
96019.457552,12969
96019.472396,12970
96019.488242,12971
96019.498841,12972
96019.509636,12973
96019.523614,12974
96019.538285,12975
96019.551851,12976
96019.566920,12977
96019.582423,12978
96019.596611,12979
96019.610139,12980
96019.624193,12981
96019.634782,12982
96019.649761,12983
96019.664411,12984
96019.678999,12985
96019.690780,12986
96019.703929,12987
96019.715305,12988
96019.729231,12989
96019.743682,12990
96019.758087,12991
96019.769209,12992
96019.782883,12993
96019.796721,12994
96019.810714,12995
96019.825586,12996
96019.840373,12997
96019.854950,12998
96019.870791,12999
96023.707695,13000
96023.722751,13001
96023.739914,13002
96023.757530,13003
96023.774298,13004
96023.791156,13005
96023.808699,13006
96023.824786,13007
96023.841197,13008
96023.858112,13009
96023.874456,13010
96023.890634,13011
96023.906284,13012
96023.921769,13013
96023.937806,13014
96023.954568,13015
96023.972715,13016
96023.989554,13017
96024.006045,13018
96024.023221,13019
96024.040751,13020
96024.057288,13021
96024.074546,13022
96024.091587,13023
96024.110591,13024
96024.127338,13025
96024.142972,13026
96024.158617,13027
96024.174051,13028
96024.190233,13029
96024.207217,13030
96024.223951,13031
96024.241231,13032
96024.256899,13033
96024.273286,13034
96024.290975,13035
96024.307728,13036
96024.325297,13037
96024.342547,13038
96024.358732,13039
96024.377451,13040
96024.394115,13041
96024.410503,13042
96024.426520,13043
96024.443561,13044
96024.459822,13045
96024.475081,13046
96024.490466,13047
96024.505735,13048
96024.521439,13049
96024.539035,13050
96024.554902,13051
96024.569607,13052
96024.587672,13053
96024.603745,13054
96024.618998,13055
96024.635310,13056
96024.651649,13057
96024.667372,13058
96024.684630,13059
96024.700908,13060
96024.715992,13061
96024.731851,13062
96024.747487,13063
96024.762899,13064
96024.779219,13065
96024.794340,13066
96024.808416,13067
96024.823696,13068
96024.839759,13069
96024.854836,13070
96024.871678,13071
96024.887816,13072
96024.903432,13073
96024.919539,13074
96024.934973,13075
96024.950442,13076
96024.966081,13077
96024.981991,13078
96024.998424,13079
96025.015141,13080
96025.030371,13081
96025.045757,13082
96025.061826,13083
96025.077338,13084
96025.093319,13085
96025.109824,13086
96025.124616,13087
96025.139538,13088
96025.156374,13089
96025.171309,13090
96025.187201,13091
96025.201408,13092
96025.216612,13093
96025.232580,13094
96025.248990,13095
96025.264023,13096
96025.279504,13097
96025.295517,13098
96025.311392,13099
96025.326452,13100
96025.342295,13101
96025.357175,13102
96025.372038,13103
96025.388069,13104
96025.404208,13105
96025.420202,13106
96025.436437,13107
96025.451028,13108
96025.466988,13109
96025.481956,13110
96025.497418,13111
96025.512822,13112
96025.526474,13113
96025.542569,13114
96025.560064,13115
96025.575394,13116
96025.591695,13117
96025.608134,13118
96025.625483,13119
96025.642616,13120
96025.658197,13121
96025.673597,13122
96025.690210,13123
96025.706692,13124
96025.722815,13125
96025.738280,13126
96025.752488,13127
96025.768658,13128
96025.785958,13129
96025.800595,13130
96025.817562,13131
96025.833480,13132
96025.850732,13133
96025.865816,13134
96025.882744,13135
96025.898292,13136
96025.914517,13137
96025.930201,13138
96025.944629,13139
96025.959796,13140
96025.974516,13141
96025.989927,13142
96026.006261,13143
96026.021797,13144
96026.037448,13145
96026.052529,13146
96026.066863,13147
96026.082379,13148
96026.096860,13149
96026.114402,13150
96026.130285,13151
96026.144510,13152
96026.159410,13153
96026.174601,13154
96026.190975,13155
96026.206132,13156
96026.222304,13157
96026.237353,13158
96026.253223,13159
96026.269902,13160
96026.284569,13161
96026.300246,13162
96026.315454,13163
96026.330518,13164
96026.345851,13165
96026.362555,13166
96026.376778,13167
96026.392360,13168
96026.408576,13169
96026.423397,13170
96026.438502,13171
96026.453299,13172
96026.468168,13173
96026.482608,13174
96026.498847,13175
96026.514783,13176
96026.530576,13177
96026.545257,13178
96026.561410,13179
96026.577293,13180
96026.593267,13181
96026.608445,13182
96026.624212,13183
96026.638258,13184
96026.653708,13185
96026.670355,13186
96026.686886,13187
96026.702388,13188
96026.716863,13189
96026.732790,13190
96026.748723,13191
96026.764199,13192
96026.777906,13193
96026.793563,13194
96026.809842,13195
96026.826086,13196
96026.841080,13197
96026.857385,13198
96026.872505,13199
96026.888438,13200
96026.905009,13201
96026.920183,13202
96026.935376,13203
96026.950551,13204
96026.967359,13205
96026.982665,13206
96026.999378,13207
96027.014780,13208
96027.029477,13209
96027.044208,13210
96027.060096,13211
96027.076089,13212
96027.090248,13213
96027.106489,13214
96027.121489,13215
96027.137592,13216
96027.154292,13217
96027.169120,13218
96027.184993,13219
96027.202295,13220
96027.219143,13221
96027.235227,13222
96027.253196,13223
96027.276035,13224
96027.298260,13225
96027.314792,13226
96027.331201,13227
96027.348335,13228
96027.363313,13229
96027.378617,13230
96027.395298,13231
96027.412139,13232
96027.428936,13233
96027.445343,13234
96027.462679,13235
96027.478915,13236
96027.497479,13237
96027.513328,13238
96027.529581,13239
96027.545847,13240
96027.562821,13241
96027.579750,13242
96027.596582,13243
96027.613025,13244
96027.627598,13245
96027.643514,13246
96027.659892,13247
96027.676114,13248
96027.691149,13249
96029.950191,13500
96029.960507,13501
96029.975816,13502
96029.987480,13503
96029.996938,13504
96030.006189,13505
96030.015854,13506
96030.025178,13507
96030.035309,13508
96030.045160,13509
96030.055332,13510
96030.064572,13511
96030.074356,13512
96030.083628,13513
96030.093443,13514
96030.102850,13515
96030.113279,13516
96030.123159,13517
96030.133337,13518
96030.142905,13519
96030.152580,13520
96030.161836,13521
96030.171815,13522
96030.180978,13523
96030.190647,13524
96030.200313,13525
96030.210163,13526
96030.219428,13527
96030.229102,13528
96030.239016,13529
96030.248766,13530
96030.258827,13531
96030.268536,13532
96030.277891,13533
96030.287555,13534
96030.296937,13535
96030.306863,13536
96030.317418,13537
96030.327052,13538
96030.336786,13539
96030.345973,13540
96030.356281,13541
96030.365796,13542
96030.375636,13543
96030.384798,13544
96030.394393,13545
96030.404272,13546
96030.414347,13547
96030.423812,13548
96030.433320,13549
96030.443201,13550
96030.452926,13551
96030.462745,13552
96030.471824,13553
96030.481574,13554
96030.490749,13555
96030.500197,13556
96030.509116,13557
96030.519268,13558
96030.529120,13559
96030.538306,13560
96030.547868,13561
96030.557719,13562
96030.567723,13563
96030.578264,13564
96030.588700,13565
96030.599064,13566
96030.608938,13567
96030.618523,13568
96030.627862,13569
96030.638075,13570
96030.648472,13571
96030.658486,13572
96030.668428,13573
96030.678294,13574
96030.688380,13575
96030.698235,13576
96030.707405,13577
96030.717575,13578
96030.727622,13579
96030.738551,13580
96030.749022,13581
96030.760785,13582
96030.772187,13583
96030.782125,13584
96030.791365,13585
96030.800763,13586
96030.811176,13587
96030.821526,13588
96030.831390,13589
96030.841526,13590
96030.851632,13591
96030.860956,13592
96030.871061,13593
96030.880407,13594
96030.889721,13595
96030.898997,13596
96030.908983,13597
96030.918875,13598
96030.928803,13599
96030.941747,13600
96030.952035,13601
96030.962266,13602
96030.972143,13603
96030.981790,13604
96030.991164,13605
96031.000756,13606
96031.010166,13607
96031.020190,13608
96031.031430,13609
96031.042739,13610
96031.053497,13611
96031.063867,13612
96031.073315,13613
96031.086521,13614
96031.096267,13615
96031.105769,13616
96031.115700,13617
96031.124596,13618
96031.134325,13619
96031.144022,13620
96031.153726,13621
96031.164193,13622
96031.173679,13623
96031.183616,13624
96031.193278,13625
96031.203384,13626
96031.213344,13627
96031.223249,13628
96031.232667,13629
96031.242890,13630
96031.252218,13631
96031.261966,13632
96031.271410,13633
96031.280659,13634
96031.292812,13635
96031.306009,13636
96031.315910,13637
96031.325045,13638
96031.334841,13639
96031.343875,13640
96031.353621,13641
96031.363629,13642
96031.374865,13643
96031.384312,13644
96031.394604,13645
96031.404269,13646
96031.413427,13647
96031.423044,13648
96031.432961,13649
96031.442767,13650
96031.452730,13651
96031.462038,13652
96031.472187,13653
96031.482180,13654
96031.491465,13655
96031.501517,13656
96031.511576,13657
96031.520805,13658
96031.530562,13659
96031.540323,13660
96031.550053,13661
96031.559449,13662
96031.569589,13663
96031.579143,13664
96031.589499,13665
96031.599223,13666
96031.615265,13667
96031.631294,13668
96031.642540,13669
96031.652594,13670
96031.663207,13671
96031.673628,13672
96031.684321,13673
96031.694774,13674
96031.704949,13675
96031.715012,13676
96031.725502,13677
96031.736136,13678
96031.746236,13679
96031.756537,13680
96031.766701,13681
96031.777232,13682
96031.787405,13683
96031.797709,13684
96031.808356,13685
96031.818851,13686
96031.829569,13687
96031.839954,13688
96031.850100,13689
96031.860891,13690
96031.870971,13691
96031.881239,13692
96031.891035,13693
96031.901875,13694
96031.912466,13695
96031.922630,13696
96031.933585,13697
96031.943994,13698
96031.953509,13699
96031.966068,13700
96031.976203,13701
96031.985879,13702
96031.995661,13703
96032.006811,13704
96032.033207,13705
96032.045603,13706
96032.055059,13707
96032.065272,13708
96032.075125,13709
96032.084852,13710
96032.094711,13711
96032.103954,13712
96032.114419,13713
96032.124508,13714
96032.134718,13715
96032.144830,13716
96032.155361,13717
96032.165430,13718
96032.175795,13719
96032.185748,13720
96032.196269,13721
96032.206019,13722
96032.216515,13723
96032.226360,13724
96032.236626,13725
96032.246227,13726
96032.256224,13727
96032.266439,13728
96032.276618,13729
96032.286757,13730
96032.296733,13731
96032.307278,13732
96032.317424,13733
96032.326896,13734
96032.337073,13735
96032.346951,13736
96032.357509,13737
96032.367758,13738
96032.377898,13739
96032.387738,13740
96032.397831,13741
96032.407704,13742
96032.417622,13743
96032.427433,13744
96032.437425,13745
96032.447288,13746
96032.457150,13747
96032.466955,13748
96032.476971,13749
96036.375842,13750
96036.398263,13751
96036.414145,13752
96036.428968,13753
96036.442447,13754
96036.458888,13755
96036.473547,13756
96036.492360,13757
96036.505189,13758
96036.519882,13759
96036.529529,13760
96036.542996,13761
96036.558075,13762
96036.567992,13763
96036.583622,13764
96036.603159,13765
96036.619110,13766
96036.632649,13767
96036.645582,13768
96036.656444,13769
96036.671971,13770
96036.687268,13771
96036.697553,13772
96036.707611,13773
96036.723216,13774
96036.733431,13775
96036.743556,13776
96036.762618,13777
96036.778168,13778
96036.788307,13779
96036.803333,13780
96036.819677,13781
96036.834827,13782
96036.850865,13783
96036.865751,13784
96036.881712,13785
96036.896600,13786
96036.907563,13787
96036.923455,13788
96036.936895,13789
96036.946646,13790
96036.961850,13791
96036.977625,13792
96036.992776,13793
96037.003349,13794
96037.019214,13795
96037.029067,13796
96037.046344,13797
96037.063529,13798
96037.077452,13799
96037.093652,13800
96037.103351,13801
96037.118893,13802
96037.135831,13803
96037.151302,13804
96037.164799,13805
96037.182020,13806
96037.197710,13807
96037.212673,13808
96037.222097,13809
96037.238634,13810
96037.255182,13811
96037.265052,13812
96037.278351,13813
96037.295611,13814
96037.313559,13815
96037.330563,13816
96037.340641,13817
96037.356283,13818
96037.376447,13819
96037.393540,13820
96037.410188,13821
96037.428256,13822
96037.438341,13823
96037.455401,13824
96037.471270,13825
96037.489614,13826
96037.504668,13827
96037.514430,13828
96037.523964,13829
96037.534017,13830
96037.551400,13831
96037.561017,13832
96037.574553,13833
96037.584804,13834
96037.595041,13835
96037.610286,13836
96037.628529,13837
96037.646471,13838
96037.662224,13839
96037.679760,13840
96037.689637,13841
96037.707006,13842
96037.723867,13843
96037.734232,13844
96037.749803,13845
96037.759617,13846
96037.775390,13847
96037.791070,13848
96037.806332,13849
96037.825976,13850
96037.843748,13851
96037.860254,13852
96037.874213,13853
96037.889641,13854
96037.902757,13855
96037.918379,13856
96037.934288,13857
96037.944410,13858
96037.960019,13859
96037.970762,13860
96037.986979,13861
96038.001075,13862
96038.014942,13863
96038.031322,13864
96038.045268,13865
96038.055352,13866
96038.071214,13867
96038.084696,13868
96038.095375,13869
96038.110937,13870
96038.128045,13871
96038.144553,13872
96038.154632,13873
96038.164525,13874
96038.178547,13875
96038.194536,13876
96038.209853,13877
96038.224777,13878
96038.240590,13879
96038.257759,13880
96038.273420,13881
96038.290318,13882
96038.306488,13883
96038.322085,13884
96038.340560,13885
96038.357524,13886
96038.375213,13887
96038.392629,13888
96038.403140,13889
96038.420379,13890
96038.436608,13891
96038.454019,13892
96038.469361,13893
96038.485382,13894
96038.501754,13895
96038.517749,13896
96038.534817,13897
96038.552332,13898
96038.569704,13899
96038.580479,13900
96038.597514,13901
96038.615055,13902
96038.624872,13903
96038.642718,13904
96038.652787,13905
96038.670982,13906
96038.681030,13907
96038.691444,13908
96038.710112,13909
96038.719622,13910
96038.736991,13911
96038.746882,13912
96038.764081,13913
96038.781394,13914
96038.798910,13915
96038.809408,13916
96038.826125,13917
96038.836914,13918
96038.852176,13919
96038.868886,13920
96038.886275,13921
96038.901420,13922
96038.920697,13923
96038.937672,13924
96038.953232,13925
96038.970149,13926
96038.986295,13927
96039.001806,13928
96039.018600,13929
96039.028776,13930
96039.045550,13931
96039.064688,13932
96039.080838,13933
96039.090446,13934
96039.106573,13935
96039.120839,13936
96039.136321,13937
96039.153976,13938
96039.171355,13939
96039.187355,13940
96039.203490,13941
96039.219640,13942
96039.233907,13943
96039.244372,13944
96039.253999,13945
96039.264061,13946
96039.274595,13947
96039.290282,13948
96039.300546,13949
96039.319238,13950
96039.335453,13951
96039.351450,13952
96039.361665,13953
96039.377409,13954
96039.387471,13955
96039.403824,13956
96039.418632,13957
96039.428008,13958
96039.445772,13959
96039.455416,13960
96039.471423,13961
96039.487687,13962
96039.503722,13963
96039.519358,13964
96039.535306,13965
96039.548913,13966
96039.559495,13967
96039.575809,13968
96039.590145,13969
96039.606249,13970
96039.621725,13971
96039.631640,13972
96039.647421,13973
96039.662774,13974
96039.678301,13975
96039.692442,13976
96039.709392,13977
96039.726586,13978
96039.741958,13979
96039.757685,13980
96039.768146,13981
96039.782880,13982
96039.798782,13983
96039.815547,13984
96039.832435,13985
96039.849717,13986
96039.859770,13987
96039.872706,13988
96039.882058,13989
96039.897335,13990
96039.911825,13991
96039.925670,13992
96039.935731,13993
96039.953814,13994
96039.969665,13995
96039.982829,13996
96039.998684,13997
96040.015498,13998
96040.029119,13999
96043.931535,14000
96043.945832,14001
96043.956747,14002
96043.971559,14003
96043.987744,14004
96044.003279,14005
96044.018590,14006
96044.034078,14007
96044.049275,14008
96044.064627,14009
96044.077395,14010
96044.089853,14011
96044.104529,14012
96044.117430,14013
96044.132326,14014
96044.146704,14015
96044.159367,14016
96044.170980,14017
96044.180676,14018
96044.194062,14019
96044.203807,14020
96044.217916,14021
96044.232042,14022
96044.247275,14023
96044.261378,14024
96044.274983,14025
96044.289252,14026
96044.304233,14027
96044.319388,14028
96044.334305,14029
96044.349168,14030
96044.363328,14031
96044.373483,14032
96044.388280,14033
96044.398094,14034
96044.410328,14035
96044.422997,14036
96044.437410,14037
96044.452193,14038
96044.461967,14039
96044.476433,14040
96044.489952,14041
96044.499947,14042
96044.508988,14043
96044.523702,14044
96044.536473,14045
96044.547951,14046
96044.562818,14047
96044.576572,14048
96044.589568,14049
96044.602187,14050
96044.616032,14051
96044.630456,14052
96044.646261,14053
96044.656627,14054
96044.670668,14055
96044.684760,14056
96044.700117,14057
96044.713810,14058
96044.728775,14059
96044.744590,14060
96044.758981,14061
96044.772563,14062
96044.782511,14063
96044.797379,14064
96044.810610,14065
96044.824328,14066
96044.834064,14067
96044.846964,14068
96044.859259,14069
96044.873954,14070
96044.888581,14071
96044.903332,14072
96044.917092,14073
96044.930681,14074
96044.944986,14075
96044.959457,14076
96044.972255,14077
96044.987425,14078
96045.002267,14079
96045.018429,14080
96045.031981,14081
96045.047043,14082
96045.061936,14083
96045.076244,14084
96045.087146,14085
96045.099524,14086
96045.111502,14087
96045.124388,14088
96045.138991,14089
96045.152670,14090
96045.168379,14091
96045.180330,14092
96045.193376,14093
96045.206749,14094
96045.218903,14095
96045.233660,14096
96045.243434,14097
96045.252685,14098
96045.265193,14099
96045.281781,14100
96045.297800,14101
96045.311865,14102
96045.326807,14103
96045.340622,14104
96045.354634,14105
96045.365296,14106
96045.376283,14107
96045.389520,14108
96045.405356,14109
96045.421434,14110
96045.436744,14111
96045.447410,14112
96045.462517,14113
96045.476564,14114
96045.486260,14115
96045.497613,14116
96045.511893,14117
96045.521569,14118
96045.537696,14119
96045.551272,14120
96045.564911,14121
96045.578116,14122
96045.591733,14123
96045.605997,14124
96045.622306,14125
96045.637985,14126
96045.652910,14127
96045.666544,14128
96045.681921,14129
96045.697066,14130
96045.712387,14131
96045.722713,14132
96045.736677,14133
96045.751396,14134
96045.765291,14135
96045.778609,14136
96045.793159,14137
96045.805894,14138
96045.822364,14139
96045.841903,14140
96045.854246,14141
96045.869405,14142
96045.879981,14143
96045.894351,14144
96045.906863,14145
96045.921688,14146
96045.935040,14147
96045.950459,14148
96045.965770,14149
96045.981617,14150
96045.991723,14151
96046.007500,14152
96046.021468,14153
96046.031737,14154
96046.046431,14155
96046.059330,14156
96046.069341,14157
96046.085369,14158
96046.102528,14159
96046.118070,14160
96046.133400,14161
96046.149756,14162
96046.165517,14163
96046.181538,14164
96046.196856,14165
96046.213800,14166
96046.229644,14167
96046.245533,14168
96046.259201,14169
96046.273771,14170
96046.289378,14171
96046.307442,14172
96046.322192,14173
96046.338785,14174
96046.354747,14175
96046.375976,14176
96046.392554,14177
96046.408459,14178
96046.421936,14179
96046.438268,14180
96046.449335,14181
96046.463563,14182
96046.477226,14183
96046.493418,14184
96046.508724,14185
96046.523746,14186
96046.540363,14187
96046.557148,14188
96046.573138,14189
96046.590670,14190
96046.604061,14191
96046.617671,14192
96046.632109,14193
96046.645393,14194
96046.660956,14195
96046.670567,14196
96046.685857,14197
96046.700526,14198
96046.713686,14199
96046.731776,14200
96046.744880,14201
96046.759393,14202
96046.769756,14203
96046.784330,14204
96046.800220,14205
96046.815639,14206
96046.830812,14207
96046.845745,14208
96046.860830,14209
96046.873087,14210
96046.888152,14211
96046.903347,14212
96046.918105,14213
96046.933379,14214
96046.947906,14215
96046.960666,14216
96046.974825,14217
96046.990218,14218
96047.000782,14219
96047.016351,14220
96047.026314,14221
96047.036318,14222
96047.050645,14223
96047.066943,14224
96047.080783,14225
96047.095457,14226
96047.111221,14227
96047.126649,14228
96047.141497,14229
96047.154079,14230
96047.167577,14231
96047.180920,14232
96047.193795,14233
96047.209938,14234
96047.224834,14235
96047.240968,14236
96047.251918,14237
96047.267465,14238
96047.279829,14239
96047.290392,14240
96047.306327,14241
96047.319884,14242
96047.335143,14243
96047.345643,14244
96047.359495,14245
96047.374387,14246
96047.390620,14247
96047.405996,14248
96047.419222,14249
96051.034041,14250
96051.049763,14251
96051.066769,14252
96051.090686,14253
96051.111486,14254
96051.127070,14255
96051.146646,14256
96051.159752,14257
96051.178970,14258
96051.195667,14259
96051.211262,14260
96051.230219,14261
96051.244972,14262
96051.265043,14263
96051.281387,14264
96051.295332,14265
96051.311204,14266
96051.325938,14267
96051.341069,14268
96051.357588,14269
96051.374507,14270
96051.389429,14271
96051.404776,14272
96051.427684,14273
96051.442612,14274
96051.458914,14275
96051.478212,14276
96051.494826,14277
96051.510540,14278
96051.525609,14279
96051.539335,14280
96051.558743,14281
96051.574834,14282
96051.590067,14283
96051.611184,14284
96051.631975,14285
96051.647251,14286
96051.663383,14287
96051.678927,14288
96051.694487,14289
96051.709684,14290
96051.730553,14291
96051.746838,14292
96051.765696,14293
96051.780558,14294
96051.794634,14295
96051.813435,14296
96051.829655,14297
96051.850968,14298
96051.866059,14299
96051.880248,14300
96051.896924,14301
96051.912156,14302
96051.926107,14303
96051.945982,14304
96051.966497,14305
96051.983008,14306
96052.000322,14307
96052.017327,14308
96052.031709,14309
96052.046408,14310
96052.060424,14311
96052.078752,14312
96052.093359,14313
96052.113614,14314
96052.128535,14315
96052.143635,14316
96052.165657,14317
96052.180478,14318
96052.198259,14319
96052.213906,14320
96052.228036,14321
96052.242412,14322
96052.256829,14323
96052.271491,14324
96052.286536,14325
96052.302609,14326
96052.318392,14327
96052.334452,14328
96052.349227,14329
96052.370771,14330
96052.384485,14331
96052.399332,14332
96052.414195,14333
96052.429196,14334
96052.444568,14335
96052.459476,14336
96052.475568,14337
96052.490032,14338
96052.506432,14339
96052.522791,14340
96052.537899,14341
96052.553535,14342
96052.569570,14343
96052.585409,14344
96052.601290,14345
96052.616928,14346
96052.631578,14347
96052.659067,14348
96052.685071,14349
96052.705492,14350
96052.726224,14351
96052.741954,14352
96052.759948,14353
96052.781297,14354
96052.799149,14355
96052.815073,14356
96052.833639,14357
96052.855894,14358
96052.871768,14359
96052.890222,14360
96052.905673,14361
96052.921945,14362
96052.942395,14363
96052.959906,14364
96052.979543,14365
96052.999409,14366
96053.019778,14367
96053.037014,14368
96053.057622,14369
96053.074787,14370
96053.093812,14371
96053.110876,14372
96053.129984,14373
96053.146247,14374
96053.164680,14375
96053.180316,14376
96053.196981,14377
96053.214258,14378
96053.229337,14379
96053.246525,14380
96053.266318,14381
96053.287986,14382
96053.305694,14383
96053.320531,14384
96053.339322,14385
96053.354856,14386
96053.375820,14387
96053.391670,14388
96053.407805,14389
96053.424523,14390
96053.440387,14391
96053.461408,14392
96053.477449,14393
96053.494625,14394
96053.512418,14395
96053.528109,14396
96053.542922,14397
96053.557710,14398
96053.573126,14399
96053.592699,14400
96053.606605,14401
96053.621759,14402
96053.639915,14403
96053.655637,14404
96053.672913,14405
96053.692486,14406
96053.710559,14407
96053.727308,14408
96053.742084,14409
96053.761031,14410
96053.779986,14411
96053.800714,14412
96053.819914,14413
96053.835809,14414
96053.855626,14415
96053.872883,14416
96053.892620,14417
96053.912482,14418
96053.930894,14419
96053.945794,14420
96053.960971,14421
96053.977399,14422
96053.994530,14423
96054.010265,14424
96054.027391,14425
96054.041971,14426
96054.056546,14427
96054.074468,14428
96054.089456,14429
96054.106358,14430
96054.121420,14431
96054.134788,14432
96054.149762,14433
96054.163749,14434
96054.181263,14435
96054.196982,14436
96054.210798,14437
96054.225871,14438
96054.245016,14439
96054.260348,14440
96054.278187,14441
96054.293596,14442
96054.309826,14443
96054.327058,14444
96054.342629,14445
96054.363188,14446
96054.381492,14447
96054.399713,14448
96054.416298,14449
96054.435790,14450
96054.453823,14451
96054.469436,14452
96054.484291,14453
96054.498776,14454
96054.514337,14455
96054.529445,14456
96054.549439,14457
96054.564691,14458
96054.579802,14459
96054.596089,14460
96054.612531,14461
96054.626835,14462
96054.644289,14463
96054.657977,14464
96054.675941,14465
96054.692525,14466
96054.712590,14467
96054.727425,14468
96054.743619,14469
96054.760831,14470
96054.780835,14471
96054.795224,14472
96054.809823,14473
96054.825595,14474
96054.840909,14475
96054.860558,14476
96054.874920,14477
96054.891518,14478
96054.907497,14479
96054.922666,14480
96054.938745,14481
96054.955482,14482
96054.971698,14483
96054.987717,14484
96055.002901,14485
96055.018945,14486
96055.034931,14487
96055.050172,14488
96055.068005,14489
96055.083058,14490
96055.098936,14491
96055.113465,14492
96055.135770,14493
96055.151604,14494
96055.166100,14495
96055.181698,14496
96055.196548,14497
96055.217645,14498
96055.234197,14499
96058.471344,14500
96058.487644,14501
96058.498716,14502
96058.509170,14503
96058.519965,14504
96058.530232,14505
96058.541070,14506
96058.552063,14507
96058.562145,14508
96058.572132,14509
96058.583186,14510
96058.593809,14511
96058.604199,14512
96058.614648,14513
96058.625388,14514
96058.635579,14515
96058.645858,14516
96058.655724,14517
96058.666380,14518
96058.677367,14519
96058.687957,14520
96058.697783,14521
96058.708172,14522
96058.718227,14523
96058.728548,14524
96058.738946,14525
96058.748767,14526
96058.758427,14527
96058.769383,14528
96058.778994,14529
96058.788457,14530
96058.798524,14531
96058.808718,14532
96058.819411,14533
96058.829736,14534
96058.839857,14535
96058.849858,14536
96058.859731,14537
96058.869327,14538
96058.878862,14539
96058.888665,14540
96058.898342,14541
96058.909421,14542
96058.918865,14543
96058.929330,14544
96058.938886,14545
96058.948127,14546
96058.958083,14547
96058.967738,14548
96058.978270,14549
96058.987651,14550
96058.997404,14551
96059.006758,14552
96059.016954,14553
96059.026739,14554
96059.036270,14555
96059.045782,14556
96059.055235,14557
96059.064637,14558
96059.074200,14559
96059.083446,14560
96059.092907,14561
96059.102628,14562
96059.112712,14563
96059.122511,14564
96059.132183,14565
96059.141754,14566
96059.151731,14567
96059.162506,14568
96059.172644,14569
96059.182174,14570
96059.192052,14571
96059.201576,14572
96059.211387,14573
96059.221539,14574
96059.231301,14575
96059.240606,14576
96059.250746,14577
96059.260254,14578
96059.270138,14579
96059.279535,14580
96059.289029,14581
96059.298262,14582
96059.307821,14583
96059.317317,14584
96059.326966,14585
96059.336668,14586
96059.346550,14587
96059.356353,14588
96059.367652,14589
96059.377924,14590
96059.390144,14591
96059.400232,14592
96059.410733,14593
96059.420698,14594
96059.430925,14595
96059.440518,14596
96059.451799,14597
96059.461981,14598
96059.472404,14599
96059.485753,14600
96059.496250,14601
96059.507192,14602
96059.517386,14603
96059.528103,14604
96059.538381,14605
96059.548830,14606
96059.560799,14607
96059.571271,14608
96059.582021,14609
96059.591671,14610
96059.603900,14611
96059.613518,14612
96059.623526,14613
96059.632913,14614
96059.642585,14615
96059.653349,14616
96059.663215,14617
96059.673390,14618
96059.683239,14619
96059.693290,14620
96059.703864,14621
96059.713279,14622
96059.722929,14623
96059.732419,14624
96059.742725,14625
96059.752057,14626
96059.765401,14627
96059.776777,14628
96059.786633,14629
96059.796139,14630
96059.806009,14631
96059.816444,14632
96059.826891,14633
96059.836594,14634
96059.847255,14635
96059.856741,14636
96059.867768,14637
96059.877305,14638
96059.887222,14639
96059.896828,14640
96059.906697,14641
96059.916704,14642
96059.926780,14643
96059.937172,14644
96059.947272,14645
96059.958489,14646
96059.968324,14647
96059.977921,14648
96059.988137,14649
96059.997776,14650
96060.007626,14651
96060.017254,14652
96060.027670,14653
96060.037230,14654
96060.047155,14655
96060.056889,14656
96060.066362,14657
96060.076293,14658
96060.086017,14659
96060.095594,14660
96060.105271,14661
96060.114864,14662
96060.126201,14663
96060.140356,14664
96060.153293,14665
96060.163175,14666
96060.173514,14667
96060.183375,14668
96060.194564,14669
96060.204419,14670
96060.214721,14671
96060.224155,14672
96060.233699,14673
96060.243409,14674
96060.253998,14675
96060.263956,14676
96060.274227,14677
96060.284610,14678
96060.294437,14679
96060.303920,14680
96060.313304,14681
96060.322961,14682
96060.333444,14683
96060.342983,14684
96060.353051,14685
96060.362668,14686
96060.372424,14687
96060.382208,14688
96060.392717,14689
96060.402930,14690
96060.412668,14691
96060.422538,14692
96060.432202,14693
96060.441608,14694
96060.452203,14695
96060.461703,14696
96060.472902,14697
96060.482701,14698
96060.492851,14699
96060.504997,14700
96060.515311,14701
96060.524603,14702
96060.534691,14703
96060.544545,14704
96060.554695,14705
96060.564264,14706
96060.576051,14707
96060.585775,14708
96060.596087,14709
96060.605657,14710
96060.615892,14711
96060.625489,14712
96060.635472,14713
96060.645630,14714
96060.655418,14715
96060.665441,14716
96060.675575,14717
96060.685445,14718
96060.695214,14719
96060.704914,14720
96060.715224,14721
96060.724763,14722
96060.734806,14723
96060.744205,14724
96060.754318,14725
96060.764819,14726
96060.774813,14727
96060.784856,14728
96060.794752,14729
96060.804495,14730
96060.814690,14731
96060.824591,14732
96060.834415,14733
96060.843896,14734
96060.854464,14735
96060.864053,14736
96060.874860,14737
96060.884446,14738
96060.894769,14739
96060.904278,14740
96060.914544,14741
96060.924192,14742
96060.934042,14743
96060.944323,14744
96060.954295,14745
96060.964215,14746
96060.973737,14747
96060.983926,14748
96060.994873,14749
96064.869275,14750
96064.885454,14751
96064.899335,14752
96064.914146,14753
96064.927912,14754
96064.939777,14755
96064.949751,14756
96064.963576,14757
96064.976495,14758
96064.993122,14759
96065.003021,14760
96065.017954,14761
96065.028153,14762
96065.038158,14763
96065.048774,14764
96065.064538,14765
96065.079832,14766
96065.094674,14767
96065.108322,14768
96065.123846,14769
96065.137670,14770
96065.153353,14771
96065.167446,14772
96065.180802,14773
96065.190173,14774
96065.203586,14775
96065.213199,14776
96065.227813,14777
96065.239951,14778
96065.254733,14779
96065.267455,14780
96065.279892,14781
96065.293287,14782
96065.303812,14783
96065.317392,14784
96065.330535,14785
96065.347189,14786
96065.357522,14787
96065.371672,14788
96065.381825,14789
96065.396259,14790
96065.409909,14791
96065.423113,14792
96065.435907,14793
96065.451412,14794
96065.463365,14795
96065.476984,14796
96065.489846,14797
96065.502787,14798
96065.518027,14799
96065.527603,14800
96065.539894,14801
96065.553612,14802
96065.563570,14803
96065.573575,14804
96065.583695,14805
96065.597803,14806
96065.612776,14807
96065.626701,14808
96065.641609,14809
96065.655413,14810
96065.667153,14811
96065.676796,14812
96065.688568,14813
96065.703061,14814
96065.712289,14815
96065.722758,14816
96065.734740,14817
96065.747754,14818
96065.761651,14819
96065.771885,14820
96065.785193,14821
96065.795940,14822
96065.806807,14823
96065.816577,14824
96065.829909,14825
96065.840282,14826
96065.852071,14827
96065.863595,14828
96065.877172,14829
96065.887404,14830
96065.902647,14831
96065.914718,14832
96065.925876,14833
96065.942827,14834
96065.952726,14835
96065.967613,14836
96065.977388,14837
96065.986964,14838
96066.000797,14839
96066.011172,14840
96066.024255,14841
96066.037498,14842
96066.051899,14843
96066.065546,14844
96066.077757,14845
96066.091765,14846
96066.104760,14847
96066.117927,14848
96066.128326,14849
96066.146617,14850
96066.161737,14851
96066.174959,14852
96066.189347,14853
96066.203313,14854
96066.217959,14855
96066.233097,14856
96066.243076,14857
96066.253230,14858
96066.267403,14859
96066.280987,14860
96066.295735,14861
96066.306265,14862
96066.320316,14863
96066.335208,14864
96066.348941,14865
96066.361819,14866
96066.376347,14867
96066.386269,14868
96066.397489,14869
96066.410137,14870
96066.419708,14871
96066.435479,14872
96066.449737,14873
96066.464962,14874
96066.478960,14875
96066.491844,14876
96066.505570,14877
96066.519364,14878
96066.531703,14879
96066.542884,14880
96066.553328,14881
96066.566118,14882
96066.580036,14883
96066.590166,14884
96066.604541,14885
96066.617835,14886
96066.632382,14887
96066.642328,14888
96066.656779,14889
96066.670268,14890
96066.680233,14891
96066.689927,14892
96066.704078,14893
96066.718635,14894
96066.735933,14895
96066.745944,14896
96066.758226,14897
96066.773415,14898
96066.788484,14899
96066.801653,14900
96066.812258,14901
96066.825911,14902
96066.840491,14903
96066.853949,14904
96066.865006,14905
96066.880630,14906
96066.891395,14907
96066.900913,14908
96066.911765,14909
96066.926956,14910
96066.939128,14911
96066.953723,14912
96066.963181,14913
96066.974932,14914
96066.991368,14915
96067.003080,14916
96067.018333,14917
96067.033036,14918
96067.048723,14919
96067.059384,14920
96067.074110,14921
96067.088571,14922
96067.098449,14923
96067.113047,14924
96067.125984,14925
96067.139832,14926
96067.149775,14927
96067.165773,14928
96067.177217,14929
96067.192356,14930
96067.206418,14931
96067.215806,14932
96067.229315,14933
96067.238562,14934
96067.253826,14935
96067.268041,14936
96067.281079,14937
96067.294280,14938
96067.310499,14939
96067.321173,14940
96067.336633,14941
96067.352583,14942
96067.368919,14943
96067.385508,14944
96067.400991,14945
96067.411397,14946
96067.428413,14947
96067.441369,14948
96067.455830,14949
96067.472918,14950
96067.486793,14951
96067.499539,14952
96067.513547,14953
96067.525657,14954
96067.538845,14955
96067.553573,14956
96067.566339,14957
96067.579532,14958
96067.589312,14959
96067.602466,14960
96067.615848,14961
96067.630574,14962
96067.642743,14963
96067.652595,14964
96067.666285,14965
96067.680769,14966
96067.695544,14967
96067.708750,14968
96067.724367,14969
96067.740035,14970
96067.751105,14971
96067.760950,14972
96067.773686,14973
96067.787887,14974
96067.798901,14975
96067.811436,14976
96067.822329,14977
96067.837206,14978
96067.850665,14979
96067.863952,14980
96067.876891,14981
96067.890566,14982
96067.905201,14983
96067.919292,14984
96067.929242,14985
96067.943263,14986
96067.957180,14987
96067.969809,14988
96067.983598,14989
96067.995113,14990
96068.008295,14991
96068.022208,14992
96068.035528,14993
96068.045087,14994
96068.061247,14995
96068.075408,14996
96068.088097,14997
96068.101748,14998
96068.116629,14999
96072.372312,15000
96072.388471,15001
96072.405379,15002
96072.421796,15003
96072.437044,15004
96072.454189,15005
96072.470464,15006
96072.486747,15007
96072.501768,15008
96072.517435,15009
96072.533065,15010
96072.550523,15011
96072.563527,15012
96072.579774,15013
96072.596524,15014
96072.614774,15015
96072.630345,15016
96072.644843,15017
96072.659407,15018
96072.675167,15019
96072.686537,15020
96072.702847,15021
96072.714266,15022
96072.730279,15023
96072.746584,15024
96072.762602,15025
96072.779300,15026
96072.794720,15027
96072.810833,15028
96072.826176,15029
96072.839104,15030
96072.853760,15031
96072.864633,15032
96072.875127,15033
96072.886525,15034
96072.901580,15035
96072.914455,15036
96072.930103,15037
96072.943854,15038
96072.959180,15039
96072.972938,15040
96072.984660,15041
96072.998375,15042
96073.013138,15043
96073.029836,15044
96073.046586,15045
96073.057900,15046
96073.069839,15047
96073.084567,15048
96073.098522,15049
96073.114508,15050
96073.130547,15051
96073.146315,15052
96073.161344,15053
96073.176586,15054
96073.192233,15055
96073.205441,15056
96073.220206,15057
96073.231611,15058
96073.246995,15059
96073.260758,15060
96073.276405,15061
96073.292137,15062
96073.305235,15063
96073.315776,15064
96073.330814,15065
96073.346061,15066
96073.361318,15067
96073.375561,15068
96073.391501,15069
96073.405825,15070
96073.419490,15071
96073.432423,15072
96073.447522,15073
96073.462673,15074
96073.477549,15075
96073.491868,15076
96073.505454,15077
96073.518348,15078
96073.532803,15079
96073.547241,15080
96073.561929,15081
96073.575098,15082
96073.587025,15083
96073.599812,15084
96073.616591,15085
96073.630719,15086
96073.643501,15087
96073.657825,15088
96073.669588,15089
96073.685452,15090
96073.700784,15091
96073.717554,15092
96073.733605,15093
96073.747325,15094
96073.760244,15095
96073.776145,15096
96073.787852,15097
96073.802967,15098
96073.816313,15099
96073.833924,15100
96073.848108,15101
96073.863068,15102
96073.874672,15103
96073.889854,15104
96073.906742,15105
96073.920080,15106
96073.936992,15107
96073.950611,15108
96073.965043,15109
96073.977601,15110
96073.988906,15111
96074.004615,15112
96074.017644,15113
96074.028778,15114
96074.045260,15115
96074.060195,15116
96074.071806,15117
96074.087675,15118
96074.103566,15119
96074.117365,15120
96074.130161,15121
96074.141201,15122
96074.155713,15123
96074.166977,15124
96074.182449,15125
96074.197738,15126
96074.212795,15127
96074.228866,15128
96074.239389,15129
96074.255088,15130
96074.267008,15131
96074.280873,15132
96074.297183,15133
96074.311811,15134
96074.327642,15135
96074.343456,15136
96074.359688,15137
96074.374231,15138
96074.384953,15139
96074.400142,15140
96074.414648,15141
96074.429645,15142
96074.442264,15143
96074.458375,15144
96074.471761,15145
96074.486709,15146
96074.502534,15147
96074.516858,15148
96074.527571,15149
96074.542538,15150
96074.558619,15151
96074.574831,15152
96074.585751,15153
96074.602535,15154
96074.616834,15155
96074.630888,15156
96074.644159,15157
96074.659671,15158
96074.670653,15159
96074.685591,15160
96074.701770,15161
96074.717898,15162
96074.740361,15163
96074.756923,15164
96074.770935,15165
96074.786840,15166
96074.797315,15167
96074.811386,15168
96074.827251,15169
96074.842893,15170
96074.856338,15171
96074.869234,15172
96074.884140,15173
96074.898467,15174
96074.914437,15175
96074.929857,15176
96074.944264,15177
96074.959278,15178
96074.973783,15179
96074.986781,15180
96075.001152,15181
96075.017418,15182
96075.033587,15183
96075.046636,15184
96075.061028,15185
96075.076300,15186
96075.089730,15187
96075.104137,15188
96075.120509,15189
96075.136712,15190
96075.152720,15191
96075.167280,15192
96075.177983,15193
96075.194165,15194
96075.209158,15195
96075.224947,15196
96075.235752,15197
96075.248621,15198
96075.263740,15199
96075.280485,15200
96075.294229,15201
96075.305092,15202
96075.320837,15203
96075.334968,15204
96075.348427,15205
96075.362158,15206
96075.377810,15207
96075.392243,15208
96075.404139,15209
96075.418652,15210
96075.430019,15211
96075.441561,15212
96075.456519,15213
96075.470814,15214
96075.485637,15215
96075.496346,15216
96075.509728,15217
96075.524503,15218
96075.539855,15219
96075.554662,15220
96075.567738,15221
96075.582658,15222
96075.595393,15223
96075.610811,15224
96075.622242,15225
96075.637150,15226
96075.651487,15227
96075.666294,15228
96075.678848,15229
96075.697080,15230
96075.712858,15231
96075.727765,15232
96075.742762,15233
96075.756876,15234
96075.770812,15235
96075.785619,15236
96075.799236,15237
96075.815182,15238
96075.829742,15239
96075.840392,15240
96075.856267,15241
96075.873701,15242
96075.888132,15243
96075.899060,15244
96075.912296,15245
96075.923718,15246
96075.937028,15247
96075.952669,15248
96075.966903,15249
96079.755033,15250
96079.771709,15251
96079.787923,15252
96079.804718,15253
96079.821515,15254
96079.837158,15255
96079.851874,15256
96079.867506,15257
96079.884211,15258
96079.899628,15259
96079.915430,15260
96079.929660,15261
96079.945789,15262
96079.961031,15263
96079.976701,15264
96079.992131,15265
96080.008203,15266
96080.023384,15267
96080.038570,15268
96080.054075,15269
96080.069547,15270
96080.084715,15271
96080.099587,15272
96080.114096,15273
96080.128301,15274
96080.143127,15275
96080.159565,15276
96080.174972,15277
96080.189716,15278
96080.205880,15279
96080.224482,15280
96080.240214,15281
96080.255164,15282
96080.270852,15283
96080.285136,15284
96080.301269,15285
96080.318288,15286
96080.332777,15287
96080.347582,15288
96080.363935,15289
96080.379279,15290
96080.394581,15291
96080.412543,15292
96080.427686,15293
96080.443678,15294
96080.457929,15295
96080.473256,15296
96080.488898,15297
96080.505136,15298
96080.522099,15299
96080.537399,15300
96080.552397,15301
96080.567296,15302
96080.582876,15303
96080.598083,15304
96080.614902,15305
96080.633717,15306
96080.650289,15307
96080.665494,15308
96080.680765,15309
96080.695922,15310
96080.710910,15311
96080.726901,15312
96080.744771,15313
96080.759760,15314
96080.773821,15315
96080.792067,15316
96080.807814,15317
96080.824753,15318
96080.840445,15319
96080.854874,15320
96080.869682,15321
96080.884447,15322
96080.899408,15323
96080.915337,15324
96080.931370,15325
96080.947241,15326
96080.961648,15327
96080.977589,15328
96080.992839,15329
96081.009574,15330
96081.025329,15331
96081.040792,15332
96081.055816,15333
96081.070854,15334
96081.084868,15335
96081.101399,15336
96081.116662,15337
96081.132243,15338
96081.146909,15339
96081.164551,15340
96081.180633,15341
96081.197123,15342
96081.212236,15343
96081.228379,15344
96081.244349,15345
96081.261902,15346
96081.278602,15347
96081.293228,15348
96081.309935,15349
96081.329015,15350
96081.343345,15351
96081.360644,15352
96081.375397,15353
96081.390347,15354
96081.405459,15355
96081.421031,15356
96081.436597,15357
96081.451717,15358
96081.467215,15359
96081.482966,15360
96081.499303,15361
96081.514900,15362
96081.530897,15363
96081.546684,15364
96081.561750,15365
96081.577821,15366
96081.592479,15367
96081.608525,15368
96081.623839,15369
96081.639068,15370
96081.654516,15371
96081.670665,15372
96081.686492,15373
96081.701692,15374
96081.717563,15375
96081.733817,15376
96081.749824,15377
96081.763626,15378
96081.779506,15379
96081.796273,15380
96081.812686,15381
96081.826990,15382
96081.842441,15383
96081.858357,15384
96081.874179,15385
96081.888270,15386
96081.903582,15387
96081.919208,15388
96081.935351,15389
96081.952295,15390
96081.967841,15391
96081.984397,15392
96081.999959,15393
96082.014552,15394
96082.029590,15395
96082.046277,15396
96082.062331,15397
96082.077721,15398
96082.093194,15399
96082.107306,15400
96082.123861,15401
96082.139078,15402
96082.152855,15403
96082.168446,15404
96082.184572,15405
96082.200124,15406
96082.215519,15407
96082.231245,15408
96082.246551,15409
96082.261465,15410
96082.278080,15411
96082.293767,15412
96082.311804,15413
96082.327743,15414
96082.343817,15415
96082.358988,15416
96082.374222,15417
96082.390446,15418
96082.406793,15419
96082.422578,15420
96082.438502,15421
96082.454664,15422
96082.470376,15423
96082.485748,15424
96082.500782,15425
96082.517506,15426
96082.533304,15427
96082.549064,15428
96082.564346,15429
96082.581322,15430
96082.598066,15431
96082.611619,15432
96082.626872,15433
96082.643198,15434
96082.661824,15435
96082.676779,15436
96082.691758,15437
96082.707657,15438
96082.723219,15439
96082.738309,15440
96082.755119,15441
96082.770300,15442
96082.784014,15443
96082.800581,15444
96082.816667,15445
96082.833230,15446
96082.847901,15447
96082.863777,15448
96082.878179,15449
96082.896508,15450
96082.911657,15451
96082.926888,15452
96082.942836,15453
96082.958940,15454
96082.973066,15455
96082.987976,15456
96083.003687,15457
96083.019106,15458
96083.035811,15459
96083.049248,15460
96083.064482,15461
96083.079753,15462
96083.094852,15463
96083.111792,15464
96083.127693,15465
96083.143396,15466
96083.158654,15467
96083.175588,15468
96083.190495,15469
96083.206743,15470
96083.223843,15471
96083.239106,15472
96083.254863,15473
96083.270651,15474
96083.285677,15475
96083.301799,15476
96083.317227,15477
96083.333247,15478
96083.347901,15479
96083.363642,15480
96083.379834,15481
96083.395157,15482
96083.410141,15483
96083.425833,15484
96083.442806,15485
96083.457747,15486
96083.472766,15487
96083.487236,15488
96083.503825,15489
96083.519553,15490
96083.534761,15491
96083.549479,15492
96083.563315,15493
96083.578604,15494
96083.593836,15495
96083.612062,15496
96083.627400,15497
96083.643515,15498
96083.659633,15499
96085.745740,15750
96085.756596,15751
96085.766287,15752
96085.775587,15753
96085.785525,15754
96085.795018,15755
96085.804840,15756
96085.815295,15757
96085.825120,15758
96085.834664,15759
96085.843900,15760
96085.853286,15761
96085.862330,15762
96085.872066,15763
96085.881425,15764
96085.891213,15765
96085.900415,15766
96085.910209,15767
96085.920021,15768
96085.929663,15769
96085.939561,15770
96085.949124,15771
96085.958277,15772
96085.968368,15773
96085.977848,15774
96085.987170,15775
96085.996518,15776
96086.006226,15777
96086.015276,15778
96086.025187,15779
96086.034378,15780
96086.044427,15781
96086.053761,15782
96086.063690,15783
96086.072824,15784
96086.082899,15785
96086.094461,15786
96086.106753,15787
96086.116043,15788
96086.125871,15789
96086.135183,15790
96086.145320,15791
96086.155065,15792
96086.165203,15793
96086.174737,15794
96086.184446,15795
96086.193821,15796
96086.204025,15797
96086.213384,15798
96086.223208,15799
96086.234803,15800
96086.245797,15801
96086.254977,15802
96086.264994,15803
96086.274209,15804
96086.283851,15805
96086.292846,15806
96086.302470,15807
96086.311982,15808
96086.322102,15809
96086.331078,15810
96086.340700,15811
96086.350775,15812
96086.360314,15813
96086.370386,15814
96086.381939,15815
96086.392342,15816
96086.404738,15817
96086.415613,15818
96086.425433,15819
96086.434966,15820
96086.445214,15821
96086.455017,15822
96086.466145,15823
96086.476610,15824
96086.486160,15825
96086.496212,15826
96086.505713,15827
96086.516352,15828
96086.526846,15829
96086.539738,15830
96086.549618,15831
96086.559070,15832
96086.568935,15833
96086.578947,15834
96086.589682,15835
96086.599698,15836
96086.609486,15837
96086.618912,15838
96086.629079,15839
96086.638974,15840
96086.649073,15841
96086.658840,15842
96086.669340,15843
96086.679090,15844
96086.689919,15845
96086.699392,15846
96086.709408,15847
96086.719405,15848
96086.729297,15849
96086.739501,15850
96086.749104,15851
96086.758490,15852
96086.768234,15853
96086.777622,15854
96086.787506,15855
96086.796687,15856
96086.807011,15857
96086.817509,15858
96086.827471,15859
96086.837410,15860
96086.846734,15861
96086.857045,15862
96086.867038,15863
96086.877474,15864
96086.887065,15865
96086.897215,15866
96086.906900,15867
96086.916759,15868
96086.926817,15869
96086.936903,15870
96086.946930,15871
96086.956569,15872
96086.965682,15873
96086.975343,15874
96086.984237,15875
96086.993728,15876
96087.003190,15877
96087.012701,15878
96087.021680,15879
96087.031214,15880
96087.040943,15881
96087.050119,15882
96087.059724,15883
96087.068986,15884
96087.079202,15885
96087.088387,15886
96087.098128,15887
96087.107599,15888
96087.117404,15889
96087.126593,15890
96087.136140,15891
96087.145643,15892
96087.155816,15893
96087.165168,15894
96087.175151,15895
96087.184128,15896
96087.193628,15897
96087.202602,15898
96087.212045,15899
96087.223977,15900
96087.234097,15901
96087.243409,15902
96087.253656,15903
96087.263525,15904
96087.273575,15905
96087.283405,15906
96087.292822,15907
96087.303142,15908
96087.312529,15909
96087.322717,15910
96087.332170,15911
96087.342703,15912
96087.352216,15913
96087.362374,15914
96087.372079,15915
96087.382014,15916
96087.392222,15917
96087.402285,15918
96087.411298,15919
96087.421103,15920
96087.430245,15921
96087.440563,15922
96087.450254,15923
96087.459611,15924
96087.468766,15925
96087.478423,15926
96087.489294,15927
96087.498699,15928
96087.511284,15929
96087.520673,15930
96087.531049,15931
96087.540964,15932
96087.551361,15933
96087.560694,15934
96087.570883,15935
96087.580601,15936
96087.590599,15937
96087.600668,15938
96087.611629,15939
96087.621831,15940
96087.632192,15941
96087.642158,15942
96087.652692,15943
96087.662506,15944
96087.672824,15945
96087.683360,15946
96087.693124,15947
96087.702770,15948
96087.712982,15949
96087.723106,15950
96087.732723,15951
96087.743695,15952
96087.753539,15953
96087.763863,15954
96087.774163,15955
96087.784500,15956
96087.795131,15957
96087.806175,15958
96087.816282,15959
96087.826547,15960
96087.836660,15961
96087.847152,15962
96087.857355,15963
96087.868236,15964
96087.878191,15965
96087.888775,15966
96087.898837,15967
96087.909603,15968
96087.919879,15969
96087.930065,15970
96087.940430,15971
96087.950976,15972
96087.961671,15973
96087.972206,15974
96087.982533,15975
96087.992716,15976
96088.003153,15977
96088.013429,15978
96088.023431,15979
96088.032673,15980
96088.042507,15981
96088.051901,15982
96088.061851,15983
96088.070958,15984
96088.081202,15985
96088.090700,15986
96088.100810,15987
96088.109860,15988
96088.119675,15989
96088.128830,15990
96088.138417,15991
96088.148515,15992
96088.157753,15993
96088.166936,15994
96088.176911,15995
96088.186891,15996
96088.197109,15997
96088.208220,15998
96088.218928,15999
96092.060544,16000
96092.077740,16001
96092.087814,16002
96092.105372,16003
96092.119987,16004
96092.135410,16005
96092.150541,16006
96092.160777,16007
96092.175809,16008
96092.190054,16009
96092.199829,16010
96092.215555,16011
96092.231595,16012
96092.246469,16013
96092.261644,16014
96092.272862,16015
96092.287708,16016
96092.304255,16017
96092.318793,16018
96092.334724,16019
96092.348848,16020
96092.359203,16021
96092.373655,16022
96092.383366,16023
96092.393245,16024
96092.402671,16025
96092.412739,16026
96092.425421,16027
96092.440312,16028
96092.450711,16029
96092.465647,16030
96092.481404,16031
96092.496314,16032
96092.511955,16033
96092.526647,16034
96092.540630,16035
96092.553964,16036
96092.569665,16037
96092.582716,16038
96092.598655,16039
96092.613673,16040
96092.626724,16041
96092.636158,16042
96092.650734,16043
96092.665981,16044
96092.675264,16045
96092.689351,16046
96092.698590,16047
96092.712757,16048
96092.726818,16049
96092.739159,16050
96092.748943,16051
96092.762838,16052
96092.772594,16053
96092.781719,16054
96092.795686,16055
96092.809836,16056
96092.819643,16057
96092.833976,16058
96092.848933,16059
96092.862740,16060
96092.878399,16061
96092.894355,16062
96092.907684,16063
96092.917208,16064
96092.926585,16065
96092.940634,16066
96092.954801,16067
96092.970720,16068
96092.986014,16069
96092.995573,16070
96093.004601,16071
96093.018388,16072
96093.032841,16073
96093.048124,16074
96093.062923,16075
96093.077994,16076
96093.094367,16077
96093.110365,16078
96093.124588,16079
96093.134427,16080
96093.150561,16081
96093.160261,16082
96093.175973,16083
96093.185619,16084
96093.195438,16085
96093.205054,16086
96093.214379,16087
96093.223754,16088
96093.238412,16089
96093.256226,16090
96093.272779,16091
96093.286747,16092
96093.300820,16093
96093.314873,16094
96093.331564,16095
96093.346575,16096
96093.365182,16097
96093.374940,16098
96093.389615,16099
96093.406493,16100
96093.422656,16101
96093.439152,16102
96093.453327,16103
96093.467825,16104
96093.481704,16105
96093.495627,16106
96093.505011,16107
96093.519935,16108
96093.532718,16109
96093.541516,16110
96093.555508,16111
96093.569807,16112
96093.585267,16113
96093.599797,16114
96093.611088,16115
96093.625973,16116
96093.640066,16117
96093.656035,16118
96093.670858,16119
96093.684701,16120
96093.695811,16121
96093.709547,16122
96093.719403,16123
96093.734838,16124
96093.744740,16125
96093.760364,16126
96093.769817,16127
96093.785813,16128
96093.799229,16129
96093.813487,16130
96093.828391,16131
96093.844642,16132
96093.854407,16133
96093.871999,16134
96093.887579,16135
96093.901905,16136
96093.916649,16137
96093.931967,16138
96093.946439,16139
96093.962658,16140
96093.977712,16141
96093.993289,16142
96094.008103,16143
96094.022609,16144
96094.037818,16145
96094.051946,16146
96094.064005,16147
96094.077349,16148
96094.093669,16149
96094.113278,16150
96094.126887,16151
96094.141065,16152
96094.154810,16153
96094.167486,16154
96094.183592,16155
96094.198088,16156
96094.207613,16157
96094.216690,16158
96094.226234,16159
96094.240591,16160
96094.254682,16161
96094.270164,16162
96094.284385,16163
96094.294107,16164
96094.307880,16165
96094.320844,16166
96094.330670,16167
96094.345488,16168
96094.354465,16169
96094.369722,16170
96094.383615,16171
96094.398300,16172
96094.412643,16173
96094.427535,16174
96094.442065,16175
96094.455959,16176
96094.470526,16177
96094.484594,16178
96094.498495,16179
96094.513335,16180
96094.522708,16181
96094.532205,16182
96094.547256,16183
96094.561698,16184
96094.570922,16185
96094.584592,16186
96094.598525,16187
96094.613265,16188
96094.627598,16189
96094.641088,16190
96094.655549,16191
96094.664960,16192
96094.674401,16193
96094.684188,16194
96094.698460,16195
96094.711823,16196
96094.727262,16197
96094.741989,16198
96094.757980,16199
96094.772602,16200
96094.781757,16201
96094.796367,16202
96094.811637,16203
96094.821759,16204
96094.832046,16205
96094.841338,16206
96094.855165,16207
96094.865755,16208
96094.880827,16209
96094.895758,16210
96094.910874,16211
96094.925209,16212
96094.939394,16213
96094.949231,16214
96094.964192,16215
96094.979148,16216
96094.989682,16217
96095.003867,16218
96095.013240,16219
96095.027227,16220
96095.041769,16221
96095.056518,16222
96095.071770,16223
96095.085856,16224
96095.095416,16225
96095.108457,16226
96095.122481,16227
96095.137221,16228
96095.151258,16229
96095.166242,16230
96095.181092,16231
96095.191401,16232
96095.205364,16233
96095.219764,16234
96095.234307,16235
96095.246456,16236
96095.261315,16237
96095.274851,16238
96095.288482,16239
96095.303289,16240
96095.317344,16241
96095.330601,16242
96095.344582,16243
96095.358645,16244
96095.372257,16245
96095.386348,16246
96095.399901,16247
96095.415214,16248
96095.424500,16249
96099.243035,16250
96099.257950,16251
96099.274817,16252
96099.289764,16253
96099.303301,16254
96099.312808,16255
96099.328732,16256
96099.342635,16257
96099.357554,16258
96099.369884,16259
96099.385025,16260
96099.399945,16261
96099.413780,16262
96099.428479,16263
96099.443248,16264
96099.456733,16265
96099.467035,16266
96099.483283,16267
96099.495463,16268
96099.508611,16269
96099.523550,16270
96099.537893,16271
96099.553856,16272
96099.566849,16273
96099.576796,16274
96099.591690,16275
96099.606795,16276
96099.621125,16277
96099.635372,16278
96099.649308,16279
96099.664701,16280
96099.679761,16281
96099.694829,16282
96099.709853,16283
96099.724521,16284
96099.737841,16285
96099.751501,16286
96099.766916,16287
96099.776894,16288
96099.791502,16289
96099.804445,16290
96099.815285,16291
96099.830044,16292
96099.844884,16293
96099.858674,16294
96099.874798,16295
96099.888790,16296
96099.905185,16297
96099.919676,16298
96099.933731,16299
96099.950733,16300
96099.964838,16301
96099.974139,16302
96099.987404,16303
96099.998442,16304
96100.013697,16305
96100.026750,16306
96100.040031,16307
96100.049672,16308
96100.064416,16309
96100.077595,16310
96100.092077,16311
96100.106774,16312
96100.116518,16313
96100.131469,16314
96100.146732,16315
96100.162246,16316
96100.176659,16317
96100.191434,16318
96100.206185,16319
96100.216764,16320
96100.232763,16321
96100.247478,16322
96100.261706,16323
96100.277951,16324
96100.294852,16325
96100.309767,16326
96100.325064,16327
96100.341374,16328
96100.351840,16329
96100.362093,16330
96100.377516,16331
96100.391866,16332
96100.401908,16333
96100.415197,16334
96100.428325,16335
96100.442695,16336
96100.458917,16337
96100.474641,16338
96100.488260,16339
96100.502497,16340
96100.516954,16341
96100.531149,16342
96100.544280,16343
96100.558208,16344
96100.573604,16345
96100.587535,16346
96100.603695,16347
96100.613847,16348
96100.626826,16349
96100.641138,16350
96100.655395,16351
96100.671719,16352
96100.687693,16353
96100.701313,16354
96100.713322,16355
96100.729037,16356
96100.739315,16357
96100.753217,16358
96100.768061,16359
96100.781305,16360
96100.797034,16361
96100.807075,16362
96100.821932,16363
96100.838294,16364
96100.848633,16365
96100.858464,16366
96100.874380,16367
96100.889188,16368
96100.903685,16369
96100.919368,16370
96100.932790,16371
96100.942741,16372
96100.956588,16373
96100.970770,16374
96100.980415,16375
96100.995194,16376
96101.009758,16377
96101.025661,16378
96101.040809,16379
96101.055225,16380
96101.072113,16381
96101.089637,16382
96101.103027,16383
96101.118371,16384
96101.133255,16385
96101.146582,16386
96101.162532,16387
96101.176256,16388
96101.190434,16389
96101.205792,16390
96101.220032,16391
96101.235730,16392
96101.248471,16393
96101.258845,16394
96101.273912,16395
96101.284731,16396
96101.298564,16397
96101.312881,16398
96101.326978,16399
96101.344406,16400
96101.354360,16401
96101.370056,16402
96101.385620,16403
96101.401314,16404
96101.416231,16405
96101.431358,16406
96101.445479,16407
96101.456019,16408
96101.470813,16409
96101.484651,16410
96101.500297,16411
96101.517069,16412
96101.531362,16413
96101.550538,16414
96101.565307,16415
96101.579454,16416
96101.593765,16417
96101.609647,16418
96101.623450,16419
96101.639334,16420
96101.655805,16421
96101.672509,16422
96101.687054,16423
96101.701252,16424
96101.715160,16425
96101.724707,16426
96101.735877,16427
96101.751867,16428
96101.767402,16429
96101.781320,16430
96101.796568,16431
96101.811923,16432
96101.826775,16433
96101.837759,16434
96101.853679,16435
96101.867836,16436
96101.878283,16437
96101.896937,16438
96101.912258,16439
96101.928464,16440
96101.942903,16441
96101.957187,16442
96101.967113,16443
96101.982637,16444
96101.995983,16445
96102.011189,16446
96102.025720,16447
96102.034808,16448
96102.045225,16449
96102.059299,16450
96102.072354,16451
96102.087348,16452
96102.101959,16453
96102.118772,16454
96102.134525,16455
96102.149188,16456
96102.163161,16457
96102.177292,16458
96102.192205,16459
96102.208358,16460
96102.223935,16461
96102.238993,16462
96102.256049,16463
96102.271781,16464
96102.286937,16465
96102.301531,16466
96102.316877,16467
96102.331891,16468
96102.348016,16469
96102.363349,16470
96102.377720,16471
96102.392508,16472
96102.405928,16473
96102.416671,16474
96102.432227,16475
96102.442581,16476
96102.457360,16477
96102.473607,16478
96102.490779,16479
96102.505574,16480
96102.520547,16481
96102.535493,16482
96102.550630,16483
96102.560039,16484
96102.576024,16485
96102.591156,16486
96102.605378,16487
96102.620734,16488
96102.630672,16489
96102.645477,16490
96102.660194,16491
96102.674027,16492
96102.689374,16493
96102.704738,16494
96102.718455,16495
96102.732945,16496
96102.745911,16497
96102.755674,16498
96102.771600,16499
96106.397467,16500
96106.413217,16501
96106.426987,16502
96106.447206,16503
96106.461267,16504
96106.477808,16505
96106.495850,16506
96106.512627,16507
96106.527565,16508
96106.544637,16509
96106.560414,16510
96106.577109,16511
96106.593713,16512
96106.610560,16513
96106.625038,16514
96106.643039,16515
96106.657346,16516
96106.671699,16517
96106.689217,16518
96106.706267,16519
96106.722733,16520
96106.738065,16521
96106.753589,16522
96106.769256,16523
96106.786941,16524
96106.801423,16525
96106.816039,16526
96106.834632,16527
96106.849497,16528
96106.866246,16529
96106.888662,16530
96106.904642,16531
96106.920184,16532
96106.934679,16533
96106.948802,16534
96106.963735,16535
96106.984357,16536
96106.999564,16537
96107.013773,16538
96107.028465,16539
96107.043193,16540
96107.058689,16541
96107.077836,16542
96107.093492,16543
96107.106731,16544
96107.124120,16545
96107.139388,16546
96107.154209,16547
96107.170618,16548
96107.184967,16549
96107.201734,16550
96107.218887,16551
96107.232804,16552
96107.247262,16553
96107.264231,16554
96107.279838,16555
96107.294628,16556
96107.309771,16557
96107.329219,16558
96107.345243,16559
96107.361379,16560
96107.381778,16561
96107.402147,16562
96107.420011,16563
96107.434275,16564
96107.448667,16565
96107.464120,16566
96107.478703,16567
96107.493115,16568
96107.507768,16569
96107.525653,16570
96107.540794,16571
96107.557836,16572
96107.573720,16573
96107.590260,16574
96107.607140,16575
96107.626788,16576
96107.648909,16577
96107.668634,16578
96107.684203,16579
96107.698736,16580
96107.716515,16581
96107.730489,16582
96107.749416,16583
96107.767388,16584
96107.783085,16585
96107.798807,16586
96107.816109,16587
96107.831541,16588
96107.847606,16589
96107.864889,16590
96107.879541,16591
96107.895735,16592
96107.913924,16593
96107.931242,16594
96107.946784,16595
96107.964869,16596
96107.979600,16597
96107.995729,16598
96108.010609,16599
96108.024522,16600
96108.044647,16601
96108.065369,16602
96108.079993,16603
96108.095227,16604
96108.115068,16605
96108.129446,16606
96108.147321,16607
96108.162258,16608
96108.179699,16609
96108.194903,16610
96108.210715,16611
96108.230593,16612
96108.248713,16613
96108.262869,16614
96108.282005,16615
96108.301846,16616
96108.317643,16617
96108.332701,16618
96108.350206,16619
96108.364872,16620
96108.378403,16621
96108.392267,16622
96108.410329,16623
96108.425920,16624
96108.440244,16625
96108.455330,16626
96108.468416,16627
96108.484820,16628
96108.499217,16629
96108.512843,16630
96108.528610,16631
96108.550261,16632
96108.565047,16633
96108.586789,16634
96108.603515,16635
96108.625506,16636
96108.640414,16637
96108.655409,16638
96108.671337,16639
96108.686760,16640
96108.702254,16641
96108.716850,16642
96108.738609,16643
96108.754343,16644
96108.768287,16645
96108.784050,16646
96108.799575,16647
96108.820558,16648
96108.838965,16649
96108.856814,16650
96108.873283,16651
96108.889304,16652
96108.909082,16653
96108.926253,16654
96108.945310,16655
96108.959543,16656
96108.974746,16657
96108.990654,16658
96109.005794,16659
96109.022388,16660
96109.038665,16661
96109.054545,16662
96109.069644,16663
96109.085259,16664
96109.104480,16665
96109.120361,16666
96109.136468,16667
96109.152315,16668
96109.166802,16669
96109.183239,16670
96109.198255,16671
96109.219387,16672
96109.236893,16673
96109.251618,16674
96109.272633,16675
96109.287744,16676
96109.306367,16677
96109.321318,16678
96109.337792,16679
96109.352978,16680
96109.368768,16681
96109.390312,16682
96109.404958,16683
96109.423843,16684
96109.439736,16685
96109.455270,16686
96109.469726,16687
96109.485015,16688
96109.501687,16689
96109.516304,16690
96109.531910,16691
96109.547262,16692
96109.562117,16693
96109.578286,16694
96109.593879,16695
96109.608368,16696
96109.626154,16697
96109.642164,16698
96109.657759,16699
96109.673827,16700
96109.688773,16701
96109.702714,16702
96109.722822,16703
96109.737197,16704
96109.755544,16705
96109.770749,16706
96109.785192,16707
96109.803952,16708
96109.819361,16709
96109.834280,16710
96109.849507,16711
96109.865637,16712
96109.882471,16713
96109.896300,16714
96109.910709,16715
96109.927226,16716
96109.942439,16717
96109.958778,16718
96109.973365,16719
96109.993569,16720
96110.007796,16721
96110.023903,16722
96110.039691,16723
96110.054197,16724
96110.068310,16725
96110.083611,16726
96110.100782,16727
96110.116642,16728
96110.138494,16729
96110.155234,16730
96110.170359,16731
96110.185375,16732
96110.198575,16733
96110.214799,16734
96110.230664,16735
96110.246497,16736
96110.262354,16737
96110.276043,16738
96110.295286,16739
96110.310948,16740
96110.327297,16741
96110.343162,16742
96110.358669,16743
96110.374706,16744
96110.391455,16745
96110.406711,16746
96110.424722,16747
96110.439598,16748
96110.455225,16749
96113.582778,16750
96113.594357,16751
96113.605352,16752
96113.617544,16753
96113.628375,16754
96113.638574,16755
96113.649574,16756
96113.660175,16757
96113.670626,16758
96113.680606,16759
96113.690477,16760
96113.700806,16761
96113.711297,16762
96113.722203,16763
96113.732611,16764
96113.743839,16765
96113.754022,16766
96113.763873,16767
96113.773995,16768
96113.784283,16769
96113.794164,16770
96113.803803,16771
96113.814078,16772
96113.829664,16773
96113.839463,16774
96113.849204,16775
96113.859021,16776
96113.868353,16777
96113.878279,16778
96113.888484,16779
96113.897765,16780
96113.907419,16781
96113.916562,16782
96113.926039,16783
96113.935977,16784
96113.945588,16785
96113.956303,16786
96113.966237,16787
96113.976308,16788
96113.985625,16789
96113.995375,16790
96114.004908,16791
96114.015572,16792
96114.025220,16793
96114.035150,16794
96114.044729,16795
96114.055406,16796
96114.065345,16797
96114.075484,16798
96114.084906,16799
96114.097352,16800
96114.106878,16801
96114.117333,16802
96114.126693,16803
96114.137053,16804
96114.146367,16805
96114.156777,16806
96114.166621,16807
96114.176692,16808
96114.186283,16809
96114.196122,16810
96114.205554,16811
96114.215413,16812
96114.224862,16813
96114.234892,16814
96114.244357,16815
96114.254411,16816
96114.263791,16817
96114.273688,16818
96114.283193,16819
96114.293478,16820
96114.303311,16821
96114.312990,16822
96114.322559,16823
96114.332990,16824
96114.342665,16825
96114.352714,16826
96114.362023,16827
96114.372193,16828
96114.382334,16829
96114.392495,16830
96114.402175,16831
96114.412111,16832
96114.421363,16833
96114.431027,16834
96114.440698,16835
96114.451263,16836
96114.460602,16837
96114.470481,16838
96114.479927,16839
96114.490118,16840
96114.499726,16841
96114.509907,16842
96114.519358,16843
96114.529333,16844
96114.539057,16845
96114.549253,16846
96114.558724,16847
96114.569559,16848
96114.579887,16849
96114.589650,16850
96114.599135,16851
96114.609306,16852
96114.618603,16853
96114.628467,16854
96114.637979,16855
96114.648517,16856
96114.657967,16857
96114.668005,16858
96114.677473,16859
96114.687214,16860
96114.696396,16861
96114.706151,16862
96114.715632,16863
96114.725675,16864
96114.735924,16865
96114.745847,16866
96114.755679,16867
96114.765625,16868
96114.774946,16869
96114.784976,16870
96114.794499,16871
96114.805209,16872
96114.814956,16873
96114.825230,16874
96114.834575,16875
96114.844826,16876
96114.854629,16877
96114.864744,16878
96114.874227,16879
96114.884241,16880
96114.893736,16881
96114.903558,16882
96114.913371,16883
96114.923743,16884
96114.933465,16885
96114.943627,16886
96114.953175,16887
96114.963153,16888
96114.972952,16889
96114.982724,16890
96114.992497,16891
96115.002372,16892
96115.011757,16893
96115.021433,16894
96115.030556,16895
96115.040842,16896
96115.049963,16897
96115.059937,16898
96115.069268,16899
96115.082316,16900
96115.091635,16901
96115.101934,16902
96115.111229,16903
96115.121318,16904
96115.131250,16905
96115.141549,16906
96115.150872,16907
96115.160736,16908
96115.170307,16909
96115.180273,16910
96115.190832,16911
96115.203635,16912
96115.215285,16913
96115.225413,16914
96115.235344,16915
96115.245396,16916
96115.255049,16917
96115.264925,16918
96115.274690,16919
96115.284661,16920
96115.294136,16921
96115.303967,16922
96115.313822,16923
96115.323711,16924
96115.333119,16925
96115.343697,16926
96115.353242,16927
96115.363613,16928
96115.373065,16929
96115.382755,16930
96115.392595,16931
96115.402658,16932
96115.412543,16933
96115.422662,16934
96115.431932,16935
96115.441972,16936
96115.451224,16937
96115.460992,16938
96115.470194,16939
96115.480623,16940
96115.489914,16941
96115.499814,16942
96115.509778,16943
96115.520301,16944
96115.529781,16945
96115.539911,16946
96115.549845,16947
96115.560142,16948
96115.569791,16949
96115.579899,16950
96115.589837,16951
96115.600172,16952
96115.609707,16953
96115.619664,16954
96115.629665,16955
96115.639935,16956
96115.650125,16957
96115.660203,16958
96115.669661,16959
96115.679800,16960
96115.689309,16961
96115.699044,16962
96115.708786,16963
96115.719053,16964
96115.728670,16965
96115.738299,16966
96115.747894,16967
96115.757971,16968
96115.766967,16969
96115.777358,16970
96115.786760,16971
96115.796875,16972
96115.807638,16973
96115.822666,16974
96115.832460,16975
96115.842365,16976
96115.851634,16977
96115.861173,16978
96115.870668,16979
96115.881017,16980
96115.890330,16981
96115.900648,16982
96115.909966,16983
96115.920182,16984
96115.929813,16985
96115.939544,16986
96115.949490,16987
96115.960266,16988
96115.969960,16989
96115.980422,16990
96115.989723,16991
96115.999965,16992
96116.009207,16993
96116.018907,16994
96116.028978,16995
96116.039219,16996
96116.048432,16997
96116.058395,16998
96116.067677,16999
96120.003977,17000
96120.020962,17001
96120.037306,17002
96120.048055,17003
96120.063536,17004
96120.081443,17005
96120.097137,17006
96120.112254,17007
96120.122501,17008
96120.132219,17009
96120.147037,17010
96120.157864,17011
96120.171357,17012
96120.180868,17013
96120.194612,17014
96120.208161,17015
96120.221767,17016
96120.234752,17017
96120.249761,17018
96120.261397,17019
96120.274656,17020
96120.284156,17021
96120.297082,17022
96120.310330,17023
96120.323698,17024
96120.337990,17025
96120.348208,17026
96120.361232,17027
96120.374672,17028
96120.386737,17029
96120.401377,17030
96120.410831,17031
96120.424654,17032
96120.434989,17033
96120.449553,17034
96120.462433,17035
96120.474387,17036
96120.485267,17037
96120.498000,17038
96120.511301,17039
96120.520935,17040
96120.532565,17041
96120.542900,17042
96120.555905,17043
96120.569667,17044
96120.578990,17045
96120.594115,17046
96120.607833,17047
96120.618830,17048
96120.632324,17049
96120.648187,17050
96120.662927,17051
96120.676775,17052
96120.690035,17053
96120.703359,17054
96120.715243,17055
96120.724776,17056
96120.739982,17057
96120.753571,17058
96120.766394,17059
96120.781259,17060
96120.795516,17061
96120.807183,17062
96120.821971,17063
96120.833224,17064
96120.847773,17065
96120.858466,17066
96120.872210,17067
96120.881936,17068
96120.895699,17069
96120.911111,17070
96120.924304,17071
96120.939941,17072
96120.952607,17073
96120.962405,17074
96120.976239,17075
96120.990767,17076
96121.005912,17077
96121.017196,17078
96121.030634,17079
96121.045559,17080
96121.059639,17081
96121.071329,17082
96121.085044,17083
96121.099625,17084
96121.113313,17085
96121.127484,17086
96121.140148,17087
96121.153606,17088
96121.167615,17089
96121.180922,17090
96121.192582,17091
96121.205894,17092
96121.219397,17093
96121.231678,17094
96121.242568,17095
96121.254569,17096
96121.269492,17097
96121.279393,17098
96121.295390,17099
96121.310283,17100
96121.324717,17101
96121.334914,17102
96121.349500,17103
96121.362916,17104
96121.375526,17105
96121.390619,17106
96121.405359,17107
96121.415969,17108
96121.431961,17109
96121.446276,17110
96121.458894,17111
96121.474058,17112
96121.490369,17113
96121.501885,17114
96121.511868,17115
96121.521677,17116
96121.536456,17117
96121.548826,17118
96121.558991,17119
96121.568546,17120
96121.582471,17121
96121.594712,17122
96121.605961,17123
96121.620202,17124
96121.634476,17125
96121.644684,17126
96121.658777,17127
96121.674665,17128
96121.684708,17129
96121.695090,17130
96121.709854,17131
96121.724749,17132
96121.735658,17133
96121.749540,17134
96121.763829,17135
96121.780248,17136
96121.794228,17137
96121.804272,17138
96121.817118,17139
96121.830817,17140
96121.843242,17141
96121.856896,17142
96121.872734,17143
96121.885930,17144
96121.896188,17145
96121.906445,17146
96121.916656,17147
96121.928765,17148
96121.942972,17149
96121.956423,17150
96121.969859,17151
96121.983766,17152
96121.997491,17153
96122.011342,17154
96122.023361,17155
96122.037785,17156
96122.050524,17157
96122.060111,17158
96122.072494,17159
96122.086813,17160
96122.101336,17161
96122.114421,17162
96122.128340,17163
96122.142888,17164
96122.155800,17165
96122.169395,17166
96122.183191,17167
96122.194940,17168
96122.207264,17169
96122.217775,17170
96122.227849,17171
96122.238627,17172
96122.249008,17173
96122.262407,17174
96122.274748,17175
96122.286430,17176
96122.297364,17177
96122.311352,17178
96122.321283,17179
96122.332621,17180
96122.345695,17181
96122.356080,17182
96122.371909,17183
96122.383972,17184
96122.399195,17185
96122.414743,17186
96122.426850,17187
96122.436679,17188
96122.446695,17189
96122.456820,17190
96122.470474,17191
96122.483719,17192
96122.495109,17193
96122.511034,17194
96122.523583,17195
96122.534295,17196
96122.547694,17197
96122.561517,17198
96122.572987,17199
96122.588125,17200
96122.602063,17201
96122.612180,17202
96122.629075,17203
96122.644110,17204
96122.657877,17205
96122.671414,17206
96122.683647,17207
96122.695773,17208
96122.707537,17209
96122.722527,17210
96122.737138,17211
96122.749766,17212
96122.764788,17213
96122.778904,17214
96122.793272,17215
96122.807903,17216
96122.818551,17217
96122.831137,17218
96122.845637,17219
96122.859441,17220
96122.874637,17221
96122.890328,17222
96122.903614,17223
96122.916782,17224
96122.931091,17225
96122.943768,17226
96122.958223,17227
96122.967558,17228
96122.982114,17229
96122.996619,17230
96123.010785,17231
96123.022730,17232
96123.033979,17233
96123.046850,17234
96123.058879,17235
96123.072658,17236
96123.087894,17237
96123.102991,17238
96123.119072,17239
96123.129022,17240
96123.144833,17241
96123.158878,17242
96123.169839,17243
96123.181460,17244
96123.197485,17245
96123.207654,17246
96123.217647,17247
96123.233418,17248
96123.249407,17249
96127.193997,17250
96127.208375,17251
96127.221944,17252
96127.236499,17253
96127.251762,17254
96127.266300,17255
96127.281915,17256
96127.297198,17257
96127.311769,17258
96127.326502,17259
96127.337428,17260
96127.353697,17261
96127.370722,17262
96127.385688,17263
96127.401531,17264
96127.414248,17265
96127.430408,17266
96127.445835,17267
96127.461095,17268
96127.475056,17269
96127.489964,17270
96127.505954,17271
96127.519653,17272
96127.531179,17273
96127.544774,17274
96127.560508,17275
96127.572337,17276
96127.583532,17277
96127.598471,17278
96127.613932,17279
96127.627797,17280
96127.643134,17281
96127.660037,17282
96127.675650,17283
96127.691670,17284
96127.705551,17285
96127.718699,17286
96127.733955,17287
96127.746969,17288
96127.762110,17289
96127.777317,17290
96127.789231,17291
96127.803089,17292
96127.819658,17293
96127.834839,17294
96127.850884,17295
96127.866313,17296
96127.881785,17297
96127.892563,17298
96127.908498,17299
96127.925751,17300
96127.940540,17301
96127.953526,17302
96127.968899,17303
96127.985734,17304
96127.998739,17305
96128.010263,17306
96128.023878,17307
96128.038651,17308
96128.053792,17309
96128.068541,17310
96128.082406,17311
96128.096177,17312
96128.110500,17313
96128.123674,17314
96128.137922,17315
96128.151380,17316
96128.164684,17317
96128.175950,17318
96128.191172,17319
96128.205940,17320
96128.221494,17321
96128.232756,17322
96128.248220,17323
96128.263581,17324
96128.280415,17325
96128.295323,17326
96128.310225,17327
96128.325649,17328
96128.338402,17329
96128.349727,17330
96128.365588,17331
96128.379886,17332
96128.395867,17333
96128.409009,17334
96128.423423,17335
96128.435497,17336
96128.450464,17337
96128.463093,17338
96128.478181,17339
96128.488771,17340
96128.501356,17341
96128.517251,17342
96128.530524,17343
96128.545593,17344
96128.560941,17345
96128.575978,17346
96128.594196,17347
96128.606654,17348
96128.620177,17349
96128.634539,17350
96128.650083,17351
96128.665588,17352
96128.679130,17353
96128.693578,17354
96128.708562,17355
96128.723575,17356
96128.738620,17357
96128.751392,17358
96128.762754,17359
96128.773901,17360
96128.787388,17361
96128.802881,17362
96128.815045,17363
96128.832768,17364
96128.843454,17365
96128.859057,17366
96128.872028,17367
96128.887319,17368
96128.901620,17369
96128.912652,17370
96128.927643,17371
96128.942282,17372
96128.953966,17373
96128.969024,17374
96128.985029,17375
96128.995958,17376
96129.011616,17377
96129.029581,17378
96129.040752,17379
96129.052729,17380
96129.067957,17381
96129.081598,17382
96129.095211,17383
96129.106179,17384
96129.117263,17385
96129.129600,17386
96129.145174,17387
96129.159470,17388
96129.173673,17389
96129.186205,17390
96129.200524,17391
96129.211584,17392
96129.226511,17393
96129.240620,17394
96129.254500,17395
96129.267026,17396
96129.282295,17397
96129.297375,17398
96129.308332,17399
96129.327140,17400
96129.341596,17401
96129.358363,17402
96129.373657,17403
96129.389827,17404
96129.404707,17405
96129.418411,17406
96129.434446,17407
96129.448011,17408
96129.463994,17409
96129.479493,17410
96129.490523,17411
96129.506228,17412
96129.517478,17413
96129.533226,17414
96129.548777,17415
96129.565795,17416
96129.581834,17417
96129.595482,17418
96129.611699,17419
96129.623490,17420
96129.637109,17421
96129.652553,17422
96129.665542,17423
96129.680565,17424
96129.696271,17425
96129.710591,17426
96129.725602,17427
96129.740745,17428
96129.754457,17429
96129.768276,17430
96129.781940,17431
96129.797869,17432
96129.811031,17433
96129.825230,17434
96129.838331,17435
96129.853216,17436
96129.868606,17437
96129.882381,17438
96129.897097,17439
96129.907921,17440
96129.923541,17441
96129.937347,17442
96129.951698,17443
96129.966696,17444
96129.981482,17445
96129.991844,17446
96130.005853,17447
96130.016683,17448
96130.027255,17449
96130.041435,17450
96130.054511,17451
96130.067162,17452
96130.081861,17453
96130.096927,17454
96130.108754,17455
96130.123370,17456
96130.138055,17457
96130.152255,17458
96130.166439,17459
96130.179263,17460
96130.190360,17461
96130.204791,17462
96130.215927,17463
96130.230731,17464
96130.246366,17465
96130.259456,17466
96130.274427,17467
96130.287581,17468
96130.303081,17469
96130.318322,17470
96130.329418,17471
96130.345731,17472
96130.360771,17473
96130.376525,17474
96130.391990,17475
96130.405020,17476
96130.418023,17477
96130.432403,17478
96130.444243,17479
96130.459481,17480
96130.473705,17481
96130.489446,17482
96130.505469,17483
96130.521328,17484
96130.535961,17485
96130.550683,17486
96130.561283,17487
96130.573938,17488
96130.587804,17489
96130.603114,17490
96130.617164,17491
96130.630094,17492
96130.645357,17493
96130.661282,17494
96130.675761,17495
96130.690655,17496
96130.704010,17497
96130.718193,17498
96130.734711,17499
96134.468367,17500
96134.486957,17501
96134.504136,17502
96134.520350,17503
96134.536880,17504
96134.552932,17505
96134.568641,17506
96134.585630,17507
96134.603946,17508
96134.620856,17509
96134.637888,17510
96134.654348,17511
96134.670927,17512
96134.689477,17513
96134.705048,17514
96134.722336,17515
96134.738307,17516
96134.755446,17517
96134.771163,17518
96134.787094,17519
96134.803187,17520
96134.819960,17521
96134.834333,17522
96134.850210,17523
96134.867090,17524
96134.881930,17525
96134.897753,17526
96134.913992,17527
96134.928432,17528
96134.943714,17529
96134.957672,17530
96134.973292,17531
96134.989742,17532
96135.006399,17533
96135.021857,17534
96135.036999,17535
96135.052513,17536
96135.068552,17537
96135.083229,17538
96135.097540,17539
96135.114342,17540
96135.130205,17541
96135.146237,17542
96135.161212,17543
96135.177476,17544
96135.192980,17545
96135.207542,17546
96135.224047,17547
96135.239716,17548
96135.254158,17549
96135.273051,17550
96135.289679,17551
96135.305559,17552
96135.322496,17553
96135.338988,17554
96135.354911,17555
96135.370456,17556
96135.386407,17557
96135.401701,17558
96135.417668,17559
96135.433082,17560
96135.449093,17561
96135.464235,17562
96135.479577,17563
96135.495054,17564
96135.510827,17565
96135.525931,17566
96135.541757,17567
96135.557559,17568
96135.574673,17569
96135.591264,17570
96135.608110,17571
96135.623896,17572
96135.639639,17573
96135.655438,17574
96135.670820,17575
96135.687186,17576
96135.703634,17577
96135.719588,17578
96135.736439,17579
96135.752011,17580
96135.766681,17581
96135.782396,17582
96135.797904,17583
96135.814428,17584
96135.830691,17585
96135.845745,17586
96135.861882,17587
96135.877310,17588
96135.892591,17589
96135.907413,17590
96135.923129,17591
96135.939597,17592
96135.956979,17593
96135.972756,17594
96135.990194,17595
96136.007298,17596
96136.024883,17597
96136.039771,17598
96136.057453,17599
96136.072702,17600
96136.089039,17601
96136.105719,17602
96136.120863,17603
96136.136724,17604
96136.152906,17605
96136.168629,17606
96136.185394,17607
96136.201223,17608
96136.214846,17609
96136.230246,17610
96136.245896,17611
96136.261462,17612
96136.277340,17613
96136.292748,17614
96136.308038,17615
96136.324272,17616
96136.340332,17617
96136.355470,17618
96136.372222,17619
96136.387387,17620
96136.403125,17621
96136.417844,17622
96136.433750,17623
96136.449459,17624
96136.466356,17625
96136.483249,17626
96136.498542,17627
96136.513889,17628
96136.530257,17629
96136.546994,17630
96136.560906,17631
96136.577358,17632
96136.593371,17633
96136.608752,17634
96136.625255,17635
96136.639854,17636
96136.656158,17637
96136.673190,17638
96136.691253,17639
96136.707652,17640
96136.724912,17641
96136.742346,17642
96136.757697,17643
96136.774651,17644
96136.790468,17645
96136.805836,17646
96136.824804,17647
96136.841900,17648
96136.857933,17649
96136.877760,17650
96136.892278,17651
96136.908425,17652
96136.925536,17653
96136.941838,17654
96136.958540,17655
96136.974051,17656
96136.990632,17657
96137.005576,17658
96137.021248,17659
96137.035283,17660
96137.051326,17661
96137.067683,17662
96137.084088,17663
96137.100338,17664
96137.117278,17665
96137.133060,17666
96137.147874,17667
96137.162676,17668
96137.179325,17669
96137.195623,17670
96137.211268,17671
96137.226213,17672
96137.242270,17673
96137.259337,17674
96137.275250,17675
96137.291326,17676
96137.306411,17677
96137.320320,17678
96137.336650,17679
96137.352529,17680
96137.368264,17681
96137.384072,17682
96137.399747,17683
96137.415903,17684
96137.432674,17685
96137.448717,17686
96137.465364,17687
96137.480023,17688
96137.495031,17689
96137.510377,17690
96137.526369,17691
96137.542437,17692
96137.558095,17693
96137.573935,17694
96137.589153,17695
96137.605099,17696
96137.620252,17697
96137.635851,17698
96137.650915,17699
96137.665845,17700
96137.682644,17701
96137.698701,17702
96137.715221,17703
96137.730404,17704
96137.746075,17705
96137.761289,17706
96137.775411,17707
96137.791201,17708
96137.806698,17709
96137.822562,17710
96137.838044,17711
96137.855107,17712
96137.871486,17713
96137.887413,17714
96137.904931,17715
96137.921424,17716
96137.937321,17717
96137.952803,17718
96137.967508,17719
96137.984209,17720
96137.999825,17721
96138.016562,17722
96138.032572,17723
96138.049188,17724
96138.063424,17725
96138.077333,17726
96138.092759,17727
96138.108539,17728
96138.124931,17729
96138.141362,17730
96138.157896,17731
96138.172367,17732
96138.187903,17733
96138.202750,17734
96138.216958,17735
96138.233195,17736
96138.250339,17737
96138.266793,17738
96138.283634,17739
96138.298515,17740
96138.313760,17741
96138.327848,17742
96138.343803,17743
96138.360587,17744
96138.376397,17745
96138.392605,17746
96138.407967,17747
96138.423006,17748
96138.438036,17749
96140.540855,18000
96140.551564,18001
96140.561133,18002
96140.571396,18003
96140.581218,18004
96140.591358,18005
96140.600924,18006
96140.611429,18007
96140.621319,18008
96140.631320,18009
96140.641134,18010
96140.650456,18011
96140.660754,18012
96140.670242,18013
96140.679794,18014
96140.689333,18015
96140.698833,18016
96140.709045,18017
96140.718702,18018
96140.728253,18019
96140.737608,18020
96140.746657,18021
96140.757237,18022
96140.766923,18023
96140.776306,18024
96140.785759,18025
96140.795707,18026
96140.805610,18027
96140.822652,18028
96140.839455,18029
96140.850556,18030
96140.861325,18031
96140.871602,18032
96140.881584,18033
96140.891524,18034
96140.901305,18035
96140.913332,18036
96140.923989,18037
96140.934687,18038
96140.944498,18039
96140.954661,18040
96140.964055,18041
96140.974736,18042
96140.984748,18043
96140.994913,18044
96141.004823,18045
96141.014602,18046
96141.024108,18047
96141.033978,18048
96141.044246,18049
96141.053969,18050
96141.065438,18051
96141.075236,18052
96141.084923,18053
96141.094879,18054
96141.104320,18055
96141.114463,18056
96141.124200,18057
96141.133806,18058
96141.143156,18059
96141.153242,18060
96141.162869,18061
96141.172792,18062
96141.182382,18063
96141.192395,18064
96141.201951,18065
96141.211713,18066
96141.220870,18067
96141.230679,18068
96141.240440,18069
96141.250820,18070
96141.260374,18071
96141.270496,18072
96141.280296,18073
96141.290074,18074
96141.299543,18075
96141.309662,18076
96141.319437,18077
96141.329530,18078
96141.338686,18079
96141.348636,18080
96141.357943,18081
96141.368332,18082
96141.378154,18083
96141.388624,18084
96141.398413,18085
96141.408050,18086
96141.417555,18087
96141.427715,18088
96141.437253,18089
96141.447685,18090
96141.457788,18091
96141.468211,18092
96141.477912,18093
96141.487736,18094
96141.496936,18095
96141.507196,18096
96141.516828,18097
96141.527205,18098
96141.536954,18099
96141.548638,18100
96141.558381,18101
96141.568635,18102
96141.578235,18103
96141.588340,18104
96141.598830,18105
96141.609319,18106
96141.619258,18107
96141.629587,18108
96141.639303,18109
96141.649253,18110
96141.658867,18111
96141.670343,18112
96141.679815,18113
96141.689544,18114
96141.699259,18115
96141.709253,18116
96141.718635,18117
96141.728800,18118
96141.739073,18119
96141.749529,18120
96141.759366,18121
96141.769239,18122
96141.778702,18123
96141.788684,18124
96141.798038,18125
96141.808644,18126
96141.818387,18127
96141.829645,18128
96141.839128,18129
96141.849006,18130
96141.858407,18131
96141.868325,18132
96141.878161,18133
96141.887941,18134
96141.897045,18135
96141.906888,18136
96141.916397,18137
96141.927050,18138
96141.936368,18139
96141.946450,18140
96141.955621,18141
96141.965283,18142
96141.974882,18143
96141.984700,18144
96141.993811,18145
96142.003463,18146
96142.013725,18147
96142.024283,18148
96142.034207,18149
96142.044717,18150
96142.054193,18151
96142.064608,18152
96142.074314,18153
96142.084369,18154
96142.093790,18155
96142.103692,18156
96142.113202,18157
96142.122964,18158
96142.133003,18159
96142.143181,18160
96142.153032,18161
96142.163214,18162
96142.172856,18163
96142.183418,18164
96142.192686,18165
96142.202474,18166
96142.212163,18167
96142.222432,18168
96142.232482,18169
96142.242483,18170
96142.251727,18171
96142.261493,18172
96142.270737,18173
96142.281554,18174
96142.291250,18175
96142.301508,18176
96142.310909,18177
96142.320967,18178
96142.330283,18179
96142.340487,18180
96142.350472,18181
96142.360792,18182
96142.370791,18183
96142.381094,18184
96142.390955,18185
96142.401045,18186
96142.411266,18187
96142.421453,18188
96142.431690,18189
96142.441537,18190
96142.451128,18191
96142.461349,18192
96142.470736,18193
96142.480954,18194
96142.490686,18195
96142.501414,18196
96142.511093,18197
96142.520916,18198
96142.531014,18199
96142.544659,18200
96142.554330,18201
96142.564544,18202
96142.575749,18203
96142.586340,18204
96142.596168,18205
96142.606049,18206
96142.615384,18207
96142.625361,18208
96142.634939,18209
96142.645270,18210
96142.654807,18211
96142.664973,18212
96142.674646,18213
96142.684377,18214
96142.693708,18215
96142.703447,18216
96142.712889,18217
96142.722846,18218
96142.732511,18219
96142.742398,18220
96142.752043,18221
96142.761697,18222
96142.771171,18223
96142.781820,18224
96142.792033,18225
96142.804390,18226
96142.816509,18227
96142.827651,18228
96142.838188,18229
96142.849169,18230
96142.859764,18231
96142.870965,18232
96142.881199,18233
96142.891555,18234
96142.900915,18235
96142.910874,18236
96142.920729,18237
96142.930782,18238
96142.940633,18239
96142.950396,18240
96142.959843,18241
96142.969751,18242
96142.979509,18243
96142.989807,18244
96142.999522,18245
96143.009830,18246
96143.019526,18247
96143.029525,18248
96143.039092,18249
96146.801213,18250
96146.817337,18251
96146.828299,18252
96146.838369,18253
96146.852010,18254
96146.868431,18255
96146.886717,18256
96146.901483,18257
96146.916587,18258
96146.932339,18259
96146.947881,18260
96146.958326,18261
96146.968660,18262
96146.983760,18263
96146.999220,18264
96147.009174,18265
96147.019278,18266
96147.033963,18267
96147.043358,18268
96147.057162,18269
96147.066954,18270
96147.081527,18271
96147.090779,18272
96147.100719,18273
96147.114583,18274
96147.123947,18275
96147.136310,18276
96147.151793,18277
96147.166803,18278
96147.181619,18279
96147.191567,18280
96147.201101,18281
96147.215739,18282
96147.230312,18283
96147.239737,18284
96147.255193,18285
96147.269524,18286
96147.284417,18287
96147.299243,18288
96147.314536,18289
96147.327845,18290
96147.340791,18291
96147.356539,18292
96147.370666,18293
96147.384011,18294
96147.394712,18295
96147.409594,18296
96147.423455,18297
96147.432953,18298
96147.446474,18299
96147.456160,18300
96147.470393,18301
96147.485408,18302
96147.494746,18303
96147.507664,18304
96147.520764,18305
96147.530235,18306
96147.540288,18307
96147.549447,18308
96147.561892,18309
96147.571582,18310
96147.585946,18311
96147.595896,18312
96147.608612,18313
96147.624633,18314
96147.638683,18315
96147.651530,18316
96147.664980,18317
96147.679289,18318
96147.688884,18319
96147.702621,18320
96147.716398,18321
96147.730830,18322
96147.744426,18323
96147.758724,18324
96147.772058,18325
96147.786918,18326
96147.799214,18327
96147.814048,18328
96147.828335,18329
96147.838389,18330
96147.848736,18331
96147.862293,18332
96147.876754,18333
96147.890773,18334
96147.904721,18335
96147.918187,18336
96147.931946,18337
96147.947361,18338
96147.960797,18339
96147.970782,18340
96147.986662,18341
96148.002341,18342
96148.014797,18343
96148.027855,18344
96148.043534,18345
96148.058437,18346
96148.073628,18347
96148.088084,18348
96148.103097,18349
96148.120618,18350
96148.131884,18351
96148.144287,18352
96148.155059,18353
96148.168681,18354
96148.182422,18355
96148.194280,18356
96148.209472,18357
96148.222746,18358
96148.235821,18359
96148.251688,18360
96148.262726,18361
96148.278368,18362
96148.290923,18363
96148.306193,18364
96148.321715,18365
96148.337697,18366
96148.348310,18367
96148.363737,18368
96148.373697,18369
96148.388894,18370
96148.401825,18371
96148.415633,18372
96148.430804,18373
96148.446135,18374
96148.461082,18375
96148.474234,18376
96148.490223,18377
96148.504890,18378
96148.521784,18379
96148.534524,18380
96148.549006,18381
96148.559378,18382
96148.575777,18383
96148.588600,18384
96148.599328,18385
96148.613731,18386
96148.622942,18387
96148.637771,18388
96148.651523,18389
96148.664431,18390
96148.679406,18391
96148.688954,18392
96148.703347,18393
96148.716935,18394
96148.731288,18395
96148.740379,18396
96148.754713,18397
96148.768278,18398
96148.782581,18399
96148.795783,18400
96148.812534,18401
96148.825314,18402
96148.839567,18403
96148.850726,18404
96148.863825,18405
96148.877429,18406
96148.891634,18407
96148.903918,18408
96148.917903,18409
96148.930597,18410
96148.946531,18411
96148.956397,18412
96148.969711,18413
96148.985225,18414
96148.994537,18415
96149.008509,18416
96149.021635,18417
96149.036955,18418
96149.050791,18419
96149.064872,18420
96149.075107,18421
96149.088339,18422
96149.104677,18423
96149.118616,18424
96149.132783,18425
96149.144726,18426
96149.154348,18427
96149.168255,18428
96149.180754,18429
96149.200536,18430
96149.214871,18431
96149.224364,18432
96149.237987,18433
96149.252026,18434
96149.266185,18435
96149.279104,18436
96149.291456,18437
96149.305732,18438
96149.315361,18439
96149.330614,18440
96149.343208,18441
96149.356337,18442
96149.365639,18443
96149.375755,18444
96149.389994,18445
96149.404870,18446
96149.418360,18447
96149.431253,18448
96149.440468,18449
96149.456101,18450
96149.469019,18451
96149.481502,18452
96149.492269,18453
96149.502022,18454
96149.516604,18455
96149.525851,18456
96149.537415,18457
96149.549346,18458
96149.564567,18459
96149.579070,18460
96149.594138,18461
96149.610387,18462
96149.620648,18463
96149.636197,18464
96149.651111,18465
96149.664749,18466
96149.681144,18467
96149.691776,18468
96149.709407,18469
96149.725226,18470
96149.735831,18471
96149.747226,18472
96149.762764,18473
96149.776337,18474
96149.790316,18475
96149.806079,18476
96149.820839,18477
96149.836583,18478
96149.851921,18479
96149.861841,18480
96149.872608,18481
96149.888240,18482
96149.903945,18483
96149.919774,18484
96149.934550,18485
96149.949817,18486
96149.960976,18487
96149.976347,18488
96149.990275,18489
96150.004658,18490
96150.018637,18491
96150.033488,18492
96150.046431,18493
96150.062232,18494
96150.076175,18495
96150.091553,18496
96150.101387,18497
96150.115361,18498
96150.127429,18499
96154.024870,18500
96154.043714,18501
96154.060766,18502
96154.076394,18503
96154.091855,18504
96154.102558,18505
96154.118574,18506
96154.129729,18507
96154.145627,18508
96154.160963,18509
96154.177299,18510
96154.191846,18511
96154.207796,18512
96154.223065,18513
96154.239432,18514
96154.254018,18515
96154.269430,18516
96154.284264,18517
96154.300200,18518
96154.315816,18519
96154.330061,18520
96154.340768,18521
96154.355616,18522
96154.370574,18523
96154.386224,18524
96154.397433,18525
96154.414746,18526
96154.430729,18527
96154.447008,18528
96154.463802,18529
96154.478899,18530
96154.490451,18531
96154.506343,18532
96154.517927,18533
96154.532971,18534
96154.549308,18535
96154.565182,18536
96154.579803,18537
96154.594145,18538
96154.609727,18539
96154.624150,18540
96154.638150,18541
96154.654389,18542
96154.669979,18543
96154.685366,18544
96154.695765,18545
96154.710735,18546
96154.725931,18547
96154.740823,18548
96154.750875,18549
96154.767151,18550
96154.782836,18551
96154.797933,18552
96154.813899,18553
96154.830174,18554
96154.845136,18555
96154.860187,18556
96154.876542,18557
96154.891981,18558
96154.907467,18559
96154.917796,18560
96154.929284,18561
96154.939787,18562
96154.954374,18563
96154.970436,18564
96154.986727,18565
96155.003014,18566
96155.018059,18567
96155.033463,18568
96155.048467,18569
96155.063861,18570
96155.079689,18571
96155.093972,18572
96155.107849,18573
96155.122786,18574
96155.137204,18575
96155.153147,18576
96155.167696,18577
96155.183153,18578
96155.198418,18579
96155.213500,18580
96155.227838,18581
96155.242972,18582
96155.258235,18583
96155.273644,18584
96155.287744,18585
96155.302478,18586
96155.317526,18587
96155.332674,18588
96155.347315,18589
96155.362566,18590
96155.373163,18591
96155.388170,18592
96155.403301,18593
96155.413320,18594
96155.423458,18595
96155.438731,18596
96155.454307,18597
96155.469702,18598
96155.484502,18599
96155.502658,18600
96155.512766,18601
96155.528421,18602
96155.543586,18603
96155.558367,18604
96155.568128,18605
96155.582986,18606
96155.599492,18607
96155.613793,18608
96155.628123,18609
96155.642679,18610
96155.657397,18611
96155.671984,18612
96155.686705,18613
96155.700397,18614
96155.714748,18615
96155.728895,18616
96155.743776,18617
96155.753819,18618
96155.763776,18619
96155.777319,18620
96155.791759,18621
96155.806394,18622
96155.820972,18623
96155.835963,18624
96155.850539,18625
96155.864682,18626
96155.879491,18627
96155.889545,18628
96155.904334,18629
96155.919529,18630
96155.929513,18631
96155.943998,18632
96155.958563,18633
96155.968639,18634
96155.982206,18635
96155.996808,18636
96156.012278,18637
96156.024011,18638
96156.037547,18639
96156.051787,18640
96156.064842,18641
96156.079598,18642
96156.094178,18643
96156.108058,18644
96156.123338,18645
96156.139550,18646
96156.154044,18647
96156.170565,18648
96156.184474,18649
96156.199885,18650
96156.215856,18651
96156.229855,18652
96156.248882,18653
96156.264108,18654
96156.280523,18655
96156.296292,18656
96156.311244,18657
96156.326796,18658
96156.344698,18659
96156.360691,18660
96156.371334,18661
96156.387323,18662
96156.402394,18663
96156.418300,18664
96156.432804,18665
96156.448313,18666
96156.464795,18667
96156.477498,18668
96156.487630,18669
96156.504000,18670
96156.519662,18671
96156.535360,18672
96156.550696,18673
96156.565478,18674
96156.581761,18675
96156.597858,18676
96156.614523,18677
96156.630470,18678
96156.641795,18679
96156.657275,18680
96156.672049,18681
96156.687786,18682
96156.703280,18683
96156.719045,18684
96156.735265,18685
96156.752081,18686
96156.768070,18687
96156.784083,18688
96156.799625,18689
96156.816090,18690
96156.831763,18691
96156.842805,18692
96156.858036,18693
96156.874398,18694
96156.890466,18695
96156.906296,18696
96156.916279,18697
96156.931043,18698
96156.945783,18699
96156.963957,18700
96156.974586,18701
96156.990054,18702
96157.000715,18703
96157.016186,18704
96157.031934,18705
96157.050984,18706
96157.065750,18707
96157.079301,18708
96157.094252,18709
96157.104225,18710
96157.119644,18711
96157.132377,18712
96157.147728,18713
96157.157765,18714
96157.175790,18715
96157.192228,18716
96157.208241,18717
96157.222323,18718
96157.238231,18719
96157.253254,18720
96157.268492,18721
96157.283531,18722
96157.298591,18723
96157.311048,18724
96157.326350,18725
96157.341238,18726
96157.356493,18727
96157.372032,18728
96157.382248,18729
96157.398205,18730
96157.416117,18731
96157.431246,18732
96157.446619,18733
96157.456639,18734
96157.471755,18735
96157.486849,18736
96157.501773,18737
96157.516404,18738
96157.531733,18739
96157.546444,18740
96157.561866,18741
96157.576037,18742
96157.586221,18743
96157.596157,18744
96157.611193,18745
96157.625751,18746
96157.640691,18747
96157.655680,18748
96157.665750,18749
96161.334718,18750
96161.356838,18751
96161.372241,18752
96161.388529,18753
96161.406078,18754
96161.425314,18755
96161.447020,18756
96161.462602,18757
96161.482118,18758
96161.496746,18759
96161.515331,18760
96161.534915,18761
96161.550186,18762
96161.564624,18763
96161.580397,18764
96161.596498,18765
96161.611046,18766
96161.626880,18767
96161.647505,18768
96161.663886,18769
96161.682553,18770
96161.698454,18771
96161.713671,18772
96161.730582,18773
96161.750337,18774
96161.765735,18775
96161.782534,18776
96161.799812,18777
96161.814779,18778
96161.831912,18779
96161.849638,18780
96161.866522,18781
96161.881405,18782
96161.897729,18783
96161.913703,18784
96161.932187,18785
96161.948123,18786
96161.964930,18787
96161.982740,18788
96162.000033,18789
96162.016750,18790
96162.033503,18791
96162.048285,18792
96162.065270,18793
96162.081762,18794
96162.098444,18795
96162.117256,18796
96162.132828,18797
96162.148455,18798
96162.166477,18799
96162.183345,18800
96162.200302,18801
96162.216476,18802
96162.232394,18803
96162.246791,18804
96162.261511,18805
96162.275662,18806
96162.292381,18807
96162.312422,18808
96162.332710,18809
96162.351772,18810
96162.367842,18811
96162.384089,18812
96162.399746,18813
96162.419680,18814
96162.434814,18815
96162.450132,18816
96162.470577,18817
96162.485780,18818
96162.503217,18819
96162.518786,18820
96162.537648,18821
96162.553865,18822
96162.569428,18823
96162.585698,18824
96162.601405,18825
96162.615511,18826
96162.631827,18827
96162.648315,18828
96162.663054,18829
96162.682118,18830
96162.696005,18831
96162.715801,18832
96162.730854,18833
96162.746356,18834
96162.761395,18835
96162.776729,18836
96162.798195,18837
96162.815472,18838
96162.830635,18839
96162.846914,18840
96162.863492,18841
96162.878181,18842
96162.899565,18843
96162.914583,18844
96162.936663,18845
96162.957696,18846
96162.974395,18847
96162.990307,18848
96163.010056,18849
96163.028723,18850
96163.049623,18851
96163.067031,18852
96163.087192,18853
96163.108194,18854
96163.123576,18855
96163.139900,18856
96163.156399,18857
96163.172389,18858
96163.186385,18859
96163.205894,18860
96163.221189,18861
96163.235718,18862
96163.252965,18863
96163.268226,18864
96163.282725,18865
96163.297821,18866
96163.314408,18867
96163.330805,18868
96163.345966,18869
96163.359713,18870
96163.374533,18871
96163.393312,18872
96163.408346,18873
96163.422624,18874
96163.437199,18875
96163.452125,18876
96163.467779,18877
96163.485580,18878
96163.499456,18879
96163.518496,18880
96163.533703,18881
96163.550962,18882
96163.567333,18883
96163.581030,18884
96163.597828,18885
96163.616549,18886
96163.630547,18887
96163.645558,18888
96163.661337,18889
96163.676044,18890
96163.692066,18891
96163.706196,18892
96163.720988,18893
96163.738043,18894
96163.752568,18895
96163.768592,18896
96163.785350,18897
96163.799724,18898
96163.815354,18899
96163.830290,18900
96163.845256,18901
96163.862786,18902
96163.877283,18903
96163.892761,18904
96163.910689,18905
96163.925954,18906
96163.941196,18907
96163.956212,18908
96163.971319,18909
96163.986637,18910
96164.002366,18911
96164.018538,18912
96164.033340,18913
96164.047682,18914
96164.062346,18915
96164.077281,18916
96164.097367,18917
96164.114559,18918
96164.128831,18919
96164.146209,18920
96164.161136,18921
96164.176156,18922
96164.190903,18923
96164.210457,18924
96164.229714,18925
96164.245940,18926
96164.260453,18927
96164.275478,18928
96164.290556,18929
96164.307391,18930
96164.321830,18931
96164.335888,18932
96164.353598,18933
96164.368242,18934
96164.383868,18935
96164.398468,18936
96164.417629,18937
96164.431797,18938
96164.448449,18939
96164.466231,18940
96164.483574,18941
96164.498709,18942
96164.515353,18943
96164.533925,18944
96164.552381,18945
96164.569227,18946
96164.584526,18947
96164.600196,18948
96164.613559,18949
96164.633443,18950
96164.654334,18951
96164.671490,18952
96164.686510,18953
96164.701300,18954
96164.724030,18955
96164.739602,18956
96164.753435,18957
96164.771102,18958
96164.789307,18959
96164.803640,18960
96164.826445,18961
96164.841181,18962
96164.855934,18963
96164.873213,18964
96164.890778,18965
96164.907914,18966
96164.923019,18967
96164.938476,18968
96164.954754,18969
96164.969919,18970
96164.990654,18971
96165.005875,18972
96165.023065,18973
96165.038048,18974
96165.051967,18975
96165.073384,18976
96165.093930,18977
96165.108665,18978
96165.132133,18979
96165.148632,18980
96165.164439,18981
96165.178289,18982
96165.195375,18983
96165.214834,18984
96165.230811,18985
96165.245669,18986
96165.261228,18987
96165.280942,18988
96165.295315,18989
96165.309702,18990
96165.326175,18991
96165.344911,18992
96165.367188,18993
96165.382049,18994
96165.398293,18995
96165.413692,18996
96165.429851,18997
96165.444027,18998
96165.459792,18999
96168.383588,19000
96168.394256,19001
96168.403653,19002
96168.413340,19003
96168.423356,19004
96168.433211,19005
96168.442680,19006
96168.453215,19007
96168.462907,19008
96168.472527,19009
96168.482128,19010
96168.491710,19011
96168.501369,19012
96168.511178,19013
96168.521313,19014
96168.531102,19015
96168.541237,19016
96168.551273,19017
96168.560806,19018
96168.571138,19019
96168.581383,19020
96168.591488,19021
96168.601760,19022
96168.611478,19023
96168.621369,19024
96168.631534,19025
96168.642046,19026
96168.651731,19027
96168.661778,19028
96168.671182,19029
96168.680565,19030
96168.689844,19031
96168.699595,19032
96168.708777,19033
96168.718464,19034
96168.727521,19035
96168.737379,19036
96168.747059,19037
96168.756810,19038
96168.766363,19039
96168.775991,19040
96168.785209,19041
96168.795080,19042
96168.805244,19043
96168.815917,19044
96168.825624,19045
96168.835711,19046
96168.845014,19047
96168.854311,19048
96168.863788,19049
96168.873603,19050
96168.883638,19051
96168.893490,19052
96168.902867,19053
96168.912212,19054
96168.921449,19055
96168.931235,19056
96168.940566,19057
96168.950631,19058
96168.960229,19059
96168.969610,19060
96168.979036,19061
96168.989208,19062
96168.999289,19063
96169.009203,19064
96169.018941,19065
96169.028550,19066
96169.037890,19067
96169.047932,19068
96169.057380,19069
96169.067611,19070
96169.076903,19071
96169.086762,19072
96169.096400,19073
96169.106718,19074
96169.115815,19075
96169.125586,19076
96169.134994,19077
96169.144327,19078
96169.153848,19079
96169.163690,19080
96169.173172,19081
96169.183220,19082
96169.192553,19083
96169.202138,19084
96169.211315,19085
96169.222485,19086
96169.232228,19087
96169.242236,19088
96169.251653,19089
96169.260978,19090
96169.270631,19091
96169.281316,19092
96169.291468,19093
96169.301240,19094
96169.310413,19095
96169.319603,19096
96169.329201,19097
96169.339712,19098
96169.349714,19099
96169.362421,19100
96169.372603,19101
96169.382142,19102
96169.391736,19103
96169.402666,19104
96169.412353,19105
96169.422219,19106
96169.432201,19107
96169.441785,19108
96169.451310,19109
96169.461732,19110
96169.471506,19111
96169.481355,19112
96169.490762,19113
96169.500418,19114
96169.510364,19115
96169.521230,19116
96169.530801,19117
96169.540491,19118
96169.550366,19119
96169.559748,19120
96169.569985,19121
96169.580250,19122
96169.589978,19123
96169.600407,19124
96169.611117,19125
96169.621950,19126
96169.633624,19127
96169.645497,19128
96169.655873,19129
96169.666442,19130
96169.675927,19131
96169.685747,19132
96169.695141,19133
96169.705658,19134
96169.716211,19135
96169.725818,19136
96169.735381,19137
96169.745416,19138
96169.754720,19139
96169.764617,19140
96169.773831,19141
96169.784314,19142
96169.793968,19143
96169.803456,19144
96169.813577,19145
96169.823944,19146
96169.833474,19147
96169.843420,19148
96169.852939,19149
96169.862368,19150
96169.871837,19151
96169.881920,19152
96169.891543,19153
96169.901481,19154
96169.911352,19155
96169.920862,19156
96169.930634,19157
96169.940678,19158
96169.950733,19159
96169.960646,19160
96169.970037,19161
96169.979310,19162
96169.989075,19163
96169.999733,19164
96170.009282,19165
96170.019036,19166
96170.028407,19167
96170.037925,19168
96170.047828,19169
96170.058289,19170
96170.067822,19171
96170.077491,19172
96170.087211,19173
96170.096958,19174
96170.106528,19175
96170.116403,19176
96170.126032,19177
96170.135736,19178
96170.145272,19179
96170.155218,19180
96170.164676,19181
96170.174611,19182
96170.183927,19183
96170.194134,19184
96170.204270,19185
96170.213835,19186
96170.223134,19187
96170.233056,19188
96170.242853,19189
96170.253173,19190
96170.262795,19191
96170.272469,19192
96170.281651,19193
96170.291644,19194
96170.301034,19195
96170.310936,19196
96170.320320,19197
96170.329907,19198
96170.339619,19199
96170.352086,19200
96170.362356,19201
96170.373132,19202
96170.383445,19203
96170.392675,19204
96170.402355,19205
96170.412477,19206
96170.422185,19207
96170.432660,19208
96170.442262,19209
96170.452698,19210
96170.462037,19211
96170.473203,19212
96170.482780,19213
96170.492569,19214
96170.502471,19215
96170.512112,19216
96170.521436,19217
96170.531295,19218
96170.541335,19219
96170.551871,19220
96170.561197,19221
96170.571819,19222
96170.580963,19223
96170.590954,19224
96170.600365,19225
96170.610536,19226
96170.620825,19227
96170.630126,19228
96170.639516,19229
96170.649334,19230
96170.659122,19231
96170.669053,19232
96170.679255,19233
96170.689606,19234
96170.698938,19235
96170.708789,19236
96170.718450,19237
96170.728068,19238
96170.737407,19239
96170.746826,19240
96170.756433,19241
96170.766708,19242
96170.776216,19243
96170.786445,19244
96170.796015,19245
96170.805702,19246
96170.815894,19247
96170.826314,19248
96170.835594,19249
96174.910723,19250
96174.926898,19251
96174.944753,19252
96174.961328,19253
96174.976603,19254
96174.987971,19255
96175.003083,19256
96175.018490,19257
96175.033929,19258
96175.044187,19259
96175.056612,19260
96175.071009,19261
96175.084917,19262
96175.100839,19263
96175.116209,19264
96175.126688,19265
96175.137053,19266
96175.151046,19267
96175.164461,19268
96175.178207,19269
96175.191647,19270
96175.202746,19271
96175.218061,19272
96175.230564,19273
96175.240716,19274
96175.253612,19275
96175.263253,19276
96175.272372,19277
96175.287336,19278
96175.296740,19279
96175.309580,19280
96175.319951,19281
96175.332250,19282
96175.342936,19283
96175.354954,19284
96175.367716,19285
96175.379934,19286
96175.389761,19287
96175.401931,19288
96175.414555,19289
96175.424760,19290
96175.438738,19291
96175.452023,19292
96175.464958,19293
96175.477981,19294
96175.490727,19295
96175.504701,19296
96175.516784,19297
96175.530220,19298
96175.545595,19299
96175.558704,19300
96175.571716,19301
96175.584944,19302
96175.594727,19303
96175.605845,19304
96175.621736,19305
96175.635403,19306
96175.647209,19307
96175.660921,19308
96175.671006,19309
96175.683251,19310
96175.693196,19311
96175.703661,19312
96175.718308,19313
96175.731393,19314
96175.743189,19315
96175.755527,19316
96175.769391,19317
96175.780249,19318
96175.794850,19319
96175.807344,19320
96175.817613,19321
96175.827644,19322
96175.838719,19323
96175.848175,19324
96175.860502,19325
96175.874380,19326
96175.884556,19327
96175.898877,19328
96175.912770,19329
96175.925673,19330
96175.940236,19331
96175.956258,19332
96175.968198,19333
96175.983992,19334
96175.994461,19335
96176.004807,19336
96176.017372,19337
96176.031562,19338
96176.047028,19339
96176.056692,19340
96176.073309,19341
96176.086373,19342
96176.098329,19343
96176.108321,19344
96176.121784,19345
96176.133636,19346
96176.144551,19347
96176.157751,19348
96176.167993,19349
96176.182237,19350
96176.193732,19351
96176.207620,19352
96176.223442,19353
96176.236568,19354
96176.246344,19355
96176.260961,19356
96176.272997,19357
96176.282812,19358
96176.294341,19359
96176.308390,19360
96176.322262,19361
96176.335033,19362
96176.349493,19363
96176.363784,19364
96176.374435,19365
96176.386823,19366
96176.399848,19367
96176.409483,19368
96176.418979,19369
96176.431943,19370
96176.446242,19371
96176.459156,19372
96176.474796,19373
96176.489983,19374
96176.503579,19375
96176.517246,19376
96176.531119,19377
96176.543952,19378
96176.553719,19379
96176.566817,19380
96176.580986,19381
96176.594962,19382
96176.608468,19383
96176.621452,19384
96176.632601,19385
96176.645693,19386
96176.659473,19387
96176.673876,19388
96176.685202,19389
96176.698256,19390
96176.709334,19391
96176.723454,19392
96176.735463,19393
96176.748861,19394
96176.761318,19395
96176.774894,19396
96176.784387,19397
96176.793626,19398
96176.807636,19399
96176.821359,19400
96176.831845,19401
96176.845285,19402
96176.856807,19403
96176.870382,19404
96176.881284,19405
96176.892643,19406
96176.906905,19407
96176.922049,19408
96176.935449,19409
96176.948739,19410
96176.960257,19411
96176.974019,19412
96176.988184,19413
96176.998947,19414
96177.012547,19415
96177.026097,19416
96177.039612,19417
96177.053029,19418
96177.066417,19419
96177.078807,19420
96177.088437,19421
96177.103161,19422
96177.116197,19423
96177.128913,19424
96177.140322,19425
96177.153899,19426
96177.163796,19427
96177.173250,19428
96177.185900,19429
96177.198992,19430
96177.213108,19431
96177.226390,19432
96177.235947,19433
96177.248064,19434
96177.259599,19435
96177.273022,19436
96177.284368,19437
96177.298462,19438
96177.311871,19439
96177.325395,19440
96177.337241,19441
96177.347672,19442
96177.357793,19443
96177.370032,19444
96177.379975,19445
96177.391576,19446
96177.404241,19447
96177.417349,19448
96177.427500,19449
96177.445811,19450
96177.460268,19451
96177.477643,19452
96177.491325,19453
96177.506534,19454
96177.516332,19455
96177.529375,19456
96177.541361,19457
96177.553698,19458
96177.567664,19459
96177.578898,19460
96177.593032,19461
96177.607332,19462
96177.618154,19463
96177.629985,19464
96177.644140,19465
96177.654444,19466
96177.667610,19467
96177.679728,19468
96177.690862,19469
96177.704219,19470
96177.717692,19471
96177.728337,19472
96177.741287,19473
96177.752805,19474
96177.766321,19475
96177.780951,19476
96177.791315,19477
96177.804668,19478
96177.818197,19479
96177.831678,19480
96177.846174,19481
96177.860192,19482
96177.871464,19483
96177.884360,19484
96177.897859,19485
96177.908561,19486
96177.922799,19487
96177.935975,19488
96177.949006,19489
96177.961224,19490
96177.977276,19491
96177.992291,19492
96178.006560,19493
96178.018292,19494
96178.032763,19495
96178.045832,19496
96178.056236,19497
96178.067558,19498
96178.082134,19499
96182.196265,19500
96182.213846,19501
96182.228987,19502
96182.243446,19503
96182.259626,19504
96182.276024,19505
96182.289854,19506
96182.305700,19507
96182.319389,19508
96182.335825,19509
96182.349856,19510
96182.363410,19511
96182.376403,19512
96182.392033,19513
96182.403332,19514
96182.418114,19515
96182.434332,19516
96182.449403,19517
96182.463834,19518
96182.479634,19519
96182.492051,19520
96182.508222,19521
96182.522674,19522
96182.537604,19523
96182.550993,19524
96182.565921,19525
96182.581911,19526
96182.597144,19527
96182.609451,19528
96182.623802,19529
96182.638650,19530
96182.651251,19531
96182.661779,19532
96182.675490,19533
96182.689485,19534
96182.705373,19535
96182.715730,19536
96182.732902,19537
96182.747771,19538
96182.763379,19539
96182.777805,19540
96182.792223,19541
96182.804342,19542
96182.819707,19543
96182.832905,19544
96182.846821,19545
96182.857711,19546
96182.873322,19547
96182.888226,19548
96182.900485,19549
96182.914767,19550
96182.929750,19551
96182.944508,19552
96182.958448,19553
96182.973321,19554
96182.987623,19555
96183.001470,19556
96183.014647,19557
96183.027295,19558
96183.042678,19559
96183.056994,19560
96183.070625,19561
96183.081476,19562
96183.096637,19563
96183.111613,19564
96183.124547,19565
96183.137193,19566
96183.150239,19567
96183.163591,19568
96183.177670,19569
96183.193352,19570
96183.206302,19571
96183.220657,19572
96183.235460,19573
96183.250588,19574
96183.268454,19575
96183.284121,19576
96183.298968,19577
96183.314366,19578
96183.329937,19579
96183.343518,19580
96183.353915,19581
96183.369094,19582
96183.379851,19583
96183.395246,19584
96183.410535,19585
96183.421390,19586
96183.431992,19587
96183.446051,19588
96183.459782,19589
96183.470285,19590
96183.484903,19591
96183.497307,19592
96183.511671,19593
96183.526405,19594
96183.541090,19595
96183.555318,19596
96183.567430,19597
96183.578492,19598
96183.590998,19599
96183.607685,19600
96183.623781,19601
96183.637429,19602
96183.649178,19603
96183.660839,19604
96183.675347,19605
96183.690642,19606
96183.703420,19607
96183.718570,19608
96183.734932,19609
96183.748599,19610
96183.760029,19611
96183.775581,19612
96183.790878,19613
96183.804976,19614
96183.819592,19615
96183.831922,19616
96183.844856,19617
96183.856482,19618
96183.867370,19619
96183.881478,19620
96183.895047,19621
96183.908791,19622
96183.922305,19623
96183.938236,19624
96183.951311,19625
96183.963881,19626
96183.978258,19627
96183.991745,19628
96184.006684,19629
96184.021724,19630
96184.034868,19631
96184.048746,19632
96184.063269,19633
96184.077706,19634
96184.092972,19635
96184.107867,19636
96184.121240,19637
96184.131738,19638
96184.144244,19639
96184.159077,19640
96184.172864,19641
96184.187049,19642
96184.201998,19643
96184.216297,19644
96184.231424,19645
96184.246395,19646
96184.256990,19647
96184.269280,19648
96184.282777,19649
96184.297746,19650
96184.313275,19651
96184.325473,19652
96184.339057,19653
96184.353324,19654
96184.367085,19655
96184.381608,19656
96184.393901,19657
96184.407873,19658
96184.423362,19659
96184.435228,19660
96184.449668,19661
96184.464528,19662
96184.477726,19663
96184.492785,19664
96184.503862,19665
96184.515294,19666
96184.529367,19667
96184.541543,19668
96184.555008,19669
96184.569502,19670
96184.583722,19671
96184.596474,19672
96184.611240,19673
96184.624069,19674
96184.638394,19675
96184.652399,19676
96184.669076,19677
96184.682626,19678
96184.695192,19679
96184.709364,19680
96184.724163,19681
96184.736235,19682
96184.750371,19683
96184.764482,19684
96184.777359,19685
96184.790533,19686
96184.804022,19687
96184.820067,19688
96184.836585,19689
96184.847953,19690
96184.860260,19691
96184.871494,19692
96184.886352,19693
96184.901818,19694
96184.916215,19695
96184.929597,19696
96184.943882,19697
96184.957250,19698
96184.971409,19699
96184.984238,19700
96184.999825,19701
96185.014292,19702
96185.027977,19703
96185.043249,19704
96185.057993,19705
96185.069219,19706
96185.083782,19707
96185.096837,19708
96185.110648,19709
96185.124872,19710
96185.139734,19711
96185.151990,19712
96185.167050,19713
96185.181225,19714
96185.195936,19715
96185.208774,19716
96185.221247,19717
96185.235681,19718
96185.247170,19719
96185.263373,19720
96185.278682,19721
96185.294021,19722
96185.309282,19723
96185.324829,19724
96185.339607,19725
96185.353567,19726
96185.366708,19727
96185.377707,19728
96185.392718,19729
96185.403370,19730
96185.413831,19731
96185.429157,19732
96185.442701,19733
96185.456075,19734
96185.471778,19735
96185.488693,19736
96185.502713,19737
96185.518712,19738
96185.533311,19739
96185.548892,19740
96185.560887,19741
96185.575427,19742
96185.588337,19743
96185.603250,19744
96185.616893,19745
96185.630643,19746
96185.644204,19747
96185.657050,19748
96185.669452,19749
96189.232858,19750
96189.250450,19751
96189.265240,19752
96189.282468,19753
96189.298556,19754
96189.315305,19755
96189.330888,19756
96189.348436,19757
96189.363323,19758
96189.381273,19759
96189.398899,19760
96189.414286,19761
96189.432074,19762
96189.446590,19763
96189.464129,19764
96189.479414,19765
96189.495485,19766
96189.510418,19767
96189.527329,19768
96189.542026,19769
96189.558118,19770
96189.575428,19771
96189.591622,19772
96189.607619,19773
96189.624427,19774
96189.641079,19775
96189.656759,19776
96189.672834,19777
96189.689060,19778
96189.705763,19779
96189.721903,19780
96189.738279,19781
96189.753997,19782
96189.770325,19783
96189.785873,19784
96189.801632,19785
96189.819221,19786
96189.834451,19787
96189.849832,19788
96189.865210,19789
96189.880120,19790
96189.895335,19791
96189.912320,19792
96189.927884,19793
96189.944302,19794
96189.960974,19795
96189.976565,19796
96189.992513,19797
96190.009189,19798
96190.025663,19799
96190.042007,19800
96190.058391,19801
96190.073828,19802
96190.089828,19803
96190.106564,19804
96190.123602,19805
96190.139655,19806
96190.154978,19807
96190.169730,19808
96190.185641,19809
96190.202136,19810
96190.217925,19811
96190.234837,19812
96190.250967,19813
96190.267098,19814
96190.283624,19815
96190.300407,19816
96190.316755,19817
96190.332098,19818
96190.348568,19819
96190.364492,19820
96190.379897,19821
96190.396222,19822
96190.410893,19823
96190.427259,19824
96190.443320,19825
96190.459734,19826
96190.475487,19827
96190.491356,19828
96190.507821,19829
96190.524347,19830
96190.541021,19831
96190.556659,19832
96190.572047,19833
96190.587977,19834
96190.604550,19835
96190.621896,19836
96190.638032,19837
96190.655939,19838
96190.671895,19839
96190.688015,19840
96190.704280,19841
96190.720116,19842
96190.735929,19843
96190.751651,19844
96190.766709,19845
96190.782750,19846
96190.799924,19847
96190.816812,19848
96190.833061,19849
96190.850196,19850
96190.865521,19851
96190.881440,19852
96190.899906,19853
96190.917346,19854
96190.932223,19855
96190.947842,19856
96190.963255,19857
96190.979389,19858
96190.996135,19859
96191.012431,19860
96191.029180,19861
96191.045202,19862
96191.061654,19863
96191.077431,19864
96191.093418,19865
96191.110870,19866
96191.126542,19867
96191.141591,19868
96191.159314,19869
96191.174991,19870
96191.192122,19871
96191.207742,19872
96191.223938,19873
96191.240804,19874
96191.257391,19875
96191.273325,19876
96191.290539,19877
96191.308259,19878
96191.326978,19879
96191.342808,19880
96191.357989,19881
96191.373781,19882
96191.389616,19883
96191.406111,19884
96191.422154,19885
96191.437996,19886
96191.455353,19887
96191.473435,19888
96191.489062,19889
96191.505451,19890
96191.523964,19891
96191.541964,19892
96191.557835,19893
96191.574062,19894
96191.590671,19895
96191.606198,19896
96191.624734,19897
96191.643410,19898
96191.660017,19899
96191.675226,19900
96191.691310,19901
96191.707401,19902
96191.724741,19903
96191.740278,19904
96191.755992,19905
96191.772758,19906
96191.788203,19907
96191.804706,19908
96191.821328,19909
96191.837310,19910
96191.854734,19911
96191.872516,19912
96191.890301,19913
96191.907196,19914
96191.923701,19915
96191.939203,19916
96191.955356,19917
96191.971739,19918
96191.987355,19919
96192.003246,19920
96192.019552,19921
96192.036029,19922
96192.051721,19923
96192.068989,19924
96192.086370,19925
96192.101917,19926
96192.117737,19927
96192.135225,19928
96192.151346,19929
96192.166575,19930
96192.183795,19931
96192.200338,19932
96192.216932,19933
96192.233672,19934
96192.251910,19935
96192.267492,19936
96192.283916,19937
96192.300040,19938
96192.315758,19939
96192.332222,19940
96192.349621,19941
96192.368281,19942
96192.383397,19943
96192.398812,19944
96192.414907,19945
96192.431558,19946
96192.447060,19947
96192.462989,19948
96192.478877,19949
96192.498489,19950
96192.514153,19951
96192.531043,19952
96192.545647,19953
96192.561685,19954
96192.578194,19955
96192.593568,19956
96192.610050,19957
96192.625590,19958
96192.641503,19959
96192.658691,19960
96192.676318,19961
96192.691377,19962
96192.706821,19963
96192.722658,19964
96192.739651,19965
96192.754371,19966
96192.770732,19967
96192.785844,19968
96192.801633,19969
96192.816885,19970
96192.833987,19971
96192.848748,19972
96192.864418,19973
96192.880246,19974
96192.895730,19975
96192.911445,19976
96192.927224,19977
96192.942619,19978
96192.958038,19979
96192.973951,19980
96192.988903,19981
96193.004746,19982
96193.020238,19983
96193.035658,19984
96193.050173,19985
96193.066203,19986
96193.081750,19987
96193.097130,19988
96193.112737,19989
96193.127244,19990
96193.141701,19991
96193.156336,19992
96193.171224,19993
96193.185871,19994
96193.200065,19995
96193.215553,19996
96193.231774,19997
96193.245765,19998
96193.262463,19999
96195.354090,20250
96195.364656,20251
96195.374117,20252
96195.383579,20253
96195.392756,20254
96195.402486,20255
96195.411673,20256
96195.421263,20257
96195.431592,20258
96195.441303,20259
96195.450734,20260
96195.460028,20261
96195.469701,20262
96195.479270,20263
96195.488808,20264
96195.498473,20265
96195.508249,20266
96195.517877,20267
96195.527385,20268
96195.536848,20269
96195.546693,20270
96195.556483,20271
96195.566298,20272
96195.576010,20273
96195.585441,20274
96195.595130,20275
96195.604383,20276
96195.614533,20277
96195.623627,20278
96195.633749,20279
96195.643244,20280
96195.653074,20281
96195.662714,20282
96195.672593,20283
96195.681971,20284
96195.691840,20285
96195.702099,20286
96195.712256,20287
96195.722096,20288
96195.733330,20289
96195.744733,20290
96195.757482,20291
96195.767972,20292
96195.778678,20293
96195.788434,20294
96195.798017,20295
96195.807856,20296
96195.820210,20297
96195.830246,20298
96195.839526,20299
96195.851820,20300
96195.861228,20301
96195.871342,20302
96195.880668,20303
96195.890284,20304
96195.899875,20305
96195.909686,20306
96195.919946,20307
96195.929775,20308
96195.939030,20309
96195.949680,20310
96195.959061,20311
96195.969159,20312
96195.978556,20313
96195.988216,20314
96195.997681,20315
96196.007196,20316
96196.016624,20317
96196.026203,20318
96196.035867,20319
96196.045545,20320
96196.055246,20321
96196.064927,20322
96196.074402,20323
96196.083926,20324
96196.093560,20325
96196.103175,20326
96196.112602,20327
96196.122484,20328
96196.132192,20329
96196.142246,20330
96196.152030,20331
96196.161748,20332
96196.171332,20333
96196.180778,20334
96196.190637,20335
96196.200413,20336
96196.209793,20337
96196.219467,20338
96196.228888,20339
96196.238514,20340
96196.247659,20341
96196.257190,20342
96196.266957,20343
96196.276548,20344
96196.285720,20345
96196.295561,20346
96196.304864,20347
96196.314488,20348
96196.324007,20349
96196.333891,20350
96196.343798,20351
96196.353959,20352
96196.363148,20353
96196.372893,20354
96196.382218,20355
96196.392417,20356
96196.401747,20357
96196.412105,20358
96196.421279,20359
96196.430789,20360
96196.440294,20361
96196.449856,20362
96196.459464,20363
96196.469277,20364
96196.478940,20365
96196.488844,20366
96196.498242,20367
96196.508449,20368
96196.518115,20369
96196.527740,20370
96196.537097,20371
96196.547379,20372
96196.556807,20373
96196.567187,20374
96196.577029,20375
96196.587846,20376
96196.597863,20377
96196.607937,20378
96196.617623,20379
96196.627232,20380
96196.636685,20381
96196.646266,20382
96196.655844,20383
96196.665573,20384
96196.674898,20385
96196.684905,20386
96196.694774,20387
96196.707975,20388
96196.717380,20389
96196.727247,20390
96196.736813,20391
96196.747015,20392
96196.756463,20393
96196.766534,20394
96196.776147,20395
96196.786004,20396
96196.795677,20397
96196.805596,20398
96196.815520,20399
96196.827724,20400
96196.838377,20401
96196.848993,20402
96196.859486,20403
96196.870761,20404
96196.881113,20405
96196.891150,20406
96196.900633,20407
96196.910674,20408
96196.920631,20409
96196.930391,20410
96196.939712,20411
96196.949613,20412
96196.958866,20413
96196.968892,20414
96196.978715,20415
96196.988590,20416
96196.998447,20417
96197.008139,20418
96197.017651,20419
96197.027124,20420
96197.036213,20421
96197.046495,20422
96197.056172,20423
96197.066054,20424
96197.075179,20425
96197.084645,20426
96197.094394,20427
96197.104209,20428
96197.114073,20429
96197.123762,20430
96197.133205,20431
96197.143185,20432
96197.152877,20433
96197.162740,20434
96197.172214,20435
96197.182340,20436
96197.191753,20437
96197.201566,20438
96197.216533,20439
96197.226683,20440
96197.236159,20441
96197.246509,20442
96197.256446,20443
96197.265946,20444
96197.275811,20445
96197.285376,20446
96197.294968,20447
96197.304356,20448
96197.313518,20449
96197.323667,20450
96197.333341,20451
96197.343758,20452
96197.353632,20453
96197.363776,20454
96197.372951,20455
96197.382603,20456
96197.392477,20457
96197.402168,20458
96197.411308,20459
96197.421003,20460
96197.430573,20461
96197.440182,20462
96197.449566,20463
96197.459769,20464
96197.469342,20465
96197.479249,20466
96197.488628,20467
96197.498526,20468
96197.507967,20469
96197.518203,20470
96197.528338,20471
96197.538625,20472
96197.548684,20473
96197.559270,20474
96197.570130,20475
96197.580455,20476
96197.590265,20477
96197.602395,20478
96197.614431,20479
96197.625383,20480
96197.636223,20481
96197.646065,20482
96197.655833,20483
96197.665606,20484
96197.674949,20485
96197.685145,20486
96197.694566,20487
96197.704155,20488
96197.713461,20489
96197.723504,20490
96197.734139,20491
96197.744368,20492
96197.754237,20493
96197.764499,20494
96197.774048,20495
96197.783845,20496
96197.793306,20497
96197.803564,20498
96197.813939,20499
96201.299417,20500
96201.310589,20501
96201.324331,20502
96201.339795,20503
96201.349694,20504
96201.359614,20505
96201.369069,20506
96201.385709,20507
96201.400813,20508
96201.415588,20509
96201.429161,20510
96201.443712,20511
96201.454471,20512
96201.468032,20513
96201.481457,20514
96201.495723,20515
96201.510287,20516
96201.524179,20517
96201.539277,20518
96201.548618,20519
96201.557665,20520
96201.571591,20521
96201.586062,20522
96201.596059,20523
96201.606129,20524
96201.622065,20525
96201.637277,20526
96201.647341,20527
96201.661523,20528
96201.675084,20529
96201.686606,20530
96201.701427,20531
96201.716302,20532
96201.731203,20533
96201.745579,20534
96201.759056,20535
96201.773203,20536
96201.786240,20537
96201.795776,20538
96201.805041,20539
96201.814665,20540
96201.829262,20541
96201.843440,20542
96201.853276,20543
96201.867142,20544
96201.881463,20545
96201.891294,20546
96201.907128,20547
96201.921588,20548
96201.935342,20549
96201.952012,20550
96201.966434,20551
96201.977338,20552
96201.992621,20553
96202.006239,20554
96202.021436,20555
96202.035797,20556
96202.050671,20557
96202.064821,20558
96202.077902,20559
96202.094133,20560
96202.107404,20561
96202.122991,20562
96202.137545,20563
96202.147063,20564
96202.161060,20565
96202.171354,20566
96202.185736,20567
96202.200346,20568
96202.214963,20569
96202.224509,20570
96202.237346,20571
96202.252316,20572
96202.266542,20573
96202.277201,20574
96202.292462,20575
96202.305739,20576
96202.318454,20577
96202.333242,20578
96202.347619,20579
96202.361393,20580
96202.376552,20581
96202.390273,20582
96202.404802,20583
96202.418406,20584
96202.428819,20585
96202.443967,20586
96202.458557,20587
96202.472895,20588
96202.487434,20589
96202.503343,20590
96202.512741,20591
96202.522526,20592
96202.536869,20593
96202.551375,20594
96202.565426,20595
96202.575290,20596
96202.590019,20597
96202.603652,20598
96202.617300,20599
96202.631398,20600
96202.642205,20601
96202.655441,20602
96202.668844,20603
96202.683440,20604
96202.696871,20605
96202.709977,20606
96202.723160,20607
96202.738020,20608
96202.754583,20609
96202.769700,20610
96202.784577,20611
96202.794463,20612
96202.804298,20613
96202.818938,20614
96202.833447,20615
96202.843024,20616
96202.857854,20617
96202.873087,20618
96202.887921,20619
96202.897697,20620
96202.911725,20621
96202.924858,20622
96202.936986,20623
96202.949659,20624
96202.963606,20625
96202.980622,20626
96202.995302,20627
96203.009674,20628
96203.025244,20629
96203.040569,20630
96203.055205,20631
96203.069595,20632
96203.079384,20633
96203.094910,20634
96203.109496,20635
96203.119394,20636
96203.129090,20637
96203.141993,20638
96203.151765,20639
96203.167307,20640
96203.184071,20641
96203.202138,20642
96203.211277,20643
96203.226817,20644
96203.241594,20645
96203.255101,20646
96203.264643,20647
96203.280044,20648
96203.290097,20649
96203.311828,20650
96203.322033,20651
96203.335900,20652
96203.349845,20653
96203.363777,20654
96203.378224,20655
96203.391718,20656
96203.405697,20657
96203.415524,20658
96203.429262,20659
96203.444166,20660
96203.460623,20661
96203.474824,20662
96203.484860,20663
96203.494064,20664
96203.504279,20665
96203.518468,20666
96203.528530,20667
96203.543045,20668
96203.553213,20669
96203.566697,20670
96203.583446,20671
96203.598323,20672
96203.613592,20673
96203.631131,20674
96203.640593,20675
96203.657256,20676
96203.672800,20677
96203.687277,20678
96203.703162,20679
96203.717630,20680
96203.731693,20681
96203.746478,20682
96203.760966,20683
96203.778186,20684
96203.793459,20685
96203.807854,20686
96203.822278,20687
96203.831779,20688
96203.841741,20689
96203.851790,20690
96203.861457,20691
96203.876539,20692
96203.891400,20693
96203.901032,20694
96203.915966,20695
96203.931137,20696
96203.940444,20697
96203.954379,20698
96203.968297,20699
96203.982651,20700
96203.992852,20701
96204.007306,20702
96204.017206,20703
96204.030595,20704
96204.044909,20705
96204.058435,20706
96204.072498,20707
96204.086470,20708
96204.100597,20709
96204.110812,20710
96204.125884,20711
96204.140510,20712
96204.154910,20713
96204.164906,20714
96204.179712,20715
96204.194421,20716
96204.204285,20717
96204.214114,20718
96204.229097,20719
96204.243811,20720
96204.258775,20721
96204.269125,20722
96204.284591,20723
96204.293930,20724
96204.309222,20725
96204.324758,20726
96204.339246,20727
96204.354026,20728
96204.368759,20729
96204.384083,20730
96204.398118,20731
96204.408043,20732
96204.417972,20733
96204.432972,20734
96204.447502,20735
96204.457425,20736
96204.471825,20737
96204.487553,20738
96204.502476,20739
96204.512617,20740
96204.526695,20741
96204.536288,20742
96204.553612,20743
96204.567545,20744
96204.581513,20745
96204.596259,20746
96204.611633,20747
96204.626503,20748
96204.641273,20749
96208.470594,20750
96208.487625,20751
96208.504039,20752
96208.520116,20753
96208.535802,20754
96208.552009,20755
96208.567679,20756
96208.578987,20757
96208.595820,20758
96208.611974,20759
96208.627861,20760
96208.642909,20761
96208.658372,20762
96208.668731,20763
96208.683981,20764
96208.699493,20765
96208.714324,20766
96208.729465,20767
96208.744417,20768
96208.755923,20769
96208.771103,20770
96208.781860,20771
96208.796937,20772
96208.812215,20773
96208.827930,20774
96208.842849,20775
96208.853531,20776
96208.869735,20777
96208.884169,20778
96208.899791,20779
96208.915455,20780
96208.932046,20781
96208.947613,20782
96208.963289,20783
96208.978428,20784
96208.994223,20785
96209.004797,20786
96209.019976,20787
96209.030258,20788
96209.047010,20789
96209.057585,20790
96209.072435,20791
96209.088586,20792
96209.103539,20793
96209.119817,20794
96209.130545,20795
96209.146124,20796
96209.161707,20797
96209.177757,20798
96209.193737,20799
96209.211008,20800
96209.226517,20801
96209.241863,20802
96209.252158,20803
96209.269510,20804
96209.284156,20805
96209.299268,20806
96209.314564,20807
96209.329242,20808
96209.343962,20809
96209.358254,20810
96209.373217,20811
96209.388636,20812
96209.403119,20813
96209.418399,20814
96209.433374,20815
96209.448223,20816
96209.462977,20817
96209.478189,20818
96209.493229,20819
96209.508512,20820
96209.523682,20821
96209.540940,20822
96209.555868,20823
96209.570856,20824
96209.586307,20825
96209.601907,20826
96209.617235,20827
96209.633682,20828
96209.644162,20829
96209.658420,20830
96209.672849,20831
96209.688237,20832
96209.702663,20833
96209.718792,20834
96209.733894,20835
96209.748950,20836
96209.765343,20837
96209.780114,20838
96209.796767,20839
96209.811851,20840
96209.826818,20841
96209.842263,20842
96209.857101,20843
96209.871520,20844
96209.885496,20845
96209.896675,20846
96209.911519,20847
96209.926199,20848
96209.941337,20849
96209.956812,20850
96209.971391,20851
96209.987659,20852
96210.002432,20853
96210.017671,20854
96210.031839,20855
96210.046089,20856
96210.061424,20857
96210.076801,20858
96210.093276,20859
96210.103532,20860
96210.118063,20861
96210.133681,20862
96210.149266,20863
96210.164921,20864
96210.175730,20865
96210.191111,20866
96210.205572,20867
96210.219577,20868
96210.235474,20869
96210.250207,20870
96210.265286,20871
96210.280252,20872
96210.294865,20873
96210.305097,20874
96210.319289,20875
96210.334409,20876
96210.350874,20877
96210.365565,20878
96210.379733,20879
96210.390156,20880
96210.399655,20881
96210.414858,20882
96210.429966,20883
96210.444397,20884
96210.458941,20885
96210.473640,20886
96210.488960,20887
96210.503467,20888
96210.513762,20889
96210.529428,20890
96210.544175,20891
96210.559547,20892
96210.574069,20893
96210.588650,20894
96210.604536,20895
96210.619544,20896
96210.634640,20897
96210.649265,20898
96210.659329,20899
96210.676501,20900
96210.691211,20901
96210.704981,20902
96210.719298,20903
96210.734548,20904
96210.749300,20905
96210.764654,20906
96210.780228,20907
96210.794870,20908
96210.809828,20909
96210.824991,20910
96210.840413,20911
96210.854638,20912
96210.869992,20913
96210.884485,20914
96210.898848,20915
96210.912876,20916
96210.928180,20917
96210.943839,20918
96210.954491,20919
96210.968698,20920
96210.983961,20921
96210.994954,20922
96211.010786,20923
96211.020903,20924
96211.036216,20925
96211.045953,20926
96211.055731,20927
96211.070766,20928
96211.084716,20929
96211.099709,20930
96211.114239,20931
96211.128788,20932
96211.143544,20933
96211.158019,20934
96211.172570,20935
96211.187592,20936
96211.201973,20937
96211.216844,20938
96211.231811,20939
96211.242270,20940
96211.257729,20941
96211.273572,20942
96211.284329,20943
96211.299232,20944
96211.313658,20945
96211.329168,20946
96211.344457,20947
96211.358702,20948
96211.373442,20949
96211.388875,20950
96211.404831,20951
96211.419725,20952
96211.434963,20953
96211.450516,20954
96211.466088,20955
96211.481357,20956
96211.496110,20957
96211.510314,20958
96211.520886,20959
96211.535718,20960
96211.550303,20961
96211.568804,20962
96211.584119,20963
96211.598670,20964
96211.613996,20965
96211.629051,20966
96211.643516,20967
96211.657583,20968
96211.672008,20969
96211.687433,20970
96211.702035,20971
96211.717082,20972
96211.731964,20973
96211.746758,20974
96211.762336,20975
96211.777243,20976
96211.792031,20977
96211.806949,20978
96211.816767,20979
96211.832033,20980
96211.846964,20981
96211.861738,20982
96211.875907,20983
96211.891971,20984
96211.906392,20985
96211.921317,20986
96211.936290,20987
96211.951109,20988
96211.961340,20989
96211.976796,20990
96211.991036,20991
96212.006650,20992
96212.022212,20993
96212.033279,20994
96212.048871,20995
96212.063997,20996
96212.080653,20997
96212.096503,20998
96212.106769,20999
96215.720601,21000
96215.738614,21001
96215.754480,21002
96215.769521,21003
96215.783974,21004
96215.799856,21005
96215.816286,21006
96215.832324,21007
96215.847434,21008
96215.862884,21009
96215.878644,21010
96215.896113,21011
96215.913227,21012
96215.930318,21013
96215.951842,21014
96215.967308,21015
96215.982991,21016
96215.997526,21017
96216.011638,21018
96216.032673,21019
96216.051791,21020
96216.070212,21021
96216.088310,21022
96216.102501,21023
96216.117666,21024
96216.133125,21025
96216.148216,21026
96216.165699,21027
96216.180077,21028
96216.195885,21029
96216.211596,21030
96216.227134,21031
96216.243662,21032
96216.258593,21033
96216.279545,21034
96216.294041,21035
96216.309476,21036
96216.323504,21037
96216.337010,21038
96216.354614,21039
96216.370195,21040
96216.387213,21041
96216.405388,21042
96216.420948,21043
96216.441706,21044
96216.460208,21045
96216.475308,21046
96216.490409,21047
96216.507718,21048
96216.524778,21049
96216.543711,21050
96216.559053,21051
96216.572465,21052
96216.586070,21053
96216.601135,21054
96216.618259,21055
96216.633567,21056
96216.652296,21057
96216.665789,21058
96216.680353,21059
96216.695305,21060
96216.711756,21061
96216.727204,21062
96216.744206,21063
96216.759388,21064
96216.775875,21065
96216.790814,21066
96216.808806,21067
96216.823062,21068
96216.837891,21069
96216.858754,21070
96216.873757,21071
96216.888466,21072
96216.903688,21073
96216.924074,21074
96216.943452,21075
96216.957297,21076
96216.975735,21077
96216.995343,21078
96217.010619,21079
96217.025519,21080
96217.039736,21081
96217.055755,21082
96217.071486,21083
96217.086415,21084
96217.101709,21085
96217.115352,21086
96217.131223,21087
96217.147263,21088
96217.163072,21089
96217.176933,21090
96217.192742,21091
96217.206768,21092
96217.225399,21093
96217.240676,21094
96217.254514,21095
96217.272387,21096
96217.288806,21097
96217.302615,21098
96217.322325,21099
96217.339749,21100
96217.355398,21101
96217.370911,21102
96217.390237,21103
96217.405632,21104
96217.419611,21105
96217.439076,21106
96217.452787,21107
96217.468956,21108
96217.486172,21109
96217.506031,21110
96217.521283,21111
96217.536533,21112
96217.553983,21113
96217.571111,21114
96217.586781,21115
96217.606407,21116
96217.622166,21117
96217.636513,21118
96217.650604,21119
96217.665014,21120
96217.678718,21121
96217.697217,21122
96217.717837,21123
96217.735635,21124
96217.748979,21125
96217.764144,21126
96217.779728,21127
96217.795956,21128
96217.811843,21129
96217.827727,21130
96217.843501,21131
96217.860053,21132
96217.873180,21133
96217.886812,21134
96217.900367,21135
96217.916127,21136
96217.929910,21137
96217.944026,21138
96217.960294,21139
96217.980454,21140
96217.995459,21141
96218.011410,21142
96218.024806,21143
96218.039635,21144
96218.059809,21145
96218.074755,21146
96218.089469,21147
96218.103879,21148
96218.118590,21149
96218.138695,21150
96218.155202,21151
96218.169955,21152
96218.184769,21153
96218.198718,21154
96218.217796,21155
96218.233446,21156
96218.248620,21157
96218.264033,21158
96218.280113,21159
96218.295692,21160
96218.310239,21161
96218.329626,21162
96218.344860,21163
96218.358651,21164
96218.373343,21165
96218.388403,21166
96218.402722,21167
96218.417917,21168
96218.434557,21169
96218.448646,21170
96218.466831,21171
96218.481555,21172
96218.496882,21173
96218.510584,21174
96218.528530,21175
96218.543238,21176
96218.559923,21177
96218.578269,21178
96218.593700,21179
96218.612539,21180
96218.628985,21181
96218.642859,21182
96218.656912,21183
96218.671978,21184
96218.687570,21185
96218.705859,21186
96218.720247,21187
96218.736365,21188
96218.750344,21189
96218.765227,21190
96218.781430,21191
96218.795585,21192
96218.811845,21193
96218.826556,21194
96218.841843,21195
96218.859522,21196
96218.874570,21197
96218.893828,21198
96218.909998,21199
96218.924937,21200
96218.939896,21201
96218.958128,21202
96218.977398,21203
96218.992669,21204
96219.006986,21205
96219.021389,21206
96219.036467,21207
96219.051718,21208
96219.068771,21209
96219.083143,21210
96219.098539,21211
96219.117886,21212
96219.131723,21213
96219.147570,21214
96219.163437,21215
96219.178641,21216
96219.192894,21217
96219.208247,21218
96219.225082,21219
96219.241285,21220
96219.256477,21221
96219.275752,21222
96219.290354,21223
96219.305563,21224
96219.319174,21225
96219.334684,21226
96219.350757,21227
96219.366314,21228
96219.383169,21229
96219.403826,21230
96219.421426,21231
96219.436299,21232
96219.454653,21233
96219.470327,21234
96219.487914,21235
96219.502459,21236
96219.520402,21237
96219.534897,21238
96219.550722,21239
96219.569287,21240
96219.588337,21241
96219.603057,21242
96219.619553,21243
96219.633975,21244
96219.649326,21245
96219.664545,21246
96219.681602,21247
96219.697538,21248
96219.712104,21249
96222.753740,21250
96222.764782,21251
96222.774447,21252
96222.784708,21253
96222.794571,21254
96222.804324,21255
96222.815757,21256
96222.827584,21257
96222.840437,21258
96222.850998,21259
96222.861606,21260
96222.871281,21261
96222.880986,21262
96222.890628,21263
96222.901050,21264
96222.910968,21265
96222.921295,21266
96222.931803,21267
96222.941340,21268
96222.951637,21269
96222.962063,21270
96222.971543,21271
96222.981699,21272
96222.991187,21273
96223.000609,21274
96223.010571,21275
96223.021257,21276
96223.031226,21277
96223.040825,21278
96223.050915,21279
96223.060610,21280
96223.070181,21281
96223.080199,21282
96223.089506,21283
96223.099759,21284
96223.108950,21285
96223.118762,21286
96223.127920,21287
96223.138496,21288
96223.147987,21289
96223.157447,21290
96223.167297,21291
96223.176606,21292
96223.186091,21293
96223.196071,21294
96223.205302,21295
96223.215698,21296
96223.225112,21297
96223.234299,21298
96223.243885,21299
96223.256865,21300
96223.266325,21301
96223.276413,21302
96223.285806,21303
96223.295302,21304
96223.304930,21305
96223.315253,21306
96223.325577,21307
96223.336392,21308
96223.346082,21309
96223.355700,21310
96223.365246,21311
96223.376040,21312
96223.385525,21313
96223.395585,21314
96223.405839,21315
96223.415957,21316
96223.426323,21317
96223.436396,21318
96223.445760,21319
96223.455805,21320
96223.465467,21321
96223.475663,21322
96223.484998,21323
96223.495064,21324
96223.504398,21325
96223.514471,21326
96223.523621,21327
96223.533339,21328
96223.542585,21329
96223.552864,21330
96223.562720,21331
96223.572545,21332
96223.581946,21333
96223.591420,21334
96223.601211,21335
96223.611637,21336
96223.621212,21337
96223.630936,21338
96223.640288,21339
96223.650035,21340
96223.660005,21341
96223.670313,21342
96223.679636,21343
96223.689427,21344
96223.698822,21345
96223.708430,21346
96223.717801,21347
96223.728514,21348
96223.738418,21349
96223.748763,21350
96223.758270,21351
96223.767661,21352
96223.777031,21353
96223.786887,21354
96223.796234,21355
96223.806636,21356
96223.816473,21357
96223.826692,21358
96223.836243,21359
96223.846380,21360
96223.855660,21361
96223.865249,21362
96223.874896,21363
96223.884236,21364
96223.893871,21365
96223.903910,21366
96223.913837,21367
96223.923926,21368
96223.933735,21369
96223.943506,21370
96223.952955,21371
96223.962699,21372
96223.972616,21373
96223.982303,21374
96223.991417,21375
96224.000981,21376
96224.010690,21377
96224.021586,21378
96224.032343,21379
96224.042985,21380
96224.053595,21381
96224.063434,21382
96224.073327,21383
96224.083915,21384
96224.093275,21385
96224.102836,21386
96224.112733,21387
96224.122504,21388
96224.132312,21389
96224.142841,21390
96224.152698,21391
96224.162609,21392
96224.171973,21393
96224.181320,21394
96224.190707,21395
96224.200781,21396
96224.210180,21397
96224.220439,21398
96224.229919,21399
96224.241299,21400
96224.250679,21401
96224.261096,21402
96224.271268,21403
96224.281294,21404
96224.291110,21405
96224.301308,21406
96224.310919,21407
96224.321254,21408
96224.330812,21409
96224.340786,21410
96224.350262,21411
96224.360185,21412
96224.369471,21413
96224.379203,21414
96224.389104,21415
96224.398809,21416
96224.408306,21417
96224.417591,21418
96224.427763,21419
96224.438223,21420
96224.447750,21421
96224.457818,21422
96224.467263,21423
96224.476660,21424
96224.486250,21425
96224.496659,21426
96224.506011,21427
96224.516218,21428
96224.526086,21429
96224.536200,21430
96224.545778,21431
96224.556685,21432
96224.566615,21433
96224.576800,21434
96224.586232,21435
96224.595636,21436
96224.605239,21437
96224.614980,21438
96224.625071,21439
96224.635279,21440
96224.646428,21441
96224.655896,21442
96224.665654,21443
96224.675854,21444
96224.685655,21445
96224.695531,21446
96224.705533,21447
96224.715538,21448
96224.725245,21449
96224.735305,21450
96224.744973,21451
96224.754794,21452
96224.764468,21453
96224.773944,21454
96224.783348,21455
96224.793127,21456
96224.803060,21457
96224.813725,21458
96224.823373,21459
96224.832919,21460
96224.843350,21461
96224.853725,21462
96224.863432,21463
96224.873341,21464
96224.882891,21465
96224.892177,21466
96224.901916,21467
96224.912453,21468
96224.921813,21469
96224.931630,21470
96224.941191,21471
96224.950559,21472
96224.959779,21473
96224.969728,21474
96224.979760,21475
96224.989434,21476
96224.998840,21477
96225.008328,21478
96225.017693,21479
96225.027886,21480
96225.037192,21481
96225.047044,21482
96225.056394,21483
96225.065740,21484
96225.075156,21485
96225.085288,21486
96225.094597,21487
96225.105178,21488
96225.115182,21489
96225.125086,21490
96225.134431,21491
96225.144922,21492
96225.154203,21493
96225.164598,21494
96225.174311,21495
96225.183711,21496
96225.192902,21497
96225.202850,21498
96225.212232,21499
96228.889185,21500
96228.902469,21501
96228.917136,21502
96228.930598,21503
96228.945467,21504
96228.958067,21505
96228.969937,21506
96228.980369,21507
96228.993087,21508
96229.006224,21509
96229.016822,21510
96229.029207,21511
96229.043185,21512
96229.056660,21513
96229.067888,21514
96229.081384,21515
96229.091513,21516
96229.104606,21517
96229.118977,21518
96229.132704,21519
96229.146709,21520
96229.161625,21521
96229.175572,21522
96229.188888,21523
96229.199857,21524
96229.210435,21525
96229.221578,21526
96229.234932,21527
96229.251585,21528
96229.266693,21529
96229.280723,21530
96229.294282,21531
96229.307852,21532
96229.317560,21533
96229.329912,21534
96229.342056,21535
96229.355876,21536
96229.366375,21537
96229.379989,21538
96229.390617,21539
96229.403030,21540
96229.417700,21541
96229.428300,21542
96229.438725,21543
96229.453495,21544
96229.467762,21545
96229.480851,21546
96229.491381,21547
96229.505274,21548
96229.518448,21549
96229.532863,21550
96229.547223,21551
96229.557206,21552
96229.571360,21553
96229.582453,21554
96229.595977,21555
96229.606427,21556
96229.621730,21557
96229.634651,21558
96229.646026,21559
96229.658915,21560
96229.669843,21561
96229.679486,21562
96229.690580,21563
96229.701442,21564
96229.713906,21565
96229.726031,21566
96229.740768,21567
96229.755858,21568
96229.767249,21569
96229.777931,21570
96229.788698,21571
96229.801499,21572
96229.811664,21573
96229.825082,21574
96229.838782,21575
96229.851941,21576
96229.861336,21577
96229.872358,21578
96229.890710,21579
96229.903759,21580
96229.915070,21581
96229.929493,21582
96229.942833,21583
96229.955615,21584
96229.965309,21585
96229.975616,21586
96229.990712,21587
96230.004859,21588
96230.018802,21589
96230.032529,21590
96230.044164,21591
96230.055550,21592
96230.065512,21593
96230.075215,21594
96230.088613,21595
96230.102965,21596
96230.116412,21597
96230.129357,21598
96230.139123,21599
96230.152079,21600
96230.165903,21601
96230.178680,21602
96230.189964,21603
96230.203100,21604
96230.216635,21605
96230.229224,21606
96230.244477,21607
96230.256775,21608
96230.270019,21609
96230.283904,21610
96230.297547,21611
96230.307359,21612
96230.321404,21613
96230.332111,21614
96230.345185,21615
96230.357877,21616
96230.369248,21617
96230.379723,21618
96230.389744,21619
96230.402630,21620
96230.414802,21621
96230.425676,21622
96230.436195,21623
96230.450666,21624
96230.461212,21625
96230.473278,21626
96230.483650,21627
96230.497553,21628
96230.508052,21629
96230.523185,21630
96230.535222,21631
96230.547827,21632
96230.561241,21633
96230.574621,21634
96230.588354,21635
96230.599651,21636
96230.613707,21637
96230.624799,21638
96230.637953,21639
96230.652765,21640
96230.665183,21641
96230.678529,21642
96230.690058,21643
96230.703156,21644
96230.712948,21645
96230.726888,21646
96230.738295,21647
96230.749469,21648
96230.764237,21649
96230.780192,21650
96230.794682,21651
96230.808605,21652
96230.819645,21653
96230.833601,21654
96230.844778,21655
96230.854365,21656
96230.867282,21657
96230.877805,21658
96230.892642,21659
96230.906735,21660
96230.916448,21661
96230.927455,21662
96230.942277,21663
96230.957332,21664
96230.968787,21665
96230.982929,21666
96230.997988,21667
96231.011292,21668
96231.020931,21669
96231.033025,21670
96231.043547,21671
96231.053553,21672
96231.067520,21673
96231.081274,21674
96231.094596,21675
96231.109458,21676
96231.120421,21677
96231.134358,21678
96231.143426,21679
96231.159594,21680
96231.171649,21681
96231.183705,21682
96231.197700,21683
96231.212788,21684
96231.227197,21685
96231.239644,21686
96231.249206,21687
96231.260860,21688
96231.270723,21689
96231.281665,21690
96231.292736,21691
96231.306209,21692
96231.316210,21693
96231.331498,21694
96231.345346,21695
96231.360318,21696
96231.370240,21697
96231.384490,21698
96231.395063,21699
96231.404914,21700
96231.415411,21701
96231.425489,21702
96231.438979,21703
96231.449345,21704
96231.459810,21705
96231.472654,21706
96231.486262,21707
96231.498256,21708
96231.513506,21709
96231.526476,21710
96231.536469,21711
96231.546950,21712
96231.559911,21713
96231.572902,21714
96231.586200,21715
96231.599820,21716
96231.615816,21717
96231.627766,21718
96231.641181,21719
96231.650885,21720
96231.660890,21721
96231.672834,21722
96231.685723,21723
96231.698232,21724
96231.709671,21725
96231.720962,21726
96231.730977,21727
96231.744601,21728
96231.760979,21729
96231.772372,21730
96231.782378,21731
96231.796224,21732
96231.807239,21733
96231.823635,21734
96231.837668,21735
96231.847194,21736
96231.860233,21737
96231.873203,21738
96231.887533,21739
96231.898334,21740
96231.911271,21741
96231.925189,21742
96231.938006,21743
96231.951947,21744
96231.961783,21745
96231.976840,21746
96231.991748,21747
96232.004027,21748
96232.013296,21749
96236.134926,21750
96236.150725,21751
96236.164600,21752
96236.176421,21753
96236.189526,21754
96236.200047,21755
96236.212622,21756
96236.225730,21757
96236.238764,21758
96236.251907,21759
96236.264149,21760
96236.276867,21761
96236.293666,21762
96236.308724,21763
96236.324437,21764
96236.341274,21765
96236.357877,21766
96236.374300,21767
96236.389331,21768
96236.404649,21769
96236.416219,21770
96236.428958,21771
96236.444190,21772
96236.458617,21773
96236.470991,21774
96236.483520,21775
96236.498098,21776
96236.513418,21777
96236.527535,21778
96236.541743,21779
96236.555537,21780
96236.569020,21781
96236.581806,21782
96236.596968,21783
96236.610129,21784
96236.623470,21785
96236.636272,21786
96236.651640,21787
96236.665941,21788
96236.679324,21789
96236.694269,21790
96236.708223,21791
96236.721533,21792
96236.736733,21793
96236.749925,21794
96236.763556,21795
96236.778358,21796
96236.794211,21797
96236.805692,21798
96236.821436,21799
96236.837832,21800
96236.853375,21801
96236.867780,21802
96236.883641,21803
96236.897641,21804
96236.912218,21805
96236.926684,21806
96236.940879,21807
96236.956538,21808
96236.971883,21809
96236.986610,21810
96237.001883,21811
96237.016424,21812
96237.032191,21813
96237.047073,21814
96237.062880,21815
96237.077543,21816
96237.088114,21817
96237.103830,21818
96237.118862,21819
96237.131613,21820
96237.144590,21821
96237.159917,21822
96237.173320,21823
96237.188202,21824
96237.202346,21825
96237.215571,21826
96237.229781,21827
96237.243741,21828
96237.257830,21829
96237.270313,21830
96237.285577,21831
96237.298204,21832
96237.313211,21833
96237.328723,21834
96237.343302,21835
96237.353722,21836
96237.368330,21837
96237.380971,21838
96237.396452,21839
96237.409029,21840
96237.420837,21841
96237.433791,21842
96237.445627,21843
96237.457395,21844
96237.471767,21845
96237.486834,21846
96237.497708,21847
96237.512198,21848
96237.524830,21849
96237.540824,21850
96237.555891,21851
96237.569321,21852
96237.583338,21853
96237.594227,21854
96237.609608,21855
96237.622360,21856
96237.634490,21857
96237.649742,21858
96237.665207,21859
96237.680546,21860
96237.691636,21861
96237.703694,21862
96237.718312,21863
96237.733558,21864
96237.748888,21865
96237.763490,21866
96237.775747,21867
96237.789730,21868
96237.804950,21869
96237.820623,21870
96237.834315,21871
96237.846450,21872
96237.861296,21873
96237.875754,21874
96237.889523,21875
96237.901573,21876
96237.914612,21877
96237.928654,21878
96237.941678,21879
96237.956230,21880
96237.970913,21881
96237.985246,21882
96238.000146,21883
96238.013800,21884
96238.026533,21885
96238.038853,21886
96238.053642,21887
96238.068199,21888
96238.083238,21889
96238.098331,21890
96238.109616,21891
96238.122198,21892
96238.136385,21893
96238.151500,21894
96238.164806,21895
96238.175843,21896
96238.192178,21897
96238.207765,21898
96238.218628,21899
96238.234929,21900
96238.250547,21901
96238.267456,21902
96238.283104,21903
96238.298487,21904
96238.312796,21905
96238.326765,21906
96238.339721,21907
96238.354663,21908
96238.365506,21909
96238.378410,21910
96238.392857,21911
96238.407518,21912
96238.420804,21913
96238.431229,21914
96238.445191,21915
96238.459653,21916
96238.470716,21917
96238.486453,21918
96238.499905,21919
96238.510813,21920
96238.525683,21921
96238.538380,21922
96238.553255,21923
96238.568990,21924
96238.585720,21925
96238.599846,21926
96238.610274,21927
96238.624380,21928
96238.636351,21929
96238.647415,21930
96238.657987,21931
96238.669560,21932
96238.683658,21933
96238.698082,21934
96238.712823,21935
96238.728714,21936
96238.743211,21937
96238.757407,21938
96238.768220,21939
96238.782558,21940
96238.795940,21941
96238.811168,21942
96238.826272,21943
96238.839077,21944
96238.853746,21945
96238.865985,21946
96238.878373,21947
96238.889877,21948
96238.903181,21949
96238.916873,21950
96238.928678,21951
96238.943105,21952
96238.955591,21953
96238.969787,21954
96238.980282,21955
96238.992998,21956
96239.009095,21957
96239.020849,21958
96239.035156,21959
96239.046482,21960
96239.061712,21961
96239.073739,21962
96239.085801,21963
96239.100022,21964
96239.110683,21965
96239.124335,21966
96239.138483,21967
96239.152183,21968
96239.162970,21969
96239.177936,21970
96239.189961,21971
96239.202759,21972
96239.215744,21973
96239.228190,21974
96239.242975,21975
96239.257527,21976
96239.270322,21977
96239.284295,21978
96239.295455,21979
96239.310452,21980
96239.324994,21981
96239.337583,21982
96239.349202,21983
96239.364262,21984
96239.378930,21985
96239.393211,21986
96239.403369,21987
96239.418184,21988
96239.430663,21989
96239.441693,21990
96239.453593,21991
96239.467770,21992
96239.479061,21993
96239.493577,21994
96239.508296,21995
96239.520825,21996
96239.533672,21997
96239.547664,21998
96239.560888,21999
96243.320588,22000
96243.336393,22001
96243.353087,22002
96243.369834,22003
96243.387015,22004
96243.403309,22005
96243.419618,22006
96243.435221,22007
96243.451627,22008
96243.466715,22009
96243.481784,22010
96243.497895,22011
96243.512948,22012
96243.528834,22013
96243.543327,22014
96243.559784,22015
96243.575745,22016
96243.591587,22017
96243.608697,22018
96243.626772,22019
96243.642097,22020
96243.658606,22021
96243.673342,22022
96243.688991,22023
96243.704495,22024
96243.721406,22025
96243.736191,22026
96243.751530,22027
96243.767208,22028
96243.783568,22029
96243.799293,22030
96243.815361,22031
96243.830215,22032
96243.845687,22033
96243.861930,22034
96243.877293,22035
96243.890770,22036
96243.905897,22037
96243.922329,22038
96243.938440,22039
96243.954208,22040
96243.970847,22041
96243.986975,22042
96244.002733,22043
96244.018615,22044
96244.034353,22045
96244.050725,22046
96244.066026,22047
96244.082582,22048
96244.098189,22049
96244.117215,22050
96244.133604,22051
96244.148447,22052
96244.164290,22053
96244.179902,22054
96244.196635,22055
96244.214975,22056
96244.233719,22057
96244.249265,22058
96244.267079,22059
96244.283779,22060
96244.300243,22061
96244.318019,22062
96244.337037,22063
96244.354476,22064
96244.371143,22065
96244.390089,22066
96244.405799,22067
96244.422736,22068
96244.440874,22069
96244.456434,22070
96244.475115,22071
96244.491942,22072
96244.507828,22073
96244.523690,22074
96244.540389,22075
96244.556179,22076
96244.572738,22077
96244.589739,22078
96244.606325,22079
96244.622508,22080
96244.639303,22081
96244.655908,22082
96244.672186,22083
96244.688663,22084
96244.707505,22085
96244.725622,22086
96244.742982,22087
96244.758645,22088
96244.775882,22089
96244.791717,22090
96244.807668,22091
96244.823436,22092
96244.840265,22093
96244.857307,22094
96244.875519,22095
96244.891888,22096
96244.908587,22097
96244.925666,22098
96244.942292,22099
96244.958350,22100
96244.975041,22101
96244.991419,22102
96245.006390,22103
96245.024098,22104
96245.040794,22105
96245.058551,22106
96245.074500,22107
96245.091037,22108
96245.107547,22109
96245.124469,22110
96245.139748,22111
96245.154799,22112
96245.170913,22113
96245.187675,22114
96245.204687,22115
96245.221479,22116
96245.238557,22117
96245.254814,22118
96245.271851,22119
96245.288631,22120
96245.305168,22121
96245.323022,22122
96245.341052,22123
96245.361075,22124
96245.381020,22125
96245.397499,22126
96245.415746,22127
96245.433564,22128
96245.451190,22129
96245.471812,22130
96245.490726,22131
96245.508750,22132
96245.527591,22133
96245.547126,22134
96245.566785,22135
96245.583736,22136
96245.600225,22137
96245.615827,22138
96245.633451,22139
96245.652596,22140
96245.670482,22141
96245.688608,22142
96245.714475,22143
96245.743719,22144
96245.761639,22145
96245.778406,22146
96245.796336,22147
96245.814764,22148
96245.833310,22149
96245.853190,22150
96245.868782,22151
96245.886189,22152
96245.904758,22153
96245.922248,22154
96245.939932,22155
96245.956026,22156
96245.972869,22157
96245.990226,22158
96246.005993,22159
96246.021930,22160
96246.038735,22161
96246.056309,22162
96246.073785,22163
96246.089713,22164
96246.105686,22165
96246.122296,22166
96246.141523,22167
96246.157032,22168
96246.175669,22169
96246.193410,22170
96246.210640,22171
96246.226236,22172
96246.242761,22173
96246.258894,22174
96246.275695,22175
96246.292107,22176
96246.310718,22177
96246.328469,22178
96246.345384,22179
96246.361623,22180
96246.378551,22181
96246.396277,22182
96246.414168,22183
96246.431073,22184
96246.447305,22185
96246.463843,22186
96246.481645,22187
96246.500354,22188
96246.516933,22189
96246.532557,22190
96246.550719,22191
96246.566259,22192
96246.583208,22193
96246.599515,22194
96246.615894,22195
96246.633476,22196
96246.650444,22197
96246.669877,22198
96246.686955,22199
96246.705194,22200
96246.722222,22201
96246.739231,22202
96246.756045,22203
96246.772886,22204
96246.788585,22205
96246.805504,22206
96246.824523,22207
96246.841699,22208
96246.858066,22209
96246.876321,22210
96246.892923,22211
96246.909954,22212
96246.926180,22213
96246.942683,22214
96246.959143,22215
96246.975229,22216
96246.993372,22217
96247.009606,22218
96247.026919,22219
96247.043744,22220
96247.061940,22221
96247.079122,22222
96247.095619,22223
96247.113353,22224
96247.130582,22225
96247.147524,22226
96247.164716,22227
96247.181948,22228
96247.198583,22229
96247.214519,22230
96247.231739,22231
96247.248644,22232
96247.266209,22233
96247.283824,22234
96247.300315,22235
96247.317711,22236
96247.333017,22237
96247.350681,22238
96247.367623,22239
96247.384454,22240
96247.403265,22241
96247.419837,22242
96247.436967,22243
96247.454851,22244
96247.472046,22245
96247.489464,22246
96247.506448,22247
96247.524591,22248
96247.541185,22249
96249.924763,22500
96249.935241,22501
96249.945427,22502
96249.955461,22503
96249.965446,22504
96249.976316,22505
96249.986135,22506
96249.996792,22507
96250.007104,22508
96250.016449,22509
96250.026327,22510
96250.035949,22511
96250.045871,22512
96250.055847,22513
96250.065956,22514
96250.076152,22515
96250.085577,22516
96250.095399,22517
96250.104774,22518
96250.114769,22519
96250.124722,22520
96250.134802,22521
96250.146679,22522
96250.157772,22523
96250.168438,22524
96250.178989,22525
96250.189452,22526
96250.199391,22527
96250.208858,22528
96250.219290,22529
96250.229486,22530
96250.238806,22531
96250.249752,22532
96250.259266,22533
96250.269265,22534
96250.278568,22535
96250.288914,22536
96250.298762,22537
96250.308186,22538
96250.317942,22539
96250.327457,22540
96250.337187,22541
96250.347434,22542
96250.357959,22543
96250.368093,22544
96250.377701,22545
96250.387270,22546
96250.397621,22547
96250.407873,22548
96250.417398,22549
96250.428259,22550
96250.438137,22551
96250.448276,22552
96250.458247,22553
96250.468966,22554
96250.478701,22555
96250.488640,22556
96250.498753,22557
96250.510686,22558
96250.520772,22559
96250.531654,22560
96250.541727,22561
96250.552869,22562
96250.564101,22563
96250.574749,22564
96250.585698,22565
96250.597180,22566
96250.607839,22567
96250.618739,22568
96250.628844,22569
96250.639008,22570
96250.650426,22571
96250.660717,22572
96250.670971,22573
96250.684166,22574
96250.694248,22575
96250.704466,22576
96250.713917,22577
96250.724702,22578
96250.733995,22579
96250.744031,22580
96250.754128,22581
96250.764364,22582
96250.773775,22583
96250.784736,22584
96250.795336,22585
96250.805677,22586
96250.815181,22587
96250.824641,22588
96250.834243,22589
96250.844584,22590
96250.854573,22591
96250.865253,22592
96250.875379,22593
96250.885151,22594
96250.895609,22595
96250.906593,22596
96250.917366,22597
96250.927938,22598
96250.938277,22599
96250.951061,22600
96250.960928,22601
96250.971510,22602
96250.981354,22603
96250.991405,22604
96251.001283,22605
96251.011338,22606
96251.021193,22607
96251.031621,22608
96251.041459,22609
96251.051732,22610
96251.062212,22611
96251.072223,22612
96251.082093,22613
96251.092562,22614
96251.102277,22615
96251.112544,22616
96251.122154,22617
96251.132172,22618
96251.142045,22619
96251.153032,22620
96251.163005,22621
96251.173774,22622
96251.183588,22623
96251.193190,22624
96251.202898,22625
96251.213226,22626
96251.222988,22627
96251.233070,22628
96251.242881,22629
96251.252755,22630
96251.262433,22631
96251.272826,22632
96251.282530,22633
96251.292779,22634
96251.302915,22635
96251.312676,22636
96251.322349,22637
96251.332918,22638
96251.342824,22639
96251.352886,22640
96251.363837,22641
96251.373647,22642
96251.383560,22643
96251.393687,22644
96251.403729,22645
96251.413747,22646
96251.423725,22647
96251.433697,22648
96251.443228,22649
96251.453803,22650
96251.463345,22651
96251.473558,22652
96251.483417,22653
96251.494233,22654
96251.504802,22655
96251.515366,22656
96251.525116,22657
96251.535403,22658
96251.546287,22659
96251.556338,22660
96251.566859,22661
96251.578800,22662
96251.589028,22663
96251.600399,22664
96251.610852,22665
96251.620966,22666
96251.631168,22667
96251.643111,22668
96251.653338,22669
96251.663907,22670
96251.673848,22671
96251.683655,22672
96251.693315,22673
96251.703194,22674
96251.713016,22675
96251.723223,22676
96251.733194,22677
96251.743010,22678
96251.752991,22679
96251.763832,22680
96251.773686,22681
96251.784514,22682
96251.794757,22683
96251.804779,22684
96251.814923,22685
96251.825605,22686
96251.835786,22687
96251.845850,22688
96251.855483,22689
96251.865964,22690
96251.875878,22691
96251.886302,22692
96251.896436,22693
96251.907104,22694
96251.917198,22695
96251.927777,22696
96251.937979,22697
96251.948479,22698
96251.958328,22699
96251.971434,22700
96251.981462,22701
96251.990667,22702
96252.000458,22703
96252.011040,22704
96252.020765,22705
96252.030734,22706
96252.040276,22707
96252.049804,22708
96252.059599,22709
96252.069885,22710
96252.080502,22711
96252.090620,22712
96252.100478,22713
96252.109809,22714
96252.119631,22715
96252.129972,22716
96252.139635,22717
96252.150356,22718
96252.160265,22719
96252.170710,22720
96252.180836,22721
96252.191733,22722
96252.202234,22723
96252.212772,22724
96252.223313,22725
96252.233775,22726
96252.244501,22727
96252.255199,22728
96252.265362,22729
96252.275719,22730
96252.285548,22731
96252.295794,22732
96252.306310,22733
96252.316925,22734
96252.327174,22735
96252.338064,22736
96252.347745,22737
96252.358379,22738
96252.368479,22739
96252.379132,22740
96252.389258,22741
96252.399341,22742
96252.409380,22743
96252.418900,22744
96252.428935,22745
96252.439321,22746
96252.449663,22747
96252.461712,22748
96252.472820,22749
96256.124935,22750
96256.139888,22751
96256.155269,22752
96256.169772,22753
96256.184172,22754
96256.194207,22755
96256.209367,22756
96256.224521,22757
96256.239257,22758
96256.253561,22759
96256.269462,22760
96256.285044,22761
96256.299640,22762
96256.314463,22763
96256.328759,22764
96256.338590,22765
96256.348891,22766
96256.363790,22767
96256.379393,22768
96256.394982,22769
96256.410728,22770
96256.427175,22771
96256.443294,22772
96256.458784,22773
96256.469362,22774
96256.484395,22775
96256.494465,22776
96256.508693,22777
96256.522921,22778
96256.537028,22779
96256.551211,22780
96256.565431,22781
96256.579446,22782
96256.589439,22783
96256.604169,22784
96256.619893,22785
96256.630056,22786
96256.644229,22787
96256.654574,22788
96256.668938,22789
96256.682727,22790
96256.696837,22791
96256.711236,22792
96256.727241,22793
96256.742595,22794
96256.756522,22795
96256.771730,22796
96256.785421,22797
96256.799831,22798
96256.809818,22799
96256.824310,22800
96256.838223,22801
96256.847923,22802
96256.864270,22803
96256.879800,22804
96256.894406,22805
96256.904103,22806
96256.918783,22807
96256.934223,22808
96256.949593,22809
96256.964555,22810
96256.974210,22811
96256.988469,22812
96257.002957,22813
96257.012357,22814
96257.028363,22815
96257.037590,22816
96257.052968,22817
96257.066857,22818
96257.077190,22819
96257.092210,22820
96257.107203,22821
96257.123683,22822
96257.138192,22823
96257.147414,22824
96257.163085,22825
96257.172405,22826
96257.182265,22827
96257.197644,22828
96257.212919,22829
96257.222375,22830
96257.231910,22831
96257.248013,22832
96257.256957,22833
96257.266874,22834
96257.282739,22835
96257.292389,22836
96257.306560,22837
96257.315869,22838
96257.329621,22839
96257.344351,22840
96257.359323,22841
96257.374189,22842
96257.389393,22843
96257.399271,22844
96257.414854,22845
96257.430180,22846
96257.442673,22847
96257.452147,22848
96257.467952,22849
96257.485980,22850
96257.501329,22851
96257.518340,22852
96257.535598,22853
96257.550210,22854
96257.559394,22855
96257.574333,22856
96257.583875,22857
96257.598431,22858
96257.612862,22859
96257.622596,22860
96257.637656,22861
96257.648235,22862
96257.662709,22863
96257.677637,22864
96257.692573,22865
96257.709911,22866
96257.720284,22867
96257.735680,22868
96257.752736,22869
96257.767347,22870
96257.781535,22871
96257.798497,22872
96257.815152,22873
96257.830257,22874
96257.839589,22875
96257.849419,22876
96257.864271,22877
96257.878907,22878
96257.892458,22879
96257.909904,22880
96257.919917,22881
96257.934423,22882
96257.943968,22883
96257.959427,22884
96257.975528,22885
96257.985481,22886
96258.000584,22887
96258.016975,22888
96258.031364,22889
96258.046294,22890
96258.055604,22891
96258.065370,22892
96258.079365,22893
96258.093689,22894
96258.107742,22895
96258.121673,22896
96258.135563,22897
96258.148870,22898
96258.158376,22899
96258.168290,22900
96258.183598,22901
96258.197750,22902
96258.212408,22903
96258.228098,22904
96258.244563,22905
96258.263626,22906
96258.278653,22907
96258.293338,22908
96258.310371,22909
96258.319621,22910
96258.336586,22911
96258.350693,22912
96258.365353,22913
96258.380246,22914
96258.397619,22915
96258.410777,22916
96258.426571,22917
96258.441080,22918
96258.455126,22919
96258.472659,22920
96258.487917,22921
96258.503753,22922
96258.519327,22923
96258.538237,22924
96258.553779,22925
96258.569187,22926
96258.583773,22927
96258.594128,22928
96258.611855,22929
96258.622312,22930
96258.632141,22931
96258.648386,22932
96258.663771,22933
96258.680414,22934
96258.694852,22935
96258.710671,22936
96258.725325,22937
96258.734880,22938
96258.749996,22939
96258.759242,22940
96258.774250,22941
96258.783362,22942
96258.798735,22943
96258.814392,22944
96258.830432,22945
96258.846745,22946
96258.860723,22947
96258.875349,22948
96258.885311,22949
96258.900211,22950
96258.913847,22951
96258.928526,22952
96258.941188,22953
96258.950787,22954
96258.966081,22955
96258.976920,22956
96258.992805,22957
96259.008062,22958
96259.025696,22959
96259.040947,22960
96259.056642,22961
96259.066518,22962
96259.082466,22963
96259.092452,22964
96259.107592,22965
96259.121648,22966
96259.131366,22967
96259.141748,22968
96259.155908,22969
96259.170495,22970
96259.179995,22971
96259.196166,22972
96259.211579,22973
96259.226735,22974
96259.241446,22975
96259.256827,22976
96259.272551,22977
96259.287042,22978
96259.296790,22979
96259.311582,22980
96259.326346,22981
96259.341677,22982
96259.356245,22983
96259.371327,22984
96259.385705,22985
96259.398912,22986
96259.413600,22987
96259.428456,22988
96259.443533,22989
96259.455483,22990
96259.464792,22991
96259.480222,22992
96259.497331,22993
96259.511947,22994
96259.525888,22995
96259.541530,22996
96259.550833,22997
96259.560756,22998
96259.576305,22999
96263.652947,23000
96263.673148,23001
96263.688557,23002
96263.703291,23003
96263.720809,23004
96263.737598,23005
96263.753837,23006
96263.769666,23007
96263.786673,23008
96263.801605,23009
96263.812331,23010
96263.822807,23011
96263.839700,23012
96263.854035,23013
96263.868295,23014
96263.882316,23015
96263.898009,23016
96263.913981,23017
96263.930563,23018
96263.942650,23019
96263.957692,23020
96263.972232,23021
96263.988047,23022
96264.003677,23023
96264.018179,23024
96264.033590,23025
96264.048377,23026
96264.063904,23027
96264.078316,23028
96264.092403,23029
96264.107914,23030
96264.122420,23031
96264.138082,23032
96264.152382,23033
96264.168451,23034
96264.185697,23035
96264.196411,23036
96264.212252,23037
96264.227731,23038
96264.238044,23039
96264.253308,23040
96264.269870,23041
96264.285061,23042
96264.300483,23043
96264.316629,23044
96264.332322,23045
96264.349262,23046
96264.364899,23047
96264.381674,23048
96264.391921,23049
96264.407771,23050
96264.423928,23051
96264.439500,23052
96264.450502,23053
96264.466752,23054
96264.482272,23055
96264.499711,23056
96264.516081,23057
96264.531010,23058
96264.546327,23059
96264.563365,23060
96264.578814,23061
96264.594376,23062
96264.609114,23063
96264.622952,23064
96264.632976,23065
96264.650266,23066
96264.665746,23067
96264.680751,23068
96264.695385,23069
96264.705967,23070
96264.720997,23071
96264.736704,23072
96264.751655,23073
96264.767427,23074
96264.777622,23075
96264.793582,23076
96264.808228,23077
96264.824308,23078
96264.839209,23079
96264.855019,23080
96264.871104,23081
96264.887407,23082
96264.902807,23083
96264.918313,23084
96264.932980,23085
96264.948767,23086
96264.963362,23087
96264.978795,23088
96264.993946,23089
96265.004247,23090
96265.018813,23091
96265.034444,23092
96265.049693,23093
96265.064231,23094
96265.078752,23095
96265.093777,23096
96265.108725,23097
96265.122689,23098
96265.132702,23099
96265.149067,23100
96265.164252,23101
96265.174555,23102
96265.189759,23103
96265.200326,23104
96265.214761,23105
96265.230221,23106
96265.245326,23107
96265.260135,23108
96265.277182,23109
96265.291242,23110
96265.305308,23111
96265.319489,23112
96265.334540,23113
96265.349671,23114
96265.363397,23115
96265.377575,23116
96265.392420,23117
96265.407386,23118
96265.421748,23119
96265.436762,23120
96265.452660,23121
96265.468725,23122
96265.478990,23123
96265.494965,23124
96265.509783,23125
96265.523978,23126
96265.539261,23127
96265.553342,23128
96265.569778,23129
96265.584301,23130
96265.599742,23131
96265.614917,23132
96265.631632,23133
96265.647036,23134
96265.661285,23135
96265.675787,23136
96265.686762,23137
96265.702681,23138
96265.717863,23139
96265.732657,23140
96265.748253,23141
96265.764533,23142
96265.778360,23143
96265.788367,23144
96265.804241,23145
96265.820051,23146
96265.835822,23147
96265.852057,23148
96265.867011,23149
96265.883223,23150
96265.897676,23151
96265.912784,23152
96265.927766,23153
96265.943194,23154
96265.957258,23155
96265.972302,23156
96265.986300,23157
96266.001433,23158
96266.015736,23159
96266.024869,23160
96266.040771,23161
96266.055846,23162
96266.071497,23163
96266.085318,23164
96266.101152,23165
96266.111399,23166
96266.124968,23167
96266.134207,23168
96266.144240,23169
96266.157955,23170
96266.172029,23171
96266.184931,23172
96266.199058,23173
96266.214189,23174
96266.224022,23175
96266.233831,23176
96266.248201,23177
96266.263819,23178
96266.279829,23179
96266.295285,23180
96266.305843,23181
96266.321857,23182
96266.337315,23183
96266.354126,23184
96266.371370,23185
96266.382527,23186
96266.398257,23187
96266.413941,23188
96266.430035,23189
96266.445854,23190
96266.461500,23191
96266.477988,23192
96266.494803,23193
96266.511703,23194
96266.529114,23195
96266.545046,23196
96266.561730,23197
96266.577816,23198
96266.592858,23199
96266.611885,23200
96266.627035,23201
96266.642231,23202
96266.659635,23203
96266.675340,23204
96266.691090,23205
96266.707598,23206
96266.725249,23207
96266.741489,23208
96266.758399,23209
96266.774843,23210
96266.785362,23211
96266.800910,23212
96266.817581,23213
96266.833920,23214
96266.849969,23215
96266.860936,23216
96266.876749,23217
96266.893844,23218
96266.910816,23219
96266.927087,23220
96266.941333,23221
96266.957771,23222
96266.973688,23223
96266.990348,23224
96267.006430,23225
96267.022987,23226
96267.036908,23227
96267.053486,23228
96267.064431,23229
96267.075279,23230
96267.086790,23231
96267.102506,23232
96267.119106,23233
96267.135611,23234
96267.151846,23235
96267.167498,23236
96267.183606,23237
96267.198736,23238
96267.215251,23239
96267.230720,23240
96267.246437,23241
96267.257267,23242
96267.272525,23243
96267.288745,23244
96267.302885,23245
96267.317625,23246
96267.332642,23247
96267.349173,23248
96267.365849,23249
96271.281882,23250
96271.297602,23251
96271.320846,23252
96271.338851,23253
96271.355511,23254
96271.372407,23255
96271.390086,23256
96271.413742,23257
96271.431583,23258
96271.453213,23259
96271.469683,23260
96271.491213,23261
96271.507861,23262
96271.524934,23263
96271.540088,23264
96271.556220,23265
96271.573249,23266
96271.590707,23267
96271.608839,23268
96271.629827,23269
96271.650289,23270
96271.667940,23271
96271.687145,23272
96271.703301,23273
96271.719547,23274
96271.737147,23275
96271.752736,23276
96271.768653,23277
96271.783807,23278
96271.805583,23279
96271.830644,23280
96271.849027,23281
96271.870533,23282
96271.888605,23283
96271.906262,23284
96271.923428,23285
96271.941424,23286
96271.962357,23287
96271.984854,23288
96272.000169,23289
96272.024007,23290
96272.045237,23291
96272.075374,23292
96272.101811,23293
96272.120023,23294
96272.137587,23295
96272.153075,23296
96272.169551,23297
96272.188447,23298
96272.204689,23299
96272.221933,23300
96272.238480,23301
96272.256741,23302
96272.274853,23303
96272.304424,23304
96272.332308,23305
96272.357794,23306
96272.375219,23307
96272.397399,23308
96272.414468,23309
96272.432881,23310
96272.450875,23311
96272.470426,23312
96272.487516,23313
96272.504826,23314
96272.525217,23315
96272.542253,23316
96272.562495,23317
96272.579517,23318
96272.606812,23319
96272.623358,23320
96272.640518,23321
96272.661687,23322
96272.682702,23323
96272.698927,23324
96272.716642,23325
96272.734310,23326
96272.751813,23327
96272.769862,23328
96272.789008,23329
96272.812845,23330
96272.835936,23331
96272.851412,23332
96272.868109,23333
96272.887263,23334
96272.903174,23335
96272.919634,23336
96272.937454,23337
96272.954477,23338
96272.971506,23339
96272.988818,23340
96273.006384,23341
96273.022929,23342
96273.039632,23343
96273.064597,23344
96273.081039,23345
96273.097364,23346
96273.121797,23347
96273.146242,23348
96273.163311,23349
96273.181844,23350
96273.199395,23351
96273.216274,23352
96273.230227,23353
96273.245406,23354
96273.266233,23355
96273.281768,23356
96273.298486,23357
96273.315339,23358
96273.330828,23359
96273.350133,23360
96273.368866,23361
96273.383396,23362
96273.401539,23363
96273.418270,23364
96273.436514,23365
96273.451372,23366
96273.468188,23367
96273.483666,23368
96273.505978,23369
96273.521368,23370
96273.536257,23371
96273.553040,23372
96273.574700,23373
96273.596447,23374
96273.616371,23375
96273.637415,23376
96273.652980,23377
96273.673320,23378
96273.690047,23379
96273.710173,23380
96273.725528,23381
96273.746281,23382
96273.762586,23383
96273.778922,23384
96273.794779,23385
96273.813811,23386
96273.829777,23387
96273.845823,23388
96273.863287,23389
96273.879631,23390
96273.896730,23391
96273.911351,23392
96273.925836,23393
96273.945568,23394
96273.960255,23395
96273.977677,23396
96273.993343,23397
96274.010294,23398
96274.025281,23399
96274.040427,23400
96274.054798,23401
96274.070409,23402
96274.088272,23403
96274.106209,23404
96274.121667,23405
96274.136092,23406
96274.150444,23407
96274.166018,23408
96274.181409,23409
96274.196990,23410
96274.211901,23411
96274.226915,23412
96274.242300,23413
96274.257227,23414
96274.272837,23415
96274.289008,23416
96274.306917,23417
96274.324731,23418
96274.343849,23419
96274.359511,23420
96274.374976,23421
96274.390552,23422
96274.411490,23423
96274.432878,23424
96274.448337,23425
96274.464815,23426
96274.486971,23427
96274.502360,23428
96274.518341,23429
96274.539690,23430
96274.557759,23431
96274.576319,23432
96274.592683,23433
96274.607952,23434
96274.623889,23435
96274.644548,23436
96274.659857,23437
96274.675512,23438
96274.690950,23439
96274.707236,23440
96274.726704,23441
96274.741613,23442
96274.758801,23443
96274.779233,23444
96274.795085,23445
96274.809947,23446
96274.825966,23447
96274.841788,23448
96274.856943,23449
96274.875413,23450
96274.890889,23451
96274.905937,23452
96274.923761,23453
96274.943687,23454
96274.958853,23455
96274.974266,23456
96274.989181,23457
96275.005213,23458
96275.019711,23459
96275.038686,23460
96275.052643,23461
96275.068220,23462
96275.085375,23463
96275.100864,23464
96275.118350,23465
96275.135192,23466
96275.148853,23467
96275.164328,23468
96275.178846,23469
96275.193887,23470
96275.209375,23471
96275.224583,23472
96275.239477,23473
96275.254577,23474
96275.271504,23475
96275.285664,23476
96275.308351,23477
96275.328152,23478
96275.347950,23479
96275.363794,23480
96275.379273,23481
96275.394762,23482
96275.413728,23483
96275.430273,23484
96275.449289,23485
96275.467890,23486
96275.483323,23487
96275.498664,23488
96275.514859,23489
96275.532567,23490
96275.547615,23491
96275.564422,23492
96275.584714,23493
96275.600251,23494
96275.616594,23495
96275.631364,23496
96275.648714,23497
96275.663376,23498
96275.684197,23499
96278.770648,23500
96278.784095,23501
96278.793569,23502
96278.803265,23503
96278.813373,23504
96278.822714,23505
96278.832099,23506
96278.843165,23507
96278.854706,23508
96278.864457,23509
96278.873933,23510
96278.883499,23511
96278.893167,23512
96278.902756,23513
96278.912789,23514
96278.922444,23515
96278.932936,23516
96278.942229,23517
96278.952041,23518
96278.961611,23519
96278.971889,23520
96278.981569,23521
96278.991740,23522
96279.001625,23523
96279.011224,23524
96279.020569,23525
96279.030284,23526
96279.039636,23527
96279.049829,23528
96279.059550,23529
96279.068642,23530
96279.078067,23531
96279.088046,23532
96279.097221,23533
96279.106960,23534
96279.116274,23535
96279.125981,23536
96279.135756,23537
96279.146735,23538
96279.156056,23539
96279.166199,23540
96279.175975,23541
96279.185733,23542
96279.195516,23543
96279.205894,23544
96279.215395,23545
96279.225289,23546
96279.234821,23547
96279.244574,23548
96279.253812,23549
96279.263876,23550
96279.273480,23551
96279.283343,23552
96279.294023,23553
96279.303575,23554
96279.313387,23555
96279.323830,23556
96279.333035,23557
96279.342983,23558
96279.352323,23559
96279.361977,23560
96279.371826,23561
96279.382762,23562
96279.392246,23563
96279.401963,23564
96279.411742,23565
96279.421167,23566
96279.430642,23567
96279.440603,23568
96279.450373,23569
96279.460370,23570
96279.469855,23571
96279.479902,23572
96279.489432,23573
96279.499725,23574
96279.508954,23575
96279.518749,23576
96279.528493,23577
96279.538037,23578
96279.547411,23579
96279.557250,23580
96279.566973,23581
96279.577208,23582
96279.587685,23583
96279.599009,23584
96279.609259,23585
96279.619677,23586
96279.629578,23587
96279.640056,23588
96279.649443,23589
96279.659128,23590
96279.669065,23591
96279.679367,23592
96279.689071,23593
96279.699105,23594
96279.709283,23595
96279.718689,23596
96279.728031,23597
96279.738150,23598
96279.747634,23599
96279.760346,23600
96279.769888,23601
96279.779453,23602
96279.788892,23603
96279.799241,23604
96279.809565,23605
96279.819298,23606
96279.829232,23607
96279.838660,23608
96279.848226,23609
96279.857983,23610
96279.867721,23611
96279.877708,23612
96279.887257,23613
96279.897220,23614
96279.906360,23615
96279.916729,23616
96279.926100,23617
96279.935980,23618
96279.945936,23619
96279.955271,23620
96279.964709,23621
96279.974436,23622
96279.983771,23623
96279.994116,23624
96280.003457,23625
96280.012848,23626
96280.022449,23627
96280.033635,23628
96280.043190,23629
96280.052968,23630
96280.062458,23631
96280.072075,23632
96280.081524,23633
96280.091837,23634
96280.102074,23635
96280.112201,23636
96280.121507,23637
96280.130723,23638
96280.140490,23639
96280.150643,23640
96280.160888,23641
96280.171328,23642
96280.180681,23643
96280.190197,23644
96280.200148,23645
96280.211838,23646
96280.223571,23647
96280.234157,23648
96280.243901,23649
96280.253321,23650
96280.263278,23651
96280.274491,23652
96280.284246,23653
96280.294310,23654
96280.304312,23655
96280.314158,23656
96280.323920,23657
96280.334242,23658
96280.343755,23659
96280.353431,23660
96280.362856,23661
96280.372230,23662
96280.381864,23663
96280.391719,23664
96280.400903,23665
96280.411663,23666
96280.421239,23667
96280.431566,23668
96280.441249,23669
96280.451583,23670
96280.462054,23671
96280.473418,23672
96280.484343,23673
96280.495413,23674
96280.506875,23675
96280.518309,23676
96280.529086,23677
96280.539383,23678
96280.549638,23679
96280.559317,23680
96280.569190,23681
96280.579571,23682
96280.590525,23683
96280.600985,23684
96280.612573,23685
96280.622266,23686
96280.631878,23687
96280.641890,23688
96280.651675,23689
96280.661546,23690
96280.671845,23691
96280.681559,23692
96280.690930,23693
96280.700846,23694
96280.710564,23695
96280.720523,23696
96280.730424,23697
96280.740232,23698
96280.749946,23699
96280.762863,23700
96280.772510,23701
96280.782231,23702
96280.791511,23703
96280.800882,23704
96280.811418,23705
96280.821312,23706
96280.831284,23707
96280.841991,23708
96280.851278,23709
96280.860571,23710
96280.870081,23711
96280.880225,23712
96280.890366,23713
96280.900039,23714
96280.909305,23715
96280.918780,23716
96280.928385,23717
96280.938470,23718
96280.948669,23719
96280.959348,23720
96280.969088,23721
96280.978622,23722
96280.988203,23723
96280.998305,23724
96281.008034,23725
96281.018247,23726
96281.027622,23727
96281.037330,23728
96281.046949,23729
96281.057391,23730
96281.066894,23731
96281.077238,23732
96281.086801,23733
96281.096178,23734
96281.105964,23735
96281.116013,23736
96281.126250,23737
96281.136013,23738
96281.145385,23739
96281.155074,23740
96281.164789,23741
96281.175445,23742
96281.185136,23743
96281.195350,23744
96281.204958,23745
96281.215432,23746
96281.226039,23747
96281.236210,23748
96281.245834,23749
96285.163855,23750
96285.177456,23751
96285.189370,23752
96285.203859,23753
96285.213675,23754
96285.226346,23755
96285.236532,23756
96285.249275,23757
96285.264606,23758
96285.277245,23759
96285.291960,23760
96285.304023,23761
96285.317025,23762
96285.329991,23763
96285.339919,23764
96285.353201,23765
96285.364649,23766
96285.376460,23767
96285.388158,23768
96285.402583,23769
96285.412265,23770
96285.422377,23771
96285.432286,23772
96285.447536,23773
96285.461199,23774
96285.470603,23775
96285.481177,23776
96285.495467,23777
96285.508726,23778
96285.518218,23779
96285.534579,23780
96285.547075,23781
96285.558043,23782
96285.571428,23783
96285.581723,23784
96285.593361,23785
96285.606469,23786
96285.620048,23787
96285.633598,23788
96285.645335,23789
96285.658747,23790
96285.668675,23791
96285.679503,23792
96285.694044,23793
96285.707729,23794
96285.721674,23795
96285.736810,23796
96285.749207,23797
96285.762197,23798
96285.776025,23799
96285.786316,23800
96285.798629,23801
96285.811317,23802
96285.826779,23803
96285.836734,23804
96285.847038,23805
96285.857998,23806
96285.871234,23807
96285.883710,23808
96285.893856,23809
96285.905304,23810
96285.916750,23811
96285.929318,23812
96285.944057,23813
96285.957695,23814
96285.972005,23815
96285.984677,23816
96286.000345,23817
96286.015695,23818
96286.030579,23819
96286.042221,23820
96286.052555,23821
96286.065423,23822
96286.075446,23823
96286.088784,23824
96286.101766,23825
96286.112716,23826
96286.123668,23827
96286.135195,23828
96286.145881,23829
96286.156408,23830
96286.171898,23831
96286.187569,23832
96286.201496,23833
96286.211372,23834
96286.221628,23835
96286.232902,23836
96286.243269,23837
96286.255282,23838
96286.265621,23839
96286.278101,23840
96286.287796,23841
96286.298549,23842
96286.309403,23843
96286.323786,23844
96286.338341,23845
96286.351593,23846
96286.364173,23847
96286.376060,23848
96286.390805,23849
96286.404425,23850
96286.415197,23851
96286.426317,23852
96286.438834,23853
96286.451195,23854
96286.462152,23855
96286.472679,23856
96286.485499,23857
96286.500464,23858
96286.513248,23859
96286.523383,23860
96286.534492,23861
96286.545519,23862
96286.560496,23863
96286.572756,23864
96286.586611,23865
96286.600927,23866
96286.612706,23867
96286.625650,23868
96286.639078,23869
96286.653290,23870
96286.663951,23871
96286.677410,23872
96286.690535,23873
96286.704041,23874
96286.716019,23875
96286.726292,23876
96286.736930,23877
96286.748755,23878
96286.762126,23879
96286.775522,23880
96286.789221,23881
96286.801810,23882
96286.816921,23883
96286.830193,23884
96286.844909,23885
96286.856776,23886
96286.870738,23887
96286.882371,23888
96286.895317,23889
96286.906774,23890
96286.919610,23891
96286.931015,23892
96286.944179,23893
96286.958279,23894
96286.969245,23895
96286.982378,23896
96286.996507,23897
96287.010097,23898
96287.023246,23899
96287.036008,23900
96287.049105,23901
96287.061974,23902
96287.074279,23903
96287.085706,23904
96287.098055,23905
96287.110421,23906
96287.123182,23907
96287.133528,23908
96287.143595,23909
96287.156785,23910
96287.171593,23911
96287.184182,23912
96287.195176,23913
96287.206483,23914
96287.221277,23915
96287.235426,23916
96287.247797,23917
96287.260033,23918
96287.274555,23919
96287.288025,23920
96287.302585,23921
96287.315932,23922
96287.327245,23923
96287.339899,23924
96287.351944,23925
96287.364873,23926
96287.375943,23927
96287.385804,23928
96287.399029,23929
96287.413719,23930
96287.423768,23931
96287.434145,23932
96287.446578,23933
96287.457888,23934
96287.468666,23935
96287.481248,23936
96287.494027,23937
96287.504982,23938
96287.519136,23939
96287.529747,23940
96287.540255,23941
96287.552834,23942
96287.564748,23943
96287.575251,23944
96287.585677,23945
96287.598466,23946
96287.612241,23947
96287.623454,23948
96287.635565,23949
96287.650811,23950
96287.665149,23951
96287.678664,23952
96287.689864,23953
96287.701634,23954
96287.715913,23955
96287.729635,23956
96287.739795,23957
96287.749602,23958
96287.760704,23959
96287.775753,23960
96287.785338,23961
96287.797990,23962
96287.811209,23963
96287.822011,23964
96287.833660,23965
96287.843708,23966
96287.853349,23967
96287.864332,23968
96287.874623,23969
96287.889576,23970
96287.899369,23971
96287.913074,23972
96287.926216,23973
96287.937517,23974
96287.948299,23975
96287.962735,23976
96287.976855,23977
96287.989544,23978
96288.003432,23979
96288.017727,23980
96288.029199,23981
96288.041900,23982
96288.055745,23983
96288.070292,23984
96288.085536,23985
96288.096151,23986
96288.105933,23987
96288.115730,23988
96288.128768,23989
96288.139089,23990
96288.152874,23991
96288.166943,23992
96288.181534,23993
96288.191036,23994
96288.204711,23995
96288.217674,23996
96288.230261,23997
96288.245766,23998
96288.256221,23999
96292.084514,24000
96292.099790,24001
96292.112759,24002
96292.127611,24003
96292.144836,24004
96292.160618,24005
96292.176823,24006
96292.191330,24007
96292.206198,24008
96292.221718,24009
96292.237493,24010
96292.252775,24011
96292.267445,24012
96292.284285,24013
96292.300772,24014
96292.313061,24015
96292.325051,24016
96292.338320,24017
96292.350033,24018
96292.364080,24019
96292.376173,24020
96292.389053,24021
96292.404094,24022
96292.418822,24023
96292.435523,24024
96292.450541,24025
96292.464423,24026
96292.482490,24027
96292.499359,24028
96292.512904,24029
96292.527266,24030
96292.541288,24031
96292.558960,24032
96292.574853,24033
96292.588617,24034
96292.603678,24035
96292.621709,24036
96292.633253,24037
96292.649091,24038
96292.666318,24039
96292.682376,24040
96292.700201,24041
96292.714817,24042
96292.732314,24043
96292.751631,24044
96292.769111,24045
96292.783682,24046
96292.795266,24047
96292.809522,24048
96292.826749,24049
96292.843824,24050
96292.855497,24051
96292.871467,24052
96292.888344,24053
96292.904365,24054
96292.916599,24055
96292.929651,24056
96292.946866,24057
96292.966472,24058
96292.980709,24059
96292.993923,24060
96293.009733,24061
96293.028009,24062
96293.041923,24063
96293.058228,24064
96293.071808,24065
96293.084565,24066
96293.100183,24067
96293.114696,24068
96293.130832,24069
96293.147441,24070
96293.162399,24071
96293.179772,24072
96293.191564,24073
96293.206899,24074
96293.220565,24075
96293.238476,24076
96293.252840,24077
96293.268792,24078
96293.284570,24079
96293.300151,24080
96293.312940,24081
96293.328833,24082
96293.344662,24083
96293.360717,24084
96293.374299,24085
96293.389607,24086
96293.402671,24087
96293.415374,24088
96293.429302,24089
96293.444710,24090
96293.458276,24091
96293.470192,24092
96293.484895,24093
96293.498192,24094
96293.513666,24095
96293.528881,24096
96293.545737,24097
96293.561994,24098
96293.574011,24099
96293.588391,24100
96293.604764,24101
96293.619936,24102
96293.637431,24103
96293.650156,24104
96293.664366,24105
96293.680114,24106
96293.693405,24107
96293.708471,24108
96293.723283,24109
96293.735489,24110
96293.750969,24111
96293.765750,24112
96293.777750,24113
96293.792567,24114
96293.806636,24115
96293.818266,24116
96293.832139,24117
96293.847517,24118
96293.858785,24119
96293.872439,24120
96293.887233,24121
96293.899428,24122
96293.913119,24123
96293.925062,24124
96293.936879,24125
96293.952788,24126
96293.968878,24127
96293.982514,24128
96293.994852,24129
96294.008559,24130
96294.024609,24131
96294.040807,24132
96294.056432,24133
96294.069082,24134
96294.085769,24135
96294.101261,24136
96294.115245,24137
96294.130233,24138
96294.143229,24139
96294.158410,24140
96294.171036,24141
96294.186579,24142
96294.203069,24143
96294.218296,24144
96294.234336,24145
96294.248478,24146
96294.261244,24147
96294.277529,24148
96294.293296,24149
96294.304565,24150
96294.319796,24151
96294.336025,24152
96294.350292,24153
96294.361364,24154
96294.373703,24155
96294.389470,24156
96294.404179,24157
96294.416147,24158
96294.430574,24159
96294.443845,24160
96294.456311,24161
96294.470976,24162
96294.485667,24163
96294.497567,24164
96294.512584,24165
96294.525279,24166
96294.537444,24167
96294.550297,24168
96294.563813,24169
96294.579286,24170
96294.591641,24171
96294.605068,24172
96294.618337,24173
96294.633511,24174
96294.644360,24175
96294.657272,24176
96294.669460,24177
96294.683714,24178
96294.698293,24179
96294.713769,24180
96294.727288,24181
96294.740157,24182
96294.751251,24183
96294.766812,24184
96294.782265,24185
96294.797797,24186
96294.812783,24187
96294.824248,24188
96294.837745,24189
96294.852058,24190
96294.865045,24191
96294.880173,24192
96294.894937,24193
96294.908541,24194
96294.920224,24195
96294.935425,24196
96294.946438,24197
96294.961485,24198
96294.975239,24199
96294.992088,24200
96295.007843,24201
96295.020196,24202
96295.032767,24203
96295.043607,24204
96295.056312,24205
96295.068385,24206
96295.083037,24207
96295.097831,24208
96295.111651,24209
96295.126459,24210
96295.141012,24211
96295.155601,24212
96295.172252,24213
96295.186539,24214
96295.200235,24215
96295.214788,24216
96295.230305,24217
96295.242579,24218
96295.255753,24219
96295.268644,24220
96295.281609,24221
96295.294830,24222
96295.310106,24223
96295.323797,24224
96295.335308,24225
96295.349769,24226
96295.364303,24227
96295.378035,24228
96295.391910,24229
96295.406536,24230
96295.418265,24231
96295.430000,24232
96295.442051,24233
96295.456235,24234
96295.474869,24235
96295.487199,24236
96295.498868,24237
96295.512335,24238
96295.526757,24239
96295.543149,24240
96295.557341,24241
96295.571336,24242
96295.585329,24243
96295.597689,24244
96295.612700,24245
96295.624127,24246
96295.635313,24247
96295.647316,24248
96295.660019,24249
96299.449446,24250
96299.465738,24251
96299.483575,24252
96299.501691,24253
96299.517739,24254
96299.534531,24255
96299.552229,24256
96299.568188,24257
96299.584975,24258
96299.601544,24259
96299.617885,24260
96299.635465,24261
96299.653023,24262
96299.668903,24263
96299.684023,24264
96299.700010,24265
96299.715533,24266
96299.731443,24267
96299.747654,24268
96299.764240,24269
96299.780024,24270
96299.796665,24271
96299.811019,24272
96299.827749,24273
96299.843813,24274
96299.859420,24275
96299.874715,24276
96299.889914,24277
96299.905580,24278
96299.921707,24279
96299.937205,24280
96299.952287,24281
96299.966650,24282
96299.981507,24283
96299.996872,24284
96300.013056,24285
96300.028756,24286
96300.043769,24287
96300.060935,24288
96300.075391,24289
96300.091383,24290
96300.107068,24291
96300.122698,24292
96300.139172,24293
96300.154265,24294
96300.169497,24295
96300.185572,24296
96300.201282,24297
96300.217986,24298
96300.233629,24299
96300.249740,24300
96300.267558,24301
96300.282315,24302
96300.298424,24303
96300.315766,24304
96300.330953,24305
96300.346994,24306
96300.364335,24307
96300.379709,24308
96300.394181,24309
96300.410861,24310
96300.426356,24311
96300.441656,24312
96300.457685,24313
96300.473248,24314
96300.488430,24315
96300.505357,24316
96300.521285,24317
96300.537200,24318
96300.553013,24319
96300.568805,24320
96300.585843,24321
96300.601394,24322
96300.616359,24323
96300.632038,24324
96300.647923,24325
96300.663901,24326
96300.679122,24327
96300.695664,24328
96300.711793,24329
96300.727068,24330
96300.743031,24331
96300.757476,24332
96300.773519,24333
96300.788958,24334
96300.805040,24335
96300.820867,24336
96300.836862,24337
96300.852558,24338
96300.868593,24339
96300.885224,24340
96300.901972,24341
96300.918039,24342
96300.933860,24343
96300.949940,24344
96300.964753,24345
96300.983699,24346
96300.999762,24347
96301.015795,24348
96301.031423,24349
96301.049325,24350
96301.065439,24351
96301.083244,24352
96301.100259,24353
96301.115885,24354
96301.130721,24355
96301.146266,24356
96301.161106,24357
96301.177269,24358
96301.192801,24359
96301.209614,24360
96301.224006,24361
96301.238764,24362
96301.253872,24363
96301.268386,24364
96301.284534,24365
96301.300249,24366
96301.314601,24367
96301.330530,24368
96301.346698,24369
96301.363099,24370
96301.377651,24371
96301.393344,24372
96301.409879,24373
96301.426178,24374
96301.443048,24375
96301.459040,24376
96301.475860,24377
96301.491960,24378
96301.509343,24379
96301.524740,24380
96301.539808,24381
96301.555356,24382
96301.570795,24383
96301.587782,24384
96301.603327,24385
96301.620252,24386
96301.637130,24387
96301.653813,24388
96301.669334,24389
96301.684894,24390
96301.700491,24391
96301.716527,24392
96301.732634,24393
96301.748193,24394
96301.764325,24395
96301.779740,24396
96301.795205,24397
96301.811739,24398
96301.827937,24399
96301.843948,24400
96301.859949,24401
96301.876268,24402
96301.892196,24403
96301.907622,24404
96301.924118,24405
96301.941421,24406
96301.957613,24407
96301.973368,24408
96301.988465,24409
96302.003680,24410
96302.019761,24411
96302.035609,24412
96302.051048,24413
96302.067024,24414
96302.082520,24415
96302.099283,24416
96302.115712,24417
96302.132306,24418
96302.148188,24419
96302.164085,24420
96302.179894,24421
96302.197407,24422
96302.215683,24423
96302.232328,24424
96302.249150,24425
96302.266144,24426
96302.284701,24427
96302.300300,24428
96302.316981,24429
96302.335273,24430
96302.352227,24431
96302.368237,24432
96302.385727,24433
96302.403395,24434
96302.420979,24435
96302.437432,24436
96302.455631,24437
96302.471973,24438
96302.491238,24439
96302.508388,24440
96302.525682,24441
96302.540792,24442
96302.557480,24443
96302.575151,24444
96302.592907,24445
96302.609653,24446
96302.626327,24447
96302.643478,24448
96302.659628,24449
96302.681204,24450
96302.697419,24451
96302.713248,24452
96302.729805,24453
96302.746365,24454
96302.762585,24455
96302.777898,24456
96302.794251,24457
96302.810312,24458
96302.825563,24459
96302.840784,24460
96302.858381,24461
96302.873576,24462
96302.889707,24463
96302.905915,24464
96302.921710,24465
96302.938323,24466
96302.953300,24467
96302.969214,24468
96302.986895,24469
96303.002538,24470
96303.018217,24471
96303.034191,24472
96303.050664,24473
96303.067270,24474
96303.083568,24475
96303.099420,24476
96303.116342,24477
96303.131886,24478
96303.148370,24479
96303.164523,24480
96303.180718,24481
96303.196437,24482
96303.211934,24483
96303.227383,24484
96303.244296,24485
96303.261176,24486
96303.276930,24487
96303.293695,24488
96303.309666,24489
96303.328635,24490
96303.345505,24491
96303.361614,24492
96303.377226,24493
96303.393308,24494
96303.408211,24495
96303.424836,24496
96303.441763,24497
96303.460860,24498
96303.477246,24499
96305.707804,24750
96305.718863,24751
96305.729394,24752
96305.739623,24753
96305.749786,24754
96305.759800,24755
96305.769566,24756
96305.779148,24757
96305.789350,24758
96305.799011,24759
96305.808833,24760
96305.818675,24761
96305.828436,24762
96305.838261,24763
96305.848285,24764
96305.858724,24765
96305.868253,24766
96305.877821,24767
96305.887545,24768
96305.897430,24769
96305.907352,24770
96305.917315,24771
96305.927918,24772
96305.937786,24773
96305.947257,24774
96305.957182,24775
96305.966688,24776
96305.976636,24777
96305.986172,24778
96305.996547,24779
96306.006729,24780
96306.016640,24781
96306.026745,24782
96306.036422,24783
96306.046462,24784
96306.056279,24785
96306.066656,24786
96306.076230,24787
96306.086085,24788
96306.095972,24789
96306.105374,24790
96306.115233,24791
96306.125805,24792
96306.136051,24793
96306.145477,24794
96306.155048,24795
96306.165075,24796
96306.174756,24797
96306.184440,24798
96306.193856,24799
96306.206397,24800
96306.215798,24801
96306.225515,24802
96306.236099,24803
96306.245820,24804
96306.255297,24805
96306.264760,24806
96306.274534,24807
96306.284427,24808
96306.293721,24809
96306.303233,24810
96306.312495,24811
96306.322040,24812
96306.339440,24813
96306.355842,24814
96306.365752,24815
96306.375303,24816
96306.384874,24817
96306.394799,24818
96306.404010,24819
96306.413683,24820
96306.423323,24821
96306.432548,24822
96306.442090,24823
96306.451627,24824
96306.461106,24825
96306.470678,24826
96306.480234,24827
96306.489771,24828
96306.499857,24829
96306.509350,24830
96306.518887,24831
96306.528359,24832
96306.537705,24833
96306.546885,24834
96306.556851,24835
96306.566691,24836
96306.576370,24837
96306.585897,24838
96306.595910,24839
96306.606074,24840
96306.616071,24841
96306.625430,24842
96306.635371,24843
96306.644980,24844
96306.654325,24845
96306.663999,24846
96306.673644,24847
96306.683090,24848
96306.694066,24849
96306.705304,24850
96306.715302,24851
96306.725031,24852
96306.735142,24853
96306.744576,24854
96306.754442,24855
96306.764347,24856
96306.775111,24857
96306.784550,24858
96306.794242,24859
96306.803823,24860
96306.813334,24861
96306.822909,24862
96306.833203,24863
96306.842869,24864
96306.852572,24865
96306.862127,24866
96306.874463,24867
96306.883891,24868
96306.893867,24869
96306.903419,24870
96306.913093,24871
96306.922745,24872
96306.932647,24873
96306.942244,24874
96306.951522,24875
96306.961066,24876
96306.970566,24877
96306.980313,24878
96306.989662,24879
96306.999436,24880
96307.008946,24881
96307.019962,24882
96307.029596,24883
96307.039357,24884
96307.049337,24885
96307.058995,24886
96307.069217,24887
96307.078850,24888
96307.088830,24889
96307.098420,24890
96307.107812,24891
96307.117753,24892
96307.127210,24893
96307.136821,24894
96307.146185,24895
96307.155758,24896
96307.165660,24897
96307.175362,24898
96307.185277,24899
96307.196715,24900
96307.207041,24901
96307.216707,24902
96307.226334,24903
96307.236155,24904
96307.246210,24905
96307.256494,24906
96307.266221,24907
96307.275713,24908
96307.285083,24909
96307.294753,24910
96307.304781,24911
96307.314344,24912
96307.324210,24913
96307.333634,24914
96307.343288,24915
96307.353077,24916
96307.362496,24917
96307.371838,24918
96307.381385,24919
96307.390916,24920
96307.400614,24921
96307.410417,24922
96307.419837,24923
96307.429880,24924
96307.439562,24925
96307.449202,24926
96307.458854,24927
96307.468357,24928
96307.477940,24929
96307.487618,24930
96307.497505,24931
96307.507413,24932
96307.516862,24933
96307.526750,24934
96307.536641,24935
96307.546278,24936
96307.555594,24937
96307.565197,24938
96307.574689,24939
96307.584079,24940
96307.593760,24941
96307.603223,24942
96307.612732,24943
96307.622485,24944
96307.631970,24945
96307.641512,24946
96307.650780,24947
96307.660018,24948
96307.669515,24949
96307.678771,24950
96307.688072,24951
96307.697372,24952
96307.707281,24953
96307.716546,24954
96307.725814,24955
96307.735380,24956
96307.744879,24957
96307.754513,24958
96307.763900,24959
96307.773241,24960
96307.782739,24961
96307.792659,24962
96307.801973,24963
96307.812299,24964
96307.822240,24965
96307.831564,24966
96307.840905,24967
96307.850297,24968
96307.859791,24969
96307.869385,24970
96307.879475,24971
96307.889929,24972
96307.901766,24973
96307.913400,24974
96307.924760,24975
96307.934824,24976
96307.944613,24977
96307.954665,24978
96307.964782,24979
96307.974655,24980
96307.984645,24981
96307.994762,24982
96308.004527,24983
96308.014186,24984
96308.024767,24985
96308.034861,24986
96308.044894,24987
96308.054669,24988
96308.064316,24989
96308.074277,24990
96308.084069,24991
96308.093944,24992
96308.103767,24993
96308.113889,24994
96308.123552,24995
96308.133241,24996
96308.143262,24997
96308.152943,24998
96308.162831,24999
96311.982358,25000
96311.999623,25001
96312.010316,25002
96312.026241,25003
96312.043715,25004
96312.059902,25005
96312.076733,25006
96312.093291,25007
96312.103576,25008
96312.114252,25009
96312.130368,25010
96312.147654,25011
96312.164758,25012
96312.175274,25013
96312.191447,25014
96312.201705,25015
96312.217660,25016
96312.233645,25017
96312.249361,25018
96312.265953,25019
96312.276407,25020
96312.292977,25021
96312.308228,25022
96312.324775,25023
96312.342207,25024
96312.357921,25025
96312.373899,25026
96312.390842,25027
96312.401272,25028
96312.411723,25029
96312.421732,25030
96312.437752,25031
96312.454395,25032
96312.470451,25033
96312.486225,25034
96312.502455,25035
96312.512483,25036
96312.523743,25037
96312.538966,25038
96312.549555,25039
96312.559537,25040
96312.575710,25041
96312.592648,25042
96312.609497,25043
96312.619875,25044
96312.635324,25045
96312.651388,25046
96312.667126,25047
96312.683481,25048
96312.698905,25049
96312.711566,25050
96312.726716,25051
96312.743209,25052
96312.759052,25053
96312.769879,25054
96312.784983,25055
96312.800701,25056
96312.817084,25057
96312.827385,25058
96312.837149,25059
96312.852994,25060
96312.870321,25061
96312.884256,25062
96312.894768,25063
96312.910179,25064
96312.920544,25065
96312.935986,25066
96312.952839,25067
96312.969533,25068
96312.985223,25069
96313.000733,25070
96313.017550,25071
96313.033474,25072
96313.045062,25073
96313.061727,25074
96313.074287,25075
96313.092787,25076
96313.111507,25077
96313.129736,25078
96313.145148,25079
96313.161259,25080
96313.178210,25081
96313.194548,25082
96313.211715,25083
96313.222444,25084
96313.242443,25085
96313.259879,25086
96313.270870,25087
96313.289625,25088
96313.305813,25089
96313.321863,25090
96313.339828,25091
96313.356117,25092
96313.371910,25093
96313.386233,25094
96313.401940,25095
96313.418959,25096
96313.429669,25097
96313.445577,25098
96313.460581,25099
96313.475572,25100
96313.489247,25101
96313.505883,25102
96313.520478,25103
96313.535659,25104
96313.551017,25105
96313.565442,25106
96313.576757,25107
96313.592735,25108
96313.608419,25109
96313.623770,25110
96313.634527,25111
96313.651811,25112
96313.668898,25113
96313.687975,25114
96313.703792,25115
96313.717551,25116
96313.732287,25117
96313.742509,25118
96313.757772,25119
96313.770275,25120
96313.784662,25121
96313.795271,25122
96313.805031,25123
96313.821302,25124
96313.835797,25125
96313.852164,25126
96313.870761,25127
96313.881186,25128
96313.897243,25129
96313.911143,25130
96313.927973,25131
96313.942680,25132
96313.961135,25133
96313.977310,25134
96313.992191,25135
96314.009276,25136
96314.024723,25137
96314.040899,25138
96314.051222,25139
96314.066977,25140
96314.083191,25141
96314.099191,25142
96314.117532,25143
96314.127865,25144
96314.138791,25145
96314.150732,25146
96314.161791,25147
96314.177743,25148
96314.193294,25149
96314.206692,25150
96314.222472,25151
96314.238174,25152
96314.255459,25153
96314.270208,25154
96314.286085,25155
96314.302258,25156
96314.314620,25157
96314.331067,25158
96314.341272,25159
96314.351195,25160
96314.369106,25161
96314.384812,25162
96314.400750,25163
96314.412939,25164
96314.431763,25165
96314.447248,25166
96314.464721,25167
96314.481288,25168
96314.497584,25169
96314.513063,25170
96314.529380,25171
96314.539205,25172
96314.556064,25173
96314.572334,25174
96314.582696,25175
96314.597981,25176
96314.617307,25177
96314.635738,25178
96314.652646,25179
96314.670922,25180
96314.687031,25181
96314.705121,25182
96314.716213,25183
96314.725981,25184
96314.742223,25185
96314.752717,25186
96314.768305,25187
96314.784656,25188
96314.799847,25189
96314.816267,25190
96314.832590,25191
96314.847926,25192
96314.858188,25193
96314.873819,25194
96314.883990,25195
96314.900037,25196
96314.915699,25197
96314.931314,25198
96314.945781,25199
96314.960974,25200
96314.975803,25201
96314.991865,25202
96315.007975,25203
96315.024609,25204
96315.041553,25205
96315.056978,25206
96315.073188,25207
96315.088999,25208
96315.104174,25209
96315.119912,25210
96315.135981,25211
96315.146416,25212
96315.156568,25213
96315.172022,25214
96315.188199,25215
96315.203907,25216
96315.213747,25217
96315.231234,25218
96315.246723,25219
96315.262693,25220
96315.273124,25221
96315.282491,25222
96315.299016,25223
96315.314932,25224
96315.330516,25225
96315.340848,25226
96315.356779,25227
96315.372691,25228
96315.382714,25229
96315.398886,25230
96315.416691,25231
96315.433046,25232
96315.450398,25233
96315.466318,25234
96315.481341,25235
96315.491020,25236
96315.501558,25237
96315.518420,25238
96315.534851,25239
96315.545076,25240
96315.561283,25241
96315.571581,25242
96315.587735,25243
96315.602962,25244
96315.618773,25245
96315.633725,25246
96315.643931,25247
96315.660038,25248
96315.670731,25249
96319.903755,25250
96319.921231,25251
96319.937730,25252
96319.954047,25253
96319.972037,25254
96319.983058,25255
96319.999869,25256
96320.016268,25257
96320.030353,25258
96320.044396,25259
96320.061221,25260
96320.077325,25261
96320.091697,25262
96320.106318,25263
96320.121873,25264
96320.137835,25265
96320.152646,25266
96320.166951,25267
96320.181743,25268
96320.196931,25269
96320.212554,25270
96320.228778,25271
96320.241899,25272
96320.257760,25273
96320.272562,25274
96320.282776,25275
96320.297109,25276
96320.310650,25277
96320.326845,25278
96320.342282,25279
96320.352536,25280
96320.366222,25281
96320.380555,25282
96320.395573,25283
96320.410661,25284
96320.424648,25285
96320.438821,25286
96320.453398,25287
96320.468523,25288
96320.482544,25289
96320.497484,25290
96320.511592,25291
96320.526410,25292
96320.541488,25293
96320.555639,25294
96320.570683,25295
96320.585480,25296
96320.601142,25297
96320.616311,25298
96320.631217,25299
96320.647616,25300
96320.662881,25301
96320.677275,25302
96320.692446,25303
96320.707618,25304
96320.723696,25305
96320.739058,25306
96320.754949,25307
96320.769378,25308
96320.784779,25309
96320.800387,25310
96320.810984,25311
96320.825741,25312
96320.840322,25313
96320.854973,25314
96320.868944,25315
96320.884262,25316
96320.899991,25317
96320.914540,25318
96320.928487,25319
96320.939044,25320
96320.954481,25321
96320.969331,25322
96320.984499,25323
96320.994710,25324
96321.010308,25325
96321.025910,25326
96321.036124,25327
96321.050775,25328
96321.066092,25329
96321.076525,25330
96321.091346,25331
96321.101416,25332
96321.116537,25333
96321.127115,25334
96321.142206,25335
96321.157102,25336
96321.172939,25337
96321.187693,25338
96321.202310,25339
96321.216345,25340
96321.231211,25341
96321.245933,25342
96321.261447,25343
96321.276046,25344
96321.290206,25345
96321.304341,25346
96321.313895,25347
96321.330132,25348
96321.345441,25349
96321.361112,25350
96321.376734,25351
96321.390538,25352
96321.405869,25353
96321.420768,25354
96321.435307,25355
96321.445742,25356
96321.461695,25357
96321.476487,25358
96321.486875,25359
96321.502205,25360
96321.517908,25361
96321.533462,25362
96321.549659,25363
96321.564950,25364
96321.580419,25365
96321.594964,25366
96321.604998,25367
96321.615388,25368
96321.630653,25369
96321.645102,25370
96321.655269,25371
96321.671699,25372
96321.685246,25373
96321.700057,25374
96321.715674,25375
96321.731223,25376
96321.744721,25377
96321.760301,25378
96321.775415,25379
96321.785036,25380
96321.800168,25381
96321.815264,25382
96321.834094,25383
96321.852348,25384
96321.869372,25385
96321.884631,25386
96321.895779,25387
96321.912903,25388
96321.923305,25389
96321.938428,25390
96321.952844,25391
96321.968811,25392
96321.983654,25393
96321.998570,25394
96322.013338,25395
96322.028421,25396
96322.043486,25397
96322.058684,25398
96322.073709,25399
96322.090996,25400
96322.101303,25401
96322.117285,25402
96322.132686,25403
96322.147562,25404
96322.157758,25405
96322.173531,25406
96322.188350,25407
96322.203607,25408
96322.214004,25409
96322.230138,25410
96322.246679,25411
96322.261443,25412
96322.275833,25413
96322.290857,25414
96322.305577,25415
96322.319886,25416
96322.334722,25417
96322.349520,25418
96322.364971,25419
96322.379851,25420
96322.395709,25421
96322.410560,25422
96322.425543,25423
96322.441477,25424
96322.456827,25425
96322.470937,25426
96322.484853,25427
96322.499674,25428
96322.515137,25429
96322.529837,25430
96322.545469,25431
96322.556284,25432
96322.570473,25433
96322.586556,25434
96322.603663,25435
96322.618986,25436
96322.628865,25437
96322.643931,25438
96322.658658,25439
96322.673212,25440
96322.687680,25441
96322.702205,25442
96322.716731,25443
96322.731162,25444
96322.746285,25445
96322.761022,25446
96322.776312,25447
96322.790882,25448
96322.805000,25449
96322.819472,25450
96322.835214,25451
96322.848718,25452
96322.863420,25453
96322.879369,25454
96322.892541,25455
96322.907493,25456
96322.922071,25457
96322.936260,25458
96322.951479,25459
96322.966624,25460
96322.981928,25461
96322.996949,25462
96323.011788,25463
96323.026659,25464
96323.041489,25465
96323.056269,25466
96323.069779,25467
96323.085246,25468
96323.100325,25469
96323.111201,25470
96323.125710,25471
96323.140443,25472
96323.155066,25473
96323.170493,25474
96323.185555,25475
96323.199780,25476
96323.213897,25477
96323.229159,25478
96323.244332,25479
96323.259149,25480
96323.274382,25481
96323.290455,25482
96323.304708,25483
96323.318437,25484
96323.328882,25485
96323.338515,25486
96323.352923,25487
96323.367702,25488
96323.383621,25489
96323.398847,25490
96323.409672,25491
96323.423990,25492
96323.439313,25493
96323.454790,25494
96323.470526,25495
96323.486209,25496
96323.501942,25497
96323.511785,25498
96323.528177,25499
96327.478257,25500
96327.502861,25501
96327.524711,25502
96327.543559,25503
96327.560678,25504
96327.577744,25505
96327.594462,25506
96327.610450,25507
96327.625396,25508
96327.641157,25509
96327.656067,25510
96327.671350,25511
96327.687475,25512
96327.704962,25513
96327.722541,25514
96327.737317,25515
96327.753338,25516
96327.770034,25517
96327.786767,25518
96327.802410,25519
96327.818556,25520
96327.834866,25521
96327.850742,25522
96327.867222,25523
96327.883556,25524
96327.900344,25525
96327.917038,25526
96327.933961,25527
96327.949867,25528
96327.967605,25529
96327.986241,25530
96328.002934,25531
96328.019999,25532
96328.034379,25533
96328.049367,25534
96328.069864,25535
96328.085788,25536
96328.102681,25537
96328.118738,25538
96328.135326,25539
96328.151514,25540
96328.170373,25541
96328.185217,25542
96328.200297,25543
96328.216353,25544
96328.230953,25545
96328.252385,25546
96328.268147,25547
96328.283691,25548
96328.298815,25549
96328.318418,25550
96328.337677,25551
96328.352751,25552
96328.368452,25553
96328.384596,25554
96328.400193,25555
96328.415736,25556
96328.430830,25557
96328.448333,25558
96328.463636,25559
96328.479284,25560
96328.493900,25561
96328.509613,25562
96328.529218,25563
96328.550283,25564
96328.567455,25565
96328.585133,25566
96328.603760,25567
96328.618542,25568
96328.637979,25569
96328.653340,25570
96328.669856,25571
96328.685753,25572
96328.708533,25573
96328.723683,25574
96328.738603,25575
96328.761251,25576
96328.783670,25577
96328.797992,25578
96328.814428,25579
96328.830683,25580
96328.846186,25581
96328.863550,25582
96328.880239,25583
96328.895318,25584
96328.913751,25585
96328.934487,25586
96328.950369,25587
96328.965957,25588
96328.980231,25589
96328.994700,25590
96329.017571,25591
96329.032096,25592
96329.047659,25593
96329.068803,25594
96329.082931,25595
96329.097297,25596
96329.112407,25597
96329.128864,25598
96329.143516,25599
96329.165869,25600
96329.181276,25601
96329.198824,25602
96329.214790,25603
96329.232714,25604
96329.252702,25605
96329.269512,25606
96329.286978,25607
96329.303055,25608
96329.318102,25609
96329.334703,25610
96329.357760,25611
96329.379335,25612
96329.396258,25613
96329.417188,25614
96329.432896,25615
96329.446973,25616
96329.463853,25617
96329.479917,25618
96329.495242,25619
96329.511006,25620
96329.528929,25621
96329.544072,25622
96329.561855,25623
96329.577679,25624
96329.594969,25625
96329.612833,25626
96329.632893,25627
96329.653662,25628
96329.671877,25629
96329.687252,25630
96329.703293,25631
96329.719588,25632
96329.735359,25633
96329.753635,25634
96329.773598,25635
96329.794264,25636
96329.811835,25637
96329.826751,25638
96329.842256,25639
96329.858945,25640
96329.875842,25641
96329.894934,25642
96329.910242,25643
96329.929669,25644
96329.945056,25645
96329.960373,25646
96329.975810,25647
96329.991962,25648
96330.011769,25649
96330.030957,25650
96330.048519,25651
96330.064833,25652
96330.083951,25653
96330.100366,25654
96330.117646,25655
96330.134201,25656
96330.151638,25657
96330.166478,25658
96330.182713,25659
96330.197967,25660
96330.212387,25661
96330.227050,25662
96330.243429,25663
96330.259148,25664
96330.274447,25665
96330.290763,25666
96330.308554,25667
96330.324361,25668
96330.340846,25669
96330.356864,25670
96330.375011,25671
96330.391080,25672
96330.405808,25673
96330.426461,25674
96330.442922,25675
96330.459111,25676
96330.475430,25677
96330.492989,25678
96330.509330,25679
96330.527463,25680
96330.543209,25681
96330.558456,25682
96330.573160,25683
96330.592525,25684
96330.607508,25685
96330.623467,25686
96330.638838,25687
96330.657697,25688
96330.672582,25689
96330.687335,25690
96330.703999,25691
96330.720044,25692
96330.735757,25693
96330.753297,25694
96330.769867,25695
96330.786444,25696
96330.803352,25697
96330.819112,25698
96330.834709,25699
96330.850427,25700
96330.867218,25701
96330.882522,25702
96330.898301,25703
96330.915218,25704
96330.934267,25705
96330.950322,25706
96330.967266,25707
96330.982252,25708
96331.000512,25709
96331.015481,25710
96331.031032,25711
96331.046276,25712
96331.061359,25713
96331.080873,25714
96331.097398,25715
96331.113840,25716
96331.128722,25717
96331.143862,25718
96331.159025,25719
96331.174134,25720
96331.188116,25721
96331.203200,25722
96331.220813,25723
96331.236734,25724
96331.252743,25725
96331.269432,25726
96331.285960,25727
96331.302942,25728
96331.319301,25729
96331.337264,25730
96331.353500,25731
96331.367834,25732
96331.381653,25733
96331.397680,25734
96331.412401,25735
96331.428507,25736
96331.446833,25737
96331.462658,25738
96331.478039,25739
96331.492872,25740
96331.509859,25741
96331.526630,25742
96331.542769,25743
96331.558627,25744
96331.574082,25745
96331.590426,25746
96331.606890,25747
96331.622868,25748
96331.638857,25749
96334.765070,25750
96334.776217,25751
96334.786218,25752
96334.796318,25753
96334.806565,25754
96334.816654,25755
96334.826631,25756
96334.836443,25757
96334.846776,25758
96334.856679,25759
96334.866315,25760
96334.875575,25761
96334.885422,25762
96334.894956,25763
96334.904824,25764
96334.916207,25765
96334.926332,25766
96334.937519,25767
96334.947528,25768
96334.958112,25769
96334.967671,25770
96334.978405,25771
96334.989313,25772
96334.999762,25773
96335.009639,25774
96335.019498,25775
96335.029779,25776
96335.039322,25777
96335.049250,25778
96335.059315,25779
96335.069258,25780
96335.079335,25781
96335.089306,25782
96335.099056,25783
96335.109158,25784
96335.118570,25785
96335.128815,25786
96335.138360,25787
96335.148030,25788
96335.157611,25789
96335.167019,25790
96335.177434,25791
96335.187436,25792
96335.198025,25793
96335.207563,25794
96335.218265,25795
96335.227796,25796
96335.238305,25797
96335.248336,25798
96335.259336,25799
96335.271913,25800
96335.281649,25801
96335.291262,25802
96335.301557,25803
96335.310859,25804
96335.321104,25805
96335.330444,25806
96335.340259,25807
96335.349982,25808
96335.360573,25809
96335.370355,25810
96335.380204,25811
96335.390352,25812
96335.400049,25813
96335.409919,25814
96335.420383,25815
96335.429846,25816
96335.440212,25817
96335.449900,25818
96335.460087,25819
96335.469546,25820
96335.480665,25821
96335.489970,25822
96335.499608,25823
96335.508917,25824
96335.518148,25825
96335.527463,25826
96335.537320,25827
96335.547236,25828
96335.557601,25829
96335.567009,25830
96335.576415,25831
96335.585943,25832
96335.596823,25833
96335.606538,25834
96335.616835,25835
96335.626710,25836
96335.636261,25837
96335.645666,25838
96335.655619,25839
96335.665005,25840
96335.675557,25841
96335.687223,25842
96335.699139,25843
96335.711012,25844
96335.721363,25845
96335.731240,25846
96335.741240,25847
96335.750793,25848
96335.760885,25849
96335.770566,25850
96335.780627,25851
96335.790278,25852
96335.801115,25853
96335.811867,25854
96335.821791,25855
96335.832149,25856
96335.842998,25857
96335.852499,25858
96335.862821,25859
96335.872240,25860
96335.881895,25861
96335.891366,25862
96335.901984,25863
96335.912340,25864
96335.923591,25865
96335.933594,25866
96335.943967,25867
96335.954619,25868
96335.965471,25869
96335.975562,25870
96335.986030,25871
96335.995936,25872
96336.005690,25873
96336.015408,25874
96336.026300,25875
96336.036171,25876
96336.046582,25877
96336.056203,25878
96336.066841,25879
96336.077308,25880
96336.087584,25881
96336.097341,25882
96336.107258,25883
96336.117259,25884
96336.127099,25885
96336.136542,25886
96336.146515,25887
96336.156307,25888
96336.166507,25889
96336.176311,25890
96336.186199,25891
96336.196031,25892
96336.206006,25893
96336.215977,25894
96336.226074,25895
96336.235582,25896
96336.245340,25897
96336.255092,25898
96336.267884,25899
96336.280423,25900
96336.290491,25901
96336.301076,25902
96336.310539,25903
96336.320773,25904
96336.331339,25905
96336.341707,25906
96336.352252,25907
96336.361853,25908
96336.371572,25909
96336.381774,25910
96336.392352,25911
96336.402674,25912
96336.413294,25913
96336.424041,25914
96336.433922,25915
96336.444136,25916
96336.454593,25917
96336.465083,25918
96336.475730,25919
96336.486331,25920
96336.496449,25921
96336.506645,25922
96336.517262,25923
96336.527801,25924
96336.537945,25925
96336.548564,25926
96336.558677,25927
96336.568758,25928
96336.579081,25929
96336.590531,25930
96336.601764,25931
96336.611998,25932
96336.622402,25933
96336.632273,25934
96336.642657,25935
96336.652271,25936
96336.662217,25937
96336.672049,25938
96336.681906,25939
96336.692228,25940
96336.702885,25941
96336.712513,25942
96336.722757,25943
96336.732284,25944
96336.741561,25945
96336.751749,25946
96336.764321,25947
96336.774455,25948
96336.784702,25949
96336.794479,25950
96336.804427,25951
96336.814247,25952
96336.824589,25953
96336.835572,25954
96336.846445,25955
96336.856738,25956
96336.868158,25957
96336.878672,25958
96336.889537,25959
96336.899710,25960
96336.910565,25961
96336.920840,25962
96336.931476,25963
96336.941416,25964
96336.952371,25965
96336.961893,25966
96336.972794,25967
96336.983329,25968
96336.993451,25969
96337.003128,25970
96337.013924,25971
96337.023628,25972
96337.033413,25973
96337.043348,25974
96337.053048,25975
96337.062448,25976
96337.073498,25977
96337.083392,25978
96337.093347,25979
96337.102707,25980
96337.112344,25981
96337.121957,25982
96337.131856,25983
96337.141541,25984
96337.151744,25985
96337.161441,25986
96337.170897,25987
96337.180384,25988
96337.191325,25989
96337.201491,25990
96337.211094,25991
96337.220555,25992
96337.230804,25993
96337.240628,25994
96337.250646,25995
96337.260252,25996
96337.270017,25997
96337.279674,25998
96337.289309,25999
96341.395102,26000
96341.409073,26001
96341.419547,26002
96341.434570,26003
96341.450994,26004
96341.463718,26005
96341.477898,26006
96341.487502,26007
96341.499842,26008
96341.513634,26009
96341.527323,26010
96341.541681,26011
96341.557703,26012
96341.571922,26013
96341.586450,26014
96341.597379,26015
96341.610966,26016
96341.624571,26017
96341.638636,26018
96341.649238,26019
96341.663542,26020
96341.674278,26021
96341.687052,26022
96341.701710,26023
96341.715044,26024
96341.728542,26025
96341.739211,26026
96341.751206,26027
96341.762256,26028
96341.776921,26029
96341.788685,26030
96341.798309,26031
96341.813818,26032
96341.824771,26033
96341.837090,26034
96341.850863,26035
96341.864527,26036
96341.874753,26037
96341.888173,26038
96341.899529,26039
96341.915014,26040
96341.926554,26041
96341.936561,26042
96341.950750,26043
96341.962181,26044
96341.974480,26045
96341.987484,26046
96342.003556,26047
96342.017833,26048
96342.028116,26049
96342.043770,26050
96342.054114,26051
96342.068391,26052
96342.082535,26053
96342.094999,26054
96342.110483,26055
96342.123926,26056
96342.137471,26057
96342.148469,26058
96342.159070,26059
96342.169382,26060
96342.181845,26061
96342.194271,26062
96342.207374,26063
96342.217641,26064
96342.233461,26065
96342.247338,26066
96342.260984,26067
96342.276648,26068
96342.289922,26069
96342.302988,26070
96342.314117,26071
96342.326183,26072
96342.337732,26073
96342.350332,26074
96342.365229,26075
96342.376356,26076
96342.392663,26077
96342.405240,26078
96342.417488,26079
96342.430512,26080
96342.442574,26081
96342.456336,26082
96342.468182,26083
96342.478921,26084
96342.489711,26085
96342.500172,26086
96342.516265,26087
96342.530708,26088
96342.541288,26089
96342.553688,26090
96342.565364,26091
96342.577295,26092
96342.588338,26093
96342.598568,26094
96342.610765,26095
96342.625426,26096
96342.639039,26097
96342.650261,26098
96342.663988,26099
96342.674056,26100
96342.687554,26101
96342.700697,26102
96342.714553,26103
96342.728576,26104
96342.739446,26105
96342.752450,26106
96342.765495,26107
96342.775548,26108
96342.788479,26109
96342.800887,26110
96342.811370,26111
96342.822057,26112
96342.833120,26113
96342.844493,26114
96342.859796,26115
96342.870591,26116
96342.883242,26117
96342.893247,26118
96342.903225,26119
96342.915259,26120
96342.930767,26121
96342.944582,26122
96342.958179,26123
96342.969242,26124
96342.982714,26125
96342.996405,26126
96343.011205,26127
96343.026452,26128
96343.041139,26129
96343.054558,26130
96343.064842,26131
96343.078846,26132
96343.090686,26133
96343.103461,26134
96343.117813,26135
96343.130176,26136
96343.145324,26137
96343.156988,26138
96343.170933,26139
96343.183388,26140
96343.198288,26141
96343.212806,26142
96343.224109,26143
96343.244315,26144
96343.261113,26145
96343.272097,26146
96343.286255,26147
96343.298414,26148
96343.309229,26149
96343.325614,26150
96343.336204,26151
96343.346529,26152
96343.358702,26153
96343.373228,26154
96343.383254,26155
96343.394957,26156
96343.408726,26157
96343.421387,26158
96343.431761,26159
96343.444961,26160
96343.457917,26161
96343.469081,26162
96343.482615,26163
96343.494698,26164
96343.505888,26165
96343.519253,26166
96343.530586,26167
96343.540072,26168
96343.552982,26169
96343.566562,26170
96343.578159,26171
96343.589804,26172
96343.603238,26173
96343.616604,26174
96343.628184,26175
96343.641171,26176
96343.651279,26177
96343.663338,26178
96343.676466,26179
96343.689054,26180
96343.700028,26181
96343.709787,26182
96343.722806,26183
96343.735389,26184
96343.745852,26185
96343.760376,26186
96343.773434,26187
96343.785560,26188
96343.797349,26189
96343.810220,26190
96343.823267,26191
96343.838166,26192
96343.848589,26193
96343.861923,26194
96343.871574,26195
96343.881672,26196
96343.891953,26197
96343.904527,26198
96343.914425,26199
96343.925941,26200
96343.937387,26201
96343.947478,26202
96343.959938,26203
96343.972660,26204
96343.986489,26205
96344.002492,26206
96344.015824,26207
96344.027788,26208
96344.038181,26209
96344.052395,26210
96344.066277,26211
96344.079384,26212
96344.089241,26213
96344.101241,26214
96344.111711,26215
96344.124476,26216
96344.134476,26217
96344.147015,26218
96344.158496,26219
96344.171493,26220
96344.184617,26221
96344.196352,26222
96344.209553,26223
96344.219505,26224
96344.229421,26225
96344.239172,26226
96344.252568,26227
96344.264379,26228
96344.277267,26229
96344.288120,26230
96344.302129,26231
96344.312074,26232
96344.324532,26233
96344.338228,26234
96344.351497,26235
96344.363736,26236
96344.375796,26237
96344.388384,26238
96344.401931,26239
96344.413055,26240
96344.427747,26241
96344.437712,26242
96344.448234,26243
96344.461352,26244
96344.472870,26245
96344.486987,26246
96344.500588,26247
96344.510573,26248
96344.521312,26249
96348.633871,26250
96348.645702,26251
96348.658675,26252
96348.674249,26253
96348.690199,26254
96348.705303,26255
96348.718408,26256
96348.733200,26257
96348.744322,26258
96348.756721,26259
96348.772698,26260
96348.789130,26261
96348.804386,26262
96348.819213,26263
96348.833823,26264
96348.848518,26265
96348.860868,26266
96348.874357,26267
96348.887611,26268
96348.901704,26269
96348.915916,26270
96348.930366,26271
96348.942400,26272
96348.953138,26273
96348.967051,26274
96348.979269,26275
96348.992848,26276
96349.006496,26277
96349.019080,26278
96349.033913,26279
96349.048102,26280
96349.063169,26281
96349.075258,26282
96349.090033,26283
96349.104292,26284
96349.119612,26285
96349.136435,26286
96349.155835,26287
96349.167526,26288
96349.182494,26289
96349.195652,26290
96349.209224,26291
96349.220825,26292
96349.233920,26293
96349.249151,26294
96349.265278,26295
96349.279838,26296
96349.295596,26297
96349.308872,26298
96349.321823,26299
96349.336667,26300
96349.349121,26301
96349.363533,26302
96349.378402,26303
96349.390673,26304
96349.402235,26305
96349.415375,26306
96349.428274,26307
96349.443322,26308
96349.454205,26309
96349.466439,26310
96349.478176,26311
96349.488746,26312
96349.503777,26313
96349.515147,26314
96349.529730,26315
96349.543182,26316
96349.555073,26317
96349.569184,26318
96349.581712,26319
96349.596210,26320
96349.610565,26321
96349.625089,26322
96349.637579,26323
96349.652319,26324
96349.666005,26325
96349.678721,26326
96349.693417,26327
96349.707386,26328
96349.722222,26329
96349.737404,26330
96349.752011,26331
96349.766201,26332
96349.781599,26333
96349.797041,26334
96349.811918,26335
96349.823348,26336
96349.834383,26337
96349.849240,26338
96349.864465,26339
96349.879675,26340
96349.892437,26341
96349.906699,26342
96349.918570,26343
96349.931863,26344
96349.946192,26345
96349.959696,26346
96349.973365,26347
96349.986089,26348
96349.998058,26349
96350.009100,26350
96350.020809,26351
96350.034839,26352
96350.050149,26353
96350.064256,26354
96350.079035,26355
96350.094370,26356
96350.108369,26357
96350.122955,26358
96350.136773,26359
96350.153270,26360
96350.166045,26361
96350.177170,26362
96350.191406,26363
96350.203033,26364
96350.214849,26365
96350.227411,26366
96350.242768,26367
96350.257764,26368
96350.269912,26369
96350.282618,26370
96350.296780,26371
96350.309580,26372
96350.324210,26373
96350.338628,26374
96350.353978,26375
96350.371717,26376
96350.387055,26377
96350.400702,26378
96350.416980,26379
96350.433022,26380
96350.444892,26381
96350.458083,26382
96350.469901,26383
96350.485144,26384
96350.497634,26385
96350.508746,26386
96350.524862,26387
96350.540279,26388
96350.556367,26389
96350.570550,26390
96350.585704,26391
96350.599218,26392
96350.613971,26393
96350.629973,26394
96350.643161,26395
96350.657184,26396
96350.670385,26397
96350.685251,26398
96350.700892,26399
96350.718168,26400
96350.731786,26401
96350.743456,26402
96350.756665,26403
96350.769821,26404
96350.785320,26405
96350.797282,26406
96350.809170,26407
96350.824042,26408
96350.839265,26409
96350.851356,26410
96350.865979,26411
96350.879377,26412
96350.896131,26413
96350.912344,26414
96350.924441,26415
96350.939611,26416
96350.955356,26417
96350.971444,26418
96350.986701,26419
96350.998599,26420
96351.014332,26421
96351.028707,26422
96351.045658,26423
96351.058938,26424
96351.071590,26425
96351.085342,26426
96351.101175,26427
96351.112601,26428
96351.123892,26429
96351.137762,26430
96351.150822,26431
96351.165889,26432
96351.178349,26433
96351.192204,26434
96351.205680,26435
96351.220048,26436
96351.231209,26437
96351.245550,26438
96351.256128,26439
96351.268056,26440
96351.282654,26441
96351.297224,26442
96351.309659,26443
96351.320936,26444
96351.334662,26445
96351.347956,26446
96351.362570,26447
96351.377312,26448
96351.392876,26449
96351.405218,26450
96351.421778,26451
96351.436044,26452
96351.455794,26453
96351.472476,26454
96351.485706,26455
96351.501679,26456
96351.514349,26457
96351.531613,26458
96351.545755,26459
96351.557487,26460
96351.574651,26461
96351.588090,26462
96351.599927,26463
96351.614868,26464
96351.629780,26465
96351.646638,26466
96351.662120,26467
96351.676530,26468
96351.692469,26469
96351.708414,26470
96351.724554,26471
96351.740592,26472
96351.756807,26473
96351.768916,26474
96351.785009,26475
96351.800017,26476
96351.812346,26477
96351.823870,26478
96351.838498,26479
96351.852403,26480
96351.868753,26481
96351.884701,26482
96351.896707,26483
96351.912639,26484
96351.927910,26485
96351.942289,26486
96351.955803,26487
96351.971767,26488
96351.985757,26489
96351.997452,26490
96352.010867,26491
96352.023122,26492
96352.035812,26493
96352.052352,26494
96352.067728,26495
96352.082261,26496
96352.096351,26497
96352.109264,26498
96352.123431,26499
96356.096525,26500
96356.116457,26501
96356.134098,26502
96356.151998,26503
96356.170246,26504
96356.190774,26505
96356.208751,26506
96356.227306,26507
96356.245323,26508
96356.262500,26509
96356.279888,26510
96356.296775,26511
96356.314939,26512
96356.332010,26513
96356.349708,26514
96356.366716,26515
96356.384539,26516
96356.402429,26517
96356.419391,26518
96356.436504,26519
96356.453305,26520
96356.472162,26521
96356.488978,26522
96356.505841,26523
96356.522717,26524
96356.538848,26525
96356.555336,26526
96356.572712,26527
96356.589971,26528
96356.607269,26529
96356.623902,26530
96356.640316,26531
96356.655974,26532
96356.673119,26533
96356.689926,26534
96356.704881,26535
96356.719735,26536
96356.734159,26537
96356.750943,26538
96356.767420,26539
96356.784883,26540
96356.801780,26541
96356.818148,26542
96356.834905,26543
96356.851660,26544
96356.867795,26545
96356.883897,26546
96356.899451,26547
96356.914919,26548
96356.932114,26549
96356.950884,26550
96356.966962,26551
96356.982433,26552
96356.997485,26553
96357.013491,26554
96357.029045,26555
96357.044291,26556
96357.059339,26557
96357.075387,26558
96357.091522,26559
96357.107915,26560
96357.123783,26561
96357.141194,26562
96357.157367,26563
96357.175123,26564
96357.192752,26565
96357.209362,26566
96357.226923,26567
96357.244623,26568
96357.262626,26569
96357.281620,26570
96357.299832,26571
96357.316700,26572
96357.332781,26573
96357.349513,26574
96357.365292,26575
96357.382710,26576
96357.399019,26577
96357.415764,26578
96357.432980,26579
96357.450755,26580
96357.467993,26581
96357.485902,26582
96357.503196,26583
96357.520441,26584
96357.537871,26585
96357.553755,26586
96357.570971,26587
96357.588266,26588
96357.608169,26589
96357.625011,26590
96357.642573,26591
96357.659733,26592
96357.677597,26593
96357.694464,26594
96357.712049,26595
96357.729032,26596
96357.746401,26597
96357.762484,26598
96357.780162,26599
96357.795874,26600
96357.811647,26601
96357.826987,26602
96357.842523,26603
96357.859235,26604
96357.876192,26605
96357.894083,26606
96357.911739,26607
96357.928769,26608
96357.946034,26609
96357.964355,26610
96357.982417,26611
96357.999259,26612
96358.014577,26613
96358.030911,26614
96358.046693,26615
96358.063060,26616
96358.080177,26617
96358.097385,26618
96358.114340,26619
96358.130855,26620
96358.148253,26621
96358.164424,26622
96358.180139,26623
96358.195684,26624
96358.212038,26625
96358.227898,26626
96358.242562,26627
96358.259238,26628
96358.275999,26629
96358.291929,26630
96358.308235,26631
96358.324195,26632
96358.338732,26633
96358.354364,26634
96358.370845,26635
96358.386366,26636
96358.401741,26637
96358.418424,26638
96358.435252,26639
96358.450344,26640
96358.466585,26641
96358.482278,26642
96358.498149,26643
96358.514790,26644
96358.530287,26645
96358.545112,26646
96358.561214,26647
96358.576743,26648
96358.592720,26649
96358.608849,26650
96358.625279,26651
96358.641912,26652
96358.658382,26653
96358.673991,26654
96358.690617,26655
96358.705055,26656
96358.721657,26657
96358.737248,26658
96358.754697,26659
96358.770425,26660
96358.787047,26661
96358.803704,26662
96358.819620,26663
96358.835626,26664
96358.850584,26665
96358.866473,26666
96358.883144,26667
96358.898911,26668
96358.914495,26669
96358.931346,26670
96358.946374,26671
96358.961826,26672
96358.978345,26673
96358.994858,26674
96359.013051,26675
96359.030208,26676
96359.047034,26677
96359.064291,26678
96359.082897,26679
96359.101393,26680
96359.118705,26681
96359.136299,26682
96359.152379,26683
96359.169195,26684
96359.184634,26685
96359.201524,26686
96359.217883,26687
96359.232443,26688
96359.249778,26689
96359.265869,26690
96359.281700,26691
96359.298325,26692
96359.315069,26693
96359.331423,26694
96359.348349,26695
96359.365227,26696
96359.383355,26697
96359.400555,26698
96359.417551,26699
96359.434826,26700
96359.451869,26701
96359.468016,26702
96359.483223,26703
96359.500879,26704
96359.517411,26705
96359.532818,26706
96359.549581,26707
96359.565474,26708
96359.581504,26709
96359.597310,26710
96359.614979,26711
96359.631845,26712
96359.647593,26713
96359.664755,26714
96359.682253,26715
96359.698751,26716
96359.715860,26717
96359.733274,26718
96359.751960,26719
96359.769435,26720
96359.787680,26721
96359.803593,26722
96359.819215,26723
96359.835861,26724
96359.853048,26725
96359.868777,26726
96359.885659,26727
96359.901832,26728
96359.917615,26729
96359.933259,26730
96359.949541,26731
96359.966101,26732
96359.982422,26733
96359.999413,26734
96360.015860,26735
96360.031107,26736
96360.049424,26737
96360.067865,26738
96360.084311,26739
96360.101719,26740
96360.118731,26741
96360.134310,26742
96360.150665,26743
96360.165583,26744
96360.180939,26745
96360.198239,26746
96360.214540,26747
96360.229758,26748
96360.245455,26749
96362.457277,27000
96362.467705,27001
96362.477574,27002
96362.487620,27003
96362.497176,27004
96362.506368,27005
96362.515697,27006
96362.525283,27007
96362.534566,27008
96362.544271,27009
96362.554793,27010
96362.564334,27011
96362.574048,27012
96362.583894,27013
96362.593546,27014
96362.603925,27015
96362.613626,27016
96362.626474,27017
96362.636235,27018
96362.645669,27019
96362.655234,27020
96362.665221,27021
96362.674410,27022
96362.684150,27023
96362.693374,27024
96362.702959,27025
96362.712150,27026
96362.723014,27027
96362.732450,27028
96362.742063,27029
96362.751586,27030
96362.760803,27031
96362.770263,27032
96362.779985,27033
96362.788989,27034
96362.798640,27035
96362.807898,27036
96362.817872,27037
96362.826998,27038
96362.836633,27039
96362.846471,27040
96362.855963,27041
96362.865576,27042
96362.875463,27043
96362.885232,27044
96362.895184,27045
96362.904885,27046
96362.915020,27047
96362.924712,27048
96362.934677,27049
96362.944461,27050
96362.955232,27051
96362.964907,27052
96362.976724,27053
96362.989392,27054
96362.999207,27055
96363.008883,27056
96363.018605,27057
96363.028638,27058
96363.038480,27059
96363.048402,27060
96363.058955,27061
96363.068892,27062
96363.080823,27063
96363.090773,27064
96363.101006,27065
96363.110670,27066
96363.120392,27067
96363.129883,27068
96363.139512,27069
96363.148833,27070
96363.158846,27071
96363.168476,27072
96363.178226,27073
96363.187656,27074
96363.197326,27075
96363.206850,27076
96363.216408,27077
96363.225776,27078
96363.235596,27079
96363.245153,27080
96363.256283,27081
96363.266068,27082
96363.276223,27083
96363.285595,27084
96363.295159,27085
96363.304805,27086
96363.314544,27087
96363.323954,27088
96363.333618,27089
96363.343907,27090
96363.353996,27091
96363.364233,27092
96363.374449,27093
96363.384790,27094
96363.394782,27095
96363.404254,27096
96363.414328,27097
96363.424326,27098
96363.434700,27099
96363.447298,27100
96363.457718,27101
96363.467769,27102
96363.477877,27103
96363.487878,27104
96363.497913,27105
96363.507777,27106
96363.518091,27107
96363.528225,27108
96363.538650,27109
96363.548670,27110
96363.561052,27111
96363.570719,27112
96363.581324,27113
96363.591066,27114
96363.600733,27115
96363.610268,27116
96363.619739,27117
96363.628937,27118
96363.638663,27119
96363.647928,27120
96363.657532,27121
96363.667041,27122
96363.677225,27123
96363.686765,27124
96363.696888,27125
96363.706806,27126
96363.716826,27127
96363.726357,27128
96363.736823,27129
96363.746851,27130
96363.757373,27131
96363.767885,27132
96363.777881,27133
96363.787615,27134
96363.797806,27135
96363.807472,27136
96363.817276,27137
96363.826869,27138
96363.836897,27139
96363.846489,27140
96363.856310,27141
96363.865752,27142
96363.875602,27143
96363.885048,27144
96363.895205,27145
96363.904678,27146
96363.914321,27147
96363.923829,27148
96363.933380,27149
96363.943315,27150
96363.952837,27151
96363.962258,27152
96363.971809,27153
96363.981576,27154
96363.991593,27155
96364.001114,27156
96364.010983,27157
96364.020472,27158
96364.030204,27159
96364.039579,27160
96364.049368,27161
96364.059169,27162
96364.068776,27163
96364.078679,27164
96364.090358,27165
96364.107307,27166
96364.118149,27167
96364.127534,27168
96364.137453,27169
96364.147066,27170
96364.156876,27171
96364.166341,27172
96364.176332,27173
96364.185948,27174
96364.195781,27175
96364.205242,27176
96364.215008,27177
96364.224633,27178
96364.234672,27179
96364.243930,27180
96364.253717,27181
96364.263383,27182
96364.274716,27183
96364.284768,27184
96364.294391,27185
96364.304331,27186
96364.314382,27187
96364.323920,27188
96364.333738,27189
96364.343434,27190
96364.353540,27191
96364.362898,27192
96364.372568,27193
96364.381892,27194
96364.391530,27195
96364.401249,27196
96364.410903,27197
96364.420689,27198
96364.430295,27199
96364.442528,27200
96364.452214,27201
96364.463429,27202
96364.473281,27203
96364.482916,27204
96364.492901,27205
96364.502514,27206
96364.512645,27207
96364.521878,27208
96364.531577,27209
96364.541291,27210
96364.550953,27211
96364.560973,27212
96364.570876,27213
96364.581263,27214
96364.591231,27215
96364.601147,27216
96364.611196,27217
96364.621370,27218
96364.631622,27219
96364.641667,27220
96364.651704,27221
96364.661402,27222
96364.671381,27223
96364.680839,27224
96364.690446,27225
96364.700298,27226
96364.709781,27227
96364.719092,27228
96364.728674,27229
96364.738137,27230
96364.747918,27231
96364.757480,27232
96364.767861,27233
96364.777214,27234
96364.787096,27235
96364.796566,27236
96364.806301,27237
96364.815941,27238
96364.825862,27239
96364.835926,27240
96364.845786,27241
96364.854921,27242
96364.864829,27243
96364.874512,27244
96364.884258,27245
96364.893787,27246
96364.903886,27247
96364.913288,27248
96364.922983,27249
96368.492820,27250
96368.509877,27251
96368.520361,27252
96368.536289,27253
96368.548237,27254
96368.564037,27255
96368.580414,27256
96368.595762,27257
96368.610455,27258
96368.625888,27259
96368.639916,27260
96368.656339,27261
96368.671814,27262
96368.687417,27263
96368.702486,27264
96368.717865,27265
96368.728428,27266
96368.744279,27267
96368.753665,27268
96368.769043,27269
96368.779196,27270
96368.793619,27271
96368.808970,27272
96368.824189,27273
96368.834055,27274
96368.844006,27275
96368.858331,27276
96368.872712,27277
96368.882957,27278
96368.897395,27279
96368.907115,27280
96368.921345,27281
96368.936205,27282
96368.950476,27283
96368.960439,27284
96368.974971,27285
96368.989574,27286
96369.004675,27287
96369.019221,27288
96369.034076,27289
96369.048446,27290
96369.063451,27291
96369.078084,27292
96369.087863,27293
96369.102985,27294
96369.118205,27295
96369.135435,27296
96369.147019,27297
96369.162501,27298
96369.177746,27299
96369.192338,27300
96369.202233,27301
96369.211766,27302
96369.226987,27303
96369.240935,27304
96369.255258,27305
96369.270446,27306
96369.280453,27307
96369.295980,27308
96369.311857,27309
96369.327638,27310
96369.343347,27311
96369.359989,27312
96369.375329,27313
96369.385337,27314
96369.396345,27315
96369.412326,27316
96369.428097,27317
96369.443956,27318
96369.459406,27319
96369.475505,27320
96369.485888,27321
96369.497331,27322
96369.513223,27323
96369.528863,27324
96369.545543,27325
96369.563955,27326
96369.574420,27327
96369.591010,27328
96369.611297,27329
96369.622488,27330
96369.639296,27331
96369.656388,27332
96369.667027,27333
96369.682949,27334
96369.699320,27335
96369.715061,27336
96369.729233,27337
96369.739575,27338
96369.754568,27339
96369.770289,27340
96369.785313,27341
96369.801043,27342
96369.816758,27343
96369.826717,27344
96369.843066,27345
96369.858283,27346
96369.868933,27347
96369.884809,27348
96369.901527,27349
96369.920178,27350
96369.930489,27351
96369.940790,27352
96369.951489,27353
96369.961491,27354
96369.970851,27355
96369.981605,27356
96369.991800,27357
96370.001344,27358
96370.012302,27359
96370.022414,27360
96370.032382,27361
96370.041913,27362
96370.052227,27363
96370.062979,27364
96370.072968,27365
96370.082829,27366
96370.092855,27367
96370.103490,27368
96370.113386,27369
96370.123474,27370
96370.133734,27371
96370.143297,27372
96370.156358,27373
96370.166387,27374
96370.176263,27375
96370.185824,27376
96370.196158,27377
96370.208784,27378
96370.218159,27379
96370.227793,27380
96370.238568,27381
96370.248542,27382
96370.262124,27383
96370.272891,27384
96370.282957,27385
96370.293652,27386
96370.306565,27387
96370.316606,27388
96370.326749,27389
96370.336705,27390
96370.348999,27391
96370.359690,27392
96370.371323,27393
96370.381023,27394
96370.390609,27395
96370.400684,27396
96370.412838,27397
96370.424175,27398
96370.434372,27399
96370.444330,27400
96370.453875,27401
96370.464696,27402
96370.474977,27403
96370.484312,27404
96370.495054,27405
96370.504886,27406
96370.515818,27407
96370.525234,27408
96370.536165,27409
96370.546845,27410
96370.556697,27411
96370.568011,27412
96370.579860,27413
96370.591183,27414
96370.601372,27415
96370.611370,27416
96370.620849,27417
96370.631582,27418
96370.643776,27419
96370.654117,27420
96370.664477,27421
96370.675398,27422
96370.685482,27423
96370.695743,27424
96370.706046,27425
96370.717464,27426
96370.727814,27427
96370.737893,27428
96370.749497,27429
96370.759485,27430
96370.770411,27431
96370.780120,27432
96370.790064,27433
96370.801454,27434
96370.811320,27435
96370.823229,27436
96370.832926,27437
96370.842667,27438
96370.853543,27439
96370.863993,27440
96370.873813,27441
96370.883059,27442
96370.893842,27443
96370.905110,27444
96370.914858,27445
96370.924547,27446
96370.935740,27447
96370.945060,27448
96370.955524,27449
96370.967750,27450
96370.977803,27451
96370.987743,27452
96370.997432,27453
96371.007127,27454
96371.016856,27455
96371.026741,27456
96371.036398,27457
96371.047145,27458
96371.056747,27459
96371.066356,27460
96371.077608,27461
96371.087595,27462
96371.097871,27463
96371.107729,27464
96371.118039,27465
96371.127404,27466
96371.139294,27467
96371.151582,27468
96371.162007,27469
96371.173185,27470
96371.182762,27471
96371.192346,27472
96371.203190,27473
96371.213145,27474
96371.223432,27475
96371.234285,27476
96371.246827,27477
96371.259281,27478
96371.271999,27479
96371.283037,27480
96371.294167,27481
96371.304042,27482
96371.314277,27483
96371.323798,27484
96371.333894,27485
96371.343343,27486
96371.353034,27487
96371.363529,27488
96371.373110,27489
96371.383705,27490
96371.394343,27491
96371.405159,27492
96371.414947,27493
96371.424872,27494
96371.435397,27495
96371.445135,27496
96371.456073,27497
96371.466997,27498
96371.476579,27499
96375.661812,27500
96375.681075,27501
96375.695710,27502
96375.711048,27503
96375.727740,27504
96375.744388,27505
96375.759755,27506
96375.775612,27507
96375.789969,27508
96375.804939,27509
96375.820572,27510
96375.831854,27511
96375.846744,27512
96375.862431,27513
96375.878736,27514
96375.894944,27515
96375.908137,27516
96375.924655,27517
96375.941764,27518
96375.957873,27519
96375.973369,27520
96375.989371,27521
96376.004791,27522
96376.021470,27523
96376.036762,27524
96376.047661,27525
96376.064153,27526
96376.079679,27527
96376.094785,27528
96376.110270,27529
96376.124774,27530
96376.140872,27531
96376.155559,27532
96376.171126,27533
96376.181980,27534
96376.196730,27535
96376.210715,27536
96376.226348,27537
96376.241423,27538
96376.256617,27539
96376.271533,27540
96376.287672,27541
96376.303214,27542
96376.318660,27543
96376.333887,27544
96376.348821,27545
96376.363605,27546
96376.378665,27547
96376.393604,27548
96376.408761,27549
96376.423062,27550
96376.438040,27551
96376.452962,27552
96376.469962,27553
96376.479913,27554
96376.495670,27555
96376.511222,27556
96376.526702,27557
96376.541443,27558
96376.556277,27559
96376.572280,27560
96376.582888,27561
96376.597710,27562
96376.612848,27563
96376.628511,27564
96376.643919,27565
96376.659247,27566
96376.673585,27567
96376.688575,27568
96376.704046,27569
96376.719599,27570
96376.734792,27571
96376.749430,27572
96376.763763,27573
96376.779860,27574
96376.795615,27575
96376.812389,27576
96376.828570,27577
96376.845262,27578
96376.861254,27579
96376.872684,27580
96376.889677,27581
96376.906554,27582
96376.925343,27583
96376.941708,27584
96376.957810,27585
96376.968983,27586
96376.984978,27587
96377.001616,27588
96377.012482,27589
96377.028829,27590
96377.044779,27591
96377.061317,27592
96377.078415,27593
96377.089081,27594
96377.105601,27595
96377.116371,27596
96377.133494,27597
96377.150447,27598
96377.166767,27599
96377.185089,27600
96377.195468,27601
96377.205815,27602
96377.218358,27603
96377.227757,27604
96377.238385,27605
96377.249090,27606
96377.260999,27607
96377.273540,27608
96377.286099,27609
96377.297188,27610
96377.310365,27611
96377.320531,27612
96377.331855,27613
96377.344118,27614
96377.353846,27615
96377.364823,27616
96377.374783,27617
96377.384744,27618
96377.397845,27619
96377.410551,27620
96377.423096,27621
96377.433502,27622
96377.444545,27623
96377.454668,27624
96377.469114,27625
96377.481776,27626
96377.492678,27627
96377.502657,27628
96377.514008,27629
96377.526761,27630
96377.540532,27631
96377.550634,27632
96377.563120,27633
96377.573416,27634
96377.583833,27635
96377.596105,27636
96377.606845,27637
96377.618070,27638
96377.629483,27639
96377.639848,27640
96377.653009,27641
96377.667943,27642
96377.681967,27643
96377.693382,27644
96377.704754,27645
96377.714988,27646
96377.725080,27647
96377.740178,27648
96377.751885,27649
96377.764100,27650
96377.775025,27651
96377.787475,27652
96377.800138,27653
96377.810842,27654
96377.821220,27655
96377.834366,27656
96377.845177,27657
96377.855179,27658
96377.865344,27659
96377.878716,27660
96377.889784,27661
96377.899766,27662
96377.909295,27663
96377.918790,27664
96377.928336,27665
96377.938126,27666
96377.948167,27667
96377.957755,27668
96377.969653,27669
96377.981827,27670
96377.992494,27671
96378.003745,27672
96378.014549,27673
96378.026090,27674
96378.036206,27675
96378.045340,27676
96378.058432,27677
96378.071318,27678
96378.081593,27679
96378.093039,27680
96378.104075,27681
96378.114979,27682
96378.127816,27683
96378.141079,27684
96378.154727,27685
96378.164519,27686
96378.174797,27687
96378.185111,27688
96378.195513,27689
96378.205391,27690
96378.215148,27691
96378.225333,27692
96378.237577,27693
96378.247648,27694
96378.258758,27695
96378.268975,27696
96378.279381,27697
96378.289837,27698
96378.303513,27699
96378.316840,27700
96378.327431,27701
96378.338506,27702
96378.350104,27703
96378.359893,27704
96378.372056,27705
96378.382999,27706
96378.393261,27707
96378.406881,27708
96378.417579,27709
96378.432452,27710
96378.442756,27711
96378.453262,27712
96378.463137,27713
96378.473942,27714
96378.487217,27715
96378.498422,27716
96378.508538,27717
96378.521839,27718
96378.534495,27719
96378.544757,27720
96378.555279,27721
96378.566718,27722
96378.577391,27723
96378.587219,27724
96378.599392,27725
96378.609777,27726
96378.620225,27727
96378.633701,27728
96378.643550,27729
96378.653890,27730
96378.664123,27731
96378.678008,27732
96378.690537,27733
96378.702626,27734
96378.713272,27735
96378.723107,27736
96378.735145,27737
96378.745633,27738
96378.755881,27739
96378.765294,27740
96378.775200,27741
96378.787482,27742
96378.797083,27743
96378.807599,27744
96378.817721,27745
96378.829762,27746
96378.841518,27747
96378.852310,27748
96378.862755,27749
96382.507690,27750
96382.521236,27751
96382.537714,27752
96382.554225,27753
96382.568050,27754
96382.582530,27755
96382.595832,27756
96382.609593,27757
96382.623323,27758
96382.636829,27759
96382.650549,27760
96382.664476,27761
96382.678260,27762
96382.695845,27763
96382.709918,27764
96382.723904,27765
96382.738985,27766
96382.752230,27767
96382.766301,27768
96382.785404,27769
96382.800586,27770
96382.817778,27771
96382.832926,27772
96382.848673,27773
96382.863969,27774
96382.878513,27775
96382.896460,27776
96382.911030,27777
96382.925199,27778
96382.944547,27779
96382.959730,27780
96382.977350,27781
96382.993356,27782
96383.007766,27783
96383.022905,27784
96383.038387,27785
96383.054200,27786
96383.068412,27787
96383.083058,27788
96383.100604,27789
96383.118793,27790
96383.134549,27791
96383.149182,27792
96383.164569,27793
96383.180924,27794
96383.196471,27795
96383.212266,27796
96383.229191,27797
96383.245859,27798
96383.261864,27799
96383.282379,27800
96383.300414,27801
96383.318240,27802
96383.338200,27803
96383.353994,27804
96383.370724,27805
96383.387189,27806
96383.403495,27807
96383.421654,27808
96383.439267,27809
96383.455803,27810
96383.472873,27811
96383.489044,27812
96383.509074,27813
96383.525338,27814
96383.545854,27815
96383.563539,27816
96383.580675,27817
96383.600729,27818
96383.617865,27819
96383.636396,27820
96383.656698,27821
96383.673865,27822
96383.693236,27823
96383.712323,27824
96383.728767,27825
96383.746551,27826
96383.766680,27827
96383.783832,27828
96383.803062,27829
96383.822942,27830
96383.841477,27831
96383.861930,27832
96383.881407,27833
96383.899454,27834
96383.920429,27835
96383.938477,27836
96383.956074,27837
96383.975189,27838
96383.992064,27839
96384.011090,27840
96384.033135,27841
96384.054524,27842
96384.077306,27843
96384.096688,27844
96384.115350,27845
96384.134423,27846
96384.153457,27847
96384.171076,27848
96384.190675,27849
96384.215191,27850
96384.228727,27851
96384.242009,27852
96384.257925,27853
96384.272014,27854
96384.285892,27855
96384.301445,27856
96384.317416,27857
96384.332275,27858
96384.346617,27859
96384.360524,27860
96384.375869,27861
96384.389674,27862
96384.404363,27863
96384.418294,27864
96384.433305,27865
96384.446917,27866
96384.461358,27867
96384.478242,27868
96384.492202,27869
96384.507520,27870
96384.522905,27871
96384.538875,27872
96384.552412,27873
96384.569617,27874
96384.583535,27875
96384.599840,27876
96384.616065,27877
96384.634355,27878
96384.648767,27879
96384.666300,27880
96384.682975,27881
96384.697706,27882
96384.710995,27883
96384.724954,27884
96384.738215,27885
96384.754151,27886
96384.770502,27887
96384.783923,27888
96384.799228,27889
96384.812687,27890
96384.825533,27891
96384.838609,27892
96384.853617,27893
96384.866575,27894
96384.879779,27895
96384.893384,27896
96384.905978,27897
96384.918750,27898
96384.930403,27899
96384.946404,27900
96384.959285,27901
96384.972197,27902
96384.984473,27903
96384.999416,27904
96385.011754,27905
96385.025710,27906
96385.038149,27907
96385.052423,27908
96385.071295,27909
96385.086832,27910
96385.102153,27911
96385.115393,27912
96385.129030,27913
96385.145219,27914
96385.161484,27915
96385.174673,27916
96385.187912,27917
96385.203311,27918
96385.216419,27919
96385.231924,27920
96385.246310,27921
96385.259977,27922
96385.272931,27923
96385.286729,27924
96385.302097,27925
96385.316493,27926
96385.331891,27927
96385.347272,27928
96385.363742,27929
96385.378763,27930
96385.395150,27931
96385.412019,27932
96385.428495,27933
96385.443773,27934
96385.457822,27935
96385.474886,27936
96385.491952,27937
96385.506635,27938
96385.520809,27939
96385.535942,27940
96385.550822,27941
96385.567925,27942
96385.583011,27943
96385.600899,27944
96385.617913,27945
96385.634930,27946
96385.650677,27947
96385.666708,27948
96385.682870,27949
96385.699010,27950
96385.712037,27951
96385.725048,27952
96385.740682,27953
96385.756252,27954
96385.771308,27955
96385.784633,27956
96385.797233,27957
96385.811638,27958
96385.827904,27959
96385.842582,27960
96385.858427,27961
96385.876156,27962
96385.892999,27963
96385.908185,27964
96385.925808,27965
96385.940479,27966
96385.955343,27967
96385.970373,27968
96385.987957,27969
96386.001288,27970
96386.018880,27971
96386.033485,27972
96386.050538,27973
96386.065059,27974
96386.079431,27975
96386.094046,27976
96386.108432,27977
96386.123567,27978
96386.137449,27979
96386.151564,27980
96386.165540,27981
96386.180379,27982
96386.193347,27983
96386.208750,27984
96386.221335,27985
96386.235951,27986
96386.249614,27987
96386.262453,27988
96386.277179,27989
96386.290970,27990
96386.305809,27991
96386.322569,27992
96386.336836,27993
96386.352373,27994
96386.367742,27995
96386.381642,27996
96386.394727,27997
96386.408076,27998
96386.423782,27999
96389.375648,28000
96389.386441,28001
96389.396212,28002
96389.406621,28003
96389.416388,28004
96389.426228,28005
96389.436727,28006
96389.447029,28007
96389.457000,28008
96389.466896,28009
96389.476435,28010
96389.486823,28011
96389.496960,28012
96389.507087,28013
96389.517153,28014
96389.527847,28015
96389.537963,28016
96389.547839,28017
96389.558489,28018
96389.567975,28019
96389.578147,28020
96389.587589,28021
96389.597740,28022
96389.607572,28023
96389.617744,28024
96389.627636,28025
96389.637938,28026
96389.648992,28027
96389.658565,28028
96389.668485,28029
96389.678798,28030
96389.688352,28031
96389.698323,28032
96389.708212,28033
96389.718098,28034
96389.727682,28035
96389.738679,28036
96389.748803,28037
96389.758906,28038
96389.768418,28039
96389.778069,28040
96389.788466,28041
96389.798482,28042
96389.808892,28043
96389.818864,28044
96389.828221,28045
96389.837527,28046
96389.846757,28047
96389.856817,28048
96389.866118,28049
96389.876330,28050
96389.885705,28051
96389.895080,28052
96389.904444,28053
96389.914215,28054
96389.923402,28055
96389.933475,28056
96389.943163,28057
96389.952799,28058
96389.962130,28059
96389.972080,28060
96389.981755,28061
96389.993417,28062
96390.004146,28063
96390.015039,28064
96390.024568,28065
96390.034545,28066
96390.044101,28067
96390.054310,28068
96390.063706,28069
96390.073105,28070
96390.082837,28071
96390.093395,28072
96390.103012,28073
96390.112970,28074
96390.122413,28075
96390.131753,28076
96390.141577,28077
96390.151868,28078
96390.161244,28079
96390.171164,28080
96390.180436,28081
96390.190456,28082
96390.199643,28083
96390.209404,28084
96390.218874,28085
96390.228683,28086
96390.238581,28087
96390.247823,28088
96390.257663,28089
96390.267828,28090
96390.277155,28091
96390.287464,28092
96390.296965,28093
96390.306341,28094
96390.315827,28095
96390.325623,28096
96390.334889,28097
96390.344919,28098
96390.354730,28099
96390.366558,28100
96390.375843,28101
96390.385759,28102
96390.395240,28103
96390.405229,28104
96390.414444,28105
96390.423924,28106
96390.433601,28107
96390.444217,28108
96390.454457,28109
96390.464110,28110
96390.473565,28111
96390.482883,28112
96390.492466,28113
96390.502685,28114
96390.512153,28115
96390.521936,28116
96390.531620,28117
96390.540943,28118
96390.550283,28119
96390.560422,28120
96390.570203,28121
96390.580381,28122
96390.590010,28123
96390.599882,28124
96390.609572,28125
96390.619711,28126
96390.629324,28127
96390.638969,28128
96390.648830,28129
96390.658276,28130
96390.667451,28131
96390.677464,28132
96390.686860,28133
96390.697345,28134
96390.706668,28135
96390.716355,28136
96390.725733,28137
96390.735623,28138
96390.744853,28139
96390.754928,28140
96390.764558,28141
96390.774257,28142
96390.783461,28143
96390.793273,28144
96390.802537,28145
96390.812679,28146
96390.822517,28147
96390.832579,28148
96390.842295,28149
96390.853054,28150
96390.862544,28151
96390.872550,28152
96390.882445,28153
96390.892498,28154
96390.902585,28155
96390.913071,28156
96390.923162,28157
96390.934105,28158
96390.943982,28159
96390.953888,28160
96390.963529,28161
96390.973756,28162
96390.983631,28163
96390.993902,28164
96391.003433,28165
96391.013342,28166
96391.022963,28167
96391.033007,28168
96391.042921,28169
96391.052970,28170
96391.063911,28171
96391.073845,28172
96391.083825,28173
96391.094615,28174
96391.104953,28175
96391.115260,28176
96391.125467,28177
96391.135676,28178
96391.145661,28179
96391.156550,28180
96391.166813,28181
96391.177227,28182
96391.187594,28183
96391.198085,28184
96391.207930,28185
96391.218513,28186
96391.227717,28187
96391.237387,28188
96391.246910,28189
96391.256298,28190
96391.265556,28191
96391.275376,28192
96391.284673,28193
96391.294749,28194
96391.303981,28195
96391.313387,28196
96391.323063,28197
96391.333245,28198
96391.342450,28199
96391.354188,28200
96391.364149,28201
96391.374250,28202
96391.383434,28203
96391.393242,28204
96391.403057,28205
96391.413312,28206
96391.422591,28207
96391.431813,28208
96391.441279,28209
96391.451181,28210
96391.461199,28211
96391.471316,28212
96391.480589,28213
96391.489812,28214
96391.498924,28215
96391.508887,28216
96391.518501,28217
96391.528145,28218
96391.537811,28219
96391.547263,28220
96391.556732,28221
96391.567209,28222
96391.576583,28223
96391.586951,28224
96391.596906,28225
96391.606364,28226
96391.615740,28227
96391.625761,28228
96391.635296,28229
96391.645545,28230
96391.655759,28231
96391.665349,28232
96391.674951,28233
96391.685116,28234
96391.694474,28235
96391.704705,28236
96391.714457,28237
96391.724008,28238
96391.733427,28239
96391.743307,28240
96391.753112,28241
96391.763108,28242
96391.773358,28243
96391.783885,28244
96391.793931,28245
96391.804709,28246
96391.814510,28247
96391.825096,28248
96391.834750,28249
96395.558765,28250
96395.569678,28251
96395.580295,28252
96395.590792,28253
96395.600962,28254
96395.610892,28255
96395.623793,28256
96395.633705,28257
96395.644246,28258
96395.654410,28259
96395.664543,28260
96395.674768,28261
96395.685426,28262
96395.696204,28263
96395.708211,28264
96395.719675,28265
96395.729722,28266
96395.741876,28267
96395.752081,28268
96395.761638,28269
96395.771343,28270
96395.781147,28271
96395.793052,28272
96395.802919,28273
96395.813173,28274
96395.823607,28275
96395.835897,28276
96395.847798,28277
96395.859316,28278
96395.870514,28279
96395.879946,28280
96395.892715,28281
96395.902820,28282
96395.915453,28283
96395.926198,28284
96395.936461,28285
96395.946462,28286
96395.957891,28287
96395.972597,28288
96395.984780,28289
96395.999236,28290
96396.011450,28291
96396.024573,28292
96396.038401,28293
96396.051589,28294
96396.064232,28295
96396.074106,28296
96396.087102,28297
96396.098993,28298
96396.111602,28299
96396.123156,28300
96396.138908,28301
96396.152254,28302
96396.165267,28303
96396.175461,28304
96396.188015,28305
96396.201488,28306
96396.213080,28307
96396.226032,28308
96396.235722,28309
96396.251271,28310
96396.265750,28311
96396.277683,28312
96396.290168,28313
96396.304154,28314
96396.317488,28315
96396.334572,28316
96396.348247,28317
96396.361274,28318
96396.374764,28319
96396.388224,28320
96396.398006,28321
96396.410202,28322
96396.424414,28323
96396.434664,28324
96396.450158,28325
96396.465143,28326
96396.478790,28327
96396.493423,28328
96396.507479,28329
96396.517628,28330
96396.532223,28331
96396.542602,28332
96396.553399,28333
96396.568116,28334
96396.584249,28335
96396.598456,28336
96396.608564,28337
96396.618380,28338
96396.633678,28339
96396.648224,28340
96396.662108,28341
96396.672121,28342
96396.687854,28343
96396.702249,28344
96396.717389,28345
96396.730707,28346
96396.744884,28347
96396.759332,28348
96396.768638,28349
96396.785570,28350
96396.795930,28351
96396.806348,28352
96396.818041,28353
96396.828524,28354
96396.839766,28355
96396.849573,28356
96396.859787,28357
96396.870323,28358
96396.879884,28359
96396.889858,28360
96396.900188,28361
96396.910945,28362
96396.922321,28363
96396.932814,28364
96396.942201,28365
96396.951766,28366
96396.962651,28367
96396.972066,28368
96396.981041,28369
96396.990927,28370
96397.000215,28371
96397.009487,28372
96397.019472,28373
96397.028991,28374
96397.039920,28375
96397.050846,28376
96397.060179,28377
96397.070132,28378
96397.080755,28379
96397.091076,28380
96397.101775,28381
96397.112425,28382
96397.125145,28383
96397.136784,28384
96397.148785,28385
96397.160430,28386
96397.171919,28387
96397.182411,28388
96397.192231,28389
96397.203591,28390
96397.214189,28391
96397.226159,28392
96397.235589,28393
96397.245165,28394
96397.254782,28395
96397.265586,28396
96397.275321,28397
96397.285200,28398
96397.296371,28399
96397.305837,28400
96397.314977,28401
96397.325510,28402
96397.337552,28403
96397.348638,28404
96397.358254,28405
96397.368845,28406
96397.380820,28407
96397.390756,28408
96397.402367,28409
96397.412821,28410
96397.422483,28411
96397.431517,28412
96397.441954,28413
96397.452238,28414
96397.462588,28415
96397.471963,28416
96397.483035,28417
96397.492561,28418
96397.505564,28419
96397.516755,28420
96397.527177,28421
96397.536702,28422
96397.547913,28423
96397.558298,28424
96397.568328,28425
96397.579874,28426
96397.589738,28427
96397.602517,28428
96397.612698,28429
96397.622685,28430
96397.632868,28431
96397.645703,28432
96397.657195,28433
96397.666514,28434
96397.676328,28435
96397.687038,28436
96397.696685,28437
96397.706908,28438
96397.718272,28439
96397.727784,28440
96397.737246,28441
96397.748038,28442
96397.757535,28443
96397.766983,28444
96397.777740,28445
96397.787131,28446
96397.798640,28447
96397.811331,28448
96397.821376,28449
96397.833102,28450
96397.842745,28451
96397.852140,28452
96397.863530,28453
96397.874357,28454
96397.884315,28455
96397.897238,28456
96397.906680,28457
96397.916710,28458
96397.927437,28459
96397.938323,28460
96397.948401,28461
96397.958655,28462
96397.969274,28463
96397.981501,28464
96397.991729,28465
96398.003271,28466
96398.013076,28467
96398.025620,28468
96398.035372,28469
96398.046316,28470
96398.055669,28471
96398.067598,28472
96398.079007,28473
96398.091325,28474
96398.101744,28475
96398.110853,28476
96398.121914,28477
96398.131286,28478
96398.142043,28479
96398.151643,28480
96398.161761,28481
96398.171339,28482
96398.181368,28483
96398.192087,28484
96398.203434,28485
96398.213487,28486
96398.224688,28487
96398.236450,28488
96398.246134,28489
96398.257089,28490
96398.266953,28491
96398.276561,28492
96398.286317,28493
96398.298342,28494
96398.307787,28495
96398.317431,28496
96398.327690,28497
96398.337129,28498
96398.348089,28499
96402.450445,28500
96402.461245,28501
96402.474970,28502
96402.486265,28503
96402.497739,28504
96402.511905,28505
96402.524525,28506
96402.536474,28507
96402.550839,28508
96402.564351,28509
96402.579510,28510
96402.593260,28511
96402.605382,28512
96402.621184,28513
96402.637843,28514
96402.651835,28515
96402.666205,28516
96402.677340,28517
96402.691551,28518
96402.706951,28519
96402.721661,28520
96402.736047,28521
96402.749557,28522
96402.761573,28523
96402.772624,28524
96402.787118,28525
96402.802598,28526
96402.814086,28527
96402.830283,28528
96402.846564,28529
96402.859872,28530
96402.871118,28531
96402.887162,28532
96402.901633,28533
96402.912623,28534
96402.924438,28535
96402.936082,28536
96402.951724,28537
96402.966983,28538
96402.979086,28539
96402.989798,28540
96403.001875,28541
96403.015726,28542
96403.030664,28543
96403.043842,28544
96403.056120,28545
96403.069927,28546
96403.081947,28547
96403.098637,28548
96403.114637,28549
96403.127653,28550
96403.144054,28551
96403.160091,28552
96403.174622,28553
96403.189312,28554
96403.205125,28555
96403.216588,28556
96403.229565,28557
96403.244687,28558
96403.259772,28559
96403.276502,28560
96403.288196,28561
96403.299884,28562
96403.316280,28563
96403.333110,28564
96403.348075,28565
96403.360599,28566
96403.377047,28567
96403.394217,28568
96403.410747,28569
96403.427277,28570
96403.444839,28571
96403.461116,28572
96403.476851,28573
96403.493708,28574
96403.507710,28575
96403.523808,28576
96403.540624,28577
96403.557828,28578
96403.574800,28579
96403.591881,28580
96403.608509,28581
96403.624868,28582
96403.637276,28583
96403.652096,28584
96403.669616,28585
96403.685840,28586
96403.702314,28587
96403.719218,28588
96403.735281,28589
96403.752289,28590
96403.765754,28591
96403.783077,28592
96403.799253,28593
96403.816340,28594
96403.832500,28595
96403.848681,28596
96403.865792,28597
96403.882278,28598
96403.899837,28599
96403.917537,28600
96403.929479,28601
96403.939924,28602
96403.951038,28603
96403.963935,28604
96403.976902,28605
96403.989739,28606
96404.001250,28607
96404.014396,28608
96404.025545,28609
96404.039300,28610
96404.050389,28611
96404.063667,28612
96404.077238,28613
96404.089537,28614
96404.099858,28615
96404.110877,28616
96404.120776,28617
96404.130742,28618
96404.140785,28619
96404.154246,28620
96404.165925,28621
96404.177211,28622
96404.188091,28623
96404.198603,28624
96404.208908,28625
96404.220459,28626
96404.231250,28627
96404.244372,28628
96404.258553,28629
96404.270930,28630
96404.284767,28631
96404.295029,28632
96404.309267,28633
96404.322071,28634
96404.332646,28635
96404.343415,28636
96404.355048,28637
96404.367302,28638
96404.379519,28639
96404.391358,28640
96404.401754,28641
96404.412892,28642
96404.424377,28643
96404.435839,28644
96404.448780,28645
96404.462139,28646
96404.474804,28647
96404.487188,28648
96404.498090,28649
96404.508307,28650
96404.521653,28651
96404.535029,28652
96404.545731,28653
96404.559998,28654
96404.570752,28655
96404.582457,28656
96404.592622,28657
96404.607646,28658
96404.618534,28659
96404.631734,28660
96404.645157,28661
96404.656259,28662
96404.666525,28663
96404.678320,28664
96404.688753,28665
96404.699823,28666
96404.713806,28667
96404.724242,28668
96404.734767,28669
96404.744475,28670
96404.755469,28671
96404.766847,28672
96404.778465,28673
96404.788783,28674
96404.799034,28675
96404.813042,28676
96404.824127,28677
96404.835564,28678
96404.850219,28679
96404.863060,28680
96404.873795,28681
96404.884781,28682
96404.896408,28683
96404.906576,28684
96404.920995,28685
96404.932805,28686
96404.943925,28687
96404.958578,28688
96404.971048,28689
96404.982217,28690
96404.993024,28691
96405.003736,28692
96405.016496,28693
96405.030797,28694
96405.043349,28695
96405.056550,28696
96405.071558,28697
96405.085670,28698
96405.096016,28699
96405.110039,28700
96405.123729,28701
96405.134724,28702
96405.147395,28703
96405.158662,28704
96405.168728,28705
96405.182138,28706
96405.197250,28707
96405.210859,28708
96405.223335,28709
96405.235131,28710
96405.245435,28711
96405.258835,28712
96405.269989,28713
96405.282804,28714
96405.297807,28715
96405.309116,28716
96405.320267,28717
96405.331154,28718
96405.341620,28719
96405.353541,28720
96405.366147,28721
96405.378446,28722
96405.389800,28723
96405.402773,28724
96405.413519,28725
96405.424537,28726
96405.438560,28727
96405.448911,28728
96405.461123,28729
96405.472309,28730
96405.484702,28731
96405.495674,28732
96405.508229,28733
96405.520846,28734
96405.531443,28735
96405.544602,28736
96405.554944,28737
96405.565980,28738
96405.577710,28739
96405.589389,28740
96405.600466,28741
96405.612284,28742
96405.626652,28743
96405.642751,28744
96405.654259,28745
96405.664949,28746
96405.675557,28747
96405.689534,28748
96405.700559,28749
96409.526626,28750
96409.539588,28751
96409.552326,28752
96409.567207,28753
96409.579886,28754
96409.595236,28755
96409.608924,28756
96409.623094,28757
96409.636823,28758
96409.651715,28759
96409.668714,28760
96409.683570,28761
96409.697801,28762
96409.711877,28763
96409.729336,28764
96409.744070,28765
96409.758430,28766
96409.772312,28767
96409.786858,28768
96409.802238,28769
96409.815928,28770
96409.831785,28771
96409.846268,28772
96409.860163,28773
96409.876501,28774
96409.891179,28775
96409.907268,28776
96409.921453,28777
96409.936963,28778
96409.952021,28779
96409.968462,28780
96409.983312,28781
96409.999465,28782
96410.014246,28783
96410.031828,28784
96410.047349,28785
96410.064603,28786
96410.080850,28787
96410.097639,28788
96410.114878,28789
96410.131308,28790
96410.146416,28791
96410.162392,28792
96410.179224,28793
96410.196731,28794
96410.213198,28795
96410.229495,28796
96410.246456,28797
96410.261713,28798
96410.278017,28799
96410.294361,28800
96410.311714,28801
96410.328666,28802
96410.344781,28803
96410.361821,28804
96410.379196,28805
96410.396590,28806
96410.413382,28807
96410.430952,28808
96410.448246,28809
96410.465491,28810
96410.483496,28811
96410.501965,28812
96410.519444,28813
96410.537651,28814
96410.553648,28815
96410.570658,28816
96410.589422,28817
96410.606733,28818
96410.625643,28819
96410.644663,28820
96410.662816,28821
96410.679845,28822
96410.698251,28823
96410.716307,28824
96410.735573,28825
96410.754801,28826
96410.772903,28827
96410.789606,28828
96410.808446,28829
96410.826814,28830
96410.845475,28831
96410.863773,28832
96410.881320,28833
96410.897953,28834
96410.914598,28835
96410.932954,28836
96410.951617,28837
96410.967942,28838
96410.986195,28839
96411.006083,28840
96411.024613,28841
96411.043731,28842
96411.061810,28843
96411.078474,28844
96411.097512,28845
96411.116878,28846
96411.134779,28847
96411.152882,28848
96411.170516,28849
96411.190970,28850
96411.205046,28851
96411.220045,28852
96411.234405,28853
96411.250783,28854
96411.266255,28855
96411.281831,28856
96411.297797,28857
96411.313351,28858
96411.328517,28859
96411.344627,28860
96411.359869,28861
96411.375394,28862
96411.391435,28863
96411.408795,28864
96411.423902,28865
96411.440457,28866
96411.456622,28867
96411.472569,28868
96411.487955,28869
96411.504197,28870
96411.518495,28871
96411.534741,28872
96411.551453,28873
96411.566754,28874
96411.581096,28875
96411.595577,28876
96411.611587,28877
96411.628670,28878
96411.643033,28879
96411.659888,28880
96411.675905,28881
96411.692785,28882
96411.708688,28883
96411.723100,28884
96411.738088,28885
96411.752774,28886
96411.768283,28887
96411.783640,28888
96411.799913,28889
96411.817354,28890
96411.833614,28891
96411.849225,28892
96411.866320,28893
96411.883235,28894
96411.899660,28895
96411.914751,28896
96411.929212,28897
96411.943454,28898
96411.958978,28899
96411.974374,28900
96411.991045,28901
96412.006991,28902
96412.022706,28903
96412.038539,28904
96412.052724,28905
96412.068586,28906
96412.085062,28907
96412.103830,28908
96412.119477,28909
96412.135305,28910
96412.150517,28911
96412.166605,28912
96412.182390,28913
96412.199148,28914
96412.214612,28915
96412.230643,28916
96412.246185,28917
96412.261824,28918
96412.277222,28919
96412.293710,28920
96412.309406,28921
96412.324496,28922
96412.340874,28923
96412.356959,28924
96412.371415,28925
96412.386046,28926
96412.400057,28927
96412.415427,28928
96412.431652,28929
96412.447761,28930
96412.462599,28931
96412.478803,28932
96412.494695,28933
96412.510967,28934
96412.526365,28935
96412.541141,28936
96412.555200,28937
96412.570403,28938
96412.585796,28939
96412.601842,28940
96412.617708,28941
96412.635274,28942
96412.651008,28943
96412.666642,28944
96412.682932,28945
96412.699897,28946
96412.717195,28947
96412.733099,28948
96412.750409,28949
96412.768672,28950
96412.782648,28951
96412.799848,28952
96412.814843,28953
96412.831022,28954
96412.847508,28955
96412.864393,28956
96412.880085,28957
96412.896984,28958
96412.915172,28959
96412.930069,28960
96412.960060,28961
96412.981219,28962
96412.998080,28963
96413.014188,28964
96413.030955,28965
96413.046924,28966
96413.062131,28967
96413.077551,28968
96413.093729,28969
96413.109023,28970
96413.128060,28971
96413.142779,28972
96413.157935,28973
96413.173374,28974
96413.189232,28975
96413.204791,28976
96413.219625,28977
96413.235652,28978
96413.252436,28979
96413.270296,28980
96413.284862,28981
96413.304972,28982
96413.327743,28983
96413.346996,28984
96413.363338,28985
96413.378437,28986
96413.393871,28987
96413.411302,28988
96413.427785,28989
96413.443532,28990
96413.458523,28991
96413.475268,28992
96413.490592,28993
96413.505150,28994
96413.520628,28995
96413.535418,28996
96413.552333,28997
96413.567053,28998
96413.583099,28999
96415.688462,29250
96415.698297,29251
96415.707363,29252
96415.716455,29253
96415.725513,29254
96415.734689,29255
96415.744267,29256
96415.753591,29257
96415.763279,29258
96415.773219,29259
96415.782285,29260
96415.792287,29261
96415.801880,29262
96415.811599,29263
96415.821215,29264
96415.830774,29265
96415.840741,29266
96415.850776,29267
96415.860272,29268
96415.870127,29269
96415.879414,29270
96415.889645,29271
96415.898836,29272
96415.908767,29273
96415.917860,29274
96415.927710,29275
96415.938266,29276
96415.947636,29277
96415.957018,29278
96415.966918,29279
96415.976394,29280
96415.986152,29281
96415.995504,29282
96416.004579,29283
96416.014415,29284
96416.023822,29285
96416.033459,29286
96416.042970,29287
96416.052596,29288
96416.061817,29289
96416.071416,29290
96416.080484,29291
96416.089952,29292
96416.098979,29293
96416.108577,29294
96416.118437,29295
96416.127635,29296
96416.137291,29297
96416.146881,29298
96416.156633,29299
96416.168277,29300
96416.177985,29301
96416.187972,29302
96416.197276,29303
96416.207008,29304
96416.216641,29305
96416.226116,29306
96416.236244,29307
96416.245250,29308
96416.254919,29309
96416.264382,29310
96416.273971,29311
96416.283052,29312
96416.292791,29313
96416.302524,29314
96416.312717,29315
96416.322187,29316
96416.331726,29317
96416.341150,29318
96416.351068,29319
96416.360598,29320
96416.370565,29321
96416.379758,29322
96416.389481,29323
96416.398839,29324
96416.409277,29325
96416.418492,29326
96416.428302,29327
96416.437801,29328
96416.447218,29329
96416.456985,29330
96416.466630,29331
96416.476360,29332
96416.485994,29333
96416.495454,29334
96416.505015,29335
96416.514639,29336
96416.524215,29337
96416.533419,29338
96416.543334,29339
96416.553104,29340
96416.563097,29341
96416.573029,29342
96416.583116,29343
96416.593082,29344
96416.603346,29345
96416.613285,29346
96416.623654,29347
96416.633348,29348
96416.643478,29349
96416.653748,29350
96416.663700,29351
96416.673244,29352
96416.683458,29353
96416.693034,29354
96416.702912,29355
96416.712482,29356
96416.722507,29357
96416.731740,29358
96416.741393,29359
96416.751310,29360
96416.761486,29361
96416.771223,29362
96416.780851,29363
96416.790049,29364
96416.799802,29365
96416.809342,29366
96416.819163,29367
96416.829767,29368
96416.840140,29369
96416.849523,29370
96416.859378,29371
96416.869175,29372
96416.878805,29373
96416.888280,29374
96416.898082,29375
96416.907713,29376
96416.917732,29377
96416.927077,29378
96416.937253,29379
96416.946582,29380
96416.956435,29381
96416.966408,29382
96416.976075,29383
96416.986353,29384
96416.996446,29385
96417.006052,29386
96417.015745,29387
96417.025331,29388
96417.035423,29389
96417.045171,29390
96417.055251,29391
96417.064851,29392
96417.074641,29393
96417.083937,29394
96417.093593,29395
96417.103329,29396
96417.113164,29397
96417.122695,29398
96417.132700,29399
96417.144932,29400
96417.154645,29401
96417.164020,29402
96417.174319,29403
96417.185805,29404
96417.197604,29405
96417.208368,29406
96417.218853,29407
96417.228852,29408
96417.239121,29409
96417.248830,29410
96417.258725,29411
96417.268318,29412
96417.279269,29413
96417.289911,29414
96417.300258,29415
96417.309884,29416
96417.320508,29417
96417.329838,29418
96417.339433,29419
96417.348921,29420
96417.358704,29421
96417.368767,29422
96417.378572,29423
96417.388650,29424
96417.398380,29425
96417.407998,29426
96417.417705,29427
96417.427246,29428
96417.437200,29429
96417.446253,29430
96417.456220,29431
96417.465809,29432
96417.475807,29433
96417.485228,29434
96417.495338,29435
96417.504677,29436
96417.514824,29437
96417.525192,29438
96417.535550,29439
96417.545227,29440
96417.555213,29441
96417.564706,29442
96417.574753,29443
96417.584570,29444
96417.594900,29445
96417.605080,29446
96417.615095,29447
96417.625066,29448
96417.635328,29449
96417.645732,29450
96417.655748,29451
96417.665811,29452
96417.675570,29453
96417.685840,29454
96417.695680,29455
96417.704981,29456
96417.714889,29457
96417.724470,29458
96417.734583,29459
96417.744402,29460
96417.754337,29461
96417.763764,29462
96417.773293,29463
96417.782822,29464
96417.792681,29465
96417.802423,29466
96417.812477,29467
96417.821926,29468
96417.831636,29469
96417.841218,29470
96417.851227,29471
96417.861484,29472
96417.871606,29473
96417.881227,29474
96417.890867,29475
96417.900534,29476
96417.910489,29477
96417.920207,29478
96417.930447,29479
96417.940042,29480
96417.949732,29481
96417.959603,29482
96417.969762,29483
96417.979389,29484
96417.989535,29485
96417.999189,29486
96418.009245,29487
96418.018739,29488
96418.028679,29489
96418.038218,29490
96418.048418,29491
96418.057768,29492
96418.067381,29493
96418.077005,29494
96418.087397,29495
96418.097113,29496
96418.107285,29497
96418.116884,29498
96418.126706,29499
96421.832292,29500
96421.843259,29501
96421.854601,29502
96421.869156,29503
96421.880975,29504
96421.890633,29505
96421.902238,29506
96421.911764,29507
96421.921593,29508
96421.931802,29509
96421.942571,29510
96421.953087,29511
96421.963466,29512
96421.973615,29513
96421.983979,29514
96421.994435,29515
96422.004012,29516
96422.015523,29517
96422.025240,29518
96422.035395,29519
96422.045672,29520
96422.056802,29521
96422.066268,29522
96422.077187,29523
96422.087246,29524
96422.097906,29525
96422.107203,29526
96422.117838,29527
96422.127489,29528
96422.138142,29529
96422.147810,29530
96422.158306,29531
96422.168023,29532
96422.177288,29533
96422.188538,29534
96422.197994,29535
96422.207664,29536
96422.218684,29537
96422.228276,29538
96422.238793,29539
96422.248299,29540
96422.261523,29541
96422.273693,29542
96422.285249,29543
96422.295039,29544
96422.304487,29545
96422.315872,29546
96422.325555,29547
96422.336186,29548
96422.346148,29549
96422.357824,29550
96422.367016,29551
96422.376853,29552
96422.386764,29553
96422.396242,29554
96422.406097,29555
96422.416169,29556
96422.425954,29557
96422.436449,29558
96422.446374,29559
96422.457307,29560
96422.468441,29561
96422.478809,29562
96422.488844,29563
96422.499009,29564
96422.510337,29565
96422.522370,29566
96422.532524,29567
96422.543774,29568
96422.553203,29569
96422.564536,29570
96422.576405,29571
96422.586453,29572
96422.595945,29573
96422.609802,29574
96422.622401,29575
96422.632528,29576
96422.641920,29577
96422.654296,29578
96422.664062,29579
96422.674201,29580
96422.684143,29581
96422.694792,29582
96422.704694,29583
96422.715648,29584
96422.725417,29585
96422.735172,29586
96422.744583,29587
96422.755638,29588
96422.768273,29589
96422.778328,29590
96422.788160,29591
96422.797815,29592
96422.808073,29593
96422.817946,29594
96422.829431,29595
96422.839666,29596
96422.849488,29597
96422.860744,29598
96422.870013,29599
96422.880561,29600
96422.890314,29601
96422.899605,29602
96422.909725,29603
96422.920159,29604
96422.929533,29605
96422.939815,29606
96422.949199,29607
96422.959095,29608
96422.968659,29609
96422.978624,29610
96422.988157,29611
96422.998413,29612
96423.008402,29613
96423.017915,29614
96423.028669,29615
96423.037994,29616
96423.049460,29617
96423.059116,29618
96423.070679,29619
96423.081377,29620
96423.091185,29621
96423.101090,29622
96423.112575,29623
96423.122134,29624
96423.132469,29625
96423.142192,29626
96423.151370,29627
96423.160827,29628
96423.171129,29629
96423.182661,29630
96423.192927,29631
96423.204896,29632
96423.214137,29633
96423.224159,29634
96423.233233,29635
96423.243011,29636
96423.253163,29637
96423.263326,29638
96423.273211,29639
96423.284196,29640
96423.295359,29641
96423.306737,29642
96423.315864,29643
96423.326683,29644
96423.336345,29645
96423.346845,29646
96423.357369,29647
96423.367116,29648
96423.377284,29649
96423.389564,29650
96423.398717,29651
96423.409278,29652
96423.419277,29653
96423.429551,29654
96423.439488,29655
96423.450025,29656
96423.460055,29657
96423.470862,29658
96423.481143,29659
96423.490873,29660
96423.501460,29661
96423.510718,29662
96423.520068,29663
96423.530712,29664
96423.540516,29665
96423.550442,29666
96423.561252,29667
96423.571146,29668
96423.580570,29669
96423.590042,29670
96423.600623,29671
96423.609759,29672
96423.619660,29673
96423.630264,29674
96423.640456,29675
96423.650710,29676
96423.660796,29677
96423.670577,29678
96423.681948,29679
96423.691603,29680
96423.701055,29681
96423.710801,29682
96423.720264,29683
96423.730247,29684
96423.740124,29685
96423.749817,29686
96423.759484,29687
96423.770035,29688
96423.781795,29689
96423.793990,29690
96423.803901,29691
96423.814381,29692
96423.823927,29693
96423.835954,29694
96423.847594,29695
96423.857117,29696
96423.866509,29697
96423.877307,29698
96423.886801,29699
96423.898236,29700
96423.909325,29701
96423.919300,29702
96423.929363,29703
96423.939563,29704
96423.949214,29705
96423.959592,29706
96423.969949,29707
96423.980861,29708
96423.990705,29709
96424.001732,29710
96424.013009,29711
96424.023041,29712
96424.033970,29713
96424.043735,29714
96424.053869,29715
96424.063830,29716
96424.073204,29717
96424.083847,29718
96424.093811,29719
96424.105851,29720
96424.115333,29721
96424.128423,29722
96424.141022,29723
96424.152114,29724
96424.162509,29725
96424.173252,29726
96424.182570,29727
96424.192335,29728
96424.202556,29729
96424.212888,29730
96424.221982,29731
96424.232129,29732
96424.243677,29733
96424.253315,29734
96424.263722,29735
96424.273230,29736
96424.284713,29737
96424.294239,29738
96424.303610,29739
96424.315759,29740
96424.327291,29741
96424.337635,29742
96424.347068,29743
96424.357399,29744
96424.366690,29745
96424.378178,29746
96424.388099,29747
96424.397873,29748
96424.408273,29749
96428.410358,29750
96428.422175,29751
96428.436761,29752
96428.446908,29753
96428.459563,29754
96428.470380,29755
96428.481600,29756
96428.491511,29757
96428.502807,29758
96428.512886,29759
96428.526075,29760
96428.538271,29761
96428.548848,29762
96428.559447,29763
96428.573683,29764
96428.586202,29765
96428.600202,29766
96428.610189,29767
96428.622210,29768
96428.632687,29769
96428.644327,29770
96428.657625,29771
96428.668181,29772
96428.678553,29773
96428.691881,29774
96428.704192,29775
96428.713737,29776
96428.723926,29777
96428.733487,29778
96428.743205,29779
96428.752939,29780
96428.762769,29781
96428.772878,29782
96428.784606,29783
96428.795439,29784
96428.809346,29785
96428.819133,29786
96428.829038,29787
96428.838211,29788
96428.851274,29789
96428.863716,29790
96428.874771,29791
96428.884549,29792
96428.894975,29793
96428.904729,29794
96428.915216,29795
96428.925456,29796
96428.938435,29797
96428.948099,29798
96428.960908,29799
96428.973441,29800
96428.986795,29801
96428.999574,29802
96429.012273,29803
96429.024846,29804
96429.035318,29805
96429.048553,29806
96429.059239,29807
96429.069836,29808
96429.079508,29809
96429.091403,29810
96429.102825,29811
96429.114757,29812
96429.124716,29813
96429.137453,29814
96429.148697,29815
96429.158935,29816
96429.169436,29817
96429.179856,29818
96429.189970,29819
96429.199760,29820
96429.210084,29821
96429.222765,29822
96429.233357,29823
96429.244038,29824
96429.256892,29825
96429.266755,29826
96429.276262,29827
96429.285511,29828
96429.295446,29829
96429.308629,29830
96429.319322,29831
96429.329457,29832
96429.339678,29833
96429.351305,29834
96429.364440,29835
96429.377394,29836
96429.390909,29837
96429.401751,29838
96429.411940,29839
96429.423656,29840
96429.433524,29841
96429.444296,29842
96429.454223,29843
96429.465884,29844
96429.478014,29845
96429.488855,29846
96429.498534,29847
96429.509690,29848
96429.522360,29849
96429.533969,29850
96429.544059,29851
96429.554184,29852
96429.565278,29853
96429.579112,29854
96429.589572,29855
96429.599479,29856
96429.608955,29857
96429.622590,29858
96429.634446,29859
96429.644509,29860
96429.656791,29861
96429.669373,29862
96429.683444,29863
96429.693222,29864
96429.703526,29865
96429.712843,29866
96429.725049,29867
96429.736605,29868
96429.747870,29869
96429.758537,29870
96429.770335,29871
96429.783249,29872
96429.792658,29873
96429.802590,29874
96429.812458,29875
96429.824771,29876
96429.836913,29877
96429.850003,29878
96429.862848,29879
96429.873521,29880
96429.886230,29881
96429.895784,29882
96429.907625,29883
96429.922428,29884
96429.935334,29885
96429.948525,29886
96429.961317,29887
96429.971009,29888
96429.981220,29889
96429.995225,29890
96430.005241,29891
96430.015899,29892
96430.025947,29893
96430.038386,29894
96430.054243,29895
96430.064790,29896
96430.075609,29897
96430.086200,29898
96430.096667,29899
96430.109344,29900
96430.120184,29901
96430.129537,29902
96430.139629,29903
96430.152359,29904
96430.165712,29905
96430.179169,29906
96430.189968,29907
96430.203414,29908
96430.213245,29909
96430.223852,29910
96430.234283,29911
96430.246802,29912
96430.256353,29913
96430.266660,29914
96430.276597,29915
96430.286488,29916
96430.299036,29917
96430.311718,29918
96430.322306,29919
96430.332239,29920
96430.343509,29921
96430.353557,29922
96430.363732,29923
96430.373827,29924
96430.385154,29925
96430.396504,29926
96430.406710,29927
96430.416178,29928
96430.426614,29929
96430.436431,29930
96430.446234,29931
96430.456231,29932
96430.468765,29933
96430.479000,29934
96430.489570,29935
96430.502489,29936
96430.514033,29937
96430.525245,29938
96430.538578,29939
96430.550839,29940
96430.564634,29941
96430.574686,29942
96430.583981,29943
96430.595504,29944
96430.606415,29945
96430.615865,29946
96430.626143,29947
96430.635989,29948
96430.649066,29949
96430.658597,29950
96430.669303,29951
96430.681478,29952
96430.692283,29953
96430.704476,29954
96430.714214,29955
96430.725328,29956
96430.740977,29957
96430.754949,29958
96430.766358,29959
96430.776721,29960
96430.788631,29961
96430.798873,29962
96430.808852,29963
96430.821645,29964
96430.834348,29965
96430.849232,29966
96430.860366,29967
96430.872059,29968
96430.883028,29969
96430.893442,29970
96430.906407,29971
96430.916082,29972
96430.930586,29973
96430.941481,29974
96430.951734,29975
96430.964774,29976
96430.975023,29977
96430.989609,29978
96431.001068,29979
96431.014255,29980
96431.025804,29981
96431.035629,29982
96431.047792,29983
96431.060185,29984
96431.072545,29985
96431.082258,29986
96431.092366,29987
96431.108084,29988
96431.118192,29989
96431.130023,29990
96431.141269,29991
96431.151163,29992
96431.164349,29993
96431.176183,29994
96431.190325,29995
96431.200314,29996
96431.214047,29997
96431.224341,29998
96431.236881,29999
96434.800520,30000
96434.816722,30001
96434.832753,30002
96434.846420,30003
96434.862272,30004
96434.875258,30005
96434.891581,30006
96434.906545,30007
96434.922167,30008
96434.938046,30009
96434.951982,30010
96434.965631,30011
96434.978330,30012
96434.990892,30013
96435.005522,30014
96435.020293,30015
96435.034357,30016
96435.050577,30017
96435.065706,30018
96435.079408,30019
96435.091965,30020
96435.107248,30021
96435.120794,30022
96435.134942,30023
96435.148305,30024
96435.162027,30025
96435.175050,30026
96435.187656,30027
96435.200950,30028
96435.216758,30029
96435.232572,30030
96435.245901,30031
96435.260996,30032
96435.274402,30033
96435.290425,30034
96435.303318,30035
96435.317475,30036
96435.330708,30037
96435.346696,30038
96435.362628,30039
96435.375602,30040
96435.391904,30041
96435.405981,30042
96435.421472,30043
96435.436619,30044
96435.450197,30045
96435.464244,30046
96435.478508,30047
96435.492131,30048
96435.507745,30049
96435.525563,30050
96435.542299,30051
96435.557345,30052
96435.571694,30053
96435.585751,30054
96435.601056,30055
96435.616658,30056
96435.630319,30057
96435.645926,30058
96435.658215,30059
96435.671652,30060
96435.686949,30061
96435.701750,30062
96435.715977,30063
96435.728030,30064
96435.741828,30065
96435.755300,30066
96435.768848,30067
96435.782021,30068
96435.796202,30069
96435.811623,30070
96435.825666,30071
96435.839025,30072
96435.852024,30073
96435.865451,30074
96435.879473,30075
96435.892799,30076
96435.906187,30077
96435.919599,30078
96435.933262,30079
96435.946267,30080
96435.961184,30081
96435.975505,30082
96435.989746,30083
96436.001848,30084
96436.014433,30085
96436.027582,30086
96436.041459,30087
96436.055344,30088
96436.070526,30089
96436.084719,30090
96436.098425,30091
96436.111995,30092
96436.127804,30093
96436.141763,30094
96436.157201,30095
96436.170746,30096
96436.184589,30097
96436.198817,30098
96436.211909,30099
96436.225293,30100
96436.238730,30101
96436.253078,30102
96436.267096,30103
96436.282414,30104
96436.295798,30105
96436.310148,30106
96436.326323,30107
96436.340218,30108
96436.353394,30109
96436.366439,30110
96436.380837,30111
96436.396886,30112
96436.409680,30113
96436.423676,30114
96436.439538,30115
96436.453605,30116
96436.466819,30117
96436.479612,30118
96436.491744,30119
96436.506803,30120
96436.520904,30121
96436.533849,30122
96436.547790,30123
96436.561291,30124
96436.576483,30125
96436.590718,30126
96436.605646,30127
96436.620079,30128
96436.635526,30129
96436.649449,30130
96436.662497,30131
96436.678667,30132
96436.692648,30133
96436.704527,30134
96436.718132,30135
96436.733596,30136
96436.747225,30137
96436.762025,30138
96436.775890,30139
96436.788306,30140
96436.801914,30141
96436.817337,30142
96436.831483,30143
96436.845380,30144
96436.861363,30145
96436.875047,30146
96436.888536,30147
96436.903828,30148
96436.918095,30149
96436.933220,30150
96436.946901,30151
96436.959068,30152
96436.972177,30153
96436.985254,30154
96436.999573,30155
96437.014278,30156
96437.027350,30157
96437.043524,30158
96437.057150,30159
96437.069373,30160
96437.083704,30161
96437.098977,30162
96437.114621,30163
96437.127957,30164
96437.140573,30165
96437.153487,30166
96437.168203,30167
96437.183413,30168
96437.198129,30169
96437.211848,30170
96437.226856,30171
96437.240399,30172
96437.253753,30173
96437.269556,30174
96437.283185,30175
96437.296999,30176
96437.312611,30177
96437.327918,30178
96437.341511,30179
96437.357638,30180
96437.371812,30181
96437.386961,30182
96437.402572,30183
96437.419755,30184
96437.432783,30185
96437.448155,30186
96437.463777,30187
96437.479653,30188
96437.492597,30189
96437.505595,30190
96437.521950,30191
96437.535450,30192
96437.549751,30193
96437.562975,30194
96437.576779,30195
96437.591897,30196
96437.607796,30197
96437.622628,30198
96437.635789,30199
96437.649757,30200
96437.662890,30201
96437.679543,30202
96437.694591,30203
96437.708186,30204
96437.722926,30205
96437.735872,30206
96437.748599,30207
96437.763389,30208
96437.776843,30209
96437.790648,30210
96437.806818,30211
96437.822459,30212
96437.839769,30213
96437.853605,30214
96437.867437,30215
96437.882685,30216
96437.895897,30217
96437.910499,30218
96437.925733,30219
96437.938751,30220
96437.951864,30221
96437.968237,30222
96437.981801,30223
96437.994181,30224
96438.006826,30225
96438.020789,30226
96438.036307,30227
96438.051613,30228
96438.065665,30229
96438.081902,30230
96438.096409,30231
96438.110017,30232
96438.123569,30233
96438.137750,30234
96438.153422,30235
96438.167677,30236
96438.180781,30237
96438.194716,30238
96438.208087,30239
96438.221478,30240
96438.236596,30241
96438.251540,30242
96438.264853,30243
96438.281359,30244
96438.295237,30245
96438.311061,30246
96438.327289,30247
96438.342846,30248
96438.356118,30249
96441.264936,30250
96441.275531,30251
96441.286165,30252
96441.298833,30253
96441.308018,30254
96441.317888,30255
96441.330802,30256
96441.340299,30257
96441.349668,30258
96441.358714,30259
96441.368191,30260
96441.377365,30261
96441.386566,30262
96441.396248,30263
96441.405537,30264
96441.414770,30265
96441.424313,30266
96441.434527,30267
96441.444509,30268
96441.453651,30269
96441.462928,30270
96441.472322,30271
96441.481408,30272
96441.490454,30273
96441.500017,30274
96441.509207,30275
96441.518625,30276
96441.528341,30277
96441.537854,30278
96441.547340,30279
96441.557033,30280
96441.566745,30281
96441.576514,30282
96441.585583,30283
96441.594683,30284
96441.603846,30285
96441.613088,30286
96441.622381,30287
96441.631761,30288
96441.640577,30289
96441.650047,30290
96441.659112,30291
96441.667999,30292
96441.677379,30293
96441.686444,30294
96441.695491,30295
96441.704788,30296
96441.713649,30297
96441.723052,30298
96441.732440,30299
96441.743429,30300
96441.752498,30301
96441.761804,30302
96441.770950,30303
96441.779843,30304
96441.788974,30305
96441.798213,30306
96441.807281,30307
96441.816986,30308
96441.826161,30309
96441.835280,30310
96441.844791,30311
96441.853798,30312
96441.862746,30313
96441.872323,30314
96441.881281,30315
96441.890271,30316
96441.899665,30317
96441.908739,30318
96441.917854,30319
96441.927327,30320
96441.936511,30321
96441.946216,30322
96441.955590,30323
96441.964706,30324
96441.973900,30325
96441.983250,30326
96441.992346,30327
96442.001812,30328
96442.011218,30329
96442.020539,30330
96442.029903,30331
96442.038928,30332
96442.048031,30333
96442.056996,30334
96442.066422,30335
96442.075553,30336
96442.084700,30337
96442.096298,30338
96442.108199,30339
96442.119437,30340
96442.129451,30341
96442.138824,30342
96442.147692,30343
96442.156960,30344
96442.166239,30345
96442.175586,30346
96442.184898,30347
96442.194026,30348
96442.202925,30349
96442.212218,30350
96442.221191,30351
96442.230725,30352
96442.240468,30353
96442.249415,30354
96442.258689,30355
96442.268066,30356
96442.277056,30357
96442.286116,30358
96442.295304,30359
96442.304157,30360
96442.313545,30361
96442.322658,30362
96442.331502,30363
96442.340413,30364
96442.349680,30365
96442.358569,30366
96442.367706,30367
96442.377371,30368
96442.386551,30369
96442.395848,30370
96442.405077,30371
96442.414216,30372
96442.423158,30373
96442.432393,30374
96442.442009,30375
96442.450949,30376
96442.460677,30377
96442.470276,30378
96442.479540,30379
96442.488600,30380
96442.497786,30381
96442.507071,30382
96442.516423,30383
96442.525888,30384
96442.535269,30385
96442.544344,30386
96442.553570,30387
96442.563125,30388
96442.574049,30389
96442.583126,30390
96442.592099,30391
96442.601300,30392
96442.610731,30393
96442.619843,30394
96442.629255,30395
96442.638654,30396
96442.647865,30397
96442.657571,30398
96442.666877,30399
96442.678221,30400
96442.687809,30401
96442.696736,30402
96442.706226,30403
96442.715610,30404
96442.724773,30405
96442.733725,30406
96442.742838,30407
96442.752204,30408
96442.761413,30409
96442.770421,30410
96442.779376,30411
96442.788780,30412
96442.797907,30413
96442.807198,30414
96442.816916,30415
96442.826083,30416
96442.835333,30417
96442.844629,30418
96442.854137,30419
96442.863334,30420
96442.872697,30421
96442.881811,30422
96442.891070,30423
96442.900040,30424
96442.909592,30425
96442.919164,30426
96442.928404,30427
96442.937557,30428
96442.946682,30429
96442.955725,30430
96442.965137,30431
96442.974245,30432
96442.983506,30433
96442.992537,30434
96443.001427,30435
96443.010857,30436
96443.019895,30437
96443.029064,30438
96443.038743,30439
96443.047822,30440
96443.057511,30441
96443.066961,30442
96443.076224,30443
96443.085880,30444
96443.095292,30445
96443.104582,30446
96443.113601,30447
96443.122629,30448
96443.132474,30449
96443.141485,30450
96443.150544,30451
96443.159734,30452
96443.169320,30453
96443.178278,30454
96443.187268,30455
96443.196421,30456
96443.205897,30457
96443.215074,30458
96443.224221,30459
96443.233558,30460
96443.242575,30461
96443.251731,30462
96443.261833,30463
96443.271702,30464
96443.281079,30465
96443.290405,30466
96443.299541,30467
96443.309354,30468
96443.318301,30469
96443.327307,30470
96443.336750,30471
96443.345789,30472
96443.355285,30473
96443.364905,30474
96443.374272,30475
96443.384270,30476
96443.393497,30477
96443.402599,30478
96443.412076,30479
96443.421486,30480
96443.432339,30481
96443.442037,30482
96443.451483,30483
96443.460781,30484
96443.469710,30485
96443.478688,30486
96443.487879,30487
96443.497320,30488
96443.506610,30489
96443.516066,30490
96443.525342,30491
96443.534788,30492
96443.543908,30493
96443.553397,30494
96443.562237,30495
96443.571309,30496
96443.580772,30497
96443.590033,30498
96443.599320,30499
96447.467678,30500
96447.477322,30501
96447.487174,30502
96447.496649,30503
96447.508210,30504
96447.518956,30505
96447.530263,30506
96447.542507,30507
96447.556031,30508
96447.566050,30509
96447.578574,30510
96447.589661,30511
96447.599430,30512
96447.609472,30513
96447.619776,30514
96447.630911,30515
96447.641226,30516
96447.652867,30517
96447.662522,30518
96447.674058,30519
96447.684297,30520
96447.694951,30521
96447.706046,30522
96447.718730,30523
96447.730300,30524
96447.742275,30525
96447.753199,30526
96447.764362,30527
96447.776183,30528
96447.787481,30529
96447.797793,30530
96447.809721,30531
96447.820026,30532
96447.831479,30533
96447.843539,30534
96447.852896,30535
96447.863800,30536
96447.873918,30537
96447.883481,30538
96447.894176,30539
96447.903818,30540
96447.913617,30541
96447.922874,30542
96447.933349,30543
96447.943126,30544
96447.952860,30545
96447.963363,30546
96447.972941,30547
96447.982680,30548
96447.991999,30549
96448.005552,30550
96448.016793,30551
96448.026627,30552
96448.036079,30553
96448.048031,30554
96448.057955,30555
96448.068759,30556
96448.078379,30557
96448.088248,30558
96448.099699,30559
96448.109457,30560
96448.120579,30561
96448.131749,30562
96448.141575,30563
96448.151572,30564
96448.162194,30565
96448.172134,30566
96448.183074,30567
96448.192626,30568
96448.202519,30569
96448.212341,30570
96448.221960,30571
96448.233530,30572
96448.242799,30573
96448.252360,30574
96448.262368,30575
96448.273695,30576
96448.283772,30577
96448.295271,30578
96448.305410,30579
96448.315795,30580
96448.327791,30581
96448.339492,30582
96448.349553,30583
96448.359931,30584
96448.371220,30585
96448.383047,30586
96448.393582,30587
96448.405336,30588
96448.416873,30589
96448.427341,30590
96448.437849,30591
96448.447578,30592
96448.460622,30593
96448.471789,30594
96448.481591,30595
96448.493861,30596
96448.505905,30597
96448.517321,30598
96448.528425,30599
96448.538133,30600
96448.551317,30601
96448.561180,30602
96448.572353,30603
96448.582593,30604
96448.594964,30605
96448.607698,30606
96448.617767,30607
96448.628901,30608
96448.640275,30609
96448.652580,30610
96448.665973,30611
96448.676225,30612
96448.686472,30613
96448.696536,30614
96448.706762,30615
96448.717053,30616
96448.726759,30617
96448.736543,30618
96448.746235,30619
96448.755411,30620
96448.766650,30621
96448.776333,30622
96448.786310,30623
96448.796622,30624
96448.808127,30625
96448.819987,30626
96448.830135,30627
96448.841883,30628
96448.852442,30629
96448.863557,30630
96448.875539,30631
96448.884997,30632
96448.895709,30633
96448.905303,30634
96448.916094,30635
96448.926760,30636
96448.936162,30637
96448.948234,30638
96448.959410,30639
96448.969110,30640
96448.979506,30641
96448.991242,30642
96449.001054,30643
96449.010620,30644
96449.020057,30645
96449.031284,30646
96449.042794,30647
96449.056493,30648
96449.067489,30649
96449.082558,30650
96449.092746,30651
96449.102691,30652
96449.112603,30653
96449.121832,30654
96449.131365,30655
96449.141038,30656
96449.151289,30657
96449.160415,30658
96449.171325,30659
96449.180728,30660
96449.191322,30661
96449.201569,30662
96449.211779,30663
96449.221746,30664
96449.230847,30665
96449.243019,30666
96449.252392,30667
96449.263521,30668
96449.273294,30669
96449.283139,30670
96449.295065,30671
96449.305415,30672
96449.315013,30673
96449.325814,30674
96449.334738,30675
96449.344778,30676
96449.355973,30677
96449.366333,30678
96449.377383,30679
96449.387147,30680
96449.396465,30681
96449.405472,30682
96449.415798,30683
96449.425600,30684
96449.437384,30685
96449.448356,30686
96449.459261,30687
96449.468735,30688
96449.480432,30689
96449.493181,30690
96449.503056,30691
96449.512706,30692
96449.523384,30693
96449.534669,30694
96449.545443,30695
96449.556006,30696
96449.565127,30697
96449.574854,30698
96449.584934,30699
96449.595643,30700
96449.606505,30701
96449.616083,30702
96449.627028,30703
96449.636985,30704
96449.646434,30705
96449.657464,30706
96449.667383,30707
96449.676971,30708
96449.688065,30709
96449.699263,30710
96449.708536,30711
96449.719434,30712
96449.728541,30713
96449.737888,30714
96449.748241,30715
96449.758080,30716
96449.769662,30717
96449.779631,30718
96449.789789,30719
96449.799332,30720
96449.811264,30721
96449.821245,30722
96449.831642,30723
96449.842010,30724
96449.851727,30725
96449.863419,30726
96449.874607,30727
96449.885441,30728
96449.894520,30729
96449.905211,30730
96449.915113,30731
96449.926265,30732
96449.938506,30733
96449.947735,30734
96449.958060,30735
96449.967427,30736
96449.979895,30737
96449.989509,30738
96449.998666,30739
96450.010508,30740
96450.020366,30741
96450.030802,30742
96450.042541,30743
96450.051806,30744
96450.063073,30745
96450.072469,30746
96450.084431,30747
96450.096846,30748
96450.106819,30749
96453.951557,30750
96453.963024,30751
96453.973964,30752
96453.985091,30753
96453.998659,30754
96454.012847,30755
96454.024703,30756
96454.035211,30757
96454.048913,30758
96454.060924,30759
96454.071806,30760
96454.086455,30761
96454.101260,30762
96454.116778,30763
96454.130738,30764
96454.144664,30765
96454.154998,30766
96454.165580,30767
96454.178883,30768
96454.189744,30769
96454.202974,30770
96454.215757,30771
96454.225656,30772
96454.236224,30773
96454.246325,30774
96454.257451,30775
96454.270275,30776
96454.280355,30777
96454.291487,30778
96454.302792,30779
96454.313034,30780
96454.325435,30781
96454.337293,30782
96454.350825,30783
96454.363694,30784
96454.374507,30785
96454.387516,30786
96454.400383,30787
96454.410798,30788
96454.421000,30789
96454.432585,30790
96454.445698,30791
96454.458572,30792
96454.470839,30793
96454.480840,30794
96454.492511,30795
96454.503024,30796
96454.515623,30797
96454.526660,30798
96454.538341,30799
96454.553236,30800
96454.565873,30801
96454.578089,30802
96454.592677,30803
96454.606312,30804
96454.616955,30805
96454.629274,30806
96454.639624,30807
96454.652407,30808
96454.664310,30809
96454.675015,30810
96454.686535,30811
96454.697235,30812
96454.707451,30813
96454.717808,30814
96454.728058,30815
96454.738442,30816
96454.748809,30817
96454.758497,30818
96454.771568,30819
96454.784238,30820
96454.796352,30821
96454.807338,30822
96454.816902,30823
96454.828807,30824
96454.838730,30825
96454.848455,30826
96454.858246,30827
96454.869665,30828
96454.879581,30829
96454.889954,30830
96454.899716,30831
96454.909939,30832
96454.923262,30833
96454.933379,30834
96454.946288,30835
96454.957496,30836
96454.967220,30837
96454.978276,30838
96454.988087,30839
96454.998327,30840
96455.008452,30841
96455.022743,30842
96455.034720,30843
96455.047182,30844
96455.057175,30845
96455.067051,30846
96455.079553,30847
96455.089440,30848
96455.103395,30849
96455.117405,30850
96455.129268,30851
96455.140052,30852
96455.150258,30853
96455.161878,30854
96455.172316,30855
96455.185741,30856
96455.198228,30857
96455.208650,30858
96455.222388,30859
96455.233695,30860
96455.243743,30861
96455.257802,30862
96455.269879,30863
96455.279346,30864
96455.289488,30865
96455.301071,30866
96455.311550,30867
96455.321972,30868
96455.332212,30869
96455.342176,30870
96455.356078,30871
96455.367171,30872
96455.378957,30873
96455.392393,30874
96455.402286,30875
96455.412461,30876
96455.424790,30877
96455.437323,30878
96455.450556,30879
96455.465332,30880
96455.476717,30881
96455.486439,30882
96455.498737,30883
96455.510167,30884
96455.521141,30885
96455.533788,30886
96455.545771,30887
96455.559977,30888
96455.572494,30889
96455.585442,30890
96455.597813,30891
96455.609309,30892
96455.621443,30893
96455.635233,30894
96455.645968,30895
96455.657386,30896
96455.669024,30897
96455.679697,30898
96455.690238,30899
96455.703434,30900
96455.714210,30901
96455.725842,30902
96455.739185,30903
96455.752912,30904
96455.763215,30905
96455.772499,30906
96455.785560,30907
96455.795466,30908
96455.805524,30909
96455.815062,30910
96455.828851,30911
96455.841256,30912
96455.851419,30913
96455.861382,30914
96455.875152,30915
96455.885972,30916
96455.895732,30917
96455.906491,30918
96455.918702,30919
96455.931415,30920
96455.942281,30921
96455.954006,30922
96455.965886,30923
96455.976082,30924
96455.986768,30925
96455.996864,30926
96456.007304,30927
96456.020027,30928
96456.030481,30929
96456.043260,30930
96456.056183,30931
96456.066945,30932
96456.076768,30933
96456.086567,30934
96456.096907,30935
96456.108143,30936
96456.120384,30937
96456.133683,30938
96456.143744,30939
96456.155559,30940
96456.168900,30941
96456.182321,30942
96456.193861,30943
96456.203375,30944
96456.215993,30945
96456.228326,30946
96456.239132,30947
96456.252817,30948
96456.265804,30949
96456.275728,30950
96456.285834,30951
96456.298546,30952
96456.308636,30953
96456.319019,30954
96456.329579,30955
96456.339886,30956
96456.353936,30957
96456.368616,30958
96456.379747,30959
96456.390053,30960
96456.400617,30961
96456.411439,30962
96456.421074,30963
96456.432865,30964
96456.446197,30965
96456.456020,30966
96456.465574,30967
96456.478787,30968
96456.489896,30969
96456.501457,30970
96456.512699,30971
96456.522530,30972
96456.535720,30973
96456.549736,30974
96456.560285,30975
96456.573723,30976
96456.583846,30977
96456.594022,30978
96456.605151,30979
96456.615826,30980
96456.626143,30981
96456.636304,30982
96456.647708,30983
96456.659623,30984
96456.669975,30985
96456.680331,30986
96456.690006,30987
96456.700743,30988
96456.711856,30989
96456.722306,30990
96456.733735,30991
96456.745592,30992
96456.757059,30993
96456.768828,30994
96456.779444,30995
96456.789617,30996
96456.800383,30997
96456.811190,30998
96456.824298,30999
96460.399189,31000
96460.415425,31001
96460.432400,31002
96460.448727,31003
96460.466198,31004
96460.484580,31005
96460.501998,31006
96460.520007,31007
96460.535790,31008
96460.551072,31009
96460.567163,31010
96460.582792,31011
96460.599350,31012
96460.615126,31013
96460.631203,31014
96460.646232,31015
96460.662120,31016
96460.679594,31017
96460.695606,31018
96460.710570,31019
96460.725688,31020
96460.742545,31021
96460.757746,31022
96460.774976,31023
96460.789801,31024
96460.806581,31025
96460.823586,31026
96460.840652,31027
96460.856107,31028
96460.871208,31029
96460.887781,31030
96460.902710,31031
96460.917690,31032
96460.933637,31033
96460.947673,31034
96460.967847,31035
96460.989863,31036
96461.010143,31037
96461.025776,31038
96461.041601,31039
96461.058439,31040
96461.073754,31041
96461.087805,31042
96461.104573,31043
96461.119810,31044
96461.134277,31045
96461.149697,31046
96461.166388,31047
96461.181187,31048
96461.196275,31049
96461.214494,31050
96461.230295,31051
96461.246845,31052
96461.260655,31053
96461.275025,31054
96461.292439,31055
96461.309225,31056
96461.325335,31057
96461.340673,31058
96461.358052,31059
96461.374611,31060
96461.391977,31061
96461.406039,31062
96461.420141,31063
96461.434589,31064
96461.450792,31065
96461.466528,31066
96461.483499,31067
96461.500467,31068
96461.516728,31069
96461.533919,31070
96461.550561,31071
96461.566943,31072
96461.582921,31073
96461.598457,31074
96461.613517,31075
96461.629450,31076
96461.645495,31077
96461.660989,31078
96461.678161,31079
96461.694499,31080
96461.710767,31081
96461.726523,31082
96461.741316,31083
96461.758026,31084
96461.775392,31085
96461.790605,31086
96461.805883,31087
96461.820092,31088
96461.836416,31089
96461.853493,31090
96461.868639,31091
96461.884925,31092
96461.902021,31093
96461.916936,31094
96461.931456,31095
96461.948222,31096
96461.964022,31097
96461.981225,31098
96461.996896,31099
96462.011488,31100
96462.028362,31101
96462.045458,31102
96462.061504,31103
96462.079378,31104
96462.096696,31105
96462.110822,31106
96462.127646,31107
96462.144613,31108
96462.160679,31109
96462.177060,31110
96462.194233,31111
96462.210694,31112
96462.226870,31113
96462.241028,31114
96462.257555,31115
96462.274638,31116
96462.290294,31117
96462.307322,31118
96462.324171,31119
96462.342140,31120
96462.360428,31121
96462.375297,31122
96462.390889,31123
96462.408641,31124
96462.424883,31125
96462.441247,31126
96462.455711,31127
96462.472748,31128
96462.487290,31129
96462.504316,31130
96462.519269,31131
96462.534534,31132
96462.550533,31133
96462.565389,31134
96462.581985,31135
96462.599201,31136
96462.615788,31137
96462.632727,31138
96462.647822,31139
96462.663357,31140
96462.678646,31141
96462.692497,31142
96462.708209,31143
96462.725900,31144
96462.741025,31145
96462.755955,31146
96462.772205,31147
96462.789236,31148
96462.805014,31149
96462.822253,31150
96462.836050,31151
96462.852422,31152
96462.868503,31153
96462.883967,31154
96462.899316,31155
96462.913883,31156
96462.929611,31157
96462.944075,31158
96462.960292,31159
96462.976728,31160
96462.990783,31161
96463.005691,31162
96463.021231,31163
96463.036904,31164
96463.051228,31165
96463.066313,31166
96463.082806,31167
96463.099517,31168
96463.116476,31169
96463.130021,31170
96463.143868,31171
96463.158614,31172
96463.171776,31173
96463.187114,31174
96463.202366,31175
96463.217789,31176
96463.234185,31177
96463.249739,31178
96463.266076,31179
96463.281789,31180
96463.297940,31181
96463.314975,31182
96463.331318,31183
96463.345871,31184
96463.361696,31185
96463.377992,31186
96463.394077,31187
96463.410305,31188
96463.427584,31189
96463.444644,31190
96463.460916,31191
96463.477610,31192
96463.493921,31193
96463.507769,31194
96463.523371,31195
96463.538083,31196
96463.553072,31197
96463.570490,31198
96463.587896,31199
96463.602732,31200
96463.620287,31201
96463.637978,31202
96463.652418,31203
96463.669660,31204
96463.684793,31205
96463.700894,31206
96463.715467,31207
96463.730264,31208
96463.746435,31209
96463.761835,31210
96463.776096,31211
96463.791742,31212
96463.808521,31213
96463.823680,31214
96463.839820,31215
96463.856866,31216
96463.873266,31217
96463.891273,31218
96463.904450,31219
96463.918900,31220
96463.935216,31221
96463.951224,31222
96463.967454,31223
96463.984179,31224
96463.998268,31225
96464.015768,31226
96464.031050,31227
96464.047080,31228
96464.062485,31229
96464.076348,31230
96464.091903,31231
96464.107522,31232
96464.122800,31233
96464.137676,31234
96464.152642,31235
96464.169985,31236
96464.185584,31237
96464.200993,31238
96464.214475,31239
96464.228714,31240
96464.243752,31241
96464.259115,31242
96464.275314,31243
96464.290015,31244
96464.305665,31245
96464.322436,31246
96464.338771,31247
96464.354606,31248
96464.371369,31249
96466.489744,31500
96466.500049,31501
96466.509012,31502
96466.518447,31503
96466.527643,31504
96466.537491,31505
96466.546795,31506
96466.556169,31507
96466.565533,31508
96466.575525,31509
96466.584777,31510
96466.594649,31511
96466.604453,31512
96466.613803,31513
96466.623553,31514
96466.633037,31515
96466.642740,31516
96466.651970,31517
96466.661404,31518
96466.671015,31519
96466.679747,31520
96466.689295,31521
96466.698379,31522
96466.707471,31523
96466.717053,31524
96466.726937,31525
96466.736329,31526
96466.745380,31527
96466.755213,31528
96466.766099,31529
96466.777230,31530
96466.788080,31531
96466.797936,31532
96466.807606,31533
96466.817202,31534
96466.827255,31535
96466.837378,31536
96466.847761,31537
96466.857048,31538
96466.867358,31539
96466.876922,31540
96466.887246,31541
96466.901211,31542
96466.913349,31543
96466.922146,31544
96466.932166,31545
96466.941340,31546
96466.951667,31547
96466.960534,31548
96466.970041,31549
96466.978786,31550
96466.988489,31551
96466.997328,31552
96467.007343,31553
96467.016085,31554
96467.025618,31555
96467.035200,31556
96467.044951,31557
96467.053791,31558
96467.063437,31559
96467.072224,31560
96467.081966,31561
96467.091358,31562
96467.101201,31563
96467.109871,31564
96467.119368,31565
96467.128091,31566
96467.137528,31567
96467.146583,31568
96467.156413,31569
96467.165039,31570
96467.174617,31571
96467.183400,31572
96467.192892,31573
96467.202017,31574
96467.211563,31575
96467.220202,31576
96467.230139,31577
96467.239412,31578
96467.248835,31579
96467.257792,31580
96467.267206,31581
96467.276105,31582
96467.285713,31583
96467.294627,31584
96467.304405,31585
96467.313700,31586
96467.323250,31587
96467.332068,31588
96467.341717,31589
96467.350442,31590
96467.360036,31591
96467.369128,31592
96467.379210,31593
96467.388245,31594
96467.397820,31595
96467.406779,31596
96467.416830,31597
96467.425665,31598
96467.435385,31599
96467.446675,31600
96467.456545,31601
96467.465768,31602
96467.475433,31603
96467.485156,31604
96467.495020,31605
96467.504088,31606
96467.514074,31607
96467.523369,31608
96467.533067,31609
96467.542036,31610
96467.551460,31611
96467.560101,31612
96467.569881,31613
96467.578689,31614
96467.588278,31615
96467.597601,31616
96467.607042,31617
96467.616167,31618
96467.625925,31619
96467.634795,31620
96467.644666,31621
96467.653640,31622
96467.663793,31623
96467.672833,31624
96467.682660,31625
96467.691858,31626
96467.701787,31627
96467.710590,31628
96467.720666,31629
96467.729867,31630
96467.739498,31631
96467.748430,31632
96467.758056,31633
96467.766736,31634
96467.776280,31635
96467.785333,31636
96467.794727,31637
96467.803556,31638
96467.813344,31639
96467.822459,31640
96467.832032,31641
96467.841203,31642
96467.850826,31643
96467.859639,31644
96467.869259,31645
96467.878364,31646
96467.888074,31647
96467.897105,31648
96467.906790,31649
96467.915493,31650
96467.925066,31651
96467.933782,31652
96467.943527,31653
96467.952339,31654
96467.961896,31655
96467.970874,31656
96467.980606,31657
96467.989350,31658
96467.999266,31659
96468.008051,31660
96468.017880,31661
96468.026822,31662
96468.036354,31663
96468.045659,31664
96468.055191,31665
96468.063936,31666
96468.073990,31667
96468.083630,31668
96468.093936,31669
96468.103434,31670
96468.113646,31671
96468.123104,31672
96468.133456,31673
96468.142846,31674
96468.153341,31675
96468.162604,31676
96468.173020,31677
96468.182881,31678
96468.193135,31679
96468.202176,31680
96468.211775,31681
96468.220660,31682
96468.230442,31683
96468.239493,31684
96468.249114,31685
96468.258277,31686
96468.268099,31687
96468.277013,31688
96468.286618,31689
96468.295530,31690
96468.304957,31691
96468.313638,31692
96468.323286,31693
96468.332738,31694
96468.342664,31695
96468.352823,31696
96468.363670,31697
96468.374118,31698
96468.384172,31699
96468.395872,31700
96468.406301,31701
96468.415392,31702
96468.425073,31703
96468.434138,31704
96468.444826,31705
96468.453758,31706
96468.463773,31707
96468.473326,31708
96468.483428,31709
96468.492850,31710
96468.502548,31711
96468.511513,31712
96468.521320,31713
96468.530289,31714
96468.540049,31715
96468.549514,31716
96468.559235,31717
96468.568254,31718
96468.577770,31719
96468.586582,31720
96468.595936,31721
96468.604969,31722
96468.614917,31723
96468.624308,31724
96468.634059,31725
96468.643164,31726
96468.653165,31727
96468.661979,31728
96468.671719,31729
96468.680822,31730
96468.690370,31731
96468.699601,31732
96468.709435,31733
96468.718313,31734
96468.728156,31735
96468.737208,31736
96468.746971,31737
96468.755643,31738
96468.765323,31739
96468.774307,31740
96468.783886,31741
96468.792700,31742
96468.802281,31743
96468.811314,31744
96468.821095,31745
96468.830219,31746
96468.839782,31747
96468.848941,31748
96468.858596,31749
96472.445954,31750
96472.456552,31751
96472.467228,31752
96472.477331,31753
96472.486848,31754
96472.497215,31755
96472.507977,31756
96472.517008,31757
96472.527134,31758
96472.538405,31759
96472.548424,31760
96472.559147,31761
96472.568643,31762
96472.578370,31763
96472.588371,31764
96472.599154,31765
96472.610018,31766
96472.619325,31767
96472.629016,31768
96472.640185,31769
96472.651016,31770
96472.660937,31771
96472.670678,31772
96472.682166,31773
96472.692897,31774
96472.703320,31775
96472.713660,31776
96472.724832,31777
96472.734945,31778
96472.744303,31779
96472.753851,31780
96472.763460,31781
96472.773677,31782
96472.783384,31783
96472.792968,31784
96472.802770,31785
96472.812758,31786
96472.822760,31787
96472.832806,31788
96472.842731,31789
96472.853329,31790
96472.864621,31791
96472.875056,31792
96472.885047,31793
96472.894675,31794
96472.904466,31795
96472.914631,31796
96472.924551,31797
96472.934777,31798
96472.944398,31799
96472.955710,31800
96472.965584,31801
96472.975538,31802
96472.985646,31803
96472.994973,31804
96473.007735,31805
96473.016791,31806
96473.027823,31807
96473.036731,31808
96473.046255,31809
96473.055470,31810
96473.065364,31811
96473.075063,31812
96473.085286,31813
96473.096471,31814
96473.107082,31815
96473.117235,31816
96473.128008,31817
96473.137575,31818
96473.147635,31819
96473.156734,31820
96473.166202,31821
96473.175950,31822
96473.185573,31823
96473.196064,31824
96473.205225,31825
96473.214373,31826
96473.224273,31827
96473.237345,31828
96473.249711,31829
96473.260696,31830
96473.270945,31831
96473.280030,31832
96473.289274,31833
96473.299438,31834
96473.308749,31835
96473.317681,31836
96473.328563,31837
96473.339212,31838
96473.348869,31839
96473.359732,31840
96473.370556,31841
96473.383529,31842
96473.395073,31843
96473.404521,31844
96473.414721,31845
96473.423852,31846
96473.433516,31847
96473.443400,31848
96473.453728,31849
96473.466793,31850
96473.477230,31851
96473.487456,31852
96473.499940,31853
96473.509483,31854
96473.520167,31855
96473.530263,31856
96473.539914,31857
96473.550756,31858
96473.562195,31859
96473.571522,31860
96473.581414,31861
96473.591783,31862
96473.602083,31863
96473.612370,31864
96473.622162,31865
96473.633438,31866
96473.644265,31867
96473.654382,31868
96473.666078,31869
96473.695489,31870
96473.708451,31871
96473.719515,31872
96473.732335,31873
96473.749891,31874
96473.759544,31875
96473.769665,31876
96473.779669,31877
96473.789914,31878
96473.799671,31879
96473.809270,31880
96473.819712,31881
96473.831698,31882
96473.842051,31883
96473.851901,31884
96473.862756,31885
96473.873297,31886
96473.883656,31887
96473.895535,31888
96473.906041,31889
96473.918334,31890
96473.930520,31891
96473.941609,31892
96473.953244,31893
96473.964280,31894
96473.976946,31895
96473.991779,31896
96474.001706,31897
96474.014915,31898
96474.025743,31899
96474.036799,31900
96474.046347,31901
96474.057214,31902
96474.070545,31903
96474.080377,31904
96474.092544,31905
96474.103180,31906
96474.113183,31907
96474.123653,31908
96474.133577,31909
96474.144568,31910
96474.154851,31911
96474.165192,31912
96474.175853,31913
96474.187277,31914
96474.198005,31915
96474.207521,31916
96474.217408,31917
96474.227760,31918
96474.238699,31919
96474.248826,31920
96474.258937,31921
96474.271793,31922
96474.283284,31923
96474.293495,31924
96474.304379,31925
96474.314405,31926
96474.324555,31927
96474.335453,31928
96474.347436,31929
96474.357262,31930
96474.367795,31931
96474.378326,31932
96474.387914,31933
96474.397719,31934
96474.407877,31935
96474.418270,31936
96474.428420,31937
96474.439897,31938
96474.449831,31939
96474.459689,31940
96474.470252,31941
96474.479368,31942
96474.489087,31943
96474.500029,31944
96474.509347,31945
96474.518887,31946
96474.528209,31947
96474.537815,31948
96474.549821,31949
96474.563827,31950
96474.573804,31951
96474.583941,31952
96474.594081,31953
96474.605917,31954
96474.615718,31955
96474.625011,31956
96474.634434,31957
96474.644437,31958
96474.656477,31959
96474.666072,31960
96474.675953,31961
96474.685651,31962
96474.696232,31963
96474.705767,31964
96474.716981,31965
96474.726956,31966
96474.736210,31967
96474.747548,31968
96474.757440,31969
96474.766420,31970
96474.776672,31971
96474.787197,31972
96474.796871,31973
96474.808047,31974
96474.819331,31975
96474.829520,31976
96474.840488,31977
96474.850479,31978
96474.860800,31979
96474.870547,31980
96474.880203,31981
96474.890504,31982
96474.899884,31983
96474.909251,31984
96474.920301,31985
96474.929359,31986
96474.941261,31987
96474.951479,31988
96474.960800,31989
96474.971661,31990
96474.981660,31991
96474.992041,31992
96475.001889,31993
96475.011606,31994
96475.021257,31995
96475.031043,31996
96475.042262,31997
96475.052371,31998
96475.063577,31999
96478.886992,32000
96478.897804,32001
96478.909893,32002
96478.919800,32003
96478.930224,32004
96478.940722,32005
96478.955672,32006
96478.967468,32007
96478.978559,32008
96478.988458,32009
96478.999023,32010
96479.010983,32011
96479.021150,32012
96479.031508,32013
96479.044999,32014
96479.054744,32015
96479.067334,32016
96479.080307,32017
96479.091209,32018
96479.101750,32019
96479.111801,32020
96479.122782,32021
96479.135646,32022
96479.146199,32023
96479.155654,32024
96479.166302,32025
96479.175575,32026
96479.187076,32027
96479.196807,32028
96479.209453,32029
96479.221166,32030
96479.231312,32031
96479.241308,32032
96479.253282,32033
96479.263437,32034
96479.275715,32035
96479.285708,32036
96479.294996,32037
96479.306639,32038
96479.316798,32039
96479.326371,32040
96479.338317,32041
96479.349105,32042
96479.358710,32043
96479.368296,32044
96479.377992,32045
96479.391146,32046
96479.401145,32047
96479.410602,32048
96479.420180,32049
96479.431409,32050
96479.443273,32051
96479.456200,32052
96479.466537,32053
96479.476752,32054
96479.486232,32055
96479.497540,32056
96479.510525,32057
96479.520703,32058
96479.532740,32059
96479.542196,32060
96479.551945,32061
96479.565263,32062
96479.574873,32063
96479.589315,32064
96479.598993,32065
96479.609957,32066
96479.620340,32067
96479.632975,32068
96479.642931,32069
96479.652684,32070
96479.665086,32071
96479.679204,32072
96479.689750,32073
96479.699772,32074
96479.709566,32075
96479.720832,32076
96479.733652,32077
96479.747143,32078
96479.757240,32079
96479.768061,32080
96479.781343,32081
96479.791156,32082
96479.801023,32083
96479.813208,32084
96479.825240,32085
96479.837269,32086
96479.848232,32087
96479.857894,32088
96479.868227,32089
96479.880977,32090
96479.890730,32091
96479.900531,32092
96479.910962,32093
96479.920796,32094
96479.933768,32095
96479.948442,32096
96479.961716,32097
96479.971473,32098
96479.981751,32099
96479.996359,32100
96480.007525,32101
96480.019518,32102
96480.029167,32103
96480.040195,32104
96480.053187,32105
96480.063314,32106
96480.073216,32107
96480.083346,32108
96480.092918,32109
96480.102896,32110
96480.114093,32111
96480.127055,32112
96480.139420,32113
96480.149039,32114
96480.159927,32115
96480.169472,32116
96480.180715,32117
96480.190426,32118
96480.201698,32119
96480.212673,32120
96480.222538,32121
96480.234038,32122
96480.246723,32123
96480.256050,32124
96480.265932,32125
96480.276476,32126
96480.286713,32127
96480.298986,32128
96480.311501,32129
96480.322580,32130
96480.334011,32131
96480.346710,32132
96480.357327,32133
96480.367858,32134
96480.377288,32135
96480.387947,32136
96480.397333,32137
96480.409793,32138
96480.422400,32139
96480.433113,32140
96480.447578,32141
96480.461642,32142
96480.472284,32143
96480.482636,32144
96480.493810,32145
96480.503696,32146
96480.517084,32147
96480.527460,32148
96480.539532,32149
96480.551562,32150
96480.561564,32151
96480.574283,32152
96480.587222,32153
96480.597805,32154
96480.609804,32155
96480.620356,32156
96480.634413,32157
96480.644764,32158
96480.655465,32159
96480.669098,32160
96480.681995,32161
96480.694237,32162
96480.708568,32163
96480.718665,32164
96480.730782,32165
96480.745716,32166
96480.756457,32167
96480.770235,32168
96480.781510,32169
96480.791568,32170
96480.804531,32171
96480.816181,32172
96480.826296,32173
96480.836481,32174
96480.850322,32175
96480.862026,32176
96480.872265,32177
96480.883457,32178
96480.895060,32179
96480.904826,32180
96480.914598,32181
96480.924714,32182
96480.934220,32183
96480.946964,32184
96480.958861,32185
96480.969443,32186
96480.982231,32187
96480.995211,32188
96481.008188,32189
96481.017905,32190
96481.030363,32191
96481.040228,32192
96481.051816,32193
96481.061419,32194
96481.071747,32195
96481.086425,32196
96481.097384,32197
96481.108188,32198
96481.118494,32199
96481.130982,32200
96481.142437,32201
96481.152090,32202
96481.162407,32203
96481.176929,32204
96481.186894,32205
96481.197291,32206
96481.207161,32207
96481.219775,32208
96481.229944,32209
96481.239835,32210
96481.249206,32211
96481.259534,32212
96481.269356,32213
96481.279966,32214
96481.290374,32215
96481.304309,32216
96481.316506,32217
96481.329445,32218
96481.342504,32219
96481.352404,32220
96481.361941,32221
96481.374760,32222
96481.384969,32223
96481.397124,32224
96481.409355,32225
96481.420358,32226
96481.430495,32227
96481.443397,32228
96481.454366,32229
96481.466252,32230
96481.479353,32231
96481.490545,32232
96481.504558,32233
96481.514873,32234
96481.525270,32235
96481.536186,32236
96481.550041,32237
96481.560251,32238
96481.573313,32239
96481.584231,32240
96481.594068,32241
96481.608218,32242
96481.619536,32243
96481.629607,32244
96481.641418,32245
96481.652136,32246
96481.662676,32247
96481.674750,32248
96481.686568,32249
96485.437222,32250
96485.451563,32251
96485.465140,32252
96485.479737,32253
96485.493730,32254
96485.506561,32255
96485.520245,32256
96485.534554,32257
96485.548563,32258
96485.564074,32259
96485.577708,32260
96485.591323,32261
96485.604648,32262
96485.618386,32263
96485.631326,32264
96485.644171,32265
96485.658205,32266
96485.673825,32267
96485.689406,32268
96485.704917,32269
96485.720715,32270
96485.733987,32271
96485.749805,32272
96485.762444,32273
96485.778614,32274
96485.794632,32275
96485.809082,32276
96485.825255,32277
96485.839541,32278
96485.852408,32279
96485.868195,32280
96485.881732,32281
96485.897095,32282
96485.910591,32283
96485.924286,32284
96485.938631,32285
96485.954361,32286
96485.970397,32287
96485.983741,32288
96485.996480,32289
96486.012909,32290
96486.028317,32291
96486.041245,32292
96486.054481,32293
96486.068896,32294
96486.082527,32295
96486.098963,32296
96486.112039,32297
96486.127822,32298
96486.143635,32299
96486.156489,32300
96486.171344,32301
96486.185415,32302
96486.199530,32303
96486.215249,32304
96486.230327,32305
96486.244582,32306
96486.260522,32307
96486.275724,32308
96486.288093,32309
96486.302165,32310
96486.316362,32311
96486.330447,32312
96486.344369,32313
96486.358428,32314
96486.374180,32315
96486.388533,32316
96486.404779,32317
96486.417231,32318
96486.430757,32319
96486.446060,32320
96486.460638,32321
96486.474562,32322
96486.487746,32323
96486.503869,32324
96486.519264,32325
96486.531994,32326
96486.545446,32327
96486.559781,32328
96486.574041,32329
96486.587639,32330
96486.599916,32331
96486.613518,32332
96486.627889,32333
96486.641215,32334
96486.653408,32335
96486.668541,32336
96486.682324,32337
96486.695954,32338
96486.708817,32339
96486.724069,32340
96486.739870,32341
96486.754438,32342
96486.768724,32343
96486.784377,32344
96486.798333,32345
96486.813300,32346
96486.828061,32347
96486.842451,32348
96486.856018,32349
96486.872488,32350
96486.886014,32351
96486.898857,32352
96486.911351,32353
96486.924756,32354
96486.938821,32355
96486.951800,32356
96486.963830,32357
96486.979915,32358
96486.992693,32359
96487.007453,32360
96487.020711,32361
96487.033192,32362
96487.046532,32363
96487.059601,32364
96487.072779,32365
96487.086192,32366
96487.102775,32367
96487.116429,32368
96487.130598,32369
96487.145789,32370
96487.161383,32371
96487.174701,32372
96487.189730,32373
96487.202034,32374
96487.217454,32375
96487.232992,32376
96487.249943,32377
96487.265253,32378
96487.278764,32379
96487.291552,32380
96487.307636,32381
96487.320672,32382
96487.334800,32383
96487.350320,32384
96487.366710,32385
96487.380040,32386
96487.395782,32387
96487.411134,32388
96487.423523,32389
96487.439377,32390
96487.452400,32391
96487.468326,32392
96487.482202,32393
96487.494580,32394
96487.507813,32395
96487.520191,32396
96487.533671,32397
96487.547614,32398
96487.563345,32399
96487.577806,32400
96487.592752,32401
96487.606291,32402
96487.620960,32403
96487.635691,32404
96487.649830,32405
96487.663653,32406
96487.676832,32407
96487.689721,32408
96487.701693,32409
96487.717401,32410
96487.730432,32411
96487.743359,32412
96487.758246,32413
96487.772715,32414
96487.786347,32415
96487.802190,32416
96487.816791,32417
96487.830511,32418
96487.844273,32419
96487.857303,32420
96487.870421,32421
96487.883633,32422
96487.898767,32423
96487.913065,32424
96487.925835,32425
96487.939854,32426
96487.953845,32427
96487.966933,32428
96487.982945,32429
96487.997705,32430
96488.013273,32431
96488.027513,32432
96488.042308,32433
96488.054834,32434
96488.070796,32435
96488.086496,32436
96488.101065,32437
96488.114193,32438
96488.128540,32439
96488.141391,32440
96488.157595,32441
96488.171732,32442
96488.185514,32443
96488.199797,32444
96488.212704,32445
96488.227341,32446
96488.241267,32447
96488.256047,32448
96488.269289,32449
96488.287457,32450
96488.302362,32451
96488.315033,32452
96488.328087,32453
96488.341466,32454
96488.354752,32455
96488.370437,32456
96488.383796,32457
96488.397335,32458
96488.410101,32459
96488.424649,32460
96488.439383,32461
96488.453939,32462
96488.468874,32463
96488.482949,32464
96488.495670,32465
96488.510011,32466
96488.524459,32467
96488.540349,32468
96488.553753,32469
96488.570151,32470
96488.584452,32471
96488.600854,32472
96488.614890,32473
96488.630445,32474
96488.643829,32475
96488.660301,32476
96488.675857,32477
96488.690683,32478
96488.706551,32479
96488.720244,32480
96488.734521,32481
96488.749860,32482
96488.762392,32483
96488.776903,32484
96488.790223,32485
96488.805797,32486
96488.824878,32487
96488.845376,32488
96488.859770,32489
96488.873252,32490
96488.885751,32491
96488.900216,32492
96488.913496,32493
96488.926462,32494
96488.939000,32495
96488.951814,32496
96488.966740,32497
96488.979701,32498
96488.994978,32499
96491.875564,32500
96491.886133,32501
96491.896959,32502
96491.907145,32503
96491.917089,32504
96491.926424,32505
96491.936511,32506
96491.946178,32507
96491.955817,32508
96491.965731,32509
96491.975681,32510
96491.985353,32511
96491.995197,32512
96492.004599,32513
96492.014774,32514
96492.025383,32515
96492.035391,32516
96492.045224,32517
96492.055115,32518
96492.064396,32519
96492.074040,32520
96492.083840,32521
96492.094619,32522
96492.105366,32523
96492.115514,32524
96492.125484,32525
96492.135757,32526
96492.145509,32527
96492.155196,32528
96492.164777,32529
96492.174167,32530
96492.183485,32531
96492.192843,32532
96492.202457,32533
96492.212036,32534
96492.221598,32535
96492.231141,32536
96492.240753,32537
96492.250611,32538
96492.259947,32539
96492.269844,32540
96492.279295,32541
96492.289080,32542
96492.300073,32543
96492.310048,32544
96492.319709,32545
96492.329298,32546
96492.338597,32547
96492.348225,32548
96492.357727,32549
96492.367886,32550
96492.377631,32551
96492.387271,32552
96492.396693,32553
96492.406576,32554
96492.416445,32555
96492.425970,32556
96492.435223,32557
96492.445225,32558
96492.454799,32559
96492.464815,32560
96492.474041,32561
96492.483804,32562
96492.493568,32563
96492.503674,32564
96492.513878,32565
96492.523684,32566
96492.533306,32567
96492.542991,32568
96492.552502,32569
96492.562458,32570
96492.571736,32571
96492.581609,32572
96492.591209,32573
96492.601201,32574
96492.611264,32575
96492.620777,32576
96492.630026,32577
96492.639897,32578
96492.649657,32579
96492.659409,32580
96492.668670,32581
96492.678358,32582
96492.687815,32583
96492.697480,32584
96492.707251,32585
96492.717456,32586
96492.726911,32587
96492.737211,32588
96492.746862,32589
96492.756696,32590
96492.765948,32591
96492.775652,32592
96492.785598,32593
96492.795389,32594
96492.804788,32595
96492.814545,32596
96492.823879,32597
96492.833574,32598
96492.842950,32599
96492.855222,32600
96492.864821,32601
96492.874778,32602
96492.884175,32603
96492.893718,32604
96492.903413,32605
96492.913479,32606
96492.923524,32607
96492.933259,32608
96492.942587,32609
96492.952261,32610
96492.961899,32611
96492.971582,32612
96492.980835,32613
96492.991035,32614
96493.000578,32615
96493.010441,32616
96493.020010,32617
96493.029662,32618
96493.039210,32619
96493.048995,32620
96493.058475,32621
96493.068144,32622
96493.077470,32623
96493.087248,32624
96493.097479,32625
96493.107221,32626
96493.116550,32627
96493.126558,32628
96493.136028,32629
96493.146202,32630
96493.156053,32631
96493.170961,32632
96493.180684,32633
96493.190379,32634
96493.199950,32635
96493.209580,32636
96493.222234,32637
96493.234799,32638
96493.245330,32639
96493.255451,32640
96493.264857,32641
96493.274968,32642
96493.284677,32643
96493.295006,32644
96493.304619,32645
96493.314509,32646
96493.323884,32647
96493.333915,32648
96493.343486,32649
96493.353055,32650
96493.362454,32651
96493.372973,32652
96493.383084,32653
96493.393066,32654
96493.402977,32655
96493.412997,32656
96493.422518,32657
96493.432266,32658
96493.441849,32659
96493.451838,32660
96493.461395,32661
96493.470867,32662
96493.480331,32663
96493.489925,32664
96493.499186,32665
96493.508970,32666
96493.518602,32667
96493.528521,32668
96493.537773,32669
96493.547408,32670
96493.557557,32671
96493.567595,32672
96493.577408,32673
96493.587472,32674
96493.598013,32675
96493.607963,32676
96493.617523,32677
96493.627164,32678
96493.636988,32679
96493.646770,32680
96493.656651,32681
96493.666900,32682
96493.676323,32683
96493.686202,32684
96493.695794,32685
96493.705724,32686
96493.715767,32687
96493.725507,32688
96493.734854,32689
96493.744428,32690
96493.753947,32691
96493.764017,32692
96493.773304,32693
96493.782781,32694
96493.792338,32695
96493.802311,32696
96493.812033,32697
96493.822016,32698
96493.831793,32699
96493.843769,32700
96493.852973,32701
96493.862537,32702
96493.872864,32703
96493.882757,32704
96493.891911,32705
96493.901630,32706
96493.911725,32707
96493.921957,32708
96493.931793,32709
96493.941857,32710
96493.951660,32711
96493.962299,32712
96493.972541,32713
96493.982529,32714
96493.992047,32715
96494.001819,32716
96494.011439,32717
96494.021733,32718
96494.031075,32719
96494.041463,32720
96494.050873,32721
96494.060417,32722
96494.070133,32723
96494.079784,32724
96494.089595,32725
96494.099627,32726
96494.109436,32727
96494.119247,32728
96494.128767,32729
96494.138611,32730
96494.147760,32731
96494.157391,32732
96494.166928,32733
96494.176915,32734
96494.186227,32735
96494.195776,32736
96494.205589,32737
96494.215501,32738
96494.225398,32739
96494.235226,32740
96494.245211,32741
96494.254880,32742
96494.264565,32743
96494.274266,32744
96494.283588,32745
96494.293375,32746
96494.302892,32747
96494.313610,32748
96494.323186,32749
96498.009468,32750
96498.021295,32751
96498.030989,32752
96498.042723,32753
96498.054397,32754
96498.067319,32755
96498.078986,32756
96498.088691,32757
96498.098721,32758
96498.108527,32759
96498.119689,32760
96498.130565,32761
96498.140772,32762
96498.150885,32763
96498.160484,32764
96498.170147,32765
96498.179275,32766
96498.190198,32767
96498.200254,32768
96498.210184,32769
96498.219764,32770
96498.230895,32771
96498.242548,32772
96498.251824,32773
96498.261738,32774
96498.271366,32775
96498.281980,32776
96498.292912,32777
96498.304831,32778
96498.314339,32779
96498.323977,32780
96498.333763,32781
96498.344292,32782
96498.353965,32783
96498.364694,32784
96498.374250,32785
96498.384724,32786
96498.394973,32787
96498.405221,32788
96498.415933,32789
96498.425915,32790
96498.435445,32791
96498.445573,32792
96498.455356,32793
96498.464858,32794
96498.474071,32795
96498.486315,32796
96498.497374,32797
96498.508936,32798
96498.519521,32799
96498.530747,32800
96498.541672,32801
96498.551282,32802
96498.562886,32803
96498.572333,32804
96498.581839,32805
96498.592134,32806
96498.601268,32807
96498.611290,32808
96498.620575,32809
96498.630161,32810
96498.641876,32811
96498.654275,32812
96498.664977,32813
96498.675875,32814
96498.685726,32815
96498.695020,32816
96498.704715,32817
96498.714554,32818
96498.725721,32819
96498.735381,32820
96498.744941,32821
96498.754507,32822
96498.765627,32823
96498.774652,32824
96498.784234,32825
96498.795528,32826
96498.806203,32827
96498.817713,32828
96498.827822,32829
96498.837381,32830
96498.846522,32831
96498.855683,32832
96498.866204,32833
96498.877252,32834
96498.886697,32835
96498.897694,32836
96498.910463,32837
96498.920016,32838
96498.929203,32839
96498.939041,32840
96498.949302,32841
96498.959097,32842
96498.968376,32843
96498.977768,32844
96498.987151,32845
96498.996746,32846
96499.007333,32847
96499.017411,32848
96499.028887,32849
96499.043603,32850
96499.055963,32851
96499.067194,32852
96499.077261,32853
96499.087008,32854
96499.097969,32855
96499.107702,32856
96499.118724,32857
96499.128006,32858
96499.138148,32859
96499.148283,32860
96499.158069,32861
96499.167892,32862
96499.177026,32863
96499.186741,32864
96499.196381,32865
96499.205815,32866
96499.217543,32867
96499.227662,32868
96499.237230,32869
96499.247039,32870
96499.256762,32871
96499.266138,32872
96499.276952,32873
96499.288554,32874
96499.298668,32875
96499.309541,32876
96499.320231,32877
96499.329952,32878
96499.341262,32879
96499.351863,32880
96499.362958,32881
96499.374483,32882
96499.383997,32883
96499.395198,32884
96499.405735,32885
96499.416637,32886
96499.426501,32887
96499.438375,32888
96499.450756,32889
96499.460173,32890
96499.470598,32891
96499.480222,32892
96499.490489,32893
96499.500410,32894
96499.512401,32895
96499.525530,32896
96499.536202,32897
96499.546508,32898
96499.556520,32899
96499.567302,32900
96499.577117,32901
96499.588615,32902
96499.598888,32903
96499.609557,32904
96499.619576,32905
96499.630201,32906
96499.640324,32907
96499.650425,32908
96499.661245,32909
96499.674221,32910
96499.685283,32911
96499.696354,32912
96499.707906,32913
96499.719040,32914
96499.728262,32915
96499.738092,32916
96499.749559,32917
96499.760254,32918
96499.770664,32919
96499.780325,32920
96499.790565,32921
96499.800358,32922
96499.810394,32923
96499.820557,32924
96499.830194,32925
96499.840301,32926
96499.849702,32927
96499.860467,32928
96499.870780,32929
96499.882749,32930
96499.892356,32931
96499.903539,32932
96499.912888,32933
96499.925019,32934
96499.934792,32935
96499.944606,32936
96499.954065,32937
96499.964670,32938
96499.974203,32939
96499.985728,32940
96499.995724,32941
96500.004880,32942
96500.014813,32943
96500.026202,32944
96500.036731,32945
96500.046697,32946
96500.057721,32947
96500.069010,32948
96500.078459,32949
96500.090979,32950
96500.101205,32951
96500.112474,32952
96500.125190,32953
96500.135307,32954
96500.144605,32955
96500.154777,32956
96500.165952,32957
96500.177026,32958
96500.186789,32959
96500.197518,32960
96500.209528,32961
96500.219993,32962
96500.229783,32963
96500.239606,32964
96500.251318,32965
96500.261042,32966
96500.270680,32967
96500.281320,32968
96500.290513,32969
96500.300334,32970
96500.310931,32971
96500.321535,32972
96500.331768,32973
96500.341716,32974
96500.352376,32975
96500.362415,32976
96500.372208,32977
96500.381725,32978
96500.393723,32979
96500.404013,32980
96500.415220,32981
96500.424860,32982
96500.436229,32983
96500.449868,32984
96500.463318,32985
96500.474336,32986
96500.485650,32987
96500.496743,32988
96500.506393,32989
96500.516199,32990
96500.526224,32991
96500.536369,32992
96500.546782,32993
96500.558800,32994
96500.568707,32995
96500.579561,32996
96500.590522,32997
96500.602752,32998
96500.614245,32999
96504.430193,33000
96504.443676,33001
96504.454969,33002
96504.468943,33003
96504.482450,33004
96504.495438,33005
96504.507958,33006
96504.519077,33007
96504.529686,33008
96504.541039,33009
96504.551527,33010
96504.564775,33011
96504.575392,33012
96504.590755,33013
96504.601555,33014
96504.614906,33015
96504.625484,33016
96504.635723,33017
96504.646383,33018
96504.658347,33019
96504.671616,33020
96504.683216,33021
96504.696554,33022
96504.709552,33023
96504.719841,33024
96504.730647,33025
96504.740941,33026
96504.755325,33027
96504.766699,33028
96504.777227,33029
96504.788020,33030
96504.800389,33031
96504.810391,33032
96504.821310,33033
96504.832282,33034
96504.842004,33035
96504.854288,33036
96504.864317,33037
96504.876515,33038
96504.887756,33039
96504.897787,33040
96504.910976,33041
96504.923454,33042
96504.933196,33043
96504.944213,33044
96504.954374,33045
96504.965051,33046
96504.975591,33047
96504.988477,33048
96505.002241,33049
96505.014439,33050
96505.027934,33051
96505.039489,33052
96505.052550,33053
96505.063132,33054
96505.073989,33055
96505.083516,33056
96505.094471,33057
96505.107051,33058
96505.120264,33059
96505.133368,33060
96505.145350,33061
96505.157765,33062
96505.170198,33063
96505.182214,33064
96505.194561,33065
96505.204374,33066
96505.214925,33067
96505.225595,33068
96505.235800,33069
96505.246781,33070
96505.259051,33071
96505.271778,33072
96505.282017,33073
96505.293052,33074
96505.307706,33075
96505.321027,33076
96505.332656,33077
96505.343686,33078
96505.356342,33079
96505.368209,33080
96505.378948,33081
96505.388940,33082
96505.400172,33083
96505.410075,33084
96505.421544,33085
96505.433787,33086
96505.444412,33087
96505.455698,33088
96505.469985,33089
96505.489792,33090
96505.502493,33091
96505.513440,33092
96505.524190,33093
96505.534508,33094
96505.545461,33095
96505.559330,33096
96505.573260,33097
96505.586690,33098
96505.597602,33099
96505.612805,33100
96505.626094,33101
96505.639501,33102
96505.652700,33103
96505.664356,33104
96505.676285,33105
96505.690659,33106
96505.702609,33107
96505.713222,33108
96505.726244,33109
96505.737581,33110
96505.750425,33111
96505.763896,33112
96505.775950,33113
96505.786050,33114
96505.799737,33115
96505.810774,33116
96505.822557,33117
96505.833836,33118
96505.846834,33119
96505.858761,33120
96505.869676,33121
96505.881443,33122
96505.892000,33123
96505.905133,33124
96505.918631,33125
96505.929590,33126
96505.944296,33127
96505.959825,33128
96505.974111,33129
96505.985502,33130
96505.999071,33131
96506.010995,33132
96506.021390,33133
96506.032569,33134
96506.044905,33135
96506.057162,33136
96506.068109,33137
96506.080362,33138
96506.090992,33139
96506.106094,33140
96506.117501,33141
96506.128927,33142
96506.141451,33143
96506.151481,33144
96506.162751,33145
96506.173558,33146
96506.184517,33147
96506.197056,33148
96506.210582,33149
96506.221767,33150
96506.233409,33151
96506.245562,33152
96506.257610,33153
96506.269880,33154
96506.282268,33155
96506.293406,33156
96506.307448,33157
96506.319236,33158
96506.329718,33159
96506.340695,33160
96506.350630,33161
96506.361513,33162
96506.371128,33163
96506.383874,33164
96506.394831,33165
96506.405970,33166
96506.416233,33167
96506.427324,33168
96506.437468,33169
96506.448660,33170
96506.461159,33171
96506.472697,33172
96506.483948,33173
96506.496673,33174
96506.507220,33175
96506.521044,33176
96506.535186,33177
96506.545993,33178
96506.556491,33179
96506.567287,33180
96506.578269,33181
96506.589410,33182
96506.601355,33183
96506.613753,33184
96506.626284,33185
96506.640306,33186
96506.651825,33187
96506.662207,33188
96506.675563,33189
96506.686643,33190
96506.697241,33191
96506.712574,33192
96506.726503,33193
96506.738616,33194
96506.749462,33195
96506.759518,33196
96506.772383,33197
96506.783764,33198
96506.796870,33199
96506.809773,33200
96506.821520,33201
96506.832619,33202
96506.844762,33203
96506.856116,33204
96506.868815,33205
96506.879678,33206
96506.890518,33207
96506.900661,33208
96506.910728,33209
96506.922846,33210
96506.936398,33211
96506.947063,33212
96506.959685,33213
96506.970544,33214
96506.981018,33215
96506.991166,33216
96507.002465,33217
96507.012823,33218
96507.024828,33219
96507.035866,33220
96507.046801,33221
96507.058608,33222
96507.069597,33223
96507.079714,33224
96507.092202,33225
96507.103447,33226
96507.114571,33227
96507.125854,33228
96507.138648,33229
96507.151723,33230
96507.164819,33231
96507.177379,33232
96507.190607,33233
96507.201606,33234
96507.213770,33235
96507.223820,33236
96507.236751,33237
96507.249038,33238
96507.262397,33239
96507.275506,33240
96507.286622,33241
96507.297550,33242
96507.307804,33243
96507.320925,33244
96507.333837,33245
96507.346679,33246
96507.357313,33247
96507.367378,33248
96507.379696,33249
96511.528591,33250
96511.546312,33251
96511.564255,33252
96511.580315,33253
96511.597463,33254
96511.615935,33255
96511.633503,33256
96511.649137,33257
96511.667955,33258
96511.685272,33259
96511.705379,33260
96511.722888,33261
96511.739974,33262
96511.755578,33263
96511.770541,33264
96511.787533,33265
96511.803824,33266
96511.819517,33267
96511.834339,33268
96511.849153,33269
96511.865364,33270
96511.881524,33271
96511.898043,33272
96511.913046,33273
96511.928583,33274
96511.944707,33275
96511.963096,33276
96511.979273,33277
96511.996347,33278
96512.013526,33279
96512.027764,33280
96512.043957,33281
96512.060301,33282
96512.075051,33283
96512.090420,33284
96512.107350,33285
96512.123128,33286
96512.137992,33287
96512.153480,33288
96512.168787,33289
96512.185228,33290
96512.200355,33291
96512.215488,33292
96512.230557,33293
96512.246413,33294
96512.262950,33295
96512.278669,33296
96512.293320,33297
96512.310181,33298
96512.324928,33299
96512.340850,33300
96512.353929,33301
96512.368396,33302
96512.383305,33303
96512.400230,33304
96512.414390,33305
96512.429610,33306
96512.445307,33307
96512.461768,33308
96512.476445,33309
96512.493325,33310
96512.508911,33311
96512.525853,33312
96512.540437,33313
96512.557528,33314
96512.574390,33315
96512.590673,33316
96512.606989,33317
96512.624984,33318
96512.641422,33319
96512.656652,33320
96512.673770,33321
96512.689861,33322
96512.704394,33323
96512.721016,33324
96512.735487,33325
96512.752089,33326
96512.767564,33327
96512.784426,33328
96512.799658,33329
96512.813833,33330
96512.828975,33331
96512.844771,33332
96512.860463,33333
96512.875989,33334
96512.889661,33335
96512.903991,33336
96512.919818,33337
96512.937342,33338
96512.953221,33339
96512.970349,33340
96512.984403,33341
96512.998630,33342
96513.015011,33343
96513.029850,33344
96513.045975,33345
96513.063278,33346
96513.077956,33347
96513.092679,33348
96513.109402,33349
96513.128763,33350
96513.144380,33351
96513.159378,33352
96513.173449,33353
96513.189478,33354
96513.204823,33355
96513.221337,33356
96513.237386,33357
96513.251925,33358
96513.268774,33359
96513.285387,33360
96513.302362,33361
96513.319326,33362
96513.335616,33363
96513.351552,33364
96513.368319,33365
96513.382904,33366
96513.398900,33367
96513.415396,33368
96513.431920,33369
96513.449017,33370
96513.466478,33371
96513.485081,33372
96513.502290,33373
96513.519747,33374
96513.537734,33375
96513.553417,33376
96513.570311,33377
96513.587375,33378
96513.602437,33379
96513.616535,33380
96513.632930,33381
96513.649629,33382
96513.666398,33383
96513.682263,33384
96513.697023,33385
96513.711795,33386
96513.727819,33387
96513.742059,33388
96513.758278,33389
96513.773396,33390
96513.788358,33391
96513.804811,33392
96513.821794,33393
96513.840471,33394
96513.856846,33395
96513.873954,33396
96513.890337,33397
96513.905602,33398
96513.921996,33399
96513.939451,33400
96513.954852,33401
96513.970957,33402
96513.986659,33403
96514.002211,33404
96514.018133,33405
96514.034898,33406
96514.051562,33407
96514.066468,33408
96514.081330,33409
96514.097287,33410
96514.114352,33411
96514.130487,33412
96514.146716,33413
96514.160549,33414
96514.178549,33415
96514.196765,33416
96514.213926,33417
96514.231286,33418
96514.248641,33419
96514.264714,33420
96514.281260,33421
96514.296096,33422
96514.310184,33423
96514.325818,33424
96514.342084,33425
96514.358700,33426
96514.375648,33427
96514.390635,33428
96514.408159,33429
96514.424915,33430
96514.443262,33431
96514.459443,33432
96514.475993,33433
96514.491910,33434
96514.512445,33435
96514.528832,33436
96514.546130,33437
96514.561671,33438
96514.578405,33439
96514.595272,33440
96514.610303,33441
96514.624208,33442
96514.641155,33443
96514.656507,33444
96514.671765,33445
96514.687843,33446
96514.702971,33447
96514.718087,33448
96514.734263,33449
96514.752427,33450
96514.766490,33451
96514.783754,33452
96514.800828,33453
96514.818485,33454
96514.834792,33455
96514.850809,33456
96514.867884,33457
96514.884225,33458
96514.899985,33459
96514.915713,33460
96514.932084,33461
96514.948898,33462
96514.965490,33463
96514.981302,33464
96514.998319,33465
96515.012939,33466
96515.028652,33467
96515.045682,33468
96515.062098,33469
96515.078023,33470
96515.096275,33471
96515.113528,33472
96515.128476,33473
96515.142667,33474
96515.157302,33475
96515.171645,33476
96515.187356,33477
96515.203618,33478
96515.220371,33479
96515.235614,33480
96515.252756,33481
96515.268649,33482
96515.285408,33483
96515.299793,33484
96515.316758,33485
96515.332210,33486
96515.347798,33487
96515.362948,33488
96515.379688,33489
96515.397013,33490
96515.413661,33491
96515.429567,33492
96515.446671,33493
96515.461411,33494
96515.476600,33495
96515.493807,33496
96515.510321,33497
96515.528094,33498
96515.545012,33499
96517.746943,33750
96517.758740,33751
96517.768354,33752
96517.777723,33753
96517.787659,33754
96517.797397,33755
96517.807132,33756
96517.816406,33757
96517.826095,33758
96517.835947,33759
96517.845272,33760
96517.855618,33761
96517.864591,33762
96517.874752,33763
96517.884412,33764
96517.894755,33765
96517.903952,33766
96517.913670,33767
96517.923216,33768
96517.933477,33769
96517.943215,33770
96517.952684,33771
96517.962045,33772
96517.971833,33773
96517.981772,33774
96517.993068,33775
96518.005687,33776
96518.015255,33777
96518.024994,33778
96518.035733,33779
96518.045282,33780
96518.054749,33781
96518.064015,33782
96518.073553,33783
96518.082898,33784
96518.092008,33785
96518.102177,33786
96518.112537,33787
96518.122307,33788
96518.131516,33789
96518.140830,33790
96518.150355,33791
96518.159579,33792
96518.169274,33793
96518.178371,33794
96518.188315,33795
96518.197570,33796
96518.206945,33797
96518.216985,33798
96518.227051,33799
96518.239811,33800
96518.250845,33801
96518.261258,33802
96518.271780,33803
96518.283077,33804
96518.293688,33805
96518.303298,33806
96518.314251,33807
96518.329092,33808
96518.342695,33809
96518.354198,33810
96518.364280,33811
96518.375705,33812
96518.387744,33813
96518.397718,33814
96518.409187,33815
96518.420597,33816
96518.431832,33817
96518.442426,33818
96518.452307,33819
96518.462443,33820
96518.472158,33821
96518.481571,33822
96518.491614,33823
96518.501905,33824
96518.511702,33825
96518.520985,33826
96518.530966,33827
96518.540456,33828
96518.549921,33829
96518.558861,33830
96518.568734,33831
96518.578642,33832
96518.588044,33833
96518.599128,33834
96518.608609,33835
96518.618877,33836
96518.628248,33837
96518.638065,33838
96518.647847,33839
96518.657425,33840
96518.668308,33841
96518.677955,33842
96518.687905,33843
96518.698236,33844
96518.708859,33845
96518.719096,33846
96518.728887,33847
96518.739208,33848
96518.749341,33849
96518.759017,33850
96518.769063,33851
96518.779453,33852
96518.789771,33853
96518.799462,33854
96518.809362,33855
96518.819940,33856
96518.829841,33857
96518.840121,33858
96518.849394,33859
96518.859434,33860
96518.869542,33861
96518.879769,33862
96518.889879,33863
96518.899490,33864
96518.909093,33865
96518.919738,33866
96518.930393,33867
96518.940032,33868
96518.950401,33869
96518.960179,33870
96518.970473,33871
96518.980525,33872
96518.990410,33873
96519.000996,33874
96519.011792,33875
96519.022150,33876
96519.032334,33877
96519.042551,33878
96519.052909,33879
96519.062520,33880
96519.072349,33881
96519.081718,33882
96519.092323,33883
96519.101778,33884
96519.111803,33885
96519.121357,33886
96519.131434,33887
96519.140805,33888
96519.150885,33889
96519.161111,33890
96519.171394,33891
96519.181080,33892
96519.190683,33893
96519.199901,33894
96519.210551,33895
96519.220513,33896
96519.231107,33897
96519.240673,33898
96519.250994,33899
96519.262593,33900
96519.272933,33901
96519.282969,33902
96519.293581,33903
96519.303519,33904
96519.313794,33905
96519.323686,33906
96519.334720,33907
96519.344258,33908
96519.354271,33909
96519.363648,33910
96519.373908,33911
96519.383356,33912
96519.393348,33913
96519.403560,33914
96519.414050,33915
96519.423607,33916
96519.433669,33917
96519.443296,33918
96519.453308,33919
96519.463101,33920
96519.473369,33921
96519.482900,33922
96519.492785,33923
96519.502642,33924
96519.513632,33925
96519.524259,33926
96519.534622,33927
96519.544340,33928
96519.554382,33929
96519.564381,33930
96519.575305,33931
96519.585449,33932
96519.596132,33933
96519.606154,33934
96519.616607,33935
96519.626862,33936
96519.637145,33937
96519.647377,33938
96519.657828,33939
96519.668080,33940
96519.678518,33941
96519.688628,33942
96519.699198,33943
96519.709262,33944
96519.719934,33945
96519.730699,33946
96519.741336,33947
96519.751877,33948
96519.761999,33949
96519.772150,33950
96519.782475,33951
96519.791878,33952
96519.801877,33953
96519.811377,33954
96519.821439,33955
96519.831163,33956
96519.841674,33957
96519.851566,33958
96519.862574,33959
96519.872856,33960
96519.883051,33961
96519.893207,33962
96519.904578,33963
96519.914336,33964
96519.924971,33965
96519.934579,33966
96519.945645,33967
96519.955140,33968
96519.965150,33969
96519.974989,33970
96519.985518,33971
96519.995279,33972
96520.005350,33973
96520.015360,33974
96520.025985,33975
96520.036393,33976
96520.046661,33977
96520.056767,33978
96520.067422,33979
96520.077617,33980
96520.088211,33981
96520.099114,33982
96520.109337,33983
96520.119468,33984
96520.129385,33985
96520.138955,33986
96520.149048,33987
96520.159846,33988
96520.169775,33989
96520.179588,33990
96520.189780,33991
96520.199371,33992
96520.209640,33993
96520.219093,33994
96520.229560,33995
96520.239211,33996
96520.249079,33997
96520.259042,33998
96520.269691,33999
96523.916349,34000
96523.926780,34001
96523.937334,34002
96523.948223,34003
96523.959176,34004
96523.969871,34005
96523.979985,34006
96523.990201,34007
96524.000591,34008
96524.013149,34009
96524.023436,34010
96524.034287,34011
96524.046498,34012
96524.056309,34013
96524.065383,34014
96524.075249,34015
96524.085288,34016
96524.094930,34017
96524.104600,34018
96524.114089,34019
96524.124834,34020
96524.135465,34021
96524.145024,34022
96524.155221,34023
96524.165705,34024
96524.176068,34025
96524.185283,34026
96524.194590,34027
96524.204219,34028
96524.214585,34029
96524.225963,34030
96524.238267,34031
96524.247659,34032
96524.257950,34033
96524.267795,34034
96524.277284,34035
96524.287492,34036
96524.297410,34037
96524.309238,34038
96524.318356,34039
96524.329253,34040
96524.338340,34041
96524.349736,34042
96524.359353,34043
96524.369622,34044
96524.380886,34045
96524.390954,34046
96524.399979,34047
96524.412288,34048
96524.422311,34049
96524.436341,34050
96524.446469,34051
96524.455635,34052
96524.465740,34053
96524.475225,34054
96524.484950,34055
96524.496996,34056
96524.507593,34057
96524.518546,34058
96524.528886,34059
96524.538552,34060
96524.548377,34061
96524.558807,34062
96524.569844,34063
96524.580557,34064
96524.590697,34065
96524.600705,34066
96524.611948,34067
96524.622013,34068
96524.633805,34069
96524.643313,34070
96524.652804,34071
96524.664334,34072
96524.674058,34073
96524.683937,34074
96524.693359,34075
96524.703489,34076
96524.712829,34077
96524.723783,34078
96524.732983,34079
96524.742347,34080
96524.754275,34081
96524.763526,34082
96524.773360,34083
96524.783678,34084
96524.793633,34085
96524.803335,34086
96524.812558,34087
96524.822553,34088
96524.835242,34089
96524.845125,34090
96524.854551,34091
96524.864479,34092
96524.873891,34093
96524.884043,34094
96524.894330,34095
96524.903447,34096
96524.913678,34097
96524.922365,34098
96524.932925,34099
96524.943566,34100
96524.954881,34101
96524.964448,34102
96524.973623,34103
96524.984060,34104
96524.993472,34105
96525.004125,34106
96525.013770,34107
96525.023649,34108
96525.033958,34109
96525.044959,34110
96525.055918,34111
96525.066083,34112
96525.076265,34113
96525.086414,34114
96525.098121,34115
96525.107950,34116
96525.117839,34117
96525.127947,34118
96525.139030,34119
96525.148714,34120
96525.159384,34121
96525.169850,34122
96525.179307,34123
96525.189119,34124
96525.198349,34125
96525.208235,34126
96525.218967,34127
96525.229255,34128
96525.238956,34129
96525.249937,34130
96525.259841,34131
96525.270605,34132
96525.280626,34133
96525.290222,34134
96525.299398,34135
96525.308978,34136
96525.319604,34137
96525.329257,34138
96525.339659,34139
96525.349486,34140
96525.360227,34141
96525.370794,34142
96525.381837,34143
96525.392174,34144
96525.403840,34145
96525.413228,34146
96525.423593,34147
96525.433952,34148
96525.443911,34149
96525.456221,34150
96525.466892,34151
96525.476291,34152
96525.486984,34153
96525.496797,34154
96525.507604,34155
96525.517551,34156
96525.527374,34157
96525.537399,34158
96525.548303,34159
96525.558666,34160
96525.569529,34161
96525.580905,34162
96525.591403,34163
96525.601782,34164
96525.611132,34165
96525.621217,34166
96525.631487,34167
96525.642936,34168
96525.653707,34169
96525.663284,34170
96525.672971,34171
96525.684528,34172
96525.695056,34173
96525.705406,34174
96525.715237,34175
96525.725670,34176
96525.736531,34177
96525.746314,34178
96525.757924,34179
96525.769311,34180
96525.778811,34181
96525.788525,34182
96525.800276,34183
96525.810111,34184
96525.822033,34185
96525.832392,34186
96525.842342,34187
96525.853135,34188
96525.864508,34189
96525.874278,34190
96525.884546,34191
96525.894754,34192
96525.904858,34193
96525.914178,34194
96525.927527,34195
96525.937867,34196
96525.948494,34197
96525.958668,34198
96525.969454,34199
96525.980443,34200
96525.990381,34201
96525.999949,34202
96526.010837,34203
96526.020733,34204
96526.031662,34205
96526.041580,34206
96526.052304,34207
96526.061827,34208
96526.074986,34209
96526.084254,34210
96526.095337,34211
96526.105448,34212
96526.116113,34213
96526.127587,34214
96526.137087,34215
96526.150541,34216
96526.160182,34217
96526.171347,34218
96526.181703,34219
96526.191738,34220
96526.202050,34221
96526.212471,34222
96526.222285,34223
96526.232252,34224
96526.243745,34225
96526.254593,34226
96526.266944,34227
96526.276633,34228
96526.287997,34229
96526.297741,34230
96526.307921,34231
96526.320464,34232
96526.330322,34233
96526.340230,34234
96526.350020,34235
96526.360760,34236
96526.371791,34237
96526.385150,34238
96526.395391,34239
96526.405510,34240
96526.415748,34241
96526.426346,34242
96526.439352,34243
96526.449403,34244
96526.458962,34245
96526.468750,34246
96526.479736,34247
96526.489235,34248
96526.499282,34249
96530.450933,34250
96530.464318,34251
96530.476283,34252
96530.489265,34253
96530.499942,34254
96530.510432,34255
96530.522497,34256
96530.534027,34257
96530.545161,34258
96530.554951,34259
96530.565615,34260
96530.577576,34261
96530.588207,34262
96530.598506,34263
96530.609502,34264
96530.622456,34265
96530.633897,34266
96530.646516,34267
96530.659737,34268
96530.671472,34269
96530.682054,34270
96530.695668,34271
96530.706379,34272
96530.717215,34273
96530.732772,34274
96530.746577,34275
96530.757476,34276
96530.767569,34277
96530.782024,34278
96530.792473,34279
96530.803255,34280
96530.817130,34281
96530.831007,34282
96530.845693,34283
96530.858724,34284
96530.869296,34285
96530.879722,34286
96530.889568,34287
96530.903077,34288
96530.914380,34289
96530.929273,34290
96530.942680,34291
96530.953850,34292
96530.964274,34293
96530.974062,34294
96530.985039,34295
96530.998595,34296
96531.012321,34297
96531.022841,34298
96531.032193,34299
96531.045431,34300
96531.056823,34301
96531.070252,34302
96531.080569,34303
96531.090386,34304
96531.103817,34305
96531.117361,34306
96531.130453,34307
96531.143848,34308
96531.157915,34309
96531.170062,34310
96531.181110,34311
96531.193677,34312
96531.206762,34313
96531.217964,34314
96531.229986,34315
96531.240728,34316
96531.250102,34317
96531.261811,34318
96531.279336,34319
96531.290739,34320
96531.303330,34321
96531.314048,34322
96531.324503,34323
96531.335163,34324
96531.345172,34325
96531.355858,34326
96531.365784,34327
96531.375913,34328
96531.386132,34329
96531.395702,34330
96531.406223,34331
96531.416461,34332
96531.429351,34333
96531.439792,34334
96531.450217,34335
96531.460399,34336
96531.470285,34337
96531.484976,34338
96531.494882,34339
96531.504453,34340
96531.518911,34341
96531.529436,34342
96531.540214,34343
96531.555217,34344
96531.565895,34345
96531.576446,34346
96531.588712,34347
96531.599336,34348
96531.610851,34349
96531.624973,34350
96531.636797,34351
96531.646631,34352
96531.658525,34353
96531.668464,34354
96531.678460,34355
96531.688528,34356
96531.698900,34357
96531.708651,34358
96531.718867,34359
96531.728955,34360
96531.739522,34361
96531.752034,34362
96531.762173,34363
96531.774494,34364
96531.788024,34365
96531.797839,34366
96531.810815,34367
96531.820873,34368
96531.831092,34369
96531.841390,34370
96531.851449,34371
96531.863046,34372
96531.872869,34373
96531.886388,34374
96531.896851,34375
96531.908281,34376
96531.918232,34377
96531.928086,34378
96531.941674,34379
96531.952416,34380
96531.964283,34381
96531.975745,34382
96531.987086,34383
96531.997266,34384
96532.007324,34385
96532.019408,34386
96532.029201,34387
96532.042112,34388
96532.053827,34389
96532.063708,34390
96532.076790,34391
96532.087207,34392
96532.099357,34393
96532.109478,34394
96532.122483,34395
96532.135285,34396
96532.145306,34397
96532.157733,34398
96532.168120,34399
96532.183508,34400
96532.195398,34401
96532.205684,34402
96532.215491,34403
96532.228954,34404
96532.239587,34405
96532.249791,34406
96532.260620,34407
96532.271421,34408
96532.281993,34409
96532.291879,34410
96532.302865,34411
96532.314054,34412
96532.325888,34413
96532.337045,34414
96532.349284,34415
96532.359338,34416
96532.372363,34417
96532.382891,34418
96532.394891,34419
96532.408043,34420
96532.420940,34421
96532.430556,34422
96532.441447,34423
96532.451797,34424
96532.462328,34425
96532.472568,34426
96532.483220,34427
96532.495981,34428
96532.508640,34429
96532.518666,34430
96532.531599,34431
96532.543773,34432
96532.554331,34433
96532.566865,34434
96532.578128,34435
96532.588333,34436
96532.598554,34437
96532.616127,34438
96532.626752,34439
96532.637253,34440
96532.650770,34441
96532.662998,34442
96532.675248,34443
96532.686759,34444
96532.698525,34445
96532.713463,34446
96532.726731,34447
96532.737188,34448
96532.748007,34449
96532.763316,34450
96532.774807,34451
96532.785315,34452
96532.799020,34453
96532.811694,34454
96532.822323,34455
96532.834416,34456
96532.846773,34457
96532.858394,34458
96532.868352,34459
96532.879490,34460
96532.892279,34461
96532.907727,34462
96532.923380,34463
96532.935766,34464
96532.951762,34465
96532.971793,34466
96532.984994,34467
96532.996874,34468
96533.012194,34469
96533.026408,34470
96533.037818,34471
96533.048310,34472
96533.062236,34473
96533.073818,34474
96533.084259,34475
96533.095468,34476
96533.107519,34477
96533.118096,34478
96533.128625,34479
96533.138249,34480
96533.149094,34481
96533.161649,34482
96533.177335,34483
96533.190478,34484
96533.200745,34485
96533.210612,34486
96533.221103,34487
96533.235326,34488
96533.247989,34489
96533.262008,34490
96533.272321,34491
96533.282727,34492
96533.295910,34493
96533.308733,34494
96533.319391,34495
96533.329914,34496
96533.342528,34497
96533.352656,34498
96533.362999,34499
96537.041944,34500
96537.057247,34501
96537.072904,34502
96537.087862,34503
96537.101325,34504
96537.115284,34505
96537.129496,34506
96537.142663,34507
96537.154864,34508
96537.170419,34509
96537.184075,34510
96537.199251,34511
96537.214128,34512
96537.230032,34513
96537.243452,34514
96537.258559,34515
96537.271460,34516
96537.286784,34517
96537.299790,34518
96537.314973,34519
96537.327549,34520
96537.341685,34521
96537.355280,34522
96537.368706,34523
96537.381847,34524
96537.396663,34525
96537.412713,34526
96537.428916,34527
96537.445577,34528
96537.458804,34529
96537.474036,34530
96537.486394,34531
96537.502456,34532
96537.515213,34533
96537.529601,34534
96537.546643,34535
96537.561377,34536
96537.576057,34537
96537.593336,34538
96537.609585,34539
96537.625916,34540
96537.640163,34541
96537.655684,34542
96537.669111,34543
96537.684711,34544
96537.699779,34545
96537.714279,34546
96537.729195,34547
96537.743873,34548
96537.759456,34549
96537.777633,34550
96537.795481,34551
96537.810864,34552
96537.825549,34553
96537.843271,34554
96537.858850,34555
96537.875357,34556
96537.890647,34557
96537.904374,34558
96537.922251,34559
96537.939696,34560
96537.955753,34561
96537.971021,34562
96537.985719,34563
96537.999303,34564
96538.013553,34565
96538.028630,34566
96538.045484,34567
96538.062083,34568
96538.075569,34569
96538.089698,34570
96538.104778,34571
96538.118685,34572
96538.134006,34573
96538.149395,34574
96538.163636,34575
96538.179584,34576
96538.193931,34577
96538.208382,34578
96538.224735,34579
96538.239903,34580
96538.253729,34581
96538.268600,34582
96538.284402,34583
96538.298049,34584
96538.312360,34585
96538.326722,34586
96538.340562,34587
96538.355221,34588
96538.369294,34589
96538.385777,34590
96538.401664,34591
96538.417225,34592
96538.432031,34593
96538.445942,34594
96538.462723,34595
96538.477617,34596
96538.490426,34597
96538.504510,34598
96538.519040,34599
96538.532900,34600
96538.546946,34601
96538.562036,34602
96538.579800,34603
96538.595694,34604
96538.610809,34605
96538.624824,34606
96538.638868,34607
96538.655219,34608
96538.671431,34609
96538.685574,34610
96538.701871,34611
96538.716877,34612
96538.730618,34613
96538.743778,34614
96538.757628,34615
96538.770691,34616
96538.786046,34617
96538.802008,34618
96538.815543,34619
96538.832610,34620
96538.846460,34621
96538.861818,34622
96538.875704,34623
96538.888531,34624
96538.902037,34625
96538.916946,34626
96538.930410,34627
96538.944897,34628
96538.958721,34629
96538.972275,34630
96538.986541,34631
96539.001135,34632
96539.015576,34633
96539.028229,34634
96539.043874,34635
96539.058270,34636
96539.071452,34637
96539.084966,34638
96539.098668,34639
96539.112498,34640
96539.128827,34641
96539.143920,34642
96539.158867,34643
96539.172958,34644
96539.188863,34645
96539.202409,34646
96539.216296,34647
96539.231018,34648
96539.247366,34649
96539.265803,34650
96539.281756,34651
96539.298395,34652
96539.311950,34653
96539.325612,34654
96539.341474,34655
96539.357809,34656
96539.371144,34657
96539.384682,34658
96539.398102,34659
96539.410754,34660
96539.425316,34661
96539.439831,34662
96539.453874,34663
96539.470898,34664
96539.485473,34665
96539.503271,34666
96539.517796,34667
96539.534682,34668
96539.551674,34669
96539.568879,34670
96539.582618,34671
96539.596322,34672
96539.611609,34673
96539.625860,34674
96539.640858,34675
96539.656827,34676
96539.674315,34677
96539.690114,34678
96539.705423,34679
96539.721366,34680
96539.739707,34681
96539.754727,34682
96539.769395,34683
96539.782752,34684
96539.797742,34685
96539.814734,34686
96539.829340,34687
96539.842637,34688
96539.859844,34689
96539.873830,34690
96539.889031,34691
96539.904441,34692
96539.917693,34693
96539.933390,34694
96539.950045,34695
96539.963921,34696
96539.981302,34697
96539.997064,34698
96540.014203,34699
96540.027983,34700
96540.043981,34701
96540.057536,34702
96540.074360,34703
96540.089517,34704
96540.103434,34705
96540.117777,34706
96540.132087,34707
96540.145884,34708
96540.161143,34709
96540.174546,34710
96540.190007,34711
96540.204631,34712
96540.218311,34713
96540.232007,34714
96540.247424,34715
96540.263714,34716
96540.279128,34717
96540.294352,34718
96540.307764,34719
96540.321993,34720
96540.338432,34721
96540.351869,34722
96540.366199,34723
96540.381639,34724
96540.395619,34725
96540.410662,34726
96540.425799,34727
96540.439253,34728
96540.453191,34729
96540.468556,34730
96540.484241,34731
96540.497387,34732
96540.512663,34733
96540.526981,34734
96540.542962,34735
96540.557965,34736
96540.572203,34737
96540.585678,34738
96540.601638,34739
96540.617509,34740
96540.632028,34741
96540.647474,34742
96540.662524,34743
96540.678571,34744
96540.693250,34745
96540.708092,34746
96540.723225,34747
96540.738992,34748
96540.752061,34749
96543.895080,34750
96543.906201,34751
96543.916418,34752
96543.927266,34753
96543.937870,34754
96543.947995,34755
96543.958233,34756
96543.968651,34757
96543.978723,34758
96543.988884,34759
96543.999286,34760
96544.009264,34761
96544.019378,34762
96544.029226,34763
96544.039672,34764
96544.049625,34765
96544.060462,34766
96544.070215,34767
96544.080141,34768
96544.090389,34769
96544.099959,34770
96544.110660,34771
96544.121420,34772
96544.131549,34773
96544.142333,34774
96544.152668,34775
96544.163086,34776
96544.173692,34777
96544.183992,34778
96544.194315,34779
96544.204786,34780
96544.215209,34781
96544.225623,34782
96544.235736,34783
96544.245814,34784
96544.255956,34785
96544.266754,34786
96544.276841,34787
96544.286594,34788
96544.297354,34789
96544.308360,34790
96544.318389,34791
96544.328384,34792
96544.338860,34793
96544.348534,34794
96544.359326,34795
96544.369815,34796
96544.380564,34797
96544.390456,34798
96544.402216,34799
96544.416388,34800
96544.430224,34801
96544.441879,34802
96544.452449,34803
96544.463754,34804
96544.475394,34805
96544.486741,34806
96544.496965,34807
96544.507326,34808
96544.517180,34809
96544.527390,34810
96544.537673,34811
96544.547906,34812
96544.559297,34813
96544.569785,34814
96544.580136,34815
96544.590236,34816
96544.601080,34817
96544.611388,34818
96544.621914,34819
96544.632779,34820
96544.642732,34821
96544.652974,34822
96544.663754,34823
96544.674284,34824
96544.684575,34825
96544.694710,34826
96544.705482,34827
96544.716076,34828
96544.727349,34829
96544.737007,34830
96544.747180,34831
96544.756914,34832
96544.767474,34833
96544.777448,34834
96544.788690,34835
96544.798813,34836
96544.809434,34837
96544.819242,34838
96544.829579,34839
96544.839717,34840
96544.850620,34841
96544.860459,34842
96544.871090,34843
96544.880933,34844
96544.892066,34845
96544.901670,34846
96544.912299,34847
96544.922732,34848
96544.933256,34849
96544.943443,34850
96544.953282,34851
96544.963519,34852
96544.973825,34853
96544.983911,34854
96544.994139,34855
96545.003997,34856
96545.014309,34857
96545.023887,34858
96545.033558,34859
96545.043665,34860
96545.054305,34861
96545.064456,34862
96545.074998,34863
96545.085092,34864
96545.095544,34865
96545.105393,34866
96545.116053,34867
96545.125386,34868
96545.135304,34869
96545.144507,34870
96545.154348,34871
96545.164624,34872
96545.174293,34873
96545.184077,34874
96545.194236,34875
96545.204433,34876
96545.215021,34877
96545.225310,34878
96545.235191,34879
96545.244821,34880
96545.255271,34881
96545.264730,34882
96545.275494,34883
96545.284993,34884
96545.297774,34885
96545.309366,34886
96545.320619,34887
96545.331501,34888
96545.342695,34889
96545.353410,34890
96545.364508,34891
96545.374788,34892
96545.385661,34893
96545.395792,34894
96545.406389,34895
96545.416884,34896
96545.427685,34897
96545.437640,34898
96545.447830,34899
96545.460124,34900
96545.470867,34901
96545.481213,34902
96545.491859,34903
96545.502283,34904
96545.512775,34905
96545.523339,34906
96545.534150,34907
96545.544810,34908
96545.555717,34909
96545.567377,34910
96545.579091,34911
96545.589467,34912
96545.600572,34913
96545.610961,34914
96545.622336,34915
96545.632631,34916
96545.642867,34917
96545.652826,34918
96545.663498,34919
96545.673830,34920
96545.686407,34921
96545.696838,34922
96545.707569,34923
96545.718118,34924
96545.728547,34925
96545.738879,34926
96545.749398,34927
96545.759622,34928
96545.769740,34929
96545.780237,34930
96545.790944,34931
96545.801474,34932
96545.811873,34933
96545.822322,34934
96545.832588,34935
96545.842611,34936
96545.853460,34937
96545.863909,34938
96545.874327,34939
96545.884373,34940
96545.895901,34941
96545.906472,34942
96545.916741,34943
96545.927441,34944
96545.937669,34945
96545.948255,34946
96545.958417,34947
96545.968558,34948
96545.978662,34949
96545.988472,34950
96545.999008,34951
96546.009134,34952
96546.019831,34953
96546.029737,34954
96546.040285,34955
96546.050571,34956
96546.061376,34957
96546.071310,34958
96546.081595,34959
96546.091092,34960
96546.102055,34961
96546.112041,34962
96546.122275,34963
96546.133899,34964
96546.144456,34965
96546.154675,34966
96546.165469,34967
96546.175903,34968
96546.186536,34969
96546.196531,34970
96546.207212,34971
96546.217512,34972
96546.228277,34973
96546.238377,34974
96546.248783,34975
96546.258655,34976
96546.269454,34977
96546.279122,34978
96546.288702,34979
96546.298114,34980
96546.308463,34981
96546.318158,34982
96546.328471,34983
96546.338814,34984
96546.349258,34985
96546.359571,34986
96546.370141,34987
96546.380353,34988
96546.390258,34989
96546.399867,34990
96546.409877,34991
96546.419808,34992
96546.430985,34993
96546.442606,34994
96546.454344,34995
96546.464896,34996
96546.475354,34997
96546.485698,34998
96546.495847,34999
96550.557454,35000
96550.570374,35001
96550.580379,35002
96550.591946,35003
96550.602731,35004
96550.613670,35005
96550.624362,35006
96550.635446,35007
96550.646788,35008
96550.657331,35009
96550.668400,35010
96550.679640,35011
96550.691186,35012
96550.701157,35013
96550.711309,35014
96550.723291,35015
96550.732940,35016
96550.742944,35017
96550.754256,35018
96550.764892,35019
96550.776570,35020
96550.786645,35021
96550.797313,35022
96550.806974,35023
96550.816841,35024
96550.828042,35025
96550.840597,35026
96550.850194,35027
96550.863120,35028
96550.873800,35029
96550.883119,35030
96550.892624,35031
96550.902315,35032
96550.913391,35033
96550.924420,35034
96550.934920,35035
96550.944811,35036
96550.954050,35037
96550.966027,35038
96550.978381,35039
96550.992624,35040
96551.002921,35041
96551.014249,35042
96551.024303,35043
96551.033878,35044
96551.045184,35045
96551.055080,35046
96551.064938,35047
96551.076527,35048
96551.086832,35049
96551.100514,35050
96551.110741,35051
96551.121843,35052
96551.131513,35053
96551.141527,35054
96551.153516,35055
96551.163563,35056
96551.175016,35057
96551.184512,35058
96551.195051,35059
96551.204362,35060
96551.216330,35061
96551.226466,35062
96551.236325,35063
96551.245913,35064
96551.257121,35065
96551.266563,35066
96551.278023,35067
96551.290504,35068
96551.300299,35069
96551.311382,35070
96551.322631,35071
96551.332831,35072
96551.344510,35073
96551.355297,35074
96551.364971,35075
96551.375132,35076
96551.386268,35077
96551.397676,35078
96551.410143,35079
96551.420148,35080
96551.430224,35081
96551.440763,35082
96551.451882,35083
96551.462599,35084
96551.472675,35085
96551.482829,35086
96551.494727,35087
96551.507169,35088
96551.517254,35089
96551.528493,35090
96551.538716,35091
96551.548825,35092
96551.558478,35093
96551.570390,35094
96551.581137,35095
96551.591267,35096
96551.601915,35097
96551.613311,35098
96551.624339,35099
96551.636489,35100
96551.648942,35101
96551.661067,35102
96551.672922,35103
96551.682379,35104
96551.692303,35105
96551.703377,35106
96551.712837,35107
96551.722880,35108
96551.732784,35109
96551.743116,35110
96551.752921,35111
96551.762919,35112
96551.774416,35113
96551.784584,35114
96551.794883,35115
96551.804804,35116
96551.814854,35117
96551.826503,35118
96551.836876,35119
96551.846774,35120
96551.858070,35121
96551.869247,35122
96551.879790,35123
96551.890541,35124
96551.901697,35125
96551.913065,35126
96551.924324,35127
96551.936469,35128
96551.946469,35129
96551.956348,35130
96551.966190,35131
96551.976563,35132
96551.987887,35133
96551.999989,35134
96552.009935,35135
96552.020259,35136
96552.030329,35137
96552.039731,35138
96552.049552,35139
96552.061209,35140
96552.070826,35141
96552.080206,35142
96552.090154,35143
96552.101553,35144
96552.111918,35145
96552.123091,35146
96552.134476,35147
96552.146997,35148
96552.157612,35149
96552.170420,35150
96552.180351,35151
96552.190458,35152
96552.200885,35153
96552.211620,35154
96552.221689,35155
96552.231212,35156
96552.242292,35157
96552.252991,35158
96552.264972,35159
96552.276713,35160
96552.286177,35161
96552.295991,35162
96552.305577,35163
96552.315662,35164
96552.325706,35165
96552.335392,35166
96552.346017,35167
96552.355493,35168
96552.365051,35169
96552.376748,35170
96552.386669,35171
96552.397576,35172
96552.407407,35173
96552.416986,35174
96552.428508,35175
96552.439432,35176
96552.449057,35177
96552.459743,35178
96552.469917,35179
96552.480805,35180
96552.490679,35181
96552.501880,35182
96552.511650,35183
96552.521401,35184
96552.532426,35185
96552.542226,35186
96552.553796,35187
96552.564104,35188
96552.574007,35189
96552.583902,35190
96552.594781,35191
96552.604771,35192
96552.614810,35193
96552.624822,35194
96552.636207,35195
96552.647944,35196
96552.657711,35197
96552.668439,35198
96552.678228,35199
96552.687814,35200
96552.698301,35201
96552.709519,35202
96552.719271,35203
96552.730685,35204
96552.742532,35205
96552.752970,35206
96552.763492,35207
96552.774695,35208
96552.785493,35209
96552.796801,35210
96552.806321,35211
96552.815941,35212
96552.825784,35213
96552.835557,35214
96552.846895,35215
96552.857671,35216
96552.870723,35217
96552.881309,35218
96552.891097,35219
96552.902264,35220
96552.912478,35221
96552.923833,35222
96552.933797,35223
96552.943737,35224
96552.954554,35225
96552.964659,35226
96552.975724,35227
96552.986715,35228
96552.997628,35229
96553.008265,35230
96553.018436,35231
96553.029263,35232
96553.041629,35233
96553.052452,35234
96553.063705,35235
96553.073705,35236
96553.083209,35237
96553.092886,35238
96553.102419,35239
96553.112264,35240
96553.122658,35241
96553.132239,35242
96553.142358,35243
96553.153661,35244
96553.163420,35245
96553.174390,35246
96553.185387,35247
96553.194820,35248
96553.204639,35249
96557.246106,35250
96557.258228,35251
96557.271687,35252
96557.284873,35253
96557.295646,35254
96557.308077,35255
96557.319234,35256
96557.334387,35257
96557.347679,35258
96557.360769,35259
96557.372660,35260
96557.385461,35261
96557.396900,35262
96557.411550,35263
96557.426262,35264
96557.439188,35265
96557.451565,35266
96557.463693,35267
96557.476707,35268
96557.488275,35269
96557.501878,35270
96557.516303,35271
96557.531240,35272
96557.542912,35273
96557.553505,35274
96557.565014,35275
96557.579415,35276
96557.593367,35277
96557.606827,35278
96557.618590,35279
96557.630728,35280
96557.641647,35281
96557.653037,35282
96557.665013,35283
96557.677517,35284
96557.689907,35285
96557.700558,35286
96557.710793,35287
96557.722548,35288
96557.732714,35289
96557.743822,35290
96557.755339,35291
96557.768547,35292
96557.781374,35293
96557.794260,35294
96557.805910,35295
96557.819968,35296
96557.833184,35297
96557.845286,35298
96557.858787,35299
96557.875853,35300
96557.887006,35301
96557.897963,35302
96557.908620,35303
96557.920403,35304
96557.931533,35305
96557.944800,35306
96557.957414,35307
96557.970534,35308
96557.983533,35309
96557.993848,35310
96558.004479,35311
96558.017697,35312
96558.030672,35313
96558.041272,35314
96558.050843,35315
96558.061407,35316
96558.073251,35317
96558.085491,35318
96558.098589,35319
96558.108547,35320
96558.118902,35321
96558.129961,35322
96558.142529,35323
96558.153346,35324
96558.164226,35325
96558.175389,35326
96558.185794,35327
96558.199801,35328
96558.210597,35329
96558.220690,35330
96558.230472,35331
96558.245646,35332
96558.257806,35333
96558.267909,35334
96558.280159,35335
96558.290336,35336
96558.300762,35337
96558.310723,35338
96558.323951,35339
96558.340456,35340
96558.351381,35341
96558.364081,35342
96558.377446,35343
96558.388961,35344
96558.402655,35345
96558.412835,35346
96558.425463,35347
96558.440205,35348
96558.451799,35349
96558.463321,35350
96558.473454,35351
96558.483805,35352
96558.494123,35353
96558.503817,35354
96558.515304,35355
96558.526144,35356
96558.538930,35357
96558.549697,35358
96558.560029,35359
96558.573408,35360
96558.585009,35361
96558.597870,35362
96558.609172,35363
96558.621455,35364
96558.632338,35365
96558.644356,35366
96558.655376,35367
96558.665541,35368
96558.675791,35369
96558.685814,35370
96558.698428,35371
96558.709298,35372
96558.723561,35373
96558.737544,35374
96558.751369,35375
96558.762221,35376
96558.773452,35377
96558.785799,35378
96558.798313,35379
96558.808588,35380
96558.819521,35381
96558.832320,35382
96558.843715,35383
96558.854399,35384
96558.864533,35385
96558.875344,35386
96558.885313,35387
96558.895939,35388
96558.906763,35389
96558.921213,35390
96558.934741,35391
96558.946159,35392
96558.959429,35393
96558.969954,35394
96558.982544,35395
96558.992736,35396
96559.002906,35397
96559.016486,35398
96559.030253,35399
96559.048190,35400
96559.060854,35401
96559.073917,35402
96559.084517,35403
96559.095343,35404
96559.107147,35405
96559.118362,35406
96559.131215,35407
96559.144149,35408
96559.156464,35409
96559.169959,35410
96559.182405,35411
96559.193425,35412
96559.206317,35413
96559.217816,35414
96559.228314,35415
96559.240280,35416
96559.255019,35417
96559.269167,35418
96559.280206,35419
96559.290763,35420
96559.303645,35421
96559.314869,35422
96559.327400,35423
96559.338695,35424
96559.351465,35425
96559.364470,35426
96559.375655,35427
96559.387016,35428
96559.399652,35429
96559.413783,35430
96559.426474,35431
96559.438042,35432
96559.450726,35433
96559.462466,35434
96559.473614,35435
96559.487451,35436
96559.498773,35437
96559.509630,35438
96559.521047,35439
96559.535807,35440
96559.546666,35441
96559.559822,35442
96559.570782,35443
96559.584522,35444
96559.595962,35445
96559.609433,35446
96559.621650,35447
96559.635661,35448
96559.649713,35449
96559.661191,35450
96559.675116,35451
96559.686660,35452
96559.698688,35453
96559.709306,35454
96559.720322,35455
96559.730289,35456
96559.741082,35457
96559.751128,35458
96559.762106,35459
96559.774841,35460
96559.786446,35461
96559.797711,35462
96559.809361,35463
96559.822760,35464
96559.835316,35465
96559.845798,35466
96559.855802,35467
96559.867330,35468
96559.878233,35469
96559.889372,35470
96559.901021,35471
96559.913644,35472
96559.925846,35473
96559.935687,35474
96559.946014,35475
96559.959582,35476
96559.969714,35477
96559.979812,35478
96559.992242,35479
96560.002233,35480
96560.014452,35481
96560.028742,35482
96560.042294,35483
96560.052761,35484
96560.063548,35485
96560.075532,35486
96560.085807,35487
96560.098881,35488
96560.108363,35489
96560.121007,35490
96560.130802,35491
96560.140932,35492
96560.151463,35493
96560.163471,35494
96560.176866,35495
96560.188251,35496
96560.200419,35497
96560.212538,35498
96560.224465,35499
96563.943403,35500
96563.957684,35501
96563.972016,35502
96563.989226,35503
96564.004870,35504
96564.022469,35505
96564.039816,35506
96564.057470,35507
96564.074700,35508
96564.091459,35509
96564.109987,35510
96564.126207,35511
96564.141367,35512
96564.158445,35513
96564.175116,35514
96564.191822,35515
96564.206817,35516
96564.223574,35517
96564.240675,35518
96564.255915,35519
96564.272264,35520
96564.289441,35521
96564.305584,35522
96564.320757,35523
96564.338404,35524
96564.353611,35525
96564.370558,35526
96564.386506,35527
96564.402367,35528
96564.421821,35529
96564.439641,35530
96564.456996,35531
96564.473994,35532
96564.490162,35533
96564.506566,35534
96564.521727,35535
96564.537589,35536
96564.554594,35537
96564.571583,35538
96564.587314,35539
96564.602858,35540
96564.617553,35541
96564.633038,35542
96564.650491,35543
96564.666042,35544
96564.683543,35545
96564.699766,35546
96564.714404,35547
96564.730327,35548
96564.746537,35549
96564.766092,35550
96564.780857,35551
96564.797549,35552
96564.814782,35553
96564.830701,35554
96564.846931,35555
96564.862615,35556
96564.880497,35557
96564.897646,35558
96564.915254,35559
96564.930547,35560
96564.946944,35561
96564.961474,35562
96564.978767,35563
96564.994921,35564
96565.010055,35565
96565.026321,35566
96565.041222,35567
96565.057589,35568
96565.074683,35569
96565.089664,35570
96565.105732,35571
96565.122806,35572
96565.138032,35573
96565.154475,35574
96565.170470,35575
96565.185312,35576
96565.200789,35577
96565.216628,35578
96565.232662,35579
96565.248681,35580
96565.263785,35581
96565.279471,35582
96565.296672,35583
96565.314140,35584
96565.329879,35585
96565.344694,35586
96565.361912,35587
96565.379167,35588
96565.393882,35589
96565.408493,35590
96565.423812,35591
96565.440315,35592
96565.457722,35593
96565.474971,35594
96565.491255,35595
96565.508492,35596
96565.524505,35597
96565.539162,35598
96565.554999,35599
96565.569428,35600
96565.584400,35601
96565.599977,35602
96565.615060,35603
96565.631847,35604
96565.648439,35605
96565.663896,35606
96565.679964,35607
96565.696374,35608
96565.710859,35609
96565.727785,35610
96565.744627,35611
96565.760567,35612
96565.777057,35613
96565.793230,35614
96565.809704,35615
96565.826021,35616
96565.841259,35617
96565.856925,35618
96565.872813,35619
96565.889929,35620
96565.905904,35621
96565.922432,35622
96565.938819,35623
96565.955858,35624
96565.972800,35625
96565.989307,35626
96566.005289,35627
96566.020869,35628
96566.036730,35629
96566.051467,35630
96566.068632,35631
96566.082460,35632
96566.098370,35633
96566.114153,35634
96566.130674,35635
96566.147194,35636
96566.163478,35637
96566.178534,35638
96566.194488,35639
96566.210688,35640
96566.227915,35641
96566.245679,35642
96566.262416,35643
96566.277346,35644
96566.292697,35645
96566.308428,35646
96566.324738,35647
96566.340746,35648
96566.356175,35649
96566.373332,35650
96566.388668,35651
96566.405150,35652
96566.420667,35653
96566.436519,35654
96566.451179,35655
96566.467653,35656
96566.484114,35657
96566.500150,35658
96566.516992,35659
96566.534242,35660
96566.550797,35661
96566.567844,35662
96566.584433,35663
96566.599981,35664
96566.616459,35665
96566.633066,35666
96566.650108,35667
96566.667325,35668
96566.684110,35669
96566.701271,35670
96566.716531,35671
96566.732558,35672
96566.748957,35673
96566.765420,35674
96566.780322,35675
96566.795679,35676
96566.811307,35677
96566.825898,35678
96566.840521,35679
96566.855275,35680
96566.873150,35681
96566.889256,35682
96566.904051,35683
96566.920714,35684
96566.937328,35685
96566.953400,35686
96566.967998,35687
96566.984754,35688
96566.999888,35689
96567.016630,35690
96567.033367,35691
96567.047753,35692
96567.061745,35693
96567.078275,35694
96567.093518,35695
96567.110446,35696
96567.125172,35697
96567.140393,35698
96567.157261,35699
96567.173959,35700
96567.188943,35701
96567.205350,35702
96567.220524,35703
96567.237716,35704
96567.253559,35705
96567.270778,35706
96567.287847,35707
96567.303752,35708
96567.320466,35709
96567.336606,35710
96567.352748,35711
96567.366677,35712
96567.383806,35713
96567.400998,35714
96567.415566,35715
96567.432477,35716
96567.449401,35717
96567.466788,35718
96567.482930,35719
96567.499796,35720
96567.515520,35721
96567.531070,35722
96567.547212,35723
96567.561939,35724
96567.578330,35725
96567.593757,35726
96567.610926,35727
96567.627122,35728
96567.642945,35729
96567.659630,35730
96567.677416,35731
96567.693725,35732
96567.710378,35733
96567.726938,35734
96567.743089,35735
96567.759043,35736
96567.773912,35737
96567.788331,35738
96567.805122,35739
96567.819872,35740
96567.834889,35741
96567.850488,35742
96567.866372,35743
96567.882277,35744
96567.898846,35745
96567.915656,35746
96567.932191,35747
96567.946584,35748
96567.963497,35749
96570.115074,36000
96570.125512,36001
96570.134402,36002
96570.143540,36003
96570.152457,36004
96570.161959,36005
96570.171524,36006
96570.180909,36007
96570.190651,36008
96570.200226,36009
96570.209963,36010
96570.219566,36011
96570.229429,36012
96570.238555,36013
96570.248671,36014
96570.257651,36015
96570.267527,36016
96570.277042,36017
96570.287384,36018
96570.296751,36019
96570.306976,36020
96570.315949,36021
96570.325571,36022
96570.335263,36023
96570.344396,36024
96570.353676,36025
96570.363198,36026
96570.372429,36027
96570.381718,36028
96570.391114,36029
96570.400613,36030
96570.410019,36031
96570.419299,36032
96570.429194,36033
96570.438463,36034
96570.447804,36035
96570.456882,36036
96570.466109,36037
96570.475330,36038
96570.485899,36039
96570.495224,36040
96570.504932,36041
96570.514242,36042
96570.523650,36043
96570.533557,36044
96570.543176,36045
96570.552775,36046
96570.562556,36047
96570.572432,36048
96570.582528,36049
96570.592583,36050
96570.602727,36051
96570.612516,36052
96570.622081,36053
96570.631952,36054
96570.641380,36055
96570.651434,36056
96570.660306,36057
96570.670348,36058
96570.679645,36059
96570.690536,36060
96570.699960,36061
96570.710328,36062
96570.719426,36063
96570.729041,36064
96570.738440,36065
96570.748713,36066
96570.758392,36067
96570.768021,36068
96570.777513,36069
96570.787217,36070
96570.797146,36071
96570.807306,36072
96570.816265,36073
96570.826463,36074
96570.835814,36075
96570.845563,36076
96570.854452,36077
96570.864490,36078
96570.873828,36079
96570.883984,36080
96570.893478,36081
96570.903553,36082
96570.912426,36083
96570.922497,36084
96570.931286,36085
96570.941096,36086
96570.950248,36087
96570.960392,36088
96570.969505,36089
96570.979332,36090
96570.988575,36091
96570.998617,36092
96571.007556,36093
96571.017512,36094
96571.026805,36095
96571.036869,36096
96571.046200,36097
96571.056036,36098
96571.064828,36099
96571.077720,36100
96571.086683,36101
96571.097767,36102
96571.106874,36103
96571.117812,36104
96571.128192,36105
96571.140070,36106
96571.150613,36107
96571.160609,36108
96571.169460,36109
96571.179628,36110
96571.189349,36111
96571.199659,36112
96571.208491,36113
96571.218273,36114
96571.227657,36115
96571.237886,36116
96571.246789,36117
96571.256675,36118
96571.266062,36119
96571.276358,36120
96571.285314,36121
96571.295732,36122
96571.305477,36123
96571.315305,36124
96571.325341,36125
96571.335606,36126
96571.344646,36127
96571.354343,36128
96571.363713,36129
96571.373710,36130
96571.382527,36131
96571.392693,36132
96571.401878,36133
96571.411890,36134
96571.421124,36135
96571.430784,36136
96571.440135,36137
96571.450219,36138
96571.459883,36139
96571.469663,36140
96571.478846,36141
96571.488592,36142
96571.497922,36143
96571.507941,36144
96571.516947,36145
96571.526901,36146
96571.536508,36147
96571.546083,36148
96571.555430,36149
96571.565232,36150
96571.574431,36151
96571.584530,36152
96571.593619,36153
96571.604005,36154
96571.613518,36155
96571.623886,36156
96571.633395,36157
96571.643349,36158
96571.652691,36159
96571.662663,36160
96571.671947,36161
96571.682662,36162
96571.691548,36163
96571.701459,36164
96571.710895,36165
96571.720743,36166
96571.729642,36167
96571.739330,36168
96571.748801,36169
96571.758871,36170
96571.767866,36171
96571.777738,36172
96571.786954,36173
96571.797387,36174
96571.806227,36175
96571.816053,36176
96571.825421,36177
96571.835601,36178
96571.844463,36179
96571.854030,36180
96571.863551,36181
96571.873787,36182
96571.882827,36183
96571.892513,36184
96571.902012,36185
96571.912264,36186
96571.921224,36187
96571.930925,36188
96571.940015,36189
96571.950034,36190
96571.959150,36191
96571.968779,36192
96571.978273,36193
96571.988290,36194
96571.997400,36195
96572.007648,36196
96572.016576,36197
96572.026569,36198
96572.035327,36199
96572.047471,36200
96572.056820,36201
96572.066612,36202
96572.075660,36203
96572.085803,36204
96572.094819,36205
96572.105115,36206
96572.114208,36207
96572.124552,36208
96572.134033,36209
96572.144030,36210
96572.153185,36211
96572.162940,36212
96572.172236,36213
96572.182540,36214
96572.191476,36215
96572.201394,36216
96572.210865,36217
96572.221024,36218
96572.229875,36219
96572.239789,36220
96572.249021,36221
96572.259212,36222
96572.268279,36223
96572.278026,36224
96572.287545,36225
96572.297527,36226
96572.307327,36227
96572.317265,36228
96572.326350,36229
96572.336382,36230
96572.345335,36231
96572.355039,36232
96572.364023,36233
96572.373929,36234
96572.382917,36235
96572.392852,36236
96572.402138,36237
96572.412403,36238
96572.421374,36239
96572.431176,36240
96572.440314,36241
96572.450368,36242
96572.459221,36243
96572.468840,36244
96572.478074,36245
96572.488721,36246
96572.497588,36247
96572.507789,36248
96572.516685,36249
96576.333238,36250
96576.344131,36251
96576.355685,36252
96576.365726,36253
96576.376158,36254
96576.385861,36255
96576.398766,36256
96576.408006,36257
96576.417509,36258
96576.427080,36259
96576.436961,36260
96576.448798,36261
96576.459113,36262
96576.468937,36263
96576.478655,36264
96576.488869,36265
96576.499107,36266
96576.510701,36267
96576.520804,36268
96576.531030,36269
96576.540242,36270
96576.549817,36271
96576.559411,36272
96576.569829,36273
96576.580638,36274
96576.591907,36275
96576.601809,36276
96576.612137,36277
96576.622217,36278
96576.632841,36279
96576.642815,36280
96576.652343,36281
96576.663579,36282
96576.673955,36283
96576.683699,36284
96576.694300,36285
96576.704360,36286
96576.713557,36287
96576.723366,36288
96576.733844,36289
96576.743220,36290
96576.753270,36291
96576.763453,36292
96576.773634,36293
96576.783044,36294
96576.793238,36295
96576.803209,36296
96576.812970,36297
96576.822632,36298
96576.832135,36299
96576.842097,36300
96576.851674,36301
96576.861981,36302
96576.872333,36303
96576.882571,36304
96576.892420,36305
96576.902329,36306
96576.912221,36307
96576.922482,36308
96576.933965,36309
96576.944702,36310
96576.954765,36311
96576.964285,36312
96576.975873,36313
96576.986134,36314
96576.996348,36315
96577.006272,36316
96577.017401,36317
96577.029607,36318
96577.039398,36319
96577.049702,36320
96577.060750,36321
96577.070607,36322
96577.081280,36323
96577.091362,36324
96577.101340,36325
96577.112130,36326
96577.124950,36327
96577.135620,36328
96577.146405,36329
96577.157791,36330
96577.167831,36331
96577.178017,36332
96577.187926,36333
96577.199426,36334
96577.210483,36335
96577.220320,36336
96577.233745,36337
96577.247296,36338
96577.258021,36339
96577.268849,36340
96577.281006,36341
96577.292899,36342
96577.304161,36343
96577.317295,36344
96577.328297,36345
96577.338641,36346
96577.349046,36347
96577.358321,36348
96577.370354,36349
96577.382610,36350
96577.392391,36351
96577.402017,36352
96577.413676,36353
96577.425971,36354
96577.436267,36355
96577.445944,36356
96577.457227,36357
96577.469610,36358
96577.479420,36359
96577.489532,36360
96577.499402,36361
96577.509643,36362
96577.520299,36363
96577.532319,36364
96577.542332,36365
96577.552986,36366
96577.567542,36367
96577.577453,36368
96577.587400,36369
96577.597767,36370
96577.608952,36371
96577.619516,36372
96577.630648,36373
96577.642319,36374
96577.652689,36375
96577.665855,36376
96577.676958,36377
96577.686874,36378
96577.698789,36379
96577.708473,36380
96577.718742,36381
96577.729150,36382
96577.740121,36383
96577.750072,36384
96577.760380,36385
96577.770545,36386
96577.781625,36387
96577.792257,36388
96577.803439,36389
96577.814212,36390
96577.824832,36391
96577.834547,36392
96577.847853,36393
96577.857733,36394
96577.869697,36395
96577.880461,36396
96577.890065,36397
96577.899759,36398
96577.912134,36399
96577.922494,36400
96577.932482,36401
96577.942804,36402
96577.953233,36403
96577.962904,36404
96577.973487,36405
96577.983293,36406
96577.995813,36407
96578.007459,36408
96578.020208,36409
96578.030837,36410
96578.042529,36411
96578.052291,36412
96578.062731,36413
96578.073741,36414
96578.084172,36415
96578.094273,36416
96578.104184,36417
96578.115924,36418
96578.128315,36419
96578.140504,36420
96578.150553,36421
96578.161221,36422
96578.171698,36423
96578.181877,36424
96578.193823,36425
96578.205650,36426
96578.216232,36427
96578.227054,36428
96578.236688,36429
96578.248340,36430
96578.260822,36431
96578.270886,36432
96578.281944,36433
96578.293963,36434
96578.304859,36435
96578.316339,36436
96578.327379,36437
96578.337687,36438
96578.347319,36439
96578.357373,36440
96578.369058,36441
96578.380733,36442
96578.392581,36443
96578.402439,36444
96578.412887,36445
96578.422427,36446
96578.431970,36447
96578.446154,36448
96578.457164,36449
96578.470263,36450
96578.480193,36451
96578.491252,36452
96578.503066,36453
96578.513393,36454
96578.523753,36455
96578.532992,36456
96578.543316,36457
96578.553420,36458
96578.566914,36459
96578.576826,36460
96578.587794,36461
96578.597645,36462
96578.608304,36463
96578.619863,36464
96578.631262,36465
96578.640993,36466
96578.652245,36467
96578.663041,36468
96578.673316,36469
96578.683777,36470
96578.695215,36471
96578.705177,36472
96578.715888,36473
96578.725905,36474
96578.736275,36475
96578.746194,36476
96578.756742,36477
96578.767416,36478
96578.778413,36479
96578.788417,36480
96578.798195,36481
96578.808668,36482
96578.818235,36483
96578.829377,36484
96578.840303,36485
96578.850487,36486
96578.861596,36487
96578.871388,36488
96578.881526,36489
96578.891841,36490
96578.901136,36491
96578.912728,36492
96578.921808,36493
96578.931887,36494
96578.944567,36495
96578.955389,36496
96578.966251,36497
96578.977012,36498
96578.987385,36499
96583.137908,36500
96583.149450,36501
96583.160510,36502
96583.173371,36503
96583.186354,36504
96583.198764,36505
96583.211201,36506
96583.222773,36507
96583.232799,36508
96583.243453,36509
96583.256824,36510
96583.267489,36511
96583.277452,36512
96583.289799,36513
96583.300486,36514
96583.310552,36515
96583.321378,36516
96583.333569,36517
96583.344379,36518
96583.353712,36519
96583.365831,36520
96583.376057,36521
96583.386291,36522
96583.398321,36523
96583.408819,36524
96583.423316,36525
96583.433088,36526
96583.442602,36527
96583.452031,36528
96583.462522,36529
96583.475791,36530
96583.488570,36531
96583.500463,36532
96583.511102,36533
96583.521285,36534
96583.532482,36535
96583.543681,36536
96583.555115,36537
96583.566551,36538
96583.576041,36539
96583.585805,36540
96583.594874,36541
96583.605093,36542
96583.614584,36543
96583.627222,36544
96583.639239,36545
96583.649759,36546
96583.663506,36547
96583.672785,36548
96583.683752,36549
96583.692708,36550
96583.702417,36551
96583.714800,36552
96583.724081,36553
96583.735714,36554
96583.745459,36555
96583.755141,36556
96583.766799,36557
96583.776431,36558
96583.786984,36559
96583.798387,36560
96583.811411,36561
96583.824787,36562
96583.837802,36563
96583.847781,36564
96583.856987,36565
96583.868914,36566
96583.882228,36567
96583.893850,36568
96583.903762,36569
96583.915587,36570
96583.926232,36571
96583.938826,36572
96583.949937,36573
96583.959192,36574
96583.972011,36575
96583.985289,36576
96583.995191,36577
96584.005604,36578
96584.014749,36579
96584.024983,36580
96584.034105,36581
96584.043800,36582
96584.057048,36583
96584.066875,36584
96584.078941,36585
96584.088424,36586
96584.103158,36587
96584.112997,36588
96584.124620,36589
96584.139913,36590
96584.150507,36591
96584.160497,36592
96584.170750,36593
96584.180602,36594
96584.189817,36595
96584.199778,36596
96584.210924,36597
96584.221009,36598
96584.231282,36599
96584.242901,36600
96584.253832,36601
96584.267389,36602
96584.278780,36603
96584.290416,36604
96584.300196,36605
96584.316588,36606
96584.326483,36607
96584.336822,36608
96584.346968,36609
96584.356555,36610
96584.368176,36611
96584.379743,36612
96584.390650,36613
96584.401334,36614
96584.411656,36615
96584.424226,36616
96584.436113,36617
96584.448334,36618
96584.458130,36619
96584.467963,36620
96584.480753,36621
96584.493217,36622
96584.505736,36623
96584.515776,36624
96584.525624,36625
96584.535778,36626
96584.548233,36627
96584.560530,36628
96584.570878,36629
96584.583699,36630
96584.594432,36631
96584.604670,36632
96584.615711,36633
96584.625741,36634
96584.636497,36635
96584.647371,36636
96584.658181,36637
96584.673566,36638
96584.684735,36639
96584.694953,36640
96584.705460,36641
96584.715191,36642
96584.727212,36643
96584.737734,36644
96584.749941,36645
96584.762601,36646
96584.772214,36647
96584.782510,36648
96584.793549,36649
96584.805762,36650
96584.815399,36651
96584.825973,36652
96584.836592,36653
96584.848146,36654
96584.860907,36655
96584.873423,36656
96584.883317,36657
96584.896290,36658
96584.910701,36659
96584.924285,36660
96584.934746,36661
96584.944627,36662
96584.954376,36663
96584.964774,36664
96584.974527,36665
96584.988209,36666
96584.998229,36667
96585.012296,36668
96585.026459,36669
96585.037245,36670
96585.047883,36671
96585.057595,36672
96585.069705,36673
96585.079526,36674
96585.091872,36675
96585.102362,36676
96585.115617,36677
96585.126678,36678
96585.138973,36679
96585.151087,36680
96585.163575,36681
96585.173526,36682
96585.184621,36683
96585.194345,36684
96585.205208,36685
96585.218035,36686
96585.228457,36687
96585.241678,36688
96585.253056,36689
96585.265155,36690
96585.276236,36691
96585.286894,36692
96585.297820,36693
96585.310289,36694
96585.321395,36695
96585.332825,36696
96585.342972,36697
96585.354300,36698
96585.368318,36699
96585.381387,36700
96585.391851,36701
96585.404500,36702
96585.415288,36703
96585.426590,36704
96585.438352,36705
96585.447787,36706
96585.457634,36707
96585.470758,36708
96585.481266,36709
96585.491699,36710
96585.501191,36711
96585.513429,36712
96585.525731,36713
96585.538817,36714
96585.548589,36715
96585.557944,36716
96585.568387,36717
96585.578902,36718
96585.588691,36719
96585.601745,36720
96585.612576,36721
96585.626369,36722
96585.639077,36723
96585.649834,36724
96585.659784,36725
96585.672423,36726
96585.683575,36727
96585.693768,36728
96585.706057,36729
96585.721198,36730
96585.733872,36731
96585.744115,36732
96585.755378,36733
96585.765503,36734
96585.775846,36735
96585.788666,36736
96585.798495,36737
96585.809657,36738
96585.819341,36739
96585.829054,36740
96585.840258,36741
96585.851852,36742
96585.863450,36743
96585.874011,36744
96585.884380,36745
96585.896379,36746
96585.905814,36747
96585.916045,36748
96585.926418,36749
96589.800402,36750
96589.817000,36751
96589.834599,36752
96589.848033,36753
96589.863585,36754
96589.876292,36755
96589.889842,36756
96589.905042,36757
96589.921813,36758
96589.938261,36759
96589.954256,36760
96589.966689,36761
96589.980754,36762
96589.993966,36763
96590.009652,36764
96590.025478,36765
96590.040161,36766
96590.053404,36767
96590.069770,36768
96590.084733,36769
96590.098672,36770
96590.112906,36771
96590.128426,36772
96590.143655,36773
96590.157521,36774
96590.172802,36775
96590.186995,36776
96590.203580,36777
96590.216255,36778
96590.230045,36779
96590.247469,36780
96590.263277,36781
96590.277738,36782
96590.293427,36783
96590.306537,36784
96590.319094,36785
96590.333231,36786
96590.346749,36787
96590.359711,36788
96590.373131,36789
96590.389034,36790
96590.403218,36791
96590.416477,36792
96590.429938,36793
96590.443151,36794
96590.457408,36795
96590.470073,36796
96590.484204,36797
96590.499721,36798
96590.516650,36799
96590.530447,36800
96590.545058,36801
96590.559662,36802
96590.575022,36803
96590.589258,36804
96590.606472,36805
96590.623581,36806
96590.638824,36807
96590.654737,36808
96590.669623,36809
96590.686407,36810
96590.699840,36811
96590.714061,36812
96590.730315,36813
96590.744629,36814
96590.761350,36815
96590.777567,36816
96590.793855,36817
96590.808982,36818
96590.822444,36819
96590.836086,36820
96590.849876,36821
96590.864269,36822
96590.879136,36823
96590.894254,36824
96590.908269,36825
96590.922246,36826
96590.936926,36827
96590.949961,36828
96590.963992,36829
96590.977577,36830
96590.992321,36831
96591.006132,36832
96591.021129,36833
96591.034436,36834
96591.049900,36835
96591.064448,36836
96591.077788,36837
96591.092521,36838
96591.104917,36839
96591.117929,36840
96591.130872,36841
96591.145006,36842
96591.158909,36843
96591.173825,36844
96591.186592,36845
96591.200408,36846
96591.213670,36847
96591.228679,36848
96591.244302,36849
96591.260707,36850
96591.273587,36851
96591.288486,36852
96591.304596,36853
96591.317810,36854
96591.332622,36855
96591.346904,36856
96591.361562,36857
96591.375945,36858
96591.389638,36859
96591.403574,36860
96591.418183,36861
96591.431833,36862
96591.445432,36863
96591.459167,36864
96591.473835,36865
96591.486816,36866
96591.502981,36867
96591.519324,36868
96591.533281,36869
96591.549492,36870
96591.563032,36871
96591.576962,36872
96591.589899,36873
96591.603691,36874
96591.618961,36875
96591.633886,36876
96591.649485,36877
96591.665028,36878
96591.681059,36879
96591.695363,36880
96591.710921,36881
96591.725327,36882
96591.740985,36883
96591.756720,36884
96591.770258,36885
96591.783840,36886
96591.797917,36887
96591.811796,36888
96591.825180,36889
96591.837898,36890
96591.852276,36891
96591.865876,36892
96591.878899,36893
96591.892730,36894
96591.905919,36895
96591.919437,36896
96591.935333,36897
96591.949766,36898
96591.964088,36899
96591.979604,36900
96591.993956,36901
96592.007918,36902
96592.023669,36903
96592.038735,36904
96592.055142,36905
96592.068039,36906
96592.082543,36907
96592.096110,36908
96592.110353,36909
96592.126644,36910
96592.139610,36911
96592.152467,36912
96592.167138,36913
96592.179890,36914
96592.193538,36915
96592.206808,36916
96592.221853,36917
96592.235661,36918
96592.251894,36919
96592.266351,36920
96592.282334,36921
96592.296187,36922
96592.308812,36923
96592.321938,36924
96592.334840,36925
96592.349109,36926
96592.362957,36927
96592.376289,36928
96592.391225,36929
96592.404726,36930
96592.418033,36931
96592.433451,36932
96592.448181,36933
96592.461870,36934
96592.475387,36935
96592.488858,36936
96592.503681,36937
96592.517357,36938
96592.530685,36939
96592.543924,36940
96592.556746,36941
96592.569536,36942
96592.585292,36943
96592.599052,36944
96592.612279,36945
96592.628155,36946
96592.641944,36947
96592.654175,36948
96592.668718,36949
96592.684579,36950
96592.699384,36951
96592.712191,36952
96592.725578,36953
96592.738626,36954
96592.751924,36955
96592.765329,36956
96592.777862,36957
96592.792348,36958
96592.805753,36959
96592.821268,36960
96592.836885,36961
96592.850233,36962
96592.864659,36963
96592.877175,36964
96592.891632,36965
96592.906545,36966
96592.920067,36967
96592.935207,36968
96592.950343,36969
96592.963005,36970
96592.976196,36971
96592.988413,36972
96593.001879,36973
96593.018521,36974
96593.031802,36975
96593.047387,36976
96593.060778,36977
96593.076174,36978
96593.090577,36979
96593.104602,36980
96593.119535,36981
96593.133323,36982
96593.146980,36983
96593.160343,36984
96593.173015,36985
96593.185638,36986
96593.200247,36987
96593.214863,36988
96593.229348,36989
96593.243524,36990
96593.257734,36991
96593.271808,36992
96593.287568,36993
96593.302486,36994
96593.315309,36995
96593.329123,36996
96593.344476,36997
96593.359500,36998
96593.375459,36999
96596.546161,37000
96596.556683,37001
96596.566208,37002
96596.575817,37003
96596.585307,37004
96596.595464,37005
96596.605093,37006
96596.614616,37007
96596.624769,37008
96596.634851,37009
96596.644328,37010
96596.653978,37011
96596.663484,37012
96596.672978,37013
96596.683220,37014
96596.693343,37015
96596.702998,37016
96596.712838,37017
96596.721763,37018
96596.731050,37019
96596.739871,37020
96596.749212,37021
96596.758317,37022
96596.767582,37023
96596.777201,37024
96596.786063,37025
96596.795779,37026
96596.804799,37027
96596.814457,37028
96596.823347,37029
96596.833539,37030
96596.842846,37031
96596.853873,37032
96596.862901,37033
96596.872475,37034
96596.881328,37035
96596.890646,37036
96596.899985,37037
96596.909591,37038
96596.919411,37039
96596.929356,37040
96596.938538,37041
96596.948075,37042
96596.957777,37043
96596.966699,37044
96596.975755,37045
96596.985208,37046
96596.994703,37047
96597.003948,37048
96597.013880,37049
96597.023252,37050
96597.032538,37051
96597.041609,37052
96597.051404,37053
96597.060201,37054
96597.069945,37055
96597.078810,37056
96597.088053,37057
96597.097768,37058
96597.107251,37059
96597.116936,37060
96597.126022,37061
96597.135550,37062
96597.150521,37063
96597.167941,37064
96597.177508,37065
96597.186461,37066
96597.195369,37067
96597.204649,37068
96597.214661,37069
96597.224221,37070
96597.233309,37071
96597.242600,37072
96597.251794,37073
96597.260940,37074
96597.269900,37075
96597.279851,37076
96597.289441,37077
96597.299257,37078
96597.309005,37079
96597.318211,37080
96597.327511,37081
96597.336472,37082
96597.346189,37083
96597.355384,37084
96597.365237,37085
96597.374634,37086
96597.384373,37087
96597.393439,37088
96597.402492,37089
96597.411914,37090
96597.421027,37091
96597.430157,37092
96597.439722,37093
96597.449669,37094
96597.459237,37095
96597.468842,37096
96597.478297,37097
96597.487818,37098
96597.496990,37099
96597.508778,37100
96597.518113,37101
96597.527321,37102
96597.536302,37103
96597.545620,37104
96597.554666,37105
96597.564243,37106
96597.573218,37107
96597.582450,37108
96597.592608,37109
96597.602890,37110
96597.612427,37111
96597.621593,37112
96597.631503,37113
96597.640712,37114
96597.650272,37115
96597.659280,37116
96597.669218,37117
96597.678428,37118
96597.688220,37119
96597.697240,37120
96597.706610,37121
96597.716505,37122
96597.725404,37123
96597.735033,37124
96597.744539,37125
96597.754220,37126
96597.763766,37127
96597.773688,37128
96597.782996,37129
96597.792269,37130
96597.801434,37131
96597.811314,37132
96597.820608,37133
96597.829834,37134
96597.841358,37135
96597.850679,37136
96597.859943,37137
96597.869753,37138
96597.878960,37139
96597.888997,37140
96597.898339,37141
96597.908159,37142
96597.917427,37143
96597.926442,37144
96597.935526,37145
96597.944737,37146
96597.955041,37147
96597.964283,37148
96597.974168,37149
96597.982856,37150
96597.992675,37151
96598.001506,37152
96598.010406,37153
96598.020077,37154
96598.029667,37155
96598.038817,37156
96598.047799,37157
96598.057690,37158
96598.066841,37159
96598.075810,37160
96598.085094,37161
96598.094051,37162
96598.103367,37163
96598.112925,37164
96598.122561,37165
96598.131403,37166
96598.140735,37167
96598.149951,37168
96598.159271,37169
96598.168941,37170
96598.178508,37171
96598.187719,37172
96598.197284,37173
96598.207234,37174
96598.217322,37175
96598.226580,37176
96598.235812,37177
96598.244854,37178
96598.254535,37179
96598.263525,37180
96598.273444,37181
96598.282519,37182
96598.292573,37183
96598.301344,37184
96598.310225,37185
96598.319402,37186
96598.328837,37187
96598.338216,37188
96598.347341,37189
96598.356743,37190
96598.366521,37191
96598.375689,37192
96598.384493,37193
96598.394230,37194
96598.403924,37195
96598.413052,37196
96598.422210,37197
96598.431499,37198
96598.440488,37199
96598.452519,37200
96598.461604,37201
96598.471243,37202
96598.480632,37203
96598.489936,37204
96598.499549,37205
96598.509462,37206
96598.518712,37207
96598.527743,37208
96598.537061,37209
96598.546791,37210
96598.556162,37211
96598.565284,37212
96598.575651,37213
96598.584971,37214
96598.595186,37215
96598.604401,37216
96598.613803,37217
96598.623646,37218
96598.633523,37219
96598.642837,37220
96598.652037,37221
96598.661714,37222
96598.670752,37223
96598.680106,37224
96598.690282,37225
96598.700055,37226
96598.709784,37227
96598.719588,37228
96598.729316,37229
96598.739483,37230
96598.749312,37231
96598.759990,37232
96598.769580,37233
96598.780107,37234
96598.789446,37235
96598.799738,37236
96598.811634,37237
96598.823651,37238
96598.834692,37239
96598.844614,37240
96598.854273,37241
96598.863908,37242
96598.874276,37243
96598.884334,37244
96598.894363,37245
96598.904325,37246
96598.914659,37247
96598.924048,37248
96598.936240,37249
96602.934553,37250
96602.946649,37251
96602.957473,37252
96602.967892,37253
96602.978725,37254
96602.990693,37255
96603.002607,37256
96603.013088,37257
96603.024886,37258
96603.037390,37259
96603.047330,37260
96603.059645,37261
96603.069593,37262
96603.081533,37263
96603.091678,37264
96603.102378,37265
96603.112708,37266
96603.124226,37267
96603.135725,37268
96603.145728,37269
96603.157509,37270
96603.168302,37271
96603.178871,37272
96603.189347,37273
96603.200736,37274
96603.211585,37275
96603.223280,37276
96603.234673,37277
96603.245498,37278
96603.255660,37279
96603.265759,37280
96603.277026,37281
96603.288240,37282
96603.298403,37283
96603.309855,37284
96603.321466,37285
96603.331747,37286
96603.342588,37287
96603.353990,37288
96603.365522,37289
96603.376967,37290
96603.386491,37291
96603.395791,37292
96603.406833,37293
96603.416212,37294
96603.425534,37295
96603.435074,37296
96603.446286,37297
96603.456128,37298
96603.465290,37299
96603.475689,37300
96603.486817,37301
96603.496397,37302
96603.505695,37303
96603.516904,37304
96603.527554,37305
96603.537965,37306
96603.550154,37307
96603.559517,37308
96603.569733,37309
96603.579982,37310
96603.589907,37311
96603.599761,37312
96603.609650,37313
96603.619782,37314
96603.629934,37315
96603.639051,37316
96603.650265,37317
96603.660788,37318
96603.670642,37319
96603.681575,37320
96603.692160,37321
96603.702064,37322
96603.712424,37323
96603.722088,37324
96603.732248,37325
96603.743827,37326
96603.753505,37327
96603.763372,37328
96603.773296,37329
96603.785011,37330
96603.795097,37331
96603.805363,37332
96603.817060,37333
96603.829194,37334
96603.838452,37335
96603.848514,37336
96603.859573,37337
96603.871510,37338
96603.881623,37339
96603.891567,37340
96603.901199,37341
96603.911498,37342
96603.923862,37343
96603.933984,37344
96603.944185,37345
96603.955800,37346
96603.965967,37347
96603.976745,37348
96603.986703,37349
96603.999105,37350
96604.008849,37351
96604.019978,37352
96604.030593,37353
96604.039986,37354
96604.050596,37355
96604.059903,37356
96604.069787,37357
96604.080230,37358
96604.089903,37359
96604.100206,37360
96604.109976,37361
96604.121515,37362
96604.132909,37363
96604.143438,37364
96604.153391,37365
96604.163046,37366
96604.172989,37367
96604.182846,37368
96604.195157,37369
96604.206641,37370
96604.218237,37371
96604.227983,37372
96604.237259,37373
96604.254726,37374
96604.273941,37375
96604.286008,37376
96604.298147,37377
96604.309276,37378
96604.320010,37379
96604.329913,37380
96604.340884,37381
96604.351539,37382
96604.361861,37383
96604.373278,37384
96604.383137,37385
96604.393189,37386
96604.403857,37387
96604.413408,37388
96604.423347,37389
96604.435007,37390
96604.444768,37391
96604.459324,37392
96604.470900,37393
96604.481827,37394
96604.492565,37395
96604.503336,37396
96604.514290,37397
96604.524596,37398
96604.535771,37399
96604.547381,37400
96604.557901,37401
96604.569854,37402
96604.580907,37403
96604.591281,37404
96604.601714,37405
96604.612113,37406
96604.622385,37407
96604.633300,37408
96604.644597,37409
96604.654309,37410
96604.667469,37411
96604.678341,37412
96604.688116,37413
96604.698687,37414
96604.709747,37415
96604.722033,37416
96604.731916,37417
96604.742545,37418
96604.753409,37419
96604.763592,37420
96604.774038,37421
96604.784938,37422
96604.796310,37423
96604.808896,37424
96604.821668,37425
96604.835490,37426
96604.848829,37427
96604.859232,37428
96604.869285,37429
96604.879324,37430
96604.890867,37431
96604.900980,37432
96604.912788,37433
96604.922958,37434
96604.935126,37435
96604.945694,37436
96604.956013,37437
96604.965867,37438
96604.975816,37439
96604.987794,37440
96604.999704,37441
96605.011405,37442
96605.022758,37443
96605.034436,37444
96605.044652,37445
96605.055827,37446
96605.067326,37447
96605.077381,37448
96605.088218,37449
96605.100765,37450
96605.112774,37451
96605.122938,37452
96605.135388,37453
96605.145367,37454
96605.155381,37455
96605.165896,37456
96605.175488,37457
96605.185706,37458
96605.195543,37459
96605.205581,37460
96605.216291,37461
96605.226984,37462
96605.236416,37463
96605.247161,37464
96605.257065,37465
96605.268178,37466
96605.278038,37467
96605.288230,37468
96605.302805,37469
96605.312362,37470
96605.322064,37471
96605.333778,37472
96605.343126,37473
96605.352856,37474
96605.362444,37475
96605.373429,37476
96605.383437,37477
96605.393473,37478
96605.405845,37479
96605.415407,37480
96605.426639,37481
96605.438276,37482
96605.448276,37483
96605.459498,37484
96605.469419,37485
96605.479150,37486
96605.488835,37487
96605.499850,37488
96605.511609,37489
96605.523186,37490
96605.532557,37491
96605.541886,37492
96605.551638,37493
96605.560737,37494
96605.570797,37495
96605.581518,37496
96605.593454,37497
96605.603734,37498
96605.615374,37499
96609.706974,37500
96609.722971,37501
96609.735405,37502
96609.750301,37503
96609.761742,37504
96609.772381,37505
96609.786031,37506
96609.799954,37507
96609.812820,37508
96609.824115,37509
96609.834720,37510
96609.844881,37511
96609.856053,37512
96609.868831,37513
96609.879703,37514
96609.891362,37515
96609.901879,37516
96609.913036,37517
96609.922771,37518
96609.935526,37519
96609.946205,37520
96609.956732,37521
96609.967465,37522
96609.979895,37523
96609.991339,37524
96610.005027,37525
96610.018462,37526
96610.030483,37527
96610.040901,37528
96610.052945,37529
96610.064872,37530
96610.077825,37531
96610.091140,37532
96610.105338,37533
96610.115151,37534
96610.126534,37535
96610.136318,37536
96610.146166,37537
96610.156463,37538
96610.165915,37539
96610.175076,37540
96610.186785,37541
96610.196799,37542
96610.209041,37543
96610.218898,37544
96610.232051,37545
96610.242085,37546
96610.252868,37547
96610.262712,37548
96610.274368,37549
96610.287033,37550
96610.299021,37551
96610.311786,37552
96610.321553,37553
96610.334014,37554
96610.344647,37555
96610.354774,37556
96610.364398,37557
96610.377871,37558
96610.390240,37559
96610.403147,37560
96610.414516,37561
96610.424517,37562
96610.435653,37563
96610.445440,37564
96610.455239,37565
96610.464676,37566
96610.478020,37567
96610.490871,37568
96610.502563,37569
96610.512718,37570
96610.525324,37571
96610.537223,37572
96610.547323,37573
96610.560131,37574
96610.573704,37575
96610.587267,37576
96610.599619,37577
96610.613290,37578
96610.626032,37579
96610.636152,37580
96610.650994,37581
96610.665756,37582
96610.678334,37583
96610.690681,37584
96610.703238,37585
96610.715737,37586
96610.726034,37587
96610.737210,37588
96610.747036,37589
96610.758921,37590
96610.771425,37591
96610.781270,37592
96610.792957,37593
96610.804359,37594
96610.815386,37595
96610.825357,37596
96610.835845,37597
96610.845576,37598
96610.855185,37599
96610.867980,37600
96610.878555,37601
96610.889405,37602
96610.901765,37603
96610.911803,37604
96610.922615,37605
96610.937989,37606
96610.948622,37607
96610.960909,37608
96610.971520,37609
96610.982738,37610
96610.995862,37611
96611.008727,37612
96611.021498,37613
96611.032537,37614
96611.045813,37615
96611.056075,37616
96611.066698,37617
96611.076962,37618
96611.090780,37619
96611.101930,37620
96611.112519,37621
96611.123946,37622
96611.136953,37623
96611.149965,37624
96611.160738,37625
96611.170415,37626
96611.182996,37627
96611.193125,37628
96611.202616,37629
96611.214665,37630
96611.225022,37631
96611.238374,37632
96611.249952,37633
96611.261220,37634
96611.272612,37635
96611.283815,37636
96611.294278,37637
96611.305412,37638
96611.318386,37639
96611.330197,37640
96611.342749,37641
96611.356976,37642
96611.367357,37643
96611.379370,37644
96611.393436,37645
96611.406786,37646
96611.418395,37647
96611.429260,37648
96611.443327,37649
96611.454556,37650
96611.468820,37651
96611.482526,37652
96611.495427,37653
96611.508523,37654
96611.519933,37655
96611.530165,37656
96611.540480,37657
96611.552666,37658
96611.565884,37659
96611.575536,37660
96611.585736,37661
96611.598316,37662
96611.609408,37663
96611.621805,37664
96611.632452,37665
96611.644485,37666
96611.655421,37667
96611.664664,37668
96611.674931,37669
96611.685110,37670
96611.695240,37671
96611.705402,37672
96611.715153,37673
96611.725483,37674
96611.737472,37675
96611.749735,37676
96611.761756,37677
96611.774596,37678
96611.784435,37679
96611.794236,37680
96611.803833,37681
96611.813490,37682
96611.823181,37683
96611.835574,37684
96611.845124,37685
96611.854861,37686
96611.868814,37687
96611.878487,37688
96611.889706,37689
96611.901568,37690
96611.913401,37691
96611.924210,37692
96611.935939,37693
96611.949320,37694
96611.959567,37695
96611.970830,37696
96611.981368,37697
96611.991793,37698
96612.002712,37699
96612.017490,37700
96612.028568,37701
96612.042983,37702
96612.054796,37703
96612.066989,37704
96612.077991,37705
96612.089605,37706
96612.101697,37707
96612.112593,37708
96612.125536,37709
96612.136712,37710
96612.148359,37711
96612.162023,37712
96612.172172,37713
96612.185820,37714
96612.196463,37715
96612.213988,37716
96612.231861,37717
96612.248189,37718
96612.258546,37719
96612.269024,37720
96612.280502,37721
96612.294745,37722
96612.307894,37723
96612.320057,37724
96612.331299,37725
96612.342271,37726
96612.352612,37727
96612.362534,37728
96612.374954,37729
96612.385260,37730
96612.395777,37731
96612.409403,37732
96612.421705,37733
96612.432811,37734
96612.443715,37735
96612.454725,37736
96612.465909,37737
96612.476763,37738
96612.487061,37739
96612.499458,37740
96612.512456,37741
96612.525249,37742
96612.535562,37743
96612.548528,37744
96612.559193,37745
96612.572492,37746
96612.583367,37747
96612.597931,37748
96612.608668,37749
96616.252735,37750
96616.270295,37751
96616.286876,37752
96616.302426,37753
96616.319873,37754
96616.334848,37755
96616.350761,37756
96616.366705,37757
96616.381803,37758
96616.396879,37759
96616.413385,37760
96616.431720,37761
96616.447439,37762
96616.463067,37763
96616.477743,37764
96616.493484,37765
96616.510072,37766
96616.524778,37767
96616.542243,37768
96616.558344,37769
96616.574845,37770
96616.590997,37771
96616.607607,37772
96616.624611,37773
96616.641189,37774
96616.658722,37775
96616.675885,37776
96616.693161,37777
96616.708318,37778
96616.725774,37779
96616.741806,37780
96616.758216,37781
96616.774387,37782
96616.791372,37783
96616.807659,37784
96616.824846,37785
96616.840421,37786
96616.856752,37787
96616.872185,37788
96616.890025,37789
96616.906386,37790
96616.923353,37791
96616.940047,37792
96616.955676,37793
96616.972287,37794
96616.988285,37795
96617.003925,37796
96617.018758,37797
96617.036118,37798
96617.053573,37799
96617.067980,37800
96617.083600,37801
96617.099846,37802
96617.115575,37803
96617.131665,37804
96617.147234,37805
96617.163774,37806
96617.180414,37807
96617.197073,37808
96617.212697,37809
96617.228698,37810
96617.244815,37811
96617.259762,37812
96617.275444,37813
96617.291543,37814
96617.307316,37815
96617.321394,37816
96617.338883,37817
96617.352789,37818
96617.368708,37819
96617.383161,37820
96617.398488,37821
96617.414875,37822
96617.429813,37823
96617.446860,37824
96617.463192,37825
96617.479228,37826
96617.496156,37827
96617.511786,37828
96617.528084,37829
96617.543362,37830
96617.558766,37831
96617.576127,37832
96617.590820,37833
96617.605819,37834
96617.621630,37835
96617.638351,37836
96617.654376,37837
96617.669492,37838
96617.683765,37839
96617.698735,37840
96617.715044,37841
96617.730573,37842
96617.744788,37843
96617.760093,37844
96617.774882,37845
96617.791328,37846
96617.805511,37847
96617.820479,37848
96617.834638,37849
96617.852670,37850
96617.868701,37851
96617.885299,37852
96617.901949,37853
96617.918702,37854
96617.934575,37855
96617.949408,37856
96617.965450,37857
96617.981783,37858
96617.998333,37859
96618.015222,37860
96618.031220,37861
96618.047876,37862
96618.063040,37863
96618.078531,37864
96618.095274,37865
96618.110812,37866
96618.127368,37867
96618.145953,37868
96618.162210,37869
96618.178766,37870
96618.196741,37871
96618.212994,37872
96618.228907,37873
96618.243293,37874
96618.258909,37875
96618.273637,37876
96618.289437,37877
96618.306097,37878
96618.320799,37879
96618.336529,37880
96618.353266,37881
96618.369407,37882
96618.385423,37883
96618.400987,37884
96618.417624,37885
96618.432113,37886
96618.447597,37887
96618.463912,37888
96618.479324,37889
96618.495335,37890
96618.513291,37891
96618.529020,37892
96618.547310,37893
96618.562641,37894
96618.578738,37895
96618.595433,37896
96618.611101,37897
96618.625643,37898
96618.643448,37899
96618.660746,37900
96618.678070,37901
96618.693035,37902
96618.708270,37903
96618.724036,37904
96618.739950,37905
96618.756698,37906
96618.774500,37907
96618.790855,37908
96618.807298,37909
96618.823727,37910
96618.839843,37911
96618.857605,37912
96618.873460,37913
96618.889661,37914
96618.907088,37915
96618.923730,37916
96618.939014,37917
96618.955026,37918
96618.971827,37919
96618.985027,37920
96618.999827,37921
96619.013781,37922
96619.030572,37923
96619.044911,37924
96619.060909,37925
96619.077093,37926
96619.093030,37927
96619.107318,37928
96619.123533,37929
96619.139530,37930
96619.155996,37931
96619.172226,37932
96619.187471,37933
96619.201977,37934
96619.219264,37935
96619.235242,37936
96619.250181,37937
96619.264984,37938
96619.280524,37939
96619.295373,37940
96619.312882,37941
96619.326793,37942
96619.342951,37943
96619.357786,37944
96619.376240,37945
96619.393635,37946
96619.411614,37947
96619.426528,37948
96619.443629,37949
96619.461477,37950
96619.477307,37951
96619.494600,37952
96619.509641,37953
96619.524422,37954
96619.541313,37955
96619.559041,37956
96619.575512,37957
96619.592734,37958
96619.609883,37959
96619.626763,37960
96619.643790,37961
96619.661536,37962
96619.678129,37963
96619.694489,37964
96619.712224,37965
96619.728448,37966
96619.744058,37967
96619.759284,37968
96619.773995,37969
96619.791343,37970
96619.806560,37971
96619.822580,37972
96619.838576,37973
96619.854657,37974
96619.870312,37975
96619.886670,37976
96619.901430,37977
96619.918929,37978
96619.933239,37979
96619.948349,37980
96619.963752,37981
96619.980329,37982
96619.994657,37983
96620.011030,37984
96620.026254,37985
96620.042358,37986
96620.058111,37987
96620.073259,37988
96620.089414,37989
96620.104450,37990
96620.120649,37991
96620.137386,37992
96620.153791,37993
96620.169974,37994
96620.186775,37995
96620.201900,37996
96620.218379,37997
96620.233730,37998
96620.248833,37999
96622.443531,38250
96622.459143,38251
96622.468737,38252
96622.477178,38253
96622.486646,38254
96622.496154,38255
96622.505666,38256
96622.514764,38257
96622.523989,38258
96622.533268,38259
96622.542617,38260
96622.551835,38261
96622.560736,38262
96622.570070,38263
96622.579901,38264
96622.589307,38265
96622.599237,38266
96622.608842,38267
96622.618802,38268
96622.628579,38269
96622.638391,38270
96622.648552,38271
96622.658008,38272
96622.668229,38273
96622.679195,38274
96622.690161,38275
96622.700706,38276
96622.710541,38277
96622.719919,38278
96622.729274,38279
96622.738971,38280
96622.748233,38281
96622.757557,38282
96622.767487,38283
96622.777010,38284
96622.786735,38285
96622.795926,38286
96622.806210,38287
96622.816175,38288
96622.826354,38289
96622.835806,38290
96622.845280,38291
96622.854512,38292
96622.863997,38293
96622.873924,38294
96622.884048,38295
96622.893203,38296
96622.903250,38297
96622.913238,38298
96622.923097,38299
96622.935108,38300
96622.944928,38301
96622.954675,38302
96622.964264,38303
96622.974601,38304
96622.984179,38305
96622.993233,38306
96623.002705,38307
96623.012011,38308
96623.021855,38309
96623.031685,38310
96623.041378,38311
96623.050848,38312
96623.060622,38313
96623.070259,38314
96623.080232,38315
96623.089827,38316
96623.099729,38317
96623.108834,38318
96623.118613,38319
96623.127794,38320
96623.137358,38321
96623.146911,38322
96623.156980,38323
96623.166752,38324
96623.176458,38325
96623.186025,38326
96623.195921,38327
96623.205560,38328
96623.215850,38329
96623.225755,38330
96623.235717,38331
96623.245477,38332
96623.255209,38333
96623.264547,38334
96623.275205,38335
96623.284641,38336
96623.294283,38337
96623.303599,38338
96623.313061,38339
96623.322796,38340
96623.332937,38341
96623.343062,38342
96623.353346,38343
96623.363396,38344
96623.373680,38345
96623.383400,38346
96623.393375,38347
96623.403127,38348
96623.413334,38349
96623.422784,38350
96623.432623,38351
96623.442862,38352
96623.452309,38353
96623.461693,38354
96623.471157,38355
96623.480618,38356
96623.490484,38357
96623.499760,38358
96623.510167,38359
96623.519769,38360
96623.529503,38361
96623.539136,38362
96623.549082,38363
96623.558480,38364
96623.568317,38365
96623.578865,38366
96623.588899,38367
96623.598821,38368
96623.609186,38369
96623.618794,38370
96623.628556,38371
96623.637929,38372
96623.647940,38373
96623.657482,38374
96623.667315,38375
96623.677056,38376
96623.686842,38377
96623.696739,38378
96623.706568,38379
96623.716326,38380
96623.726481,38381
96623.736228,38382
96623.746530,38383
96623.756373,38384
96623.766450,38385
96623.775874,38386
96623.786051,38387
96623.795837,38388
96623.805475,38389
96623.815030,38390
96623.824775,38391
96623.834371,38392
96623.844430,38393
96623.853678,38394
96623.863567,38395
96623.872866,38396
96623.882707,38397
96623.892303,38398
96623.901908,38399
96623.913880,38400
96623.924469,38401
96623.934147,38402
96623.943590,38403
96623.952763,38404
96623.962414,38405
96623.971556,38406
96623.981728,38407
96623.991274,38408
96624.001052,38409
96624.010800,38410
96624.020439,38411
96624.030097,38412
96624.039877,38413
96624.049563,38414
96624.059468,38415
96624.069111,38416
96624.079519,38417
96624.088933,38418
96624.098781,38419
96624.108806,38420
96624.118551,38421
96624.128563,38422
96624.138229,38423
96624.147772,38424
96624.157533,38425
96624.166980,38426
96624.177215,38427
96624.186769,38428
96624.196711,38429
96624.206225,38430
96624.216366,38431
96624.226299,38432
96624.235975,38433
96624.245565,38434
96624.255229,38435
96624.264881,38436
96624.274462,38437
96624.283851,38438
96624.293558,38439
96624.303499,38440
96624.313865,38441
96624.323617,38442
96624.333500,38443
96624.343125,38444
96624.352850,38445
96624.362230,38446
96624.372109,38447
96624.381457,38448
96624.391294,38449
96624.400901,38450
96624.410518,38451
96624.420215,38452
96624.429834,38453
96624.439228,38454
96624.449412,38455
96624.458626,38456
96624.468799,38457
96624.478174,38458
96624.488329,38459
96624.497722,38460
96624.507426,38461
96624.517318,38462
96624.527009,38463
96624.536994,38464
96624.546576,38465
96624.556104,38466
96624.566493,38467
96624.576371,38468
96624.586662,38469
96624.596443,38470
96624.606905,38471
96624.616697,38472
96624.628870,38473
96624.639781,38474
96624.650902,38475
96624.660675,38476
96624.671175,38477
96624.681043,38478
96624.691186,38479
96624.700487,38480
96624.710130,38481
96624.719719,38482
96624.729682,38483
96624.739266,38484
96624.749339,38485
96624.759169,38486
96624.769301,38487
96624.778696,38488
96624.788544,38489
96624.797998,38490
96624.808267,38491
96624.817908,38492
96624.827580,38493
96624.837456,38494
96624.847251,38495
96624.857309,38496
96624.867112,38497
96624.876525,38498
96624.886678,38499
96628.621484,38500
96628.636165,38501
96628.646224,38502
96628.657101,38503
96628.669167,38504
96628.684611,38505
96628.695018,38506
96628.704731,38507
96628.714215,38508
96628.724135,38509
96628.734177,38510
96628.743310,38511
96628.753345,38512
96628.762468,38513
96628.771789,38514
96628.783680,38515
96628.794805,38516
96628.804852,38517
96628.814485,38518
96628.824557,38519
96628.834096,38520
96628.844354,38521
96628.853719,38522
96628.862868,38523
96628.872231,38524
96628.882309,38525
96628.891970,38526
96628.902254,38527
96628.912876,38528
96628.922903,38529
96628.934380,38530
96628.944259,38531
96628.956205,38532
96628.965861,38533
96628.976077,38534
96628.986277,38535
96628.996920,38536
96629.006671,38537
96629.017366,38538
96629.026702,38539
96629.036213,38540
96629.046012,38541
96629.057621,38542
96629.067637,38543
96629.076962,38544
96629.086247,38545
96629.095331,38546
96629.105247,38547
96629.116215,38548
96629.125523,38549
96629.138809,38550
96629.149296,38551
96629.157862,38552
96629.166735,38553
96629.176765,38554
96629.186741,38555
96629.196310,38556
96629.206202,38557
96629.216236,38558
96629.226827,38559
96629.237500,38560
96629.247206,38561
96629.256765,38562
96629.265849,38563
96629.276927,38564
96629.287644,38565
96629.296758,38566
96629.307712,38567
96629.316945,38568
96629.327214,38569
96629.337154,38570
96629.349164,38571
96629.359040,38572
96629.369521,38573
96629.380661,38574
96629.389650,38575
96629.400400,38576
96629.411835,38577
96629.421465,38578
96629.431491,38579
96629.441347,38580
96629.451470,38581
96629.460840,38582
96629.469754,38583
96629.479253,38584
96629.489033,38585
96629.499445,38586
96629.509229,38587
96629.518215,38588
96629.527202,38589
96629.537251,38590
96629.547219,38591
96629.557850,38592
96629.567287,38593
96629.576832,38594
96629.586801,38595
96629.596593,38596
96629.605879,38597
96629.616559,38598
96629.625864,38599
96629.635103,38600
96629.647789,38601
96629.658084,38602
96629.667869,38603
96629.678123,38604
96629.688434,38605
96629.700196,38606
96629.709773,38607
96629.719912,38608
96629.729124,38609
96629.738896,38610
96629.749402,38611
96629.759299,38612
96629.769440,38613
96629.781407,38614
96629.792068,38615
96629.803247,38616
96629.812304,38617
96629.821560,38618
96629.831045,38619
96629.841101,38620
96629.851129,38621
96629.862536,38622
96629.872497,38623
96629.883407,38624
96629.892705,38625
96629.903831,38626
96629.913384,38627
96629.923403,38628
96629.932365,38629
96629.943026,38630
96629.952663,38631
96629.963909,38632
96629.973494,38633
96629.983148,38634
96629.992615,38635
96630.004574,38636
96630.013583,38637
96630.025909,38638
96630.036765,38639
96630.048369,38640
96630.061471,38641
96630.071601,38642
96630.081010,38643
96630.090296,38644
96630.104110,38645
96630.115293,38646
96630.124517,38647
96630.133979,38648
96630.143428,38649
96630.155924,38650
96630.166402,38651
96630.175590,38652
96630.185653,38653
96630.195875,38654
96630.205898,38655
96630.218636,38656
96630.228421,38657
96630.237954,38658
96630.249827,38659
96630.263162,38660
96630.274103,38661
96630.283436,38662
96630.293354,38663
96630.303695,38664
96630.314006,38665
96630.323558,38666
96630.334163,38667
96630.345182,38668
96630.354789,38669
96630.365340,38670
96630.374794,38671
96630.384086,38672
96630.393577,38673
96630.403533,38674
96630.413461,38675
96630.423052,38676
96630.432670,38677
96630.442494,38678
96630.451634,38679
96630.461582,38680
96630.471370,38681
96630.481108,38682
96630.491629,38683
96630.500999,38684
96630.511291,38685
96630.520768,38686
96630.530541,38687
96630.540593,38688
96630.550053,38689
96630.561048,38690
96630.571287,38691
96630.581093,38692
96630.590274,38693
96630.600710,38694
96630.610703,38695
96630.620958,38696
96630.630766,38697
96630.641459,38698
96630.650730,38699
96630.660898,38700
96630.671906,38701
96630.681937,38702
96630.692413,38703
96630.702836,38704
96630.712442,38705
96630.722293,38706
96630.731997,38707
96630.741316,38708
96630.751594,38709
96630.761702,38710
96630.771253,38711
96630.781515,38712
96630.790581,38713
96630.800433,38714
96630.809733,38715
96630.819880,38716
96630.830106,38717
96630.839926,38718
96630.849217,38719
96630.858966,38720
96630.868178,38721
96630.879191,38722
96630.888971,38723
96630.901905,38724
96630.911406,38725
96630.922963,38726
96630.933716,38727
96630.943231,38728
96630.952210,38729
96630.964310,38730
96630.973531,38731
96630.983440,38732
96630.993270,38733
96631.002468,38734
96631.013074,38735
96631.023162,38736
96631.034577,38737
96631.045130,38738
96631.055867,38739
96631.065283,38740
96631.074367,38741
96631.085220,38742
96631.094523,38743
96631.104183,38744
96631.116883,38745
96631.126931,38746
96631.137206,38747
96631.148084,38748
96631.159735,38749
96635.199045,38750
96635.212819,38751
96635.226611,38752
96635.237035,38753
96635.247825,38754
96635.258776,38755
96635.270334,38756
96635.280348,38757
96635.292775,38758
96635.302932,38759
96635.314498,38760
96635.328561,38761
96635.338516,38762
96635.349277,38763
96635.358770,38764
96635.370871,38765
96635.382262,38766
96635.392888,38767
96635.402839,38768
96635.412453,38769
96635.422350,38770
96635.431925,38771
96635.442414,38772
96635.452780,38773
96635.462912,38774
96635.473316,38775
96635.483318,38776
96635.493729,38777
96635.503749,38778
96635.515027,38779
96635.527953,38780
96635.540969,38781
96635.550711,38782
96635.560697,38783
96635.570175,38784
96635.582722,38785
96635.593682,38786
96635.603526,38787
96635.615924,38788
96635.626082,38789
96635.637614,38790
96635.650309,38791
96635.660007,38792
96635.669478,38793
96635.679642,38794
96635.691434,38795
96635.701187,38796
96635.710651,38797
96635.722520,38798
96635.734048,38799
96635.747750,38800
96635.759760,38801
96635.769497,38802
96635.779262,38803
96635.789615,38804
96635.798851,38805
96635.808702,38806
96635.818027,38807
96635.831228,38808
96635.840746,38809
96635.853920,38810
96635.864273,38811
96635.874789,38812
96635.886792,38813
96635.896981,38814
96635.906805,38815
96635.918754,38816
96635.929581,38817
96635.942459,38818
96635.953545,38819
96635.966239,38820
96635.979513,38821
96635.988897,38822
96636.001557,38823
96636.014448,38824
96636.024727,38825
96636.035146,38826
96636.048208,38827
96636.061635,38828
96636.072455,38829
96636.081888,38830
96636.092076,38831
96636.101739,38832
96636.113604,38833
96636.123853,38834
96636.133720,38835
96636.143721,38836
96636.153261,38837
96636.164285,38838
96636.174181,38839
96636.185206,38840
96636.197415,38841
96636.209009,38842
96636.224073,38843
96636.235321,38844
96636.248909,38845
96636.260130,38846
96636.270215,38847
96636.281883,38848
96636.295193,38849
96636.307283,38850
96636.317731,38851
96636.328349,38852
96636.338607,38853
96636.348399,38854
96636.358904,38855
96636.370495,38856
96636.381767,38857
96636.391360,38858
96636.403518,38859
96636.416307,38860
96636.425924,38861
96636.438259,38862
96636.449021,38863
96636.459425,38864
96636.469626,38865
96636.479464,38866
96636.492331,38867
96636.502135,38868
96636.512179,38869
96636.525723,38870
96636.535705,38871
96636.547819,38872
96636.559087,38873
96636.569546,38874
96636.580785,38875
96636.592245,38876
96636.604068,38877
96636.613844,38878
96636.627466,38879
96636.637584,38880
96636.647850,38881
96636.658609,38882
96636.668882,38883
96636.679381,38884
96636.690031,38885
96636.700596,38886
96636.710237,38887
96636.720608,38888
96636.730040,38889
96636.740454,38890
96636.750350,38891
96636.762764,38892
96636.774328,38893
96636.786145,38894
96636.798716,38895
96636.808139,38896
96636.819048,38897
96636.828660,38898
96636.840972,38899
96636.857624,38900
96636.869830,38901
96636.879995,38902
96636.890319,38903
96636.901364,38904
96636.914018,38905
96636.926925,38906
96636.937914,38907
96636.949943,38908
96636.964220,38909
96636.976987,38910
96636.988765,38911
96636.998928,38912
96637.008959,38913
96637.022656,38914
96637.033564,38915
96637.043853,38916
96637.054326,38917
96637.065313,38918
96637.075026,38919
96637.085728,38920
96637.096145,38921
96637.109668,38922
96637.122236,38923
96637.132433,38924
96637.142314,38925
96637.154164,38926
96637.166338,38927
96637.175901,38928
96637.186750,38929
96637.199056,38930
96637.208633,38931
96637.221012,38932
96637.231184,38933
96637.242006,38934
96637.254425,38935
96637.265172,38936
96637.275217,38937
96637.286292,38938
96637.296934,38939
96637.306414,38940
96637.319891,38941
96637.329861,38942
96637.342402,38943
96637.354367,38944
96637.364183,38945
96637.375394,38946
96637.384975,38947
96637.394508,38948
96637.403870,38949
96637.415103,38950
96637.425554,38951
96637.439285,38952
96637.452293,38953
96637.462900,38954
96637.474007,38955
96637.486273,38956
96637.498287,38957
96637.507787,38958
96637.517488,38959
96637.528220,38960
96637.539684,38961
96637.551469,38962
96637.563742,38963
96637.578388,38964
96637.592050,38965
96637.602909,38966
96637.616162,38967
96637.628629,38968
96637.641767,38969
96637.652711,38970
96637.662880,38971
96637.674795,38972
96637.685602,38973
96637.698425,38974
96637.710829,38975
96637.720735,38976
96637.730987,38977
96637.744674,38978
96637.757674,38979
96637.767670,38980
96637.781362,38981
96637.792267,38982
96637.804386,38983
96637.817391,38984
96637.828359,38985
96637.840527,38986
96637.851479,38987
96637.864704,38988
96637.874706,38989
96637.885459,38990
96637.898627,38991
96637.908887,38992
96637.918693,38993
96637.931594,38994
96637.942225,38995
96637.954768,38996
96637.964519,38997
96637.974862,38998
96637.985208,38999
96641.754208,39000
96641.768662,39001
96641.783136,39002
96641.796294,39003
96641.809302,39004
96641.822429,39005
96641.835696,39006
96641.849199,39007
96641.861831,39008
96641.877717,39009
96641.891200,39010
96641.906884,39011
96641.923128,39012
96641.938878,39013
96641.951948,39014
96641.965555,39015
96641.979364,39016
96641.993734,39017
96642.008827,39018
96642.024319,39019
96642.036538,39020
96642.051230,39021
96642.065649,39022
96642.079826,39023
96642.095285,39024
96642.110296,39025
96642.124240,39026
96642.137941,39027
96642.151945,39028
96642.167525,39029
96642.184382,39030
96642.200015,39031
96642.212527,39032
96642.227623,39033
96642.240394,39034
96642.253697,39035
96642.267244,39036
96642.280463,39037
96642.292694,39038
96642.306425,39039
96642.318598,39040
96642.330608,39041
96642.344047,39042
96642.357013,39043
96642.371831,39044
96642.385184,39045
96642.398629,39046
96642.412906,39047
96642.427606,39048
96642.440059,39049
96642.455161,39050
96642.469696,39051
96642.482939,39052
96642.494768,39053
96642.507860,39054
96642.520894,39055
96642.534406,39056
96642.549200,39057
96642.565739,39058
96642.580786,39059
96642.594418,39060
96642.607337,39061
96642.619402,39062
96642.634391,39063
96642.648435,39064
96642.661660,39065
96642.676909,39066
96642.689191,39067
96642.702837,39068
96642.716711,39069
96642.731933,39070
96642.744747,39071
96642.757167,39072
96642.771829,39073
96642.785285,39074
96642.800357,39075
96642.816483,39076
96642.832670,39077
96642.846451,39078
96642.860801,39079
96642.874719,39080
96642.890769,39081
96642.903765,39082
96642.918521,39083
96642.932274,39084
96642.946957,39085
96642.960999,39086
96642.975975,39087
96642.990569,39088
96643.004013,39089
96643.018264,39090
96643.033966,39091
96643.047773,39092
96643.061616,39093
96643.074750,39094
96643.090740,39095
96643.106155,39096
96643.119036,39097
96643.134747,39098
96643.147389,39099
96643.163439,39100
96643.179868,39101
96643.195144,39102
96643.210407,39103
96643.227525,39104
96643.242203,39105
96643.256404,39106
96643.272612,39107
96643.289233,39108
96643.303625,39109
96643.317838,39110
96643.332490,39111
96643.348762,39112
96643.362207,39113
96643.378440,39114
96643.394620,39115
96643.408983,39116
96643.424997,39117
96643.440007,39118
96643.452878,39119
96643.467974,39120
96643.481869,39121
96643.495569,39122
96643.509543,39123
96643.526320,39124
96643.541064,39125
96643.554765,39126
96643.568856,39127
96643.584315,39128
96643.598892,39129
96643.614951,39130
96643.628338,39131
96643.642510,39132
96643.655225,39133
96643.670580,39134
96643.683777,39135
96643.697827,39136
96643.712682,39137
96643.725474,39138
96643.739234,39139
96643.752870,39140
96643.767655,39141
96643.780915,39142
96643.793414,39143
96643.806358,39144
96643.819407,39145
96643.832050,39146
96643.848013,39147
96643.862725,39148
96643.877038,39149
96643.893246,39150
96643.907311,39151
96643.920254,39152
96643.934499,39153
96643.948229,39154
96643.960201,39155
96643.973045,39156
96643.987232,39157
96644.001344,39158
96644.014620,39159
96644.028229,39160
96644.042426,39161
96644.055475,39162
96644.068559,39163
96644.081501,39164
96644.094291,39165
96644.107345,39166
96644.120936,39167
96644.134084,39168
96644.148223,39169
96644.161611,39170
96644.174851,39171
96644.188390,39172
96644.203690,39173
96644.219054,39174
96644.235386,39175
96644.249897,39176
96644.263682,39177
96644.277056,39178
96644.291769,39179
96644.305753,39180
96644.320735,39181
96644.334774,39182
96644.347851,39183
96644.362471,39184
96644.376134,39185
96644.391916,39186
96644.405830,39187
96644.422241,39188
96644.435964,39189
96644.452706,39190
96644.468189,39191
96644.482812,39192
96644.497445,39193
96644.512293,39194
96644.529223,39195
96644.543912,39196
96644.557741,39197
96644.573862,39198
96644.590547,39199
96644.604570,39200
96644.618251,39201
96644.634432,39202
96644.649967,39203
96644.664322,39204
96644.676779,39205
96644.691845,39206
96644.705061,39207
96644.719241,39208
96644.733600,39209
96644.746402,39210
96644.759813,39211
96644.772773,39212
96644.788047,39213
96644.802215,39214
96644.815290,39215
96644.829225,39216
96644.844071,39217
96644.856434,39218
96644.869052,39219
96644.884139,39220
96644.897462,39221
96644.913548,39222
96644.926606,39223
96644.941858,39224
96644.954762,39225
96644.969799,39226
96644.981687,39227
96644.995924,39228
96645.009875,39229
96645.023739,39230
96645.037421,39231
96645.052038,39232
96645.066445,39233
96645.079392,39234
96645.094039,39235
96645.108353,39236
96645.120991,39237
96645.133782,39238
96645.147298,39239
96645.162183,39240
96645.175363,39241
96645.188175,39242
96645.203808,39243
96645.217578,39244
96645.232008,39245
96645.245338,39246
96645.258490,39247
96645.274220,39248
96645.289945,39249
96648.152139,39250
96648.164278,39251
96648.175265,39252
96648.187232,39253
96648.197559,39254
96648.207525,39255
96648.217617,39256
96648.228702,39257
96648.239706,39258
96648.250118,39259
96648.259796,39260
96648.270180,39261
96648.279459,39262
96648.289345,39263
96648.298442,39264
96648.308259,39265
96648.317239,39266
96648.326412,39267
96648.335218,39268
96648.344611,39269
96648.353767,39270
96648.363582,39271
96648.372485,39272
96648.381747,39273
96648.390756,39274
96648.399853,39275
96648.409641,39276
96648.419937,39277
96648.429913,39278
96648.439774,39279
96648.450289,39280
96648.459856,39281
96648.469384,39282
96648.479192,39283
96648.487920,39284
96648.496947,39285
96648.506581,39286
96648.516356,39287
96648.526931,39288
96648.536642,39289
96648.545454,39290
96648.555186,39291
96648.564152,39292
96648.573566,39293
96648.582970,39294
96648.591923,39295
96648.601186,39296
96648.610622,39297
96648.619738,39298
96648.629973,39299
96648.641635,39300
96648.650710,39301
96648.660191,39302
96648.669793,39303
96648.679718,39304
96648.688341,39305
96648.697909,39306
96648.706397,39307
96648.715799,39308
96648.724939,39309
96648.734760,39310
96648.744050,39311
96648.753611,39312
96648.762700,39313
96648.771965,39314
96648.780474,39315
96648.789622,39316
96648.798816,39317
96648.808542,39318
96648.821734,39319
96648.831358,39320
96648.840347,39321
96648.849676,39322
96648.858978,39323
96648.867956,39324
96648.877204,39325
96648.886612,39326
96648.896068,39327
96648.905430,39328
96648.914625,39329
96648.923578,39330
96648.932659,39331
96648.941932,39332
96648.951247,39333
96648.960463,39334
96648.969815,39335
96648.978792,39336
96648.988506,39337
96648.997815,39338
96649.008246,39339
96649.018018,39340
96649.027631,39341
96649.037086,39342
96649.046089,39343
96649.055577,39344
96649.064592,39345
96649.073567,39346
96649.083220,39347
96649.092146,39348
96649.101069,39349
96649.110754,39350
96649.119770,39351
96649.128756,39352
96649.138247,39353
96649.147562,39354
96649.156814,39355
96649.166241,39356
96649.175077,39357
96649.184763,39358
96649.194184,39359
96649.203877,39360
96649.212704,39361
96649.222337,39362
96649.231234,39363
96649.240860,39364
96649.249933,39365
96649.259887,39366
96649.269042,39367
96649.278676,39368
96649.287465,39369
96649.297548,39370
96649.306330,39371
96649.315931,39372
96649.325289,39373
96649.335810,39374
96649.345691,39375
96649.355944,39376
96649.365350,39377
96649.375494,39378
96649.384517,39379
96649.395110,39380
96649.404923,39381
96649.414970,39382
96649.423889,39383
96649.433684,39384
96649.442544,39385
96649.452535,39386
96649.461523,39387
96649.471541,39388
96649.480674,39389
96649.490362,39390
96649.499546,39391
96649.509325,39392
96649.518421,39393
96649.528354,39394
96649.537437,39395
96649.547414,39396
96649.556558,39397
96649.566966,39398
96649.576765,39399
96649.589394,39400
96649.598319,39401
96649.608799,39402
96649.618790,39403
96649.629274,39404
96649.639606,39405
96649.651237,39406
96649.660376,39407
96649.670051,39408
96649.679270,39409
96649.689499,39410
96649.698984,39411
96649.708814,39412
96649.717982,39413
96649.727934,39414
96649.737060,39415
96649.747015,39416
96649.756575,39417
96649.766572,39418
96649.777184,39419
96649.788220,39420
96649.798717,39421
96649.808757,39422
96649.817579,39423
96649.827340,39424
96649.836593,39425
96649.846725,39426
96649.856328,39427
96649.865890,39428
96649.875059,39429
96649.884684,39430
96649.893391,39431
96649.902934,39432
96649.912206,39433
96649.921728,39434
96649.930968,39435
96649.940473,39436
96649.949657,39437
96649.959412,39438
96649.968021,39439
96649.977555,39440
96649.986619,39441
96649.996254,39442
96650.005195,39443
96650.014755,39444
96650.023631,39445
96650.033555,39446
96650.042145,39447
96650.051548,39448
96650.060588,39449
96650.070221,39450
96650.079299,39451
96650.089308,39452
96650.098184,39453
96650.107697,39454
96650.116449,39455
96650.125985,39456
96650.135548,39457
96650.145568,39458
96650.154814,39459
96650.164292,39460
96650.173701,39461
96650.183587,39462
96650.192613,39463
96650.202223,39464
96650.211525,39465
96650.221904,39466
96650.230770,39467
96650.240442,39468
96650.249623,39469
96650.259302,39470
96650.268064,39471
96650.277736,39472
96650.286459,39473
96650.296094,39474
96650.305620,39475
96650.315744,39476
96650.324453,39477
96650.333914,39478
96650.342656,39479
96650.352640,39480
96650.361896,39481
96650.371483,39482
96650.380156,39483
96650.389676,39484
96650.398366,39485
96650.408051,39486
96650.417334,39487
96650.427000,39488
96650.436774,39489
96650.446274,39490
96650.455705,39491
96650.465829,39492
96650.474703,39493
96650.484111,39494
96650.492998,39495
96650.502682,39496
96650.511860,39497
96650.521301,39498
96650.530366,39499
96654.472811,39500
96654.483611,39501
96654.494356,39502
96654.504991,39503
96654.514736,39504
96654.525142,39505
96654.536628,39506
96654.549255,39507
96654.564284,39508
96654.577073,39509
96654.587496,39510
96654.598184,39511
96654.609086,39512
96654.619467,39513
96654.630041,39514
96654.640839,39515
96654.652843,39516
96654.662277,39517
96654.672196,39518
96654.682601,39519
96654.693425,39520
96654.704210,39521
96654.713613,39522
96654.723074,39523
96654.732008,39524
96654.741114,39525
96654.750699,39526
96654.760800,39527
96654.770666,39528
96654.781585,39529
96654.792388,39530
96654.801525,39531
96654.810634,39532
96654.820449,39533
96654.829420,39534
96654.839610,39535
96654.849302,39536
96654.860510,39537
96654.869699,39538
96654.879343,39539
96654.888740,39540
96654.898467,39541
96654.908595,39542
96654.918852,39543
96654.929164,39544
96654.938261,39545
96654.948297,39546
96654.958345,39547
96654.967162,39548
96654.976791,39549
96654.988571,39550
96654.998113,39551
96655.007332,39552
96655.017014,39553
96655.027385,39554
96655.037945,39555
96655.048659,39556
96655.058182,39557
96655.068023,39558
96655.077709,39559
96655.087109,39560
96655.096357,39561
96655.105994,39562
96655.117013,39563
96655.128873,39564
96655.140951,39565
96655.152075,39566
96655.162081,39567
96655.173580,39568
96655.183416,39569
96655.192936,39570
96655.202210,39571
96655.212388,39572
96655.223471,39573
96655.232973,39574
96655.243680,39575
96655.254525,39576
96655.264745,39577
96655.275773,39578
96655.285583,39579
96655.296509,39580
96655.306100,39581
96655.316352,39582
96655.326595,39583
96655.336745,39584
96655.346961,39585
96655.357761,39586
96655.368511,39587
96655.378808,39588
96655.391006,39589
96655.401801,39590
96655.413835,39591
96655.423904,39592
96655.433856,39593
96655.445756,39594
96655.457474,39595
96655.470585,39596
96655.480636,39597
96655.490787,39598
96655.500667,39599
96655.510615,39600
96655.519943,39601
96655.532136,39602
96655.546709,39603
96655.557172,39604
96655.570338,39605
96655.580735,39606
96655.591421,39607
96655.602426,39608
96655.612761,39609
96655.623974,39610
96655.634184,39611
96655.646389,39612
96655.658286,39613
96655.669706,39614
96655.679542,39615
96655.689733,39616
96655.701405,39617
96655.712194,39618
96655.723832,39619
96655.734447,39620
96655.745282,39621
96655.755366,39622
96655.766556,39623
96655.776853,39624
96655.788331,39625
96655.800923,39626
96655.811133,39627
96655.820773,39628
96655.831034,39629
96655.842337,39630
96655.852692,39631
96655.862154,39632
96655.873602,39633
96655.883255,39634
96655.894524,39635
96655.904891,39636
96655.914934,39637
96655.925240,39638
96655.937705,39639
96655.947488,39640
96655.958539,39641
96655.969304,39642
96655.981515,39643
96655.991537,39644
96656.001372,39645
96656.011020,39646
96656.020100,39647
96656.030651,39648
96656.042515,39649
96656.054997,39650
96656.066141,39651
96656.077076,39652
96656.087221,39653
96656.098295,39654
96656.109511,39655
96656.119747,39656
96656.129625,39657
96656.140021,39658
96656.149733,39659
96656.161778,39660
96656.171136,39661
96656.182475,39662
96656.192621,39663
96656.203091,39664
96656.212582,39665
96656.223015,39666
96656.233748,39667
96656.244801,39668
96656.254671,39669
96656.265905,39670
96656.275029,39671
96656.285529,39672
96656.294948,39673
96656.306812,39674
96656.316292,39675
96656.326798,39676
96656.337510,39677
96656.349858,39678
96656.358982,39679
96656.368836,39680
96656.380213,39681
96656.390895,39682
96656.400886,39683
96656.411835,39684
96656.421349,39685
96656.431165,39686
96656.440655,39687
96656.451981,39688
96656.462372,39689
96656.471810,39690
96656.483456,39691
96656.493607,39692
96656.503238,39693
96656.513900,39694
96656.525520,39695
96656.536298,39696
96656.545571,39697
96656.556372,39698
96656.566198,39699
96656.577928,39700
96656.587315,39701
96656.597767,39702
96656.607898,39703
96656.617249,39704
96656.628684,39705
96656.639360,39706
96656.650410,39707
96656.660242,39708
96656.670771,39709
96656.679990,39710
96656.690434,39711
96656.700729,39712
96656.712576,39713
96656.721845,39714
96656.731604,39715
96656.741650,39716
96656.751170,39717
96656.760655,39718
96656.770276,39719
96656.779441,39720
96656.788860,39721
96656.800623,39722
96656.810287,39723
96656.821627,39724
96656.831730,39725
96656.842675,39726
96656.852506,39727
96656.863519,39728
96656.874858,39729
96656.884345,39730
96656.896130,39731
96656.907483,39732
96656.918527,39733
96656.928282,39734
96656.938530,39735
96656.948261,39736
96656.958623,39737
96656.968082,39738
96656.977692,39739
96656.989122,39740
96657.001306,39741
96657.010843,39742
96657.022006,39743
96657.031761,39744
96657.042884,39745
96657.053525,39746
96657.063424,39747
96657.073530,39748
96657.084494,39749
96660.939841,39750
96660.952463,39751
96660.966042,39752
96660.979613,39753
96660.989239,39754
96661.003948,39755
96661.017919,39756
96661.031188,39757
96661.043588,39758
96661.054363,39759
96661.064828,39760
96661.075587,39761
96661.089053,39762
96661.099728,39763
96661.111552,39764
96661.121792,39765
96661.135644,39766
96661.151210,39767
96661.161471,39768
96661.172965,39769
96661.185865,39770
96661.196895,39771
96661.207770,39772
96661.220146,39773
96661.230525,39774
96661.242125,39775
96661.253290,39776
96661.265897,39777
96661.276848,39778
96661.286576,39779
96661.298473,39780
96661.309841,39781
96661.321988,39782
96661.334600,39783
96661.345605,39784
96661.355497,39785
96661.366719,39786
96661.376940,39787
96661.389056,39788
96661.399597,39789
96661.410197,39790
96661.420580,39791
96661.435453,39792
96661.448367,39793
96661.461472,39794
96661.475023,39795
96661.485283,39796
96661.499254,39797
96661.510899,39798
96661.525053,39799
96661.537374,39800
96661.551503,39801
96661.561623,39802
96661.572821,39803
96661.582541,39804
96661.593850,39805
96661.604051,39806
96661.617932,39807
96661.628856,39808
96661.642569,39809
96661.653938,39810
96661.664264,39811
96661.678571,39812
96661.690601,39813
96661.701781,39814
96661.714438,39815
96661.724472,39816
96661.737353,39817
96661.751764,39818
96661.761966,39819
96661.775819,39820
96661.788770,39821
96661.798634,39822
96661.810874,39823
96661.821232,39824
96661.831581,39825
96661.842230,39826
96661.852485,39827
96661.864872,39828
96661.877440,39829
96661.887730,39830
96661.900241,39831
96661.911814,39832
96661.922283,39833
96661.932993,39834
96661.947760,39835
96661.961461,39836
96661.971941,39837
96661.981790,39838
96661.992269,39839
96662.002922,39840
96662.014624,39841
96662.024509,39842
96662.034807,39843
96662.046150,39844
96662.056404,39845
96662.068574,39846
96662.078541,39847
96662.090472,39848
96662.100759,39849
96662.113847,39850
96662.124160,39851
96662.136396,39852
96662.149675,39853
96662.161739,39854
96662.171906,39855
96662.182128,39856
96662.191985,39857
96662.205542,39858
96662.218529,39859
96662.231835,39860
96662.242324,39861
96662.252323,39862
96662.264069,39863
96662.276606,39864
96662.289074,39865
96662.300910,39866
96662.311768,39867
96662.323805,39868
96662.337261,39869
96662.350042,39870
96662.362763,39871
96662.375745,39872
96662.388700,39873
96662.400690,39874
96662.413507,39875
96662.427792,39876
96662.441980,39877
96662.456456,39878
96662.467487,39879
96662.481571,39880
96662.494194,39881
96662.505276,39882
96662.517553,39883
96662.530944,39884
96662.541391,39885
96662.552950,39886
96662.563549,39887
96662.574091,39888
96662.587565,39889
96662.599199,39890
96662.610185,39891
96662.624058,39892
96662.635151,39893
96662.645772,39894
96662.655815,39895
96662.668715,39896
96662.679828,39897
96662.689895,39898
96662.700637,39899
96662.715559,39900
96662.725955,39901
96662.738773,39902
96662.752267,39903
96662.763000,39904
96662.775314,39905
96662.788375,39906
96662.798245,39907
96662.810687,39908
96662.820884,39909
96662.831283,39910
96662.844227,39911
96662.856187,39912
96662.867115,39913
96662.878431,39914
96662.889257,39915
96662.899282,39916
96662.909805,39917
96662.921921,39918
96662.934759,39919
96662.945703,39920
96662.959807,39921
96662.970250,39922
96662.981524,39923
96662.991022,39924
96663.001443,39925
96663.015302,39926
96663.027402,39927
96663.038275,39928
96663.048444,39929
96663.060012,39930
96663.073174,39931
96663.085699,39932
96663.096902,39933
96663.107885,39934
96663.117648,39935
96663.127639,39936
96663.137244,39937
96663.148595,39938
96663.162297,39939
96663.175562,39940
96663.185833,39941
96663.195830,39942
96663.206414,39943
96663.219340,39944
96663.230463,39945
96663.241320,39946
96663.252786,39947
96663.262687,39948
96663.275573,39949
96663.287608,39950
96663.297723,39951
96663.310954,39952
96663.321430,39953
96663.335020,39954
96663.345701,39955
96663.359204,39956
96663.371014,39957
96663.381862,39958
96663.394755,39959
96663.404764,39960
96663.416816,39961
96663.429074,39962
96663.439403,39963
96663.450308,39964
96663.461229,39965
96663.473847,39966
96663.484211,39967
96663.496732,39968
96663.506507,39969
96663.516417,39970
96663.528977,39971
96663.538562,39972
96663.551043,39973
96663.560839,39974
96663.571057,39975
96663.583601,39976
96663.596495,39977
96663.607085,39978
96663.620501,39979
96663.631361,39980
96663.641978,39981
96663.655441,39982
96663.668127,39983
96663.678446,39984
96663.691902,39985
96663.704225,39986
96663.715468,39987
96663.727195,39988
96663.737835,39989
96663.749852,39990
96663.760598,39991
96663.773125,39992
96663.783268,39993
96663.794601,39994
96663.806336,39995
96663.818315,39996
96663.829984,39997
96663.843462,39998
96663.855942,39999
96667.588964,40000
96667.607157,40001
96667.625255,40002
96667.643450,40003
96667.660070,40004
96667.677231,40005
96667.693571,40006
96667.708771,40007
96667.725463,40008
96667.742631,40009
96667.759460,40010
96667.777881,40011
96667.793849,40012
96667.810234,40013
96667.827551,40014
96667.843248,40015
96667.861203,40016
96667.878925,40017
96667.895546,40018
96667.912386,40019
96667.929258,40020
96667.946677,40021
96667.963535,40022
96667.982010,40023
96667.999598,40024
96668.017380,40025
96668.034251,40026
96668.052476,40027
96668.069840,40028
96668.088195,40029
96668.106309,40030
96668.123569,40031
96668.141143,40032
96668.159893,40033
96668.177659,40034
96668.194237,40035
96668.211683,40036
96668.229340,40037
96668.246467,40038
96668.263125,40039
96668.280627,40040
96668.296874,40041
96668.313733,40042
96668.329811,40043
96668.347777,40044
96668.364414,40045
96668.381615,40046
96668.396833,40047
96668.413823,40048
96668.429867,40049
96668.449237,40050
96668.465515,40051
96668.484085,40052
96668.502962,40053
96668.519460,40054
96668.537209,40055
96668.554256,40056
96668.573096,40057
96668.590208,40058
96668.608132,40059
96668.627091,40060
96668.643576,40061
96668.658412,40062
96668.675264,40063
96668.691273,40064
96668.707908,40065
96668.725778,40066
96668.741603,40067
96668.759767,40068
96668.775286,40069
96668.790317,40070
96668.805772,40071
96668.822397,40072
96668.839008,40073
96668.854633,40074
96668.872312,40075
96668.888649,40076
96668.905007,40077
96668.921522,40078
96668.938506,40079
96668.955780,40080
96668.971045,40081
96668.986084,40082
96669.003799,40083
96669.020658,40084
96669.037853,40085
96669.053968,40086
96669.072038,40087
96669.089635,40088
96669.106973,40089
96669.123658,40090
96669.141553,40091
96669.158996,40092
96669.175920,40093
96669.192475,40094
96669.209314,40095
96669.228998,40096
96669.250417,40097
96669.269956,40098
96669.288056,40099
96669.308408,40100
96669.329275,40101
96669.347407,40102
96669.363711,40103
96669.381887,40104
96669.399881,40105
96669.416758,40106
96669.433566,40107
96669.452296,40108
96669.468461,40109
96669.486066,40110
96669.503950,40111
96669.519655,40112
96669.537909,40113
96669.556069,40114
96669.579007,40115
96669.597948,40116
96669.617215,40117
96669.635791,40118
96669.654036,40119
96669.669751,40120
96669.687558,40121
96669.702533,40122
96669.718708,40123
96669.737245,40124
96669.753955,40125
96669.769758,40126
96669.785777,40127
96669.801182,40128
96669.819009,40129
96669.837570,40130
96669.855369,40131
96669.872032,40132
96669.889312,40133
96669.905087,40134
96669.923499,40135
96669.940572,40136
96669.958370,40137
96669.974368,40138
96669.992231,40139
96670.008127,40140
96670.025441,40141
96670.043908,40142
96670.061591,40143
96670.079529,40144
96670.097185,40145
96670.115509,40146
96670.134367,40147
96670.151709,40148
96670.168985,40149
96670.191239,40150
96670.207163,40151
96670.225215,40152
96670.247525,40153
96670.264712,40154
96670.281740,40155
96670.298124,40156
96670.315486,40157
96670.331287,40158
96670.347096,40159
96670.363560,40160
96670.379088,40161
96670.396933,40162
96670.414983,40163
96670.430460,40164
96670.446765,40165
96670.462658,40166
96670.479523,40167
96670.493938,40168
96670.510210,40169
96670.526978,40170
96670.542649,40171
96670.558407,40172
96670.574090,40173
96670.591033,40174
96670.608458,40175
96670.625472,40176
96670.642505,40177
96670.659569,40178
96670.675947,40179
96670.692830,40180
96670.710314,40181
96670.725484,40182
96670.744035,40183
96670.759288,40184
96670.775989,40185
96670.792944,40186
96670.810798,40187
96670.828638,40188
96670.845786,40189
96670.860272,40190
96670.877971,40191
96670.895212,40192
96670.912652,40193
96670.929083,40194
96670.946572,40195
96670.962055,40196
96670.979355,40197
96670.995141,40198
96671.010523,40199
96671.026930,40200
96671.044582,40201
96671.060810,40202
96671.076489,40203
96671.092431,40204
96671.108915,40205
96671.124768,40206
96671.141863,40207
96671.158893,40208
96671.174892,40209
96671.189670,40210
96671.206220,40211
96671.222702,40212
96671.240651,40213
96671.257566,40214
96671.274978,40215
96671.295184,40216
96671.315259,40217
96671.333016,40218
96671.350414,40219
96671.366456,40220
96671.384483,40221
96671.400808,40222
96671.417323,40223
96671.435144,40224
96671.452645,40225
96671.467972,40226
96671.483196,40227
96671.499663,40228
96671.518706,40229
96671.536261,40230
96671.553095,40231
96671.572823,40232
96671.587167,40233
96671.603011,40234
96671.618633,40235
96671.636916,40236
96671.653913,40237
96671.669648,40238
96671.686048,40239
96671.703691,40240
96671.721766,40241
96671.738178,40242
96671.753923,40243
96671.770271,40244
96671.788107,40245
96671.804746,40246
96671.822357,40247
96671.840796,40248
96671.857864,40249
96674.199313,40500
96674.211627,40501
96674.220943,40502
96674.230220,40503
96674.240453,40504
96674.250047,40505
96674.259428,40506
96674.269310,40507
96674.279374,40508
96674.289738,40509
96674.300283,40510
96674.310246,40511
96674.319594,40512
96674.329751,40513
96674.339434,40514
96674.349868,40515
96674.359585,40516
96674.369877,40517
96674.379738,40518
96674.390055,40519
96674.399721,40520
96674.410054,40521
96674.420342,40522
96674.430823,40523
96674.441193,40524
96674.451876,40525
96674.461773,40526
96674.471808,40527
96674.481905,40528
96674.492556,40529
96674.503130,40530
96674.513854,40531
96674.523858,40532
96674.533889,40533
96674.543516,40534
96674.554144,40535
96674.564005,40536
96674.574602,40537
96674.585186,40538
96674.595625,40539
96674.605736,40540
96674.617131,40541
96674.627673,40542
96674.637946,40543
96674.647562,40544
96674.658310,40545
96674.668807,40546
96674.678536,40547
96674.689215,40548
96674.699342,40549
96674.710098,40550
96674.720657,40551
96674.730603,40552
96674.740709,40553
96674.750229,40554
96674.760340,40555
96674.770049,40556
96674.780424,40557
96674.790801,40558
96674.801624,40559
96674.811815,40560
96674.821978,40561
96674.832300,40562
96674.843287,40563
96674.853562,40564
96674.863877,40565
96674.873950,40566
96674.884531,40567
96674.894798,40568
96674.905481,40569
96674.915648,40570
96674.926670,40571
96674.936353,40572
96674.947048,40573
96674.957084,40574
96674.968075,40575
96674.978123,40576
96674.989050,40577
96674.999116,40578
96675.009583,40579
96675.019540,40580
96675.029689,40581
96675.039455,40582
96675.049270,40583
96675.059164,40584
96675.069324,40585
96675.079559,40586
96675.089358,40587
96675.100266,40588
96675.110610,40589
96675.120879,40590
96675.130997,40591
96675.140853,40592
96675.151364,40593
96675.161159,40594
96675.171336,40595
96675.180698,40596
96675.191072,40597
96675.200745,40598
96675.211380,40599
96675.224728,40600
96675.235597,40601
96675.245881,40602
96675.256101,40603
96675.265736,40604
96675.275736,40605
96675.285987,40606
96675.296920,40607
96675.306959,40608
96675.317833,40609
96675.327615,40610
96675.338331,40611
96675.348815,40612
96675.360034,40613
96675.370221,40614
96675.380522,40615
96675.390390,40616
96675.400744,40617
96675.410696,40618
96675.421376,40619
96675.431885,40620
96675.441909,40621
96675.451376,40622
96675.461961,40623
96675.472234,40624
96675.482805,40625
96675.498387,40626
96675.509964,40627
96675.519708,40628
96675.529599,40629
96675.540086,40630
96675.550661,40631
96675.561667,40632
96675.573325,40633
96675.584294,40634
96675.595417,40635
96675.605584,40636
96675.615824,40637
96675.625584,40638
96675.635575,40639
96675.645276,40640
96675.655567,40641
96675.664968,40642
96675.675851,40643
96675.686901,40644
96675.698847,40645
96675.708827,40646
96675.719121,40647
96675.729042,40648
96675.739142,40649
96675.748776,40650
96675.758872,40651
96675.768302,40652
96675.777967,40653
96675.787912,40654
96675.797873,40655
96675.807670,40656
96675.817496,40657
96675.827385,40658
96675.837757,40659
96675.847433,40660
96675.857445,40661
96675.867046,40662
96675.876657,40663
96675.886063,40664
96675.896175,40665
96675.906354,40666
96675.916099,40667
96675.925445,40668
96675.935579,40669
96675.945547,40670
96675.955208,40671
96675.964788,40672
96675.974355,40673
96675.983870,40674
96675.993994,40675
96676.004033,40676
96676.013896,40677
96676.024128,40678
96676.034433,40679
96676.043859,40680
96676.053387,40681
96676.063038,40682
96676.073019,40683
96676.082409,40684
96676.092059,40685
96676.101324,40686
96676.111096,40687
96676.120723,40688
96676.130313,40689
96676.140078,40690
96676.149781,40691
96676.159446,40692
96676.169495,40693
96676.178928,40694
96676.188726,40695
96676.199101,40696
96676.209257,40697
96676.219189,40698
96676.229210,40699
96676.241331,40700
96676.251534,40701
96676.261297,40702
96676.271256,40703
96676.281203,40704
96676.290836,40705
96676.300577,40706
96676.310503,40707
96676.319908,40708
96676.329819,40709
96676.339204,40710
96676.349381,40711
96676.358830,40712
96676.368440,40713
96676.378321,40714
96676.388019,40715
96676.397354,40716
96676.407355,40717
96676.417280,40718
96676.427471,40719
96676.437675,40720
96676.448344,40721
96676.458585,40722
96676.468941,40723
96676.478698,40724
96676.489344,40725
96676.499433,40726
96676.509846,40727
96676.519863,40728
96676.530021,40729
96676.539806,40730
96676.550517,40731
96676.560297,40732
96676.570995,40733
96676.580861,40734
96676.592225,40735
96676.602780,40736
96676.613725,40737
96676.624256,40738
96676.635155,40739
96676.645286,40740
96676.656164,40741
96676.666359,40742
96676.676816,40743
96676.686543,40744
96676.696710,40745
96676.706793,40746
96676.717210,40747
96676.727574,40748
96676.737925,40749
96680.403765,40750
96680.416713,40751
96680.428239,40752
96680.438744,40753
96680.450024,40754
96680.460410,40755
96680.470250,40756
96680.480905,40757
96680.490732,40758
96680.503121,40759
96680.513802,40760
96680.524365,40761
96680.534614,40762
96680.544442,40763
96680.554065,40764
96680.563931,40765
96680.574833,40766
96680.585935,40767
96680.596271,40768
96680.606017,40769
96680.616870,40770
96680.626762,40771
96680.636377,40772
96680.645669,40773
96680.655498,40774
96680.665806,40775
96680.675311,40776
96680.684671,40777
96680.694279,40778
96680.704109,40779
96680.713907,40780
96680.723792,40781
96680.733271,40782
96680.742559,40783
96680.753600,40784
96680.762794,40785
96680.777431,40786
96680.787055,40787
96680.796950,40788
96680.805959,40789
96680.815734,40790
96680.826543,40791
96680.839967,40792
96680.851818,40793
96680.862353,40794
96680.872262,40795
96680.881711,40796
96680.891178,40797
96680.900748,40798
96680.910164,40799
96680.919348,40800
96680.929961,40801
96680.939064,40802
96680.948899,40803
96680.958812,40804
96680.967966,40805
96680.977355,40806
96680.987770,40807
96680.997459,40808
96681.008416,40809
96681.018389,40810
96681.028575,40811
96681.038488,40812
96681.047803,40813
96681.057702,40814
96681.068634,40815
96681.078283,40816
96681.088100,40817
96681.096829,40818
96681.106343,40819
96681.115564,40820
96681.128611,40821
96681.138992,40822
96681.149781,40823
96681.160271,40824
96681.168992,40825
96681.178574,40826
96681.188237,40827
96681.197844,40828
96681.207452,40829
96681.217653,40830
96681.229778,40831
96681.240293,40832
96681.249336,40833
96681.258579,40834
96681.268085,40835
96681.277491,40836
96681.287226,40837
96681.296708,40838
96681.306200,40839
96681.316305,40840
96681.326272,40841
96681.339617,40842
96681.348748,40843
96681.358356,40844
96681.367785,40845
96681.379683,40846
96681.388723,40847
96681.399817,40848
96681.410394,40849
96681.422739,40850
96681.432522,40851
96681.441765,40852
96681.451788,40853
96681.461759,40854
96681.472276,40855
96681.482859,40856
96681.493445,40857
96681.503346,40858
96681.513925,40859
96681.524774,40860
96681.533798,40861
96681.548072,40862
96681.559301,40863
96681.571200,40864
96681.583070,40865
96681.593016,40866
96681.602481,40867
96681.614318,40868
96681.624787,40869
96681.636283,40870
96681.645809,40871
96681.655130,40872
96681.665432,40873
96681.675514,40874
96681.684922,40875
96681.695277,40876
96681.707910,40877
96681.719458,40878
96681.729229,40879
96681.742386,40880
96681.754491,40881
96681.764733,40882
96681.774941,40883
96681.784913,40884
96681.795421,40885
96681.805442,40886
96681.815677,40887
96681.825213,40888
96681.835466,40889
96681.845412,40890
96681.855277,40891
96681.866190,40892
96681.877236,40893
96681.886743,40894
96681.897254,40895
96681.907175,40896
96681.917266,40897
96681.927371,40898
96681.936824,40899
96681.952692,40900
96681.964692,40901
96681.974675,40902
96681.985658,40903
96681.997236,40904
96682.007139,40905
96682.016621,40906
96682.028753,40907
96682.038801,40908
96682.052360,40909
96682.063183,40910
96682.073269,40911
96682.084267,40912
96682.095037,40913
96682.104947,40914
96682.115274,40915
96682.124664,40916
96682.134549,40917
96682.145505,40918
96682.156635,40919
96682.167312,40920
96682.179290,40921
96682.191724,40922
96682.202422,40923
96682.213662,40924
96682.223640,40925
96682.233785,40926
96682.243988,40927
96682.253742,40928
96682.267058,40929
96682.276770,40930
96682.288590,40931
96682.300500,40932
96682.310588,40933
96682.322042,40934
96682.332247,40935
96682.342714,40936
96682.352977,40937
96682.364205,40938
96682.375701,40939
96682.385873,40940
96682.396644,40941
96682.407995,40942
96682.418320,40943
96682.428364,40944
96682.439911,40945
96682.449859,40946
96682.459637,40947
96682.469770,40948
96682.479475,40949
96682.492218,40950
96682.502194,40951
96682.512631,40952
96682.523463,40953
96682.534026,40954
96682.543820,40955
96682.553288,40956
96682.564442,40957
96682.575849,40958
96682.587598,40959
96682.599400,40960
96682.610705,40961
96682.622172,40962
96682.634934,40963
96682.645077,40964
96682.654590,40965
96682.665216,40966
96682.676602,40967
96682.686418,40968
96682.697145,40969
96682.708245,40970
96682.719902,40971
96682.729496,40972
96682.739160,40973
96682.748664,40974
96682.761126,40975
96682.771309,40976
96682.783869,40977
96682.793527,40978
96682.803240,40979
96682.813385,40980
96682.823747,40981
96682.833901,40982
96682.844479,40983
96682.853582,40984
96682.863446,40985
96682.873263,40986
96682.882697,40987
96682.892776,40988
96682.902868,40989
96682.913502,40990
96682.923273,40991
96682.932414,40992
96682.941881,40993
96682.952673,40994
96682.962846,40995
96682.973257,40996
96682.983239,40997
96682.992819,40998
96683.002822,40999
96686.990354,41000
96687.000850,41001
96687.010830,41002
96687.022629,41003
96687.033714,41004
96687.043957,41005
96687.054340,41006
96687.064699,41007
96687.078410,41008
96687.089023,41009
96687.099625,41010
96687.113605,41011
96687.124179,41012
96687.134984,41013
96687.146276,41014
96687.156498,41015
96687.166989,41016
96687.176935,41017
96687.190574,41018
96687.201230,41019
96687.211764,41020
96687.226113,41021
96687.239471,41022
96687.251741,41023
96687.266437,41024
96687.277118,41025
96687.287750,41026
96687.298857,41027
96687.310759,41028
96687.321599,41029
96687.332702,41030
96687.343289,41031
96687.353984,41032
96687.363996,41033
96687.374439,41034
96687.385836,41035
96687.395988,41036
96687.406213,41037
96687.416579,41038
96687.429464,41039
96687.440643,41040
96687.450990,41041
96687.463741,41042
96687.473855,41043
96687.485992,41044
96687.496335,41045
96687.508982,41046
96687.519316,41047
96687.530288,41048
96687.542836,41049
96687.553600,41050
96687.564615,41051
96687.574626,41052
96687.588682,41053
96687.599198,41054
96687.609273,41055
96687.620267,41056
96687.631749,41057
96687.642174,41058
96687.655321,41059
96687.669951,41060
96687.681770,41061
96687.695231,41062
96687.705649,41063
96687.716364,41064
96687.726890,41065
96687.738761,41066
96687.750815,41067
96687.762463,41068
96687.774745,41069
96687.785325,41070
96687.797210,41071
96687.807442,41072
96687.818265,41073
96687.829834,41074
96687.840331,41075
96687.852877,41076
96687.864574,41077
96687.874432,41078
96687.887553,41079
96687.898301,41080
96687.908710,41081
96687.921676,41082
96687.934400,41083
96687.946447,41084
96687.958968,41085
96687.970554,41086
96687.984911,41087
96687.998030,41088
96688.009888,41089
96688.022864,41090
96688.034182,41091
96688.044985,41092
96688.057802,41093
96688.069224,41094
96688.078881,41095
96688.089717,41096
96688.099062,41097
96688.112791,41098
96688.125420,41099
96688.141580,41100
96688.152506,41101
96688.162566,41102
96688.174247,41103
96688.184597,41104
96688.195069,41105
96688.206860,41106
96688.217483,41107
96688.229145,41108
96688.245923,41109
96688.260409,41110
96688.274799,41111
96688.288844,41112
96688.301597,41113
96688.314310,41114
96688.325468,41115
96688.338825,41116
96688.350417,41117
96688.360932,41118
96688.375569,41119
96688.386812,41120
96688.397877,41121
96688.408311,41122
96688.418641,41123
96688.430769,41124
96688.444044,41125
96688.454346,41126
96688.468213,41127
96688.479294,41128
96688.492624,41129
96688.504598,41130
96688.518737,41131
96688.529452,41132
96688.541443,41133
96688.551954,41134
96688.562351,41135
96688.575077,41136
96688.585781,41137
96688.596126,41138
96688.608522,41139
96688.619317,41140
96688.630329,41141
96688.639811,41142
96688.651522,41143
96688.661208,41144
96688.674579,41145
96688.684539,41146
96688.694404,41147
96688.704487,41148
96688.714967,41149
96688.728255,41150
96688.738063,41151
96688.750810,41152
96688.763707,41153
96688.776766,41154
96688.787276,41155
96688.798170,41156
96688.810984,41157
96688.820882,41158
96688.832293,41159
96688.844273,41160
96688.855011,41161
96688.865817,41162
96688.876513,41163
96688.890932,41164
96688.904770,41165
96688.917392,41166
96688.927728,41167
96688.938758,41168
96688.949606,41169
96688.963677,41170
96688.974175,41171
96688.988130,41172
96689.000516,41173
96689.010884,41174
96689.020788,41175
96689.030930,41176
96689.043485,41177
96689.054046,41178
96689.064697,41179
96689.077628,41180
96689.091047,41181
96689.102348,41182
96689.112215,41183
96689.125168,41184
96689.138245,41185
96689.151055,41186
96689.162273,41187
96689.174483,41188
96689.186879,41189
96689.197713,41190
96689.207688,41191
96689.218313,41192
96689.229139,41193
96689.240853,41194
96689.250910,41195
96689.261628,41196
96689.272591,41197
96689.282500,41198
96689.293915,41199
96689.306400,41200
96689.317806,41201
96689.328938,41202
96689.340510,41203
96689.350990,41204
96689.363050,41205
96689.373576,41206
96689.384605,41207
96689.397146,41208
96689.407623,41209
96689.418397,41210
96689.429993,41211
96689.439886,41212
96689.451547,41213
96689.463952,41214
96689.477283,41215
96689.488807,41216
96689.498616,41217
96689.510450,41218
96689.520646,41219
96689.531638,41220
96689.545433,41221
96689.555831,41222
96689.568766,41223
96689.579482,41224
96689.590565,41225
96689.602898,41226
96689.614495,41227
96689.628289,41228
96689.639039,41229
96689.649024,41230
96689.659901,41231
96689.670312,41232
96689.680136,41233
96689.691248,41234
96689.704325,41235
96689.715721,41236
96689.728710,41237
96689.739274,41238
96689.749086,41239
96689.761325,41240
96689.771426,41241
96689.783800,41242
96689.794288,41243
96689.804501,41244
96689.815456,41245
96689.829278,41246
96689.839786,41247
96689.850959,41248
96689.861153,41249
96693.570794,41250
96693.586842,41251
96693.601518,41252
96693.617645,41253
96693.632134,41254
96693.647945,41255
96693.660787,41256
96693.676123,41257
96693.691196,41258
96693.706646,41259
96693.719843,41260
96693.733268,41261
96693.745840,41262
96693.759566,41263
96693.772869,41264
96693.785861,41265
96693.799042,41266
96693.814609,41267
96693.828471,41268
96693.841242,41269
96693.854267,41270
96693.869344,41271
96693.883579,41272
96693.897786,41273
96693.913926,41274
96693.928190,41275
96693.940951,41276
96693.954640,41277
96693.967814,41278
96693.980889,41279
96693.996052,41280
96694.009016,41281
96694.024791,41282
96694.040436,41283
96694.054969,41284
96694.066985,41285
96694.081102,41286
96694.097375,41287
96694.111840,41288
96694.125401,41289
96694.140986,41290
96694.155544,41291
96694.168802,41292
96694.180978,41293
96694.195844,41294
96694.209465,41295
96694.223457,41296
96694.238767,41297
96694.252028,41298
96694.267852,41299
96694.282654,41300
96694.296340,41301
96694.311731,41302
96694.328236,41303
96694.342342,41304
96694.358716,41305
96694.373579,41306
96694.386767,41307
96694.401785,41308
96694.416015,41309
96694.431170,41310
96694.445544,41311
96694.460459,41312
96694.475043,41313
96694.489379,41314
96694.502911,41315
96694.516947,41316
96694.532691,41317
96694.547871,41318
96694.561384,41319
96694.574572,41320
96694.587697,41321
96694.602737,41322
96694.618031,41323
96694.632846,41324
96694.646221,41325
96694.659220,41326
96694.673901,41327
96694.687664,41328
96694.700903,41329
96694.714273,41330
96694.726212,41331
96694.739772,41332
96694.753858,41333
96694.767925,41334
96694.782208,41335
96694.795202,41336
96694.807876,41337
96694.822107,41338
96694.836271,41339
96694.850904,41340
96694.864500,41341
96694.879196,41342
96694.892274,41343
96694.905330,41344
96694.918512,41345
96694.933517,41346
96694.947993,41347
96694.964699,41348
96694.980976,41349
96694.999117,41350
96695.013199,41351
96695.028985,41352
96695.043666,41353
96695.057292,41354
96695.073282,41355
96695.089146,41356
96695.103854,41357
96695.119967,41358
96695.137279,41359
96695.153466,41360
96695.167469,41361
96695.183064,41362
96695.200440,41363
96695.213264,41364
96695.227998,41365
96695.241702,41366
96695.255735,41367
96695.269224,41368
96695.283285,41369
96695.298444,41370
96695.312288,41371
96695.325323,41372
96695.340078,41373
96695.356494,41374
96695.370292,41375
96695.383439,41376
96695.398809,41377
96695.411859,41378
96695.428587,41379
96695.441828,41380
96695.455149,41381
96695.470392,41382
96695.486259,41383
96695.498947,41384
96695.514624,41385
96695.529816,41386
96695.543418,41387
96695.556308,41388
96695.569984,41389
96695.584128,41390
96695.600302,41391
96695.614949,41392
96695.630879,41393
96695.646395,41394
96695.659899,41395
96695.677119,41396
96695.691193,41397
96695.706420,41398
96695.721414,41399
96695.737720,41400
96695.751901,41401
96695.766650,41402
96695.779907,41403
96695.797240,41404
96695.813816,41405
96695.828898,41406
96695.843442,41407
96695.856795,41408
96695.870960,41409
96695.884815,41410
96695.899559,41411
96695.914497,41412
96695.929626,41413
96695.944829,41414
96695.958865,41415
96695.972786,41416
96695.989537,41417
96696.006157,41418
96696.022330,41419
96696.037552,41420
96696.051970,41421
96696.065119,41422
96696.079804,41423
96696.092709,41424
96696.106303,41425
96696.119348,41426
96696.132711,41427
96696.148658,41428
96696.161903,41429
96696.175519,41430
96696.189043,41431
96696.203474,41432
96696.218260,41433
96696.231367,41434
96696.245926,41435
96696.261426,41436
96696.277785,41437
96696.290776,41438
96696.305313,41439
96696.318422,41440
96696.332336,41441
96696.347732,41442
96696.361047,41443
96696.376549,41444
96696.391623,41445
96696.406485,41446
96696.420593,41447
96696.435759,41448
96696.449462,41449
96696.467842,41450
96696.482244,41451
96696.495517,41452
96696.510715,41453
96696.525554,41454
96696.541248,41455
96696.558080,41456
96696.574815,41457
96696.589790,41458
96696.604951,41459
96696.618383,41460
96696.631818,41461
96696.645033,41462
96696.659345,41463
96696.675949,41464
96696.689391,41465
96696.703684,41466
96696.717338,41467
96696.732011,41468
96696.746648,41469
96696.760327,41470
96696.773869,41471
96696.788179,41472
96696.803289,41473
96696.818465,41474
96696.831752,41475
96696.844464,41476
96696.860007,41477
96696.874422,41478
96696.888158,41479
96696.900673,41480
96696.912641,41481
96696.925278,41482
96696.940129,41483
96696.954821,41484
96696.967483,41485
96696.983371,41486
96696.996939,41487
96697.010275,41488
96697.025929,41489
96697.038274,41490
96697.051879,41491
96697.066711,41492
96697.080264,41493
96697.095929,41494
96697.110693,41495
96697.124790,41496
96697.138480,41497
96697.153909,41498
96697.168401,41499
96700.220347,41500
96700.231632,41501
96700.241228,41502
96700.251321,41503
96700.261801,41504
96700.272013,41505
96700.281977,41506
96700.291974,41507
96700.303374,41508
96700.313385,41509
96700.323538,41510
96700.333760,41511
96700.344350,41512
96700.354225,41513
96700.365305,41514
96700.375678,41515
96700.386234,41516
96700.397261,41517
96700.407419,41518
96700.417971,41519
96700.428395,41520
96700.438524,41521
96700.448969,41522
96700.458924,41523
96700.469638,41524
96700.479505,41525
96700.489970,41526
96700.500342,41527
96700.511022,41528
96700.521399,41529
96700.531630,41530
96700.541807,41531
96700.552610,41532
96700.563064,41533
96700.573790,41534
96700.585730,41535
96700.596846,41536
96700.607472,41537
96700.618333,41538
96700.628641,41539
96700.640094,41540
96700.650394,41541
96700.662022,41542
96700.672770,41543
96700.683875,41544
96700.694095,41545
96700.704833,41546
96700.714886,41547
96700.725396,41548
96700.735648,41549
96700.746336,41550
96700.756420,41551
96700.767305,41552
96700.777272,41553
96700.787355,41554
96700.796951,41555
96700.806780,41556
96700.817015,41557
96700.827583,41558
96700.837398,41559
96700.847506,41560
96700.857598,41561
96700.867547,41562
96700.877524,41563
96700.887496,41564
96700.897092,41565
96700.906976,41566
96700.916672,41567
96700.926614,41568
96700.936206,41569
96700.945868,41570
96700.955616,41571
96700.965207,41572
96700.974883,41573
96700.984543,41574
96700.994211,41575
96701.003740,41576
96701.013526,41577
96701.023721,41578
96701.032957,41579
96701.042411,41580
96701.051848,41581
96701.062946,41582
96701.073502,41583
96701.083693,41584
96701.093644,41585
96701.104189,41586
96701.114212,41587
96701.124340,41588
96701.135327,41589
96701.145735,41590
96701.155831,41591
96701.166661,41592
96701.176752,41593
96701.186772,41594
96701.196681,41595
96701.206517,41596
96701.217062,41597
96701.227596,41598
96701.239784,41599
96701.254541,41600
96701.264501,41601
96701.274674,41602
96701.284733,41603
96701.295641,41604
96701.305812,41605
96701.316139,41606
96701.326059,41607
96701.336836,41608
96701.346709,41609
96701.357039,41610
96701.366572,41611
96701.376773,41612
96701.386921,41613
96701.397374,41614
96701.407317,41615
96701.417655,41616
96701.427511,41617
96701.437840,41618
96701.448615,41619
96701.458798,41620
96701.468619,41621
96701.478842,41622
96701.488771,41623
96701.498990,41624
96701.508651,41625
96701.518794,41626
96701.528613,41627
96701.539151,41628
96701.548883,41629
96701.559352,41630
96701.570536,41631
96701.582037,41632
96701.592558,41633
96701.602931,41634
96701.613845,41635
96701.624824,41636
96701.635063,41637
96701.646286,41638
96701.657060,41639
96701.667294,41640
96701.676899,41641
96701.687229,41642
96701.696930,41643
96701.706657,41644
96701.716283,41645
96701.726105,41646
96701.736528,41647
96701.746389,41648
96701.756718,41649
96701.766867,41650
96701.777651,41651
96701.787729,41652
96701.798236,41653
96701.808947,41654
96701.819537,41655
96701.829991,41656
96701.840566,41657
96701.850925,41658
96701.861370,41659
96701.871577,41660
96701.881724,41661
96701.892245,41662
96701.902716,41663
96701.912980,41664
96701.923370,41665
96701.934011,41666
96701.944345,41667
96701.955054,41668
96701.965844,41669
96701.976436,41670
96701.986878,41671
96701.996997,41672
96702.007527,41673
96702.018039,41674
96702.028420,41675
96702.038224,41676
96702.049123,41677
96702.059466,41678
96702.069765,41679
96702.079672,41680
96702.089365,41681
96702.099516,41682
96702.108835,41683
96702.118700,41684
96702.128271,41685
96702.138744,41686
96702.148307,41687
96702.157812,41688
96702.168117,41689
96702.178201,41690
96702.188095,41691
96702.197814,41692
96702.207152,41693
96702.217017,41694
96702.227536,41695
96702.237386,41696
96702.247038,41697
96702.257522,41698
96702.267311,41699
96702.280440,41700
96702.290451,41701
96702.300494,41702
96702.310459,41703
96702.320239,41704
96702.329959,41705
96702.340808,41706
96702.350452,41707
96702.360702,41708
96702.371479,41709
96702.381894,41710
96702.391330,41711
96702.401217,41712
96702.411873,41713
96702.421898,41714
96702.431868,41715
96702.441772,41716
96702.452313,41717
96702.462411,41718
96702.472330,41719
96702.482264,41720
96702.491742,41721
96702.501515,41722
96702.511721,41723
96702.522939,41724
96702.532873,41725
96702.543292,41726
96702.553004,41727
96702.563658,41728
96702.573892,41729
96702.584389,41730
96702.594914,41731
96702.605239,41732
96702.615751,41733
96702.626273,41734
96702.636315,41735
96702.646798,41736
96702.657265,41737
96702.667652,41738
96702.677674,41739
96702.688401,41740
96702.698771,41741
96702.709288,41742
96702.719291,41743
96702.729943,41744
96702.740286,41745
96702.751040,41746
96702.761157,41747
96702.771597,41748
96702.781720,41749
96706.798769,41750
96706.810038,41751
96706.821023,41752
96706.831625,41753
96706.844338,41754
96706.855316,41755
96706.869446,41756
96706.880543,41757
96706.892543,41758
96706.904043,41759
96706.915044,41760
96706.926142,41761
96706.938291,41762
96706.949711,41763
96706.960785,41764
96706.972024,41765
96706.982411,41766
96706.994512,41767
96707.005403,41768
96707.015809,41769
96707.025791,41770
96707.036099,41771
96707.048394,41772
96707.058774,41773
96707.069230,41774
96707.079839,41775
96707.091785,41776
96707.101977,41777
96707.112486,41778
96707.122846,41779
96707.132649,41780
96707.142440,41781
96707.152379,41782
96707.162430,41783
96707.171771,41784
96707.183882,41785
96707.193740,41786
96707.203322,41787
96707.213160,41788
96707.223891,41789
96707.234424,41790
96707.245322,41791
96707.255578,41792
96707.266407,41793
96707.276275,41794
96707.288280,41795
96707.298009,41796
96707.308686,41797
96707.318734,41798
96707.329480,41799
96707.339590,41800
96707.350690,41801
96707.361617,41802
96707.372260,41803
96707.383934,41804
96707.393869,41805
96707.404270,41806
96707.413910,41807
96707.425690,41808
96707.435929,41809
96707.445952,41810
96707.456288,41811
96707.465795,41812
96707.475596,41813
96707.487283,41814
96707.496473,41815
96707.507783,41816
96707.517345,41817
96707.527338,41818
96707.537285,41819
96707.547618,41820
96707.557513,41821
96707.568303,41822
96707.580416,41823
96707.592670,41824
96707.603212,41825
96707.613649,41826
96707.623924,41827
96707.635326,41828
96707.645029,41829
96707.656865,41830
96707.668607,41831
96707.679323,41832
96707.690897,41833
96707.703464,41834
96707.714312,41835
96707.724866,41836
96707.736636,41837
96707.747291,41838
96707.757863,41839
96707.768245,41840
96707.778586,41841
96707.790490,41842
96707.801018,41843
96707.811034,41844
96707.822956,41845
96707.832951,41846
96707.845030,41847
96707.857938,41848
96707.869229,41849
96707.883039,41850
96707.893654,41851
96707.903982,41852
96707.914349,41853
96707.925020,41854
96707.934794,41855
96707.946573,41856
96707.956505,41857
96707.966977,41858
96707.978304,41859
96707.988125,41860
96707.999541,41861
96708.011350,41862
96708.021567,41863
96708.031372,41864
96708.041653,41865
96708.051926,41866
96708.061926,41867
96708.073694,41868
96708.084659,41869
96708.095810,41870
96708.106224,41871
96708.117594,41872
96708.127994,41873
96708.138038,41874
96708.147581,41875
96708.157326,41876
96708.167601,41877
96708.178285,41878
96708.188637,41879
96708.199018,41880
96708.210865,41881
96708.221118,41882
96708.230698,41883
96708.241705,41884
96708.252339,41885
96708.262514,41886
96708.273446,41887
96708.282881,41888
96708.292696,41889
96708.303777,41890
96708.313734,41891
96708.323501,41892
96708.332903,41893
96708.344199,41894
96708.355872,41895
96708.366399,41896
96708.376298,41897
96708.385511,41898
96708.394816,41899
96708.406531,41900
96708.417569,41901
96708.428484,41902
96708.438886,41903
96708.448757,41904
96708.457861,41905
96708.467725,41906
96708.480539,41907
96708.490080,41908
96708.499846,41909
96708.509876,41910
96708.521665,41911
96708.532921,41912
96708.543207,41913
96708.553689,41914
96708.563381,41915
96708.573811,41916
96708.584323,41917
96708.595815,41918
96708.607078,41919
96708.620251,41920
96708.631999,41921
96708.642585,41922
96708.652550,41923
96708.663212,41924
96708.674170,41925
96708.686270,41926
96708.698201,41927
96708.708879,41928
96708.720321,41929
96708.730999,41930
96708.741439,41931
96708.752734,41932
96708.763568,41933
96708.775828,41934
96708.785709,41935
96708.795588,41936
96708.804951,41937
96708.816431,41938
96708.825728,41939
96708.835489,41940
96708.846280,41941
96708.857507,41942
96708.867108,41943
96708.876475,41944
96708.887106,41945
96708.898448,41946
96708.908742,41947
96708.919766,41948
96708.931666,41949
96708.944821,41950
96708.954654,41951
96708.964414,41952
96708.974550,41953
96708.985759,41954
96708.996335,41955
96709.007746,41956
96709.019565,41957
96709.029953,41958
96709.042959,41959
96709.054068,41960
96709.063693,41961
96709.074778,41962
96709.084919,41963
96709.094911,41964
96709.104637,41965
96709.114189,41966
96709.126157,41967
96709.136386,41968
96709.145548,41969
96709.155703,41970
96709.165260,41971
96709.175868,41972
96709.187176,41973
96709.197009,41974
96709.206536,41975
96709.217421,41976
96709.226932,41977
96709.238382,41978
96709.247958,41979
96709.259922,41980
96709.270399,41981
96709.282043,41982
96709.292670,41983
96709.306904,41984
96709.321981,41985
96709.331730,41986
96709.343167,41987
96709.354013,41988
96709.366629,41989
96709.376210,41990
96709.386240,41991
96709.397483,41992
96709.408543,41993
96709.418008,41994
96709.428553,41995
96709.439926,41996
96709.449085,41997
96709.459292,41998
96709.469483,41999
96713.668312,42000
96713.678591,42001
96713.688889,42002
96713.701783,42003
96713.715387,42004
96713.726043,42005
96713.737679,42006
96713.750183,42007
96713.764084,42008
96713.778329,42009
96713.790698,42010
96713.804080,42011
96713.815681,42012
96713.830358,42013
96713.843803,42014
96713.854680,42015
96713.869394,42016
96713.881682,42017
96713.893982,42018
96713.904552,42019
96713.917884,42020
96713.928721,42021
96713.939512,42022
96713.949890,42023
96713.960473,42024
96713.971410,42025
96713.985657,42026
96713.996676,42027
96714.009171,42028
96714.021338,42029
96714.034021,42030
96714.044856,42031
96714.057130,42032
96714.069802,42033
96714.082551,42034
96714.092832,42035
96714.103544,42036
96714.113725,42037
96714.124905,42038
96714.137769,42039
96714.148244,42040
96714.158373,42041
96714.171614,42042
96714.184534,42043
96714.197968,42044
96714.210613,42045
96714.220872,42046
96714.233696,42047
96714.245212,42048
96714.257052,42049
96714.268776,42050
96714.278644,42051
96714.291014,42052
96714.305818,42053
96714.318788,42054
96714.332457,42055
96714.346094,42056
96714.361722,42057
96714.377120,42058
96714.387239,42059
96714.398185,42060
96714.408187,42061
96714.420754,42062
96714.433351,42063
96714.444675,42064
96714.457182,42065
96714.470075,42066
96714.481165,42067
96714.490948,42068
96714.505169,42069
96714.518491,42070
96714.540394,42071
96714.559275,42072
96714.577076,42073
96714.588862,42074
96714.601323,42075
96714.612388,42076
96714.625688,42077
96714.638424,42078
96714.651107,42079
96714.662706,42080
96714.672591,42081
96714.684931,42082
96714.696514,42083
96714.707495,42084
96714.718398,42085
96714.730682,42086
96714.742050,42087
96714.753662,42088
96714.763889,42089
96714.774447,42090
96714.786839,42091
96714.799233,42092
96714.811495,42093
96714.822823,42094
96714.836830,42095
96714.849711,42096
96714.862972,42097
96714.874642,42098
96714.888146,42099
96714.901148,42100
96714.911635,42101
96714.922273,42102
96714.932466,42103
96714.944359,42104
96714.954538,42105
96714.964378,42106
96714.976664,42107
96714.986493,42108
96714.998835,42109
96715.009372,42110
96715.020375,42111
96715.030252,42112
96715.040758,42113
96715.053518,42114
96715.067078,42115
96715.081595,42116
96715.094264,42117
96715.107826,42118
96715.120028,42119
96715.129725,42120
96715.141818,42121
96715.153284,42122
96715.163779,42123
96715.174508,42124
96715.184926,42125
96715.196607,42126
96715.209106,42127
96715.222598,42128
96715.235922,42129
96715.250246,42130
96715.260940,42131
96715.273471,42132
96715.283987,42133
96715.297190,42134
96715.308063,42135
96715.318333,42136
96715.328567,42137
96715.338879,42138
96715.349456,42139
96715.361411,42140
96715.375236,42141
96715.386826,42142
96715.399840,42143
96715.410568,42144
96715.424520,42145
96715.437315,42146
96715.447912,42147
96715.457915,42148
96715.469056,42149
96715.479748,42150
96715.490308,42151
96715.500272,42152
96715.512603,42153
96715.525143,42154
96715.536800,42155
96715.546521,42156
96715.558818,42157
96715.569762,42158
96715.580853,42159
96715.592673,42160
96715.603509,42161
96715.614699,42162
96715.625817,42163
96715.635823,42164
96715.648054,42165
96715.660082,42166
96715.671921,42167
96715.684343,42168
96715.694103,42169
96715.705371,42170
96715.718412,42171
96715.728956,42172
96715.738705,42173
96715.749989,42174
96715.760605,42175
96715.770686,42176
96715.783270,42177
96715.795768,42178
96715.807990,42179
96715.818505,42180
96715.832119,42181
96715.843292,42182
96715.853166,42183
96715.864129,42184
96715.876905,42185
96715.887990,42186
96715.900216,42187
96715.913741,42188
96715.927458,42189
96715.938232,42190
96715.947995,42191
96715.958329,42192
96715.967977,42193
96715.978359,42194
96715.988696,42195
96715.999078,42196
96716.009317,42197
96716.022450,42198
96716.034923,42199
96716.047817,42200
96716.061480,42201
96716.074361,42202
96716.087111,42203
96716.099720,42204
96716.110297,42205
96716.121788,42206
96716.132359,42207
96716.144783,42208
96716.155199,42209
96716.166308,42210
96716.180256,42211
96716.193281,42212
96716.205671,42213
96716.215460,42214
96716.226569,42215
96716.237253,42216
96716.249521,42217
96716.261391,42218
96716.271860,42219
96716.285479,42220
96716.297754,42221
96716.308356,42222
96716.320018,42223
96716.330776,42224
96716.340700,42225
96716.350384,42226
96716.363660,42227
96716.375989,42228
96716.388229,42229
96716.398538,42230
96716.408353,42231
96716.421466,42232
96716.431243,42233
96716.445619,42234
96716.455816,42235
96716.468585,42236
96716.478830,42237
96716.490933,42238
96716.504676,42239
96716.514567,42240
96716.525658,42241
96716.535232,42242
96716.545317,42243
96716.556582,42244
96716.570240,42245
96716.581200,42246
96716.592916,42247
96716.603578,42248
96716.614062,42249
96720.278844,42250
96720.295118,42251
96720.311891,42252
96720.327083,42253
96720.344724,42254
96720.361448,42255
96720.378369,42256
96720.394338,42257
96720.410905,42258
96720.428283,42259
96720.444336,42260
96720.464156,42261
96720.481615,42262
96720.498481,42263
96720.516197,42264
96720.534245,42265
96720.551510,42266
96720.567422,42267
96720.585017,42268
96720.600688,42269
96720.616861,42270
96720.633756,42271
96720.648860,42272
96720.664666,42273
96720.682268,42274
96720.697563,42275
96720.714532,42276
96720.732336,42277
96720.750412,42278
96720.768426,42279
96720.786462,42280
96720.804057,42281
96720.821919,42282
96720.836805,42283
96720.852994,42284
96720.867525,42285
96720.884283,42286
96720.901328,42287
96720.917873,42288
96720.933366,42289
96720.949182,42290
96720.966334,42291
96720.983276,42292
96720.999763,42293
96721.015665,42294
96721.030644,42295
96721.046433,42296
96721.062654,42297
96721.079424,42298
96721.095339,42299
96721.112456,42300
96721.127778,42301
96721.143115,42302
96721.159190,42303
96721.174212,42304
96721.188966,42305
96721.205069,42306
96721.221494,42307
96721.237344,42308
96721.252935,42309
96721.269718,42310
96721.284736,42311
96721.299334,42312
96721.313312,42313
96721.329352,42314
96721.346196,42315
96721.363982,42316
96721.382738,42317
96721.397790,42318
96721.413434,42319
96721.430522,42320
96721.447626,42321
96721.464311,42322
96721.479246,42323
96721.494400,42324
96721.511950,42325
96721.527712,42326
96721.544290,42327
96721.560512,42328
96721.578742,42329
96721.595732,42330
96721.612479,42331
96721.627975,42332
96721.643957,42333
96721.660541,42334
96721.677432,42335
96721.692463,42336
96721.709511,42337
96721.725950,42338
96721.739849,42339
96721.755504,42340
96721.772376,42341
96721.789259,42342
96721.805813,42343
96721.820690,42344
96721.837381,42345
96721.852438,42346
96721.869512,42347
96721.885345,42348
96721.900483,42349
96721.918699,42350
96721.934287,42351
96721.949263,42352
96721.964337,42353
96721.978751,42354
96721.994287,42355
96722.009678,42356
96722.025580,42357
96722.040609,42358
96722.056421,42359
96722.072062,42360
96722.088470,42361
96722.104681,42362
96722.121405,42363
96722.138251,42364
96722.155949,42365
96722.172217,42366
96722.189924,42367
96722.206765,42368
96722.225142,42369
96722.241752,42370
96722.257498,42371
96722.275296,42372
96722.291696,42373
96722.308013,42374
96722.324167,42375
96722.340612,42376
96722.357732,42377
96722.373050,42378
96722.389902,42379
96722.406916,42380
96722.424184,42381
96722.441748,42382
96722.458592,42383
96722.475121,42384
96722.490183,42385
96722.506073,42386
96722.522159,42387
96722.539528,42388
96722.556336,42389
96722.583968,42390
96722.611324,42391
96722.628599,42392
96722.643883,42393
96722.659594,42394
96722.675694,42395
96722.692183,42396
96722.709431,42397
96722.725268,42398
96722.743217,42399
96722.759882,42400
96722.778267,42401
96722.794762,42402
96722.811937,42403
96722.829223,42404
96722.847328,42405
96722.865721,42406
96722.882350,42407
96722.899505,42408
96722.916660,42409
96722.933520,42410
96722.949869,42411
96722.967201,42412
96722.984779,42413
96723.001551,42414
96723.018856,42415
96723.034963,42416
96723.053250,42417
96723.070904,42418
96723.086263,42419
96723.104139,42420
96723.121940,42421
96723.139203,42422
96723.156820,42423
96723.171355,42424
96723.188276,42425
96723.205702,42426
96723.222960,42427
96723.241146,42428
96723.259905,42429
96723.277733,42430
96723.295257,42431
96723.313034,42432
96723.331938,42433
96723.348080,42434
96723.363951,42435
96723.380441,42436
96723.396765,42437
96723.413739,42438
96723.431498,42439
96723.447289,42440
96723.465603,42441
96723.481383,42442
96723.499829,42443
96723.517147,42444
96723.532983,42445
96723.548648,42446
96723.564071,42447
96723.581559,42448
96723.598937,42449
96723.617786,42450
96723.633419,42451
96723.650132,42452
96723.667465,42453
96723.683984,42454
96723.701755,42455
96723.719369,42456
96723.736538,42457
96723.753632,42458
96723.770750,42459
96723.788041,42460
96723.802768,42461
96723.819772,42462
96723.835993,42463
96723.853335,42464
96723.868948,42465
96723.883807,42466
96723.900873,42467
96723.918362,42468
96723.933620,42469
96723.950117,42470
96723.968386,42471
96723.985589,42472
96724.002744,42473
96724.019045,42474
96724.035610,42475
96724.052786,42476
96724.069076,42477
96724.084784,42478
96724.102771,42479
96724.120944,42480
96724.139278,42481
96724.155703,42482
96724.172482,42483
96724.190587,42484
96724.205803,42485
96724.221070,42486
96724.238523,42487
96724.255811,42488
96724.273899,42489
96724.291956,42490
96724.310475,42491
96724.328518,42492
96724.343944,42493
96724.360805,42494
96724.377834,42495
96724.395498,42496
96724.413182,42497
96724.430939,42498
96724.448671,42499
96726.761661,42750
96726.772017,42751
96726.782283,42752
96726.791801,42753
96726.802413,42754
96726.812789,42755
96726.823876,42756
96726.834042,42757
96726.845341,42758
96726.855489,42759
96726.866809,42760
96726.877367,42761
96726.888810,42762
96726.898989,42763
96726.909037,42764
96726.919073,42765
96726.930463,42766
96726.940312,42767
96726.951497,42768
96726.963013,42769
96726.975010,42770
96726.985677,42771
96726.996387,42772
96727.006747,42773
96727.016547,42774
96727.027289,42775
96727.037147,42776
96727.048020,42777
96727.058392,42778
96727.068775,42779
96727.079212,42780
96727.090078,42781
96727.099965,42782
96727.110443,42783
96727.120525,42784
96727.131495,42785
96727.141573,42786
96727.151455,42787
96727.162017,42788
96727.172080,42789
96727.181547,42790
96727.191585,42791
96727.202140,42792
96727.212571,42793
96727.222574,42794
96727.232485,42795
96727.243082,42796
96727.253558,42797
96727.263522,42798
96727.273326,42799
96727.285945,42800
96727.296993,42801
96727.307401,42802
96727.317510,42803
96727.327323,42804
96727.337402,42805
96727.346938,42806
96727.356926,42807
96727.367803,42808
96727.377766,42809
96727.388590,42810
96727.398492,42811
96727.409517,42812
96727.419974,42813
96727.430050,42814
96727.440831,42815
96727.451120,42816
96727.460868,42817
96727.471608,42818
96727.481797,42819
96727.491746,42820
96727.502105,42821
96727.511968,42822
96727.522133,42823
96727.532673,42824
96727.543016,42825
96727.553612,42826
96727.564387,42827
96727.575389,42828
96727.585685,42829
96727.596439,42830
96727.606672,42831
96727.616991,42832
96727.627372,42833
96727.638070,42834
96727.649522,42835
96727.659299,42836
96727.669876,42837
96727.680258,42838
96727.690956,42839
96727.700963,42840
96727.710583,42841
96727.720776,42842
96727.731372,42843
96727.742033,42844
96727.752069,42845
96727.763068,42846
96727.773491,42847
96727.783529,42848
96727.793813,42849
96727.805023,42850
96727.814893,42851
96727.825382,42852
96727.835464,42853
96727.847150,42854
96727.857072,42855
96727.867790,42856
96727.877799,42857
96727.888796,42858
96727.898681,42859
96727.908760,42860
96727.918678,42861
96727.929757,42862
96727.939969,42863
96727.950702,42864
96727.960557,42865
96727.971309,42866
96727.981273,42867
96727.991467,42868
96728.001783,42869
96728.012717,42870
96728.022597,42871
96728.033355,42872
96728.043630,42873
96728.053554,42874
96728.063774,42875
96728.073658,42876
96728.084028,42877
96728.094795,42878
96728.104725,42879
96728.115631,42880
96728.126889,42881
96728.138031,42882
96728.147795,42883
96728.157336,42884
96728.167804,42885
96728.177808,42886
96728.188644,42887
96728.199809,42888
96728.210070,42889
96728.219876,42890
96728.230237,42891
96728.240496,42892
96728.251092,42893
96728.260753,42894
96728.270752,42895
96728.282640,42896
96728.292856,42897
96728.303528,42898
96728.313777,42899
96728.327597,42900
96728.337375,42901
96728.347275,42902
96728.357258,42903
96728.367879,42904
96728.377582,42905
96728.387958,42906
96728.397726,42907
96728.408844,42908
96728.418696,42909
96728.429212,42910
96728.439388,42911
96728.450413,42912
96728.460369,42913
96728.471055,42914
96728.481321,42915
96728.491744,42916
96728.502058,42917
96728.512569,42918
96728.522835,42919
96728.533111,42920
96728.543271,42921
96728.553821,42922
96728.564357,42923
96728.575801,42924
96728.585866,42925
96728.596707,42926
96728.606898,42927
96728.617247,42928
96728.627529,42929
96728.638597,42930
96728.649924,42931
96728.660444,42932
96728.670700,42933
96728.680805,42934
96728.690591,42935
96728.701112,42936
96728.710652,42937
96728.721370,42938
96728.731745,42939
96728.742418,42940
96728.752266,42941
96728.763141,42942
96728.773765,42943
96728.784106,42944
96728.794096,42945
96728.805108,42946
96728.815322,42947
96728.825809,42948
96728.835536,42949
96728.846644,42950
96728.856773,42951
96728.867601,42952
96728.877885,42953
96728.889245,42954
96728.899616,42955
96728.909534,42956
96728.920577,42957
96728.932417,42958
96728.942868,42959
96728.954301,42960
96728.965096,42961
96728.975693,42962
96728.985608,42963
96728.995751,42964
96729.006361,42965
96729.016084,42966
96729.025864,42967
96729.036378,42968
96729.048134,42969
96729.059206,42970
96729.071106,42971
96729.082406,42972
96729.092121,42973
96729.102269,42974
96729.112050,42975
96729.123141,42976
96729.133041,42977
96729.143702,42978
96729.153558,42979
96729.163989,42980
96729.174113,42981
96729.185078,42982
96729.194951,42983
96729.205899,42984
96729.215944,42985
96729.226361,42986
96729.236051,42987
96729.247253,42988
96729.257575,42989
96729.268217,42990
96729.278196,42991
96729.289690,42992
96729.299527,42993
96729.310282,42994
96729.320356,42995
96729.331449,42996
96729.341351,42997
96729.351796,42998
96729.361811,42999
96733.051656,43000
96733.068755,43001
96733.080901,43002
96733.092033,43003
96733.102285,43004
96733.113761,43005
96733.125907,43006
96733.137547,43007
96733.147761,43008
96733.159744,43009
96733.170398,43010
96733.181334,43011
96733.192371,43012
96733.202786,43013
96733.215790,43014
96733.227384,43015
96733.237620,43016
96733.249667,43017
96733.260686,43018
96733.271254,43019
96733.282599,43020
96733.293298,43021
96733.305171,43022
96733.315264,43023
96733.327378,43024
96733.339740,43025
96733.350551,43026
96733.360956,43027
96733.371564,43028
96733.383512,43029
96733.394220,43030
96733.404582,43031
96733.415390,43032
96733.426306,43033
96733.436963,43034
96733.447920,43035
96733.458263,43036
96733.468219,43037
96733.477995,43038
96733.488250,43039
96733.498340,43040
96733.508929,43041
96733.519874,43042
96733.529794,43043
96733.540792,43044
96733.550889,43045
96733.560697,43046
96733.571771,43047
96733.582220,43048
96733.592180,43049
96733.604758,43050
96733.615995,43051
96733.627431,43052
96733.637636,43053
96733.648649,43054
96733.658410,43055
96733.668318,43056
96733.678426,43057
96733.687921,43058
96733.697132,43059
96733.708283,43060
96733.719862,43061
96733.729401,43062
96733.739449,43063
96733.748799,43064
96733.758819,43065
96733.768540,43066
96733.778014,43067
96733.787904,43068
96733.797825,43069
96733.807359,43070
96733.817028,43071
96733.827249,43072
96733.838341,43073
96733.848079,43074
96733.860025,43075
96733.869177,43076
96733.878709,43077
96733.888569,43078
96733.898220,43079
96733.907623,43080
96733.916736,43081
96733.928184,43082
96733.939952,43083
96733.950233,43084
96733.960386,43085
96733.970015,43086
96733.980245,43087
96733.990124,43088
96734.000659,43089
96734.010212,43090
96734.020917,43091
96734.030611,43092
96734.040470,43093
96734.051012,43094
96734.060461,43095
96734.070156,43096
96734.079370,43097
96734.090724,43098
96734.100261,43099
96734.109688,43100
96734.118681,43101
96734.128574,43102
96734.139451,43103
96734.149206,43104
96734.159275,43105
96734.170319,43106
96734.181354,43107
96734.192154,43108
96734.202375,43109
96734.212344,43110
96734.221939,43111
96734.231951,43112
96734.241349,43113
96734.253233,43114
96734.262857,43115
96734.272831,43116
96734.283494,43117
96734.293136,43118
96734.304829,43119
96734.315514,43120
96734.326718,43121
96734.336668,43122
96734.346405,43123
96734.355867,43124
96734.365580,43125
96734.375363,43126
96734.384624,43127
96734.395287,43128
96734.407453,43129
96734.417672,43130
96734.429045,43131
96734.438898,43132
96734.450250,43133
96734.463887,43134
96734.473685,43135
96734.483759,43136
96734.494889,43137
96734.505200,43138
96734.514544,43139
96734.523716,43140
96734.535217,43141
96734.544419,43142
96734.554789,43143
96734.565531,43144
96734.575990,43145
96734.585609,43146
96734.595825,43147
96734.604881,43148
96734.616960,43149
96734.628758,43150
96734.638766,43151
96734.650295,43152
96734.660210,43153
96734.671032,43154
96734.680863,43155
96734.691254,43156
96734.702531,43157
96734.714201,43158
96734.724804,43159
96734.735181,43160
96734.744384,43161
96734.754328,43162
96734.764765,43163
96734.774962,43164
96734.784359,43165
96734.794186,43166
96734.804499,43167
96734.814258,43168
96734.824676,43169
96734.834758,43170
96734.845549,43171
96734.857845,43172
96734.869054,43173
96734.879726,43174
96734.889707,43175
96734.899311,43176
96734.908864,43177
96734.921784,43178
96734.937678,43179
96734.948030,43180
96734.958173,43181
96734.967822,43182
96734.977775,43183
96734.988657,43184
96734.998647,43185
96735.009360,43186
96735.019556,43187
96735.030922,43188
96735.041279,43189
96735.052485,43190
96735.063140,43191
96735.073245,43192
96735.083881,43193
96735.095505,43194
96735.106409,43195
96735.116883,43196
96735.127966,43197
96735.139295,43198
96735.149032,43199
96735.158846,43200
96735.169089,43201
96735.179637,43202
96735.190203,43203
96735.200268,43204
96735.210035,43205
96735.221519,43206
96735.231372,43207
96735.242091,43208
96735.252125,43209
96735.264555,43210
96735.275535,43211
96735.285314,43212
96735.295447,43213
96735.306274,43214
96735.317504,43215
96735.327431,43216
96735.337161,43217
96735.346736,43218
96735.356924,43219
96735.367871,43220
96735.378872,43221
96735.390065,43222
96735.400299,43223
96735.410427,43224
96735.420226,43225
96735.429993,43226
96735.439959,43227
96735.450187,43228
96735.459872,43229
96735.471497,43230
96735.481218,43231
96735.491572,43232
96735.501428,43233
96735.512454,43234
96735.525509,43235
96735.536887,43236
96735.548047,43237
96735.557953,43238
96735.569181,43239
96735.580170,43240
96735.591655,43241
96735.602479,43242
96735.614868,43243
96735.625280,43244
96735.639418,43245
96735.651336,43246
96735.661479,43247
96735.671839,43248
96735.682268,43249
96739.585704,43250
96739.597631,43251
96739.608521,43252
96739.621388,43253
96739.631727,43254
96739.643063,43255
96739.653234,43256
96739.664242,43257
96739.674354,43258
96739.687374,43259
96739.698510,43260
96739.708627,43261
96739.718740,43262
96739.729286,43263
96739.739954,43264
96739.750248,43265
96739.761534,43266
96739.773477,43267
96739.784474,43268
96739.794338,43269
96739.805174,43270
96739.818964,43271
96739.831098,43272
96739.841367,43273
96739.851328,43274
96739.862299,43275
96739.873650,43276
96739.883749,43277
96739.894573,43278
96739.904168,43279
96739.916614,43280
96739.928119,43281
96739.941917,43282
96739.952281,43283
96739.962331,43284
96739.974379,43285
96739.984646,43286
96739.997824,43287
96740.011351,43288
96740.023545,43289
96740.033992,43290
96740.048326,43291
96740.058630,43292
96740.069310,43293
96740.079609,43294
96740.092683,43295
96740.106127,43296
96740.117727,43297
96740.130532,43298
96740.142208,43299
96740.156137,43300
96740.168219,43301
96740.178596,43302
96740.190899,43303
96740.202489,43304
96740.212347,43305
96740.222474,43306
96740.234684,43307
96740.246614,43308
96740.257028,43309
96740.267114,43310
96740.277241,43311
96740.286936,43312
96740.299083,43313
96740.311634,43314
96740.321484,43315
96740.331483,43316
96740.341959,43317
96740.352025,43318
96740.362409,43319
96740.373612,43320
96740.385644,43321
96740.397271,43322
96740.406765,43323
96740.418663,43324
96740.428685,43325
96740.442878,43326
96740.452952,43327
96740.466208,43328
96740.476064,43329
96740.486331,43330
96740.496833,43331
96740.508036,43332
96740.517806,43333
96740.527725,43334
96740.539352,43335
96740.548808,43336
96740.559078,43337
96740.569377,43338
96740.581046,43339
96740.591714,43340
96740.602523,43341
96740.612520,43342
96740.622567,43343
96740.633181,43344
96740.645062,43345
96740.655351,43346
96740.668766,43347
96740.679698,43348
96740.691612,43349
96740.701503,43350
96740.711205,43351
96740.723601,43352
96740.736848,43353
96740.749720,43354
96740.760380,43355
96740.771553,43356
96740.781055,43357
96740.792257,43358
96740.803201,43359
96740.813228,43360
96740.825960,43361
96740.838832,43362
96740.852671,43363
96740.863202,43364
96740.874788,43365
96740.885539,43366
96740.897073,43367
96740.909815,43368
96740.919788,43369
96740.930009,43370
96740.940591,43371
96740.953183,43372
96740.966908,43373
96740.976932,43374
96740.988218,43375
96740.997720,43376
96741.008559,43377
96741.018055,43378
96741.030497,43379
96741.043364,43380
96741.055465,43381
96741.068115,43382
96741.077868,43383
96741.090744,43384
96741.100839,43385
96741.112462,43386
96741.123505,43387
96741.133996,43388
96741.143434,43389
96741.153471,43390
96741.163522,43391
96741.174518,43392
96741.185133,43393
96741.195840,43394
96741.210457,43395
96741.220444,43396
96741.231045,43397
96741.243515,43398
96741.252840,43399
96741.267861,43400
96741.280880,43401
96741.292562,43402
96741.302569,43403
96741.314303,43404
96741.324089,43405
96741.336342,43406
96741.348566,43407
96741.363170,43408
96741.376117,43409
96741.386357,43410
96741.397639,43411
96741.408330,43412
96741.421200,43413
96741.430847,43414
96741.444023,43415
96741.454466,43416
96741.464498,43417
96741.479449,43418
96741.491735,43419
96741.501551,43420
96741.513035,43421
96741.525719,43422
96741.536623,43423
96741.549259,43424
96741.559746,43425
96741.570134,43426
96741.580564,43427
96741.592038,43428
96741.604575,43429
96741.617084,43430
96741.627996,43431
96741.639563,43432
96741.652590,43433
96741.663137,43434
96741.674495,43435
96741.687425,43436
96741.699174,43437
96741.709505,43438
96741.719655,43439
96741.731100,43440
96741.741363,43441
96741.752025,43442
96741.761801,43443
96741.774559,43444
96741.786316,43445
96741.800099,43446
96741.812671,43447
96741.825310,43448
96741.839173,43449
96741.849961,43450
96741.864504,43451
96741.874582,43452
96741.884152,43453
96741.897259,43454
96741.909316,43455
96741.922504,43456
96741.932237,43457
96741.941771,43458
96741.953749,43459
96741.966678,43460
96741.976883,43461
96741.987567,43462
96742.000508,43463
96742.010383,43464
96742.020397,43465
96742.030351,43466
96742.042025,43467
96742.051973,43468
96742.064279,43469
96742.074375,43470
96742.084863,43471
96742.095768,43472
96742.106245,43473
96742.117229,43474
96742.127297,43475
96742.138576,43476
96742.152644,43477
96742.163395,43478
96742.173780,43479
96742.184230,43480
96742.194535,43481
96742.207350,43482
96742.216849,43483
96742.227540,43484
96742.237608,43485
96742.249472,43486
96742.260914,43487
96742.271221,43488
96742.283955,43489
96742.296387,43490
96742.307906,43491
96742.318776,43492
96742.330527,43493
96742.341756,43494
96742.355208,43495
96742.365280,43496
96742.377453,43497
96742.388394,43498
96742.399892,43499
96746.011775,43500
96746.024408,43501
96746.037956,43502
96746.052164,43503
96746.068423,43504
96746.082713,43505
96746.097203,43506
96746.110857,43507
96746.124639,43508
96746.138481,43509
96746.152249,43510
96746.167756,43511
96746.181381,43512
96746.197382,43513
96746.211799,43514
96746.228135,43515
96746.241190,43516
96746.254843,43517
96746.267918,43518
96746.280706,43519
96746.293674,43520
96746.307948,43521
96746.323360,43522
96746.337782,43523
96746.352247,43524
96746.365734,43525
96746.380647,43526
96746.396354,43527
96746.408764,43528
96746.421831,43529
96746.434496,43530
96746.447239,43531
96746.460688,43532
96746.476429,43533
96746.490097,43534
96746.503661,43535
96746.518655,43536
96746.531810,43537
96746.545464,43538
96746.559309,43539
96746.572509,43540
96746.585759,43541
96746.603558,43542
96746.617826,43543
96746.633599,43544
96746.647147,43545
96746.662657,43546
96746.676587,43547
96746.689566,43548
96746.703744,43549
96746.719547,43550
96746.733765,43551
96746.746783,43552
96746.760826,43553
96746.774088,43554
96746.788693,43555
96746.801428,43556
96746.814183,43557
96746.828072,43558
96746.843440,43559
96746.858508,43560
96746.871770,43561
96746.885274,43562
96746.899110,43563
96746.912943,43564
96746.926560,43565
96746.942893,43566
96746.956357,43567
96746.970690,43568
96746.986991,43569
96747.003532,43570
96747.017705,43571
96747.031870,43572
96747.046140,43573
96747.060570,43574
96747.077189,43575
96747.093166,43576
96747.106728,43577
96747.121928,43578
96747.136781,43579
96747.153768,43580
96747.170361,43581
96747.186812,43582
96747.201471,43583
96747.216360,43584
96747.230781,43585
96747.244917,43586
96747.258475,43587
96747.272651,43588
96747.287354,43589
96747.301610,43590
96747.318699,43591
96747.333785,43592
96747.351334,43593
96747.367711,43594
96747.383861,43595
96747.398414,43596
96747.413760,43597
96747.428178,43598
96747.442743,43599
96747.456283,43600
96747.473254,43601
96747.488375,43602
96747.504051,43603
96747.518494,43604
96747.532463,43605
96747.546296,43606
96747.562351,43607
96747.575889,43608
96747.592020,43609
96747.606909,43610
96747.620607,43611
96747.636277,43612
96747.652458,43613
96747.666361,43614
96747.682772,43615
96747.698802,43616
96747.712609,43617
96747.729328,43618
96747.743836,43619
96747.759771,43620
96747.774464,43621
96747.788141,43622
96747.801924,43623
96747.818986,43624
96747.833832,43625
96747.846851,43626
96747.863859,43627
96747.880013,43628
96747.896516,43629
96747.910811,43630
96747.927687,43631
96747.943823,43632
96747.958019,43633
96747.972793,43634
96747.988819,43635
96748.002777,43636
96748.018920,43637
96748.034421,43638
96748.047570,43639
96748.062511,43640
96748.076587,43641
96748.092819,43642
96748.108790,43643
96748.122329,43644
96748.136435,43645
96748.150362,43646
96748.166439,43647
96748.181326,43648
96748.197157,43649
96748.213769,43650
96748.227666,43651
96748.239745,43652
96748.253483,43653
96748.267995,43654
96748.284371,43655
96748.299612,43656
96748.314509,43657
96748.329038,43658
96748.343079,43659
96748.356744,43660
96748.370825,43661
96748.384090,43662
96748.399432,43663
96748.413207,43664
96748.426415,43665
96748.440372,43666
96748.454487,43667
96748.470323,43668
96748.483750,43669
96748.497043,43670
96748.511803,43671
96748.527446,43672
96748.541972,43673
96748.557407,43674
96748.573652,43675
96748.587895,43676
96748.602535,43677
96748.615732,43678
96748.628263,43679
96748.641656,43680
96748.654715,43681
96748.668068,43682
96748.682955,43683
96748.696366,43684
96748.709934,43685
96748.724327,43686
96748.737890,43687
96748.753285,43688
96748.766922,43689
96748.781907,43690
96748.795047,43691
96748.810277,43692
96748.823253,43693
96748.841222,43694
96748.862903,43695
96748.879379,43696
96748.892538,43697
96748.905718,43698
96748.919848,43699
96748.933381,43700
96748.947465,43701
96748.961142,43702
96748.976765,43703
96748.992141,43704
96749.005833,43705
96749.021946,43706
96749.036201,43707
96749.050049,43708
96749.066310,43709
96749.080635,43710
96749.095694,43711
96749.112409,43712
96749.127815,43713
96749.141251,43714
96749.155255,43715
96749.168192,43716
96749.183799,43717
96749.197775,43718
96749.210782,43719
96749.224104,43720
96749.240507,43721
96749.254107,43722
96749.270411,43723
96749.282853,43724
96749.295422,43725
96749.311012,43726
96749.324481,43727
96749.336620,43728
96749.351090,43729
96749.365078,43730
96749.377938,43731
96749.392792,43732
96749.407827,43733
96749.425070,43734
96749.438608,43735
96749.454416,43736
96749.468657,43737
96749.483613,43738
96749.496725,43739
96749.510654,43740
96749.526790,43741
96749.540015,43742
96749.555468,43743
96749.571313,43744
96749.585808,43745
96749.601296,43746
96749.617155,43747
96749.632484,43748
96749.648761,43749
96752.803929,43750
96752.814799,43751
96752.825259,43752
96752.835562,43753
96752.846273,43754
96752.855967,43755
96752.867032,43756
96752.876830,43757
96752.887713,43758
96752.897531,43759
96752.908450,43760
96752.918224,43761
96752.928307,43762
96752.938448,43763
96752.948710,43764
96752.958807,43765
96752.968860,43766
96752.978499,43767
96752.988197,43768
96752.997636,43769
96753.007671,43770
96753.017976,43771
96753.028768,43772
96753.038485,43773
96753.049037,43774
96753.059543,43775
96753.069877,43776
96753.079596,43777
96753.089104,43778
96753.099462,43779
96753.109012,43780
96753.119251,43781
96753.128890,43782
96753.139345,43783
96753.148283,43784
96753.158462,43785
96753.168314,43786
96753.178056,43787
96753.188039,43788
96753.197867,43789
96753.207170,43790
96753.216943,43791
96753.226860,43792
96753.238037,43793
96753.247467,43794
96753.257885,43795
96753.267767,43796
96753.277722,43797
96753.287419,43798
96753.297418,43799
96753.309414,43800
96753.319580,43801
96753.329250,43802
96753.339333,43803
96753.349299,43804
96753.360228,43805
96753.370457,43806
96753.380902,43807
96753.390891,43808
96753.401287,43809
96753.411485,43810
96753.421421,43811
96753.431835,43812
96753.441500,43813
96753.451871,43814
96753.462319,43815
96753.472813,43816
96753.482763,43817
96753.492529,43818
96753.502632,43819
96753.512426,43820
96753.522820,43821
96753.532830,43822
96753.543594,43823
96753.553169,43824
96753.564342,43825
96753.574443,43826
96753.585907,43827
96753.595926,43828
96753.606616,43829
96753.616515,43830
96753.627458,43831
96753.636959,43832
96753.647514,43833
96753.657386,43834
96753.668406,43835
96753.678077,43836
96753.688801,43837
96753.698694,43838
96753.709718,43839
96753.719152,43840
96753.729744,43841
96753.740077,43842
96753.750492,43843
96753.759819,43844
96753.769995,43845
96753.780402,43846
96753.791399,43847
96753.801858,43848
96753.812105,43849
96753.821840,43850
96753.831859,43851
96753.841018,43852
96753.851386,43853
96753.860740,43854
96753.870569,43855
96753.879982,43856
96753.890708,43857
96753.900536,43858
96753.911303,43859
96753.920577,43860
96753.930962,43861
96753.940290,43862
96753.950710,43863
96753.959899,43864
96753.969734,43865
96753.978885,43866
96753.988920,43867
96753.998292,43868
96754.008573,43869
96754.018261,43870
96754.028552,43871
96754.037628,43872
96754.048535,43873
96754.062176,43874
96754.071925,43875
96754.080808,43876
96754.091448,43877
96754.100964,43878
96754.111449,43879
96754.120565,43880
96754.130488,43881
96754.140689,43882
96754.150625,43883
96754.160437,43884
96754.170498,43885
96754.179948,43886
96754.190304,43887
96754.199447,43888
96754.209798,43889
96754.219397,43890
96754.230714,43891
96754.240085,43892
96754.250433,43893
96754.259800,43894
96754.269684,43895
96754.279917,43896
96754.292826,43897
96754.304782,43898
96754.315420,43899
96754.327407,43900
96754.337846,43901
96754.348105,43902
96754.358526,43903
96754.367702,43904
96754.378747,43905
96754.388025,43906
96754.398150,43907
96754.407162,43908
96754.417936,43909
96754.427464,43910
96754.437351,43911
96754.446437,43912
96754.456857,43913
96754.466413,43914
96754.476673,43915
96754.486334,43916
96754.497061,43917
96754.506745,43918
96754.517818,43919
96754.526970,43920
96754.537113,43921
96754.546248,43922
96754.557550,43923
96754.568119,43924
96754.578910,43925
96754.588148,43926
96754.598981,43927
96754.608781,43928
96754.620141,43929
96754.630453,43930
96754.641424,43931
96754.651743,43932
96754.662036,43933
96754.671821,43934
96754.682407,43935
96754.692134,43936
96754.702753,43937
96754.712345,43938
96754.723018,43939
96754.732908,43940
96754.743080,43941
96754.752410,43942
96754.762738,43943
96754.772120,43944
96754.782249,43945
96754.791610,43946
96754.802918,43947
96754.812250,43948
96754.822916,43949
96754.831900,43950
96754.842281,43951
96754.851743,43952
96754.862422,43953
96754.872284,43954
96754.882780,43955
96754.892105,43956
96754.902654,43957
96754.911854,43958
96754.921865,43959
96754.931541,43960
96754.942339,43961
96754.952815,43962
96754.962860,43963
96754.971949,43964
96754.982742,43965
96754.992084,43966
96755.002637,43967
96755.012498,43968
96755.022780,43969
96755.032459,43970
96755.042855,43971
96755.052512,43972
96755.063017,43973
96755.072453,43974
96755.082213,43975
96755.091726,43976
96755.102068,43977
96755.111670,43978
96755.121829,43979
96755.130912,43980
96755.141356,43981
96755.150805,43982
96755.161271,43983
96755.171144,43984
96755.182577,43985
96755.191930,43986
96755.202090,43987
96755.213449,43988
96755.224053,43989
96755.233570,43990
96755.244022,43991
96755.253637,43992
96755.263620,43993
96755.273068,43994
96755.283830,43995
96755.293784,43996
96755.304383,43997
96755.313952,43998
96755.324372,43999
96759.439184,44000
96759.450885,44001
96759.462660,44002
96759.473761,44003
96759.483748,44004
96759.495061,44005
96759.505679,44006
96759.516531,44007
96759.526825,44008
96759.538719,44009
96759.552483,44010
96759.565809,44011
96759.576213,44012
96759.588206,44013
96759.599378,44014
96759.610120,44015
96759.621836,44016
96759.633670,44017
96759.643313,44018
96759.654529,44019
96759.666106,44020
96759.678919,44021
96759.689587,44022
96759.701207,44023
96759.712632,44024
96759.724795,44025
96759.735639,44026
96759.747160,44027
96759.760244,44028
96759.770737,44029
96759.781455,44030
96759.791784,44031
96759.802735,44032
96759.812749,44033
96759.825413,44034
96759.836835,44035
96759.849383,44036
96759.862924,44037
96759.878845,44038
96759.890257,44039
96759.900645,44040
96759.911069,44041
96759.921538,44042
96759.933112,44043
96759.943566,44044
96759.955603,44045
96759.965668,44046
96759.976333,44047
96759.987890,44048
96760.001431,44049
96760.014457,44050
96760.024703,44051
96760.034874,44052
96760.045707,44053
96760.056935,44054
96760.067118,44055
96760.077020,44056
96760.086798,44057
96760.099995,44058
96760.110705,44059
96760.120321,44060
96760.130665,44061
96760.142093,44062
96760.154205,44063
96760.165874,44064
96760.176050,44065
96760.186342,44066
96760.196793,44067
96760.207350,44068
96760.217438,44069
96760.228321,44070
96760.239393,44071
96760.249523,44072
96760.260339,44073
96760.271219,44074
96760.280725,44075
96760.291846,44076
96760.301884,44077
96760.312033,44078
96760.322970,44079
96760.332959,44080
96760.343930,44081
96760.353798,44082
96760.364935,44083
96760.374759,44084
96760.385139,44085
96760.395658,44086
96760.405401,44087
96760.416226,44088
96760.425773,44089
96760.435908,44090
96760.447410,44091
96760.459030,44092
96760.468943,44093
96760.480998,44094
96760.491907,44095
96760.503061,44096
96760.512641,44097
96760.522313,44098
96760.532045,44099
96760.541629,44100
96760.551531,44101
96760.562523,44102
96760.572499,44103
96760.583727,44104
96760.594219,44105
96760.605839,44106
96760.616106,44107
96760.626030,44108
96760.635768,44109
96760.645303,44110
96760.657377,44111
96760.667220,44112
96760.676597,44113
96760.686828,44114
96760.696767,44115
96760.706742,44116
96760.716761,44117
96760.726403,44118
96760.736582,44119
96760.746305,44120
96760.755641,44121
96760.765743,44122
96760.775026,44123
96760.784852,44124
96760.795644,44125
96760.805340,44126
96760.818408,44127
96760.829901,44128
96760.840442,44129
96760.851835,44130
96760.862692,44131
96760.874365,44132
96760.884829,44133
96760.896168,44134
96760.906332,44135
96760.916576,44136
96760.926904,44137
96760.939411,44138
96760.951093,44139
96760.961421,44140
96760.972392,44141
96760.984747,44142
96760.996100,44143
96761.007427,44144
96761.018136,44145
96761.029325,44146
96761.039077,44147
96761.049883,44148
96761.059881,44149
96761.072992,44150
96761.084746,44151
96761.095439,44152
96761.105766,44153
96761.115105,44154
96761.125372,44155
96761.136128,44156
96761.146684,44157
96761.156228,44158
96761.166279,44159
96761.176574,44160
96761.186041,44161
96761.197234,44162
96761.208401,44163
96761.218190,44164
96761.228805,44165
96761.239098,44166
96761.249661,44167
96761.259652,44168
96761.270026,44169
96761.281592,44170
96761.293785,44171
96761.303974,44172
96761.314194,44173
96761.324944,44174
96761.336907,44175
96761.346444,44176
96761.357744,44177
96761.367622,44178
96761.378166,44179
96761.387748,44180
96761.398130,44181
96761.408496,44182
96761.422896,44183
96761.432722,44184
96761.443056,44185
96761.455640,44186
96761.467878,44187
96761.478207,44188
96761.488861,44189
96761.500491,44190
96761.511921,44191
96761.523474,44192
96761.533394,44193
96761.544717,44194
96761.555052,44195
96761.566430,44196
96761.579564,44197
96761.589893,44198
96761.600574,44199
96761.612710,44200
96761.623653,44201
96761.634827,44202
96761.645783,44203
96761.658602,44204
96761.670368,44205
96761.680341,44206
96761.691394,44207
96761.701503,44208
96761.714088,44209
96761.724911,44210
96761.736468,44211
96761.746457,44212
96761.757892,44213
96761.767796,44214
96761.778603,44215
96761.788781,44216
96761.798327,44217
96761.808420,44218
96761.819875,44219
96761.829860,44220
96761.840661,44221
96761.850811,44222
96761.861126,44223
96761.871529,44224
96761.881311,44225
96761.893150,44226
96761.902844,44227
96761.913725,44228
96761.923406,44229
96761.933746,44230
96761.945020,44231
96761.956576,44232
96761.968331,44233
96761.978228,44234
96761.988630,44235
96761.998749,44236
96762.010610,44237
96762.021562,44238
96762.033205,44239
96762.043920,44240
96762.055007,44241
96762.065368,44242
96762.075330,44243
96762.085210,44244
96762.096029,44245
96762.106486,44246
96762.116590,44247
96762.127831,44248
96762.137825,44249
96766.252195,44250
96766.264978,44251
96766.275882,44252
96766.287731,44253
96766.301111,44254
96766.315022,44255
96766.325931,44256
96766.337116,44257
96766.348539,44258
96766.359428,44259
96766.370999,44260
96766.382275,44261
96766.394795,44262
96766.409814,44263
96766.422044,44264
96766.433537,44265
96766.445840,44266
96766.457717,44267
96766.469124,44268
96766.479569,44269
96766.491710,44270
96766.506491,44271
96766.518260,44272
96766.528386,44273
96766.540061,44274
96766.553319,44275
96766.567858,44276
96766.579424,44277
96766.591696,44278
96766.604331,44279
96766.618592,44280
96766.632312,44281
96766.643217,44282
96766.653759,44283
96766.670738,44284
96766.683568,44285
96766.695120,44286
96766.710575,44287
96766.721022,44288
96766.733398,44289
96766.745984,44290
96766.758261,44291
96766.770716,44292
96766.782333,44293
96766.795633,44294
96766.807480,44295
96766.817985,44296
96766.828870,44297
96766.839110,44298
96766.850832,44299
96766.868471,44300
96766.879985,44301
96766.894085,44302
96766.908458,44303
96766.921796,44304
96766.932764,44305
96766.943371,44306
96766.956937,44307
96766.970240,44308
96766.981813,44309
96766.994530,44310
96767.006233,44311
96767.016977,44312
96767.027432,44313
96767.038725,44314
96767.051069,44315
96767.063451,44316
96767.076721,44317
96767.086761,44318
96767.097256,44319
96767.110289,44320
96767.121602,44321
96767.132036,44322
96767.143219,44323
96767.158072,44324
96767.171093,44325
96767.185924,44326
96767.197823,44327
96767.209803,44328
96767.220439,44329
96767.231729,44330
96767.244767,44331
96767.256808,44332
96767.270633,44333
96767.282572,44334
96767.295447,44335
96767.307974,44336
96767.320781,44337
96767.332886,44338
96767.344123,44339
96767.358355,44340
96767.370483,44341
96767.382156,44342
96767.393778,44343
96767.403527,44344
96767.415762,44345
96767.427111,44346
96767.438260,44347
96767.449954,44348
96767.463453,44349
96767.473828,44350
96767.487013,44351
96767.499711,44352
96767.513857,44353
96767.525507,44354
96767.535911,44355
96767.546893,44356
96767.559229,44357
96767.573691,44358
96767.584467,44359
96767.597159,44360
96767.610707,44361
96767.622846,44362
96767.634567,44363
96767.645156,44364
96767.655940,44365
96767.666764,44366
96767.679222,44367
96767.691752,44368
96767.701912,44369
96767.712789,44370
96767.724940,44371
96767.738739,44372
96767.750751,44373
96767.762651,44374
96767.774584,44375
96767.787360,44376
96767.798974,44377
96767.809064,44378
96767.822281,44379
96767.833731,44380
96767.844239,44381
96767.855939,44382
96767.867997,44383
96767.879970,44384
96767.890015,44385
96767.903294,44386
96767.917317,44387
96767.928283,44388
96767.943573,44389
96767.956583,44390
96767.970906,44391
96767.982240,44392
96767.992175,44393
96768.003269,44394
96768.016433,44395
96768.027626,44396
96768.037940,44397
96768.048245,44398
96768.059254,44399
96768.074299,44400
96768.086717,44401
96768.099027,44402
96768.108902,44403
96768.124529,44404
96768.135917,44405
96768.153112,44406
96768.164069,44407
96768.175525,44408
96768.187605,44409
96768.200181,44410
96768.214458,44411
96768.226970,44412
96768.236778,44413
96768.251832,44414
96768.265114,44415
96768.278134,44416
96768.288362,44417
96768.306587,44418
96768.317386,44419
96768.327813,44420
96768.338470,44421
96768.355319,44422
96768.368315,44423
96768.380789,44424
96768.392546,44425
96768.404558,44426
96768.417047,44427
96768.428256,44428
96768.438554,44429
96768.450459,44430
96768.462383,44431
96768.473490,44432
96768.486925,44433
96768.499690,44434
96768.513965,44435
96768.525950,44436
96768.538985,44437
96768.551901,44438
96768.564580,44439
96768.575043,44440
96768.586340,44441
96768.597864,44442
96768.609857,44443
96768.620831,44444
96768.634858,44445
96768.646060,44446
96768.659975,44447
96768.674107,44448
96768.688669,44449
96768.699994,44450
96768.713917,44451
96768.725907,44452
96768.736950,44453
96768.747640,44454
96768.760596,44455
96768.771365,44456
96768.783865,44457
96768.796323,44458
96768.806916,44459
96768.817283,44460
96768.830253,44461
96768.841990,44462
96768.854893,44463
96768.865208,44464
96768.876642,44465
96768.889095,44466
96768.901957,44467
96768.915716,44468
96768.927584,44469
96768.940451,44470
96768.951326,44471
96768.963995,44472
96768.975120,44473
96768.985719,44474
96768.997486,44475
96769.010314,44476
96769.020424,44477
96769.033289,44478
96769.045878,44479
96769.055886,44480
96769.066014,44481
96769.076643,44482
96769.086985,44483
96769.097302,44484
96769.107747,44485
96769.118362,44486
96769.131823,44487
96769.144512,44488
96769.159522,44489
96769.170873,44490
96769.182230,44491
96769.194760,44492
96769.208753,44493
96769.221411,44494
96769.234353,44495
96769.246549,44496
96769.259031,44497
96769.271543,44498
96769.283029,44499
96773.300973,44500
96773.318395,44501
96773.336799,44502
96773.353291,44503
96773.372169,44504
96773.390128,44505
96773.407239,44506
96773.424765,44507
96773.442846,44508
96773.458586,44509
96773.475321,44510
96773.491247,44511
96773.508316,44512
96773.524042,44513
96773.541185,44514
96773.558450,44515
96773.575605,44516
96773.593548,44517
96773.609446,44518
96773.627070,44519
96773.641535,44520
96773.658984,44521
96773.674568,44522
96773.691442,44523
96773.706359,44524
96773.720933,44525
96773.736539,44526
96773.754206,44527
96773.770362,44528
96773.787030,44529
96773.802956,44530
96773.818262,44531
96773.834455,44532
96773.849629,44533
96773.865214,44534
96773.882309,44535
96773.898988,44536
96773.916200,44537
96773.930795,44538
96773.948320,44539
96773.963431,44540
96773.979303,44541
96773.997326,44542
96774.014610,44543
96774.029990,44544
96774.046253,44545
96774.061836,44546
96774.077470,44547
96774.094583,44548
96774.111250,44549
96774.129458,44550
96774.145639,44551
96774.162189,44552
96774.176874,44553
96774.192768,44554
96774.207474,44555
96774.222414,44556
96774.238176,44557
96774.254448,44558
96774.270571,44559
96774.285360,44560
96774.301888,44561
96774.317385,44562
96774.333892,44563
96774.348645,44564
96774.364303,44565
96774.379720,44566
96774.395728,44567
96774.412476,44568
96774.430328,44569
96774.448393,44570
96774.464568,44571
96774.481612,44572
96774.498735,44573
96774.515777,44574
96774.533617,44575
96774.549499,44576
96774.566031,44577
96774.581890,44578
96774.598675,44579
96774.615423,44580
96774.633367,44581
96774.650639,44582
96774.667595,44583
96774.684523,44584
96774.701838,44585
96774.718058,44586
96774.734313,44587
96774.751800,44588
96774.767738,44589
96774.784404,44590
96774.800270,44591
96774.817122,44592
96774.834953,44593
96774.850798,44594
96774.867434,44595
96774.882835,44596
96774.899666,44597
96774.916601,44598
96774.934142,44599
96774.949323,44600
96774.965680,44601
96774.981781,44602
96774.998260,44603
96775.016284,44604
96775.032460,44605
96775.049373,44606
96775.066106,44607
96775.083032,44608
96775.097271,44609
96775.113838,44610
96775.128794,44611
96775.144868,44612
96775.161790,44613
96775.178985,44614
96775.196724,44615
96775.213622,44616
96775.229558,44617
96775.244701,44618
96775.259628,44619
96775.277663,44620
96775.294520,44621
96775.314069,44622
96775.330784,44623
96775.346138,44624
96775.361195,44625
96775.378460,44626
96775.397324,44627
96775.426215,44628
96775.440834,44629
96775.456297,44630
96775.472437,44631
96775.490256,44632
96775.505949,44633
96775.522379,44634
96775.538780,44635
96775.554425,44636
96775.571309,44637
96775.587135,44638
96775.605197,44639
96775.621605,44640
96775.639383,44641
96775.656960,44642
96775.675421,44643
96775.692331,44644
96775.710826,44645
96775.726880,44646
96775.745703,44647
96775.764947,44648
96775.782224,44649
96775.801899,44650
96775.817650,44651
96775.834889,44652
96775.851540,44653
96775.868771,44654
96775.886378,44655
96775.901580,44656
96775.918098,44657
96775.935597,44658
96775.950704,44659
96775.967461,44660
96775.984304,44661
96776.001323,44662
96776.016827,44663
96776.033761,44664
96776.050502,44665
96776.067055,44666
96776.084217,44667
96776.100557,44668
96776.116439,44669
96776.133103,44670
96776.150274,44671
96776.165912,44672
96776.183526,44673
96776.199273,44674
96776.216560,44675
96776.231467,44676
96776.248145,44677
96776.263333,44678
96776.279776,44679
96776.294085,44680
96776.309462,44681
96776.325513,44682
96776.342291,44683
96776.358405,44684
96776.373848,44685
96776.391119,44686
96776.404952,44687
96776.420870,44688
96776.436115,44689
96776.451652,44690
96776.466276,44691
96776.481754,44692
96776.496851,44693
96776.513462,44694
96776.530727,44695
96776.549691,44696
96776.567430,44697
96776.584739,44698
96776.600146,44699
96776.617308,44700
96776.635713,44701
96776.651296,44702
96776.668433,44703
96776.683256,44704
96776.699270,44705
96776.716747,44706
96776.734573,44707
96776.750392,44708
96776.766567,44709
96776.782684,44710
96776.799742,44711
96776.816265,44712
96776.833572,44713
96776.851373,44714
96776.868662,44715
96776.884864,44716
96776.901572,44717
96776.918300,44718
96776.934210,44719
96776.951129,44720
96776.966286,44721
96776.980610,44722
96776.996633,44723
96777.011021,44724
96777.027113,44725
96777.042620,44726
96777.058420,44727
96777.074094,44728
96777.088826,44729
96777.104238,44730
96777.121754,44731
96777.137834,44732
96777.154200,44733
96777.170489,44734
96777.186326,44735
96777.201477,44736
96777.217764,44737
96777.233379,44738
96777.247511,44739
96777.263774,44740
96777.278557,44741
96777.293641,44742
96777.308354,44743
96777.322464,44744
96777.338751,44745
96777.354528,44746
96777.370654,44747
96777.387199,44748
96777.403332,44749
