timestamp_s,ram_mb,vram_mb
0.007711,3010.13,386.00
0.108403,3093.63,472.00
0.209048,3141.46,472.00
0.309974,3141.47,472.00
0.410626,3149.76,4496.00
0.511308,3160.15,4496.00
0.611943,3170.78,4496.00
0.712597,3176.30,4496.00
0.813246,3363.90,4678.00
0.913917,3549.51,4662.00
1.014546,3648.20,4704.00
1.115200,3763.87,4704.00
1.215813,3913.50,4704.00
1.316426,4050.66,4620.00
1.417141,4187.81,4690.00
1.517986,4324.96,4704.00
1.618700,4458.58,4704.00
1.719414,4549.39,4704.00
1.820290,4574.33,4592.00
1.920944,4586.80,4704.00
2.021604,4586.81,4704.00
2.122644,4586.81,4592.00
2.223466,4611.75,4690.00
2.324467,4611.75,4592.00
2.425707,4636.70,4704.00
2.526388,4653.88,4690.00
2.627392,4674.11,4690.00
2.728038,4686.57,4704.00
2.828817,4702.27,4564.00
2.929630,4876.66,4564.00
3.030610,5029.59,4564.00
3.131517,5213.30,4564.00
3.232375,5397.24,4564.00
3.333260,5562.42,4564.00
3.434539,5662.36,4564.00
3.535714,5662.36,6608.00
3.639490,5662.40,9042.00
3.740297,5687.37,9558.00
3.841040,5749.72,9542.00
3.941809,5819.90,9558.00
4.042501,5899.34,9446.00
4.143309,5976.48,9558.00
4.244055,6048.96,9544.00
4.344972,6123.77,9430.00
4.445651,6198.59,9432.00
4.546412,6273.39,9444.00
4.647301,6335.74,9444.00
4.748243,6398.08,9558.00
4.849063,6463.91,9558.00
4.949964,6535.23,9502.00
5.051030,6610.04,9460.00
5.152075,6647.50,9558.00
5.253405,6722.26,9432.00
5.354432,6784.60,9430.00
5.455616,6859.41,9516.00
5.556501,6921.75,9544.00
5.657734,6996.56,9544.00
5.758790,7083.84,9544.00
5.860138,7146.18,9530.00
5.961578,7208.52,9558.00
6.062286,7270.86,9544.00
6.163166,7358.14,9432.00
6.264015,7432.96,9544.00
6.364728,7493.74,9544.00
6.465687,7570.11,9502.00
6.566500,7632.45,9558.00
6.667286,7694.79,9558.00
6.768167,7769.60,9564.00
6.868995,7807.01,9488.00
6.969678,7819.48,9530.00
7.070321,7831.95,9542.00
7.171083,7831.95,9558.00
7.271816,7831.95,9558.00
7.372637,7844.42,9556.00
7.473309,7844.42,9544.00
7.574063,7856.89,9446.00
7.674734,7856.89,9544.00
7.775521,7856.89,9446.00
7.876212,7856.89,9416.00
7.977161,7856.89,9416.00
8.077850,7881.84,9416.00
8.178815,7881.84,9416.00
8.279609,7906.78,9416.00
8.380596,7931.72,9416.00
8.481351,7931.73,9416.00
8.582201,7931.73,9416.00
8.682941,7931.73,9416.00
8.784022,7981.62,9416.00
8.885263,7981.62,9416.00
8.986524,7981.62,9416.00
9.087768,7981.62,9416.00
9.188675,7981.62,9416.00
9.290266,7981.62,9416.00
9.391551,7981.62,9416.00
9.492326,7981.63,9522.00
9.593021,7981.63,9550.00
9.693797,7981.63,9564.00
9.794635,7981.63,9550.00
9.895329,7981.63,9550.00
9.995999,7931.89,9550.00
10.096716,7931.89,9564.00
10.197436,7931.89,9410.00
10.298209,7931.89,9450.00
10.398916,7931.90,9550.00
10.499700,7931.90,9480.00
10.600728,7931.90,9570.00
10.701377,7931.90,9550.00
10.801998,7931.91,9564.00
10.902731,7931.91,9550.00
11.003402,7931.91,9436.00
11.104175,7931.91,9410.00
11.205115,7931.91,9508.00
11.305975,7931.91,9522.00
11.406875,7944.25,9550.00
11.507826,7944.25,9550.00
11.608683,7944.25,9550.00
11.709663,7944.26,9494.00
11.810628,7944.26,9550.00
11.911525,7944.26,9548.00
12.012474,7944.26,9550.00
12.113103,7944.26,9550.00
12.213789,7944.26,9466.00
12.314516,7944.26,9550.00
12.415167,7944.26,9410.00
12.515813,7944.27,9550.00
12.616523,7944.27,9564.00
12.717302,7944.27,9536.00
12.818041,7944.27,9394.00
12.918778,7944.27,9414.00
13.019525,7944.27,9414.00
13.120168,7944.28,9414.00
13.221019,7944.30,9414.00
13.322097,7944.30,9414.00
13.423096,7944.32,9414.00
13.523902,7944.33,9414.00
13.625343,7944.36,9414.00
13.726697,7944.36,9414.00
13.828249,7944.36,9414.00
13.929284,7944.36,9414.00
14.030592,7944.36,9414.00
14.131570,7944.36,9414.00
14.232570,7944.36,9414.00
14.333858,7944.36,9414.00
14.435545,7944.36,9414.00
14.536757,7944.36,9414.00
14.637409,7944.36,9590.00
14.738047,7944.36,9584.00
14.838739,7944.38,9596.00
14.939413,7944.38,9584.00
15.040104,7944.38,9542.00
15.140787,7944.38,9570.00
15.241441,7944.38,9498.00
15.342136,7944.38,9584.00
15.442969,7944.38,9484.00
15.543736,7944.38,9486.00
15.644527,7944.38,9484.00
15.745211,7944.38,9584.00
15.845960,7944.38,9584.00
15.946639,7944.38,9584.00
16.047329,7944.38,9570.00
16.148069,7944.39,9584.00
16.249319,7906.58,9456.00
16.349957,7906.98,9506.00
16.450747,7919.45,9584.00
16.551401,7919.45,9540.00
16.652080,7919.45,9584.00
16.752893,7919.45,9584.00
16.853682,7919.45,9596.00
16.954474,7919.46,9584.00
17.055428,7919.46,9584.00
17.156261,7919.46,9584.00
17.257001,7919.46,9570.00
17.357820,7919.46,9584.00
17.459839,7919.46,9584.00
17.560799,7919.46,9584.00
17.662809,7919.46,9584.00
17.763495,7919.46,9484.00
17.864130,7919.46,9596.00
17.964813,7919.46,9500.00
18.065443,7919.46,9470.00
18.166156,7931.93,9470.00
18.267119,7944.41,9470.00
18.367863,7961.46,9470.00
18.468795,7969.36,9470.00
18.569584,7969.38,9470.00
18.670458,7969.39,9470.00
18.771166,7969.39,9470.00
18.871869,7969.41,9470.00
18.973211,7981.90,9470.00
19.074487,7981.90,9470.00
19.175379,7981.90,9470.00
19.276303,7981.90,9470.00
19.377235,7981.90,9470.00
19.478109,7981.90,9470.00
19.578936,7981.90,9470.00
19.679941,7981.90,9470.00
19.780798,7981.90,9470.00
19.881965,7981.90,9470.00
19.982982,7981.90,9470.00
20.083703,7981.90,9470.00
20.184661,7981.90,7192.00
20.285316,7981.90,7178.00
20.385926,7981.90,7178.00
20.486639,7981.90,7192.00
20.587348,7994.37,7066.00
20.688152,7994.37,7178.00
20.789017,8031.78,7080.00
20.889829,8031.78,7178.00
20.990597,8031.78,7066.00
21.091347,8044.25,7066.00
21.191996,8044.25,7192.00
21.292892,8044.25,7108.00
21.393938,8044.26,7108.00
21.494634,8044.26,7192.00
21.595398,8044.26,7178.00
21.696103,8044.26,7122.00
21.796899,8056.73,7066.00
21.897700,8145.05,7066.00
21.998473,8289.48,7066.00
22.099332,8433.91,7066.00
22.200291,8578.35,7066.00
22.300976,8715.50,7066.00
22.402234,8836.05,7066.00
22.503092,8836.05,7066.00
22.603977,8836.05,7066.00
22.705316,8836.05,7066.00
22.806714,8836.05,7066.00
22.907866,8836.05,7066.00
23.009050,8836.05,7066.00
23.110263,8836.05,7066.00
23.211297,8836.05,7066.00
23.312649,8836.05,7066.00
23.413912,8836.05,7066.00
23.514793,8836.05,7066.00
23.615672,8836.05,7066.00
23.716852,8836.05,7066.00
23.817966,8836.05,7500.00
23.918803,8836.05,7966.00
24.019599,8836.06,8446.00
24.120556,8836.06,8770.00
24.221398,8836.07,9236.00
24.321982,8778.02,9452.00
24.422679,8790.36,9458.00
24.523549,8790.36,9452.00
24.624151,8815.30,9452.00
24.724893,8815.30,9338.00
24.825637,8827.77,9452.00
24.926370,8827.77,9352.00
25.027245,8852.71,9452.00
25.127945,8865.18,9452.00
25.228710,8890.11,9452.00
25.329470,8902.58,9338.00
25.430104,8927.52,9340.00
25.530952,8964.92,9452.00
25.631613,8977.39,9438.00
25.732328,8989.86,9452.00
25.833033,8989.86,9452.00
25.933721,8989.86,9452.00
26.034377,9027.26,9466.00
26.135011,9027.26,9366.00
26.235660,9027.26,9452.00
26.336250,9052.20,9424.00
26.436852,9064.67,9452.00
26.537695,9077.14,9452.00
26.638491,9114.54,9452.00
26.739137,9114.54,9452.00
26.839824,9114.54,9452.00
26.940445,9114.54,9326.00
27.041070,9114.54,9452.00
27.141777,9114.54,9452.00
27.242483,9114.54,9452.00
27.343152,9114.54,9366.00
27.443974,9114.54,9338.00
27.544679,9114.55,9338.00
27.645373,9250.54,9338.00
27.746076,9393.02,9338.00
27.846748,9531.23,9338.00
27.947475,9668.39,9338.00
28.048149,9807.62,9338.00
28.148871,9947.90,9338.00
28.249882,10033.00,9338.00
28.351130,10033.00,9338.00
28.452482,10033.00,9338.00
28.553611,10033.00,9338.00
28.654597,10033.00,9338.00
28.755751,10033.00,9338.00
28.856813,10033.00,9338.00
28.958076,10037.16,9338.00
29.059108,10037.16,9338.00
29.159990,10037.16,9338.00
29.261316,10037.16,9338.00
29.362529,10037.16,9338.00
29.463891,10037.16,9338.00
29.565187,10037.16,9338.00
29.666466,10037.16,9338.00
29.767664,10037.16,9338.00
29.868575,10037.16,9338.00
29.969663,10037.16,9338.00
30.070574,10037.16,9338.00
30.171198,10041.32,9464.00
30.271833,10041.32,9464.00
30.372461,10041.32,9478.00
30.473092,10041.32,9478.00
30.573762,10041.32,9364.00
30.674484,10041.32,9464.00
30.775142,10041.32,9464.00
30.875811,10041.32,9478.00
30.976675,10041.32,9464.00
31.077398,10041.32,9464.00
31.178024,10041.32,9464.00
31.278788,10041.32,9478.00
31.379381,10041.32,9478.00
31.480032,10041.32,9464.00
31.580706,10041.32,9478.00
31.681382,10041.32,9478.00
31.781965,10041.32,9464.00
31.883110,10041.32,9464.00
31.984118,10041.32,9464.00
32.085257,10041.32,9478.00
32.186402,10041.32,9464.00
32.287122,10041.32,9464.00
32.387747,10041.32,9478.00
32.488512,10041.32,9464.00
32.589175,10041.32,9408.00
32.689728,10041.32,9478.00
32.790341,10041.32,9470.00
32.891285,10041.32,9464.00
32.992020,10041.32,9336.00
33.092836,10135.87,9336.00
33.193660,10274.07,9336.00
33.294362,10409.10,9336.00
33.395037,10547.35,9336.00
33.495774,10682.19,9336.00
33.596476,10819.14,9336.00
33.697141,10955.71,9336.00
33.797963,11093.91,9336.00
33.898951,11176.48,9336.00
34.000332,11176.48,9336.00
34.101499,11176.48,9336.00
34.202769,11176.48,9336.00
34.304207,11176.48,9336.00
34.405232,11176.48,9336.00
34.506203,11176.48,9336.00
34.607483,11176.48,9336.00
34.708407,11176.48,9336.00
34.809648,11176.48,9336.00
34.910714,11176.48,9336.00
35.011710,11176.48,9336.00
35.112997,11176.48,9336.00
35.214273,11176.48,9336.00
35.315644,11176.48,9336.00
35.416908,11176.48,9336.00
35.518113,11176.48,9336.00
35.619322,11176.48,9336.00
35.720404,11176.48,9336.00
35.821756,11176.48,9336.00
35.922781,11176.48,9336.00
36.023929,11176.48,9336.00
36.124886,11176.48,9514.00
36.225553,11134.92,9480.00
36.326111,11134.93,9494.00
36.426759,11147.40,9480.00
36.527422,11147.40,9434.00
36.628036,11159.87,9494.00
36.728729,11159.87,9480.00
36.829352,11159.87,9480.00
36.929924,11184.80,9494.00
37.030585,11184.80,9494.00
37.131157,11184.80,9494.00
37.231911,11184.80,9434.00
37.332595,11184.80,9480.00
37.433309,11184.80,9480.00
37.533879,11184.80,9494.00
37.634503,11184.80,9480.00
37.735110,11184.80,9480.00
37.835888,11184.80,9480.00
37.936605,11197.27,9494.00
38.037333,11197.27,9480.00
38.138039,11204.32,9480.00
38.238740,11209.74,9462.00
38.339369,11209.74,9494.00
38.440096,11209.74,9480.00
38.540865,11209.74,9420.00
38.641652,11209.74,9494.00
38.742283,11209.74,9494.00
38.843144,11209.74,9480.00
38.943975,11209.74,9420.00
39.044606,11277.39,9420.00
39.145644,11412.36,9420.00
39.246639,11549.52,9420.00
39.347632,11686.67,9420.00
39.448573,11823.51,9420.00
39.549626,11957.88,9420.00
39.650663,12094.91,9420.00
39.751609,12227.12,9420.00
39.852968,12342.04,9420.00
39.953868,12342.04,9420.00
40.055200,12342.04,9420.00
40.156457,12342.04,9420.00
40.257767,12342.04,9420.00
40.358711,12342.04,9420.00
40.459563,12342.04,9420.00
40.560889,12342.04,9420.00
40.662117,12342.04,9420.00
40.763074,12342.04,9420.00
40.864072,12342.04,9420.00
40.964976,12342.04,9420.00
41.066170,12342.04,9420.00
41.166780,12283.98,6536.00
41.267446,12283.98,4570.00
41.368004,12283.98,4458.00
41.468953,12283.98,4598.00
41.570358,12283.98,4598.00
41.671230,12283.98,4472.00
41.771835,12296.33,4542.00
41.872527,12296.33,4584.00
41.973265,12296.33,4598.00
42.073836,12296.33,4514.00
42.174664,12296.33,4598.00
42.275454,12308.80,4472.00
42.376118,12321.26,4458.00
42.476818,12321.26,4486.00
42.577417,12321.26,4486.00
42.677989,12321.26,4486.00
42.778603,12321.26,4528.00
42.879170,12321.26,4458.00
42.979810,12321.26,4458.00
43.080461,12321.26,4458.00
43.181682,12440.75,4458.00
43.282639,12440.75,4458.00
43.383832,12440.75,4458.00
43.484964,12440.75,4458.00
43.586216,12440.75,4458.00
43.687097,12440.75,4458.00
43.788182,12440.75,4458.00
43.889580,12440.75,4458.00
43.990726,12440.75,4458.00
44.091694,12440.75,4458.00
44.192565,12440.75,4712.00
44.293766,12440.75,5062.00
44.395127,12440.75,5480.00
44.496753,12440.75,5768.00
44.597753,12440.75,6138.00
44.699012,12440.75,6522.00
44.799821,12440.75,6948.00
44.900631,12440.75,7264.00
45.001990,12440.75,7566.00
45.103439,12440.75,7984.00
45.204683,12440.75,8398.00
45.305627,12440.75,8700.00
45.406972,12440.75,9050.00
45.507952,12440.75,9434.00
45.608760,12382.70,9452.00
45.709385,12407.51,9438.00
45.810070,12407.51,9338.00
45.910832,12419.98,9438.00
46.011615,12432.45,9424.00
46.112694,12432.45,9438.00
46.213739,12432.45,9338.00
46.314390,12457.38,9452.00
46.415119,12457.38,9438.00
46.516176,12465.96,9438.00
46.616961,12469.85,9452.00
46.717995,12482.32,9438.00
46.818810,12482.32,9438.00
46.919415,12482.32,9382.00
47.020094,12482.32,9424.00
47.121012,12482.32,9438.00
47.221916,12482.32,9438.00
47.322782,12482.32,9438.00
47.423596,12482.32,9438.00
47.524267,12482.32,9396.00
47.624883,12482.32,9368.00
47.725546,12482.32,9324.00
47.826155,12482.32,9452.00
47.926930,12482.32,9438.00
48.027644,12482.32,9424.00
48.128260,12482.32,9452.00
48.228907,12482.32,9452.00
48.329615,12482.32,9438.00
48.430245,12482.32,9452.00
48.531089,12482.32,9452.00
48.631829,12482.32,9326.00
48.732460,12482.32,9326.00
48.833091,12482.32,9326.00
48.933840,12482.32,9326.00
49.034758,12482.32,9326.00
49.135577,12482.32,9326.00
49.236492,12592.46,9326.00
49.337400,12678.90,9326.00
49.438355,12678.90,9326.00
49.539350,12678.90,9326.00
49.640269,12678.90,9326.00
49.741492,12678.90,9326.00
49.842382,12678.90,9326.00
49.943300,12678.90,9326.00
50.044520,12678.90,9326.00
50.146012,12678.90,9326.00
50.247242,12678.90,9326.00
50.348370,12678.90,9326.00
50.449856,12678.90,9326.00
50.551006,12678.90,9326.00
50.651900,12678.90,9326.00
50.752907,12683.05,9326.00
50.853984,12683.05,9326.00
50.954902,12683.05,9326.00
51.056347,12683.05,9326.00
51.157649,12683.05,9326.00
51.258793,12683.05,9326.00
51.360183,12683.05,9326.00
51.461451,12683.05,9326.00
51.562629,12683.05,9326.00
51.664056,12683.05,9326.00
51.765449,12683.05,9326.00
51.867049,12683.05,9326.00
51.967808,12620.84,9512.00
52.068761,12620.84,9464.00
52.169496,12633.18,9450.00
52.270223,12633.18,9366.00
52.370932,12645.65,9364.00
52.471613,12645.65,9464.00
52.572277,12645.65,9450.00
52.673040,12645.65,9450.00
52.773725,12645.65,9436.00
52.874376,12658.12,9378.00
52.974990,12658.12,9450.00
53.075620,12670.59,9450.00
53.176300,12670.59,9450.00
53.276991,12670.59,9450.00
53.377790,12683.06,9450.00
53.478537,12683.06,9378.00
53.579248,12683.06,9378.00
53.680046,12683.06,9450.00
53.780751,12683.06,9450.00
53.881493,12683.06,9436.00
53.982230,12683.06,9436.00
54.083078,12695.53,9350.00
54.183736,12695.53,9450.00
54.284405,12695.53,9422.00
54.385048,12695.53,9450.00
54.485816,12695.53,9436.00
54.586645,12695.53,9450.00
54.687599,12695.53,9450.00
54.788288,12695.53,9436.00
54.889079,12695.53,9364.00
54.989826,12695.53,9364.00
55.090634,12695.53,9364.00
55.191601,12695.53,9364.00
55.292307,12695.53,9364.00
55.393088,12729.81,9364.00
55.494333,12893.02,9364.00
55.595615,12893.02,9364.00
55.696542,12893.02,9364.00
55.797442,12893.02,9364.00
55.898321,12893.02,9364.00
55.999638,12893.02,9364.00
56.101539,12893.02,9364.00
56.202658,12893.02,9364.00
56.303557,12893.02,9364.00
56.404838,12893.02,9364.00
56.506078,12893.02,9364.00
56.606952,12893.02,9364.00
56.707854,12893.02,9364.00
56.809071,12893.02,9364.00
56.910349,12893.02,9364.00
57.011241,12893.02,9364.00
57.112411,12893.02,9364.00
57.213302,12893.02,9364.00
57.314458,12893.02,9364.00
57.415376,12893.02,9364.00
57.516415,12893.02,9364.00
57.617319,12893.02,9364.00
57.718162,12893.02,9364.00
57.819060,12893.02,9364.00
57.920349,12893.02,9364.00
58.021550,12893.02,9364.00
58.122447,12893.02,9364.00
58.223203,12839.11,9480.00
58.323909,12839.11,9468.00
58.424506,12851.46,9466.00
58.525119,12851.46,9480.00
58.625714,12858.81,9466.00
58.726411,12888.87,9366.00
58.827046,12913.80,9482.00
58.927732,12926.27,9382.00
59.028582,12926.27,9468.00
59.129258,12938.74,9380.00
59.230125,12951.21,9466.00
59.330715,12951.21,9480.00
59.431472,12963.68,9482.00
59.532328,12976.14,9480.00
59.632959,12976.14,9472.00
59.733740,12976.14,9366.00
59.834383,12976.14,9480.00
59.935214,12976.14,9480.00
60.036190,12976.14,9480.00
60.137105,12976.14,9366.00
60.237755,12976.14,9384.00
60.338429,12976.14,9466.00
60.439005,12976.14,9472.00
60.539617,12976.14,9482.00
60.640324,12976.14,9480.00
60.741018,12976.14,9480.00
60.841602,12976.14,9424.00
60.942200,12976.14,9452.00
61.042910,12976.14,9478.00
61.143722,12976.14,9366.00
61.244439,12976.14,9366.00
61.345111,12976.14,9366.00
61.445822,12976.14,9366.00
61.546434,12976.14,9366.00
61.647213,12976.14,9366.00
61.748136,13085.24,9366.00
61.849334,13153.06,9366.00
61.950697,13153.06,9366.00
62.051662,13153.06,9366.00
62.152907,13153.06,9366.00
62.254152,13153.06,9366.00
62.355300,13153.06,9366.00
62.456215,13153.06,9366.00
62.557436,13153.06,9366.00
62.658403,13153.06,9366.00
62.759484,13153.06,9366.00
62.861047,13153.06,9366.00
62.961932,13153.06,9366.00
63.063189,13153.06,9366.00
63.164134,13153.06,9366.00
63.265527,13153.06,9366.00
63.366442,13153.06,9366.00
63.467864,13153.06,9366.00
63.569190,13157.22,9366.00
63.670164,13157.22,9366.00
63.771040,13157.22,9366.00
63.872297,13157.22,9366.00
63.972940,13095.00,7118.00
64.073562,13095.00,7118.00
64.174187,13107.34,7118.00
64.275092,13132.28,7118.00
64.376149,13132.28,7090.00
64.477032,13132.28,7104.00
64.577928,13132.28,7006.00
64.679047,13144.75,7062.00
64.779987,13182.15,7118.00
64.881331,13194.62,7118.00
64.982042,13194.62,6992.00
65.082965,13194.62,7104.00
65.183764,13194.62,7006.00
65.284400,13207.09,7006.00
65.385036,13207.09,7006.00
65.485844,13207.09,7118.00
65.586657,13207.09,7118.00
65.687537,13207.09,7006.00
65.788921,13207.09,6992.00
65.890291,13207.09,6992.00
65.991607,13207.09,6992.00
66.092624,13207.09,6992.00
66.193582,13354.64,6992.00
66.294779,13354.64,6992.00
66.395786,13354.64,6992.00
66.497055,13354.64,6992.00
66.598102,13354.64,6992.00
66.699096,13354.64,6992.00
66.799988,13354.64,6992.00
66.900920,13354.64,6992.00
67.001995,13354.64,6992.00
67.103173,13354.64,6992.00
67.204020,13354.64,6992.00
67.304945,13354.64,6992.00
67.405845,13354.64,6992.00
67.507087,13354.64,6992.00
67.608060,13354.64,6992.00
67.709384,13354.64,6992.00
67.810432,13354.64,6992.00
67.911680,13354.64,7198.00
68.012618,13354.64,7568.00
68.113484,13354.64,7938.00
68.214445,13354.64,8370.00
68.315399,13354.64,8686.00
68.416406,13354.64,8960.00
68.517604,13354.64,9372.00
68.618281,13321.39,9384.00
68.718887,13321.39,9370.00
68.819526,13321.39,9300.00
68.920313,13321.39,9384.00
69.020909,13321.39,9320.00
69.121551,13321.39,9334.00
69.222183,13321.39,9356.00
69.322749,13333.86,9370.00
69.423451,13346.33,9328.00
69.524086,13358.80,9384.00
69.624790,13371.27,9370.00
69.725538,13396.20,9384.00
69.826098,13396.20,9370.00
69.926747,13396.20,9256.00
70.027566,13408.67,9256.00
70.128180,13421.14,9370.00
70.228863,13421.14,9370.00
70.329511,13421.14,9384.00
70.430249,13446.08,9384.00
70.530904,13458.55,9370.00
70.631569,13458.55,9286.00
70.732212,13471.01,9286.00
70.832843,13471.01,9314.00
70.933545,13471.01,9286.00
71.034380,13471.01,9370.00
71.135135,13471.01,9370.00
71.235866,13471.01,9384.00
71.336574,13471.01,9270.00
71.437233,13471.01,9370.00
71.537872,13471.01,9370.00
71.638721,13483.48,9278.00
71.739549,13483.48,9278.00
71.840631,13483.48,9278.00
71.941481,13483.48,9278.00
72.042602,13483.48,9278.00
72.143759,13483.48,9278.00
72.245378,13639.21,9278.00
72.348483,13639.21,9278.00
72.449746,13639.21,9278.00
72.551127,13639.21,9278.00
72.652031,13639.21,9278.00
72.752981,13639.21,9278.00
72.854417,13639.21,9278.00
72.955740,13639.21,9278.00
73.056754,13639.21,9278.00
73.157739,13639.21,9278.00
73.263608,13639.21,9278.00
73.364549,13639.21,9278.00
73.465726,13639.21,9278.00
73.566948,13639.21,9278.00
73.667862,13639.21,9278.00
73.769543,13639.21,9278.00
73.870682,13639.21,9278.00
73.971796,13639.21,9278.00
74.073114,13639.21,9278.00
74.174509,13639.21,9278.00
74.275463,13639.21,9278.00
74.376338,13639.21,9278.00
74.477232,13639.21,9278.00
74.578645,13639.21,9278.00
74.679565,13639.21,9278.00
74.780191,13593.50,9400.00
74.880874,13605.96,9292.00
74.981580,13605.96,9362.00
75.082453,13630.90,9390.00
75.183440,13637.34,9390.00
75.284330,13655.84,9390.00
75.385299,13655.84,9334.00
75.486275,13680.77,9392.00
75.587157,13680.77,9390.00
75.687993,13680.77,9390.00
75.788837,13680.77,9378.00
75.889552,13680.77,9390.00
75.990181,13693.24,9392.00
76.090979,13693.24,9390.00
76.192015,13693.24,9392.00
76.292978,13693.24,9384.00
76.393964,13693.24,9392.00
76.495210,13705.71,9264.00
76.596263,13705.71,9390.00
76.697672,13718.18,9378.00
76.798377,13718.18,9392.00
76.899104,13718.18,9290.00
76.999871,13718.18,9390.00
77.100740,13718.18,9264.00
77.201443,13718.18,9376.00
77.302140,13718.18,9270.00
77.402757,13718.18,9378.00
77.503917,13718.18,9252.00
77.605536,13718.18,9252.00
77.706388,13718.18,9252.00
77.807150,13718.18,9252.00
77.908266,13718.18,9252.00
78.009142,13718.18,9252.00
78.109816,13848.05,9252.00
78.211081,13945.12,9252.00
78.311960,13945.12,9252.00
78.413107,13945.12,9252.00
78.513972,13945.12,9252.00
78.614911,13945.12,9252.00
78.716085,13945.12,9252.00
78.817009,13945.12,9252.00
78.917947,13945.12,9252.00
79.018852,13945.12,9252.00
79.120115,13945.12,9252.00
79.221208,13945.12,9252.00
79.322639,13945.12,9252.00
79.423605,13945.12,9252.00
79.524687,13945.12,9252.00
79.625636,13945.12,9252.00
79.726881,13945.12,9252.00
79.828233,13945.12,9252.00
79.929507,13945.12,9252.00
80.030490,13945.12,9252.00
80.131324,13953.43,9252.00
80.232403,13953.43,9252.00
80.334202,13953.43,9252.00
80.435405,13953.43,9252.00
80.536190,13953.43,9252.00
80.640900,13953.43,9252.00
80.742319,13953.43,9252.00
80.843262,13953.43,9252.00
80.944430,13953.43,9252.00
81.045736,13953.43,9396.00
81.146368,13882.90,9420.00
81.246999,13882.90,9420.00
81.347736,13882.90,9406.00
81.448378,13895.25,9392.00
81.548991,13907.71,9364.00
81.649609,13932.65,9322.00
81.750212,13945.12,9392.00
81.850898,13945.12,9420.00
81.951658,13970.05,9406.00
82.052360,13970.05,9420.00
82.153098,13970.05,9420.00
82.253997,13970.05,9346.00
82.354761,13982.52,9420.00
82.455459,13982.52,9346.00
82.556152,14007.46,9388.00
82.656766,14007.46,9350.00
82.757407,14007.46,9378.00
82.858365,14019.93,9420.00
82.959134,14019.93,9420.00
83.060023,14044.87,9346.00
83.160937,14057.33,9420.00
83.261632,14057.33,9406.00
83.362271,14057.33,9420.00
83.463049,14057.33,9420.00
83.563709,14057.33,9406.00
83.664417,14057.33,9420.00
83.765052,14057.33,9434.00
83.865690,14057.33,9364.00
83.966385,14057.33,9420.00
84.067313,14057.33,9346.00
84.168071,14057.33,9346.00
84.268944,14057.33,9346.00
84.369723,14057.33,9346.00
84.470531,14057.33,9346.00
84.571382,14096.82,9346.00
84.672486,14234.69,9346.00
84.773854,14234.69,9346.00
84.875105,14234.69,9346.00
84.976392,14234.69,9346.00
85.077341,14234.69,9346.00
85.178307,14234.69,9346.00
85.279256,14234.69,9346.00
85.381523,14234.69,9346.00
85.484853,14234.69,9346.00
85.587355,14234.69,9346.00
85.688713,14234.69,9346.00
85.789807,14234.69,9346.00
85.890562,14176.63,7148.00
85.991258,14176.63,4558.00
86.091925,14176.63,4558.00
86.192592,14176.63,4488.00
86.293236,14176.63,4600.00
86.393873,14201.44,4600.00
86.494577,14213.91,4572.00
86.595332,14213.91,4488.00
86.696009,14241.77,4610.00
86.796790,14356.29,4498.00
86.897488,14468.51,4610.00
86.998189,14593.19,4512.00
87.099243,14726.68,4610.00
87.200206,14818.19,4610.00
87.300850,14867.49,4512.00
87.401548,14917.36,4610.00
87.502200,14942.30,4512.00
87.602889,14967.23,4610.00
87.703503,14979.70,4484.00
87.804159,15017.11,4610.00
87.904859,15042.04,4484.00
88.005690,15042.04,4484.00
88.106426,15054.51,4484.00
88.207411,15079.45,4484.00
88.308444,15079.45,4484.00
88.409551,15079.45,4484.00
88.510450,15079.45,4484.00
88.611756,15079.45,4484.00
88.712920,15079.45,4484.00
88.813767,15079.45,4484.00
88.914566,15079.45,4484.00
89.015406,15079.45,4484.00
89.116263,15079.45,4484.00
89.217636,15079.45,4484.00
89.318489,15079.45,4484.00
89.419411,15079.45,4614.00
89.520301,15079.45,4868.00
89.621553,15079.45,5238.00
89.722348,15079.45,5560.00
89.823420,15079.45,5754.00
89.924463,15079.45,6028.00
90.025586,15079.45,6330.00
90.126943,15079.45,6734.00
90.228169,15079.45,7016.00
90.329003,15079.45,7284.00
90.430936,15079.45,7490.00
90.535269,15079.45,7874.00
90.636162,15079.45,8162.00
90.737042,15079.45,8528.00
90.838042,15079.45,8768.00
90.938948,15079.45,8974.00
91.040263,15079.45,9310.00
91.140949,15079.45,9386.00
91.241694,15118.76,9470.00
91.342359,15179.19,9456.00
91.443008,15229.06,9456.00
91.543686,15303.88,9456.00
91.644325,15378.68,9400.00
91.744905,15453.49,9442.00
91.845608,15540.77,9456.00
91.946247,15603.11,9400.00
92.046968,15679.97,9456.00
92.147632,15765.20,9470.00
92.248338,15852.47,9470.00
92.348968,15914.82,9316.00
92.449714,15989.62,9456.00
92.550351,16089.37,9430.00
92.651035,16164.18,9472.00
92.751848,16238.99,9344.00
92.852723,16301.33,9458.00
92.953560,16351.20,9374.00
93.054189,16438.48,9458.00
93.154896,16513.29,9458.00
93.255608,16591.61,9472.00
93.356268,16682.60,9458.00
93.456983,16737.71,9458.00
93.557617,16800.06,9374.00
93.658284,16874.87,9458.00
93.759007,16937.21,9358.00
93.859749,16937.21,9458.00
93.960578,16937.21,9430.00
94.061226,16949.68,9472.00
94.161880,16949.68,9458.00
94.262714,16949.68,9458.00
94.363362,16949.68,9458.00
94.464278,16949.68,9344.00
94.565209,16949.68,9344.00
94.665912,16999.55,9346.00
94.766841,17024.48,9346.00
94.867577,17024.48,9346.00
94.968422,17049.42,9346.00
95.069181,17061.89,9346.00
95.170202,17086.83,9346.00
95.271149,17086.83,9346.00
95.372595,17086.83,9346.00
95.473951,17086.83,9346.00
95.574961,17086.83,9346.00
95.675917,17086.83,9346.00
95.777132,17086.83,9346.00
95.878570,17086.83,9346.00
95.979516,17086.83,9346.00
96.080860,17086.83,9346.00
96.181862,17086.83,9346.00
96.283156,17086.83,9346.00
96.384386,17086.83,9346.00
96.485402,17086.83,9346.00
96.586880,17086.83,9346.00
96.688041,17086.83,9346.00
96.789440,17086.83,9346.00
96.890490,17086.83,9346.00
96.991519,17086.83,9346.00
97.092483,17086.83,9346.00
97.193650,17086.83,9346.00
97.294923,17086.83,9346.00
97.395944,17086.83,9346.00
97.497309,17086.83,9498.00
97.597938,17086.83,9468.00
97.698917,17086.83,9454.00
97.799819,17086.83,9468.00
97.900849,17086.83,9396.00
98.001727,17086.83,9454.00
98.102471,17086.83,9468.00
98.203194,17086.83,9412.00
98.303942,17086.83,9468.00
98.404593,17086.83,9482.00
98.505345,17086.83,9454.00
98.606289,17086.83,9468.00
98.707259,17086.83,9454.00
98.808213,17086.83,9468.00
98.909127,17086.83,9468.00
99.010065,17086.83,9384.00
99.110851,17086.83,9412.00
99.211603,17086.83,9468.00
99.312255,17086.83,9454.00
99.412947,17086.83,9384.00
99.513735,17086.83,9482.00
99.614473,17086.83,9454.00
99.715372,17086.83,9454.00
99.816329,17086.83,9468.00
99.917322,17086.83,9384.00
100.018579,17086.83,9468.00
100.119494,17086.83,9384.00
100.220585,17086.83,9454.00
100.321453,17086.83,9454.00
100.422326,17086.83,9454.00
100.523273,17037.08,9454.00
100.624389,17037.08,9384.00
100.725177,17037.08,9384.00
100.826108,17037.08,9384.00
100.927172,17037.08,9384.00
101.028412,17037.08,9384.00
101.129542,17037.08,9384.00
101.230981,17037.08,9384.00
101.482282,17037.08,9384.00
101.583250,17037.08,9384.00
101.684686,17037.08,9384.00
101.786058,17037.08,9384.00
101.887407,17037.08,9384.00
101.988438,17037.08,9384.00
102.089417,17037.08,9384.00
102.190694,17037.08,9384.00
102.291686,17037.08,9384.00
102.392693,17037.08,9384.00
102.494045,17037.08,9384.00
102.595340,17037.08,9384.00
102.696580,17037.08,9384.00
102.797645,17037.08,9384.00
102.898731,17037.08,9384.00
102.999663,17037.08,9384.00
103.100664,17037.08,9384.00
103.201650,17037.08,9384.00
103.302882,17037.08,9384.00
103.403885,17037.08,9384.00
103.505047,17037.08,9572.00
103.606195,17037.08,9486.00
103.707523,17037.09,9504.00
103.808438,17037.09,9484.00
103.909189,17037.09,9500.00
104.009859,17037.09,9486.00
104.110563,17037.09,9384.00
104.211210,17037.09,9500.00
104.311881,17037.09,9484.00
104.412584,17037.09,9444.00
104.513374,17037.09,9498.00
104.614080,17037.09,9500.00
104.714806,17037.09,9498.00
104.815494,17037.09,9500.00
104.916185,17037.09,9500.00
105.016909,17037.09,9486.00
105.117643,17037.09,9464.00
105.218312,17037.09,9388.00
105.318956,17037.09,9484.00
105.419617,17037.09,9478.00
105.520314,17037.09,9498.00
105.621039,17037.09,9478.00
105.721859,17037.09,9472.00
105.822564,17037.09,9444.00
105.923496,17037.09,9484.00
106.024107,17037.09,9504.00
106.124785,17037.09,9400.00
106.225867,17037.09,9498.00
106.326640,17037.09,9498.00
106.427458,17037.09,9400.00
106.528248,17037.09,9400.00
106.629113,16987.22,9400.00
106.730065,16987.22,9400.00
106.831027,16987.22,9400.00
106.931995,16987.22,9400.00
107.032968,16987.22,9400.00
107.133994,16987.22,9400.00
107.235164,16987.22,9400.00
107.336590,16987.22,9400.00
107.438322,16987.22,9400.00
107.539696,16987.22,9400.00
107.641237,16987.22,9400.00
107.742402,16987.22,9400.00
107.843874,16987.22,9400.00
107.945038,16987.22,9400.00
108.045970,16987.22,9400.00
108.146942,16987.22,9400.00
108.263285,16987.22,9400.00
108.364244,16987.22,9400.00
108.465591,16987.22,9400.00
108.566658,16987.22,9400.00
108.667949,16987.22,9400.00
108.769023,16987.22,9400.00
108.869661,16987.23,7176.00
108.970656,16987.23,7130.00
109.071615,16987.23,7032.00
109.172331,16987.23,7060.00
109.273123,16987.23,7088.00
109.373862,16987.23,7046.00
109.474576,16987.23,7130.00
109.575182,16987.23,7116.00
109.675830,16987.23,7032.00
109.776439,16987.23,7032.00
109.877345,16987.23,7130.00
109.978173,16987.23,7004.00
110.079049,16987.23,7130.00
110.179947,16987.23,7018.00
110.280885,16987.23,7130.00
110.381861,16987.23,7032.00
110.482715,16987.23,7130.00
110.583779,16987.23,7018.00
110.684875,16987.23,7018.00
110.785804,16987.23,7018.00
110.886772,16987.23,7018.00
110.987825,16987.23,7018.00
111.089162,16987.23,7018.00
111.193141,16987.23,7018.00
111.294338,16987.23,7018.00
111.395421,16987.23,7018.00
111.497285,16987.23,7018.00
111.600232,16987.23,7018.00
111.701590,16987.23,7018.00
111.804167,16987.23,7018.00
111.905226,16987.23,7018.00
112.006627,16987.23,7018.00
112.107667,16987.23,7018.00
112.208645,16987.23,7018.00
112.309620,16987.23,7018.00
112.411296,16987.23,7018.00
112.512205,16987.23,7018.00
112.613566,16987.23,7018.00
112.714487,16987.23,7018.00
112.815413,16987.23,7018.00
112.916907,16987.23,7198.00
113.017857,16987.23,7478.00
113.119564,16987.23,7828.00
113.220472,16987.23,8226.00
113.321727,16987.23,8590.00
113.422802,16987.23,8788.00
113.523958,16987.23,9172.00
113.624752,16987.23,9388.00
113.725464,16987.23,9374.00
113.826112,16987.23,9290.00
113.926900,16987.23,9318.00
114.027639,16987.23,9388.00
114.128296,16987.23,9402.00
114.229386,16987.23,9346.00
114.330359,16987.23,9290.00
114.431265,16987.23,9388.00
114.532505,16987.23,9290.00
114.633695,16987.23,9374.00
114.735030,16987.23,9394.00
114.836116,16987.23,9390.00
114.937197,16987.23,9318.00
115.038238,16987.23,9388.00
115.139212,16987.23,9402.00
115.240416,16987.23,9388.00
115.341329,16987.23,9374.00
115.442351,16987.23,9388.00
115.543267,16987.23,9290.00
115.644154,16987.23,9390.00
115.745164,16987.23,9374.00
115.846321,16987.23,9304.00
115.947384,16987.23,9388.00
116.048456,16987.23,9388.00
116.149480,16987.23,9388.00
116.250780,16987.23,9388.00
116.352010,16987.23,9388.00
116.453073,16987.23,9388.00
116.554111,16987.23,9290.00
116.655131,16987.23,9290.00
116.756598,16987.23,9290.00
116.857520,16987.23,9290.00
116.958288,16987.23,9290.00
117.059020,16987.23,9290.00
117.159886,16987.23,9290.00
117.261058,16987.23,9290.00
117.362051,16987.23,9290.00
117.463533,16987.23,9290.00
117.564489,16987.23,9290.00
117.665482,16987.23,9290.00
117.766915,16987.23,9290.00
117.868259,16987.23,9290.00
117.969645,16987.23,9290.00
118.070744,16987.23,9290.00
118.171763,16987.23,9290.00
118.272738,16987.23,9290.00
118.373723,16987.23,9290.00
118.474986,16987.23,9290.00
118.575966,16987.23,9290.00
118.677193,16987.23,9290.00
118.778190,16987.23,9290.00
118.879482,16987.23,9290.00
118.980396,16987.23,9290.00
119.081585,16987.23,9290.00
119.182449,16987.23,9290.00
119.283360,16987.23,9290.00
119.384252,16987.23,9290.00
119.485502,16987.23,9290.00
119.589872,16987.23,9290.00
119.690646,16987.23,9470.00
119.791322,16987.23,9410.00
119.892036,16987.23,9380.00
119.992709,16987.23,9410.00
120.093437,16987.23,9398.00
120.194084,16987.23,9410.00
120.294846,16987.23,9396.00
120.395558,16987.23,9382.00
120.496167,16987.23,9410.00
120.596990,16987.23,9396.00
120.697629,16987.23,9354.00
120.798315,16987.23,9284.00
120.898903,16987.23,9396.00
120.999678,16987.23,9410.00
121.100347,16987.23,9314.00
121.200999,16987.23,9298.00
121.301774,16987.23,9284.00
121.402411,16987.23,9396.00
121.503096,16987.23,9326.00
121.603817,16987.23,9410.00
121.704511,16987.23,9396.00
121.805188,16987.23,9408.00
121.905825,16987.23,9410.00
122.006507,16987.23,9410.00
122.107183,16987.23,9298.00
122.207888,16937.36,9410.00
122.308542,16937.36,9396.00
122.409193,16937.36,9396.00
122.510019,16937.36,9256.00
122.611074,16937.36,9256.00
122.712000,16937.36,9256.00
122.812752,16937.36,9256.00
122.913553,16937.36,9256.00
123.014498,16937.36,9256.00
123.115562,16937.36,9256.00
123.216710,16937.36,9256.00
123.317715,16937.36,9256.00
123.418846,16937.36,9256.00
123.519795,16937.36,9256.00
123.621289,16937.36,9256.00
123.722203,16937.36,9256.00
123.823187,16937.36,9256.00
123.924114,16937.36,9256.00
124.025629,16937.36,9256.00
124.127012,16937.36,9256.00
124.228487,16937.36,9256.00
124.329795,16937.36,9256.00
124.431003,16937.36,9256.00
124.532362,16937.36,9256.00
124.633519,16937.36,9256.00
124.735464,16937.36,9256.00
124.836496,16937.36,9256.00
124.937777,16937.36,9256.00
125.038900,16937.36,9256.00
125.140036,16937.36,9256.00
125.243114,16937.36,9256.00
125.344417,16937.36,9256.00
125.445215,16937.36,9430.00
125.545971,16937.36,9444.00
125.646612,16937.36,9402.00
125.747290,16937.36,9386.00
125.848013,16937.36,9430.00
125.948655,16937.36,9416.00
126.049332,16937.36,9416.00
126.149954,16937.36,9444.00
126.250578,16937.36,9430.00
126.351189,16937.36,9430.00
126.451829,16937.36,9386.00
126.552585,16937.36,9376.00
126.653321,16937.36,9446.00
126.753955,16937.36,9418.00
126.854750,16937.36,9432.00
126.955522,16887.48,9432.00
127.056293,16887.48,9432.00
127.157138,16887.49,9376.00
127.257912,16887.49,9376.00
127.358536,16887.49,9432.00
127.459156,16887.49,9432.00
127.559838,16887.49,9404.00
127.660456,16887.49,9430.00
127.761303,16887.49,9444.00
127.861977,16887.49,9402.00
127.962633,16887.49,9372.00
128.063235,16887.49,9430.00
128.164038,16887.49,9372.00
128.264765,16887.49,9372.00
128.365504,16887.49,9372.00
128.466235,16887.49,9372.00
128.566984,16887.49,9372.00
128.667782,16887.49,9372.00
128.768522,16887.49,9372.00
128.869642,16887.49,9372.00
128.971010,16887.49,9372.00
129.072370,16887.49,9372.00
129.173633,16887.49,9372.00
129.274473,16887.49,9372.00
129.375635,16887.49,9372.00
129.477189,16887.49,9372.00
129.578546,16887.49,9372.00
129.679998,16887.49,9372.00
129.781015,16887.49,9372.00
129.882306,16887.49,9372.00
129.982959,16887.49,5494.00
130.083591,16887.49,4610.00
130.184205,16887.49,4498.00
130.284844,16887.49,4610.00
130.385433,16887.49,4610.00
130.486012,16887.49,4610.00
130.586658,16887.49,4596.00
130.687368,16887.49,4512.00
130.787973,16887.49,4512.00
130.888587,16887.49,4582.00
130.989203,16887.49,4554.00
131.089795,16887.49,4498.00
131.190414,16887.49,4512.00
131.291015,16887.49,4610.00
131.391608,16887.49,4498.00
131.492250,16887.49,4610.00
131.592890,16887.49,4484.00
131.693533,16887.49,4498.00
131.794327,16887.49,4498.00
131.895412,16887.49,4498.00
131.996519,16887.49,4498.00
132.097931,16887.49,4498.00
132.198830,16887.49,4498.00
132.299843,16887.49,4498.00
132.401192,16887.49,4498.00
132.502309,16887.49,4498.00
132.603395,16887.49,4498.00
132.704826,16887.49,4498.00
132.805722,16887.49,4498.00
132.906988,16887.49,4614.00
133.007861,16887.49,4936.00
133.109001,16887.49,5382.00
133.210092,16887.49,5720.00
133.311144,16887.49,6028.00
133.412441,16887.49,6378.00
133.513364,16887.49,6830.00
133.614365,16887.49,7092.00
133.715155,16887.49,7332.00
133.816006,16887.49,7634.00
133.917339,16887.49,7922.00
134.018414,16887.49,8272.00
134.120860,16887.49,8576.00
134.222100,16887.49,8864.00
134.323031,16887.49,9160.00
134.423964,16887.49,9454.00
134.524876,16887.49,9456.00
134.625585,16887.49,9458.00
134.726610,16887.49,9344.00
134.827493,16887.49,9344.00
134.928308,16887.49,9458.00
135.028975,16887.49,9472.00
135.129934,16887.49,9456.00
135.230776,16887.49,9456.00
135.331550,16887.49,9344.00
135.432157,16887.49,9470.00
135.532766,16887.49,9428.00
135.633399,16887.49,9344.00
135.734047,16887.49,9400.00
135.834774,16887.49,9470.00
135.935506,16887.49,9358.00
136.036334,16887.49,9346.00
136.137094,16887.49,9388.00
136.238382,16887.49,9472.00
136.339673,16887.49,9458.00
136.441007,16887.49,9330.00
136.542070,16887.49,9358.00
136.643288,16887.49,9472.00
136.744428,16887.49,9430.00
136.845381,16887.49,9458.00
136.946485,16887.49,9458.00
137.047343,16887.49,9344.00
137.148339,16887.49,9344.00
137.249263,16887.49,9344.00
137.350925,16887.49,9344.00
137.451710,16837.62,9344.00
137.552929,16837.62,9344.00
137.656059,16837.62,9344.00
137.757149,16837.62,9344.00
137.858070,16837.62,9344.00
137.959456,16837.62,9344.00
138.060400,16837.62,9344.00
138.161273,16837.62,9344.00
138.262076,16837.62,9344.00
138.362941,16837.62,9344.00
138.463913,16837.62,9344.00
138.564781,16837.62,9344.00
138.665647,16837.62,9344.00
138.766667,16837.62,9344.00
138.867979,16837.62,9344.00
138.969211,16837.62,9344.00
139.070112,16837.62,9344.00
139.170963,16837.62,9344.00
139.271885,16837.62,9344.00
139.372975,16837.62,9344.00
139.473965,16837.62,9344.00
139.574952,16837.62,9344.00
139.676005,16837.62,9344.00
139.777032,16837.62,9344.00
139.877927,16837.62,9344.00
139.978843,16837.62,9344.00
140.079789,16837.62,9344.00
140.180776,16837.62,9344.00
140.281983,16837.62,9344.00
140.382654,16837.62,9414.00
140.483384,16837.62,9396.00
140.584150,16837.62,9396.00
140.684732,16837.62,9468.00
140.785309,16837.62,9384.00
140.885997,16837.62,9454.00
140.986613,16837.62,9454.00
141.087488,16837.62,9454.00
141.188338,16837.62,9454.00
141.289110,16837.62,9468.00
141.389868,16837.62,9454.00
141.490796,16837.62,9384.00
141.591429,16837.62,9426.00
141.692442,16837.62,9384.00
141.793150,16837.62,9454.00
141.893965,16837.62,9454.00
141.994870,16837.62,9454.00
142.095569,16837.62,9454.00
142.196290,16837.62,9454.00
142.297013,16837.62,9454.00
142.397801,16837.62,9454.00
142.498436,16837.62,9454.00
142.599050,16837.62,9468.00
142.699825,16837.62,9384.00
142.800565,16837.62,9468.00
142.901420,16837.62,9426.00
143.002126,16837.62,9454.00
143.102842,16837.62,9468.00
143.203714,16837.62,9468.00
143.304354,16837.62,9384.00
143.405034,16837.62,9384.00
143.505713,16837.62,9384.00
143.606542,16837.62,9384.00
143.707546,16837.62,9384.00
143.808243,16837.62,9384.00
143.909078,16837.62,9384.00
144.010050,16837.62,9384.00
144.111089,16837.62,9384.00
144.213067,16837.62,9384.00
144.318601,16837.62,9384.00
144.419942,16837.62,9384.00
144.521330,16837.62,9384.00
144.622762,16837.62,9384.00
144.724075,16837.62,9384.00
144.825233,16837.62,9384.00
144.926172,16837.62,9384.00
145.027571,16837.62,9384.00
145.128831,16837.62,9384.00
145.230130,16837.62,9384.00
145.331159,16837.62,9384.00
145.432138,16837.62,9384.00
145.533161,16837.62,9384.00
145.634465,16837.62,9384.00
145.735641,16837.62,9384.00
145.836869,16837.62,9384.00
145.937846,16837.62,9384.00
146.039209,16837.62,9384.00
146.140556,16837.62,9384.00
146.241521,16837.62,9418.00
146.342164,16837.62,9398.00
146.442817,16837.62,9500.00
146.543522,16837.62,9456.00
146.644309,16837.62,9500.00
146.744954,16837.62,9486.00
146.845618,16837.62,9504.00
146.946313,16837.62,9458.00
147.046884,16837.62,9500.00
147.147619,16837.62,9486.00
147.248628,16837.62,9416.00
147.349261,16837.62,9486.00
147.449886,16837.62,9402.00
147.550602,16837.62,9444.00
147.651241,16837.62,9486.00
147.751972,16837.62,9500.00
147.852681,16837.62,9470.00
147.953536,16837.62,9416.00
148.054535,16837.62,9500.00
148.155399,16837.62,9498.00
148.256446,16837.62,9500.00
148.357302,16837.62,9486.00
148.458292,16837.62,9500.00
148.559188,16837.62,9500.00
148.660189,16837.62,9400.00
148.761131,16837.62,9498.00
148.861800,16837.62,9498.00
148.962466,16837.62,9386.00
149.063183,16837.62,9400.00
149.163887,16837.62,9506.00
149.264542,16837.62,9386.00
149.365244,16837.62,9386.00
149.465945,16837.62,9386.00
149.566762,16837.62,9386.00
149.667464,16837.62,9386.00
149.768169,16837.62,9386.00
149.869510,16837.62,9386.00
149.970788,16837.62,9386.00
150.072179,16837.62,9386.00
150.173586,16837.62,9386.00
150.274942,16837.62,9386.00
150.376210,16837.62,9386.00
150.477132,16837.62,9386.00
150.578105,16837.62,9386.00
150.679480,16837.62,9386.00
150.780795,16837.62,9386.00
150.881874,16837.62,9386.00
150.983250,16837.62,9386.00
151.084626,16837.62,9386.00
151.185594,16837.62,9386.00
151.286784,16837.62,9386.00
151.387953,16837.62,9386.00
151.488873,16837.62,9386.00
151.589885,16837.62,9386.00
151.690569,16837.62,7116.00
151.791161,16837.62,7032.00
151.891801,16837.62,7130.00
151.992441,16837.62,7032.00
152.093069,16837.62,7130.00
152.193835,16837.62,7130.00
152.294400,16837.62,7130.00
152.394989,16837.62,7032.00
152.495594,16837.62,7046.00
152.596233,16837.62,7130.00
152.697017,16837.62,7130.00
152.797757,16837.62,7018.00
152.898441,16837.62,7130.00
152.999061,16837.62,7032.00
153.099671,16837.62,7130.00
153.200282,16837.62,7060.00
153.300943,16837.62,7088.00
153.401573,16837.62,7018.00
153.502325,16837.62,7018.00
153.603016,16837.62,7018.00
153.703894,16837.62,7018.00
153.804793,16837.62,7018.00
153.906565,16837.62,7018.00
154.007810,16837.62,7018.00
154.108763,16837.62,7018.00
154.209690,16837.62,7018.00
154.310803,16837.62,7018.00
154.411776,16837.62,7018.00
154.512691,16837.62,7018.00
154.613882,16837.62,7018.00
154.715107,16837.62,7018.00
154.816102,16837.62,7018.00
154.917445,16837.62,7018.00
155.018462,16837.62,7018.00
155.119581,16837.62,7018.00
155.220865,16837.62,7018.00
155.322095,16837.62,7018.00
155.422997,16837.62,7018.00
155.523932,16837.62,7072.00
155.624918,16837.62,7342.00
155.725809,16837.62,7732.00
155.826673,16837.62,8048.00
155.927566,16837.62,8390.00
156.028508,16837.62,8672.00
156.129401,16837.62,8932.00
156.230438,16837.62,9254.00
156.331136,16837.62,9388.00
156.431909,16837.62,9318.00
156.532567,16837.62,9388.00
156.633648,16837.62,9304.00
156.734280,16837.62,9402.00
156.835085,16837.62,9290.00
156.935832,16837.62,9388.00
157.036564,16837.62,9290.00
157.137325,16837.62,9388.00
157.237920,16837.62,9360.00
157.338609,16837.62,9402.00
157.439299,16837.62,9318.00
157.539942,16837.62,9388.00
157.640599,16837.62,9346.00
157.741215,16837.62,9374.00
157.841931,16837.62,9346.00
157.942667,16837.62,9402.00
158.043279,16837.62,9388.00
158.143930,16837.62,9388.00
158.244554,16837.62,9388.00
158.345173,16837.62,9388.00
158.445818,16837.62,9388.00
158.546682,16837.62,9388.00
158.647305,16837.62,9290.00
158.748037,16837.62,9388.00
158.848744,16837.62,9388.00
158.949443,16837.62,9388.00
159.050155,16837.62,9304.00
159.150843,16837.62,9304.00
159.251669,16837.62,9304.00
159.352406,16837.62,9304.00
159.453214,16837.62,9304.00
159.554088,16837.62,9304.00
159.655491,16837.62,9304.00
159.756649,16837.62,9304.00
159.858053,16837.62,9304.00
159.959463,16837.62,9304.00
160.060432,16837.62,9304.00
160.161541,16837.62,9304.00
160.262910,16837.62,9304.00
160.363823,16837.62,9304.00
160.465157,16837.62,9304.00
160.566081,16837.62,9304.00
160.667156,16837.62,9304.00
160.768257,16837.62,9304.00
160.869244,16837.62,9304.00
160.970666,16837.62,9304.00
161.071609,16837.62,9304.00
161.172873,16837.62,9304.00
161.274032,16837.62,9304.00
161.374967,16837.62,9304.00
161.475964,16837.62,9304.00
161.577059,16837.62,9304.00
161.677975,16837.62,9304.00
161.779589,16837.62,9304.00
161.881136,16837.62,9304.00
161.982102,16837.62,9282.00
162.082774,16837.62,9314.00
162.183467,16837.62,9382.00
162.284091,16837.62,9410.00
162.384825,16837.62,9382.00
162.485540,16837.62,9396.00
162.586202,16837.62,9390.00
162.686854,16837.62,9404.00
162.787663,16837.62,9278.00
162.888440,16837.62,9390.00
162.989128,16837.62,9278.00
163.089720,16837.62,9362.00
163.190506,16837.62,9320.00
163.291250,16837.62,9278.00
163.391936,16837.62,9348.00
163.492640,16837.62,9308.00
163.593405,16837.62,9392.00
163.694212,16837.62,9406.00
163.794959,16837.62,9392.00
163.895692,16837.62,9406.00
163.996425,16837.62,9392.00
164.097132,16837.62,9398.00
164.197905,16837.62,9392.00
164.298611,16837.62,9406.00
164.399239,16837.62,9406.00
164.499937,16837.62,9392.00
164.600649,16837.62,9280.00
164.701425,16837.62,9280.00
164.802368,16837.62,9280.00
164.903452,16837.62,9280.00
165.004487,16837.62,9280.00
165.105347,16837.62,9280.00
165.206628,16837.62,9280.00
165.308111,16837.62,9280.00
165.409072,16837.62,9280.00
165.510306,16837.62,9280.00
165.611819,16837.62,9280.00
165.713290,16837.62,9280.00
165.814796,16837.62,9280.00
165.916200,16837.62,9280.00
166.017677,16837.62,9280.00
166.119154,16837.62,9280.00
166.220140,16837.62,9280.00
166.321563,16837.62,9280.00
166.422976,16837.62,9280.00
166.524328,16837.62,9280.00
166.625406,16837.62,9280.00
166.726888,16837.62,9280.00
166.828234,16837.62,9280.00
166.929246,16837.62,9280.00
167.030384,16837.62,9280.00
167.131563,16837.62,9280.00
167.232900,16837.62,9280.00
167.333920,16837.62,9280.00
167.434872,16837.62,9280.00
167.535884,16837.62,9396.00
167.636582,16837.62,9420.00
167.737257,16837.62,9406.00
167.838085,16837.62,9420.00
167.938809,16837.62,9362.00
168.039858,16837.62,9406.00
168.140532,16837.62,9436.00
168.241353,16837.62,9408.00
168.342105,16837.62,9408.00
168.442731,16837.62,9436.00
168.543357,16837.62,9422.00
168.644049,16837.62,9436.00
168.744938,16837.62,9422.00
168.845595,16837.62,9436.00
168.946513,16837.62,9422.00
169.047154,16837.62,9422.00
169.147826,16837.62,9422.00
169.248476,16837.62,9434.00
169.349274,16837.62,9420.00
169.449910,16837.62,9420.00
169.550508,16837.62,9434.00
169.651116,16837.62,9434.00
169.751853,16837.62,9420.00
169.852576,16837.62,9420.00
169.953366,16837.62,9420.00
170.053981,16837.62,9420.00
170.154715,16837.63,9434.00
170.255427,16837.63,9420.00
170.356179,16837.63,9378.00
170.456895,16837.63,9378.00
170.557755,16837.63,9378.00
170.658435,16837.63,9378.00
170.759104,16837.63,9378.00
170.859865,16837.63,9378.00
170.960551,16837.63,9378.00
171.061543,16837.63,9378.00
171.162662,16837.63,9378.00
171.263595,16837.63,9378.00
171.365007,16837.63,9378.00
171.466090,16837.63,9378.00
171.567637,16837.63,9378.00
171.668805,16837.63,9378.00
171.770118,16837.63,9378.00
171.871720,16837.63,9378.00
171.972680,16837.63,9378.00
172.073605,16837.63,9378.00
172.174225,16837.63,5402.00
172.274974,16837.63,4612.00
172.375559,16837.63,4528.00
172.476190,16837.63,4612.00
172.576788,16837.63,4528.00
172.677386,16837.63,4612.00
172.778075,16837.63,4612.00
172.878760,16837.63,4500.00
172.979442,16837.63,4542.00
173.080284,16837.63,4612.00
173.180929,16837.63,4500.00
173.281570,16837.63,4514.00
173.382136,16837.63,4514.00
173.482904,16837.63,4500.00
173.583546,16837.63,4514.00
173.684173,16837.63,4514.00
173.784789,16837.63,4500.00
173.885502,16837.63,4500.00
173.986211,16837.63,4500.00
174.086975,16837.63,4500.00
174.187855,16837.63,4500.00
174.289055,16837.63,4500.00
174.390180,16837.63,4500.00
174.491209,16837.63,4500.00
174.592061,16837.63,4500.00
174.693215,16837.63,4500.00
174.794188,16837.63,4500.00
174.894998,16837.63,4500.00
174.996153,16837.63,4500.00
175.096929,16837.63,4500.00
175.197832,16837.63,4500.00
175.299015,16837.63,4500.00
175.400667,16837.63,4616.00
175.502816,16837.63,4856.00
175.603737,16837.63,5240.00
175.704764,16837.63,5562.00
175.805593,16837.63,5804.00
175.906751,16837.63,6126.00
176.007977,16837.63,6442.00
176.108894,16837.63,6832.00
176.209939,16837.63,7094.00
176.310901,16837.63,7334.00
176.411709,16837.63,7684.00
176.512501,16837.63,8006.00
176.613707,16837.63,8364.00
176.714597,16837.63,8626.00
176.815496,16837.63,8880.00
176.916436,16837.63,9230.00
177.017232,16837.63,9552.00
177.117872,16837.63,9472.00
177.218519,16837.63,9388.00
177.319127,16837.63,9472.00
177.419817,16837.63,9472.00
177.520447,16837.63,9472.00
177.621092,16837.63,9458.00
177.721731,16837.63,9458.00
177.822423,16837.63,9458.00
177.923121,16837.63,9346.00
178.024031,16837.63,9458.00
178.124821,16837.63,9458.00
178.225551,16837.63,9402.00
178.326149,16837.63,9402.00
178.426746,16837.63,9458.00
178.527393,16837.63,9472.00
178.628057,16837.63,9360.00
178.728741,16837.63,9458.00
178.829399,16837.63,9458.00
178.930101,16837.63,9346.00
179.030728,16837.63,9444.00
179.131398,16837.63,9472.00
179.232099,16837.63,9458.00
179.332755,16837.63,9458.00
179.433530,16837.63,9458.00
179.534354,16837.63,9346.00
179.635185,16837.63,9346.00
179.736133,16837.63,9346.00
179.837202,16837.63,9346.00
179.938244,16837.63,9346.00
180.039319,16837.63,9346.00
180.140500,16837.63,9346.00
180.241429,16837.63,9346.00
180.342436,16837.63,9346.00
180.443500,16837.63,9346.00
180.544675,16837.63,9346.00
180.650974,16837.63,9346.00
180.751896,16837.63,9346.00
180.853235,16837.63,9346.00
180.954518,16837.63,9346.00
181.055459,16837.63,9346.00
181.156722,16837.63,9346.00
181.257683,16837.63,9346.00
181.358651,16837.63,9346.00
181.459889,16837.63,9346.00
181.560842,16837.63,9346.00
181.661852,16837.63,9346.00
181.763143,16837.63,9346.00
181.864202,16837.63,9346.00
181.965279,16837.63,9346.00
182.066850,16837.63,9346.00
182.168186,16837.63,9346.00
182.269255,16837.63,9346.00
182.370456,16837.63,9346.00
182.471674,16837.63,9484.00
182.572360,16837.63,9468.00
182.673016,16837.63,9468.00
182.773638,16837.63,9468.00
182.874289,16837.63,9468.00
182.974947,16837.63,9384.00
183.075574,16837.63,9468.00
183.176183,16837.63,9454.00
183.276929,16837.63,9468.00
183.377569,16837.63,9440.00
183.478174,16837.63,9468.00
183.579088,16837.63,9468.00
183.679936,16837.63,9468.00
183.780578,16837.63,9468.00
183.881228,16837.63,9468.00
183.981874,16837.63,9398.00
184.082504,16837.63,9468.00
184.183184,16837.63,9454.00
184.283895,16837.63,9454.00
184.384489,16837.63,9468.00
184.485243,16837.63,9468.00
184.586058,16837.63,9468.00
184.686919,16837.63,9468.00
184.787619,16837.63,9454.00
184.888329,16837.63,9468.00
184.989047,16837.63,9398.00
185.089751,16837.63,9468.00
185.190380,16837.63,9468.00
185.291005,16837.63,9454.00
185.391628,16837.63,9440.00
185.492357,16837.63,9384.00
185.593119,16837.63,9384.00
185.694155,16837.63,9384.00
185.794854,16837.63,9384.00
185.895636,16837.63,9384.00
185.996444,16837.63,9384.00
186.097438,16837.63,9384.00
186.198811,16837.63,9384.00
186.299748,16837.63,9384.00
186.400986,16837.63,9384.00
186.502067,16837.63,9384.00
186.603026,16837.63,9384.00
186.704080,16837.63,9384.00
186.805492,16837.63,9384.00
186.906677,16837.63,9384.00
187.007619,16837.63,9384.00
187.109000,16837.63,9384.00
187.209952,16837.63,9384.00
187.311257,16837.63,9384.00
187.412627,16837.63,9384.00
187.513580,16837.63,9384.00
187.614697,16837.63,9384.00
187.716059,16837.63,9384.00
187.817270,16837.63,9384.00
187.918312,16837.63,9384.00
188.019613,16837.63,9384.00
188.120562,16837.63,9384.00
188.221569,16837.63,9384.00
188.322828,16837.63,9384.00
188.423845,16837.63,9384.00
188.524463,16837.63,9466.00
188.625068,16837.63,9410.00
188.725863,16837.63,9492.00
188.826489,16837.63,9484.00
188.927136,16837.63,9406.00
189.027821,16837.63,9490.00
189.128452,16837.63,9490.00
189.229083,16837.63,9478.00
189.329664,16837.63,9490.00
189.430306,16837.63,9398.00
189.531109,16837.63,9504.00
189.631883,16837.63,9406.00
189.732568,16837.63,9480.00
189.833483,16837.63,9494.00
189.934189,16837.63,9494.00
190.034914,16837.63,9494.00
190.135547,16837.63,9506.00
190.236274,16837.63,9394.00
190.336939,16837.63,9466.00
190.437602,16837.63,9508.00
190.538362,16837.63,9500.00
190.639093,16837.63,9494.00
190.739885,16837.63,9500.00
190.840532,16837.63,9480.00
190.941128,16837.63,9486.00
191.042018,16837.63,9480.00
191.142802,16837.63,9506.00
191.243457,16837.63,9480.00
191.344118,16837.63,9402.00
191.444768,16837.63,9382.00
191.545415,16837.63,9382.00
191.646164,16837.63,9382.00
191.746907,16837.63,9382.00
191.847654,16837.63,9382.00
191.948464,16837.63,9382.00
192.049517,16837.63,9382.00
192.150513,16837.63,9382.00
192.251658,16837.63,9382.00
192.355215,16837.63,9382.00
192.456622,16837.63,9382.00
192.557884,16837.63,9382.00
192.659123,16837.63,9382.00
192.760040,16837.63,9382.00
192.861140,16837.63,9382.00
192.962566,16837.63,9382.00
193.063518,16837.63,9382.00
193.164519,16837.63,9382.00
193.268088,16837.63,9382.00
193.372640,16837.63,9382.00
193.473839,16837.63,9382.00
193.575149,16837.63,9382.00
193.676232,16837.63,9382.00
193.777181,16837.63,9382.00
193.877922,16837.63,7078.00
193.978602,16837.63,7132.00
194.079250,16837.63,7132.00
194.179948,16837.63,7132.00
194.280620,16837.63,7048.00
194.381299,16837.63,7020.00
194.481928,16837.63,7020.00
194.582566,16837.63,7132.00
194.683159,16837.63,7132.00
194.784034,16837.63,7132.00
194.884916,16837.63,7090.00
194.985780,16837.63,7132.00
195.086590,16837.63,7020.00
195.187401,16837.63,7132.00
195.288315,16837.63,7020.00
195.389122,16837.63,7132.00
195.490017,16837.63,7020.00
195.590937,16837.63,7020.00
195.691890,16837.63,7020.00
195.793007,16837.63,7020.00
195.893902,16837.63,7020.00
195.994878,16837.63,7020.00
196.096475,16837.63,7020.00
196.197926,16837.63,7020.00
196.299292,16837.63,7020.00
196.400684,16837.63,7020.00
196.501630,16837.63,7020.00
196.602672,16837.63,7020.00
196.703949,16837.63,7020.00
196.804860,16837.63,7020.00
196.905788,16837.63,7020.00
197.006715,16837.63,7020.00
197.107633,16837.63,7020.00
197.208580,16837.63,7020.00
197.310281,16837.63,7020.00
197.411884,16837.63,7020.00
197.513227,16837.63,7020.00
197.614948,16837.63,7020.00
197.715799,16837.63,7020.00
197.817117,16837.63,7020.00
197.918396,16837.63,7020.00
198.019320,16837.63,7220.00
198.120096,16837.63,7480.00
198.220951,16837.63,7782.00
198.321952,16837.63,8132.00
198.422896,16837.63,8440.00
198.523797,16837.63,8728.00
198.624821,16837.63,8982.00
198.726124,16837.63,9318.00
198.827032,16837.63,9390.00
198.927626,16837.63,9362.00
199.028247,16837.63,9390.00
199.128807,16837.63,9390.00
199.229455,16837.63,9390.00
199.330189,16837.63,9292.00
199.430911,16837.63,9390.00
199.531718,16837.63,9292.00
199.632545,16837.63,9306.00
199.733278,16837.63,9390.00
199.833976,16837.63,9348.00
199.934961,16837.63,9320.00
200.035978,16837.63,9390.00
200.136822,16837.63,9390.00
200.237702,16837.63,9390.00
200.338515,16837.63,9390.00
200.439138,16837.63,9390.00
200.539741,16837.63,9390.00
200.640445,16837.63,9390.00
200.741091,16837.63,9320.00
200.841739,16837.63,9390.00
200.942340,16837.63,9390.00
201.043044,16837.63,9306.00
201.143702,16837.63,9390.00
201.244503,16837.63,9292.00
201.345289,16837.63,9292.00
201.446006,16837.63,9292.00
201.546735,16837.63,9292.00
201.647750,16837.63,9292.00
201.748549,16837.63,9292.00
201.850129,16837.63,9292.00
201.951393,16837.63,9292.00
202.052384,16837.63,9292.00
202.153701,16837.63,9292.00
202.254935,16837.63,9292.00
202.355860,16837.63,9292.00
202.456849,16837.63,9292.00
202.557838,16837.63,9292.00
202.659005,16837.63,9292.00
202.760325,16837.63,9292.00
202.861334,16837.63,9292.00
202.962273,16837.63,9292.00
203.063224,16837.63,9292.00
203.164237,16837.63,9292.00
203.265415,16837.63,9292.00
203.366381,16837.63,9292.00
203.467358,16837.63,9292.00
203.568638,16837.63,9292.00
203.669972,16837.63,9292.00
203.771065,16837.63,9292.00
203.872164,16837.63,9292.00
203.973744,16837.63,9292.00
204.075055,16837.63,9292.00
204.175690,16837.63,9402.00
204.276314,16837.63,9388.00
204.376938,16837.63,9332.00
204.477570,16837.63,9352.00
204.578251,16837.63,9290.00
204.678877,16837.63,9402.00
204.779500,16837.63,9402.00
204.880204,16837.63,9402.00
204.980826,16837.63,9402.00
205.081424,16837.63,9348.00
205.182027,16837.63,9338.00
205.282746,16837.63,9396.00
205.383348,16837.63,9390.00
205.484088,16837.63,9290.00
205.584706,16837.63,9402.00
205.685429,16837.63,9402.00
205.786022,16837.63,9318.00
205.886774,16837.63,9404.00
205.987370,16837.63,9290.00
206.088011,16837.63,9306.00
206.189084,16837.63,9276.00
206.289833,16837.63,9384.00
206.390654,16837.63,9396.00
206.491451,16837.63,9398.00
206.592242,16837.63,9410.00
206.693116,16837.63,9270.00
206.793731,16837.63,9284.00
206.894472,16837.63,9284.00
206.995296,16837.63,9284.00
207.096033,16837.63,9284.00
207.196742,16837.63,9284.00
207.297442,16837.63,9284.00
207.398711,16837.63,9284.00
207.499722,16837.63,9284.00
207.601041,16837.63,9284.00
207.701922,16837.63,9284.00
207.803212,16837.63,9284.00
207.904115,16837.63,9284.00
208.005037,16837.63,9284.00
208.106383,16837.63,9284.00
208.207503,16837.63,9284.00
208.308445,16837.63,9284.00
208.409711,16837.63,9284.00
208.510518,16837.63,9284.00
208.611380,16837.63,9284.00
208.712509,16837.63,9284.00
208.813595,16837.63,9284.00
208.914683,16837.63,9284.00
209.015599,16837.63,9284.00
209.116689,16837.63,9284.00
209.217561,16837.63,9284.00
209.320100,16837.63,9284.00
209.421015,16837.63,9284.00
209.522082,16837.63,9284.00
209.622990,16837.63,9284.00
209.724013,16837.63,9284.00
209.824910,16837.63,9284.00
209.925892,16837.63,9284.00
210.026982,16837.63,9284.00
210.127763,16837.63,9494.00
210.228603,16837.63,9414.00
210.329223,16837.63,9344.00
210.429785,16837.63,9428.00
210.530401,16837.63,9414.00
210.631018,16837.63,9428.00
210.731628,16837.63,9382.00
210.832243,16837.63,9428.00
210.932928,16837.63,9414.00
211.033515,16837.63,9344.00
211.134107,16837.63,9414.00
211.234787,16837.63,9428.00
211.335403,16837.63,9428.00
211.436047,16837.63,9428.00
211.536684,16837.63,9414.00
211.637622,16837.63,9358.00
211.738465,16837.63,9414.00
211.839309,16837.63,9414.00
211.939912,16837.63,9358.00
212.040526,16837.63,9414.00
212.141138,16837.63,9414.00
212.241750,16837.63,9414.00
212.342375,16837.63,9414.00
212.443019,16837.63,9428.00
212.543746,16837.63,9386.00
212.644759,16837.63,9360.00
212.745376,16837.63,9414.00
212.846031,16837.63,9400.00
212.946739,16837.63,9414.00
213.047376,16837.63,9412.00
213.147979,16837.63,9414.00
213.248671,16837.63,9342.00
213.349295,16837.63,9342.00
213.450081,16837.63,9342.00
213.550736,16837.63,9342.00
213.651593,16837.63,9342.00
213.752336,16837.63,9342.00
213.853816,16837.63,9342.00
213.955119,16837.63,9342.00
214.056029,16837.63,9342.00
214.156989,16837.63,9342.00
214.257965,16837.63,9342.00
214.358936,16837.63,9342.00
214.460174,16837.63,9342.00
214.561455,16837.63,9342.00
214.662534,16837.63,9342.00
214.763644,16837.63,9342.00
214.864898,16837.63,9342.00
214.965559,16837.63,7018.00
215.066245,16837.63,4496.00
215.166908,16837.63,4510.00
215.267553,16837.63,4608.00
215.368186,16837.63,4580.00
215.468887,16837.63,4608.00
215.569744,16837.63,4496.00
215.670582,16837.63,4608.00
215.771340,16837.63,4580.00
215.871959,16837.63,4608.00
215.972762,16837.63,4524.00
216.073333,16837.63,4594.00
216.174181,16837.63,4496.00
216.275088,16837.63,4608.00
216.375690,16837.63,4608.00
216.476287,16837.63,4608.00
216.577019,16837.63,4496.00
216.678092,16837.63,4496.00
216.778874,16837.63,4496.00
216.879520,16837.63,4496.00
216.980919,16837.63,4496.00
217.082142,16837.63,4496.00
217.183174,16837.63,4496.00
217.284178,16837.63,4496.00
217.385180,16837.63,4496.00
217.486275,16837.63,4496.00
217.587568,16837.63,4496.00
217.688586,16837.63,4496.00
217.789770,16837.63,4496.00
217.890709,16837.63,4496.00
217.992486,16837.63,4742.00
218.093588,16837.63,5140.00
218.194439,16837.63,5524.00
218.295435,16837.63,5786.00
218.396300,16837.63,6122.00
218.497148,16837.63,6438.00
218.598046,16837.63,6828.00
218.699024,16837.63,7090.00
218.799883,16837.63,7330.00
218.900877,16837.63,7680.00
219.001753,16837.63,8002.00
219.103131,16837.63,8360.00
219.204014,16837.63,8622.00
219.305383,16837.63,8876.00
219.406205,16837.63,9198.00
219.507453,16837.63,9514.00
219.611763,16837.63,9358.00
219.712642,16837.63,9342.00
219.813500,16837.63,9456.00
219.914352,16837.63,9470.00
220.015226,16837.63,9470.00
220.116216,16837.63,9344.00
220.217178,16837.63,9344.00
220.318091,16837.63,9344.00
220.418899,16837.63,9456.00
220.519952,16837.63,9344.00
220.620796,16837.63,9456.00
220.721646,16837.63,9330.00
220.822477,16837.63,9316.00
220.923382,16837.63,9358.00
221.024334,16837.63,9456.00
221.125262,16837.63,9458.00
221.226098,16837.63,9442.00
221.327034,16837.63,9458.00
221.427877,16837.63,9470.00
221.528812,16837.63,9358.00
221.629695,16837.63,9344.00
221.730543,16837.63,9470.00
221.831197,16837.63,9346.00
221.931894,16837.63,9344.00
222.032675,16837.63,9344.00
222.133566,16837.63,9344.00
222.234559,16837.63,9344.00
222.335279,16837.63,9344.00
222.436113,16837.63,9344.00
222.537098,16837.63,9344.00
222.638061,16837.63,9344.00
222.739009,16837.63,9344.00
222.840292,16837.63,9344.00
222.941176,16837.63,9344.00
223.042231,16837.63,9344.00
223.143167,16837.63,9344.00
223.244462,16837.63,9344.00
223.345425,16837.63,9344.00
223.446370,16837.63,9344.00
223.547617,16837.63,9344.00
223.648579,16837.63,9344.00
223.749504,16837.63,9344.00
223.850743,16837.63,9344.00
223.951631,16837.63,9344.00
224.052597,16837.63,9344.00
224.153501,16837.63,9344.00
224.254400,16837.63,9344.00
224.355234,16837.63,9344.00
224.456092,16837.63,9344.00
224.556975,16837.63,9344.00
224.657860,16837.63,9344.00
224.759094,16837.63,9344.00
224.859993,16837.63,9344.00
224.960823,16837.63,9344.00
225.061903,16837.63,9344.00
225.163164,16837.63,9344.00
225.263917,16837.63,9530.00
225.364550,16837.63,9454.00
225.465229,16837.63,9468.00
225.565932,16837.63,9396.00
225.666742,16837.63,9396.00
225.767415,16837.63,9466.00
225.868266,16837.63,9398.00
225.968877,16837.63,9426.00
226.069497,16837.63,9384.00
226.170122,16837.63,9454.00
226.270743,16837.63,9426.00
226.371461,16837.63,9454.00
226.472281,16837.63,9468.00
226.572917,16837.63,9468.00
226.673644,16785.68,9468.00
226.774318,16785.68,9454.00
226.874947,16785.68,9468.00
226.975682,16785.68,9468.00
227.076459,16785.68,9384.00
227.177083,16785.68,9468.00
227.277859,16785.68,9468.00
227.378520,16785.68,9454.00
227.479210,16785.68,9468.00
227.579847,16785.68,9426.00
227.680489,16785.68,9468.00
227.781155,16785.68,9468.00
227.881799,16785.68,9468.00
227.982498,16785.68,9398.00
228.083146,16785.68,9384.00
228.183830,16785.68,9398.00
228.284514,16785.68,9398.00
228.385117,16785.68,9398.00
228.486016,16785.68,9398.00
228.586768,16785.68,9398.00
228.687630,16785.68,9398.00
228.789148,16785.68,9398.00
228.890085,16785.68,9398.00
228.991024,16785.68,9398.00
229.091972,16785.68,9398.00
229.192976,16785.68,9398.00
229.294016,16785.68,9398.00
229.395193,16785.68,9398.00
229.496182,16785.68,9398.00
229.597473,16785.68,9398.00
229.698426,16785.68,9398.00
229.799363,16785.68,9398.00
229.900378,16785.68,9398.00
230.001765,16785.68,9398.00
230.102795,16785.68,9398.00
230.203770,16785.68,9398.00
230.304987,16785.68,9398.00
230.406327,16785.68,9398.00
230.507643,16785.68,9398.00
230.608859,16785.68,9398.00
230.710163,16785.68,9398.00
230.811191,16785.68,9398.00
230.912611,16785.68,9398.00
231.013855,16785.68,9398.00
231.114522,16785.68,9486.00
231.215153,16785.68,9486.00
231.316099,16785.68,9468.00
231.416809,16785.68,9500.00
231.517473,16785.68,9492.00
231.618135,16785.68,9486.00
231.718762,16785.68,9394.00
231.819363,16735.80,9408.00
231.919982,16735.80,9492.00
232.020653,16735.80,9492.00
232.121292,16735.80,9492.00
232.221938,16735.80,9492.00
232.322653,16735.80,9394.00
232.423332,16735.80,9492.00
232.523959,16735.80,9464.00
232.624722,16735.80,9478.00
232.725338,16735.80,9506.00
232.826063,16735.80,9488.00
232.926826,16735.80,9472.00
233.027486,16735.80,9394.00
233.128192,16735.80,9486.00
233.228952,16735.80,9500.00
233.329615,16735.80,9472.00
233.430343,16735.80,9486.00
233.530988,16735.80,9486.00
233.631728,16735.80,9500.00
233.732403,16735.80,9492.00
233.833234,16735.80,9486.00
233.934256,16735.80,9498.00
234.035260,16735.80,9380.00
234.136124,16735.80,9380.00
234.236913,16735.80,9380.00
234.337830,16735.80,9380.00
234.438713,16735.80,9380.00
234.539665,16735.80,9380.00
234.641050,16735.80,9380.00
234.742156,16735.80,9380.00
234.843403,16735.80,9380.00
234.944703,16735.80,9380.00
235.045770,16735.80,9380.00
235.147084,16735.80,9380.00
235.248671,16735.80,9380.00
235.349799,16735.80,9380.00
235.451109,16735.80,9380.00
235.552804,16735.80,9380.00
235.654485,16735.80,9380.00
235.755884,16735.80,9380.00
235.857312,16735.80,9380.00
235.958792,16735.80,9380.00
236.060347,16735.80,9380.00
236.161450,16735.80,9380.00
236.262524,16735.80,9380.00
236.363751,16735.80,9380.00
236.465325,16735.80,9380.00
236.566052,16735.80,7130.00
236.666747,16735.80,7130.00
236.767431,16735.80,7130.00
236.868111,16735.80,7114.00
236.968808,16735.80,7030.00
237.069466,16735.80,7128.00
237.170144,16735.80,7016.00
237.270806,16735.80,7128.00
237.371578,16735.80,7030.00
237.472260,16735.80,7128.00
237.573015,16735.80,7016.00
237.673810,16735.80,7128.00
237.774430,16735.80,7044.00
237.875120,16735.80,7128.00
237.975895,16735.80,7030.00
238.076572,16735.80,7128.00
238.177232,16735.80,7016.00
238.278154,16735.80,7016.00
238.378919,16735.80,7016.00
238.479672,16735.80,7016.00
238.580420,16735.80,7016.00
238.681413,16735.80,7016.00
238.782721,16735.80,7016.00
238.883590,16735.80,7016.00
238.984874,16735.80,7016.00
239.085720,16735.80,7016.00
239.187363,16735.80,7016.00
239.290559,16735.80,7016.00
239.391759,16735.80,7016.00
239.492765,16735.80,7016.00
239.593706,16735.80,7016.00
239.694557,16735.80,7016.00
239.795699,16735.80,7016.00
239.896925,16735.80,7016.00
239.998109,16735.80,7016.00
240.099302,16735.80,7016.00
240.200492,16735.80,7016.00
240.301730,16735.80,7016.00
240.402976,16735.80,7016.00
240.504078,16735.80,7016.00
240.604944,16735.80,7016.00
240.706262,16735.80,7050.00
240.807465,16735.80,7292.00
240.910915,16735.80,7634.00
241.012247,16735.80,7936.00
241.113118,16735.80,8292.00
241.214405,16735.80,8588.00
241.315569,16735.80,8786.00
241.416905,16735.80,9122.00
241.517721,16735.80,9472.00
241.618362,16735.80,9388.00
241.718963,16735.80,9388.00
241.819798,16735.80,9304.00
241.920681,16735.80,9402.00
242.021557,16735.80,9402.00
242.122397,16735.80,9388.00
242.223099,16735.80,9374.00
242.323886,16735.80,9290.00
242.424586,16735.80,9304.00
242.525197,16735.80,9388.00
242.625844,16735.80,9388.00
242.726501,16735.80,9388.00
242.827109,16735.80,9402.00
242.927884,16735.80,9388.00
243.028823,16673.46,9388.00
243.129622,16673.46,9304.00
243.230278,16673.46,9388.00
243.330937,16673.46,9388.00
243.431558,16673.46,9388.00
243.532189,16673.46,9388.00
243.632854,16673.46,9394.00
243.733521,16673.46,9390.00
243.834131,16673.46,9290.00
243.935090,16673.46,9290.00
244.036012,16673.46,9290.00
244.136918,16673.46,9290.00
244.237820,16673.46,9290.00
244.338636,16673.46,9290.00
244.439952,16673.46,9290.00
244.540948,16673.46,9290.00
244.641953,16673.46,9290.00
244.742930,16673.46,9290.00
244.844128,16673.46,9290.00
244.945272,16673.46,9290.00
245.046180,16673.46,9290.00
245.147281,16673.46,9290.00
245.253767,16673.46,9290.00
245.354857,16673.46,9290.00
245.455957,16673.46,9290.00
245.557407,16673.46,9290.00
245.658566,16673.46,9290.00
245.759726,16673.46,9290.00
245.860636,16673.46,9290.00
245.961764,16673.46,9290.00
246.062678,16673.46,9290.00
246.163833,16673.46,9290.00
246.265192,16673.46,9290.00
246.366544,16673.46,9290.00
246.467865,16673.46,9290.00
246.568949,16673.46,9290.00
246.669799,16673.46,9420.00
246.770493,16673.46,9346.00
246.871128,16673.46,9408.00
246.971738,16673.46,9402.00
247.072414,16673.46,9402.00
247.173053,16673.46,9402.00
247.273674,16673.46,9328.00
247.374281,16673.46,9384.00
247.475019,16673.46,9398.00
247.575831,16673.46,9272.00
247.676484,16673.46,9314.00
247.777419,16673.46,9272.00
247.878031,16673.46,9398.00
247.978684,16673.46,9412.00
248.079463,16673.46,9356.00
248.180823,16673.46,9410.00
248.281874,16673.46,9398.00
248.382765,16673.46,9328.00
248.483681,16673.46,9398.00
248.584587,16673.47,9356.00
248.685631,16673.47,9384.00
248.786798,16673.47,9300.00
248.887859,16673.47,9398.00
248.988793,16673.47,9384.00
249.089786,16673.47,9398.00
249.190690,16673.47,9286.00
249.291705,16673.47,9258.00
249.392723,16673.47,9258.00
249.493659,16673.47,9258.00
249.594364,16673.47,9258.00
249.695520,16673.47,9258.00
249.796428,16673.47,9258.00
249.898093,16673.47,9258.00
249.999960,16673.47,9258.00
250.100902,16673.47,9258.00
250.202069,16673.47,9258.00
250.303373,16673.47,9258.00
250.404622,16673.47,9258.00
250.506007,16673.47,9258.00
250.607183,16673.47,9258.00
250.708644,16673.47,9258.00
250.809865,16673.47,9258.00
250.911042,16673.47,9258.00
251.012187,16673.47,9258.00
251.113479,16673.47,9258.00
251.214809,16673.47,9258.00
251.316210,16673.47,9258.00
251.417383,16673.47,9258.00
251.518799,16673.47,9258.00
251.619885,16673.47,9258.00
251.721057,16673.47,9258.00
251.822556,16673.47,9258.00
251.923976,16673.47,9258.00
252.025365,16673.47,9258.00
252.126837,16673.47,9258.00
252.227806,16673.47,9382.00
252.328689,16673.47,9424.00
252.429639,16673.47,9424.00
252.530945,16673.47,9396.00
252.632175,16673.47,9424.00
252.733443,16673.47,9424.00
252.834514,16673.47,9410.00
252.935641,16673.47,9368.00
253.036838,16673.47,9424.00
253.137966,16673.47,9438.00
253.238912,16673.47,9382.00
253.339762,16673.47,9382.00
253.440385,16673.47,9424.00
253.541135,16673.47,9424.00
253.641883,16673.47,9424.00
253.742612,16673.47,9424.00
253.843297,16673.47,9424.00
253.944131,16673.47,9354.00
254.044863,16673.47,9352.00
254.145521,16673.47,9424.00
254.246191,16673.47,9424.00
254.346946,16673.47,9410.00
254.447656,16673.47,9424.00
254.548306,16673.47,9438.00
254.649120,16673.47,9424.00
254.749904,16673.47,9352.00
254.850688,16673.47,9438.00
254.951451,16673.47,9424.00
255.052177,16673.47,9424.00
255.152910,16673.47,9438.00
255.253543,16673.47,9424.00
255.354246,16673.47,9424.00
255.455194,16673.47,9352.00
255.555962,16673.47,9352.00
255.656645,16673.47,9352.00
255.757476,16673.47,9352.00
255.858329,16673.47,9352.00
255.959232,16673.47,9352.00
256.060234,16673.47,9352.00
256.161895,16673.47,9352.00
256.262676,16673.47,9352.00
256.363698,16673.47,9352.00
256.465063,16673.47,9352.00
256.566138,16673.47,9352.00
256.667468,16673.47,9352.00
256.768376,16673.47,9352.00
256.869522,16673.47,9352.00
256.970747,16673.47,9352.00
257.071940,16673.47,9352.00
257.173005,16673.47,9352.00
257.273730,16673.47,8862.00
257.374776,16673.47,4612.00
257.478282,16673.47,4514.00
257.581943,16673.47,4612.00
257.682994,16673.47,4528.00
257.784010,16673.47,4514.00
257.884915,16673.47,4598.00
257.986018,16673.47,4528.00
258.087253,16673.47,4598.00
258.188444,16673.47,4612.00
258.289052,16673.47,4514.00
258.389795,16673.47,4612.00
258.490519,16673.47,4500.00
258.591101,16673.47,4542.00
258.691715,16673.47,4612.00
258.792314,16673.47,4486.00
258.893100,16673.47,4598.00
258.993921,16673.47,4612.00
259.094765,16673.47,4500.00
259.195449,16673.47,4500.00
259.296632,16673.47,4500.00
259.397566,16673.47,4500.00
259.498491,16673.47,4500.00
259.599388,16673.47,4500.00
259.700297,16673.47,4500.00
259.801532,16673.47,4500.00
259.902466,16673.47,4500.00
260.003891,16673.47,4500.00
260.105121,16673.47,4500.00
260.206271,16673.47,4500.00
260.307348,16673.47,4500.00
260.408422,16673.47,4630.00
260.510084,16673.47,4938.00
260.613142,16673.47,5384.00
260.714495,16673.47,5688.00
260.815570,16673.47,5982.00
260.916471,16673.47,6284.00
261.017771,16673.47,6640.00
261.118882,16673.47,6936.00
261.220039,16673.47,7190.00
261.320893,16673.47,7430.00
261.421778,16673.47,7780.00
261.522590,16673.47,8116.00
261.623408,16673.47,8440.00
261.724206,16673.47,8674.00
261.825072,16673.47,8914.00
261.926534,16673.47,9264.00
262.027576,16673.47,9332.00
262.128282,16673.47,9458.00
262.229068,16673.47,9402.00
262.329729,16673.47,9444.00
262.430500,16673.47,9346.00
262.531134,16673.47,9458.00
262.631789,16673.47,9458.00
262.732434,16673.47,9346.00
262.833073,16673.47,9458.00
262.933823,16673.47,9458.00
263.034835,16673.47,9332.00
263.135558,16673.47,9472.00
263.236313,16673.47,9430.00
263.337208,16673.47,9458.00
263.438227,16673.47,9346.00
263.539254,16673.47,9458.00
263.640103,16673.47,9444.00
263.740733,16673.47,9472.00
263.841432,16673.47,9360.00
263.942328,16673.47,9472.00
264.042993,16673.47,9472.00
264.143745,16673.47,9472.00
264.244420,16673.47,9318.00
264.345162,16673.47,9346.00
264.445880,16673.47,9346.00
264.546640,16673.47,9346.00
264.647639,16673.47,9346.00
264.748434,16673.47,9346.00
264.849331,16673.47,9346.00
264.950216,16673.47,9346.00
265.051517,16673.47,9346.00
265.152883,16673.47,9346.00
265.255807,16673.47,9346.00
265.360561,16673.47,9346.00
265.461484,16673.47,9346.00
265.562627,16673.47,9346.00
265.664061,16673.47,9346.00
265.765543,16673.47,9346.00
265.866487,16673.47,9346.00
265.967999,16673.47,9346.00
266.069197,16673.47,9346.00
266.170478,16673.47,9346.00
266.271481,16673.47,9346.00
266.372544,16673.47,9346.00
266.473640,16673.47,9346.00
266.574960,16673.47,9346.00
266.675935,16673.47,9346.00
266.776885,16673.47,9346.00
266.877937,16673.47,9346.00
266.978999,16673.47,9346.00
267.080364,16673.47,9346.00
267.181604,16673.47,9346.00
267.282273,16673.47,9468.00
267.382932,16673.47,9454.00
267.483565,16673.47,9454.00
267.584239,16673.47,9454.00
267.684841,16673.47,9468.00
267.785471,16673.47,9454.00
267.886138,16673.47,9454.00
267.986758,16673.47,9468.00
268.087370,16673.47,9468.00
268.187927,16673.47,9454.00
268.288618,16673.47,9468.00
268.389487,16673.47,9468.00
268.490141,16673.47,9454.00
268.590826,16673.47,9454.00
268.691654,16673.47,9482.00
268.792367,16673.47,9384.00
268.893095,16673.47,9412.00
268.993801,16673.47,9412.00
269.094418,16673.47,9426.00
269.195096,16673.47,9454.00
269.296002,16673.47,9440.00
269.396625,16673.47,9426.00
269.497367,16673.47,9384.00
269.598095,16673.47,9482.00
269.698865,16673.47,9468.00
269.799512,16673.47,9454.00
269.900142,16673.47,9426.00
270.000902,16673.47,9398.00
270.101711,16673.47,9398.00
270.202444,16673.47,9398.00
270.303528,16673.47,9398.00
270.404381,16673.47,9398.00
270.505271,16673.47,9398.00
270.606050,16673.47,9398.00
270.706900,16673.47,9398.00
270.807895,16673.47,9398.00
270.909117,16673.47,9398.00
271.010153,16673.47,9398.00
271.111080,16673.47,9398.00
271.212041,16673.47,9398.00
271.313190,16673.47,9398.00
271.414695,16673.47,9398.00
271.515671,16673.47,9398.00
271.616940,16673.47,9398.00
271.717954,16673.47,9398.00
271.818901,16673.47,9398.00
271.919958,16673.47,9398.00
272.021109,16673.47,9398.00
272.122018,16673.47,9398.00
272.223182,16673.47,9398.00
272.324104,16673.47,9398.00
272.425424,16673.47,9398.00
272.526334,16673.47,9398.00
272.627300,16673.47,9398.00
272.728485,16673.47,9398.00
272.829462,16673.47,9398.00
272.930769,16673.47,9398.00
273.031863,16673.47,9398.00
273.132535,16673.47,9466.00
273.233170,16673.47,9500.00
273.333893,16673.47,9488.00
273.434629,16673.47,9488.00
273.535236,16673.47,9494.00
273.636051,16673.47,9488.00
273.736686,16673.47,9488.00
273.837398,16673.47,9460.00
273.938031,16673.47,9438.00
274.038714,16673.47,9432.00
274.139512,16673.47,9486.00
274.240278,16673.47,9404.00
274.340944,16673.47,9494.00
274.441639,16673.47,9474.00
274.542581,16673.47,9488.00
274.643582,16673.47,9488.00
274.744212,16673.47,9488.00
274.844923,16673.47,9404.00
274.945637,16673.47,9446.00
275.046300,16673.47,9488.00
275.146922,16673.47,9488.00
275.247559,16673.47,9488.00
275.348374,16673.47,9488.00
275.449045,16673.47,9474.00
275.549866,16673.47,9418.00
275.650631,16673.47,9500.00
275.751301,16673.47,9446.00
275.851978,16673.47,9502.00
275.952710,16673.47,9450.00
276.053335,16673.47,9488.00
276.154083,16673.47,9394.00
276.255072,16673.47,9394.00
276.356156,16673.47,9394.00
276.457416,16673.47,9394.00
276.558740,16673.47,9394.00
276.659924,16673.47,9394.00
276.760862,16673.47,9394.00
276.861834,16673.47,9394.00
276.963149,16673.47,9394.00
277.064216,16673.47,9394.00
277.165106,16673.47,9394.00
277.266281,16673.47,9394.00
277.367601,16673.47,9394.00
277.468527,16673.47,9394.00
277.574097,16673.47,9394.00
277.675366,16673.47,9394.00
277.776388,16673.47,9394.00
277.877379,16673.47,9394.00
277.979946,16673.47,9394.00
278.081327,16673.47,9394.00
278.182665,16673.47,9394.00
278.283661,16673.47,9394.00
278.385101,16673.47,9394.00
278.486196,16673.47,9394.00
278.586886,16673.48,8890.00
278.687687,16673.48,7020.00
278.788272,16673.48,7020.00
278.888924,16673.48,7020.00
278.989568,16673.48,7020.00
279.090162,16673.48,7090.00
279.190819,16673.48,7034.00
279.291492,16673.48,7020.00
279.392150,16673.48,7132.00
279.492827,16673.48,7020.00
279.593460,16673.48,7034.00
279.694162,16673.48,7118.00
279.794781,16673.48,7118.00
279.895385,16673.48,7062.00
279.996130,16673.49,7048.00
280.096793,16673.49,7020.00
280.197517,16673.49,7132.00
280.298140,16673.49,7020.00
280.398935,16673.49,7020.00
280.499839,16673.49,7020.00
280.600714,16673.49,7020.00
280.701998,16673.49,7020.00
280.803111,16673.49,7020.00
280.903976,16673.49,7020.00
281.004954,16673.49,7020.00
281.105884,16673.49,7020.00
281.206853,16673.49,7020.00
281.308051,16673.49,7020.00
281.409185,16673.49,7020.00
281.510659,16673.49,7020.00
281.611966,16673.49,7020.00
281.713330,16673.49,7020.00
281.814290,16673.49,7020.00
281.915656,16673.49,7020.00
282.016733,16673.49,7020.00
282.117861,16673.49,7020.00
282.219510,16673.49,7020.00
282.320890,16673.49,7020.00
282.422138,16673.49,7020.00
282.523080,16673.49,7200.00
282.624124,16673.49,7542.00
282.725359,16673.49,7830.00
282.826591,16673.49,8200.00
282.927486,16673.49,8454.00
283.028456,16673.49,8742.00
283.129342,16673.49,9064.00
283.230246,16673.49,9394.00
283.330876,16673.49,9388.00
283.431510,16673.49,9402.00
283.532153,16673.49,9304.00
283.632754,16673.49,9394.00
283.733414,16673.49,9388.00
283.834070,16673.49,9360.00
283.934687,16673.49,9346.00
284.035295,16673.49,9388.00
284.135891,16673.49,9388.00
284.236620,16673.49,9290.00
284.337303,16673.49,9380.00
284.437931,16673.49,9388.00
284.538547,16673.49,9402.00
284.639159,16673.49,9388.00
284.739830,16673.49,9304.00
284.840454,16673.49,9304.00
284.941015,16673.49,9388.00
285.041669,16673.49,9304.00
285.142343,16673.49,9388.00
285.242989,16673.49,9290.00
285.343775,16673.49,9290.00
285.444511,16673.49,9290.00
285.545326,16673.49,9290.00
285.646114,16673.49,9290.00
285.747138,16673.49,9290.00
285.848065,16673.49,9290.00
285.949413,16673.49,9290.00
286.050242,16673.49,9290.00
286.151117,16673.49,9290.00
286.252022,16673.49,9290.00
286.353401,16673.49,9290.00
286.454326,16673.49,9290.00
286.555367,16673.49,9290.00
286.656699,16673.49,9290.00
286.757682,16673.49,9290.00
286.859024,16673.49,9290.00
286.960208,16673.49,9290.00
287.061689,16673.49,9290.00
287.162652,16673.49,9290.00
287.263550,16673.49,9290.00
287.364658,16673.49,9290.00
287.465807,16673.49,9290.00
287.566694,16673.49,9290.00
287.667584,16673.49,9290.00
287.768492,16673.49,9290.00
287.869839,16673.49,9290.00
287.970941,16673.49,9290.00
288.071851,16673.49,9290.00
288.172773,16673.49,9290.00
288.273600,16673.49,9290.00
288.374516,16673.49,9290.00
288.475413,16673.49,9290.00
288.576304,16673.49,9290.00
288.677415,16673.49,9372.00
288.778017,16673.49,9402.00
288.878706,16673.49,9408.00
288.979349,16673.49,9304.00
289.080011,16673.49,9402.00
289.180684,16673.49,9404.00
289.281307,16673.49,9404.00
289.381958,16673.49,9402.00
289.482541,16673.49,9296.00
289.583245,16673.49,9348.00
289.684017,16673.49,9398.00
289.784954,16673.49,9272.00
289.885574,16673.49,9398.00
289.986271,16673.49,9412.00
290.086963,16673.49,9412.00
290.187576,16673.49,9398.00
290.288175,16673.49,9398.00
290.388762,16673.49,9398.00
290.489451,16673.49,9328.00
290.590064,16673.49,9398.00
290.690682,16673.49,9384.00
290.791368,16673.49,9398.00
290.892259,16673.49,9412.00
290.992960,16673.49,9258.00
291.093931,16673.49,9258.00
291.194978,16673.49,9258.00
291.295831,16673.49,9258.00
291.396704,16673.49,9258.00
291.497523,16673.49,9258.00
291.598756,16673.49,9258.00
291.699664,16673.49,9258.00
291.800649,16673.49,9258.00
291.901759,16673.49,9258.00
292.002843,16673.49,9258.00
292.103750,16673.49,9258.00
292.204611,16673.49,9258.00
292.305415,16673.49,9258.00
292.406629,16673.49,9258.00
292.507930,16673.49,9258.00
292.608845,16673.49,9258.00
292.709748,16673.49,9258.00
292.811026,16673.49,9258.00
292.911925,16673.49,9258.00
293.012921,16673.49,9258.00
293.113837,16673.49,9258.00
293.215162,16673.49,9258.00
293.316061,16673.49,9258.00
293.416934,16673.49,9258.00
293.518187,16673.49,9258.00
293.619266,16673.49,9258.00
293.720246,16673.49,9258.00
293.821272,16673.49,9258.00
293.922235,16673.49,9258.00
294.023104,16673.49,9258.00
294.123963,16673.49,9258.00
294.224854,16673.49,9436.00
294.325525,16673.49,9416.00
294.426178,16673.49,9416.00
294.526780,16673.49,9414.00
294.627526,16673.49,9416.00
294.728318,16673.49,9430.00
294.829057,16673.49,9372.00
294.929655,16673.49,9430.00
295.030713,16673.49,9444.00
295.131590,16673.49,9416.00
295.232454,16673.49,9430.00
295.333312,16673.49,9444.00
295.434162,16673.49,9430.00
295.534994,16673.49,9416.00
295.635897,16673.49,9430.00
295.736708,16673.49,9430.00
295.837647,16673.49,9430.00
295.938495,16673.49,9444.00
296.039402,16673.49,9416.00
296.140290,16673.49,9416.00
296.241317,16673.49,9430.00
296.342156,16673.49,9430.00
296.443078,16673.49,9430.00
296.544006,16673.49,9444.00
296.645051,16673.49,9430.00
296.746074,16673.49,9388.00
296.846907,16673.49,9430.00
296.948097,16673.49,9374.00
297.049030,16673.49,9374.00
297.150126,16673.49,9374.00
297.251216,16673.49,9374.00
297.352228,16673.49,9374.00
297.453266,16673.49,9374.00
297.554784,16673.49,9374.00
297.655733,16673.49,9374.00
297.756976,16673.49,9374.00
297.857895,16673.49,9374.00
297.959196,16673.49,9374.00
298.061631,16673.49,9374.00
298.164606,16673.49,9374.00
298.265979,16673.49,9374.00
298.366990,16673.49,9374.00
298.467948,16673.49,9374.00
298.569330,16673.49,9374.00
298.669951,16673.49,7260.00
298.770599,16673.49,4612.00
298.871192,16673.49,4612.00
298.971723,16673.49,4528.00
299.072375,16673.49,4498.00
299.173033,16673.49,4498.00
299.273798,16673.49,4498.00
299.374487,16673.49,4498.00
299.475036,16673.49,4484.00
299.575615,16673.49,4610.00
299.676183,16673.49,4512.00
299.776741,16673.49,4498.00
299.877351,16673.49,4610.00
299.977923,16673.49,4610.00
300.078563,16673.49,4540.00
300.179105,16673.49,4498.00
300.279670,16673.49,4498.00
300.380371,16673.49,4498.00
300.481041,16673.49,4498.00
300.582185,16673.49,4498.00
300.683194,16673.49,4498.00
300.784374,16673.49,4498.00
300.885650,16673.49,4498.00
300.986580,16673.49,4498.00
301.088100,16673.49,4498.00
301.189291,16673.49,4498.00
301.290568,16673.49,4498.00
301.391742,16673.49,4498.00
301.492844,16673.49,4498.00
301.594061,16673.49,4758.00
301.695273,16673.49,5238.00
301.796208,16673.49,5630.00
301.897451,16673.49,5980.00
301.998511,16673.49,6330.00
302.099629,16673.49,6796.00
302.200890,16673.49,7140.00
302.301827,16673.49,7442.00
302.402775,16673.49,7888.00
302.504113,16673.49,8258.00
302.605405,16673.49,8624.00
302.706500,16673.49,8926.00
302.807411,16673.49,9392.00
302.908133,16673.49,9456.00
303.008714,16673.49,9386.00
303.109368,16673.49,9456.00
303.209995,16673.49,9456.00
303.310551,16673.49,9358.00
303.411375,16673.49,9458.00
303.512244,16673.49,9458.00
303.612957,16673.49,9458.00
303.713717,16673.49,9472.00
303.814355,16673.49,9472.00
303.915074,16673.49,9472.00
304.015673,16673.49,9358.00
304.116339,16673.49,9344.00
304.217008,16673.49,9372.00
304.317718,16673.49,9372.00
304.418434,16673.49,9414.00
304.519020,16673.49,9386.00
304.619672,16673.49,9386.00
304.720445,16673.49,9456.00
304.821050,16673.49,9386.00
304.921794,16673.49,9344.00
305.022543,16673.49,9344.00
305.123545,16673.49,9344.00
305.224783,16673.49,9344.00
305.325422,16673.49,9344.00
305.426255,16673.49,9344.00
305.527140,16673.49,9344.00
305.628036,16673.49,9344.00
305.729322,16673.49,9344.00
305.830409,16673.49,9344.00
305.931422,16673.49,9344.00
306.032581,16673.49,9344.00
306.133636,16673.49,9344.00
306.234552,16673.49,9344.00
306.335474,16673.49,9344.00
306.436337,16673.49,9344.00
306.537235,16673.49,9344.00
306.638502,16673.49,9344.00
306.739826,16673.49,9344.00
306.840850,16673.49,9344.00
306.941853,16673.49,9344.00
307.043010,16673.49,9344.00
307.144259,16673.49,9344.00
307.245151,16673.49,9344.00
307.346355,16673.49,9344.00
307.447264,16673.49,9344.00
307.548132,16673.49,9344.00
307.649254,16673.49,9344.00
307.750527,16673.49,9344.00
307.851403,16673.49,9344.00
307.952399,16673.49,9344.00
308.053275,16673.49,9344.00
308.154460,16673.49,9344.00
308.255294,16673.49,9394.00
308.355884,16673.50,9460.00
308.456560,16673.50,9446.00
308.557165,16673.50,9460.00
308.657844,16673.50,9460.00
308.758581,16673.50,9446.00
308.859381,16673.50,9460.00
308.960142,16673.50,9404.00
309.060801,16673.50,9462.00
309.161628,16673.50,9460.00
309.262282,16673.50,9418.00
309.362924,16673.50,9390.00
309.463625,16673.50,9446.00
309.564259,16673.50,9446.00
309.664913,16673.50,9446.00
309.765525,16673.50,9474.00
309.866170,16673.50,9474.00
309.966911,16673.50,9460.00
310.067625,16673.50,9460.00
310.168718,16673.50,9390.00
310.269613,16673.50,9418.00
310.370454,16673.50,9418.00
310.471399,16673.50,9474.00
310.572233,16673.50,9432.00
310.673228,16673.50,9460.00
310.774370,16673.50,9404.00
310.875627,16673.50,9404.00
310.977129,16673.50,9404.00
311.078485,16673.50,9404.00
311.179780,16673.50,9404.00
311.280598,16673.50,9404.00
311.381556,16673.50,9404.00
311.482924,16673.50,9404.00
311.584252,16673.50,9404.00
311.685550,16673.50,9404.00
311.786612,16673.50,9404.00
311.887891,16673.50,9404.00
311.988835,16673.50,9404.00
312.089852,16673.50,9404.00
312.190803,16673.50,9404.00
312.291733,16673.50,9404.00
312.392717,16673.50,9404.00
312.493616,16673.50,9404.00
312.594611,16673.50,9404.00
312.696004,16673.50,9404.00
312.797176,16673.50,9404.00
312.898580,16673.50,9404.00
312.999536,16673.50,9404.00
313.100795,16673.50,9404.00
313.202067,16673.50,9404.00
313.303053,16673.50,9404.00
313.404015,16673.50,9404.00
313.504980,16673.50,9404.00
313.605696,16673.50,9396.00
313.706424,16673.50,9458.00
313.807055,16673.50,9504.00
313.907664,16673.50,9506.00
314.008241,16673.50,9472.00
314.108793,16673.50,9500.00
314.209353,16673.50,9490.00
314.309970,16673.50,9484.00
314.410650,16673.50,9414.00
314.511516,16673.50,9386.00
314.612200,16673.50,9498.00
314.713011,16673.50,9486.00
314.813772,16673.50,9500.00
314.914592,16673.50,9400.00
315.015655,16673.50,9476.00
315.116316,16673.50,9496.00
315.217168,16673.50,9498.00
315.317897,16673.50,9402.00
315.418517,16673.50,9500.00
315.519325,16673.50,9486.00
315.620069,16673.50,9402.00
315.720950,16673.50,9500.00
315.821565,16673.50,9486.00
315.922230,16673.50,9486.00
316.022948,16673.50,9500.00
316.123661,16673.50,9500.00
316.224434,16673.50,9402.00
316.325283,16673.50,9402.00
316.426214,16673.50,9402.00
316.527573,16673.50,9402.00
316.628441,16673.50,9402.00
316.729424,16673.50,9402.00
316.830924,16673.50,9402.00
316.932241,16673.50,9402.00
317.033433,16673.50,9402.00
317.134567,16673.50,9402.00
317.236033,16673.50,9402.00
317.338131,16673.50,9402.00
317.441121,16673.50,9402.00
317.542288,16673.50,9402.00
317.643129,16673.50,9402.00
317.746958,16673.50,9402.00
317.848504,16673.50,9402.00
317.949808,16673.50,9402.00
318.050815,16673.50,9402.00
318.151760,16673.50,9402.00
318.253081,16673.50,9402.00
318.354005,16673.50,9402.00
318.455163,16673.50,9402.00
318.556422,16673.50,9402.00
318.657466,16673.50,9402.00
318.758204,16673.50,7658.00
318.858815,16673.50,7074.00
318.959380,16673.50,7130.00
319.059928,16673.50,7060.00
319.160640,16673.50,7130.00
319.261325,16673.50,7018.00
319.361984,16673.50,7088.00
319.462593,16673.50,7102.00
319.563214,16673.50,7018.00
319.663830,16673.50,7032.00
319.764371,16673.50,7004.00
319.865001,16673.50,7060.00
319.965606,16673.50,7018.00
320.066271,16673.50,7018.00
320.166913,16673.50,7130.00
320.267717,16673.50,7018.00
320.368360,16673.50,7018.00
320.469211,16673.50,7018.00
320.569903,16673.50,7018.00
320.670634,16673.50,7018.00
320.771996,16673.50,7018.00
320.872890,16673.50,7018.00
320.973761,16673.50,7018.00
321.074782,16673.50,7018.00
321.175682,16673.50,7018.00
321.276550,16673.50,7018.00
321.377554,16673.50,7018.00
321.478474,16673.50,7018.00
321.579685,16673.50,7018.00
321.680930,16673.50,7018.00
321.781817,16673.50,7018.00
321.883027,16673.50,7018.00
321.983911,16673.50,7018.00
322.084777,16673.50,7018.00
322.185807,16673.50,7018.00
322.286625,16673.50,7018.00
322.387715,16673.50,7018.00
322.489010,16673.50,7018.00
322.589896,16673.50,7018.00
322.691125,16673.50,7218.00
322.791953,16673.50,7492.00
322.893213,16673.50,7828.00
322.994107,16673.50,8130.00
323.095211,16673.50,8438.00
323.196231,16673.50,8740.00
323.297076,16673.50,8980.00
323.397927,16673.50,9302.00
323.498578,16673.50,9388.00
323.599318,16673.50,9366.00
323.700063,16673.50,9388.00
323.800801,16673.50,9402.00
323.901452,16673.50,9402.00
324.002073,16673.50,9388.00
324.102700,16673.50,9388.00
324.203390,16673.50,9318.00
324.303977,16673.50,9402.00
324.404528,16673.50,9388.00
324.505066,16673.50,9402.00
324.605902,16673.50,9338.00
324.706559,16673.50,9402.00
324.807203,16673.50,9318.00
324.907781,16673.50,9304.00
325.008394,16673.50,9402.00
325.108930,16673.50,9402.00
325.209551,16673.50,9360.00
325.310113,16673.50,9304.00
325.410753,16673.50,9388.00
325.511435,16673.50,9290.00
325.612350,16673.50,9290.00
325.713201,16673.50,9290.00
325.813947,16673.50,9290.00
325.914832,16673.50,9290.00
326.015621,16673.50,9290.00
326.117111,16673.50,9290.00
326.218214,16673.50,9290.00
326.319550,16673.50,9290.00
326.420765,16673.50,9290.00
326.522063,16673.50,9290.00
326.623337,16673.50,9290.00
326.724655,16673.50,9290.00
326.825876,16673.50,9290.00
326.927035,16673.50,9290.00
327.028030,16673.50,9290.00
327.129239,16673.50,9290.00
327.230368,16673.50,9290.00
327.331569,16673.50,9290.00
327.432806,16673.50,9290.00
327.533773,16673.50,9290.00
327.634736,16673.50,9290.00
327.735739,16673.50,9290.00
327.836843,16673.50,9290.00
327.937792,16673.50,9290.00
328.038745,16673.50,9290.00
328.139692,16673.50,9290.00
328.241094,16673.50,9290.00
328.342025,16673.50,9290.00
328.442975,16673.50,9468.00
328.543617,16673.50,9416.00
328.644230,16673.50,9320.00
328.744881,16673.50,9404.00
328.845494,16673.50,9404.00
328.946138,16673.50,9328.00
329.046829,16673.50,9356.00
329.147466,16673.50,9412.00
329.248054,16673.50,9370.00
329.348725,16673.50,9412.00
329.449418,16673.50,9412.00
329.550041,16673.50,9342.00
329.650691,16673.50,9398.00
329.751362,16673.50,9286.00
329.851974,16673.50,9398.00
329.952608,16673.50,9328.00
330.053240,16673.50,9342.00
330.153908,16673.50,9410.00
330.254669,16673.50,9342.00
330.355278,16673.50,9258.00
330.455961,16673.50,9384.00
330.556780,16673.50,9286.00
330.657447,16673.50,9398.00
330.758144,16673.50,9398.00
330.858833,16673.50,9272.00
330.959650,16673.50,9272.00
331.060399,16673.50,9272.00
331.161330,16673.50,9272.00
331.262108,16673.50,9272.00
331.363062,16673.50,9272.00
331.464514,16673.50,9272.00
331.565466,16673.50,9272.00
331.666487,16673.50,9272.00
331.767564,16673.50,9272.00
331.869603,16673.50,9272.00
331.970556,16673.50,9272.00
332.071544,16673.50,9272.00
332.172531,16673.50,9272.00
332.273596,16673.50,9272.00
332.374869,16673.50,9272.00
332.476260,16673.50,9272.00
332.578398,16673.50,9272.00
332.679560,16673.50,9272.00
332.780492,16673.50,9272.00
332.881598,16673.50,9272.00
332.982479,16673.50,9272.00
333.083532,16673.50,9272.00
333.184687,16673.50,9272.00
333.285688,16673.50,9272.00
333.386569,16673.50,9272.00
333.487899,16673.50,9272.00
333.588874,16673.50,9272.00
333.690006,16673.50,9348.00
333.790662,16673.50,9428.00
333.891355,16673.50,9416.00
333.992047,16673.50,9414.00
334.092676,16673.50,9414.00
334.193300,16673.50,9412.00
334.293877,16673.50,9328.00
334.394535,16673.50,9430.00
334.495134,16673.50,9432.00
334.595743,16673.50,9432.00
334.696293,16673.50,9430.00
334.797001,16673.50,9316.00
334.897525,16673.50,9432.00
334.998187,16673.50,9430.00
335.098949,16673.50,9316.00
335.199671,16673.50,9430.00
335.300339,16673.50,9430.00
335.401085,16673.50,9422.00
335.501927,16673.50,9378.00
335.602724,16673.50,9414.00
335.703305,16673.50,9414.00
335.803877,16673.50,9416.00
335.904484,16673.50,9428.00
336.005049,16673.50,9400.00
336.105635,16673.50,9344.00
336.206263,16673.50,9372.00
336.306993,16673.50,9416.00
336.407634,16673.50,9414.00
336.508299,16673.50,9328.00
336.608896,16673.50,9328.00
336.709630,16673.50,9328.00
336.810337,16673.50,9328.00
336.911146,16673.50,9328.00
337.012022,16673.50,9328.00
337.113016,16673.50,9328.00
337.213977,16673.50,9328.00
337.315041,16673.50,9328.00
337.416450,16673.50,9328.00
337.517845,16673.50,9328.00
337.618786,16673.50,9328.00
337.719718,16673.50,9328.00
337.820681,16673.50,9328.00
337.922019,16673.50,9328.00
338.023396,16673.50,9328.00
338.124583,16673.50,9328.00
338.225531,16673.50,9328.00
338.326860,16673.50,9328.00
338.427449,16673.50,4622.00
338.527980,16673.50,4552.00
338.628665,16673.50,4622.00
338.729230,16673.50,4496.00
338.829863,16673.50,4608.00
338.930443,16673.50,4482.00
339.031191,16673.50,4538.00
339.131872,16673.50,4510.00
339.232644,16673.50,4622.00
339.333258,16673.50,4496.00
339.433871,16673.50,4622.00
339.534585,16673.50,4510.00
339.635251,16673.50,4622.00
339.735872,16673.50,4510.00
339.836450,16673.50,4538.00
339.936996,16673.50,4580.00
340.037577,16673.50,4496.00
340.138286,16673.50,4496.00
340.238877,16673.50,4496.00
340.339758,16673.50,4496.00
340.440893,16673.50,4496.00
340.541727,16673.50,4496.00
340.642547,16673.50,4496.00
340.743756,16673.50,4496.00
340.844588,16673.50,4496.00
340.945446,16673.50,4496.00
341.046495,16673.50,4496.00
341.147909,16673.50,4496.00
341.249208,16673.50,4496.00
341.350379,16673.50,4496.00
341.451170,16673.50,4646.00
341.552073,16673.50,4900.00
341.653376,16673.50,5284.00
341.754632,16673.50,5558.00
341.855864,16673.50,5882.00
341.956909,16673.50,6156.00
342.057766,16673.50,6472.00
342.158864,16673.50,6828.00
342.259721,16673.50,7090.00
342.360571,16673.50,7296.00
342.461494,16673.50,7584.00
342.562403,16673.50,7906.00
342.663292,16673.50,8208.00
342.764566,16673.50,8526.00
342.865376,16673.50,8814.00
342.966642,16673.50,9068.00
343.067955,16673.50,9390.00
343.168613,16673.50,9426.00
343.269281,16673.50,9342.00
343.369890,16673.50,9328.00
343.470531,16673.50,9454.00
343.571128,16673.50,9398.00
343.671741,16673.50,9454.00
343.772404,16673.50,9384.00
343.873095,16673.50,9328.00
343.973834,16673.50,9454.00
344.074466,16673.50,9454.00
344.175151,16673.50,9398.00
344.275749,16673.50,9454.00
344.376472,16673.50,9454.00
344.477509,16687.93,9454.00
344.578206,16737.80,9440.00
344.679353,16800.14,9454.00
344.780124,16800.14,9454.00
344.880873,16812.61,9454.00
344.981594,16874.95,9468.00
345.082408,16912.36,9426.00
345.183035,16924.82,9344.00
345.283929,16924.82,9342.00
345.385088,16924.82,9342.00
345.486398,16924.82,9342.00
345.587662,16924.82,9342.00
345.688867,16924.82,9342.00
345.789926,16924.82,9342.00
345.891519,16924.82,9342.00
345.992511,16924.82,9342.00
346.093853,16924.82,9342.00
346.195199,16924.82,9342.00
346.296501,16924.82,9342.00
346.398465,16924.82,9342.00
346.499731,16924.82,9342.00
346.601065,16924.82,9342.00
346.702266,16924.82,9342.00
346.803371,16924.82,9342.00
346.904858,16924.82,9342.00
347.006075,16924.82,9342.00
347.107471,16924.82,9342.00
347.208593,16924.82,9342.00
347.309848,16924.82,9342.00
347.410969,16924.82,9342.00
347.511943,16924.82,9342.00
347.612894,16924.82,9342.00
347.714148,16924.82,9342.00
347.815332,16924.82,9342.00
347.916310,16924.82,9342.00
348.017287,16924.82,9342.00
348.118575,16924.82,9480.00
348.219233,16924.82,9466.00
348.319883,16924.82,9466.00
348.420625,16924.82,9466.00
348.521198,16924.82,9466.00
348.621730,16924.82,9480.00
348.722306,16924.82,9466.00
348.822853,16924.82,9466.00
348.923504,16924.82,9466.00
349.024108,16924.82,9452.00
349.124723,16924.82,9466.00
349.225503,16924.82,9466.00
349.326127,16924.82,9438.00
349.427026,16924.82,9466.00
349.527618,16924.82,9396.00
349.628309,16924.82,9396.00
349.728925,16924.82,9466.00
349.829593,16924.82,9466.00
349.930303,16924.82,9410.00
350.030948,16924.82,9466.00
350.131738,16924.82,9466.00
350.232501,16924.82,9468.00
350.333147,16924.82,9468.00
350.433810,16924.82,9468.00
350.534494,16924.82,9468.00
350.635168,16924.82,9468.00
350.735847,16875.08,9384.00
350.836532,16875.08,9384.00
350.937238,16875.08,9384.00
351.037943,16875.08,9384.00
351.138615,16875.08,9384.00
351.239391,16875.08,9384.00
351.340627,16875.08,9384.00
351.441695,16875.08,9384.00
351.543053,16875.08,9384.00
351.644430,16875.08,9384.00
351.745780,16875.08,9384.00
351.846813,16875.08,9384.00
351.948154,16875.08,9384.00
352.049469,16875.08,9384.00
352.150538,16875.08,9384.00
352.251569,16875.08,9384.00
352.352684,16875.08,9384.00
352.453743,16875.08,9384.00
352.554751,16875.08,9384.00
352.656050,16875.08,9384.00
352.757109,16875.08,9384.00
352.858527,16875.08,9384.00
352.959800,16875.08,9384.00
353.061001,16875.08,9384.00
353.162452,16875.08,9384.00
353.263544,16875.08,9384.00
353.364824,16875.08,9384.00
353.466314,16875.08,9384.00
353.567554,16875.08,9384.00
353.668261,16875.08,9514.00
353.768907,16875.08,9512.00
353.869557,16875.08,9426.00
353.970157,16875.08,9504.00
354.070828,16875.08,9498.00
354.171399,16875.08,9498.00
354.272049,16825.21,9426.00
354.372680,16825.21,9498.00
354.473626,16825.21,9512.00
354.574606,16825.21,9498.00
354.675781,16825.21,9504.00
354.776834,16825.21,9496.00
354.877907,16825.21,9412.00
354.979028,16825.21,9510.00
355.080243,16825.21,9496.00
355.181393,16825.21,9410.00
355.282645,16825.21,9510.00
355.383494,16825.21,9426.00
355.484370,16825.21,9496.00
355.585234,16825.21,9496.00
355.686071,16825.21,9510.00
355.786933,16825.21,9510.00
355.888186,16825.21,9496.00
355.989271,16825.21,9412.00
356.090269,16825.21,9468.00
356.191384,16825.21,9398.00
356.292339,16825.21,9412.00
356.393480,16825.21,9412.00
356.494474,16825.21,9412.00
356.595708,16825.21,9412.00
356.696455,16825.21,9412.00
356.797222,16775.34,9412.00
356.898512,16775.34,9412.00
356.999742,16775.34,9412.00
357.100792,16775.34,9412.00
357.202052,16775.34,9412.00
357.303051,16775.34,9412.00
357.404531,16775.34,9412.00
357.505625,16775.34,9412.00
357.606636,16775.34,9412.00
357.707742,16775.34,9412.00
357.808854,16775.34,9412.00
357.909913,16775.34,9412.00
358.011260,16775.34,9412.00
358.112535,16775.34,9412.00
358.213503,16775.34,9412.00
358.314662,16775.34,9412.00
358.415990,16775.34,9412.00
358.517292,16775.34,9412.00
358.617948,16775.34,8602.00
358.718498,16775.34,7112.00
358.819096,16775.34,7140.00
358.919795,16775.34,7140.00
359.020581,16775.34,7028.00
359.121307,16775.34,7140.00
359.221934,16775.34,7140.00
359.322548,16775.34,7098.00
359.423156,16775.34,7140.00
359.523814,16775.34,7112.00
359.624417,16775.34,7056.00
359.725009,16775.34,7140.00
359.825650,16775.34,7028.00
359.926185,16775.34,7070.00
360.026859,16775.34,7140.00
360.127558,16775.34,7140.00
360.228232,16775.34,7042.00
360.329168,16775.34,7042.00
360.430167,16775.34,7042.00
360.531031,16775.34,7042.00
360.631977,16775.34,7042.00
360.732864,16775.34,7042.00
360.833850,16775.34,7042.00
360.934858,16775.34,7042.00
361.035836,16775.34,7042.00
361.136679,16775.34,7042.00
361.238110,16775.34,7042.00
361.339279,16775.34,7042.00
361.440169,16775.34,7042.00
361.541143,16775.34,7042.00
361.641956,16775.34,7042.00
361.743143,16775.34,7042.00
361.844032,16775.34,7042.00
361.945088,16775.34,7042.00
362.046358,16775.34,7042.00
362.147511,16775.34,7042.00
362.248922,16775.34,7042.00
362.349749,16775.34,7042.00
362.450641,16775.34,7042.00
362.551750,16775.34,7042.00
362.652608,16775.34,7076.00
362.753509,16775.34,7330.00
362.854380,16775.34,7638.00
362.955649,16775.34,7960.00
363.056438,16775.34,8344.00
363.157340,16775.34,8592.00
363.258197,16775.34,8804.00
363.359095,16775.34,9126.00
363.460009,16775.34,9476.00
363.560638,16775.34,9404.00
363.661179,16775.34,9390.00
363.761763,16775.34,9376.00
363.862369,16775.34,9390.00
363.963091,16775.34,9390.00
364.063705,16775.34,9348.00
364.164344,16775.34,9312.00
364.264973,16775.34,9392.00
364.365603,16775.34,9390.00
364.466242,16775.34,9390.00
364.566990,16775.34,9390.00
364.667716,16775.34,9390.00
364.768379,16775.34,9390.00
364.869068,16775.34,9306.00
364.969660,16775.34,9390.00
365.070300,16775.34,9404.00
365.170988,16775.34,9404.00
365.271772,16775.34,9390.00
365.372419,16725.46,9390.00
365.473008,16725.46,9390.00
365.573628,16725.46,9306.00
365.674258,16725.46,9306.00
365.774984,16725.46,9306.00
365.875652,16725.46,9306.00
365.976370,16725.46,9306.00
366.077261,16725.46,9306.00
366.178339,16725.46,9306.00
366.279444,16725.47,9306.00
366.380795,16725.47,9306.00
366.481977,16725.47,9306.00
366.583369,16725.47,9306.00
366.684786,16725.47,9306.00
366.785925,16725.47,9306.00
366.887028,16725.47,9306.00
366.988029,16725.47,9306.00
367.088960,16725.47,9306.00
367.190213,16725.47,9306.00
367.291543,16725.47,9306.00
367.392808,16725.47,9306.00
367.493796,16725.47,9306.00
367.594750,16725.47,9306.00
367.695848,16725.47,9306.00
367.796784,16725.47,9306.00
367.897715,16725.47,9306.00
367.999145,16725.47,9306.00
368.100414,16725.47,9306.00
368.201576,16725.47,9306.00
368.302444,16725.47,9306.00
368.403557,16725.47,9306.00
368.504223,16725.47,9408.00
368.604777,16725.47,9408.00
368.705323,16725.47,9410.00
368.805916,16725.47,9410.00
368.906619,16725.47,9296.00
369.007246,16725.47,9410.00
369.107954,16725.47,9312.00
369.208674,16725.47,9410.00
369.309276,16725.47,9326.00
369.410118,16725.47,9424.00
369.510831,16725.47,9298.00
369.611495,16725.47,9410.00
369.712089,16725.47,9312.00
369.812691,16725.47,9368.00
369.913237,16725.47,9410.00
370.013855,16675.59,9368.00
370.114662,16675.59,9424.00
370.215352,16675.59,9426.00
370.316072,16700.41,9424.00
370.416844,16700.41,9424.00
370.517506,16700.41,9410.00
370.618213,16700.41,9424.00
370.719102,16700.41,9312.00
370.820379,16700.41,9312.00
370.921327,16700.41,9312.00
371.022212,16700.41,9312.00
371.123261,16700.41,9312.00
371.224311,16700.41,9312.00
371.325491,16700.41,9312.00
371.426738,16700.41,9312.00
371.527949,16700.41,9312.00
371.628938,16700.41,9312.00
371.730138,16700.41,9312.00
371.831505,16700.41,9312.00
371.932892,16700.41,9312.00
372.034209,16700.41,9312.00
372.135537,16700.41,9312.00
372.236714,16700.41,9312.00
372.338155,16700.41,9312.00
372.439110,16700.41,9312.00
372.540433,16700.41,9312.00
372.641396,16700.41,9312.00
372.742471,16700.41,9312.00
372.843860,16700.41,9312.00
372.945273,16700.41,9312.00
373.046555,16700.41,9312.00
373.147950,16700.41,9312.00
373.248921,16700.41,9312.00
373.349980,16700.41,9312.00
373.451066,16700.41,9312.00
373.552440,16700.41,9312.00
373.653061,16700.41,9446.00
373.753755,16700.41,9418.00
373.854289,16700.41,9432.00
373.954921,16700.41,9418.00
374.055485,16700.41,9446.00
374.156241,16700.41,9446.00
374.257048,16700.41,9446.00
374.357614,16700.41,9432.00
374.458162,16700.41,9446.00
374.558774,16700.41,9402.00
374.659448,16700.41,9432.00
374.760064,16700.41,9432.00
374.860716,16700.41,9346.00
374.961310,16700.41,9418.00
375.061907,16700.41,9360.00
375.162733,16700.41,9432.00
375.263446,16700.41,9432.00
375.363971,16700.41,9348.00
375.464671,16700.41,9360.00
375.565253,16700.41,9432.00
375.665910,16700.41,9432.00
375.766546,16700.41,9432.00
375.867180,16700.41,9432.00
375.967825,16700.41,9362.00
376.068549,16700.41,9446.00
376.169360,16700.41,9446.00
376.270102,16700.41,9418.00
376.370756,16700.41,9378.00
376.471582,16700.41,9378.00
376.572455,16700.41,9378.00
376.673428,16700.41,9378.00
376.774527,16700.41,9378.00
376.875261,16700.41,9378.00
376.976562,16700.41,9378.00
377.077541,16700.41,9378.00
377.178486,16700.41,9378.00
377.280090,16700.41,9378.00
377.383829,16700.41,9378.00
377.484901,16700.41,9378.00
377.587113,16700.41,9378.00
377.688185,16700.41,9378.00
377.789106,16700.41,9378.00
377.890745,16700.41,9378.00
377.992119,16700.41,9378.00
378.093070,16700.41,9378.00
378.194191,16700.41,9378.00
378.294844,16700.41,5556.00
378.395480,16700.41,4592.00
378.496148,16700.41,4494.00
378.596801,16700.41,4494.00
378.697489,16700.41,4592.00
378.798078,16700.41,4592.00
378.898607,16700.41,4550.00
378.999292,16700.41,4620.00
379.099929,16700.41,4480.00
379.200587,16700.41,4606.00
379.301215,16700.41,4480.00
379.401833,16700.41,4480.00
379.502422,16700.41,4494.00
379.602985,16700.41,4606.00
379.703704,16700.41,4522.00
379.804401,16700.41,4494.00
379.904974,16700.41,4494.00
380.005698,16700.41,4480.00
380.106718,16700.41,4480.00
380.208062,16700.41,4480.00
380.311242,16700.41,4480.00
380.413571,16700.41,4480.00
380.514598,16700.41,4480.00
380.615709,16700.41,4480.00
380.716782,16700.41,4480.00
380.818006,16700.41,4480.00
380.918971,16700.41,4480.00
381.020289,16700.41,4480.00
381.121191,16700.41,4480.00
381.222575,16700.41,4720.00
381.323364,16700.41,5056.00
381.424206,16700.41,5454.00
381.525376,16700.41,5756.00
381.626746,16700.41,6078.00
381.727648,16700.41,6442.00
381.828683,16700.41,6846.00
381.929768,16700.41,7156.00
382.031008,16700.41,7478.00
382.131949,16700.41,7890.00
382.233880,16700.41,8260.00
382.335106,16700.41,8626.00
382.436391,16700.41,8914.00
382.537393,16700.41,9264.00
382.638068,16700.42,9458.00
382.738725,16700.42,9430.00
382.839452,16700.42,9346.00
382.940101,16700.42,9346.00
383.040801,16700.42,9360.00
383.141426,16700.42,9472.00
383.242064,16700.42,9458.00
383.342873,16700.42,9332.00
383.443460,16700.42,9376.00
383.544084,16700.42,9360.00
383.644782,16700.42,9458.00
383.745342,16700.42,9332.00
383.845982,16700.42,9474.00
383.946616,16700.42,9458.00
384.047186,16712.89,9458.00
384.147832,16787.70,9458.00
384.248510,16812.63,9472.00
384.349053,16825.10,9402.00
384.449666,16825.10,9458.00
384.550569,16874.97,9472.00
384.651282,16874.97,9472.00
384.752051,16874.97,9346.00
384.853138,16874.97,9346.00
384.953890,16874.97,9346.00
385.054705,16874.97,9346.00
385.155389,16874.97,9346.00
385.256139,16874.97,9346.00
385.356996,16874.97,9346.00
385.458252,16874.97,9346.00
385.559430,16874.97,9346.00
385.660923,16874.97,9346.00
385.762111,16874.97,9346.00
385.863297,16874.97,9346.00
385.964491,16874.97,9346.00
386.065960,16874.97,9346.00
386.167377,16874.97,9346.00
386.269134,16874.97,9346.00
386.370577,16874.97,9346.00
386.471903,16874.97,9346.00
386.573052,16874.97,9346.00
386.674045,16874.97,9346.00
386.774948,16874.97,9346.00
386.876505,16874.97,9346.00
386.977970,16874.97,9346.00
387.079469,16874.97,9346.00
387.180922,16874.97,9346.00
387.282264,16874.97,9346.00
387.383834,16874.97,9346.00
387.484957,16874.97,9346.00
387.586120,16874.97,9346.00
387.687279,16874.97,9470.00
387.787975,16874.97,9456.00
387.888594,16874.97,9470.00
387.989224,16874.97,9470.00
388.089877,16874.97,9470.00
388.190509,16874.97,9470.00
388.291269,16874.97,9400.00
388.391848,16874.97,9470.00
388.492455,16874.97,9470.00
388.593042,16874.97,9470.00
388.693613,16874.97,9442.00
388.794224,16874.97,9470.00
388.895130,16874.97,9400.00
388.995987,16874.97,9386.00
389.096656,16874.97,9470.00
389.197324,16874.97,9484.00
389.297996,16874.97,9472.00
389.398573,16874.97,9472.00
389.499317,16874.97,9472.00
389.599881,16874.97,9472.00
389.700494,16874.97,9486.00
389.801101,16874.97,9486.00
389.901825,16874.97,9472.00
390.002578,16887.44,9472.00
390.103240,16912.38,9430.00
390.203952,16924.84,9472.00
390.304681,16924.84,9402.00
390.405371,16924.84,9402.00
390.506184,16924.84,9402.00
390.607109,16924.84,9402.00
390.708052,16924.84,9402.00
390.808945,16924.84,9402.00
390.909962,16924.85,9402.00
391.011143,16924.85,9402.00
391.112378,16924.85,9402.00
391.213608,16924.85,9402.00
391.314969,16924.85,9402.00
391.416064,16924.85,9402.00
391.517183,16924.85,9402.00
391.618652,16924.85,9402.00
391.720208,16924.85,9402.00
391.821682,16924.85,9402.00
391.922985,16924.85,9402.00
392.024418,16924.85,9402.00
392.125645,16924.85,9402.00
392.226948,16924.85,9402.00
392.327947,16924.85,9402.00
392.428946,16924.85,9402.00
392.530177,16924.85,9402.00
392.631690,16924.85,9402.00
392.733098,16924.85,9402.00
392.834531,16924.85,9402.00
392.935960,16924.85,9402.00
393.037348,16924.85,9402.00
393.138471,16924.85,9402.00
393.239275,16924.85,9496.00
393.339883,16924.85,9366.00
393.440435,16924.85,9494.00
393.540978,16924.85,9494.00
393.641571,16924.85,9424.00
393.742267,16924.85,9488.00
393.842829,16924.85,9496.00
393.943379,16924.85,9496.00
394.044016,16924.85,9454.00
394.144667,16924.85,9496.00
394.245449,16924.85,9482.00
394.346189,16924.85,9496.00
394.447012,16924.85,9496.00
394.547711,16924.85,9468.00
394.648436,16924.85,9412.00
394.749611,16924.85,9382.00
394.850759,16924.85,9496.00
394.951826,16924.85,9494.00
395.052967,16924.85,9432.00
395.154044,16924.85,9482.00
395.255087,16924.85,9452.00
395.356208,16924.85,9396.00
395.457200,16924.85,9482.00
395.558350,16924.85,9482.00
395.659479,16924.85,9382.00
395.760856,16924.85,9402.00
395.861566,16924.85,9402.00
395.962363,16924.85,9402.00
396.063223,16924.85,9402.00
396.164032,16924.85,9402.00
396.264802,16924.85,9402.00
396.366343,16924.85,9402.00
396.467476,16924.85,9402.00
396.568907,16924.85,9402.00
396.670350,16924.85,9402.00
396.771312,16924.85,9402.00
396.872617,16924.85,9402.00
396.973579,16924.85,9402.00
397.074588,16924.85,9402.00
397.175460,16924.85,9402.00
397.276567,16924.85,9402.00
397.377481,16924.85,9402.00
397.478477,16924.85,9402.00
397.579742,16924.85,9402.00
397.680748,16924.85,9402.00
397.782119,16924.85,9402.00
397.883347,16924.85,9402.00
397.984457,16924.85,9402.00
398.085107,16924.85,8480.00
398.185878,16875.11,7044.00
398.286512,16875.11,7030.00
398.387072,16875.11,7016.00
398.487701,16875.11,7114.00
398.588377,16875.11,7114.00
398.688982,16875.11,7128.00
398.789528,16875.11,7142.00
398.890098,16875.11,7142.00
398.990729,16875.11,7142.00
399.091315,16875.11,7128.00
399.191916,16875.11,7072.00
399.292589,16875.11,7030.00
399.393149,16875.11,7142.00
399.493786,16875.11,7128.00
399.594435,16875.11,7142.00
399.695465,16875.11,7044.00
399.796472,16875.11,7044.00
399.897332,16875.11,7044.00
399.998186,16875.11,7044.00
400.099147,16875.11,7044.00
400.200388,16875.11,7044.00
400.301300,16875.11,7044.00
400.402174,16875.11,7044.00
400.503460,16875.11,7044.00
400.604393,16875.11,7044.00
400.705671,16875.11,7044.00
400.806856,16875.11,7044.00
400.907883,16875.11,7044.00
401.008991,16875.11,7044.00
401.109838,16875.11,7044.00
401.210731,16875.11,7044.00
401.311881,16875.11,7044.00
401.412752,16875.11,7044.00
401.513965,16875.11,7044.00
401.615265,16875.11,7044.00
401.716051,16875.11,7044.00
401.816963,16875.11,7044.00
401.918191,16875.11,7044.00
402.019053,16875.11,7202.00
402.119920,16875.11,7400.00
402.220809,16875.11,7784.00
402.321734,16875.11,8134.00
402.422985,16875.11,8442.00
402.524214,16875.11,8744.00
402.625057,16875.11,9066.00
402.725951,16875.11,9396.00
402.826650,16875.11,9392.00
402.927374,16875.11,9392.00
403.028028,16875.11,9406.00
403.128752,16875.11,9412.00
403.229510,16825.24,9392.00
403.330105,16825.24,9392.00
403.430714,16825.24,9336.00
403.531522,16825.24,9308.00
403.632208,16825.24,9308.00
403.732824,16825.24,9364.00
403.833546,16825.24,9392.00
403.934273,16825.24,9392.00
404.034996,16825.24,9392.00
404.135666,16825.24,9392.00
404.236386,16825.24,9350.00
404.336976,16825.24,9322.00
404.437736,16825.24,9364.00
404.538385,16825.24,9392.00
404.639090,16825.24,9322.00
404.739807,16825.24,9294.00
404.840453,16825.24,9294.00
404.941301,16825.24,9294.00
405.042091,16825.24,9294.00
405.142787,16825.24,9294.00
405.243646,16825.24,9294.00
405.344312,16825.24,9294.00
405.445418,16825.24,9294.00
405.546658,16825.24,9294.00
405.647630,16825.24,9294.00
405.749026,16825.24,9294.00
405.849999,16825.24,9294.00
405.951157,16825.24,9294.00
406.052201,16825.24,9294.00
406.153209,16825.24,9294.00
406.254329,16825.24,9294.00
406.355743,16825.24,9294.00
406.456746,16825.24,9294.00
406.558063,16825.24,9294.00
406.659286,16825.24,9294.00
406.760478,16825.24,9294.00
406.861550,16825.24,9294.00
406.962732,16825.24,9294.00
407.064178,16825.24,9294.00
407.165357,16825.24,9294.00
407.266748,16825.24,9294.00
407.367999,16825.24,9294.00
407.469147,16825.24,9294.00
407.570647,16825.24,9294.00
407.671434,16825.24,9422.00
407.772158,16825.24,9408.00
407.872964,16825.24,9408.00
407.973592,16825.24,9324.00
408.074241,16825.24,9420.00
408.174851,16825.24,9430.00
408.275537,16775.36,9416.00
408.376125,16775.36,9346.00
408.476686,16775.36,9332.00
408.577312,16775.36,9430.00
408.678032,16775.36,9304.00
408.778653,16775.36,9416.00
408.879351,16775.36,9318.00
408.980072,16775.36,9416.00
409.080721,16775.36,9304.00
409.181300,16775.36,9422.00
409.281913,16775.36,9416.00
409.382618,16775.36,9304.00
409.483192,16775.36,9360.00
409.583831,16775.36,9416.00
409.684502,16775.36,9416.00
409.785106,16775.36,9416.00
409.885863,16775.36,9304.00
409.986629,16775.36,9304.00
410.087529,16775.36,9304.00
410.188236,16725.49,9304.00
410.288933,16725.49,9304.00
410.389651,16725.49,9304.00
410.491080,16725.49,9304.00
410.592393,16725.49,9304.00
410.693496,16725.49,9304.00
410.794817,16725.49,9304.00
410.895746,16725.49,9304.00
410.996796,16725.49,9304.00
411.097972,16725.49,9304.00
411.198986,16725.49,9304.00
411.300129,16725.49,9304.00
411.401485,16725.49,9304.00
411.502530,16725.49,9304.00
411.603757,16725.49,9304.00
411.704779,16725.49,9304.00
411.806147,16725.49,9304.00
411.907246,16725.49,9304.00
412.008484,16725.49,9304.00
412.109590,16725.49,9304.00
412.210849,16725.49,9304.00
412.311957,16725.49,9304.00
412.413198,16725.49,9304.00
412.514475,16725.49,9304.00
412.615711,16725.49,9304.00
412.716722,16725.49,9456.00
412.817341,16725.49,9396.00
412.918001,16725.49,9352.00
413.018674,16725.49,9366.00
413.119329,16725.49,9368.00
413.219961,16725.49,9438.00
413.320619,16725.49,9440.00
413.421356,16725.49,9440.00
413.522005,16725.49,9384.00
413.622598,16725.49,9440.00
413.723317,16725.49,9426.00
413.823898,16725.49,9426.00
413.924540,16725.49,9426.00
414.025125,16725.49,9426.00
414.125808,16725.49,9440.00
414.226425,16725.49,9426.00
414.327030,16725.49,9412.00
414.427781,16725.49,9386.00
414.528654,16725.49,9414.00
414.629322,16725.49,9442.00
414.730034,16725.49,9442.00
414.830868,16725.49,9428.00
414.931488,16725.49,9372.00
415.032111,16725.49,9428.00
415.132899,16725.49,9400.00
415.233657,16725.49,9428.00
415.334353,16725.49,9442.00
415.435103,16725.49,9456.00
415.535928,16725.49,9442.00
415.636740,16725.49,9406.00
415.737413,16725.49,9406.00
415.838186,16725.49,9406.00
415.939008,16725.49,9406.00
416.039798,16725.49,9406.00
416.140772,16675.62,9406.00
416.241868,16675.62,9406.00
416.342764,16675.62,9406.00
416.443711,16675.62,9406.00
416.544631,16675.62,9406.00
416.645926,16675.62,9406.00
416.747091,16675.62,9406.00
416.848354,16675.62,9406.00
416.949521,16675.62,9406.00
417.050342,16675.62,9406.00
417.151294,16675.62,9406.00
417.252385,16675.62,9406.00
417.353632,16675.62,9406.00
417.454956,16675.62,9406.00
417.555722,16675.62,5120.00
417.656470,16675.62,4570.00
417.757109,16675.62,4612.00
417.857754,16675.62,4570.00
417.958331,16675.62,4584.00
418.058864,16675.62,4514.00
418.159464,16675.62,4612.00
418.260243,16675.62,4500.00
418.360800,16675.62,4612.00
418.461577,16675.62,4486.00
418.562246,16675.62,4612.00
418.662855,16675.62,4514.00
418.763525,16675.62,4486.00
418.864133,16675.62,4612.00
418.964648,16675.62,4528.00
419.065284,16675.62,4612.00
419.165992,16675.62,4486.00
419.266739,16675.62,4486.00
419.367898,16675.62,4486.00
419.468817,16675.62,4486.00
419.569745,16675.62,4486.00
419.670638,16675.62,4486.00
419.771498,16675.62,4486.00
419.872506,16675.62,4486.00
419.973683,16675.62,4486.00
420.074603,16675.62,4486.00
420.175538,16675.62,4486.00
420.276765,16675.62,4486.00
420.377573,16675.62,4678.00
420.478471,16675.62,5008.00
420.579344,16675.62,5446.00
420.680537,16675.62,5762.00
420.781409,16675.62,6098.00
420.882380,16675.62,6496.00
420.983269,16675.62,6900.00
421.084376,16675.62,7210.00
421.185272,16675.62,7532.00
421.286580,16675.62,7930.00
421.387482,16675.62,8412.00
421.488466,16675.62,8728.00
421.589487,16675.62,9078.00
421.690764,16675.62,9462.00
421.791427,16675.63,9464.00
421.891998,16675.63,9464.00
421.992548,16675.63,9394.00
422.093097,16675.63,9478.00
422.193708,16675.63,9366.00
422.294438,16675.63,9464.00
422.395003,16675.63,9366.00
422.495598,16675.63,9464.00
422.596274,16675.63,9464.00
422.696871,16675.63,9464.00
422.797425,16675.63,9422.00
422.898053,16675.63,9478.00
422.998659,16675.63,9464.00
423.099276,16675.63,9464.00
423.199845,16675.63,9436.00
423.300466,16675.63,9338.00
423.401086,16675.63,9464.00
423.501717,16699.40,9478.00
423.602588,16711.87,9352.00
423.703513,16711.87,9352.00
423.804283,16711.87,9352.00
423.905126,16711.87,9352.00
424.006015,16711.87,9352.00
424.106770,16711.87,9352.00
424.207458,16711.87,9352.00
424.308845,16711.87,9352.00
424.409857,16711.87,9352.00
424.511224,16711.87,9352.00
424.612406,16711.87,9352.00
424.713352,16711.87,9352.00
424.814611,16711.87,9352.00
424.915870,16711.87,9352.00
425.016948,16711.87,9352.00
425.117891,16711.87,9352.00
425.218890,16711.87,9352.00
425.319809,16711.87,9352.00
425.420784,16711.87,9352.00
425.521679,16711.87,9352.00
425.622639,16711.87,9352.00
425.723895,16711.87,9352.00
425.824862,16711.87,9352.00
425.925808,16711.87,9352.00
426.026903,16711.87,9352.00
426.127908,16711.87,9352.00
426.229377,16711.87,9352.00
426.330583,16711.87,9352.00
426.431534,16711.87,9352.00
426.532629,16711.87,9456.00
426.633367,16711.87,9402.00
426.733990,16711.87,9472.00
426.834618,16711.87,9416.00
426.935168,16711.87,9472.00
427.035856,16711.87,9472.00
427.136763,16711.87,9472.00
427.237484,16711.87,9444.00
427.338047,16711.87,9472.00
427.438752,16711.87,9444.00
427.539376,16711.87,9458.00
427.639973,16711.87,9486.00
427.740681,16711.87,9486.00
427.841259,16711.87,9458.00
427.941817,16711.87,9444.00
428.042457,16711.87,9472.00
428.143135,16724.34,9458.00
428.243754,16724.34,9416.00
428.344742,16736.81,9402.00
428.445603,16749.27,9416.00
428.546577,16749.27,9416.00
428.647122,16749.27,9472.00
428.747804,16749.27,9486.00
428.848392,16761.74,9472.00
428.949095,16774.21,9472.00
429.049755,16774.21,9388.00
429.150864,16774.21,9388.00
429.252092,16774.21,9388.00
429.353206,16774.21,9388.00
429.454054,16774.21,9388.00
429.555042,16774.21,9388.00
429.657163,16774.21,9388.00
429.761128,16774.21,9388.00
429.862337,16774.21,9388.00
429.963419,16774.21,9388.00
430.064549,16774.21,9388.00
430.165999,16774.21,9388.00
430.267138,16774.21,9388.00
430.368133,16774.21,9388.00
430.469315,16774.21,9388.00
430.570391,16774.21,9388.00
430.671896,16774.21,9388.00
430.772939,16774.21,9388.00
430.873898,16774.21,9388.00
430.975341,16774.21,9388.00
431.076617,16774.21,9388.00
431.177907,16774.21,9388.00
431.278806,16774.21,9388.00
431.380130,16774.21,9388.00
431.481073,16774.21,9388.00
431.582018,16774.21,9388.00
431.683365,16774.21,9388.00
431.784709,16774.21,9388.00
431.885815,16774.21,9470.00
431.986439,16774.21,9494.00
432.087318,16774.21,9494.00
432.187993,16774.21,9408.00
432.288879,16774.21,9508.00
432.389743,16774.21,9422.00
432.490782,16774.21,9422.00
432.591657,16774.21,9408.00
432.692214,16774.21,9494.00
432.792852,16774.21,9408.00
432.893433,16774.21,9508.00
432.994031,16774.21,9506.00
433.094602,16774.21,9508.00
433.195250,16774.21,9508.00
433.295970,16774.21,9394.00
433.396559,16774.21,9508.00
433.497170,16799.15,9408.00
433.597859,16811.62,9508.00
433.698755,16811.62,9494.00
433.799364,16811.62,9508.00
433.899985,16824.09,9494.00
434.000621,16824.09,9494.00
434.101258,16836.55,9410.00
434.201936,16836.55,9424.00
434.302553,16836.55,9508.00
434.403181,16849.02,9424.00
434.503908,16849.02,9410.00
434.604528,16849.02,9410.00
434.705242,16849.02,9410.00
434.806121,16849.02,9410.00
434.906991,16849.02,9410.00
435.007670,16849.02,9410.00
435.109151,16849.02,9410.00
435.211985,16849.02,9410.00
435.313306,16849.02,9410.00
435.414480,16849.02,9410.00
435.515399,16849.02,9410.00
435.616296,16849.02,9410.00
435.717286,16849.02,9410.00
435.818364,16849.02,9410.00
435.919455,16849.02,9410.00
436.020719,16849.02,9410.00
436.121766,16849.02,9410.00
436.223103,16849.02,9410.00
436.323926,16849.02,9410.00
436.424830,16849.02,9410.00
436.525723,16849.02,9410.00
436.626817,16849.02,9410.00
436.727776,16849.02,9410.00
436.829096,16849.02,9410.00
436.929928,16849.02,9410.00
437.030901,16849.02,9410.00
437.131797,16849.02,9410.00
437.232751,16849.02,9410.00
437.333370,16849.03,7144.00
437.433967,16849.03,7060.00
437.534566,16849.03,7032.00
437.635131,16849.03,7144.00
437.735768,16849.03,7032.00
437.836357,16849.03,7088.00
437.936908,16849.03,7144.00
438.037635,16849.03,7144.00
438.138313,16849.03,7144.00
438.238847,16849.03,7046.00
438.339396,16849.03,7088.00
438.439998,16849.03,7046.00
438.540640,16849.03,7032.00
438.641224,16849.03,7130.00
438.741938,16849.04,7130.00
438.842542,16849.04,7046.00
438.943195,16849.04,7046.00
439.044128,16849.04,7046.00
439.144980,16849.04,7046.00
439.245953,16849.04,7046.00
439.348877,16849.04,7046.00
439.449754,16849.04,7046.00
439.550696,16849.04,7046.00
439.651741,16849.04,7046.00
439.756462,16849.04,7046.00
439.857815,16849.04,7046.00
439.959092,16849.04,7046.00
440.060055,16849.04,7046.00
440.161083,16849.04,7046.00
440.262005,16849.04,7046.00
440.363474,16849.04,7046.00
440.464771,16849.04,7046.00
440.566103,16849.04,7046.00
440.666989,16849.04,7046.00
440.768311,16849.04,7046.00
440.869231,16849.04,7046.00
440.970563,16849.04,7046.00
441.071473,16849.04,7046.00
441.172653,16849.04,7286.00
441.273927,16849.04,7690.00
441.374894,16849.04,8102.00
441.475826,16849.04,8444.00
441.576983,16849.04,8780.00
441.677989,16849.04,9130.00
441.778696,16849.04,9394.00
441.879286,16849.04,9394.00
441.979831,16849.04,9408.00
442.080503,16849.04,9310.00
442.181170,16849.04,9408.00
442.281738,16849.04,9408.00
442.382346,16849.04,9310.00
442.482894,16849.04,9408.00
442.583458,16849.04,9408.00
442.684034,16849.04,9394.00
442.784581,16849.04,9394.00
442.885355,16849.04,9310.00
442.985888,16799.29,9394.00
443.086490,16799.29,9408.00
443.187170,16799.29,9380.00
443.287762,16799.29,9394.00
443.388399,16799.29,9408.00
443.489091,16799.29,9324.00
443.589638,16799.29,9394.00
443.690181,16799.29,9408.00
443.790903,16799.29,9310.00
443.891725,16799.29,9310.00
443.992634,16799.29,9310.00
444.093506,16799.29,9310.00
444.194434,16749.42,9310.00
444.295515,16749.42,9310.00
444.396453,16749.42,9310.00
444.497467,16749.42,9310.00
444.598447,16749.42,9310.00
444.699411,16749.42,9310.00
444.800396,16749.42,9310.00
444.901364,16749.42,9310.00
445.002289,16749.42,9310.00
445.103479,16749.42,9310.00
445.204540,16749.42,9310.00
445.306686,16749.42,9310.00
445.407917,16749.42,9310.00
445.508871,16749.42,9310.00
445.610274,16749.42,9310.00
445.711604,16749.42,9310.00
445.813361,16749.42,9310.00
445.914707,16749.42,9310.00
446.015951,16749.42,9310.00
446.117418,16749.42,9310.00
446.218821,16749.42,9310.00
446.319978,16749.42,9310.00
446.421293,16749.42,9310.00
446.522708,16749.42,9310.00
446.623661,16749.42,9310.00
446.724614,16749.42,9306.00
446.825321,16749.42,9378.00
446.925858,16749.42,9350.00
447.026421,16749.42,9350.00
447.127019,16749.42,9364.00
447.227743,16749.42,9320.00
447.328316,16749.42,9406.00
447.428918,16749.42,9406.00
447.529540,16749.42,9322.00
447.630140,16749.42,9408.00
447.730760,16749.42,9350.00
447.831431,16749.42,9406.00
447.932096,16749.42,9406.00
448.032789,16749.42,9406.00
448.133346,16749.42,9420.00
448.234075,16749.42,9406.00
448.334702,16749.42,9378.00
448.435257,16749.42,9392.00
448.535944,16749.42,9420.00
448.636628,16749.42,9406.00
448.737201,16749.42,9308.00
448.837861,16749.42,9420.00
448.938491,16749.42,9280.00
449.039527,16749.42,9280.00
449.140117,16749.42,9280.00
449.241046,16749.42,9280.00
449.341832,16699.55,9280.00
449.442565,16699.55,9280.00
449.543801,16699.55,9280.00
449.645121,16699.55,9280.00
449.746889,16699.55,9280.00
449.848140,16699.55,9280.00
449.949428,16699.55,9280.00
450.050347,16699.55,9280.00
450.151327,16699.55,9280.00
450.252287,16699.55,9280.00
450.353337,16699.55,9280.00
450.454605,16699.55,9280.00
450.555912,16699.55,9280.00
450.657187,16699.55,9280.00
450.758419,16699.55,9280.00
450.859520,16699.55,9280.00
450.960922,16699.55,9280.00
451.061888,16699.55,9280.00
451.163120,16699.55,9280.00
451.264101,16699.55,9280.00
451.365056,16699.55,9280.00
451.466020,16699.55,9280.00
451.567397,16699.55,9280.00
451.668338,16699.55,9280.00
451.769021,16699.55,9430.00
451.869625,16699.55,9342.00
451.970144,16699.55,9432.00
452.070669,16699.55,9430.00
452.171282,16699.55,9360.00
452.271898,16699.55,9444.00
452.372485,16699.55,9444.00
452.473029,16699.55,9430.00
452.573608,16699.55,9444.00
452.674140,16699.55,9444.00
452.774847,16699.55,9430.00
452.875472,16699.55,9416.00
452.976041,16699.55,9346.00
453.076633,16699.55,9378.00
453.177292,16699.55,9416.00
453.277838,16699.55,9430.00
453.378419,16699.55,9402.00
453.478970,16699.55,9316.00
453.579587,16699.55,9412.00
453.680198,16711.89,9374.00
453.780846,16711.89,9356.00
453.881487,16711.89,9430.00
453.982116,16751.92,9444.00
454.082664,16761.76,9432.00
454.183321,16774.23,9392.00
454.283989,16774.23,9430.00
454.384688,16799.17,9444.00
454.485279,16799.17,9430.00
454.585827,16799.17,9444.00
454.686509,16811.64,9362.00
454.787128,16811.64,9362.00
454.887907,16811.64,9362.00
454.988564,16811.64,9362.00
455.089118,16811.64,9362.00
455.189868,16811.64,9362.00
455.290836,16811.64,9362.00
455.392191,16811.64,9362.00
455.493123,16811.64,9362.00
455.594072,16811.64,9362.00
455.695418,16811.64,9362.00
455.796370,16811.64,9362.00
455.897425,16811.64,9362.00
455.998604,16811.64,9362.00
456.099768,16811.64,9362.00
456.200737,16811.64,9362.00
456.301718,16811.64,9362.00
456.402306,16811.64,6324.00
456.502894,16811.64,4606.00
456.603435,16811.64,4592.00
456.703965,16811.64,4606.00
456.804559,16811.64,4480.00
456.905090,16811.64,4480.00
457.005632,16811.64,4578.00
457.106223,16811.65,4508.00
457.206793,16811.65,4522.00
457.307449,16811.65,4606.00
457.407958,16811.65,4550.00
457.508548,16811.65,4606.00
457.609112,16811.65,4494.00
457.709757,16811.65,4494.00
457.810366,16811.65,4592.00
457.910964,16811.65,4494.00
458.011735,16811.65,4480.00
458.112564,16811.65,4480.00
458.213745,16811.65,4480.00
458.315424,16811.65,4480.00
458.416514,16811.65,4480.00
458.517962,16811.65,4480.00
458.618887,16811.65,4480.00
458.719737,16811.65,4480.00
458.820745,16811.65,4480.00
458.921741,16811.65,4480.00
459.023046,16811.65,4480.00
459.124272,16811.65,4480.00
459.225903,16811.65,4494.00
459.327062,16811.65,4796.00
459.428170,16811.65,5262.00
459.529457,16811.65,5640.00
459.630345,16811.65,5968.00
459.731180,16811.65,6332.00
459.832337,16811.65,6784.00
459.933411,16811.65,7094.00
460.034225,16811.65,7430.00
460.135134,16811.65,7842.00
460.236277,16811.65,8212.00
460.337179,16811.65,8578.00
460.438134,16811.65,8880.00
460.539382,16811.65,9264.00
460.640107,16811.65,9472.00
460.740761,16811.65,9360.00
460.841391,16811.65,9346.00
460.942023,16811.65,9388.00
461.042684,16811.65,9348.00
461.143474,16811.65,9458.00
461.244091,16811.65,9458.00
461.344856,16811.65,9346.00
461.445614,16811.65,9458.00
461.546593,16811.65,9458.00
461.647357,16811.65,9458.00
461.748250,16811.65,9458.00
461.849239,16811.65,9430.00
461.950331,16836.58,9458.00
462.051289,16886.46,9458.00
462.152548,16923.86,9332.00
462.253562,16923.86,9346.00
462.354605,16923.86,9460.00
462.455611,16923.86,9474.00
462.556866,16948.80,9460.00
462.657764,16948.80,9346.00
462.758583,16948.80,9346.00
462.859639,16948.80,9346.00
462.960702,16948.80,9346.00
463.061676,16948.80,9346.00
463.162578,16948.80,9346.00
463.263796,16948.80,9346.00
463.364845,16948.80,9346.00
463.466023,16948.80,9346.00
463.567398,16948.80,9346.00
463.668824,16948.80,9346.00
463.770344,16948.80,9346.00
463.871966,16948.80,9346.00
463.973402,16948.80,9346.00
464.074788,16948.80,9346.00
464.176169,16948.80,9346.00
464.277422,16948.80,9346.00
464.378563,16948.80,9346.00
464.480033,16948.80,9346.00
464.581461,16948.80,9346.00
464.682729,16948.80,9346.00
464.784056,16948.80,9346.00
464.885322,16948.80,9346.00
464.986863,16948.80,9346.00
465.087833,16948.80,9346.00
465.189257,16948.80,9346.00
465.290348,16948.80,9346.00
465.391751,16948.80,9346.00
465.493018,16948.80,9346.00
465.593825,16948.80,9470.00
465.694418,16948.80,9470.00
465.795090,16948.80,9400.00
465.895974,16948.80,9470.00
465.996845,16948.80,9470.00
466.097659,16948.80,9472.00
466.198521,16948.80,9444.00
466.299353,16948.80,9430.00
466.399914,16948.80,9416.00
466.500529,16948.80,9402.00
466.601134,16948.80,9486.00
466.701820,16948.80,9472.00
466.802526,16899.05,9472.00
466.903188,16899.05,9402.00
467.003850,16899.05,9486.00
467.104432,16899.05,9416.00
467.205193,16899.05,9486.00
467.305954,16899.05,9486.00
467.406583,16899.05,9486.00
467.507196,16899.05,9472.00
467.607959,16899.05,9416.00
467.708528,16899.05,9486.00
467.809168,16899.05,9486.00
467.909996,16899.05,9416.00
468.010594,16899.05,9486.00
468.111601,16899.05,9416.00
468.212401,16899.05,9416.00
468.313122,16899.05,9416.00
468.413824,16899.05,9416.00
468.514605,16899.05,9416.00
468.615531,16899.05,9416.00
468.716735,16899.05,9416.00
468.817657,16899.05,9416.00
468.918972,16899.05,9416.00
469.020169,16899.05,9416.00
469.121322,16899.05,9416.00
469.222337,16899.05,9416.00
469.323276,16899.05,9416.00
469.424434,16899.05,9416.00
469.525713,16899.05,9416.00
469.626812,16899.05,9416.00
469.728068,16899.05,9416.00
469.829200,16899.05,9416.00
469.930594,16899.05,9416.00
470.031749,16899.05,9416.00
470.132869,16899.05,9416.00
470.234169,16899.05,9416.00
470.335584,16899.05,9416.00
470.437376,16899.05,9416.00
470.538769,16899.05,9416.00
470.639983,16899.05,9416.00
470.741317,16899.05,9416.00
470.842875,16899.05,9416.00
470.944035,16899.05,9416.00
471.044915,16899.05,9514.00
471.145814,16899.05,9488.00
471.246689,16899.05,9482.00
471.347308,16899.05,9508.00
471.448002,16899.05,9496.00
471.548643,16899.05,9494.00
471.649318,16899.05,9510.00
471.749884,16899.05,9452.00
471.850448,16899.05,9506.00
471.951029,16899.05,9510.00
472.051778,16899.05,9494.00
472.152421,16899.05,9398.00
472.253033,16899.05,9510.00
472.353689,16899.05,9510.00
472.454321,16899.05,9510.00
472.554954,16899.05,9510.00
472.655702,16899.05,9496.00
472.756260,16899.05,9510.00
472.856934,16899.05,9502.00
472.957574,16911.40,9502.00
473.058139,16911.40,9510.00
473.158795,16923.86,9508.00
473.259518,16923.86,9398.00
473.360290,16936.33,9454.00
473.460873,16948.80,9412.00
473.561474,16948.80,9510.00
473.662110,16973.74,9496.00
473.762872,16973.74,9398.00
473.863548,16973.74,9398.00
473.964353,16973.74,9398.00
474.065068,16973.74,9398.00
474.166245,16973.74,9398.00
474.267138,16973.74,9398.00
474.368264,16973.74,9398.00
474.469350,16973.74,9398.00
474.570325,16973.74,9398.00
474.671272,16973.74,9398.00
474.772373,16973.74,9398.00
474.873459,16973.74,9398.00
474.974373,16973.74,9398.00
475.075418,16973.74,9398.00
475.176345,16973.74,9398.00
475.277244,16973.74,9398.00
475.378143,16973.74,9398.00
475.479034,16973.74,9398.00
475.579907,16973.74,9398.00
475.681004,16973.74,9398.00
475.782433,16973.74,9398.00
475.883252,16973.74,9398.00
475.984360,16973.74,9398.00
476.085433,16973.74,9398.00
476.186802,16973.74,9398.00
476.287833,16973.74,9398.00
476.388651,16973.74,9398.00
476.489269,16973.74,8964.00
476.589838,16973.74,7030.00
476.690503,16973.74,7030.00
476.791103,16973.74,7030.00
476.891804,16973.74,7142.00
476.992497,16973.74,7030.00
477.093071,16973.74,7044.00
477.193608,16973.74,7142.00
477.294233,16973.74,7142.00
477.394825,16973.74,7142.00
477.495446,16973.74,7142.00
477.596172,16973.74,7128.00
477.696778,16973.74,7142.00
477.797395,16973.74,7086.00
477.897985,16973.74,7142.00
477.998594,16973.74,7142.00
478.099153,16973.74,7044.00
478.199748,16973.74,7044.00
478.300489,16973.74,7044.00
478.401203,16973.74,7044.00
478.502182,16973.74,7044.00
478.603477,16973.74,7044.00
478.704425,16973.74,7044.00
478.805522,16973.74,7044.00
478.906415,16973.74,7044.00
479.007765,16973.74,7044.00
479.108926,16973.74,7044.00
479.210206,16973.74,7044.00
479.311117,16973.74,7044.00
479.412367,16973.74,7044.00
479.513279,16973.74,7044.00
479.614164,16973.74,7044.00
479.715134,16973.74,7044.00
479.816392,16973.74,7044.00
479.917843,16973.74,7044.00
480.018840,16973.74,7044.00
480.119779,16973.74,7044.00
480.220730,16973.74,7332.00
480.321659,16973.74,7736.00
480.422988,16973.74,8134.00
480.524102,16973.74,8490.00
480.625266,16973.74,8792.00
480.726533,16973.74,9190.00
480.827207,16973.75,9406.00
480.927869,16973.75,9378.00
481.028628,16973.75,9392.00
481.129385,16973.75,9406.00
481.230104,16973.75,9392.00
481.330731,16973.75,9398.00
481.431311,16973.75,9322.00
481.532083,16973.75,9392.00
481.632727,16973.75,9392.00
481.733602,16973.75,9406.00
481.834499,16973.75,9392.00
481.935467,16973.75,9406.00
482.036457,16973.75,9294.00
482.137024,16973.75,9336.00
482.237682,16973.75,9308.00
482.338476,16973.75,9392.00
482.439096,16973.75,9308.00
482.539771,16973.75,9406.00
482.640404,16973.75,9392.00
482.741011,16973.75,9406.00
482.841770,16973.75,9378.00
482.942433,16973.75,9322.00
483.043121,16973.75,9322.00
483.143896,16973.75,9322.00
483.244816,16973.75,9322.00
483.345701,16973.75,9322.00
483.446615,16973.75,9322.00
483.547872,16973.75,9322.00
483.648757,16973.75,9322.00
483.749649,16973.75,9322.00
483.850514,16973.75,9322.00
483.951902,16973.75,9322.00
484.052788,16973.75,9322.00
484.153657,16973.75,9322.00
484.255016,16973.75,9322.00
484.358044,16973.75,9322.00
484.459352,16973.75,9322.00
484.560684,16973.75,9322.00
484.661568,16973.75,9322.00
484.762750,16973.75,9322.00
484.863882,16973.75,9322.00
484.964864,16973.75,9322.00
485.065987,16973.75,9322.00
485.167186,16973.75,9322.00
485.268141,16973.75,9322.00
485.369451,16973.75,9322.00
485.470610,16973.75,9322.00
485.571520,16973.75,9322.00
485.672398,16973.75,9322.00
485.773448,16973.75,9322.00
485.874383,16973.75,9322.00
485.975688,16973.75,9322.00
486.076760,16973.75,9322.00
486.177675,16973.75,9322.00
486.278636,16973.75,9322.00
486.379414,16973.75,9356.00
486.479990,16973.75,9406.00
486.580658,16973.75,9322.00
486.681356,16973.75,9420.00
486.782106,16973.75,9420.00
486.882747,16973.75,9420.00
486.983403,16973.75,9406.00
487.084078,16973.75,9420.00
487.184661,16973.75,9342.00
487.285295,16973.75,9418.00
487.385879,16973.75,9418.00
487.486632,16973.75,9322.00
487.587241,16973.75,9322.00
487.687934,16924.00,9310.00
487.788544,16924.00,9422.00
487.889160,16924.00,9336.00
487.989886,16924.00,9420.00
488.090543,16924.00,9342.00
488.191247,16924.00,9300.00
488.292053,16924.00,9308.00
488.392739,16924.00,9406.00
488.493492,16924.00,9420.00
488.594146,16948.81,9350.00
488.694832,16948.81,9308.00
488.795555,16948.81,9308.00
488.896304,16948.81,9308.00
488.997310,16948.81,9308.00
489.098057,16948.81,9308.00
489.198835,16948.81,9308.00
489.300214,16948.81,9308.00
489.401164,16948.81,9308.00
489.502047,16948.81,9308.00
489.603454,16948.81,9308.00
489.704926,16948.81,9308.00
489.805830,16948.81,9308.00
489.906692,16948.81,9308.00
490.007605,16948.81,9308.00
490.108541,16948.81,9308.00
490.209360,16948.81,9308.00
490.310432,16948.81,9308.00
490.411359,16948.81,9308.00
490.512429,16948.81,9308.00
490.613346,16948.81,9308.00
490.714247,16948.81,9308.00
490.815175,16948.81,9308.00
490.916130,16948.81,9308.00
491.017418,16948.81,9308.00
491.118662,16948.81,9308.00
491.219803,16948.81,9308.00
491.321045,16948.81,9308.00
491.421861,16948.81,9308.00
491.522673,16948.81,9308.00
491.623500,16948.81,9308.00
491.724678,16948.81,9308.00
491.825587,16948.81,9308.00
491.926467,16948.81,9308.00
492.027184,16948.81,9430.00
492.127926,16948.81,9386.00
492.228574,16948.81,9402.00
492.329251,16948.81,9434.00
492.429964,16948.81,9444.00
492.530596,16948.81,9446.00
492.631245,16948.81,9390.00
492.731861,16948.81,9446.00
492.832509,16948.81,9446.00
492.933281,16948.81,9446.00
493.033871,16948.81,9432.00
493.134439,16948.81,9460.00
493.235431,16948.81,9464.00
493.336093,16948.81,9450.00
493.436723,16948.81,9446.00
493.537293,16948.81,9432.00
493.638085,16948.81,9446.00
493.738724,16948.81,9446.00
493.839344,16948.81,9434.00
493.940023,16948.81,9446.00
494.040619,16948.81,9446.00
494.141333,16948.81,9358.00
494.242014,16948.81,9446.00
494.342737,16948.81,9446.00
494.443383,16948.81,9450.00
494.544313,16948.81,9358.00
494.644998,16948.81,9446.00
494.745713,16948.81,9432.00
494.846486,16948.81,9446.00
494.947178,16948.81,9390.00
495.047860,16899.07,9390.00
495.148719,16899.07,9390.00
495.249603,16899.07,9390.00
495.350286,16899.07,9390.00
495.450915,16899.07,9390.00
495.552055,16899.07,9390.00
495.652995,16899.07,9390.00
495.754170,16899.07,9390.00
495.855478,16899.07,9390.00
495.956566,16899.07,9390.00
496.057759,16899.07,9390.00
496.158671,16899.07,9390.00
496.259694,16899.07,9390.00
496.361026,16899.07,9390.00
496.461970,16899.07,9390.00
496.562911,16899.07,9390.00
496.663536,16899.13,6100.00
496.764053,16899.13,4566.00
496.864893,16899.13,4510.00
496.965721,16899.13,4538.00
497.066486,16899.13,4510.00
497.167357,16899.13,4608.00
497.268108,16899.13,4524.00
497.368880,16899.13,4550.00
497.469644,16899.13,4508.00
497.570393,16899.13,4606.00
497.671333,16899.13,4508.00
497.772235,16899.13,4606.00
497.872998,16899.13,4606.00
497.973781,16899.13,4536.00
498.074502,16899.13,4550.00
498.175600,16899.13,4480.00
498.276631,16899.13,4480.00
498.377536,16899.13,4480.00
498.478496,16899.13,4480.00
498.585096,16899.13,4480.00
498.686143,16899.13,4480.00
498.790440,16899.13,4480.00
498.891497,16899.13,4480.00
498.992669,16899.13,4480.00
499.093956,16899.13,4480.00
499.195359,16899.13,4480.00
499.296455,16899.13,4480.00
499.397551,16899.13,4480.00
499.498821,16899.13,4638.00
499.599909,16899.13,5002.00
499.700861,16899.13,5488.00
499.802244,16899.13,5790.00
499.903363,16899.13,6160.00
500.004690,16899.13,6640.00
500.105770,16899.13,7018.00
500.206927,16899.13,7300.00
500.307903,16899.13,7684.00
500.409147,16899.13,8116.00
500.510372,16899.13,8530.00
500.611241,16899.13,8846.00
500.712268,16899.13,9230.00
500.813130,16899.13,9346.00
500.913956,16899.13,9474.00
501.014590,16899.13,9320.00
501.115149,16899.13,9418.00
501.215741,16899.13,9460.00
501.316315,16899.13,9460.00
501.417133,16899.13,9474.00
501.517805,16899.13,9474.00
501.618422,16899.13,9404.00
501.719066,16899.13,9360.00
501.819725,16899.13,9332.00
501.920305,16948.88,9460.00
502.020891,17022.89,9460.00
502.121461,17061.09,9390.00
502.222008,17086.03,9432.00
502.322564,17110.96,9416.00
502.423205,17110.96,9376.00
502.523890,17110.96,9458.00
502.624772,17123.43,9346.00
502.725749,17123.43,9346.00
502.826547,17123.43,9346.00
502.927431,17123.43,9346.00
503.028408,17123.43,9346.00
503.129373,17123.43,9346.00
503.230523,17123.43,9346.00
503.334376,17123.43,9346.00
503.435264,17123.43,9346.00
503.536116,17123.43,9346.00
503.637195,17123.43,9346.00
503.738270,17123.43,9346.00
503.839134,17123.43,9346.00
503.939973,17123.43,9346.00
504.041242,17123.43,9346.00
504.142315,17123.43,9346.00
504.243112,17123.43,9346.00
504.344100,17123.43,9346.00
504.444955,17123.43,9346.00
504.546024,17123.43,9346.00
504.646904,17123.43,9346.00
504.747981,17123.43,9346.00
504.849086,17123.43,9346.00
504.950138,17123.43,9346.00
505.051195,17123.43,9346.00
505.152530,17123.43,9346.00
505.253666,17123.43,9346.00
505.354944,17123.43,9346.00
505.456237,17123.43,9346.00
505.557103,17123.43,9346.00
505.658358,17123.43,9346.00
505.759472,17123.43,9346.00
505.860753,17123.43,9346.00
505.961359,17123.43,9472.00
506.061905,17123.43,9486.00
506.162560,17123.43,9486.00
506.263187,17123.43,9486.00
506.363829,17123.43,9486.00
506.464634,17123.43,9486.00
506.565394,17123.43,9486.00
506.666109,17123.43,9486.00
506.766754,17073.69,9472.00
506.867391,17073.69,9388.00
506.968108,17073.69,9472.00
507.068825,17073.69,9430.00
507.169402,17073.69,9402.00
507.270063,17148.37,9472.00
507.370725,17148.37,9472.00
507.471385,17148.37,9414.00
507.571926,17148.37,9470.00
507.672539,17148.37,9472.00
507.773134,17148.37,9400.00
507.874152,17148.37,9400.00
507.975201,17148.37,9400.00
508.075966,17148.37,9400.00
508.176744,17148.37,9400.00
508.277400,17148.37,9400.00
508.378299,17148.37,9400.00
508.479226,17148.37,9400.00
508.580521,17148.37,9400.00
508.681493,17148.37,9400.00
508.782528,17148.37,9400.00
508.883914,17148.37,9400.00
508.984932,17148.37,9400.00
509.086364,17148.37,9400.00
509.187771,17148.37,9400.00
509.288922,17148.37,9400.00
509.390054,17148.37,9400.00
509.490998,17148.37,9400.00
509.592117,17148.37,9400.00
509.693446,17148.37,9400.00
509.794547,17148.37,9400.00
509.895974,17148.37,9400.00
509.997063,17148.37,9400.00
510.098462,17148.37,9400.00
510.199576,17148.37,9400.00
510.300858,17148.37,9400.00
510.402010,17148.37,9400.00
510.502940,17148.37,9400.00
510.603772,17148.37,9402.00
510.704311,17148.37,9446.00
510.804949,17148.37,9418.00
510.905524,17148.37,9502.00
511.006126,17148.37,9388.00
511.106674,17148.37,9446.00
511.207334,17148.37,9502.00
511.307895,17148.37,9488.00
511.408465,17148.37,9390.00
511.509052,17148.37,9438.00
511.609606,17148.37,9498.00
511.710257,17148.37,9502.00
511.810892,17148.37,9384.00
511.911456,17148.37,9502.00
512.012008,17148.37,9416.00
512.112773,17148.37,9398.00
512.213412,17148.37,9412.00
512.313950,17148.37,9496.00
512.414556,17148.37,9458.00
512.515094,17148.37,9486.00
512.615713,17148.37,9498.00
512.716313,17148.37,9484.00
512.816808,17148.37,9494.00
512.917609,17148.37,9400.00
513.018552,17148.37,9420.00
513.119423,17148.37,9420.00
513.220277,17148.37,9420.00
513.321181,17148.37,9420.00
513.421950,17148.37,9420.00
513.522944,17148.37,9420.00
513.623877,17148.37,9420.00
513.725009,17148.37,9420.00
513.826175,17148.37,9420.00
513.927483,17148.37,9420.00
514.028571,17148.37,9420.00
514.129843,17148.37,9420.00
514.231170,17148.37,9420.00
514.332237,17148.37,9420.00
514.433534,17148.37,9420.00
514.534488,17148.37,9420.00
514.635445,17148.37,9420.00
514.736370,17148.37,9420.00
514.837343,17148.37,9420.00
514.938296,17148.37,9420.00
515.039191,17148.37,9420.00
515.140162,17148.37,9420.00
515.240928,17148.38,8520.00
515.341510,17148.38,7042.00
515.442106,17148.38,7140.00
515.542671,17148.38,7014.00
515.643267,17148.38,7140.00
515.743880,17148.38,7028.00
515.844391,17148.38,7140.00
515.944923,17148.38,7140.00
516.045469,17148.38,7126.00
516.146175,17148.38,7028.00
516.246827,17148.38,7042.00
516.347478,17148.38,7140.00
516.448082,17148.38,7070.00
516.549006,17148.38,7140.00
516.649811,17148.38,7084.00
516.750724,17148.38,7042.00
516.851744,17148.38,7042.00
516.952737,17148.38,7042.00
517.053944,17148.38,7042.00
517.154902,17148.38,7042.00
517.255971,17148.38,7042.00
517.359181,17148.38,7042.00
517.460186,17148.38,7042.00
517.561338,17148.38,7042.00
517.662182,17148.38,7042.00
517.763051,17148.38,7042.00
517.864280,17148.38,7042.00
517.965133,17148.38,7042.00
518.066381,17148.38,7042.00
518.167244,17148.38,7042.00
518.268241,17148.38,7042.00
518.369354,17148.38,7042.00
518.470305,17148.38,7042.00
518.571170,17148.38,7042.00
518.672008,17148.38,7042.00
518.773166,17148.38,7042.00
518.874019,17148.38,7042.00
518.975019,17148.38,7042.00
519.075861,17148.38,7042.00
519.176717,17148.38,7220.00
519.277769,17148.38,7494.00
519.378815,17148.38,7830.00
519.479847,17148.38,8200.00
519.580691,17148.38,8488.00
519.681621,17148.38,8756.00
519.782489,17148.38,9064.00
519.883766,17148.38,9394.00
519.984523,17148.38,9390.00
520.085276,17148.38,9320.00
520.185960,17148.38,9390.00
520.286640,17148.38,9320.00
520.387235,17148.38,9362.00
520.487809,17148.38,9390.00
520.588551,17148.38,9306.00
520.689194,17148.38,9362.00
520.789753,17148.38,9348.00
520.890341,17148.38,9396.00
520.991123,17148.38,9320.00
521.091858,17098.62,9404.00
521.192494,17098.62,9390.00
521.293194,17098.62,9390.00
521.393899,17098.62,9404.00
521.494493,17098.62,9348.00
521.595155,17098.62,9306.00
521.695986,17098.62,9306.00
521.797008,17098.62,9306.00
521.898166,17098.62,9306.00
521.999023,17098.62,9306.00
522.099854,17098.62,9306.00
522.200529,17011.35,9306.00
522.301469,17011.35,9306.00
522.402781,17011.35,9306.00
522.503650,17011.35,9306.00
522.604949,17011.35,9306.00
522.705820,17011.35,9306.00
522.806773,17011.35,9306.00
522.907787,17011.35,9306.00
523.009091,17011.35,9306.00
523.110370,17011.35,9306.00
523.211233,17011.35,9306.00
523.312082,17011.35,9306.00
523.413340,17011.35,9306.00
523.514254,17011.35,9306.00
523.615110,17011.35,9306.00
523.715966,17011.35,9306.00
523.816937,17011.35,9306.00
523.917733,17011.35,9306.00
524.018533,17011.35,9306.00
524.119407,17011.35,9306.00
524.220282,17011.35,9306.00
524.321496,17011.35,9306.00
524.422785,17011.35,9306.00
524.523874,17011.35,9306.00
524.624735,17011.35,9306.00
524.725837,17011.35,9306.00
524.827050,17011.35,9306.00
524.927882,17011.35,9368.00
525.028573,17011.35,9406.00
525.129164,17011.35,9406.00
525.229762,17011.35,9420.00
525.330333,17011.35,9406.00
525.431201,17011.35,9292.00
525.531831,17011.35,9420.00
525.632423,17011.35,9406.00
525.733098,17011.35,9322.00
525.833676,17011.35,9420.00
525.934296,17011.35,9420.00
526.035018,17011.35,9384.00
526.135705,17011.35,9280.00
526.236388,17011.35,9420.00
526.337038,17011.35,9420.00
526.437641,17011.35,9364.00
526.538193,17011.35,9434.00
526.638799,17048.63,9294.00
526.739461,17073.57,9308.00
526.840095,17073.57,9406.00
526.940787,17073.57,9322.00
527.041717,17073.57,9322.00
527.142743,17073.57,9322.00
527.243570,17073.57,9322.00
527.344239,17073.57,9322.00
527.445009,17073.57,9322.00
527.545926,17073.57,9322.00
527.646817,17073.57,9322.00
527.747771,17073.57,9322.00
527.848677,17073.57,9322.00
527.950003,17073.57,9322.00
528.051194,17073.57,9322.00
528.152283,17073.57,9322.00
528.253209,17073.57,9322.00
528.354415,17073.57,9322.00
528.455330,17073.57,9322.00
528.556191,17073.57,9322.00
528.657060,17073.57,9322.00
528.757912,17073.57,9322.00
528.859145,17073.57,9322.00
528.960089,17073.57,9322.00
529.061395,17073.57,9322.00
529.162283,17073.57,9322.00
529.263662,17073.57,9322.00
529.364768,17073.57,9322.00
529.466154,17073.57,9322.00
529.567413,17073.57,9322.00
529.668822,17073.57,9322.00
529.769849,17073.57,9322.00
529.870821,17073.57,9322.00
529.972155,17073.57,9322.00
530.073346,17073.57,9322.00
530.174366,17073.57,9322.00
530.275683,17073.57,9322.00
530.376638,17073.57,9404.00
530.477313,17073.57,9432.00
530.577928,17073.57,9436.00
530.678545,17073.57,9354.00
530.779101,17073.57,9446.00
530.879644,17073.57,9436.00
530.980320,17073.57,9436.00
531.080893,17073.57,9434.00
531.181441,17073.57,9454.00
531.281975,17073.57,9446.00
531.382552,17073.57,9446.00
531.483154,17073.57,9406.00
531.584033,17073.57,9386.00
531.684892,17073.57,9432.00
531.785751,17073.57,9334.00
531.886691,17073.57,9418.00
531.987738,17073.57,9424.00
532.088608,17073.57,9422.00
532.189485,17073.57,9354.00
532.290329,17073.57,9356.00
532.391153,17073.57,9376.00
532.492312,17073.57,9418.00
532.593260,17023.82,9424.00
532.694108,17023.82,9440.00
532.795068,17023.82,9402.00
532.896021,17023.82,9434.00
532.996879,17023.82,9438.00
533.097749,17023.82,9352.00
533.198696,17023.82,9402.00
533.299800,17023.82,9402.00
533.400741,17023.82,9402.00
533.501454,17023.82,9402.00
533.602209,17023.82,9402.00
533.703077,17023.82,9402.00
533.804063,17023.82,9402.00
533.905313,17023.82,9402.00
534.006249,17023.82,9402.00
534.107275,17023.82,9402.00
534.208610,17023.82,9402.00
534.309769,17023.82,9402.00
534.411198,17023.82,9402.00
534.512129,17023.82,9402.00
534.613077,17023.82,9402.00
534.714203,17023.82,9402.00
534.815125,17023.82,9402.00
534.915744,17023.82,4706.00
535.016296,17023.82,4496.00
535.116906,17023.82,4496.00
535.217433,17023.82,4608.00
535.318043,17023.82,4606.00
535.418982,16973.95,4606.00
535.519596,16973.95,4606.00
535.620237,16973.95,4606.00
535.720871,16973.95,4606.00
535.821491,16973.95,4494.00
535.922093,16973.95,4480.00
536.022710,16973.95,4480.00
536.123304,16973.95,4494.00
536.223854,16973.95,4564.00
536.324453,16973.95,4578.00
536.425071,16973.95,4494.00
536.525881,16973.95,4480.00
536.626792,16973.95,4480.00
536.728062,16973.95,4480.00
536.829009,16973.95,4480.00
536.929862,16973.95,4480.00
537.031076,16973.95,4480.00
537.131933,16973.95,4480.00
537.232877,16973.95,4480.00
537.334317,16973.95,4480.00
537.435652,16973.95,4480.00
537.536689,16973.95,4480.00
537.637855,16973.95,4480.00
537.739192,16973.95,4768.00
537.840322,16973.95,5248.00
537.941539,16973.95,5640.00
538.042905,16973.95,5968.00
538.143990,16973.95,6332.00
538.244879,16973.95,6750.00
538.345895,16973.95,7094.00
538.447017,16973.95,7300.00
538.547885,16973.95,7622.00
538.648736,16973.95,7938.00
538.749630,16973.95,8364.00
538.850515,16973.95,8626.00
538.951475,16973.95,8894.00
539.052742,16973.95,9230.00
539.153427,16973.95,9398.00
539.254167,16973.95,9360.00
539.354764,16973.95,9374.00
539.455677,16973.95,9360.00
539.556282,16973.95,9474.00
539.656879,16973.95,9376.00
539.757483,16973.95,9320.00
539.858029,16973.95,9418.00
539.958646,16973.95,9460.00
540.059312,16973.95,9390.00
540.159866,16973.95,9360.00
540.260518,16986.29,9402.00
540.361152,17053.57,9458.00
540.461812,17073.57,9472.00
540.562456,17073.57,9458.00
540.663050,17073.57,9472.00
540.763591,17110.97,9472.00
540.864400,17110.97,9346.00
540.965110,17110.97,9346.00
541.065927,17110.97,9346.00
541.166772,17110.97,9346.00
541.267618,17110.97,9346.00
541.368334,17110.97,9346.00
541.469726,17110.97,9346.00
541.571099,17110.97,9346.00
541.672592,17110.97,9346.00
541.773565,17110.97,9346.00
541.874751,17110.97,9346.00
541.976086,17110.97,9346.00
542.077337,17110.97,9346.00
542.178306,17110.97,9346.00
542.279225,17110.97,9346.00
542.380599,17110.97,9346.00
542.481529,17110.97,9346.00
542.582876,17110.97,9346.00
542.683817,17110.97,9346.00
542.784898,17110.97,9346.00
542.886303,17110.97,9346.00
542.987681,17110.97,9346.00
543.089002,17110.97,9346.00
543.189929,17110.97,9346.00
543.290997,17110.97,9346.00
543.392290,17110.97,9346.00
543.493319,17110.97,9346.00
543.594306,17110.97,9346.00
543.695401,17110.97,9450.00
543.795996,17110.97,9470.00
543.896637,17110.97,9454.00
543.997231,17110.97,9428.00
544.097763,17110.97,9470.00
544.198533,17110.97,9470.00
544.299100,17110.97,9470.00
544.399774,17110.97,9470.00
544.500348,17110.97,9456.00
544.600883,17110.97,9470.00
544.701481,17110.97,9470.00
544.802053,17110.97,9470.00
544.902691,17110.97,9386.00
545.003307,17123.44,9386.00
545.103851,17135.91,9470.00
545.204500,17135.91,9470.00
545.305139,17135.91,9386.00
545.405812,17135.91,9386.00
545.506571,17135.91,9386.00
545.607326,17135.91,9386.00
545.707938,17135.91,9386.00
545.808503,17135.91,9386.00
545.909428,17135.91,9386.00
546.010391,17135.91,9386.00
546.111295,17135.91,9386.00
546.212668,17135.91,9386.00
546.314005,17135.91,9386.00
546.415091,17135.91,9386.00
546.516297,17135.91,9386.00
546.617314,17135.91,9386.00
546.718358,17135.91,9386.00
546.819272,17135.91,9386.00
546.920151,17135.91,9386.00
547.021507,17135.91,9386.00
547.122436,17135.91,9386.00
547.223366,17135.91,9386.00
547.324694,17135.91,9386.00
547.425661,17135.91,9386.00
547.526976,17135.91,9386.00
547.627937,17135.91,9386.00
547.728871,17135.91,9386.00
547.829832,17135.91,9386.00
547.930743,17135.91,9386.00
548.032062,17135.91,9386.00
548.133264,17135.91,9386.00
548.234007,17135.91,9424.00
548.334612,17135.91,9478.00
548.435145,17135.91,9422.00
548.535696,17135.91,9392.00
548.636261,17135.91,9496.00
548.736847,17135.91,9508.00
548.837376,17135.91,9494.00
548.938003,17135.91,9512.00
549.038631,17135.91,9480.00
549.139232,17135.91,9426.00
549.239949,17135.91,9508.00
549.340519,17135.91,9424.00
549.441159,17135.91,9410.00
549.541775,17148.38,9500.00
549.642369,17160.84,9508.00
549.743197,17160.84,9410.00
549.843835,17173.31,9508.00
549.944456,17173.31,9508.00
550.045076,17173.31,9410.00
550.145771,17173.31,9452.00
550.246506,17173.31,9494.00
550.347069,17185.78,9508.00
550.447787,17185.78,9508.00
550.548456,17185.78,9448.00
550.649141,17185.78,9470.00
550.749834,17185.78,9470.00
550.850759,17185.78,9470.00
550.951572,17185.78,9470.00
551.052314,17185.78,9470.00
551.153286,17185.78,9470.00
551.254282,17185.78,9470.00
551.355525,17185.78,9470.00
551.456594,17185.78,9470.00
551.558117,17185.78,9470.00
551.659261,17185.78,9470.00
551.760565,17185.78,9470.00
551.861778,17185.78,9470.00
551.962874,17185.78,9470.00
552.064191,17185.78,9470.00
552.165213,17185.78,9470.00
552.266533,17185.78,9470.00
552.367768,17185.78,9470.00
552.469011,17185.78,9470.00
552.569967,17185.78,9470.00
552.670996,17185.78,9470.00
552.772241,17185.78,9470.00
552.873353,17185.78,9470.00
552.974082,17185.78,7028.00
553.074672,17185.78,7140.00
553.175280,17185.78,7140.00
553.276024,17185.78,7140.00
553.376589,17185.78,7070.00
553.477187,17185.78,7070.00
553.577806,17185.78,7098.00
553.678613,17185.78,7140.00
553.779350,17185.78,7140.00
553.880016,17185.78,7140.00
553.980708,17185.78,7042.00
554.081366,17185.78,7028.00
554.182330,17185.78,7098.00
554.282946,17185.78,7098.00
554.383598,17185.78,7140.00
554.484418,17185.78,7042.00
554.585131,17185.78,7042.00
554.685895,17136.03,7042.00
554.786650,17136.03,7042.00
554.888032,17136.03,7042.00
554.988958,17136.03,7042.00
555.090296,17136.03,7042.00
555.191248,17136.03,7042.00
555.295254,17136.03,7042.00
555.396281,17136.03,7042.00
555.497798,17136.03,7042.00
555.598773,17136.03,7042.00
555.699885,17136.03,7042.00
555.801174,17136.03,7042.00
555.902354,17136.03,7042.00
556.003571,17136.03,7042.00
556.104943,17136.03,7042.00
556.205819,17136.03,7042.00
556.306725,17136.03,7042.00
556.407840,17136.03,7042.00
556.508838,17136.03,7042.00
556.609919,17136.03,7330.00
556.711046,17136.03,7734.00
556.812037,17136.03,8132.00
556.912999,17136.03,8488.00
557.014083,17136.03,8824.00
557.115033,17136.03,9256.00
557.215700,17136.03,9390.00
557.316335,17136.03,9390.00
557.417036,17136.03,9292.00
557.517697,17136.03,9334.00
557.618322,17136.03,9390.00
557.718871,17136.03,9320.00
557.819513,17136.03,9306.00
557.920126,17136.03,9376.00
558.020827,17136.03,9362.00
558.121555,17136.03,9390.00
558.222201,17136.03,9390.00
558.323848,17136.03,9390.00
558.425028,17136.03,9390.00
558.525895,17136.03,9334.00
558.627345,17136.03,9404.00
558.728053,17136.03,9404.00
558.828815,17136.03,9306.00
558.929630,17136.03,9306.00
559.030597,17136.03,9306.00
559.131577,17136.03,9306.00
559.232290,17136.03,9306.00
559.333086,17136.03,9306.00
559.434550,17136.03,9306.00
559.535873,17136.03,9306.00
559.636821,17136.03,9306.00
559.737753,17136.03,9306.00
559.839131,17136.03,9306.00
559.940354,17136.03,9306.00
560.041165,17136.03,9306.00
560.142530,17136.03,9306.00
560.244829,17136.03,9306.00
560.346474,17136.03,9306.00
560.448104,17136.03,9306.00
560.548971,17136.03,9306.00
560.650338,17136.03,9306.00
560.751676,17136.03,9306.00
560.853006,17136.03,9306.00
560.953952,17136.03,9306.00
561.055494,17136.03,9306.00
561.156878,17136.03,9306.00
561.257809,17136.03,9306.00
561.358762,17136.03,9306.00
561.459808,17136.03,9306.00
561.560958,17136.03,9306.00
561.661887,17136.03,9306.00
561.763429,17136.03,9306.00
561.864659,17136.03,9306.00
561.966043,17136.03,9368.00
562.066750,17086.16,9424.00
562.167409,17086.16,9420.00
562.268051,17086.16,9420.00
562.368685,17086.16,9424.00
562.469306,17086.16,9350.00
562.570054,17086.16,9280.00
562.670748,17086.16,9420.00
562.771387,17086.16,9322.00
562.872077,17086.16,9364.00
562.972791,17086.16,9406.00
563.073415,17086.16,9418.00
563.174015,17086.16,9420.00
563.274675,17086.16,9406.00
563.375404,17086.16,9420.00
563.476033,17086.16,9420.00
563.576616,17086.16,9294.00
563.677235,17086.16,9406.00
563.777894,17086.16,9420.00
563.878631,17086.16,9350.00
563.979312,17086.16,9294.00
564.080042,17086.16,9294.00
564.180881,17086.16,9294.00
564.281693,17086.16,9294.00
564.382381,17086.16,9294.00
564.483112,17086.16,9294.00
564.584259,17086.16,9294.00
564.685434,17086.16,9294.00
564.786363,17086.16,9294.00
564.887746,17086.16,9294.00
564.988730,17086.16,9294.00
565.089648,17086.16,9294.00
565.190813,17086.16,9294.00
565.292295,17086.16,9294.00
565.393400,17086.16,9294.00
565.494563,17086.16,9294.00
565.595953,17086.16,9294.00
565.697061,17086.16,9294.00
565.797980,17086.16,9294.00
565.898974,17086.16,9294.00
566.000078,17086.16,9294.00
566.101016,17086.16,9294.00
566.202018,17086.16,9294.00
566.303910,17086.16,9294.00
566.404950,17086.16,9294.00
566.506251,17086.16,9294.00
566.607325,17086.16,9294.00
566.708492,17086.16,9294.00
566.809425,17086.16,9294.00
566.910039,17086.16,9446.00
567.010637,17086.16,9444.00
567.111372,17086.16,9350.00
567.212021,17035.25,9442.00
567.312765,17035.25,9442.00
567.413437,17035.25,9390.00
567.514013,17035.25,9454.00
567.614722,17035.25,9462.00
567.715353,17035.25,9458.00
567.815975,17035.25,9458.00
567.916881,17035.25,9432.00
568.017903,17035.25,9450.00
568.118760,17035.25,9400.00
568.219644,17035.25,9384.00
568.320550,17035.25,9430.00
568.421393,17035.25,9460.00
568.522355,17035.25,9460.00
568.623193,17035.25,9456.00
568.724089,17035.25,9384.00
568.825002,17035.25,9456.00
568.925817,17035.25,9460.00
569.026572,17035.25,9352.00
569.127243,17035.25,9460.00
569.227851,17035.25,9404.00
569.328531,17035.25,9374.00
569.429162,17035.25,9404.00
569.529975,17035.25,9366.00
569.631064,17035.25,9438.00
569.731784,17035.25,9438.00
569.832599,17035.25,9438.00
569.933312,17035.25,9438.00
570.034341,17035.25,9438.00
570.135254,17035.25,9438.00
570.236410,17035.25,9438.00
570.337537,17035.25,9438.00
570.438645,17035.25,9438.00
570.539612,17035.25,9438.00
570.640907,17035.25,9438.00
570.742449,17035.25,9438.00
570.843354,17035.25,9438.00
570.944350,17035.25,9438.00
571.045356,17035.25,9438.00
571.146660,17035.25,9438.00
571.247782,17035.25,9438.00
571.348949,17035.25,9438.00
571.450028,17035.25,9438.00
571.550712,17035.25,6008.00
571.651322,17035.25,4566.00
571.751974,17035.25,4608.00
571.852579,17035.25,4510.00
571.953181,17035.25,4538.00
572.053748,17035.25,4608.00
572.154346,17035.25,4496.00
572.254902,17035.25,4538.00
572.355483,17035.25,4496.00
572.456138,17035.25,4608.00
572.556733,17035.25,4510.00
572.657359,17035.25,4496.00
572.757980,17035.25,4524.00
572.858552,17035.25,4566.00
572.959110,17035.25,4496.00
573.059809,17035.25,4608.00
573.160441,17035.25,4482.00
573.261068,17035.25,4482.00
573.361678,17035.25,4482.00
573.462611,17035.25,4482.00
573.563650,17035.25,4482.00
573.664529,17035.25,4482.00
573.765832,17035.25,4482.00
573.867045,17035.25,4482.00
573.968441,17035.25,4482.00
574.069745,17035.25,4482.00
574.170907,17035.25,4482.00
574.271937,17035.25,4482.00
574.373190,17035.25,4482.00
574.474540,17035.25,4736.00
574.575432,17035.25,5202.00
574.676759,17035.25,5552.00
574.777791,17035.25,5840.00
574.879150,17035.25,6162.00
574.980463,17035.25,6594.00
575.081746,17035.25,6972.00
575.183090,17035.25,7268.00
575.284429,17035.25,7542.00
575.385786,17035.25,7926.00
575.486728,17035.25,8366.00
575.587731,17035.25,8642.00
575.688639,17035.25,8944.00
575.789428,17035.25,9396.00
575.890121,17035.25,9334.00
575.990754,17035.25,9418.00
576.091408,17035.25,9390.00
576.192010,17035.25,9362.00
576.292776,17035.25,9460.00
576.393627,17035.25,9418.00
576.494455,17035.25,9404.00
576.595303,17035.25,9348.00
576.696128,17035.25,9376.00
576.796907,17035.25,9460.00
576.897464,17035.25,9432.00
576.998035,17035.25,9390.00
577.098638,17097.46,9334.00
577.199274,17097.46,9362.00
577.299956,17122.40,9460.00
577.400569,17122.40,9362.00
577.501205,17122.40,9460.00
577.601869,17122.40,9348.00
577.702511,17122.40,9348.00
577.803437,17122.40,9348.00
577.904462,17072.65,9348.00
578.005341,17072.65,9348.00
578.106340,17072.65,9348.00
578.207662,17072.65,9348.00
578.313078,17072.65,9348.00
578.414120,17072.65,9348.00
578.518374,17072.65,9348.00
578.619726,17072.65,9348.00
578.720675,17072.65,9348.00
578.821861,17072.65,9348.00
578.923372,17072.65,9348.00
579.024646,17072.65,9348.00
579.125557,17072.65,9348.00
579.226733,17072.65,9348.00
579.328010,17072.65,9348.00
579.428954,17072.65,9348.00
579.529913,17072.65,9348.00
579.631106,17072.65,9348.00
579.732262,17072.65,9348.00
579.833228,17072.65,9348.00
579.934339,17072.65,9348.00
580.035431,17072.65,9348.00
580.136765,17072.65,9348.00
580.237932,17072.65,9348.00
580.338939,17072.65,9348.00
580.439715,17072.65,9540.00
580.540428,17072.65,9456.00
580.641053,17072.65,9484.00
580.741716,17072.65,9470.00
580.842418,17072.65,9470.00
580.943112,17072.65,9484.00
581.043781,17072.65,9384.00
581.144477,17072.65,9470.00
581.245100,17072.65,9386.00
581.345762,17072.65,9414.00
581.446401,17072.65,9470.00
581.547046,17072.65,9400.00
581.647690,17072.65,9470.00
581.748397,17072.65,9386.00
581.848955,17097.46,9386.00
581.949545,17147.34,9456.00
582.050340,17147.34,9442.00
582.151091,17147.34,9400.00
582.251947,17147.34,9400.00
582.352705,17147.34,9400.00
582.453489,17147.34,9400.00
582.554292,17147.34,9400.00
582.654922,17147.34,9400.00
582.755887,17147.34,9400.00
582.857318,17147.34,9400.00
582.958506,17147.34,9400.00
583.059803,17147.34,9400.00
583.162486,17147.34,9400.00
583.265070,17147.34,9400.00
583.366011,17147.34,9400.00
583.467448,17147.34,9400.00
583.569093,17147.34,9400.00
583.670418,17147.34,9400.00
583.772132,17147.34,9400.00
583.873337,17147.34,9400.00
583.974798,17147.34,9400.00
584.076246,17147.34,9400.00
584.177678,17147.34,9400.00
584.278689,17147.34,9400.00
584.380087,17147.34,9400.00
584.481007,17147.34,9400.00
584.581972,17147.34,9400.00
584.683346,17147.34,9400.00
584.784560,17147.34,9400.00
584.885671,17147.34,9400.00
584.986665,17147.34,9400.00
585.087601,17147.34,9400.00
585.189441,17147.34,9414.00
585.290070,17147.34,9502.00
585.390664,17147.34,9466.00
585.491319,17147.34,9492.00
585.591938,17147.34,9496.00
585.692612,17147.34,9494.00
585.793404,17147.34,9396.00
585.894014,17147.34,9494.00
585.994578,17147.34,9500.00
586.095185,17147.34,9500.00
586.196112,17147.34,9482.00
586.296933,17147.34,9370.00
586.397728,17147.34,9500.00
586.498478,17097.59,9440.00
586.599191,17097.59,9384.00
586.699947,17097.59,9474.00
586.800678,17097.59,9500.00
586.901364,17097.59,9410.00
587.002082,17097.59,9368.00
587.102691,17097.59,9498.00
587.203447,17097.59,9370.00
587.304052,17097.59,9412.00
587.404671,17097.59,9498.00
587.505357,17097.59,9494.00
587.606124,17097.59,9502.00
587.706964,17097.59,9422.00
587.807735,17097.59,9444.00
587.908799,17097.59,9444.00
588.009780,17097.59,9444.00
588.110851,17097.59,9444.00
588.211725,17097.59,9444.00
588.313059,17097.59,9444.00
588.414380,17097.59,9444.00
588.515663,17097.59,9444.00
588.617063,17097.59,9444.00
588.718320,17097.59,9444.00
588.819268,17097.59,9444.00
588.920229,17097.59,9444.00
589.021371,17097.59,9444.00
589.122349,17097.59,9444.00
589.223326,17097.59,9444.00
589.324772,17097.59,9444.00
589.425690,17097.59,9444.00
589.526689,17097.59,9444.00
589.628049,17097.59,9444.00
589.729118,17097.59,9444.00
589.830502,17097.59,9444.00
589.931485,17097.59,9444.00
590.032410,17097.59,9444.00
590.133027,17097.59,7140.00
590.233838,17097.59,7140.00
590.334517,17097.59,7070.00
590.435099,17097.59,7084.00
590.535910,17097.59,7140.00
590.636574,17097.59,7140.00
590.737338,17097.59,7070.00
590.837968,17097.59,7098.00
590.938538,17097.59,7084.00
591.039289,17097.59,7140.00
591.139907,17097.59,7070.00
591.240596,17097.59,7014.00
591.341199,17097.59,7140.00
591.442052,17097.59,7140.00
591.542749,17097.59,7028.00
591.643384,17097.59,7056.00
591.744008,17097.59,7042.00
591.844626,17097.59,7042.00
591.945460,17097.59,7042.00
592.046178,17097.59,7042.00
592.148635,17097.59,7042.00
592.250386,17097.59,7042.00
592.351432,17097.59,7042.00
592.452346,17097.59,7042.00
592.553184,17097.59,7042.00
592.654314,17097.59,7042.00
592.755398,17097.59,7042.00
592.856748,17097.59,7042.00
592.957606,17097.59,7042.00
593.058867,17097.59,7042.00
593.160181,17097.59,7042.00
593.261084,17097.59,7042.00
593.362208,17097.59,7042.00
593.463064,17097.59,7042.00
593.563924,17097.59,7042.00
593.664784,17097.59,7042.00
593.766033,17097.59,7042.00
593.866928,17097.59,7042.00
593.967881,17097.59,7042.00
594.069119,17097.59,7042.00
594.170328,17097.59,7200.00
594.271166,17097.59,7398.00
594.372208,17097.59,7734.00
594.473053,17097.59,8098.00
594.573896,17097.59,8406.00
594.674768,17097.59,8674.00
594.775853,17097.59,8934.00
594.877263,17097.59,9256.00
594.977944,17097.59,9376.00
595.078647,17097.59,9376.00
595.179275,17097.59,9318.00
595.279944,17097.59,9390.00
595.380603,17097.59,9390.00
595.481214,17097.59,9334.00
595.581854,17097.59,9390.00
595.682567,17097.59,9390.00
595.783118,17097.59,9390.00
595.884034,17097.59,9404.00
595.984843,17097.59,9404.00
596.085538,17097.59,9390.00
596.186473,17097.59,9320.00
596.287030,17097.59,9334.00
596.387640,17097.59,9390.00
596.488397,17097.59,9306.00
596.589167,17097.59,9306.00
596.689889,17097.59,9306.00
596.790576,17097.59,9306.00
596.891416,17047.71,9306.00
596.992335,17047.71,9306.00
597.093268,17047.71,9306.00
597.194053,17047.71,9306.00
597.294920,17047.71,9306.00
597.395829,17047.71,9306.00
597.497121,17047.71,9306.00
597.598384,17047.71,9306.00
597.699298,17047.71,9306.00
597.801286,17047.71,9306.00
597.902124,17047.71,9306.00
598.003382,17047.71,9306.00
598.104679,17047.71,9306.00
598.206191,17047.71,9306.00
598.307517,17047.71,9306.00
598.408978,17047.71,9306.00
598.510086,17047.71,9306.00
598.611462,17047.71,9306.00
598.712362,17047.71,9306.00
598.813252,17047.71,9306.00
598.914532,17047.71,9306.00
599.015444,17047.71,9306.00
599.116432,17047.71,9306.00
599.217274,17047.71,9306.00
599.318142,17047.71,9306.00
599.419047,17047.71,9306.00
599.520343,17047.71,9306.00
599.621372,17047.71,9306.00
599.722671,17047.71,9306.00
599.823976,17047.71,9368.00
599.924686,17047.71,9406.00
600.025465,17047.71,9278.00
600.126177,17047.71,9406.00
600.226845,17047.71,9378.00
600.327495,17047.71,9278.00
600.428339,17047.71,9406.00
600.529287,17047.71,9364.00
600.630918,17047.71,9278.00
600.731602,17047.71,9306.00
600.832256,17047.71,9420.00
600.932872,17047.71,9364.00
601.033457,17047.71,9420.00
601.134129,17047.71,9294.00
601.234756,17047.71,9418.00
601.335491,17047.71,9418.00
601.436129,17047.71,9308.00
601.536821,17047.71,9420.00
601.637524,17047.71,9308.00
601.738173,17047.71,9350.00
601.838876,17047.71,9294.00
601.939687,17047.71,9294.00
602.040365,17047.71,9294.00
602.141057,17047.71,9294.00
602.241846,17047.71,9294.00
602.342642,17047.71,9294.00
602.444110,16997.84,9294.00
602.545398,16997.84,9294.00
602.646484,16997.84,9294.00
602.747616,16997.84,9294.00
602.848888,16997.84,9294.00
602.950179,16997.84,9294.00
603.051532,16997.84,9294.00
603.152877,16997.84,9294.00
603.254081,16997.84,9294.00
603.355390,16997.84,9294.00
603.456834,16997.84,9294.00
603.558065,16997.84,9294.00
603.659158,16997.84,9294.00
603.760069,16997.84,9294.00
603.861190,16997.84,9294.00
603.962166,16997.84,9294.00
604.063273,16997.84,9294.00
604.164191,16997.84,9294.00
604.265150,16997.84,9294.00
604.366090,16997.84,9294.00
604.467144,16997.84,9294.00
604.568609,16997.84,9294.00
604.669598,16997.84,9294.00
604.770272,16997.84,9442.00
604.870927,16997.84,9374.00
604.971566,16997.84,9440.00
605.072417,16997.84,9360.00
605.173265,16997.84,9444.00
605.274183,16997.84,9430.00
605.375031,16997.84,9432.00
605.475811,16997.84,9350.00
605.576489,16997.84,9444.00
605.677247,16997.84,9448.00
605.777882,16997.84,9426.00
605.878483,16997.84,9442.00
605.979269,16997.84,9336.00
606.079903,16997.84,9440.00
606.180657,16997.84,9350.00
606.281407,16997.84,9440.00
606.382101,16997.84,9442.00
606.482812,16997.84,9442.00
606.583406,16997.84,9338.00
606.684116,16997.84,9350.00
606.784772,16997.84,9408.00
606.885594,16997.84,9336.00
606.986633,16997.84,9436.00
607.087497,16997.84,9446.00
607.188612,16997.84,9370.00
607.289620,16997.84,9442.00
607.390479,16997.84,9442.00
607.491534,16997.84,9444.00
607.592605,16997.84,9444.00
607.693601,16997.84,9444.00
607.794661,16997.84,9444.00
607.895746,16997.84,9444.00
607.996661,16997.84,9444.00
608.097590,16997.84,9444.00
608.198518,16997.84,9444.00
608.299451,16997.84,9444.00
608.400827,16997.84,9444.00
608.501846,16997.84,9444.00
608.603199,16997.84,9444.00
608.704201,16997.84,9444.00
608.805371,16997.84,9444.00
608.906652,16997.84,9444.00
609.007847,16997.84,9444.00
609.108845,16997.84,9444.00
609.209456,16997.84,6686.00
609.310128,16997.84,4608.00
609.410668,16997.84,4510.00
609.511242,16997.84,4496.00
609.612151,16997.84,4496.00
609.712979,16997.84,4580.00
609.813890,16997.84,4482.00
609.914759,16997.84,4510.00
610.015618,16997.84,4608.00
610.116554,16997.84,4510.00
610.217421,16997.84,4510.00
610.318251,16997.84,4594.00
610.418857,16997.84,4538.00
610.519445,16997.84,4594.00
610.620118,16997.84,4608.00
610.720770,16997.84,4482.00
610.821397,16997.84,4482.00
610.922051,16997.84,4482.00
611.022749,16997.84,4482.00
611.124241,16997.84,4482.00
611.225300,16997.84,4482.00
611.326131,16997.84,4482.00
611.426881,16997.84,4482.00
611.528082,16997.84,4482.00
611.628971,16997.84,4482.00
611.730170,16997.84,4482.00
611.831000,16997.84,4482.00
611.931829,16997.84,4482.00
612.033069,16997.84,4482.00
612.134352,16997.84,4482.00
612.235172,16997.84,4482.00
612.336043,16997.84,4736.00
612.436892,16997.84,5038.00
612.538135,16997.84,5394.00
612.638996,16997.84,5662.00
612.739802,16997.84,5936.00
612.840825,16997.84,6162.00
612.941751,16997.84,6546.00
613.042592,16997.84,6882.00
613.143878,16997.84,7110.00
613.244702,16997.84,7336.00
613.345852,16997.84,7686.00
613.446806,16997.84,7926.00
613.547872,16997.84,8276.00
613.652469,16997.84,8580.00
613.753598,16997.84,8868.00
613.855056,16997.84,9164.00
613.956016,16997.84,9458.00
614.056914,16997.84,9472.00
614.157541,16997.84,9458.00
614.258283,16997.84,9472.00
614.358961,16997.84,9458.00
614.459643,16997.84,9458.00
614.560291,16997.84,9430.00
614.660886,16997.84,9346.00
614.761507,17010.18,9346.00
614.862202,17060.06,9332.00
614.962809,17097.46,9458.00
615.063528,17109.93,9474.00
615.164178,17122.40,9474.00
615.264938,17170.56,9474.00
615.365652,17184.74,9460.00
615.466406,17209.68,9474.00
615.566964,17259.55,9474.00
615.667590,17273.49,9460.00
615.768412,17284.48,9348.00
615.869081,17284.48,9348.00
615.969905,17284.48,9348.00
616.070747,17284.48,9348.00
616.171546,17284.48,9348.00
616.272337,17284.48,9348.00
616.373523,17284.48,9348.00
616.474853,17284.48,9348.00
616.576102,17284.48,9348.00
616.677133,17284.48,9348.00
616.778100,17284.48,9348.00
616.878959,17284.48,9348.00
616.980209,17284.48,9348.00
617.081118,17284.48,9348.00
617.182363,17284.48,9348.00
617.283288,17284.48,9348.00
617.384571,17284.48,9348.00
617.486070,17284.48,9348.00
617.587180,17284.48,9348.00
617.689867,17284.48,9348.00
617.791087,17284.48,9348.00
617.892028,17284.48,9348.00
617.993228,17284.48,9348.00
618.094717,17284.48,9348.00
618.195675,17284.48,9348.00
618.296680,17284.48,9348.00
618.397979,17284.48,9348.00
618.498921,17284.48,9348.00
618.600059,17284.48,9348.00
618.700999,17284.48,9348.00
618.802369,17284.48,9348.00
618.903714,17284.48,9348.00
619.004677,17284.48,9348.00
619.106028,17284.48,9486.00
619.206765,17284.48,9398.00
619.307407,17284.48,9470.00
619.408066,17284.48,9470.00
619.508668,17284.48,9442.00
619.609323,17284.48,9470.00
619.710191,17284.48,9470.00
619.810853,17284.48,9470.00
619.911557,17284.48,9400.00
620.012319,17284.48,9470.00
620.113015,17284.48,9472.00
620.213875,17284.48,9430.00
620.314577,17309.42,9458.00
620.415279,17309.42,9472.00
620.515942,17309.42,9458.00
620.616516,17309.42,9444.00
620.717251,17309.42,9388.00
620.818058,17309.42,9402.00
620.918982,17309.42,9402.00
621.020026,17309.42,9402.00
621.121234,17309.42,9402.00
621.222196,17309.42,9402.00
621.323249,17309.42,9402.00
621.424793,17309.42,9402.00
621.526354,17309.42,9402.00
621.628065,17309.42,9402.00
621.731191,17309.42,9402.00
621.832114,17309.42,9402.00
621.933493,17309.42,9402.00
622.034459,17309.42,9402.00
622.135597,17309.42,9402.00
622.237191,17309.42,9402.00
622.339123,17309.42,9402.00
622.440202,17309.42,9402.00
622.541328,17309.42,9402.00
622.642435,17309.42,9402.00
622.743405,17309.42,9402.00
622.844547,17309.42,9402.00
622.945955,17309.42,9402.00
623.046922,17309.42,9402.00
623.148052,17309.42,9402.00
623.249112,17309.42,9402.00
623.350062,17309.42,9402.00
623.451327,17309.42,9402.00
623.552492,17309.42,9402.00
623.653938,17309.42,9402.00
623.754713,17309.42,9496.00
623.855510,17309.42,9468.00
623.956127,17309.42,9486.00
624.056990,17309.42,9482.00
624.157690,17309.42,9494.00
624.258304,17309.42,9514.00
624.359059,17309.42,9482.00
624.459767,17309.42,9500.00
624.560573,17309.42,9496.00
624.661427,17309.42,9384.00
624.762036,17309.42,9426.00
624.862691,17309.42,9496.00
624.963309,17309.42,9496.00
625.064001,17309.42,9384.00
625.164573,17259.68,9384.00
625.265270,17259.68,9384.00
625.365889,17259.68,9494.00
625.466956,17259.68,9404.00
625.567879,17272.02,9488.00
625.668511,17272.02,9502.00
625.769154,17296.95,9412.00
625.870015,17309.42,9384.00
625.970848,17309.42,9494.00
626.072006,17309.42,9492.00
626.172851,17309.42,9494.00
626.273760,17309.42,9436.00
626.374712,17309.42,9436.00
626.475640,17309.42,9436.00
626.576649,17309.42,9436.00
626.677489,17309.42,9436.00
626.778195,17309.42,9436.00
626.879414,17309.42,9436.00
626.980376,17309.42,9436.00
627.081650,17309.42,9436.00
627.182892,17309.42,9436.00
627.284109,17309.42,9436.00
627.385403,17309.42,9436.00
627.486618,17309.42,9436.00
627.587686,17309.42,9436.00
627.688660,17309.42,9436.00
627.789667,17309.42,9436.00
627.890975,17309.42,9436.00
627.991948,17309.42,9436.00
628.093057,17309.42,9436.00
628.194121,17309.42,9436.00
628.295073,17309.42,9436.00
628.396189,17309.42,9436.00
628.497287,17309.42,9436.00
628.597942,17309.42,7042.00
628.698606,17309.42,7028.00
628.799156,17309.42,7070.00
628.899828,17309.42,7028.00
629.000492,17309.42,7028.00
629.101092,17309.42,7042.00
629.201693,17309.42,7070.00
629.302365,17309.42,7140.00
629.403078,17309.42,7028.00
629.504023,17309.42,7140.00
629.604943,17309.42,7140.00
629.705863,17309.42,7042.00
629.806708,17309.42,7042.00
629.907754,17309.42,7056.00
630.008762,17309.42,7140.00
630.109661,17309.42,7126.00
630.210557,17309.42,7042.00
630.311524,17309.42,7042.00
630.412435,17309.42,7042.00
630.513557,17309.42,7042.00
630.615203,17309.42,7042.00
630.717251,17309.42,7042.00
630.820011,17309.42,7042.00
630.924209,17309.42,7042.00
631.025080,17309.42,7042.00
631.125960,17309.42,7042.00
631.226866,17309.42,7042.00
631.328118,17309.42,7042.00
631.429445,17309.42,7042.00
631.530355,17309.42,7042.00
631.632487,17309.42,7042.00
631.733627,17309.42,7042.00
631.834512,17309.42,7042.00
631.935386,17309.42,7042.00
632.036281,17309.42,7042.00
632.137141,17309.42,7042.00
632.240246,17309.42,7042.00
632.342204,17309.42,7042.00
632.443335,17309.42,7042.00
632.544188,17309.42,7042.00
632.645351,17309.42,7042.00
632.746489,17309.42,7282.00
632.847837,17309.42,7590.00
632.948763,17309.42,7940.00
633.049994,17309.42,8296.00
633.150813,17309.42,8578.00
633.251683,17309.42,8776.00
633.352602,17309.42,9112.00
633.453845,17309.42,9442.00
633.554505,17309.42,9306.00
633.655231,17259.68,9320.00
633.755896,17259.68,9334.00
633.856550,17259.68,9404.00
633.957110,17259.68,9376.00
634.057716,17259.68,9390.00
634.158316,17259.68,9404.00
634.258906,17259.68,9320.00
634.359525,17259.68,9404.00
634.460136,17259.68,9390.00
634.560965,17259.68,9292.00
634.661904,17259.68,9292.00
634.762708,17259.68,9334.00
634.863356,17259.68,9306.00
634.964073,17259.68,9306.00
635.064865,17259.68,9306.00
635.165721,17259.68,9306.00
635.266411,17259.68,9306.00
635.367230,17259.68,9306.00
635.467944,17259.68,9306.00
635.569149,17259.68,9306.00
635.670210,17259.68,9306.00
635.771255,17259.68,9306.00
635.872513,17259.68,9306.00
635.973500,17259.68,9306.00
636.074417,17259.68,9306.00
636.175575,17259.68,9306.00
636.276542,17259.68,9306.00
636.377967,17259.68,9306.00
636.478991,17259.68,9306.00
636.580061,17259.68,9306.00
636.681178,17259.68,9306.00
636.782180,17259.68,9306.00
636.883120,17259.68,9306.00
636.984116,17259.68,9306.00
637.085017,17259.68,9306.00
637.186492,17259.68,9306.00
637.287533,17259.68,9306.00
637.388795,17259.68,9306.00
637.489705,17259.68,9306.00
637.590609,17259.68,9306.00
637.692046,17259.68,9306.00
637.793016,17259.68,9306.00
637.893990,17259.68,9306.00
637.994818,17259.68,9306.00
638.095519,17259.68,9308.00
638.196132,17259.68,9420.00
638.296737,17259.68,9406.00
638.397339,17259.68,9364.00
638.497970,17259.68,9426.00
638.598580,17259.68,9378.00
638.699192,17259.68,9406.00
638.799957,17259.68,9308.00
638.900738,17209.80,9308.00
639.001430,17209.80,9308.00
639.102188,17209.80,9420.00
639.202868,17209.80,9420.00
639.303489,17209.80,9420.00
639.404126,17209.80,9336.00
639.504772,17209.80,9308.00
639.605379,17209.80,9426.00
639.706019,17209.80,9392.00
639.806684,17209.80,9322.00
639.907399,17209.80,9308.00
640.008393,17209.80,9308.00
640.109707,17209.80,9308.00
640.210810,17209.80,9308.00
640.311812,17209.80,9308.00
640.412760,17209.80,9308.00
640.513730,17209.80,9308.00
640.614644,17209.80,9308.00
640.715870,17209.80,9308.00
640.817230,17209.80,9308.00
640.918163,17209.80,9308.00
641.019196,17209.80,9308.00
641.120150,17209.80,9308.00
641.221232,17209.80,9308.00
641.322446,17209.80,9308.00
641.423775,17209.80,9308.00
641.524707,17209.80,9308.00
641.626019,17209.80,9308.00
641.726967,17209.80,9308.00
641.828189,17209.80,9308.00
641.929078,17209.80,9308.00
642.030213,17209.80,9308.00
642.131511,17209.80,9308.00
642.232732,17209.80,9308.00
642.333974,17209.80,9308.00
642.434995,17209.80,9308.00
642.536089,17209.80,9308.00
642.637433,17209.80,9308.00
642.738584,17209.80,9308.00
642.839351,17209.80,9340.00
642.939893,17209.80,9444.00
643.040816,17209.80,9442.00
643.141749,17209.80,9448.00
643.242799,17209.80,9444.00
643.343778,17209.80,9462.00
643.444572,17209.80,9442.00
643.545257,17209.80,9448.00
643.646085,17209.80,9446.00
643.746660,17209.80,9444.00
643.847350,17209.80,9444.00
643.947954,17209.80,9438.00
644.048628,17209.80,9438.00
644.149385,17209.80,9442.00
644.250146,17159.93,9438.00
644.350772,17159.93,9448.00
644.451444,17159.93,9372.00
644.552289,17159.93,9402.00
644.653086,17159.93,9442.00
644.753928,17159.93,9354.00
644.854752,17159.93,9446.00
644.955567,17159.93,9354.00
645.056118,17159.93,9446.00
645.157087,17159.93,9444.00
645.257697,17159.93,9414.00
645.358306,17159.93,9354.00
645.459183,17159.93,9446.00
645.559881,17159.93,9446.00
645.660739,17159.93,9446.00
645.761625,17159.93,9446.00
645.862626,17159.93,9446.00
645.963390,17184.74,9446.00
646.065107,17197.21,9446.00
646.166299,17197.21,9446.00
646.267692,17197.21,9446.00
646.369031,17197.21,9446.00
646.470568,17197.21,9446.00
646.571721,17197.21,9446.00
646.673261,17197.21,9446.00
646.774686,17197.21,9446.00
646.876207,17197.21,9446.00
646.977369,17197.21,9446.00
647.078931,17197.21,9446.00
647.180208,17197.21,9446.00
647.280865,17197.21,4576.00
647.381610,17197.21,4618.00
647.482264,17197.21,4618.00
647.582848,17197.21,4618.00
647.683412,17197.21,4576.00
647.783929,17197.21,4478.00
647.884546,17197.21,4618.00
647.985183,17197.21,4492.00
648.085832,17197.21,4618.00
648.186460,17197.21,4618.00
648.287050,17197.21,4506.00
648.387674,17197.21,4506.00
648.488799,17197.21,4618.00
648.589662,17197.21,4548.00
648.690426,17197.21,4548.00
648.790988,17197.21,4618.00
648.891637,17197.21,4492.00
648.992319,17197.21,4492.00
649.092963,17197.21,4492.00
649.194361,17197.21,4492.00
649.295279,17197.21,4492.00
649.396141,17197.21,4492.00
649.497140,17197.21,4492.00
649.598020,17197.21,4492.00
649.698956,17197.21,4492.00
649.799924,17197.21,4492.00
649.900772,17197.21,4492.00
650.001773,17197.21,4492.00
650.102740,17197.21,4492.00
650.203625,17197.21,4732.00
650.304720,17197.21,5150.00
650.405621,17197.21,5548.00
650.506491,17197.21,5836.00
650.607756,17197.21,6158.00
650.708618,17197.21,6570.00
650.809879,17197.21,6968.00
650.910736,17197.21,7284.00
651.011693,17197.21,7586.00
651.112543,17197.21,7984.00
651.213430,17197.21,8404.00
651.314674,17197.21,8638.00
651.415711,17197.21,8926.00
651.516688,17197.21,9310.00
651.617371,17197.21,9460.00
651.717991,17197.21,9346.00
651.818638,17197.21,9362.00
651.919195,17197.21,9474.00
652.019806,17197.21,9458.00
652.120530,17197.21,9346.00
652.221091,17197.21,9376.00
652.321812,17197.21,9460.00
652.422605,17197.21,9460.00
652.523309,17234.61,9348.00
652.623914,17284.48,9390.00
652.724600,17309.42,9432.00
652.825261,17360.53,9474.00
652.925871,17384.23,9362.00
653.026430,17434.11,9432.00
653.127092,17446.57,9460.00
653.227739,17459.04,9474.00
653.328477,17459.04,9348.00
653.429366,17459.04,9348.00
653.530091,17459.04,9348.00
653.630963,17459.04,9348.00
653.731887,17459.04,9348.00
653.832805,17459.04,9348.00
653.934127,17459.04,9348.00
654.035416,17459.04,9348.00
654.136337,17459.04,9348.00
654.237207,17459.04,9348.00
654.338175,17459.04,9348.00
654.439144,17459.04,9348.00
654.540250,17459.04,9348.00
654.641686,17459.04,9348.00
654.742920,17459.04,9348.00
654.843877,17459.04,9348.00
654.944862,17459.04,9348.00
655.046125,17459.04,9348.00
655.147454,17459.04,9348.00
655.248931,17459.04,9348.00
655.351107,17459.04,9348.00
655.452157,17459.04,9348.00
655.553587,17459.04,9348.00
655.655089,17459.04,9348.00
655.756462,17459.04,9348.00
655.857585,17459.04,9348.00
655.959041,17459.04,9348.00
656.060333,17459.04,9348.00
656.161550,17459.04,9348.00
656.262720,17459.04,9348.00
656.363505,17459.04,9400.00
656.464262,17459.04,9400.00
656.564966,17459.04,9470.00
656.665697,17459.04,9470.00
656.766396,17459.04,9470.00
656.867383,17459.04,9470.00
656.968421,17459.04,9484.00
657.069360,17459.04,9470.00
657.170302,17459.04,9470.00
657.271328,17459.04,9400.00
657.372228,17459.04,9470.00
657.473168,17459.04,9470.00
657.574440,17459.04,9400.00
657.675371,17459.04,9486.00
657.776235,17459.04,9472.00
657.877190,17459.04,9458.00
657.978389,17459.04,9402.00
658.079341,17459.04,9402.00
658.180372,17459.04,9402.00
658.281437,17459.04,9402.00
658.382545,17409.29,9402.00
658.483852,17409.29,9402.00
658.584740,17409.29,9402.00
658.685830,17409.29,9402.00
658.786738,17409.29,9402.00
658.887855,17409.29,9402.00
658.988849,17409.29,9402.00
659.090358,17409.29,9402.00
659.191328,17409.29,9402.00
659.292231,17409.29,9402.00
659.393191,17409.29,9402.00
659.494510,17409.29,9402.00
659.595513,17409.29,9402.00
659.696578,17409.29,9402.00
659.797483,17409.29,9402.00
659.898482,17409.29,9402.00
659.999880,17409.29,9402.00
660.101003,17409.29,9402.00
660.202179,17409.29,9402.00
660.303716,17409.29,9402.00
660.404615,17409.29,9402.00
660.505985,17409.29,9402.00
660.606951,17409.29,9402.00
660.707872,17409.29,9402.00
660.809251,17409.29,9402.00
660.910615,17409.29,9402.00
661.011311,17409.29,9396.00
661.112016,17409.29,9384.00
661.212727,17409.29,9492.00
661.313343,17409.29,9488.00
661.414055,17409.29,9496.00
661.514773,17409.29,9382.00
661.615396,17409.29,9488.00
661.716070,17409.29,9500.00
661.816662,17409.29,9496.00
661.917243,17409.29,9500.00
662.017929,17409.29,9448.00
662.118709,17409.29,9496.00
662.219373,17409.29,9496.00
662.319977,17409.29,9502.00
662.420670,17409.29,9422.00
662.521337,17409.29,9478.00
662.622153,17409.29,9380.00
662.722933,17409.29,9498.00
662.823501,17409.29,9418.00
662.924160,17409.29,9498.00
663.024791,17409.29,9494.00
663.125477,17409.29,9492.00
663.226088,17409.29,9482.00
663.326747,17409.29,9486.00
663.427503,17409.29,9368.00
663.528189,17409.29,9406.00
663.628854,17409.29,9406.00
663.729824,17409.29,9406.00
663.830836,17359.42,9406.00
663.931515,17359.42,9406.00
664.032797,17359.42,9406.00
664.133881,17359.42,9406.00
664.234868,17359.42,9406.00
664.335795,17359.42,9406.00
664.437091,17359.42,9406.00
664.538411,17359.42,9406.00
664.639467,17359.42,9406.00
664.740535,17359.42,9406.00
664.841518,17359.42,9406.00
664.942431,17359.42,9406.00
665.043373,17359.42,9406.00
665.144428,17359.42,9406.00
665.245387,17359.42,9406.00
665.346415,17359.42,9406.00
665.447498,17359.42,9406.00
665.548603,17359.42,9406.00
665.649563,17359.42,9406.00
665.750567,17359.42,9406.00
665.851578,17359.42,9406.00
665.952450,17359.42,7056.00
666.053302,17359.42,7014.00
666.154211,17359.42,7140.00
666.255065,17359.42,7028.00
666.355912,17359.42,7140.00
666.456805,17359.42,7028.00
666.557630,17359.42,7056.00
666.658469,17359.42,7140.00
666.759312,17359.42,7042.00
666.860138,17359.42,7070.00
666.961089,17359.42,7084.00
667.061932,17359.42,7056.00
667.162922,17359.42,7140.00
667.263751,17359.42,7028.00
667.364668,17359.42,7028.00
667.465612,17359.42,7042.00
667.566617,17359.42,7042.00
667.667445,17359.42,7042.00
667.768207,17359.42,7042.00
667.868927,17359.42,7042.00
667.970059,17359.42,7042.00
668.071715,17359.42,7042.00
668.172716,17359.42,7042.00
668.273767,17359.42,7042.00
668.375171,17359.42,7042.00
668.476098,17359.42,7042.00
668.577338,17359.42,7042.00
668.678616,17359.42,7042.00
668.779682,17359.42,7042.00
668.880941,17359.42,7042.00
668.982202,17359.42,7042.00
669.083409,17359.42,7042.00
669.184466,17359.42,7042.00
669.285718,17359.42,7042.00
669.386980,17359.42,7042.00
669.487927,17359.42,7042.00
669.588962,17359.42,7042.00
669.690168,17359.42,7076.00
669.791696,17359.42,7330.00
669.892698,17359.42,7734.00
669.993748,17359.42,8112.00
670.094976,17359.42,8454.00
670.195951,17359.42,8776.00
670.297131,17359.42,9126.00
670.398025,17359.42,9348.00
670.498784,17359.42,9390.00
670.599417,17359.42,9390.00
670.700139,17309.55,9390.00
670.801006,17309.55,9376.00
670.901876,17309.55,9306.00
671.002746,17309.55,9376.00
671.103745,17309.55,9292.00
671.204673,17309.55,9320.00
671.305538,17309.55,9406.00
671.406447,17309.55,9306.00
671.507336,17309.55,9308.00
671.608192,17309.55,9384.00
671.709036,17309.55,9306.00
671.809954,17309.55,9294.00
671.910734,17259.68,9308.00
672.011350,17259.68,9320.00
672.112163,17259.68,9320.00
672.213039,17259.68,9320.00
672.313812,17259.68,9320.00
672.414602,17259.68,9320.00
672.515527,17259.68,9320.00
672.617060,17259.68,9320.00
672.717947,17259.68,9320.00
672.818869,17259.68,9320.00
672.920202,17259.68,9320.00
673.021473,17259.68,9320.00
673.122867,17259.68,9320.00
673.224538,17259.68,9320.00
673.325800,17259.68,9320.00
673.426704,17259.68,9320.00
673.527592,17259.68,9320.00
673.628874,17259.68,9320.00
673.730008,17259.68,9320.00
673.831294,17259.68,9320.00
673.932143,17259.68,9320.00
674.033525,17259.68,9320.00
674.134409,17259.68,9320.00
674.235351,17259.68,9320.00
674.336496,17259.68,9320.00
674.437540,17259.68,9320.00
674.538649,17259.68,9320.00
674.639954,17259.68,9320.00
674.740852,17259.68,9320.00
674.841872,17259.68,9320.00
674.942748,17259.68,9320.00
675.043612,17259.68,9320.00
675.144911,17259.68,9320.00
675.245788,17259.68,9320.00
675.347084,17259.68,9320.00
675.447775,17259.68,9406.00
675.548360,17259.68,9348.00
675.649003,17259.68,9334.00
675.749729,17259.68,9390.00
675.850326,17259.68,9294.00
675.950985,17259.68,9406.00
676.051606,17259.68,9426.00
676.152301,17259.68,9390.00
676.253002,17259.68,9364.00
676.353746,17259.68,9420.00
676.454359,17259.68,9294.00
676.555056,17259.68,9376.00
676.655804,17259.68,9404.00
676.756368,17259.68,9308.00
676.857199,17259.68,9406.00
676.957871,17259.68,9420.00
677.058480,17259.68,9406.00
677.159048,17259.68,9420.00
677.259679,17259.68,9406.00
677.360444,17259.68,9294.00
677.461085,17259.68,9294.00
677.561871,17259.68,9294.00
677.662602,17259.68,9294.00
677.763336,17259.68,9294.00
677.864261,17259.68,9294.00
677.966213,17259.68,9294.00
678.068547,17259.68,9294.00
678.169345,17259.68,9294.00
678.270359,17259.68,9294.00
678.371720,17259.68,9294.00
678.473108,17259.68,9294.00
678.574094,17259.68,9294.00
678.675517,17259.68,9294.00
678.776555,17259.68,9294.00
678.878015,17259.68,9294.00
678.978917,17259.68,9294.00
679.079843,17259.68,9294.00
679.181066,17259.68,9294.00
679.282286,17259.68,9294.00
679.383931,17259.68,9294.00
679.488031,17259.68,9294.00
679.591908,17259.68,9294.00
679.693056,17259.68,9294.00
679.793925,17259.68,9294.00
679.894810,17259.68,9294.00
679.995714,17259.68,9294.00
680.096999,17259.68,9294.00
680.198296,17259.68,9294.00
680.299531,17259.68,9294.00
680.400637,17259.68,9294.00
680.501812,17259.68,9294.00
680.602691,17259.68,9294.00
680.703887,17259.68,9294.00
680.804832,17259.68,9294.00
680.905930,17259.68,9294.00
681.006637,17259.68,9328.00
681.107385,17259.68,9450.00
681.208111,17259.68,9448.00
681.308700,17259.68,9454.00
681.409797,17259.68,9452.00
681.510937,17259.68,9446.00
681.611760,17259.68,9444.00
681.712555,17259.68,9454.00
681.813122,17259.68,9346.00
681.913709,17259.68,9454.00
682.014256,17259.68,9450.00
682.115001,17259.68,9448.00
682.215629,17259.68,9444.00
682.316231,17259.68,9452.00
682.416891,17259.68,9450.00
682.517501,17259.68,9450.00
682.618395,17259.68,9450.00
682.719005,17259.68,9396.00
682.819564,17209.80,9444.00
682.920189,17209.80,9450.00
683.020834,17209.80,9360.00
683.121464,17209.80,9442.00
683.222057,17209.80,9452.00
683.322676,17209.80,9452.00
683.423300,17209.80,9402.00
683.523945,17209.80,9438.00
683.624596,17209.80,9424.00
683.725554,17209.80,9450.00
683.826333,17209.80,9450.00
683.927184,17209.80,9450.00
684.028086,17209.80,9450.00
684.128777,17209.80,9450.00
684.229800,17209.80,9450.00
684.331145,17209.80,9450.00
684.432194,17209.80,9450.00
684.533614,17209.80,9450.00
684.634577,17209.80,9450.00
684.735870,17209.80,9450.00
684.837097,17209.80,9450.00
684.938337,17209.80,9450.00
685.039299,17209.80,9450.00
685.140400,17209.80,9450.00
685.241701,17209.80,9450.00
685.342599,17209.80,9450.00
685.443961,17209.80,9450.00
685.544618,17209.80,4868.00
685.645376,17209.80,4496.00
685.746002,17209.80,4524.00
685.846623,17209.80,4510.00
685.947206,17209.80,4608.00
686.047813,17209.80,4496.00
686.148458,17209.80,4608.00
686.249112,17209.80,4496.00
686.349725,17209.80,4496.00
686.450405,17209.80,4608.00
686.551034,17209.80,4608.00
686.651663,17209.80,4608.00
686.752285,17209.80,4580.00
686.852853,17209.80,4496.00
686.953561,17209.80,4524.00
687.054416,17209.80,4622.00
687.155066,17209.80,4482.00
687.255805,17209.80,4482.00
687.356473,17209.80,4482.00
687.457660,17209.80,4482.00
687.558867,17209.80,4482.00
687.659914,17209.80,4482.00
687.760816,17209.80,4482.00
687.861649,17209.80,4482.00
687.962857,17209.80,4482.00
688.064092,17209.80,4482.00
688.164877,17209.80,4482.00
688.265709,17209.80,4482.00
688.366779,17209.80,4482.00
688.468099,17209.80,4482.00
688.568893,17209.80,4626.00
688.669673,17209.80,4880.00
688.770500,17209.80,5250.00
688.871320,17209.80,5552.00
688.972314,17209.80,5792.00
689.073260,17209.80,6128.00
689.174472,17209.80,6444.00
689.275302,17209.80,6786.00
689.376154,17209.80,7096.00
689.477205,17209.80,7302.00
689.578607,17209.80,7604.00
689.679455,17209.80,7926.00
689.780677,17209.80,8262.00
689.881884,17209.80,8580.00
689.982985,17209.80,8868.00
690.084011,17209.80,9184.00
690.184972,17209.80,9506.00
690.285579,17209.80,9404.00
690.386234,17209.80,9460.00
690.486809,17209.80,9376.00
690.587422,17209.80,9362.00
690.688001,17209.80,9390.00
690.788815,17209.80,9474.00
690.889429,17209.80,9474.00
690.990222,17209.80,9362.00
691.090853,17209.80,9474.00
691.191581,17209.80,9460.00
691.292318,17209.80,9350.00
691.393060,17209.80,9364.00
691.493812,17259.55,9462.00
691.594414,17296.95,9364.00
691.695113,17334.36,9364.00
691.795819,17334.36,9476.00
691.896530,17371.76,9462.00
691.997380,17371.76,9350.00
692.098132,17371.76,9350.00
692.198999,17371.76,9350.00
692.299776,17371.76,9350.00
692.400587,17371.76,9350.00
692.501408,17371.76,9350.00
692.602456,17371.76,9350.00
692.703428,17371.76,9350.00
692.804776,17371.76,9350.00
692.905812,17371.76,9350.00
693.006807,17371.76,9350.00
693.108040,17371.76,9350.00
693.209313,17371.76,9350.00
693.310764,17371.76,9350.00
693.411744,17371.76,9350.00
693.512858,17371.76,9350.00
693.614127,17371.76,9350.00
693.715428,17371.76,9350.00
693.816428,17371.76,9350.00
693.917918,17371.76,9350.00
694.019230,17371.76,9350.00
694.120446,17371.76,9350.00
694.221542,17371.76,9350.00
694.322851,17371.76,9350.00
694.423747,17371.76,9350.00
694.524656,17371.76,9350.00
694.625942,17371.76,9350.00
694.726883,17371.76,9350.00
694.828280,17371.76,9350.00
694.929239,17371.76,9488.00
695.029956,17371.76,9470.00
695.130570,17371.76,9484.00
695.231322,17371.76,9470.00
695.331957,17371.76,9470.00
695.432549,17371.76,9400.00
695.533133,17371.76,9470.00
695.633800,17371.76,9470.00
695.734503,17371.76,9472.00
695.835102,17371.76,9470.00
695.935693,17371.76,9486.00
696.036271,17371.76,9472.00
696.136987,17371.76,9416.00
696.237970,17371.76,9402.00
696.338742,17371.76,9472.00
696.439874,17371.76,9472.00
696.540582,17371.76,9402.00
696.641438,17371.76,9402.00
696.742256,17371.76,9402.00
696.843058,17371.76,9402.00
696.943805,17371.76,9402.00
697.044507,17371.76,9402.00
697.145400,17371.76,9402.00
697.246632,17371.76,9402.00
697.347833,17371.76,9402.00
697.448838,17371.76,9402.00
697.550032,17371.76,9402.00
697.650997,17371.76,9402.00
697.752132,17371.76,9402.00
697.853092,17371.76,9402.00
697.954137,17371.76,9402.00
698.055496,17371.76,9402.00
698.156576,17371.76,9402.00
698.257722,17371.76,9402.00
698.358639,17371.76,9402.00
698.459596,17371.76,9402.00
698.560536,17371.76,9402.00
698.661465,17371.76,9402.00
698.762594,17371.76,9402.00
698.863556,17371.76,9402.00
698.964876,17371.76,9402.00
699.066208,17371.76,9402.00
699.167110,17371.76,9402.00
699.268329,17371.76,9402.00
699.369525,17371.76,9402.00
699.470134,17371.76,9500.00
699.570708,17371.76,9498.00
699.671820,17371.76,9398.00
699.772697,17371.76,9428.00
699.873492,17371.76,9474.00
699.974094,17371.76,9484.00
700.074693,17371.76,9460.00
700.175281,17371.76,9502.00
700.275979,17371.76,9370.00
700.376616,17371.76,9498.00
700.477318,17371.76,9440.00
700.577934,17371.76,9474.00
700.678669,17371.76,9496.00
700.779393,17371.76,9500.00
700.880096,17371.76,9496.00
700.980754,17371.76,9496.00
701.081379,17322.02,9498.00
701.182026,17322.02,9482.00
701.282601,17322.02,9400.00
701.383239,17322.02,9500.00
701.483936,17322.02,9500.00
701.584519,17322.02,9446.00
701.685346,17322.02,9502.00
701.786363,17322.02,9384.00
701.887280,17322.02,9422.00
701.988476,17322.02,9422.00
702.089402,17322.02,9422.00
702.190556,17322.02,9422.00
702.291649,17322.02,9422.00
702.392329,17322.02,9422.00
702.493280,17322.02,9422.00
702.594267,17322.02,9422.00
702.695181,17322.02,9422.00
702.796389,17322.02,9422.00
702.897487,17322.02,9422.00
702.998655,17322.02,9422.00
703.099864,17322.02,9422.00
703.200899,17322.02,9422.00
703.301882,17322.02,9422.00
703.402841,17322.02,9422.00
703.503961,17322.02,9422.00
703.604903,17322.02,9422.00
703.706067,17322.02,9422.00
703.807387,17322.02,9422.00
703.908697,17322.02,9422.00
704.009985,17322.02,9422.00
704.111321,17322.02,9422.00
704.211994,17322.02,7142.00
704.312645,17322.02,7030.00
704.413322,17322.02,7030.00
704.513977,17322.02,7142.00
704.614764,17322.02,7142.00
704.715345,17322.02,7030.00
704.815993,17322.02,7058.00
704.916716,17322.02,7044.00
705.017302,17272.14,7114.00
705.118049,17272.14,7128.00
705.218818,17272.14,7030.00
705.319411,17272.14,7142.00
705.419984,17272.14,7142.00
705.520586,17272.14,7100.00
705.621244,17272.14,7044.00
705.721842,17272.14,7016.00
705.822545,17272.14,7044.00
705.923412,17272.14,7044.00
706.024239,17272.14,7044.00
706.124966,17272.14,7044.00
706.226101,17272.14,7044.00
706.326992,17272.14,7044.00
706.428022,17272.14,7044.00
706.529426,17272.14,7044.00
706.630848,17272.14,7044.00
706.731817,17272.14,7044.00
706.832783,17272.14,7044.00
706.933933,17272.14,7044.00
707.035081,17272.14,7044.00
707.136336,17272.14,7044.00
707.237260,17272.14,7044.00
707.338205,17272.14,7044.00
707.439398,17272.14,7044.00
707.540395,17272.14,7044.00
707.641806,17272.14,7044.00
707.742806,17272.14,7044.00
707.843797,17272.14,7044.00
707.944661,17272.14,7318.00
708.046045,17272.14,7688.00
708.147573,17272.14,8052.00
708.248968,17272.14,8408.00
708.351592,17272.14,8744.00
708.452577,17272.14,9066.00
708.553875,17272.14,9444.00
708.654561,17272.14,9406.00
708.755189,17272.14,9322.00
708.855843,17197.33,9314.00
708.956468,17197.33,9350.00
709.057074,17197.33,9336.00
709.157678,17197.33,9392.00
709.258317,17197.33,9384.00
709.358916,17197.33,9378.00
709.459522,17209.68,9392.00
709.560137,17222.14,9378.00
709.660890,17240.47,9392.00
709.761462,17284.48,9392.00
709.862198,17296.95,9406.00
709.962815,17321.89,9378.00
710.063432,17360.06,9392.00
710.164091,17371.76,9308.00
710.264972,17371.76,9308.00
710.365807,17371.76,9308.00
710.466664,17371.76,9308.00
710.567559,17371.76,9308.00
710.668695,17371.76,9308.00
710.769910,17371.76,9308.00
710.870836,17371.76,9308.00
710.971930,17371.76,9308.00
711.073249,17371.76,9308.00
711.174554,17371.76,9308.00
711.276014,17371.76,9308.00
711.376962,17371.76,9308.00
711.478376,17371.76,9308.00
711.579674,17371.76,9308.00
711.680637,17371.76,9308.00
711.782052,17371.76,9308.00
711.883420,17371.76,9308.00
711.984525,17371.76,9308.00
712.085546,17371.76,9308.00
712.186750,17371.76,9308.00
712.288172,17371.76,9308.00
712.389161,17371.76,9308.00
712.490540,17371.76,9308.00
712.591514,17371.76,9308.00
712.692860,17371.76,9308.00
712.794326,17371.76,9308.00
712.895216,17371.76,9308.00
712.996180,17371.76,9308.00
713.096944,17371.76,9426.00
713.197510,17371.76,9370.00
713.298086,17371.76,9342.00
713.398802,17371.76,9326.00
713.499437,17371.76,9422.00
713.600045,17371.76,9352.00
713.700844,17371.76,9408.00
713.801572,17371.76,9426.00
713.902123,17371.76,9282.00
714.002782,17371.76,9294.00
714.103547,17371.76,9408.00
714.204115,17371.76,9408.00
714.304865,17371.76,9408.00
714.405565,17371.76,9408.00
714.506265,17322.02,9408.00
714.607163,17322.02,9408.00
714.707973,17322.02,9394.00
714.808629,17322.02,9422.00
714.909354,17322.02,9310.00
715.010320,17322.02,9296.00
715.111182,17322.02,9296.00
715.212164,17322.02,9296.00
715.313321,17322.02,9296.00
715.414044,17322.02,9296.00
715.514955,17322.02,9296.00
715.616428,17322.02,9296.00
715.717388,17322.02,9296.00
715.818437,17322.02,9296.00
715.919445,17322.02,9296.00
716.020483,17322.02,9296.00
716.121620,17322.02,9296.00
716.222555,17322.02,9296.00
716.323938,17322.02,9296.00
716.424947,17322.02,9296.00
716.526098,17322.02,9296.00
716.627309,17322.02,9296.00
716.728960,17322.02,9296.00
716.830266,17322.02,9296.00
716.931620,17322.02,9296.00
717.033151,17322.02,9296.00
717.134426,17322.02,9296.00
717.235690,17322.02,9296.00
717.337102,17322.02,9296.00
717.438189,17322.02,9296.00
717.539186,17322.02,9296.00
717.640169,17322.02,9296.00
717.741123,17322.02,9296.00
717.842497,17322.02,9296.00
717.943281,17322.02,9452.00
718.044058,17322.02,9430.00
718.144791,17322.02,9452.00
718.245385,17322.02,9450.00
718.345997,17322.02,9456.00
718.446630,17322.02,9396.00
718.547237,17322.02,9448.00
718.647850,17322.02,9452.00
718.748587,17322.02,9372.00
718.849263,17322.02,9442.00
718.949943,17322.02,9452.00
719.050688,17322.02,9436.00
719.151328,17322.02,9372.00
719.251889,17322.02,9450.00
719.352491,17322.02,9452.00
719.453104,17322.02,9476.00
719.553675,17322.02,9374.00
719.654382,17322.02,9454.00
719.755024,17322.02,9454.00
719.855594,17322.02,9454.00
719.956247,17322.02,9390.00
720.056825,17322.02,9456.00
720.157442,17322.02,9452.00
720.258156,17322.02,9372.00
720.358882,17322.02,9448.00
720.459612,17272.14,9438.00
720.560474,17272.14,9464.00
720.661341,17272.14,9464.00
720.762213,17272.14,9464.00
720.863141,17272.14,9464.00
720.963964,17272.14,9464.00
721.064746,17272.14,9464.00
721.165705,17272.14,9464.00
721.266980,17272.14,9464.00
721.367943,17272.14,9464.00
721.469415,17272.14,9464.00
721.570357,17272.14,9464.00
721.671637,17272.14,9464.00
721.772851,17272.14,9464.00
721.874332,17272.14,9464.00
721.975605,17272.14,9464.00
722.077022,17272.14,9464.00
722.178073,17272.14,9464.00
722.280150,17272.14,9380.00
722.380842,17272.14,4608.00
722.481517,17272.14,4608.00
722.582127,17272.14,4510.00
722.682757,17272.14,4496.00
722.783343,17272.14,4510.00
722.884037,17272.14,4608.00
722.984635,17272.14,4566.00
723.085305,17272.14,4494.00
723.186052,17272.14,4606.00
723.286635,17272.14,4564.00
723.387201,17272.14,4578.00
723.487980,17272.14,4606.00
723.588624,17272.14,4508.00
723.689144,17272.14,4606.00
723.789761,17272.14,4606.00
723.890438,17272.14,4494.00
723.991378,17272.14,4480.00
724.092367,17272.14,4480.00
724.193536,17272.14,4480.00
724.296403,17272.14,4480.00
724.397302,17272.14,4480.00
724.498537,17272.14,4480.00
724.599469,17272.14,4480.00
724.700703,17272.14,4480.00
724.801597,17272.14,4480.00
724.902607,17272.14,4480.00
725.003520,17272.14,4480.00
725.104464,17272.14,4480.00
725.205643,17272.14,4624.00
725.306642,17272.14,4878.00
725.408069,17272.14,5310.00
725.508973,17272.14,5660.00
725.609924,17272.14,5982.00
725.711140,17272.14,6332.00
725.812057,17272.14,6736.00
725.913060,17272.14,7018.00
726.014275,17272.14,7286.00
726.115081,17272.14,7526.00
726.216022,17272.14,7890.00
726.317389,17272.14,8212.00
726.418727,17272.14,8530.00
726.519530,17272.14,8818.00
726.620792,17272.14,9072.00
726.721678,17272.14,9408.00
726.822381,17272.14,9348.00
726.923044,17272.14,9474.00
727.023683,17272.14,9348.00
727.124327,17272.14,9474.00
727.225064,17272.14,9362.00
727.325800,17272.14,9418.00
727.426505,17272.14,9474.00
727.527184,17272.14,9476.00
727.627983,17272.14,9378.00
727.728632,17272.14,9364.00
727.829190,17272.14,9350.00
727.929833,17272.14,9490.00
728.030454,17272.14,9392.00
728.131123,17272.14,9350.00
728.231791,17272.14,9364.00
728.332432,17208.76,9462.00
728.433114,17208.76,9476.00
728.534003,17208.76,9350.00
728.634847,17208.76,9350.00
728.735569,17208.76,9350.00
728.836200,17208.76,9350.00
728.936875,17208.76,9350.00
729.037614,17208.76,9350.00
729.138536,17208.76,9350.00
729.239651,17208.76,9350.00
729.340661,17208.76,9350.00
729.441621,17208.76,9350.00
729.544589,17208.76,9350.00
729.645584,17208.76,9350.00
729.746510,17208.76,9350.00
729.847591,17208.76,9350.00
729.948533,17208.76,9350.00
730.049517,17208.76,9350.00
730.150486,17208.76,9350.00
730.251639,17208.76,9350.00
730.352910,17208.76,9350.00
730.454107,17208.76,9350.00
730.555358,17208.76,9350.00
730.656576,17208.76,9350.00
730.757847,17208.76,9350.00
730.859017,17208.76,9350.00
730.959974,17208.76,9350.00
731.060926,17208.76,9350.00
731.161833,17208.76,9350.00
731.263131,17208.76,9350.00
731.364441,17208.76,9420.00
731.465108,17208.76,9484.00
731.565793,17208.76,9400.00
731.666424,17208.76,9384.00
731.766983,17208.76,9470.00
731.867656,17208.76,9398.00
731.968289,17208.76,9386.00
732.068883,17208.76,9442.00
732.169586,17208.76,9470.00
732.270317,17208.76,9428.00
732.370904,17208.76,9470.00
732.471644,17208.76,9484.00
732.572324,17208.76,9414.00
732.673078,17208.76,9400.00
732.773908,17208.76,9414.00
732.874562,17208.76,9486.00
732.975228,17208.76,9414.00
733.075926,17208.76,9400.00
733.176595,17208.76,9400.00
733.277368,17208.76,9400.00
733.378119,17208.76,9400.00
733.478963,17208.76,9400.00
733.579736,17208.76,9400.00
733.681091,17208.76,9400.00
733.781996,17208.76,9400.00
733.883179,17208.76,9400.00
733.984500,17208.76,9400.00
734.085385,17208.76,9400.00
734.186288,17208.76,9400.00
734.287178,17208.76,9400.00
734.388473,17208.76,9400.00
734.489364,17208.76,9400.00
734.590243,17208.76,9400.00
734.691093,17208.76,9400.00
734.792114,17208.76,9400.00
734.893022,17208.76,9400.00
734.994002,17208.76,9400.00
735.094929,17208.76,9400.00
735.196138,17208.76,9400.00
735.297146,17208.76,9400.00
735.398172,17208.76,9400.00
735.499189,17208.76,9400.00
735.600211,17208.76,9400.00
735.701198,17208.76,9400.00
735.802492,17208.76,9400.00
735.903636,17208.76,9400.00
736.004514,17208.76,9400.00
736.105389,17208.76,9400.00
736.206286,17208.76,9400.00
736.307229,17208.76,9400.00
736.407902,17208.76,9568.00
736.508708,17208.76,9368.00
736.609289,17208.76,9496.00
736.709947,17208.76,9400.00
736.810600,17208.76,9500.00
736.911354,17208.76,9488.00
737.011997,17208.76,9428.00
737.112669,17208.76,9496.00
737.213349,17208.76,9398.00
737.314866,17208.76,9498.00
737.415869,17208.76,9516.00
737.516829,17208.76,9496.00
737.619838,17208.76,9498.00
737.720468,17208.76,9482.00
737.821129,17208.76,9502.00
737.921864,17208.76,9500.00
738.022608,17208.76,9502.00
738.123236,17208.76,9496.00
738.223912,17208.76,9418.00
738.324561,17208.76,9498.00
738.425168,17208.76,9494.00
738.525886,17208.76,9404.00
738.626464,17208.76,9496.00
738.727111,17208.76,9384.00
738.827979,17208.76,9384.00
738.928709,17208.76,9422.00
739.029614,17208.76,9422.00
739.130494,17208.76,9422.00
739.231510,17208.76,9422.00
739.332494,17208.76,9422.00
739.433486,17208.76,9422.00
739.534782,17208.76,9422.00
739.635766,17208.76,9422.00
739.736968,17208.76,9422.00
739.837862,17208.76,9422.00
739.938770,17208.76,9422.00
740.040103,17208.76,9422.00
740.141384,17208.76,9422.00
740.242671,17208.76,9422.00
740.343562,17208.76,9422.00
740.444364,17208.76,9422.00
740.545623,17208.76,9422.00
740.646514,17208.76,9422.00
740.747371,17208.76,9422.00
740.848380,17208.76,9422.00
740.949481,17208.76,9422.00
741.050382,17208.76,9422.00
741.151237,17208.76,9422.00
741.252213,17208.76,9422.00
741.353119,17208.76,9422.00
741.454020,17208.76,9422.00
741.555525,17208.76,9422.00
741.656129,17208.76,8682.00
741.756703,17208.76,7086.00
741.857267,17208.76,7128.00
741.957865,17208.76,7100.00
742.058452,17208.76,7072.00
742.159291,17208.76,7142.00
742.260111,17208.76,7142.00
742.360774,17208.76,7086.00
742.461468,17208.76,7030.00
742.562148,17208.76,7128.00
742.662712,17208.76,7142.00
742.763451,17208.76,7142.00
742.864141,17208.76,7128.00
742.964972,17208.76,7030.00
743.065533,17208.76,7044.00
743.166190,17208.76,7100.00
743.266926,17208.76,7044.00
743.367742,17208.76,7044.00
743.468589,17208.76,7044.00
743.569376,17208.76,7044.00
743.670577,17208.76,7044.00
743.771450,17208.76,7044.00
743.872301,17208.76,7044.00
743.973147,17208.76,7044.00
744.074337,17208.76,7044.00
744.175149,17208.76,7044.00
744.276452,17208.76,7044.00
744.377330,17208.76,7044.00
744.478553,17208.76,7044.00
744.579408,17208.76,7044.00
744.680285,17208.76,7044.00
744.781176,17208.76,7044.00
744.882488,17208.76,7044.00
744.983700,17208.76,7044.00
745.084536,17208.76,7044.00
745.185611,17208.76,7044.00
745.286602,17208.76,7044.00
745.387656,17208.76,7044.00
745.488531,17208.76,7044.00
745.589409,17208.76,7044.00
745.690282,17208.76,7222.00
745.791272,17208.76,7482.00
745.892127,17208.76,7832.00
745.993386,17208.76,8134.00
746.094358,17208.76,8442.00
746.195237,17208.76,8710.00
746.296507,17208.76,8970.00
746.397429,17208.76,9306.00
746.501960,17208.76,9392.00
746.602722,17208.76,9378.00
746.703353,17208.76,9406.00
746.804059,17208.76,9322.00
746.904832,17208.76,9406.00
747.005632,17208.76,9392.00
747.106363,17208.76,9350.00
747.206954,17208.76,9378.00
747.307553,17208.76,9392.00
747.408163,17208.76,9406.00
747.508798,17208.76,9392.00
747.609422,17208.76,9336.00
747.710037,17208.76,9336.00
747.810638,17208.76,9308.00
747.911178,17208.76,9322.00
748.011916,17208.76,9308.00
748.112786,17208.76,9308.00
748.213448,17208.76,9308.00
748.314241,17208.76,9308.00
748.414868,17208.76,9308.00
748.515444,17208.76,9308.00
748.616342,17208.76,9308.00
748.717316,17208.76,9308.00
748.818645,17208.76,9308.00
748.919791,17208.76,9308.00
749.020868,17208.76,9308.00
749.122036,17208.76,9308.00
749.223457,17208.76,9308.00
749.324589,17208.76,9308.00
749.425792,17208.76,9308.00
749.526746,17208.76,9308.00
749.627679,17208.76,9308.00
749.729246,17208.76,9308.00
749.830254,17208.76,9308.00
749.931879,17208.76,9308.00
750.032944,17208.76,9308.00
750.133843,17208.76,9308.00
750.234765,17208.76,9308.00
750.335965,17208.76,9308.00
750.436944,17208.76,9308.00
750.537875,17208.76,9308.00
750.639242,17208.76,9308.00
750.740798,17208.76,9308.00
750.841955,17208.76,9308.00
750.943484,17208.76,9308.00
751.044163,17208.76,9420.00
751.144914,17208.76,9306.00
751.245534,17208.76,9392.00
751.346163,17208.76,9420.00
751.446887,17208.76,9348.00
751.547517,17208.76,9292.00
751.648139,17208.76,9418.00
751.748827,17208.76,9420.00
751.849648,17208.76,9412.00
751.950285,17208.76,9420.00
752.050911,17208.76,9420.00
752.151563,17208.76,9420.00
752.252107,17208.76,9406.00
752.352658,17208.76,9406.00
752.453250,17208.76,9378.00
752.554112,17208.76,9362.00
752.654720,17208.76,9406.00
752.755308,17208.76,9336.00
752.855951,17208.76,9392.00
752.956645,17208.76,9294.00
753.057513,17208.76,9294.00
753.158418,17208.76,9294.00
753.259305,17208.76,9294.00
753.359944,17208.76,9294.00
753.460682,17208.76,9294.00
753.561999,17208.76,9294.00
753.663094,17208.76,9294.00
753.764530,17208.76,9294.00
753.865562,17208.76,9294.00
753.966638,17208.76,9294.00
754.067510,17208.76,9294.00
754.168415,17208.76,9294.00
754.269269,17208.76,9294.00
754.370407,17208.76,9294.00
754.471368,17208.76,9294.00
754.572275,17208.76,9294.00
754.673151,17208.76,9294.00
754.774380,17208.76,9294.00
754.875265,17208.76,9294.00
754.976605,17208.76,9294.00
755.077524,17208.76,9294.00
755.178417,17208.76,9294.00
755.279675,17208.76,9294.00
755.380630,17208.76,9294.00
755.482032,17208.76,9294.00
755.582950,17208.76,9294.00
755.684264,17208.76,9294.00
755.785174,17208.76,9294.00
755.886053,17208.76,9294.00
755.987247,17208.76,9294.00
756.088418,17208.76,9294.00
756.189318,17208.76,9294.00
756.290204,17208.76,9410.00
756.390862,17208.76,9452.00
756.491539,17208.76,9368.00
756.592138,17208.76,9452.00
756.692689,17208.76,9448.00
756.793244,17208.76,9450.00
756.893837,17208.76,9452.00
756.994501,17208.76,9396.00
757.095048,17208.76,9450.00
757.195713,17208.76,9448.00
757.296378,17208.76,9452.00
757.396974,17208.76,9374.00
757.497717,17208.76,9356.00
757.598351,17208.76,9404.00
757.698991,17208.76,9372.00
757.799603,17208.76,9454.00
757.900256,17208.76,9452.00
758.000915,17208.76,9444.00
758.101502,17208.76,9450.00
758.202284,17208.76,9450.00
758.303027,17208.76,9452.00
758.403615,17208.76,9452.00
758.504237,17208.76,9454.00
758.605036,17208.76,9452.00
758.705741,17208.76,9450.00
758.806325,17208.76,9448.00
758.906963,17208.76,9464.00
759.007844,17208.76,9464.00
759.108763,17208.76,9464.00
759.209502,17208.76,9464.00
759.310185,17208.76,9464.00
759.410886,17208.76,9464.00
759.511908,17208.76,9464.00
759.612985,17208.76,9464.00
759.714194,17208.76,9464.00
759.815121,17208.76,9464.00
759.915989,17208.76,9464.00
760.016923,17208.76,9464.00
760.118189,17208.76,9464.00
760.219157,17208.76,9464.00
760.320487,17208.76,9464.00
760.421511,17208.76,9464.00
760.522567,17208.76,9464.00
760.623886,17208.76,9464.00
760.724590,17208.76,5208.00
760.825305,17208.76,4508.00
760.925883,17208.76,4620.00
761.026455,17208.76,4550.00
761.127019,17208.76,4620.00
761.227684,17208.76,4620.00
761.328284,17208.76,4508.00
761.428949,17208.76,4620.00
761.530097,17208.76,4620.00
761.630915,17208.76,4620.00
761.731883,17208.76,4494.00
761.832954,17208.76,4620.00
761.934155,17208.76,4550.00
762.035200,17208.76,4620.00
762.136439,17208.76,4620.00
762.237506,17208.76,4620.00
762.338479,17208.76,4480.00
762.439601,17208.76,4480.00
762.540678,17208.76,4480.00
762.641590,17208.76,4480.00
762.742679,17208.76,4480.00
762.844049,17208.76,4480.00
762.945295,17208.76,4480.00
763.046483,17208.76,4480.00
763.147405,17208.76,4480.00
763.248828,17208.76,4480.00
763.350092,17208.76,4480.00
763.451135,17208.76,4480.00
763.552356,17208.76,4480.00
763.653688,17208.76,4734.00
763.754624,17208.76,5152.00
763.855498,17208.76,5550.00
763.956708,17208.76,5824.00
764.057695,17208.76,6160.00
764.158599,17208.76,6572.00
764.260300,17208.76,6970.00
764.361475,17208.76,7266.00
764.462420,17208.76,7588.00
764.563332,17208.76,8006.00
764.664567,17208.76,8406.00
764.765960,17208.76,8722.00
764.867126,17208.76,8990.00
764.968530,17208.76,9408.00
765.069314,17208.76,9378.00
765.169928,17208.76,9490.00
765.270783,17208.76,9362.00
765.371533,17208.76,9378.00
765.472186,17208.76,9490.00
765.572817,17208.76,9434.00
765.673385,17208.76,9434.00
765.773990,17208.76,9490.00
765.874617,17208.76,9490.00
765.975279,17208.76,9462.00
766.075897,17208.76,9464.00
766.176488,17208.76,9462.00
766.277068,17243.96,9476.00
766.377672,17268.90,9448.00
766.478447,17300.01,9476.00
766.579072,17331.24,9490.00
766.679715,17331.24,9364.00
766.780753,17331.24,9364.00
766.881802,17331.24,9364.00
766.982518,17331.24,9364.00
767.083191,17331.24,9364.00
767.184003,17331.24,9364.00
767.284913,17331.24,9364.00
767.386342,17331.24,9364.00
767.487331,17331.24,9364.00
767.588666,17331.24,9364.00
767.689608,17331.24,9364.00
767.790556,17331.24,9364.00
767.891780,17331.24,9364.00
767.993070,17331.24,9364.00
768.094317,17331.24,9364.00
768.195282,17331.24,9364.00
768.296497,17331.24,9364.00
768.397862,17331.24,9364.00
768.498833,17331.24,9364.00
768.599854,17331.24,9364.00
768.701161,17331.24,9364.00
768.802483,17331.24,9364.00
768.903917,17331.24,9364.00
769.005239,17331.24,9364.00
769.106518,17331.24,9364.00
769.207718,17331.24,9364.00
769.308655,17331.24,9364.00
769.409956,17331.24,9364.00
769.510982,17331.24,9364.00
769.612497,17331.24,9364.00
769.713139,17331.24,9462.00
769.813862,17331.24,9476.00
769.914449,17331.24,9462.00
770.015063,17331.24,9408.00
770.116246,17331.24,9464.00
770.216958,17331.24,9464.00
770.317654,17281.49,9478.00
770.418400,17281.49,9478.00
770.519096,17281.49,9478.00
770.619725,17281.49,9492.00
770.720449,17281.49,9422.00
770.821095,17281.49,9478.00
770.921821,17281.49,9436.00
771.022868,17281.49,9450.00
771.123837,17281.49,9464.00
771.224713,17281.49,9408.00
771.325675,17281.49,9408.00
771.426650,17281.49,9408.00
771.527627,17281.49,9408.00
771.628651,17281.49,9408.00
771.729503,17281.49,9408.00
771.830928,17281.49,9408.00
771.932037,17281.49,9408.00
772.033089,17281.49,9408.00
772.134162,17281.49,9408.00
772.235214,17281.49,9408.00
772.336096,17281.49,9408.00
772.436879,17281.49,9408.00
772.538072,17281.49,9408.00
772.639443,17281.49,9408.00
772.740681,17281.49,9408.00
772.841588,17281.49,9408.00
772.942902,17281.49,9408.00
773.043909,17281.49,9408.00
773.144947,17281.49,9408.00
773.246232,17281.49,9408.00
773.347529,17281.49,9408.00
773.448729,17281.49,9408.00
773.549790,17281.49,9408.00
773.651164,17281.49,9408.00
773.752510,17281.49,9408.00
773.853369,17281.49,9408.00
773.954241,17281.49,9408.00
774.055100,17281.49,9408.00
774.155976,17281.49,9408.00
774.256835,17281.49,9408.00
774.358041,17281.49,9408.00
774.459196,17281.49,9408.00
774.560441,17281.49,9408.00
774.661112,17281.49,9410.00
774.762036,17281.49,9444.00
774.862906,17281.49,9416.00
774.963872,17281.49,9434.00
775.064828,17281.49,9520.00
775.165733,17281.49,9514.00
775.266620,17281.49,9488.00
775.367446,17281.49,9514.00
775.468340,17281.49,9528.00
775.569381,17281.49,9514.00
775.670236,17281.49,9520.00
775.771131,17281.49,9416.00
775.872029,17281.49,9414.00
775.972914,17281.49,9532.00
776.073986,17281.49,9434.00
776.175030,17281.49,9514.00
776.276095,17281.49,9514.00
776.377105,17281.49,9430.00
776.477761,17231.62,9518.00
776.578394,17231.62,9514.00
776.678996,17238.25,9516.00
776.779614,17256.43,9534.00
776.880356,17256.43,9430.00
776.981032,17293.84,9430.00
777.081829,17293.84,9468.00
777.182648,17293.84,9468.00
777.283564,17293.84,9468.00
777.384584,17293.84,9468.00
777.485587,17293.84,9468.00
777.586529,17293.84,9468.00
777.687838,17293.84,9468.00
777.788781,17293.84,9468.00
777.890147,17293.84,9468.00
777.991156,17293.84,9468.00
778.092190,17293.84,9468.00
778.193735,17293.84,9468.00
778.294929,17293.84,9468.00
778.395959,17293.84,9468.00
778.496883,17293.84,9468.00
778.598110,17293.84,9468.00
778.699019,17293.84,9468.00
778.800085,17293.84,9468.00
778.901109,17293.84,9468.00
779.002469,17293.84,9468.00
779.103451,17293.84,9468.00
779.204341,17293.84,9468.00
779.305484,17293.84,9468.00
779.406661,17293.84,9468.00
779.507347,17293.84,7028.00
779.607982,17293.84,7042.00
779.708609,17293.84,7140.00
779.809452,17293.84,7042.00
779.910324,17293.84,7028.00
780.011110,17293.84,7056.00
780.111915,17293.84,7070.00
780.213048,17293.84,7140.00
780.313863,17293.84,7056.00
780.414815,17293.84,7112.00
780.515798,17293.84,7112.00
780.616604,17293.84,7042.00
780.717295,17293.84,7028.00
780.817891,17244.09,7028.00
780.918441,17244.09,7070.00
781.019017,17244.09,7042.00
781.119617,17244.09,7042.00
781.220310,17244.09,7042.00
781.320977,17244.09,7042.00
781.421736,17244.09,7042.00
781.522897,17244.09,7042.00
781.624142,17244.09,7042.00
781.725545,17244.09,7042.00
781.826702,17244.09,7042.00
781.927853,17244.09,7042.00
782.029276,17244.09,7042.00
782.130487,17244.09,7042.00
782.231692,17244.09,7042.00
782.332591,17244.09,7042.00
782.433603,17244.09,7042.00
782.534531,17244.09,7042.00
782.635749,17244.09,7042.00
782.736850,17244.09,7042.00
782.837866,17244.09,7042.00
782.939250,17244.09,7042.00
783.040132,17244.09,7042.00
783.141524,17244.09,7042.00
783.242523,17244.09,7220.00
783.344037,17244.09,7542.00
783.445185,17244.09,7878.00
783.546195,17244.09,8296.00
783.647086,17244.09,8626.00
783.747974,17244.09,8872.00
783.849257,17244.09,9256.00
783.949961,17244.09,9404.00
784.050813,17244.09,9404.00
784.151513,17244.09,9404.00
784.252355,17244.09,9294.00
784.353062,17244.09,9336.00
784.453751,17244.09,9392.00
784.554369,17244.09,9392.00
784.654939,17244.09,9294.00
784.755674,17244.09,9392.00
784.856287,17244.09,9392.00
784.956982,17244.09,9392.00
785.057661,17244.09,9294.00
785.158407,17244.09,9392.00
785.259082,17244.09,9378.00
785.359710,17256.43,9392.00
785.460560,17293.84,9294.00
785.561342,17293.84,9294.00
785.662147,17293.84,9294.00
785.762792,17293.84,9294.00
785.863551,17293.84,9294.00
785.964260,17293.84,9294.00
786.066008,17293.84,9294.00
786.167452,17293.84,9294.00
786.268703,17293.84,9294.00
786.369671,17293.84,9294.00
786.470950,17293.84,9294.00
786.572192,17293.84,9294.00
786.673480,17293.84,9294.00
786.774882,17293.84,9294.00
786.876240,17293.84,9294.00
786.977588,17293.84,9294.00
787.078558,17293.84,9294.00
787.179796,17293.84,9294.00
787.280971,17293.84,9294.00
787.381990,17293.84,9294.00
787.483294,17293.84,9294.00
787.584514,17293.84,9294.00
787.685448,17293.84,9294.00
787.786772,17293.84,9294.00
787.888093,17293.84,9294.00
787.989320,17293.84,9294.00
788.090274,17293.84,9294.00
788.191483,17293.84,9294.00
788.292712,17293.84,9294.00
788.393371,17293.84,9422.00
788.493976,17293.84,9422.00
788.594650,17293.84,9406.00
788.695271,17293.84,9322.00
788.796026,17293.84,9416.00
788.896739,17293.84,9430.00
788.997456,17293.84,9290.00
789.098006,17293.84,9332.00
789.198706,17293.84,9416.00
789.299278,17293.84,9374.00
789.399887,17293.84,9346.00
789.500638,17293.84,9304.00
789.601197,17293.84,9418.00
789.701982,17293.84,9418.00
789.802605,17293.84,9334.00
789.903211,17293.84,9432.00
790.003938,17306.30,9418.00
790.104640,17318.77,9432.00
790.205398,17343.71,9306.00
790.306187,17343.71,9292.00
790.406969,17343.71,9306.00
790.507905,17343.71,9306.00
790.608996,17343.71,9306.00
790.709918,17343.71,9306.00
790.810712,17343.71,9306.00
790.911708,17343.71,9306.00
791.012678,17343.71,9306.00
791.114116,17343.71,9306.00
791.215026,17343.71,9306.00
791.316095,17343.71,9306.00
791.417418,17343.71,9306.00
791.518365,17343.71,9306.00
791.619279,17343.71,9306.00
791.720208,17343.71,9306.00
791.821482,17343.71,9306.00
791.922379,17343.71,9306.00
792.023727,17343.71,9306.00
792.126413,17343.71,9306.00
792.228586,17343.71,9306.00
792.329494,17343.71,9306.00
792.430592,17343.71,9306.00
792.531895,17343.71,9306.00
792.633188,17343.71,9306.00
792.734126,17343.71,9306.00
792.834984,17343.71,9306.00
792.936008,17343.71,9306.00
793.037056,17343.71,9306.00
793.137993,17343.71,9306.00
793.239316,17343.71,9306.00
793.340115,17343.71,9462.00
793.440686,17343.71,9450.00
793.541298,17343.71,9406.00
793.641924,17343.71,9446.00
793.742650,17343.71,9386.00
793.843352,17343.71,9456.00
793.943980,17343.71,9428.00
794.044647,17343.71,9424.00
794.145302,17343.71,9376.00
794.245980,17343.71,9354.00
794.346718,17343.71,9376.00
794.447502,17343.71,9354.00
794.548146,17343.71,9430.00
794.648887,17343.71,9376.00
794.749592,17343.71,9442.00
794.850355,17343.71,9356.00
794.950983,17343.71,9376.00
795.051575,17293.96,9406.00
795.152294,17293.96,9378.00
795.253418,17293.96,9374.00
795.354259,17293.96,9434.00
795.455107,17293.96,9426.00
795.556139,17293.96,9354.00
795.657090,17293.96,9392.00
795.758044,17293.96,9438.00
795.859165,17293.96,9420.00
795.960337,17293.96,9446.00
796.061146,17293.96,9446.00
796.161911,17293.96,9446.00
796.262657,17293.96,9446.00
796.363376,17293.96,9446.00
796.464032,17293.96,9446.00
