timestamp_s,iteration
94896.209077,0
94896.220547,1
94896.231649,2
94896.241701,3
94896.252858,4
94896.262291,5
94896.273517,6
94896.283609,7
94896.293889,8
94896.303959,9
94896.314920,10
94896.325021,11
94896.353863,12
94896.364635,13
94896.376257,14
94896.386723,15
94896.397542,16
94896.407731,17
94896.418266,18
94896.428617,19
94896.439549,20
94896.449759,21
94896.460273,22
94896.470207,23
94896.479330,24
94896.488151,25
94896.496883,26
94896.506138,27
94896.515042,28
94896.523436,29
94896.532216,30
94896.541125,31
94896.549778,32
94896.558596,33
94896.567281,34
94896.576254,35
94896.585637,36
94896.595252,37
94896.604113,38
94896.613071,39
94896.622290,40
94896.631226,41
94896.640284,42
94896.649209,43
94896.657780,44
94896.666798,45
94896.675740,46
94896.684732,47
94896.693630,48
94896.702297,49
94896.711391,50
94896.720322,51
94896.729230,52
94896.737762,53
94896.746826,54
94896.755550,55
94896.764091,56
94896.772920,57
94896.782073,58
94896.790739,59
94896.799607,60
94896.808723,61
94896.817408,62
94896.826545,63
94896.835603,64
94896.844861,65
94896.854092,66
94896.863255,67
94896.872172,68
94896.882078,69
94896.890890,70
94896.899641,71
94896.908722,72
94896.917887,73
94896.926425,74
94896.935648,75
94896.944837,76
94896.953642,77
94896.962664,78
94896.971576,79
94896.980475,80
94896.989304,81
94896.998425,82
94897.007103,83
94897.013386,84
94897.022047,85
94897.028124,86
94897.036731,87
94897.045651,88
94897.051709,89
94897.057954,90
94897.064586,91
94897.073206,92
94897.080307,93
94897.086285,94
94897.092297,95
94897.098577,96
94897.104693,97
94897.110719,98
94897.116809,99
94897.122976,100
94897.131616,101
94897.137920,102
94897.144209,103
94897.152986,104
94897.159339,105
94897.165524,106
94897.171629,107
94897.178723,108
94897.185194,109
94897.191263,110
94897.197453,111
94897.206168,112
94897.212718,113
94897.219600,114
94897.226102,115
94897.232150,116
94897.238463,117
94897.244848,118
94897.251661,119
94897.257877,120
94897.263986,121
94897.273980,122
94897.284724,123
94897.292794,124
94897.300266,125
94897.307188,126
94897.313577,127
94897.319638,128
94897.325843,129
94897.331979,130
94897.338243,131
94897.344516,132
94897.351329,133
94897.357370,134
94897.363815,135
94897.370325,136
94897.377181,137
94897.384074,138
94897.390672,139
94897.397382,140
94897.403631,141
94897.410065,142
94897.416313,143
94897.422528,144
94897.428634,145
94897.434905,146
94897.441289,147
94897.447774,148
94897.454115,149
94897.460702,150
94897.467311,151
94897.473803,152
94897.480958,153
94897.487916,154
94897.493895,155
94897.500122,156
94897.506298,157
94897.512155,158
94897.518362,159
94897.524619,160
94897.530588,161
94897.539309,162
94897.545482,163
94897.551420,164
94897.557871,165
94897.564499,166
94897.572962,167
94897.579280,168
94897.585533,169
94897.592070,170
94897.598672,171
94897.604829,172
94897.610738,173
94897.616787,174
94897.623613,175
94897.629624,176
94897.635851,177
94897.642018,178
94897.648112,179
94897.655138,180
94897.661813,181
94897.668153,182
94897.675068,183
94897.681588,184
94897.687731,185
94897.693996,186
94897.700131,187
94897.706143,188
94897.712354,189
94897.718897,190
94897.726014,191
94897.732379,192
94897.738971,193
94897.745059,194
94897.751711,195
94897.757959,196
94897.766310,197
94897.775198,198
94897.781520,199
94897.788725,200
94897.795346,201
94897.801907,202
94897.808299,203
94897.814995,204
94897.821570,205
94897.828035,206
94897.834375,207
94897.840631,208
94897.846694,209
94897.855635,210
94897.863774,211
94897.871194,212
94897.878834,213
94897.889338,214
94897.896273,215
94897.903214,216
94897.910385,217
94897.917168,218
94897.924346,219
94897.931292,220
94897.938502,221
94897.945563,222
94897.953115,223
94897.962969,224
94897.971520,225
94897.979388,226
94897.987612,227
94897.995558,228
94898.003941,229
94898.011287,230
94898.019862,231
94898.027973,232
94898.034950,233
94898.042620,234
94898.053009,235
94898.060458,236
94898.068697,237
94898.076452,238
94898.083208,239
94898.090258,240
94898.098180,241
94898.106010,242
94898.113400,243
94898.120894,244
94898.128050,245
94898.135201,246
94898.143295,247
94898.151557,248
94898.159375,249
94899.028758,250
94899.042515,251
94899.057192,252
94899.073822,253
94899.092343,254
94899.112198,255
94899.129766,256
94899.144897,257
94899.163597,258
94899.182424,259
94899.195480,260
94899.212903,261
94899.231564,262
94899.249787,263
94899.268857,264
94899.287746,265
94899.303890,266
94899.322894,267
94899.341977,268
94899.360526,269
94899.371947,270
94899.382636,271
94899.400983,272
94899.420096,273
94899.437015,274
94899.454383,275
94899.465390,276
94899.475538,277
94899.495625,278
94899.506879,279
94899.525717,280
94899.544254,281
94899.563987,282
94899.582364,283
94899.592996,284
94899.611753,285
94899.628466,286
94899.647433,287
94899.664538,288
94899.683246,289
94899.701635,290
94899.719056,291
94899.736525,292
94899.762498,293
94899.781644,294
94899.792541,295
94899.803758,296
94899.823248,297
94899.835275,298
94899.853341,299
94899.873568,300
94899.892231,301
94899.902828,302
94899.914532,303
94899.935647,304
94899.945094,305
94899.964142,306
94899.982324,307
94900.003281,308
94900.023489,309
94900.034264,310
94900.054664,311
94900.073822,312
94900.092931,313
94900.114355,314
94900.124638,315
94900.144581,316
94900.164574,317
94900.181066,318
94900.191735,319
94900.212616,320
94900.229643,321
94900.249348,322
94900.267582,323
94900.288143,324
94900.309109,325
94900.330179,326
94900.341155,327
94900.351807,328
94900.372997,329
94900.392526,330
94900.409403,331
94900.430981,332
94900.449688,333
94900.468941,334
94900.486562,335
94900.494724,336
94900.515987,337
94900.538543,338
94900.549850,339
94900.566980,340
94900.578873,341
94900.600174,342
94900.611334,343
94900.631966,344
94900.651174,345
94900.670643,346
94900.690497,347
94900.710741,348
94900.721247,349
94900.740376,350
94900.758635,351
94900.781885,352
94900.802532,353
94900.815377,354
94900.836354,355
94900.857706,356
94900.870028,357
94900.887644,358
94900.906397,359
94900.924825,360
94900.946293,361
94900.964205,362
94900.979528,363
94900.996889,364
94901.012246,365
94901.027176,366
94901.036141,367
94901.051156,368
94901.060418,369
94901.071079,370
94901.085678,371
94901.104242,372
94901.123854,373
94901.145103,374
94901.165590,375
94901.180975,376
94901.200439,377
94901.219411,378
94901.240360,379
94901.259364,380
94901.279599,381
94901.297307,382
94901.316740,383
94901.337405,384
94901.355571,385
94901.377392,386
94901.394750,387
94901.408564,388
94901.428949,389
94901.447781,390
94901.464200,391
94901.472210,392
94901.486847,393
94901.495803,394
94901.511414,395
94901.521060,396
94901.533189,397
94901.545251,398
94901.566579,399
94901.584572,400
94901.605011,401
94901.616709,402
94901.634918,403
94901.655437,404
94901.675753,405
94901.686452,406
94901.704887,407
94901.726210,408
94901.742673,409
94901.760638,410
94901.772483,411
94901.785964,412
94901.804150,413
94901.825329,414
94901.842930,415
94901.857303,416
94901.879120,417
94901.897833,418
94901.915463,419
94901.936863,420
94901.947222,421
94901.965038,422
94901.982739,423
94902.001782,424
94902.012593,425
94902.033726,426
94902.053967,427
94902.064571,428
94902.083809,429
94902.096848,430
94902.115712,431
94902.135873,432
94902.156181,433
94902.174749,434
94902.192902,435
94902.209889,436
94902.228107,437
94902.242673,438
94902.258416,439
94902.279504,440
94902.298473,441
94902.312740,442
94902.329462,443
94902.344691,444
94902.366690,445
94902.382833,446
94902.390633,447
94902.406795,448
94902.425173,449
94902.444577,450
94902.452734,451
94902.469613,452
94902.488424,453
94902.497492,454
94902.514191,455
94902.531200,456
94902.548840,457
94902.565525,458
94902.580503,459
94902.601396,460
94902.617535,461
94902.635217,462
94902.653595,463
94902.671821,464
94902.689316,465
94902.707816,466
94902.723754,467
94902.742893,468
94902.758207,469
94902.773658,470
94902.787203,471
94902.799401,472
94902.812460,473
94902.825513,474
94902.836616,475
94902.850315,476
94902.865136,477
94902.875472,478
94902.891410,479
94902.904468,480
94902.918265,481
94902.931372,482
94902.944329,483
94902.955918,484
94902.969195,485
94902.980950,486
94902.991849,487
94903.004690,488
94903.011799,489
94903.024375,490
94903.039061,491
94903.052606,492
94903.063542,493
94903.077126,494
94903.090515,495
94903.104235,496
94903.118146,497
94903.131744,498
94903.145832,499
94904.774524,500
94904.792685,501
94904.807701,502
94904.822513,503
94904.835278,504
94904.852409,505
94904.866574,506
94904.881900,507
94904.897783,508
94904.914046,509
94904.929230,510
94904.946682,511
94904.961441,512
94904.977061,513
94904.992758,514
94905.008318,515
94905.026029,516
94905.040328,517
94905.055946,518
94905.070961,519
94905.087173,520
94905.102481,521
94905.117910,522
94905.132137,523
94905.146972,524
94905.161259,525
94905.180565,526
94905.199343,527
94905.214400,528
94905.228943,529
94905.244298,530
94905.258611,531
94905.273964,532
94905.290537,533
94905.306077,534
94905.322440,535
94905.334669,536
94905.347101,537
94905.359053,538
94905.372979,539
94905.384698,540
94905.397187,541
94905.409137,542
94905.422089,543
94905.435009,544
94905.448942,545
94905.463419,546
94905.476644,547
94905.490872,548
94905.502980,549
94905.518133,550
94905.529886,551
94905.541423,552
94905.555290,553
94905.567012,554
94905.578998,555
94905.592062,556
94905.605170,557
94905.617350,558
94905.629783,559
94905.641437,560
94905.654255,561
94905.666668,562
94905.678511,563
94905.692504,564
94905.704755,565
94905.716231,566
94905.728549,567
94905.740600,568
94905.751796,569
94905.765228,570
94905.777899,571
94905.791244,572
94905.804631,573
94905.817731,574
94905.829386,575
94905.844998,576
94905.858823,577
94905.869981,578
94905.881535,579
94905.893473,580
94905.907912,581
94905.920526,582
94905.934170,583
94905.946137,584
94905.961760,585
94905.973987,586
94905.986871,587
94905.998910,588
94906.013912,589
94906.025867,590
94906.037460,591
94906.052086,592
94906.063860,593
94906.076649,594
94906.089779,595
94906.102632,596
94906.114216,597
94906.128538,598
94906.140531,599
94906.153159,600
94906.165807,601
94906.178875,602
94906.192044,603
94906.203737,604
94906.215713,605
94906.228798,606
94906.244017,607
94906.257520,608
94906.270181,609
94906.281860,610
94906.294747,611
94906.306958,612
94906.319360,613
94906.332679,614
94906.346450,615
94906.359782,616
94906.372092,617
94906.386532,618
94906.398265,619
94906.411460,620
94906.424883,621
94906.437269,622
94906.449024,623
94906.461634,624
94906.475499,625
94906.489649,626
94906.501727,627
94906.514183,628
94906.525691,629
94906.540452,630
94906.553395,631
94906.564450,632
94906.577202,633
94906.589394,634
94906.602327,635
94906.614896,636
94906.628287,637
94906.640142,638
94906.652322,639
94906.665403,640
94906.678007,641
94906.690937,642
94906.705826,643
94906.716792,644
94906.728830,645
94906.742228,646
94906.756192,647
94906.769792,648
94906.783243,649
94906.797807,650
94906.811481,651
94906.825061,652
94906.841757,653
94906.855441,654
94906.868598,655
94906.882680,656
94906.895838,657
94906.908015,658
94906.921957,659
94906.936220,660
94906.948956,661
94906.960727,662
94906.972672,663
94906.986781,664
94907.000623,665
94907.017840,666
94907.038847,667
94907.052880,668
94907.068621,669
94907.084233,670
94907.098978,671
94907.114889,672
94907.130242,673
94907.144797,674
94907.159797,675
94907.176853,676
94907.189490,677
94907.205552,678
94907.218694,679
94907.234651,680
94907.249241,681
94907.264106,682
94907.279985,683
94907.293201,684
94907.308941,685
94907.324342,686
94907.338842,687
94907.351375,688
94907.366817,689
94907.380051,690
94907.394676,691
94907.408144,692
94907.421374,693
94907.434382,694
94907.450977,695
94907.463533,696
94907.477248,697
94907.490957,698
94907.503376,699
94907.516952,700
94907.530658,701
94907.543423,702
94907.557710,703
94907.572700,704
94907.584817,705
94907.597376,706
94907.611543,707
94907.624368,708
94907.636612,709
94907.648642,710
94907.662514,711
94907.674865,712
94907.686853,713
94907.699239,714
94907.710326,715
94907.722395,716
94907.734334,717
94907.746533,718
94907.760861,719
94907.773230,720
94907.786067,721
94907.798339,722
94907.812994,723
94907.828390,724
94907.840690,725
94907.853221,726
94907.866992,727
94907.880925,728
94907.895225,729
94907.908627,730
94907.920965,731
94907.933504,732
94907.945715,733
94907.958448,734
94907.970317,735
94907.985007,736
94907.998318,737
94908.010130,738
94908.026429,739
94908.041746,740
94908.056348,741
94908.069182,742
94908.081978,743
94908.096047,744
94908.110480,745
94908.123801,746
94908.136890,747
94908.150650,748
94908.164298,749
94909.977292,750
94909.989822,751
94910.001344,752
94910.022227,753
94910.036930,754
94910.049817,755
94910.061575,756
94910.073757,757
94910.089101,758
94910.100975,759
94910.114419,760
94910.125935,761
94910.138237,762
94910.149954,763
94910.163809,764
94910.175612,765
94910.188791,766
94910.203263,767
94910.216734,768
94910.230360,769
94910.247815,770
94910.261084,771
94910.279779,772
94910.292837,773
94910.305225,774
94910.319094,775
94910.335309,776
94910.352963,777
94910.373528,778
94910.386389,779
94910.399824,780
94910.414253,781
94910.432377,782
94910.445048,783
94910.458283,784
94910.471658,785
94910.487983,786
94910.500666,787
94910.514389,788
94910.525798,789
94910.539154,790
94910.554567,791
94910.568297,792
94910.580422,793
94910.597931,794
94910.611540,795
94910.626419,796
94910.639246,797
94910.651696,798
94910.663502,799
94910.679255,800
94910.691303,801
94910.703766,802
94910.716090,803
94910.728135,804
94910.743372,805
94910.759141,806
94910.773272,807
94910.787145,808
94910.800124,809
94910.815064,810
94910.833049,811
94910.845828,812
94910.859675,813
94910.874689,814
94910.888080,815
94910.902103,816
94910.914780,817
94910.928721,818
94910.945555,819
94910.957882,820
94910.972434,821
94910.985218,822
94911.001974,823
94911.015452,824
94911.029895,825
94911.045413,826
94911.064805,827
94911.079966,828
94911.092702,829
94911.106134,830
94911.120751,831
94911.133696,832
94911.152384,833
94911.166863,834
94911.180847,835
94911.193104,836
94911.206341,837
94911.219450,838
94911.231424,839
94911.244076,840
94911.257474,841
94911.271317,842
94911.283214,843
94911.296804,844
94911.309296,845
94911.323808,846
94911.337719,847
94911.351094,848
94911.365453,849
94911.377155,850
94911.387853,851
94911.400792,852
94911.412375,853
94911.425994,854
94911.442904,855
94911.453890,856
94911.466772,857
94911.479992,858
94911.497804,859
94911.512469,860
94911.523630,861
94911.537459,862
94911.549770,863
94911.561653,864
94911.575717,865
94911.588577,866
94911.605504,867
94911.619363,868
94911.631721,869
94911.643867,870
94911.655392,871
94911.670531,872
94911.682905,873
94911.695412,874
94911.708972,875
94911.722810,876
94911.735643,877
94911.752322,878
94911.768579,879
94911.780762,880
94911.792276,881
94911.806112,882
94911.819905,883
94911.833678,884
94911.846216,885
94911.857433,886
94911.870237,887
94911.881864,888
94911.894189,889
94911.907916,890
94911.923086,891
94911.935761,892
94911.949234,893
94911.962899,894
94911.975065,895
94911.987298,896
94912.001286,897
94912.013220,898
94912.028352,899
94912.040110,900
94912.052786,901
94912.068298,902
94912.080198,903
94912.092468,904
94912.104566,905
94912.115734,906
94912.127515,907
94912.139337,908
94912.151787,909
94912.166836,910
94912.177875,911
94912.191989,912
94912.203179,913
94912.216059,914
94912.228399,915
94912.241321,916
94912.255811,917
94912.269714,918
94912.281762,919
94912.293720,920
94912.306641,921
94912.319769,922
94912.333529,923
94912.348893,924
94912.360625,925
94912.375618,926
94912.387231,927
94912.401383,928
94912.417246,929
94912.428722,930
94912.442580,931
94912.454885,932
94912.471225,933
94912.483357,934
94912.497995,935
94912.509227,936
94912.520113,937
94912.533524,938
94912.548848,939
94912.560201,940
94912.577040,941
94912.590458,942
94912.604455,943
94912.616963,944
94912.628979,945
94912.640927,946
94912.655055,947
94912.671925,948
94912.685222,949
94912.703387,950
94912.724687,951
94912.738025,952
94912.749973,953
94912.762071,954
94912.775062,955
94912.788475,956
94912.802322,957
94912.820270,958
94912.838743,959
94912.851891,960
94912.865102,961
94912.877982,962
94912.893103,963
94912.904929,964
94912.920818,965
94912.936570,966
94912.949709,967
94912.961095,968
94912.973263,969
94912.985617,970
94912.999133,971
94913.016844,972
94913.029117,973
94913.044575,974
94913.057204,975
94913.069816,976
94913.082647,977
94913.095401,978
94913.108193,979
94913.120312,980
94913.133973,981
94913.146538,982
94913.159364,983
94913.171378,984
94913.183216,985
94913.194256,986
94913.208578,987
94913.220317,988
94913.234973,989
94913.246616,990
94913.260015,991
94913.274909,992
94913.286513,993
94913.298021,994
94913.309513,995
94913.323397,996
94913.335727,997
94913.349017,998
94913.365860,999
94915.448986,1000
94915.497264,1001
94915.502968,1002
94915.508772,1003
94915.514482,1004
94915.520460,1005
94915.526959,1006
94915.533217,1007
94915.539629,1008
94915.545610,1009
94915.551485,1010
94915.557530,1011
94915.563468,1012
94915.571592,1013
94915.577514,1014
94915.583768,1015
94915.590040,1016
94915.597516,1017
94915.603736,1018
94915.609641,1019
94915.615498,1020
94915.621780,1021
94915.627693,1022
94915.633741,1023
94915.639586,1024
94915.645788,1025
94915.652113,1026
94915.658233,1027
94915.664163,1028
94915.670336,1029
94915.675877,1030
94915.681715,1031
94915.687699,1032
94915.694414,1033
94915.700993,1034
94915.707679,1035
94915.713961,1036
94915.720659,1037
94915.727369,1038
94915.734389,1039
94915.740451,1040
94915.746877,1041
94915.753237,1042
94915.759541,1043
94915.765809,1044
94915.772090,1045
94915.778631,1046
94915.785911,1047
94915.792654,1048
94915.799556,1049
94915.806603,1050
94915.813569,1051
94915.820554,1052
94915.827611,1053
94915.834264,1054
94915.840849,1055
94915.847981,1056
94915.855125,1057
94915.861940,1058
94915.868726,1059
94915.875793,1060
94915.882862,1061
94915.889733,1062
94915.896852,1063
94915.903602,1064
94915.913132,1065
94915.919510,1066
94915.925908,1067
94915.932384,1068
94915.938743,1069
94915.945503,1070
94915.952668,1071
94915.959212,1072
94915.965856,1073
94915.972420,1074
94915.980216,1075
94915.986868,1076
94915.993766,1077
94916.000809,1078
94916.007616,1079
94916.015305,1080
94916.022414,1081
94916.028805,1082
94916.035417,1083
94916.042258,1084
94916.049598,1085
94916.056265,1086
94916.063219,1087
94916.069802,1088
94916.077044,1089
94916.084449,1090
94916.091006,1091
94916.097898,1092
94916.104803,1093
94916.110837,1094
94916.118500,1095
94916.127497,1096
94916.136144,1097
94916.144694,1098
94916.154532,1099
94916.160761,1100
94916.166790,1101
94916.172623,1102
94916.178723,1103
94916.184650,1104
94916.190554,1105
94916.196302,1106
94916.202329,1107
94916.208068,1108
94916.214403,1109
94916.220771,1110
94916.227244,1111
94916.233309,1112
94916.239383,1113
94916.244996,1114
94916.251420,1115
94916.257391,1116
94916.263475,1117
94916.268996,1118
94916.275212,1119
94916.281058,1120
94916.287246,1121
94916.293441,1122
94916.299408,1123
94916.305275,1124
94916.311322,1125
94916.317948,1126
94916.324182,1127
94916.330031,1128
94916.336238,1129
94916.342000,1130
94916.348309,1131
94916.354199,1132
94916.360737,1133
94916.369498,1134
94916.376289,1135
94916.382018,1136
94916.388653,1137
94916.394613,1138
94916.400606,1139
94916.406677,1140
94916.412522,1141
94916.418451,1142
94916.424342,1143
94916.429935,1144
94916.436721,1145
94916.442523,1146
94916.449712,1147
94916.456145,1148
94916.462263,1149
94916.467943,1150
94916.473851,1151
94916.479866,1152
94916.486418,1153
94916.492548,1154
94916.498729,1155
94916.504873,1156
94916.511155,1157
94916.517017,1158
94916.523065,1159
94916.528899,1160
94916.534801,1161
94916.541410,1162
94916.547976,1163
94916.553900,1164
94916.560030,1165
94916.565820,1166
94916.571875,1167
94916.577615,1168
94916.584047,1169
94916.590678,1170
94916.597344,1171
94916.603357,1172
94916.609395,1173
94916.615440,1174
94916.621606,1175
94916.627649,1176
94916.638220,1177
94916.648853,1178
94916.657387,1179
94916.663826,1180
94916.669813,1181
94916.675529,1182
94916.681472,1183
94916.687327,1184
94916.693263,1185
94916.699792,1186
94916.706030,1187
94916.712294,1188
94916.718411,1189
94916.725054,1190
94916.731493,1191
94916.737628,1192
94916.743839,1193
94916.750446,1194
94916.757540,1195
94916.764202,1196
94916.770639,1197
94916.777358,1198
94916.784611,1199
94916.790609,1200
94916.796872,1201
94916.803765,1202
94916.810378,1203
94916.816811,1204
94916.823957,1205
94916.830067,1206
94916.836220,1207
94916.842112,1208
94916.848647,1209
94916.855477,1210
94916.862228,1211
94916.868744,1212
94916.875435,1213
94916.882358,1214
94916.889376,1215
94916.896399,1216
94916.903103,1217
94916.909516,1218
94916.916666,1219
94916.923270,1220
94916.929606,1221
94916.935711,1222
94916.942031,1223
94916.949209,1224
94916.956952,1225
94916.963655,1226
94916.970043,1227
94916.976376,1228
94916.982742,1229
94916.988658,1230
94916.995076,1231
94917.001639,1232
94917.007644,1233
94917.013819,1234
94917.020657,1235
94917.026705,1236
94917.033428,1237
94917.040123,1238
94917.048252,1239
94917.054979,1240
94917.062041,1241
94917.069350,1242
94917.076042,1243
94917.083431,1244
94917.090388,1245
94917.099450,1246
94917.105725,1247
94917.111711,1248
94917.118395,1249
94919.639521,1250
94919.652032,1251
94919.666599,1252
94919.677427,1253
94919.689114,1254
94919.703138,1255
94919.715351,1256
94919.731867,1257
94919.742798,1258
94919.754429,1259
94919.765928,1260
94919.777965,1261
94919.792785,1262
94919.805329,1263
94919.816412,1264
94919.828220,1265
94919.841443,1266
94919.857870,1267
94919.870777,1268
94919.884065,1269
94919.898459,1270
94919.912762,1271
94919.925111,1272
94919.937608,1273
94919.952420,1274
94919.964982,1275
94919.977613,1276
94919.991563,1277
94920.005381,1278
94920.017463,1279
94920.030956,1280
94920.044947,1281
94920.057880,1282
94920.070513,1283
94920.082765,1284
94920.096696,1285
94920.108884,1286
94920.120880,1287
94920.137728,1288
94920.151449,1289
94920.167974,1290
94920.180357,1291
94920.194527,1292
94920.206961,1293
94920.219301,1294
94920.231791,1295
94920.246950,1296
94920.259538,1297
94920.271105,1298
94920.283109,1299
94920.294604,1300
94920.305780,1301
94920.317150,1302
94920.331353,1303
94920.345262,1304
94920.359575,1305
94920.371844,1306
94920.383129,1307
94920.395353,1308
94920.408675,1309
94920.422567,1310
94920.433698,1311
94920.445449,1312
94920.456228,1313
94920.467231,1314
94920.481182,1315
94920.493806,1316
94920.505202,1317
94920.516945,1318
94920.528463,1319
94920.539811,1320
94920.553038,1321
94920.567641,1322
94920.578740,1323
94920.590551,1324
94920.604205,1325
94920.615217,1326
94920.626510,1327
94920.639063,1328
94920.651904,1329
94920.664462,1330
94920.675628,1331
94920.687291,1332
94920.698262,1333
94920.710846,1334
94920.724098,1335
94920.736879,1336
94920.750351,1337
94920.761045,1338
94920.773446,1339
94920.788522,1340
94920.803542,1341
94920.815515,1342
94920.828097,1343
94920.839555,1344
94920.850787,1345
94920.865605,1346
94920.880585,1347
94920.897286,1348
94920.909459,1349
94920.922995,1350
94920.936421,1351
94920.950026,1352
94920.963140,1353
94920.976446,1354
94920.991294,1355
94921.006716,1356
94921.020408,1357
94921.035352,1358
94921.049206,1359
94921.062942,1360
94921.075346,1361
94921.087358,1362
94921.102303,1363
94921.115996,1364
94921.130696,1365
94921.144558,1366
94921.158604,1367
94921.172501,1368
94921.184477,1369
94921.196600,1370
94921.208871,1371
94921.221042,1372
94921.233355,1373
94921.246524,1374
94921.260660,1375
94921.272770,1376
94921.285783,1377
94921.297714,1378
94921.308835,1379
94921.324316,1380
94921.338071,1381
94921.349348,1382
94921.363348,1383
94921.376312,1384
94921.387484,1385
94921.400473,1386
94921.412278,1387
94921.423716,1388
94921.435506,1389
94921.447135,1390
94921.458277,1391
94921.468846,1392
94921.480336,1393
94921.491693,1394
94921.503030,1395
94921.514456,1396
94921.524921,1397
94921.538685,1398
94921.550162,1399
94921.563486,1400
94921.574918,1401
94921.586448,1402
94921.598102,1403
94921.610886,1404
94921.621970,1405
94921.634398,1406
94921.648259,1407
94921.662181,1408
94921.673659,1409
94921.684417,1410
94921.696005,1411
94921.707715,1412
94921.719426,1413
94921.730726,1414
94921.744891,1415
94921.756623,1416
94921.767459,1417
94921.780977,1418
94921.791983,1419
94921.805521,1420
94921.819118,1421
94921.830606,1422
94921.842413,1423
94921.853800,1424
94921.864491,1425
94921.878536,1426
94921.890147,1427
94921.903742,1428
94921.914975,1429
94921.928771,1430
94921.940677,1431
94921.954592,1432
94921.966871,1433
94921.977694,1434
94921.988532,1435
94921.999756,1436
94922.010630,1437
94922.021811,1438
94922.032991,1439
94922.044874,1440
94922.056254,1441
94922.068204,1442
94922.079015,1443
94922.091673,1444
94922.103042,1445
94922.113836,1446
94922.125551,1447
94922.136240,1448
94922.147431,1449
94922.159023,1450
94922.170158,1451
94922.183071,1452
94922.194531,1453
94922.206632,1454
94922.219609,1455
94922.232620,1456
94922.245842,1457
94922.260458,1458
94922.272545,1459
94922.284679,1460
94922.298459,1461
94922.310206,1462
94922.322123,1463
94922.333541,1464
94922.346426,1465
94922.358323,1466
94922.369468,1467
94922.383306,1468
94922.394494,1469
94922.405712,1470
94922.416827,1471
94922.427813,1472
94922.439983,1473
94922.451337,1474
94922.462135,1475
94922.473227,1476
94922.484274,1477
94922.495474,1478
94922.506897,1479
94922.518434,1480
94922.529918,1481
94922.541922,1482
94922.553776,1483
94922.564989,1484
94922.576494,1485
94922.587030,1486
94922.598811,1487
94922.610136,1488
94922.620989,1489
94922.632301,1490
94922.643357,1491
94922.654497,1492
94922.666762,1493
94922.677434,1494
94922.688730,1495
94922.699850,1496
94922.711395,1497
94922.722788,1498
94922.733371,1499
94925.471680,1500
94925.485436,1501
94925.497061,1502
94925.509601,1503
94925.523151,1504
94925.534419,1505
94925.546372,1506
94925.558145,1507
94925.570146,1508
94925.585770,1509
94925.600999,1510
94925.613668,1511
94925.626252,1512
94925.637317,1513
94925.649156,1514
94925.661366,1515
94925.673936,1516
94925.685527,1517
94925.696453,1518
94925.708535,1519
94925.720960,1520
94925.732598,1521
94925.745583,1522
94925.755566,1523
94925.767432,1524
94925.779241,1525
94925.790454,1526
94925.801883,1527
94925.814417,1528
94925.827174,1529
94925.837978,1530
94925.850586,1531
94925.862221,1532
94925.873799,1533
94925.885142,1534
94925.894994,1535
94925.906299,1536
94925.921138,1537
94925.932139,1538
94925.943838,1539
94925.955205,1540
94925.966116,1541
94925.979301,1542
94925.990422,1543
94926.002513,1544
94926.013826,1545
94926.024065,1546
94926.035572,1547
94926.048680,1548
94926.059573,1549
94926.070671,1550
94926.082343,1551
94926.093645,1552
94926.107218,1553
94926.117339,1554
94926.127395,1555
94926.137831,1556
94926.148584,1557
94926.160483,1558
94926.170506,1559
94926.181496,1560
94926.192186,1561
94926.205837,1562
94926.217633,1563
94926.229132,1564
94926.239639,1565
94926.250918,1566
94926.262385,1567
94926.273577,1568
94926.282737,1569
94926.293502,1570
94926.303144,1571
94926.315285,1572
94926.327237,1573
94926.338889,1574
94926.349872,1575
94926.361652,1576
94926.371422,1577
94926.382195,1578
94926.394364,1579
94926.409878,1580
94926.420976,1581
94926.431285,1582
94926.441804,1583
94926.453318,1584
94926.463499,1585
94926.474614,1586
94926.485076,1587
94926.495424,1588
94926.505347,1589
94926.516519,1590
94926.526907,1591
94926.537843,1592
94926.548688,1593
94926.563361,1594
94926.573958,1595
94926.584627,1596
94926.593894,1597
94926.605282,1598
94926.615881,1599
94926.627838,1600
94926.639721,1601
94926.650311,1602
94926.663712,1603
94926.675389,1604
94926.684867,1605
94926.694918,1606
94926.705318,1607
94926.715196,1608
94926.725257,1609
94926.735795,1610
94926.746157,1611
94926.758127,1612
94926.769515,1613
94926.779644,1614
94926.790875,1615
94926.802301,1616
94926.812932,1617
94926.823430,1618
94926.835099,1619
94926.845210,1620
94926.856428,1621
94926.867407,1622
94926.877390,1623
94926.889301,1624
94926.899545,1625
94926.910115,1626
94926.920467,1627
94926.931978,1628
94926.942298,1629
94926.954569,1630
94926.965613,1631
94926.976297,1632
94926.988029,1633
94926.999772,1634
94927.010960,1635
94927.022597,1636
94927.034890,1637
94927.045099,1638
94927.057815,1639
94927.069566,1640
94927.080186,1641
94927.090740,1642
94927.101349,1643
94927.111837,1644
94927.121473,1645
94927.132977,1646
94927.144814,1647
94927.155689,1648
94927.166564,1649
94927.179342,1650
94927.191130,1651
94927.204708,1652
94927.215031,1653
94927.228042,1654
94927.238512,1655
94927.250168,1656
94927.261176,1657
94927.272968,1658
94927.285227,1659
94927.298971,1660
94927.311415,1661
94927.321463,1662
94927.333235,1663
94927.344687,1664
94927.357497,1665
94927.369118,1666
94927.378551,1667
94927.390355,1668
94927.401460,1669
94927.413479,1670
94927.424428,1671
94927.436018,1672
94927.448391,1673
94927.460920,1674
94927.472776,1675
94927.483206,1676
94927.493401,1677
94927.504438,1678
94927.516639,1679
94927.527427,1680
94927.537760,1681
94927.548394,1682
94927.564302,1683
94927.575276,1684
94927.586848,1685
94927.601769,1686
94927.613031,1687
94927.624436,1688
94927.636252,1689
94927.647415,1690
94927.660854,1691
94927.670555,1692
94927.684325,1693
94927.696713,1694
94927.708608,1695
94927.721706,1696
94927.735419,1697
94927.748310,1698
94927.760891,1699
94927.772013,1700
94927.782383,1701
94927.794547,1702
94927.804562,1703
94927.816261,1704
94927.826872,1705
94927.838746,1706
94927.848635,1707
94927.859724,1708
94927.869827,1709
94927.881103,1710
94927.892347,1711
94927.904274,1712
94927.914562,1713
94927.926421,1714
94927.937350,1715
94927.948474,1716
94927.960341,1717
94927.971622,1718
94927.983199,1719
94927.996532,1720
94928.008779,1721
94928.018834,1722
94928.032373,1723
94928.045264,1724
94928.056888,1725
94928.065981,1726
94928.078610,1727
94928.090185,1728
94928.101361,1729
94928.112680,1730
94928.121448,1731
94928.131259,1732
94928.143621,1733
94928.155706,1734
94928.166027,1735
94928.179359,1736
94928.191146,1737
94928.201589,1738
94928.215388,1739
94928.228446,1740
94928.240338,1741
94928.252781,1742
94928.264908,1743
94928.276839,1744
94928.286666,1745
94928.298754,1746
94928.310106,1747
94928.319773,1748
94928.332883,1749
94931.503472,1750
94931.520187,1751
94931.532526,1752
94931.544050,1753
94931.555201,1754
94931.566665,1755
94931.578411,1756
94931.590169,1757
94931.602340,1758
94931.614347,1759
94931.626347,1760
94931.637491,1761
94931.648637,1762
94931.660098,1763
94931.670942,1764
94931.683314,1765
94931.694615,1766
94931.708763,1767
94931.720214,1768
94931.732543,1769
94931.744435,1770
94931.755628,1771
94931.766735,1772
94931.777942,1773
94931.789205,1774
94931.801395,1775
94931.813386,1776
94931.824412,1777
94931.837932,1778
94931.850218,1779
94931.862170,1780
94931.874434,1781
94931.885827,1782
94931.897265,1783
94931.910558,1784
94931.922832,1785
94931.934610,1786
94931.946478,1787
94931.957833,1788
94931.968864,1789
94931.980958,1790
94931.991722,1791
94932.004567,1792
94932.017314,1793
94932.028583,1794
94932.039900,1795
94932.052112,1796
94932.063997,1797
94932.077271,1798
94932.089815,1799
94932.101527,1800
94932.112975,1801
94932.124530,1802
94932.135526,1803
94932.146942,1804
94932.157965,1805
94932.168869,1806
94932.179284,1807
94932.191714,1808
94932.203167,1809
94932.213518,1810
94932.227530,1811
94932.241452,1812
94932.252622,1813
94932.263906,1814
94932.274643,1815
94932.286562,1816
94932.297174,1817
94932.308353,1818
94932.317672,1819
94932.329757,1820
94932.340305,1821
94932.351751,1822
94932.362280,1823
94932.373705,1824
94932.385391,1825
94932.397216,1826
94932.407981,1827
94932.419396,1828
94932.430596,1829
94932.441535,1830
94932.451570,1831
94932.461362,1832
94932.472756,1833
94932.485701,1834
94932.496754,1835
94932.508424,1836
94932.520750,1837
94932.531856,1838
94932.544578,1839
94932.555326,1840
94932.566394,1841
94932.579152,1842
94932.590353,1843
94932.602057,1844
94932.613731,1845
94932.625266,1846
94932.636577,1847
94932.648648,1848
94932.660116,1849
94932.671507,1850
94932.683751,1851
94932.694755,1852
94932.706280,1853
94932.717064,1854
94932.727212,1855
94932.738725,1856
94932.750129,1857
94932.761230,1858
94932.772662,1859
94932.784510,1860
94932.794830,1861
94932.806477,1862
94932.817791,1863
94932.829705,1864
94932.841353,1865
94932.852667,1866
94932.863109,1867
94932.875804,1868
94932.886480,1869
94932.898366,1870
94932.909711,1871
94932.920680,1872
94932.931369,1873
94932.943079,1874
94932.954437,1875
94932.966868,1876
94932.977605,1877
94932.987616,1878
94933.000086,1879
94933.011936,1880
94933.023273,1881
94933.034867,1882
94933.046017,1883
94933.056634,1884
94933.067998,1885
94933.080449,1886
94933.091510,1887
94933.101712,1888
94933.112154,1889
94933.124208,1890
94933.134815,1891
94933.146923,1892
94933.158240,1893
94933.168749,1894
94933.180574,1895
94933.191211,1896
94933.201810,1897
94933.215277,1898
94933.225560,1899
94933.236594,1900
94933.247672,1901
94933.259106,1902
94933.270819,1903
94933.281930,1904
94933.293050,1905
94933.304416,1906
94933.315991,1907
94933.326592,1908
94933.337380,1909
94933.347751,1910
94933.358292,1911
94933.370420,1912
94933.382370,1913
94933.392439,1914
94933.404051,1915
94933.414845,1916
94933.424425,1917
94933.433745,1918
94933.444707,1919
94933.455497,1920
94933.465230,1921
94933.476943,1922
94933.487016,1923
94933.500785,1924
94933.511864,1925
94933.522854,1926
94933.534919,1927
94933.544603,1928
94933.554081,1929
94933.564077,1930
94933.574901,1931
94933.585602,1932
94933.596500,1933
94933.607783,1934
94933.618372,1935
94933.629544,1936
94933.640493,1937
94933.651665,1938
94933.662768,1939
94933.673673,1940
94933.684344,1941
94933.696022,1942
94933.707712,1943
94933.718453,1944
94933.729215,1945
94933.739848,1946
94933.751313,1947
94933.761456,1948
94933.771683,1949
94933.782347,1950
94933.792729,1951
94933.803422,1952
94933.813187,1953
94933.822963,1954
94933.834871,1955
94933.846543,1956
94933.857123,1957
94933.866762,1958
94933.876897,1959
94933.888801,1960
94933.899654,1961
94933.909736,1962
94933.919766,1963
94933.929567,1964
94933.939933,1965
94933.949774,1966
94933.960912,1967
94933.971115,1968
94933.980571,1969
94933.990778,1970
94934.002412,1971
94934.012620,1972
94934.022789,1973
94934.033532,1974
94934.044571,1975
94934.054494,1976
94934.064731,1977
94934.076553,1978
94934.087448,1979
94934.097560,1980
94934.108266,1981
94934.118789,1982
94934.128480,1983
94934.138738,1984
94934.149247,1985
94934.160727,1986
94934.171615,1987
94934.182481,1988
94934.192377,1989
94934.203257,1990
94934.214134,1991
94934.224881,1992
94934.235838,1993
94934.245815,1994
94934.256824,1995
94934.267943,1996
94934.278396,1997
94934.288956,1998
94934.299051,1999
94936.474600,2250
94936.569498,2251
94936.575454,2252
94936.582170,2253
94936.588233,2254
94936.594684,2255
94936.601022,2256
94936.607410,2257
94936.613877,2258
94936.620580,2259
94936.627367,2260
94936.633911,2261
94936.640211,2262
94936.647097,2263
94936.654591,2264
94936.662368,2265
94936.672495,2266
94936.680630,2267
94936.687717,2268
94936.694508,2269
94936.700661,2270
94936.706805,2271
94936.713409,2272
94936.719813,2273
94936.726126,2274
94936.732303,2275
94936.738450,2276
94936.744679,2277
94936.751906,2278
94936.758212,2279
94936.764718,2280
94936.771429,2281
94936.778085,2282
94936.784640,2283
94936.791795,2284
94936.798191,2285
94936.804323,2286
94936.810603,2287
94936.816960,2288
94936.823453,2289
94936.830087,2290
94936.837039,2291
94936.843618,2292
94936.849926,2293
94936.856426,2294
94936.863259,2295
94936.870154,2296
94936.876641,2297
94936.883237,2298
94936.889993,2299
94936.897209,2300
94936.904195,2301
94936.910639,2302
94936.917795,2303
94936.924573,2304
94936.931744,2305
94936.938621,2306
94936.945178,2307
94936.952955,2308
94936.959812,2309
94936.966135,2310
94936.972637,2311
94936.979203,2312
94936.985430,2313
94936.991673,2314
94936.997930,2315
94937.004039,2316
94937.010100,2317
94937.016296,2318
94937.022761,2319
94937.028905,2320
94937.035519,2321
94937.044666,2322
94937.051021,2323
94937.057749,2324
94937.064089,2325
94937.070542,2326
94937.077120,2327
94937.083774,2328
94937.090341,2329
94937.096532,2330
94937.102669,2331
94937.109105,2332
94937.115403,2333
94937.121730,2334
94937.128284,2335
94937.134837,2336
94937.141240,2337
94937.147493,2338
94937.154178,2339
94937.160602,2340
94937.167306,2341
94937.174143,2342
94937.180793,2343
94937.187565,2344
94937.193652,2345
94937.200455,2346
94937.206630,2347
94937.212976,2348
94937.219237,2349
94937.226554,2350
94937.232784,2351
94937.239275,2352
94937.245394,2353
94937.251758,2354
94937.258234,2355
94937.264647,2356
94937.271392,2357
94937.278182,2358
94937.285190,2359
94937.291826,2360
94937.299545,2361
94937.306431,2362
94937.313128,2363
94937.320112,2364
94937.327122,2365
94937.334025,2366
94937.340984,2367
94937.347794,2368
94937.354620,2369
94937.361624,2370
94937.368338,2371
94937.374987,2372
94937.381051,2373
94937.387921,2374
94937.394038,2375
94937.400114,2376
94937.406370,2377
94937.412679,2378
94937.418874,2379
94937.426370,2380
94937.432939,2381
94937.439310,2382
94937.446338,2383
94937.452784,2384
94937.459526,2385
94937.466544,2386
94937.473430,2387
94937.479898,2388
94937.486689,2389
94937.493823,2390
94937.500580,2391
94937.507786,2392
94937.514664,2393
94937.521367,2394
94937.528741,2395
94937.535527,2396
94937.542258,2397
94937.549657,2398
94937.556546,2399
94937.563437,2400
94937.570579,2401
94937.577252,2402
94937.586775,2403
94937.593703,2404
94937.600102,2405
94937.606679,2406
94937.613215,2407
94937.619607,2408
94937.626390,2409
94937.633634,2410
94937.640204,2411
94937.646728,2412
94937.656107,2413
94937.662832,2414
94937.669270,2415
94937.676127,2416
94937.682831,2417
94937.689224,2418
94937.695678,2419
94937.702437,2420
94937.708956,2421
94937.715473,2422
94937.721661,2423
94937.727993,2424
94937.734211,2425
94937.740529,2426
94937.746793,2427
94937.753186,2428
94937.759775,2429
94937.766241,2430
94937.772856,2431
94937.779312,2432
94937.786072,2433
94937.793298,2434
94937.799803,2435
94937.806534,2436
94937.813276,2437
94937.819960,2438
94937.826758,2439
94937.833614,2440
94937.840676,2441
94937.847500,2442
94937.854486,2443
94937.861241,2444
94937.868405,2445
94937.875468,2446
94937.882927,2447
94937.889791,2448
94937.896459,2449
94937.902914,2450
94937.909504,2451
94937.915839,2452
94937.921988,2453
94937.928114,2454
94937.934312,2455
94937.940614,2456
94937.946905,2457
94937.953376,2458
94937.959574,2459
94937.966036,2460
94937.972930,2461
94937.979718,2462
94937.986454,2463
94937.992981,2464
94937.999172,2465
94938.005484,2466
94938.012206,2467
94938.018368,2468
94938.024628,2469
94938.030642,2470
94938.036630,2471
94938.044311,2472
94938.052356,2473
94938.060201,2474
94938.068252,2475
94938.075492,2476
94938.082499,2477
94938.089380,2478
94938.096208,2479
94938.103147,2480
94938.110030,2481
94938.117084,2482
94938.124233,2483
94938.131035,2484
94938.137813,2485
94938.144938,2486
94938.152012,2487
94938.159142,2488
94938.166222,2489
94938.174000,2490
94938.181026,2491
94938.188342,2492
94938.195217,2493
94938.201885,2494
94938.208943,2495
94938.215787,2496
94938.222624,2497
94938.229900,2498
94938.236724,2499
94940.898940,2500
94940.912635,2501
94940.924150,2502
94940.938718,2503
94940.945507,2504
94940.960126,2505
94940.974636,2506
94940.985809,2507
94940.997569,2508
94941.009986,2509
94941.019125,2510
94941.035125,2511
94941.047169,2512
94941.060147,2513
94941.071681,2514
94941.085890,2515
94941.099834,2516
94941.113217,2517
94941.126737,2518
94941.139531,2519
94941.153996,2520
94941.167188,2521
94941.182150,2522
94941.195277,2523
94941.207384,2524
94941.223808,2525
94941.239028,2526
94941.251054,2527
94941.262143,2528
94941.275204,2529
94941.289487,2530
94941.296043,2531
94941.307651,2532
94941.314325,2533
94941.328560,2534
94941.341539,2535
94941.355626,2536
94941.362366,2537
94941.371738,2538
94941.385374,2539
94941.399614,2540
94941.412613,2541
94941.426141,2542
94941.439684,2543
94941.452956,2544
94941.467548,2545
94941.481714,2546
94941.493750,2547
94941.507576,2548
94941.519778,2549
94941.533268,2550
94941.546164,2551
94941.556324,2552
94941.570284,2553
94941.585679,2554
94941.598309,2555
94941.610824,2556
94941.623581,2557
94941.637326,2558
94941.650966,2559
94941.667850,2560
94941.680417,2561
94941.694296,2562
94941.709416,2563
94941.716554,2564
94941.730931,2565
94941.745848,2566
94941.756691,2567
94941.771196,2568
94941.783984,2569
94941.798560,2570
94941.809012,2571
94941.823792,2572
94941.836560,2573
94941.847824,2574
94941.861247,2575
94941.877962,2576
94941.892948,2577
94941.906738,2578
94941.918249,2579
94941.925384,2580
94941.939054,2581
94941.952836,2582
94941.966188,2583
94941.983294,2584
94941.996210,2585
94942.009440,2586
94942.021837,2587
94942.033990,2588
94942.047717,2589
94942.060319,2590
94942.073340,2591
94942.079484,2592
94942.092965,2593
94942.105865,2594
94942.117324,2595
94942.130466,2596
94942.137125,2597
94942.149402,2598
94942.161524,2599
94942.174606,2600
94942.187907,2601
94942.202447,2602
94942.215107,2603
94942.228826,2604
94942.242324,2605
94942.255647,2606
94942.267024,2607
94942.278774,2608
94942.292425,2609
94942.304998,2610
94942.311315,2611
94942.324777,2612
94942.337507,2613
94942.349539,2614
94942.359712,2615
94942.373392,2616
94942.379946,2617
94942.386548,2618
94942.393432,2619
94942.404594,2620
94942.419323,2621
94942.433727,2622
94942.446613,2623
94942.459523,2624
94942.471691,2625
94942.483761,2626
94942.497697,2627
94942.510670,2628
94942.520444,2629
94942.535694,2630
94942.548116,2631
94942.562018,2632
94942.576502,2633
94942.591689,2634
94942.604965,2635
94942.617353,2636
94942.624150,2637
94942.639999,2638
94942.655175,2639
94942.664788,2640
94942.677588,2641
94942.688804,2642
94942.703846,2643
94942.710479,2644
94942.723336,2645
94942.735921,2646
94942.751108,2647
94942.762514,2648
94942.771922,2649
94942.786579,2650
94942.799431,2651
94942.813935,2652
94942.828584,2653
94942.840701,2654
94942.852581,2655
94942.863868,2656
94942.876670,2657
94942.883492,2658
94942.890593,2659
94942.904888,2660
94942.916364,2661
94942.930412,2662
94942.943482,2663
94942.956598,2664
94942.970674,2665
94942.983709,2666
94942.992445,2667
94943.006832,2668
94943.021613,2669
94943.035074,2670
94943.042536,2671
94943.054306,2672
94943.067697,2673
94943.082300,2674
94943.096718,2675
94943.109401,2676
94943.115879,2677
94943.127420,2678
94943.140636,2679
94943.150289,2680
94943.163301,2681
94943.174838,2682
94943.188448,2683
94943.202806,2684
94943.210325,2685
94943.222778,2686
94943.236798,2687
94943.251315,2688
94943.263467,2689
94943.276889,2690
94943.292426,2691
94943.307222,2692
94943.320275,2693
94943.328875,2694
94943.342119,2695
94943.356180,2696
94943.367237,2697
94943.379360,2698
94943.387800,2699
94943.402943,2700
94943.409805,2701
94943.422742,2702
94943.435545,2703
94943.448342,2704
94943.454815,2705
94943.467013,2706
94943.480889,2707
94943.495192,2708
94943.507294,2709
94943.513447,2710
94943.525416,2711
94943.533846,2712
94943.545517,2713
94943.557687,2714
94943.570564,2715
94943.582135,2716
94943.595811,2717
94943.605277,2718
94943.617995,2719
94943.630994,2720
94943.644613,2721
94943.656767,2722
94943.669554,2723
94943.682255,2724
94943.690763,2725
94943.704033,2726
94943.710871,2727
94943.725379,2728
94943.739294,2729
94943.747892,2730
94943.754328,2731
94943.767929,2732
94943.781870,2733
94943.795800,2734
94943.809455,2735
94943.820995,2736
94943.834827,2737
94943.847560,2738
94943.859069,2739
94943.866007,2740
94943.881026,2741
94943.892539,2742
94943.906221,2743
94943.918060,2744
94943.926429,2745
94943.940284,2746
94943.951372,2747
94943.959854,2748
94943.974229,2749
94947.328645,2750
94947.340796,2751
94947.350989,2752
94947.361720,2753
94947.375052,2754
94947.389031,2755
94947.399408,2756
94947.411191,2757
94947.423462,2758
94947.437104,2759
94947.447696,2760
94947.461030,2761
94947.475579,2762
94947.487439,2763
94947.500761,2764
94947.511508,2765
94947.524812,2766
94947.537896,2767
94947.548450,2768
94947.558806,2769
94947.569444,2770
94947.579969,2771
94947.590682,2772
94947.603649,2773
94947.615817,2774
94947.628800,2775
94947.639395,2776
94947.649629,2777
94947.659929,2778
94947.672981,2779
94947.685255,2780
94947.695949,2781
94947.707242,2782
94947.718472,2783
94947.728989,2784
94947.739494,2785
94947.752878,2786
94947.763547,2787
94947.775780,2788
94947.788810,2789
94947.801170,2790
94947.812147,2791
94947.823940,2792
94947.837223,2793
94947.850439,2794
94947.861638,2795
94947.873278,2796
94947.884341,2797
94947.896282,2798
94947.907106,2799
94947.917167,2800
94947.928324,2801
94947.940496,2802
94947.951600,2803
94947.963343,2804
94947.974448,2805
94947.985523,2806
94947.996862,2807
94948.007810,2808
94948.018077,2809
94948.029354,2810
94948.039427,2811
94948.053423,2812
94948.064405,2813
94948.075487,2814
94948.089599,2815
94948.100375,2816
94948.114279,2817
94948.127121,2818
94948.138286,2819
94948.150154,2820
94948.161362,2821
94948.174041,2822
94948.186756,2823
94948.199734,2824
94948.210253,2825
94948.220712,2826
94948.231810,2827
94948.242732,2828
94948.253511,2829
94948.266406,2830
94948.279346,2831
94948.292091,2832
94948.303549,2833
94948.313720,2834
94948.325041,2835
94948.335669,2836
94948.348663,2837
94948.361165,2838
94948.373406,2839
94948.383391,2840
94948.394184,2841
94948.405639,2842
94948.415822,2843
94948.428110,2844
94948.437748,2845
94948.447920,2846
94948.461383,2847
94948.472944,2848
94948.483584,2849
94948.493892,2850
94948.505828,2851
94948.516420,2852
94948.528548,2853
94948.540912,2854
94948.551978,2855
94948.563812,2856
94948.575218,2857
94948.585843,2858
94948.596371,2859
94948.607403,2860
94948.617492,2861
94948.628910,2862
94948.640883,2863
94948.655229,2864
94948.668662,2865
94948.679912,2866
94948.691040,2867
94948.704631,2868
94948.714882,2869
94948.725741,2870
94948.739024,2871
94948.749404,2872
94948.761762,2873
94948.772443,2874
94948.782255,2875
94948.794257,2876
94948.804367,2877
94948.814937,2878
94948.825839,2879
94948.837314,2880
94948.847393,2881
94948.858698,2882
94948.870407,2883
94948.881426,2884
94948.891783,2885
94948.902005,2886
94948.912863,2887
94948.925600,2888
94948.937557,2889
94948.948705,2890
94948.960904,2891
94948.972186,2892
94948.982480,2893
94948.993370,2894
94949.003824,2895
94949.015977,2896
94949.026191,2897
94949.036603,2898
94949.046570,2899
94949.056573,2900
94949.067072,2901
94949.079340,2902
94949.092472,2903
94949.102993,2904
94949.115352,2905
94949.125412,2906
94949.136676,2907
94949.147746,2908
94949.159661,2909
94949.171287,2910
94949.181162,2911
94949.192272,2912
94949.202817,2913
94949.213696,2914
94949.226724,2915
94949.237863,2916
94949.248609,2917
94949.259235,2918
94949.269720,2919
94949.279674,2920
94949.292320,2921
94949.303276,2922
94949.315387,2923
94949.327976,2924
94949.337880,2925
94949.349041,2926
94949.359853,2927
94949.372669,2928
94949.382673,2929
94949.396365,2930
94949.408419,2931
94949.419576,2932
94949.430814,2933
94949.441423,2934
94949.454779,2935
94949.465562,2936
94949.476851,2937
94949.489228,2938
94949.499853,2939
94949.510301,2940
94949.521639,2941
94949.535236,2942
94949.545857,2943
94949.555765,2944
94949.568264,2945
94949.580103,2946
94949.590439,2947
94949.601184,2948
94949.611661,2949
94949.622651,2950
94949.634073,2951
94949.644405,2952
94949.654967,2953
94949.665884,2954
94949.676391,2955
94949.687346,2956
94949.697267,2957
94949.709817,2958
94949.721217,2959
94949.734667,2960
94949.748802,2961
94949.759579,2962
94949.770239,2963
94949.781989,2964
94949.793804,2965
94949.807028,2966
94949.817871,2967
94949.830333,2968
94949.840674,2969
94949.852803,2970
94949.864364,2971
94949.874679,2972
94949.886520,2973
94949.896508,2974
94949.911233,2975
94949.924142,2976
94949.937878,2977
94949.948810,2978
94949.959166,2979
94949.970233,2980
94949.981513,2981
94949.992186,2982
94950.003992,2983
94950.014869,2984
94950.025165,2985
94950.037492,2986
94950.049026,2987
94950.060513,2988
94950.071997,2989
94950.083968,2990
94950.094886,2991
94950.107862,2992
94950.118698,2993
94950.129198,2994
94950.140123,2995
94950.150910,2996
94950.160489,2997
94950.171080,2998
94950.183260,2999
94953.548836,3000
94953.562878,3001
94953.573967,3002
94953.584525,3003
94953.596675,3004
94953.607288,3005
94953.620816,3006
94953.632565,3007
94953.643691,3008
94953.654521,3009
94953.666361,3010
94953.678896,3011
94953.689918,3012
94953.702391,3013
94953.715730,3014
94953.726988,3015
94953.738964,3016
94953.750944,3017
94953.762746,3018
94953.775895,3019
94953.787631,3020
94953.799109,3021
94953.811269,3022
94953.822314,3023
94953.833415,3024
94953.845027,3025
94953.856819,3026
94953.868124,3027
94953.880470,3028
94953.891947,3029
94953.903689,3030
94953.915616,3031
94953.926402,3032
94953.938449,3033
94953.951568,3034
94953.962791,3035
94953.973513,3036
94953.987896,3037
94953.999442,3038
94954.010193,3039
94954.024192,3040
94954.035100,3041
94954.045390,3042
94954.057588,3043
94954.071997,3044
94954.083738,3045
94954.094728,3046
94954.105297,3047
94954.116703,3048
94954.129893,3049
94954.144691,3050
94954.156551,3051
94954.167742,3052
94954.178611,3053
94954.189828,3054
94954.202861,3055
94954.215355,3056
94954.226453,3057
94954.237810,3058
94954.249743,3059
94954.261541,3060
94954.272159,3061
94954.286603,3062
94954.297492,3063
94954.309492,3064
94954.321076,3065
94954.333369,3066
94954.345035,3067
94954.355145,3068
94954.366426,3069
94954.378736,3070
94954.389914,3071
94954.401664,3072
94954.416632,3073
94954.428309,3074
94954.440788,3075
94954.451981,3076
94954.464085,3077
94954.475183,3078
94954.486335,3079
94954.497673,3080
94954.508565,3081
94954.519442,3082
94954.532310,3083
94954.543782,3084
94954.555931,3085
94954.567736,3086
94954.582654,3087
94954.594865,3088
94954.607457,3089
94954.619404,3090
94954.633298,3091
94954.645689,3092
94954.657414,3093
94954.669526,3094
94954.681351,3095
94954.693721,3096
94954.706274,3097
94954.717126,3098
94954.729097,3099
94954.743670,3100
94954.755174,3101
94954.767622,3102
94954.780037,3103
94954.792622,3104
94954.804583,3105
94954.816950,3106
94954.828752,3107
94954.840759,3108
94954.851316,3109
94954.863844,3110
94954.875365,3111
94954.886907,3112
94954.899619,3113
94954.911030,3114
94954.921847,3115
94954.933254,3116
94954.943611,3117
94954.954569,3118
94954.964908,3119
94954.975648,3120
94954.986047,3121
94954.996353,3122
94955.007526,3123
94955.018503,3124
94955.029220,3125
94955.039849,3126
94955.052260,3127
94955.065476,3128
94955.077715,3129
94955.091220,3130
94955.102976,3131
94955.115550,3132
94955.125225,3133
94955.136891,3134
94955.148551,3135
94955.160230,3136
94955.172281,3137
94955.184172,3138
94955.194871,3139
94955.207126,3140
94955.219203,3141
94955.232053,3142
94955.243793,3143
94955.253739,3144
94955.264436,3145
94955.276164,3146
94955.287567,3147
94955.299027,3148
94955.310217,3149
94955.321837,3150
94955.333602,3151
94955.346072,3152
94955.357935,3153
94955.369256,3154
94955.379519,3155
94955.392073,3156
94955.404376,3157
94955.415880,3158
94955.427177,3159
94955.438696,3160
94955.449720,3161
94955.459608,3162
94955.472296,3163
94955.482695,3164
94955.494451,3165
94955.505135,3166
94955.515342,3167
94955.527164,3168
94955.538194,3169
94955.549955,3170
94955.561331,3171
94955.573640,3172
94955.584996,3173
94955.596521,3174
94955.608651,3175
94955.620655,3176
94955.630539,3177
94955.643062,3178
94955.654404,3179
94955.665343,3180
94955.677413,3181
94955.688434,3182
94955.699267,3183
94955.711831,3184
94955.723049,3185
94955.734412,3186
94955.744874,3187
94955.757620,3188
94955.770299,3189
94955.782132,3190
94955.792838,3191
94955.803301,3192
94955.813586,3193
94955.825434,3194
94955.837047,3195
94955.848450,3196
94955.860757,3197
94955.871351,3198
94955.881377,3199
94955.892243,3200
94955.903036,3201
94955.914697,3202
94955.926280,3203
94955.937745,3204
94955.948121,3205
94955.959772,3206
94955.971170,3207
94955.983643,3208
94955.994283,3209
94956.004850,3210
94956.015730,3211
94956.027294,3212
94956.040577,3213
94956.054234,3214
94956.064482,3215
94956.075256,3216
94956.086469,3217
94956.097058,3218
94956.107580,3219
94956.119491,3220
94956.131476,3221
94956.143610,3222
94956.155858,3223
94956.167343,3224
94956.179044,3225
94956.190496,3226
94956.200930,3227
94956.211571,3228
94956.223378,3229
94956.235338,3230
94956.246816,3231
94956.258270,3232
94956.269161,3233
94956.280853,3234
94956.293077,3235
94956.304838,3236
94956.315352,3237
94956.326532,3238
94956.338122,3239
94956.348992,3240
94956.360032,3241
94956.370642,3242
94956.382898,3243
94956.395626,3244
94956.407101,3245
94956.419322,3246
94956.430520,3247
94956.440702,3248
94956.454216,3249
94959.279737,3250
94959.329183,3251
94959.335627,3252
94959.343140,3253
94959.350202,3254
94959.358131,3255
94959.365088,3256
94959.371895,3257
94959.378359,3258
94959.385168,3259
94959.392055,3260
94959.399389,3261
94959.406203,3262
94959.413205,3263
94959.419696,3264
94959.427571,3265
94959.434271,3266
94959.441218,3267
94959.447940,3268
94959.454799,3269
94959.462046,3270
94959.469739,3271
94959.476168,3272
94959.482983,3273
94959.489633,3274
94959.499863,3275
94959.506685,3276
94959.513900,3277
94959.520685,3278
94959.528045,3279
94959.534809,3280
94959.541641,3281
94959.548214,3282
94959.555449,3283
94959.562476,3284
94959.575138,3285
94959.590463,3286
94959.600441,3287
94959.607068,3288
94959.614374,3289
94959.621162,3290
94959.630900,3291
94959.638109,3292
94959.645135,3293
94959.652109,3294
94959.659056,3295
94959.665799,3296
94959.672721,3297
94959.679365,3298
94959.686184,3299
94959.692942,3300
94959.701658,3301
94959.709172,3302
94959.716609,3303
94959.723912,3304
94959.731880,3305
94959.739841,3306
94959.746940,3307
94959.753528,3308
94959.760426,3309
94959.767099,3310
94959.773702,3311
94959.779727,3312
94959.786142,3313
94959.792302,3314
94959.798776,3315
94959.804762,3316
94959.810978,3317
94959.816903,3318
94959.823311,3319
94959.830209,3320
94959.837158,3321
94959.843892,3322
94959.850847,3323
94959.857322,3324
94959.864465,3325
94959.871320,3326
94959.878004,3327
94959.883899,3328
94959.890244,3329
94959.896205,3330
94959.902604,3331
94959.908603,3332
94959.914792,3333
94959.921054,3334
94959.927981,3335
94959.934547,3336
94959.941487,3337
94959.948066,3338
94959.955047,3339
94959.961973,3340
94959.969602,3341
94959.976094,3342
94959.982985,3343
94959.989863,3344
94959.999213,3345
94960.005261,3346
94960.011557,3347
94960.017934,3348
94960.024724,3349
94960.031415,3350
94960.038364,3351
94960.044972,3352
94960.051857,3353
94960.058767,3354
94960.065719,3355
94960.071800,3356
94960.078200,3357
94960.084237,3358
94960.090768,3359
94960.096964,3360
94960.103330,3361
94960.111765,3362
94960.120407,3363
94960.126908,3364
94960.135798,3365
94960.142306,3366
94960.149577,3367
94960.156613,3368
94960.166574,3369
94960.173251,3370
94960.180498,3371
94960.186860,3372
94960.194119,3373
94960.201092,3374
94960.208705,3375
94960.215223,3376
94960.222176,3377
94960.228949,3378
94960.235789,3379
94960.242676,3380
94960.249426,3381
94960.255784,3382
94960.262818,3383
94960.269964,3384
94960.278735,3385
94960.285608,3386
94960.292462,3387
94960.299092,3388
94960.306087,3389
94960.312558,3390
94960.319159,3391
94960.325797,3392
94960.332396,3393
94960.339121,3394
94960.346608,3395
94960.353413,3396
94960.360449,3397
94960.367427,3398
94960.374588,3399
94960.381487,3400
94960.388772,3401
94960.395326,3402
94960.402263,3403
94960.409343,3404
94960.416247,3405
94960.422731,3406
94960.429505,3407
94960.435878,3408
94960.442989,3409
94960.450336,3410
94960.457301,3411
94960.463792,3412
94960.470728,3413
94960.477477,3414
94960.484580,3415
94960.491467,3416
94960.498711,3417
94960.505680,3418
94960.513457,3419
94960.520135,3420
94960.527177,3421
94960.534093,3422
94960.541275,3423
94960.548322,3424
94960.555481,3425
94960.562671,3426
94960.570020,3427
94960.577304,3428
94960.584477,3429
94960.591410,3430
94960.598859,3431
94960.605825,3432
94960.612935,3433
94960.619863,3434
94960.629254,3435
94960.635963,3436
94960.642830,3437
94960.649507,3438
94960.656544,3439
94960.663536,3440
94960.670669,3441
94960.677238,3442
94960.684336,3443
94960.691084,3444
94960.698360,3445
94960.704755,3446
94960.711581,3447
94960.717757,3448
94960.724600,3449
94960.730794,3450
94960.737193,3451
94960.743541,3452
94960.749898,3453
94960.755748,3454
94960.762162,3455
94960.768234,3456
94960.774737,3457
94960.780935,3458
94960.788417,3459
94960.795079,3460
94960.802077,3461
94960.807999,3462
94960.814254,3463
94960.820197,3464
94960.827192,3465
94960.833469,3466
94960.839944,3467
94960.846144,3468
94960.853142,3469
94960.859376,3470
94960.865992,3471
94960.872360,3472
94960.878998,3473
94960.886251,3474
94960.893470,3475
94960.900009,3476
94960.906881,3477
94960.913266,3478
94960.920287,3479
94960.927284,3480
94960.934226,3481
94960.940792,3482
94960.947684,3483
94960.954237,3484
94960.961618,3485
94960.967853,3486
94960.974522,3487
94960.980799,3488
94960.987763,3489
94960.996088,3490
94961.004381,3491
94961.011867,3492
94961.019225,3493
94961.025506,3494
94961.031975,3495
94961.038706,3496
94961.045629,3497
94961.052383,3498
94961.059592,3499
94963.913166,3500
94963.925894,3501
94963.937346,3502
94963.948438,3503
94963.963570,3504
94963.974566,3505
94963.985225,3506
94963.995583,3507
94964.006164,3508
94964.016829,3509
94964.027630,3510
94964.041232,3511
94964.054231,3512
94964.065650,3513
94964.078886,3514
94964.090892,3515
94964.102733,3516
94964.115025,3517
94964.126675,3518
94964.138798,3519
94964.150102,3520
94964.165184,3521
94964.176725,3522
94964.189177,3523
94964.200806,3524
94964.213144,3525
94964.224483,3526
94964.237838,3527
94964.249492,3528
94964.259904,3529
94964.270397,3530
94964.281485,3531
94964.291999,3532
94964.302973,3533
94964.312782,3534
94964.324161,3535
94964.334634,3536
94964.347170,3537
94964.358392,3538
94964.369398,3539
94964.380085,3540
94964.391776,3541
94964.403000,3542
94964.414883,3543
94964.426579,3544
94964.436827,3545
94964.447036,3546
94964.459599,3547
94964.470293,3548
94964.481307,3549
94964.491404,3550
94964.502448,3551
94964.513034,3552
94964.523778,3553
94964.535699,3554
94964.548376,3555
94964.559654,3556
94964.570687,3557
94964.582264,3558
94964.592820,3559
94964.606019,3560
94964.620771,3561
94964.632425,3562
94964.643754,3563
94964.654705,3564
94964.665122,3565
94964.675761,3566
94964.686948,3567
94964.697552,3568
94964.710534,3569
94964.721409,3570
94964.733585,3571
94964.744565,3572
94964.755010,3573
94964.771921,3574
94964.782700,3575
94964.793613,3576
94964.804118,3577
94964.815506,3578
94964.826057,3579
94964.837951,3580
94964.852759,3581
94964.863431,3582
94964.874718,3583
94964.887428,3584
94964.898696,3585
94964.911896,3586
94964.923339,3587
94964.935256,3588
94964.947484,3589
94964.959358,3590
94964.973331,3591
94964.985911,3592
94964.997193,3593
94965.009242,3594
94965.023040,3595
94965.037108,3596
94965.049525,3597
94965.060678,3598
94965.072391,3599
94965.086059,3600
94965.097854,3601
94965.109424,3602
94965.120782,3603
94965.131944,3604
94965.143818,3605
94965.155960,3606
94965.167034,3607
94965.178533,3608
94965.189854,3609
94965.200531,3610
94965.212439,3611
94965.224063,3612
94965.235205,3613
94965.247175,3614
94965.258852,3615
94965.272419,3616
94965.284583,3617
94965.297534,3618
94965.309414,3619
94965.321623,3620
94965.333139,3621
94965.348375,3622
94965.361559,3623
94965.373439,3624
94965.384969,3625
94965.397310,3626
94965.408846,3627
94965.423925,3628
94965.435637,3629
94965.448464,3630
94965.459983,3631
94965.470651,3632
94965.484108,3633
94965.496594,3634
94965.508139,3635
94965.519971,3636
94965.531014,3637
94965.542284,3638
94965.556243,3639
94965.568549,3640
94965.581701,3641
94965.594373,3642
94965.606340,3643
94965.619497,3644
94965.633658,3645
94965.646661,3646
94965.659731,3647
94965.672736,3648
94965.684815,3649
94965.697360,3650
94965.712196,3651
94965.724996,3652
94965.740532,3653
94965.755676,3654
94965.771987,3655
94965.785966,3656
94965.802627,3657
94965.815986,3658
94965.831475,3659
94965.844563,3660
94965.857066,3661
94965.869270,3662
94965.882977,3663
94965.897879,3664
94965.912785,3665
94965.924767,3666
94965.936944,3667
94965.950576,3668
94965.963887,3669
94965.975512,3670
94965.988942,3671
94966.000313,3672
94966.014039,3673
94966.025485,3674
94966.037187,3675
94966.050970,3676
94966.065272,3677
94966.077763,3678
94966.090528,3679
94966.103256,3680
94966.116225,3681
94966.127661,3682
94966.138993,3683
94966.152278,3684
94966.165376,3685
94966.178857,3686
94966.192195,3687
94966.205837,3688
94966.219079,3689
94966.231895,3690
94966.244325,3691
94966.256960,3692
94966.268694,3693
94966.279817,3694
94966.290997,3695
94966.302632,3696
94966.315223,3697
94966.326049,3698
94966.339453,3699
94966.352474,3700
94966.364971,3701
94966.376625,3702
94966.389775,3703
94966.401336,3704
94966.412907,3705
94966.423478,3706
94966.435915,3707
94966.447724,3708
94966.459608,3709
94966.472629,3710
94966.487102,3711
94966.498575,3712
94966.512043,3713
94966.523295,3714
94966.534097,3715
94966.546894,3716
94966.558231,3717
94966.571774,3718
94966.585765,3719
94966.598758,3720
94966.613265,3721
94966.626375,3722
94966.639435,3723
94966.653107,3724
94966.667674,3725
94966.679487,3726
94966.693915,3727
94966.706519,3728
94966.717472,3729
94966.730811,3730
94966.741732,3731
94966.753580,3732
94966.764990,3733
94966.776903,3734
94966.788429,3735
94966.800257,3736
94966.811704,3737
94966.824475,3738
94966.839169,3739
94966.853044,3740
94966.864461,3741
94966.875543,3742
94966.888260,3743
94966.900912,3744
94966.915015,3745
94966.929082,3746
94966.940306,3747
94966.952865,3748
94966.964805,3749
94970.121796,3750
94970.135970,3751
94970.148303,3752
94970.160027,3753
94970.173139,3754
94970.185064,3755
94970.197314,3756
94970.212637,3757
94970.224580,3758
94970.236413,3759
94970.248027,3760
94970.259636,3761
94970.271430,3762
94970.283463,3763
94970.292971,3764
94970.305502,3765
94970.314694,3766
94970.326908,3767
94970.337847,3768
94970.352350,3769
94970.366705,3770
94970.378224,3771
94970.390235,3772
94970.403408,3773
94970.413240,3774
94970.424633,3775
94970.436918,3776
94970.448922,3777
94970.458617,3778
94970.467609,3779
94970.479294,3780
94970.489089,3781
94970.497751,3782
94970.509411,3783
94970.521210,3784
94970.532947,3785
94970.545515,3786
94970.556720,3787
94970.568307,3788
94970.581036,3789
94970.592752,3790
94970.604060,3791
94970.614310,3792
94970.625661,3793
94970.638012,3794
94970.649392,3795
94970.661256,3796
94970.671532,3797
94970.681123,3798
94970.692738,3799
94970.704450,3800
94970.713627,3801
94970.723304,3802
94970.735596,3803
94970.744596,3804
94970.754691,3805
94970.766475,3806
94970.775607,3807
94970.788395,3808
94970.799814,3809
94970.811030,3810
94970.823643,3811
94970.835375,3812
94970.847366,3813
94970.860214,3814
94970.873569,3815
94970.883402,3816
94970.894544,3817
94970.902185,3818
94970.910322,3819
94970.918434,3820
94970.931083,3821
94970.941902,3822
94970.952829,3823
94970.964935,3824
94970.977797,3825
94970.986644,3826
94971.000501,3827
94971.011947,3828
94971.023386,3829
94971.030829,3830
94971.042218,3831
94971.054327,3832
94971.064917,3833
94971.072761,3834
94971.079754,3835
94971.091542,3836
94971.101576,3837
94971.112697,3838
94971.124201,3839
94971.136762,3840
94971.148486,3841
94971.156380,3842
94971.167461,3843
94971.178517,3844
94971.190409,3845
94971.202394,3846
94971.213948,3847
94971.226899,3848
94971.239510,3849
94971.250503,3850
94971.262627,3851
94971.275762,3852
94971.288649,3853
94971.302588,3854
94971.313251,3855
94971.320666,3856
94971.332501,3857
94971.345228,3858
94971.357220,3859
94971.368455,3860
94971.380916,3861
94971.389355,3862
94971.397772,3863
94971.404902,3864
94971.417139,3865
94971.428660,3866
94971.439244,3867
94971.446648,3868
94971.458711,3869
94971.471273,3870
94971.479719,3871
94971.491303,3872
94971.502572,3873
94971.514571,3874
94971.524514,3875
94971.535387,3876
94971.547767,3877
94971.555970,3878
94971.563952,3879
94971.575654,3880
94971.587872,3881
94971.598910,3882
94971.606454,3883
94971.613927,3884
94971.625830,3885
94971.634555,3886
94971.646662,3887
94971.659896,3888
94971.670433,3889
94971.678498,3890
94971.692370,3891
94971.700496,3892
94971.710214,3893
94971.721623,3894
94971.734146,3895
94971.745551,3896
94971.756899,3897
94971.767879,3898
94971.776571,3899
94971.787528,3900
94971.798936,3901
94971.809462,3902
94971.817394,3903
94971.825076,3904
94971.838680,3905
94971.851858,3906
94971.865450,3907
94971.878549,3908
94971.890318,3909
94971.901748,3910
94971.910033,3911
94971.918747,3912
94971.926219,3913
94971.933522,3914
94971.945278,3915
94971.956755,3916
94971.968711,3917
94971.977626,3918
94971.986642,3919
94971.995478,3920
94972.002844,3921
94972.014674,3922
94972.027370,3923
94972.039477,3924
94972.053685,3925
94972.066492,3926
94972.074717,3927
94972.081812,3928
94972.089352,3929
94972.101286,3930
94972.113069,3931
94972.121388,3932
94972.133458,3933
94972.146217,3934
94972.158830,3935
94972.167197,3936
94972.179370,3937
94972.190745,3938
94972.202876,3939
94972.210619,3940
94972.220416,3941
94972.228776,3942
94972.236596,3943
94972.245596,3944
94972.255660,3945
94972.268904,3946
94972.280985,3947
94972.293198,3948
94972.306082,3949
94972.315376,3950
94972.327822,3951
94972.336636,3952
94972.349370,3953
94972.361345,3954
94972.373235,3955
94972.385167,3956
94972.394903,3957
94972.406742,3958
94972.418294,3959
94972.426478,3960
94972.437625,3961
94972.447081,3962
94972.458434,3963
94972.466421,3964
94972.479334,3965
94972.491734,3966
94972.502452,3967
94972.513915,3968
94972.521329,3969
94972.529957,3970
94972.541868,3971
94972.553851,3972
94972.561893,3973
94972.573518,3974
94972.583390,3975
94972.591204,3976
94972.598788,3977
94972.610709,3978
94972.622292,3979
94972.631864,3980
94972.641589,3981
94972.651834,3982
94972.660210,3983
94972.669608,3984
94972.681503,3985
94972.693280,3986
94972.705399,3987
94972.714377,3988
94972.725914,3989
94972.735243,3990
94972.746839,3991
94972.758581,3992
94972.770319,3993
94972.781715,3994
94972.789977,3995
94972.800462,3996
94972.812567,3997
94972.820766,3998
94972.832325,3999
94976.440290,4000
94976.452768,4001
94976.464172,4002
94976.475203,4003
94976.485817,4004
94976.497242,4005
94976.508577,4006
94976.520058,4007
94976.531304,4008
94976.542909,4009
94976.554575,4010
94976.566158,4011
94976.578475,4012
94976.589421,4013
94976.600656,4014
94976.613202,4015
94976.624560,4016
94976.636512,4017
94976.648860,4018
94976.661465,4019
94976.674672,4020
94976.686363,4021
94976.696846,4022
94976.708254,4023
94976.721369,4024
94976.733689,4025
94976.746076,4026
94976.758281,4027
94976.772636,4028
94976.784536,4029
94976.797622,4030
94976.808271,4031
94976.821169,4032
94976.834587,4033
94976.846180,4034
94976.857823,4035
94976.869412,4036
94976.881225,4037
94976.895231,4038
94976.908349,4039
94976.920158,4040
94976.932416,4041
94976.944883,4042
94976.958280,4043
94976.973319,4044
94976.984090,4045
94976.996357,4046
94977.008163,4047
94977.022065,4048
94977.033900,4049
94977.045511,4050
94977.059221,4051
94977.071553,4052
94977.084574,4053
94977.098394,4054
94977.110009,4055
94977.121328,4056
94977.133091,4057
94977.143484,4058
94977.154796,4059
94977.167038,4060
94977.178954,4061
94977.189999,4062
94977.201866,4063
94977.214209,4064
94977.229312,4065
94977.240286,4066
94977.251656,4067
94977.262839,4068
94977.275121,4069
94977.289510,4070
94977.301306,4071
94977.313241,4072
94977.324774,4073
94977.336636,4074
94977.347906,4075
94977.360527,4076
94977.372215,4077
94977.383300,4078
94977.394670,4079
94977.406017,4080
94977.417472,4081
94977.428435,4082
94977.440551,4083
94977.451773,4084
94977.464093,4085
94977.474544,4086
94977.485674,4087
94977.497417,4088
94977.508529,4089
94977.519602,4090
94977.530050,4091
94977.541079,4092
94977.552565,4093
94977.564705,4094
94977.576710,4095
94977.587937,4096
94977.600052,4097
94977.611808,4098
94977.623970,4099
94977.634728,4100
94977.645916,4101
94977.656867,4102
94977.669372,4103
94977.681329,4104
94977.695877,4105
94977.708632,4106
94977.720229,4107
94977.731207,4108
94977.742372,4109
94977.753552,4110
94977.765342,4111
94977.777459,4112
94977.788836,4113
94977.800143,4114
94977.812732,4115
94977.827809,4116
94977.839688,4117
94977.852224,4118
94977.862605,4119
94977.874532,4120
94977.886587,4121
94977.900832,4122
94977.912726,4123
94977.926063,4124
94977.937420,4125
94977.948699,4126
94977.960421,4127
94977.972201,4128
94977.982328,4129
94977.993567,4130
94978.004549,4131
94978.015911,4132
94978.027415,4133
94978.038138,4134
94978.049442,4135
94978.059821,4136
94978.070323,4137
94978.082019,4138
94978.093308,4139
94978.104617,4140
94978.116774,4141
94978.129710,4142
94978.141250,4143
94978.152803,4144
94978.164195,4145
94978.176183,4146
94978.188059,4147
94978.198341,4148
94978.211876,4149
94978.223309,4150
94978.235144,4151
94978.247513,4152
94978.258371,4153
94978.268768,4154
94978.279972,4155
94978.290500,4156
94978.300631,4157
94978.311884,4158
94978.326021,4159
94978.339450,4160
94978.350225,4161
94978.361782,4162
94978.372724,4163
94978.385032,4164
94978.395987,4165
94978.407026,4166
94978.418077,4167
94978.431956,4168
94978.443582,4169
94978.454917,4170
94978.467836,4171
94978.478890,4172
94978.490126,4173
94978.500934,4174
94978.511303,4175
94978.522363,4176
94978.534374,4177
94978.545205,4178
94978.556695,4179
94978.567621,4180
94978.578986,4181
94978.590776,4182
94978.601912,4183
94978.613986,4184
94978.624810,4185
94978.635134,4186
94978.645663,4187
94978.655933,4188
94978.667268,4189
94978.678195,4190
94978.689560,4191
94978.701205,4192
94978.712709,4193
94978.724814,4194
94978.734811,4195
94978.745807,4196
94978.757328,4197
94978.767708,4198
94978.778615,4199
94978.790689,4200
94978.801410,4201
94978.812431,4202
94978.824509,4203
94978.834844,4204
94978.846796,4205
94978.857870,4206
94978.869311,4207
94978.881033,4208
94978.892276,4209
94978.902269,4210
94978.913684,4211
94978.924307,4212
94978.935250,4213
94978.946250,4214
94978.958207,4215
94978.969682,4216
94978.981531,4217
94978.993258,4218
94979.004646,4219
94979.016518,4220
94979.026808,4221
94979.036882,4222
94979.047932,4223
94979.058874,4224
94979.069023,4225
94979.080430,4226
94979.090391,4227
94979.102050,4228
94979.113453,4229
94979.125431,4230
94979.136536,4231
94979.147358,4232
94979.159093,4233
94979.170192,4234
94979.180128,4235
94979.190839,4236
94979.201796,4237
94979.213226,4238
94979.224701,4239
94979.234973,4240
94979.245728,4241
94979.256880,4242
94979.267048,4243
94979.277779,4244
94979.288970,4245
94979.300260,4246
94979.310495,4247
94979.321180,4248
94979.331225,4249
94981.210788,4500
94981.305516,4501
94981.312172,4502
94981.319327,4503
94981.326586,4504
94981.333655,4505
94981.340722,4506
94981.347471,4507
94981.354586,4508
94981.361589,4509
94981.368235,4510
94981.374933,4511
94981.382121,4512
94981.388911,4513
94981.396054,4514
94981.403122,4515
94981.409998,4516
94981.416742,4517
94981.423729,4518
94981.430801,4519
94981.437774,4520
94981.444751,4521
94981.451758,4522
94981.458516,4523
94981.465879,4524
94981.472568,4525
94981.479447,4526
94981.486784,4527
94981.493340,4528
94981.500531,4529
94981.507389,4530
94981.514212,4531
94981.521146,4532
94981.528304,4533
94981.535153,4534
94981.541848,4535
94981.549194,4536
94981.556305,4537
94981.562995,4538
94981.570036,4539
94981.577058,4540
94981.584100,4541
94981.591404,4542
94981.598029,4543
94981.605339,4544
94981.612915,4545
94981.620065,4546
94981.627525,4547
94981.634648,4548
94981.641645,4549
94981.648706,4550
94981.655714,4551
94981.662824,4552
94981.672298,4553
94981.679193,4554
94981.687335,4555
94981.694631,4556
94981.701555,4557
94981.715170,4558
94981.722412,4559
94981.729125,4560
94981.736129,4561
94981.742947,4562
94981.749726,4563
94981.757208,4564
94981.766465,4565
94981.772749,4566
94981.779629,4567
94981.785904,4568
94981.792495,4569
94981.799183,4570
94981.805883,4571
94981.812504,4572
94981.820014,4573
94981.826721,4574
94981.834190,4575
94981.840804,4576
94981.847518,4577
94981.854614,4578
94981.861787,4579
94981.868359,4580
94981.875154,4581
94981.882168,4582
94981.889696,4583
94981.896304,4584
94981.903243,4585
94981.909918,4586
94981.916765,4587
94981.924041,4588
94981.930705,4589
94981.937603,4590
94981.945362,4591
94981.952070,4592
94981.958956,4593
94981.966589,4594
94981.974413,4595
94981.982903,4596
94981.991469,4597
94981.998349,4598
94982.005064,4599
94982.034330,4600
94982.041173,4601
94982.048252,4602
94982.057593,4603
94982.067442,4604
94982.076525,4605
94982.085804,4606
94982.095092,4607
94982.103862,4608
94982.112907,4609
94982.122571,4610
94982.128985,4611
94982.137549,4612
94982.144200,4613
94982.154087,4614
94982.163959,4615
94982.170695,4616
94982.179990,4617
94982.189557,4618
94982.198906,4619
94982.208898,4620
94982.217952,4621
94982.225435,4622
94982.234485,4623
94982.243289,4624
94982.252757,4625
94982.261700,4626
94982.270299,4627
94982.279206,4628
94982.286369,4629
94982.296041,4630
94982.304986,4631
94982.313662,4632
94982.323381,4633
94982.332331,4634
94982.340889,4635
94982.347515,4636
94982.356762,4637
94982.365702,4638
94982.374230,4639
94982.382818,4640
94982.392278,4641
94982.401405,4642
94982.410129,4643
94982.419107,4644
94982.428240,4645
94982.434433,4646
94982.443560,4647
94982.452322,4648
94982.460963,4649
94982.469827,4650
94982.475957,4651
94982.484595,4652
94982.493620,4653
94982.500065,4654
94982.508893,4655
94982.515375,4656
94982.522256,4657
94982.530833,4658
94982.539847,4659
94982.545940,4660
94982.555074,4661
94982.564274,4662
94982.573798,4663
94982.580796,4664
94982.587580,4665
94982.593852,4666
94982.603123,4667
94982.609788,4668
94982.616730,4669
94982.623475,4670
94982.629723,4671
94982.635792,4672
94982.644981,4673
94982.651928,4674
94982.657917,4675
94982.664203,4676
94982.673025,4677
94982.682775,4678
94982.689602,4679
94982.696308,4680
94982.705862,4681
94982.712894,4682
94982.722081,4683
94982.728692,4684
94982.735486,4685
94982.742962,4686
94982.750300,4687
94982.757241,4688
94982.764266,4689
94982.771761,4690
94982.778309,4691
94982.785393,4692
94982.793053,4693
94982.803507,4694
94982.810946,4695
94982.817689,4696
94982.824140,4697
94982.830432,4698
94982.839429,4699
94982.849547,4700
94982.857853,4701
94982.866180,4702
94982.875242,4703
94982.882444,4704
94982.890720,4705
94982.899699,4706
94982.907678,4707
94982.914778,4708
94982.922122,4709
94982.928900,4710
94982.939474,4711
94982.948420,4712
94982.956762,4713
94982.963355,4714
94982.970054,4715
94982.977360,4716
94982.984086,4717
94982.990806,4718
94982.997629,4719
94983.007064,4720
94983.013820,4721
94983.020660,4722
94983.027517,4723
94983.034157,4724
94983.041306,4725
94983.048493,4726
94983.055079,4727
94983.061672,4728
94983.070844,4729
94983.077748,4730
94983.084252,4731
94983.090892,4732
94983.097261,4733
94983.104441,4734
94983.111389,4735
94983.118038,4736
94983.124762,4737
94983.131537,4738
94983.141308,4739
94983.148303,4740
94983.157547,4741
94983.164584,4742
94983.173693,4743
94983.183108,4744
94983.189830,4745
94983.197651,4746
94983.206456,4747
94983.214856,4748
94983.222807,4749
94986.482170,4750
94986.497540,4751
94986.504976,4752
94986.511910,4753
94986.523095,4754
94986.535695,4755
94986.550160,4756
94986.563686,4757
94986.571886,4758
94986.587722,4759
94986.605492,4760
94986.620409,4761
94986.635069,4762
94986.649886,4763
94986.662908,4764
94986.679894,4765
94986.694699,4766
94986.710805,4767
94986.725556,4768
94986.741334,4769
94986.755575,4770
94986.768213,4771
94986.783655,4772
94986.798637,4773
94986.813933,4774
94986.829786,4775
94986.844761,4776
94986.854750,4777
94986.869762,4778
94986.885818,4779
94986.904165,4780
94986.921156,4781
94986.936372,4782
94986.948800,4783
94986.958748,4784
94986.975142,4785
94986.991305,4786
94987.003721,4787
94987.019962,4788
94987.037091,4789
94987.054532,4790
94987.070440,4791
94987.085386,4792
94987.101057,4793
94987.110549,4794
94987.126152,4795
94987.142285,4796
94987.158824,4797
94987.167762,4798
94987.183699,4799
94987.200313,4800
94987.215427,4801
94987.229915,4802
94987.245945,4803
94987.261632,4804
94987.276585,4805
94987.291047,4806
94987.302875,4807
94987.317813,4808
94987.332014,4809
94987.346343,4810
94987.361366,4811
94987.371710,4812
94987.386260,4813
94987.400064,4814
94987.410399,4815
94987.425240,4816
94987.440515,4817
94987.456186,4818
94987.471702,4819
94987.481222,4820
94987.495343,4821
94987.511970,4822
94987.526681,4823
94987.541886,4824
94987.556477,4825
94987.571561,4826
94987.586483,4827
94987.602323,4828
94987.615395,4829
94987.627368,4830
94987.641019,4831
94987.656327,4832
94987.666856,4833
94987.681291,4834
94987.691037,4835
94987.706693,4836
94987.721310,4837
94987.736224,4838
94987.751701,4839
94987.767790,4840
94987.778053,4841
94987.787843,4842
94987.803099,4843
94987.817453,4844
94987.827329,4845
94987.836598,4846
94987.851801,4847
94987.866307,4848
94987.881041,4849
94987.900548,4850
94987.910260,4851
94987.920411,4852
94987.937341,4853
94987.951443,4854
94987.961280,4855
94987.975361,4856
94987.992221,4857
94988.002267,4858
94988.019512,4859
94988.032825,4860
94988.049935,4861
94988.067481,4862
94988.080038,4863
94988.097712,4864
94988.108703,4865
94988.123472,4866
94988.136948,4867
94988.146331,4868
94988.160425,4869
94988.176521,4870
94988.192272,4871
94988.208399,4872
94988.224954,4873
94988.239393,4874
94988.250973,4875
94988.268021,4876
94988.282805,4877
94988.299412,4878
94988.309387,4879
94988.324081,4880
94988.338464,4881
94988.347726,4882
94988.365359,4883
94988.382080,4884
94988.397902,4885
94988.408613,4886
94988.425606,4887
94988.434820,4888
94988.451657,4889
94988.468043,4890
94988.484870,4891
94988.498301,4892
94988.505179,4893
94988.521135,4894
94988.537737,4895
94988.552590,4896
94988.569325,4897
94988.586339,4898
94988.603795,4899
94988.618848,4900
94988.634971,4901
94988.645963,4902
94988.658132,4903
94988.674492,4904
94988.686975,4905
94988.701838,4906
94988.718541,4907
94988.735524,4908
94988.748958,4909
94988.758330,4910
94988.767408,4911
94988.778877,4912
94988.796296,4913
94988.809845,4914
94988.827843,4915
94988.841437,4916
94988.856113,4917
94988.872639,4918
94988.890470,4919
94988.900232,4920
94988.916626,4921
94988.924421,4922
94988.937371,4923
94988.947020,4924
94988.962258,4925
94988.978951,4926
94988.997291,4927
94989.013535,4928
94989.030428,4929
94989.047606,4930
94989.059456,4931
94989.075286,4932
94989.090900,4933
94989.105552,4934
94989.115716,4935
94989.125554,4936
94989.134665,4937
94989.147669,4938
94989.155097,4939
94989.162543,4940
94989.175562,4941
94989.189796,4942
94989.197216,4943
94989.210724,4944
94989.222710,4945
94989.237418,4946
94989.250483,4947
94989.259607,4948
94989.273442,4949
94989.288981,4950
94989.301356,4951
94989.308239,4952
94989.320444,4953
94989.331602,4954
94989.344265,4955
94989.357786,4956
94989.366863,4957
94989.378355,4958
94989.391641,4959
94989.404035,4960
94989.411261,4961
94989.424189,4962
94989.431464,4963
94989.439382,4964
94989.447203,4965
94989.459266,4966
94989.466147,4967
94989.472906,4968
94989.485944,4969
94989.492576,4970
94989.505326,4971
94989.517436,4972
94989.524366,4973
94989.537161,4974
94989.543541,4975
94989.550220,4976
94989.563595,4977
94989.576584,4978
94989.588943,4979
94989.601955,4980
94989.614896,4981
94989.623472,4982
94989.629859,4983
94989.636361,4984
94989.649966,4985
94989.663575,4986
94989.671604,4987
94989.685030,4988
94989.697548,4989
94989.710859,4990
94989.718090,4991
94989.730409,4992
94989.743215,4993
94989.757035,4994
94989.769227,4995
94989.781975,4996
94989.794406,4997
94989.807103,4998
94989.820320,4999
94992.872994,5000
94992.886999,5001
94992.898932,5002
94992.912784,5003
94992.926818,5004
94992.939570,5005
94992.952813,5006
94992.966252,5007
94992.977851,5008
94992.990240,5009
94993.003487,5010
94993.018418,5011
94993.031120,5012
94993.042860,5013
94993.053555,5014
94993.065748,5015
94993.080985,5016
94993.092260,5017
94993.105770,5018
94993.118821,5019
94993.129531,5020
94993.141468,5021
94993.155982,5022
94993.167943,5023
94993.179274,5024
94993.190900,5025
94993.204488,5026
94993.216928,5027
94993.229029,5028
94993.243033,5029
94993.259389,5030
94993.274051,5031
94993.286172,5032
94993.296730,5033
94993.307778,5034
94993.319727,5035
94993.331512,5036
94993.345403,5037
94993.357356,5038
94993.369499,5039
94993.381317,5040
94993.392261,5041
94993.403463,5042
94993.415292,5043
94993.426603,5044
94993.437137,5045
94993.448452,5046
94993.464307,5047
94993.475214,5048
94993.489437,5049
94993.503160,5050
94993.514831,5051
94993.526020,5052
94993.537245,5053
94993.549022,5054
94993.562465,5055
94993.574014,5056
94993.588321,5057
94993.601454,5058
94993.615499,5059
94993.627154,5060
94993.638493,5061
94993.652455,5062
94993.665384,5063
94993.677180,5064
94993.689391,5065
94993.701176,5066
94993.711778,5067
94993.724023,5068
94993.734825,5069
94993.746856,5070
94993.759359,5071
94993.774575,5072
94993.788454,5073
94993.800419,5074
94993.813312,5075
94993.824999,5076
94993.837154,5077
94993.848930,5078
94993.859890,5079
94993.871213,5080
94993.881794,5081
94993.893382,5082
94993.908076,5083
94993.919526,5084
94993.932232,5085
94993.943365,5086
94993.955499,5087
94993.967323,5088
94993.980193,5089
94993.991389,5090
94994.003552,5091
94994.014829,5092
94994.026288,5093
94994.038561,5094
94994.050829,5095
94994.061812,5096
94994.075266,5097
94994.086328,5098
94994.099686,5099
94994.113793,5100
94994.124597,5101
94994.136850,5102
94994.148286,5103
94994.160074,5104
94994.171746,5105
94994.183662,5106
94994.196833,5107
94994.209403,5108
94994.220597,5109
94994.237298,5110
94994.249305,5111
94994.261823,5112
94994.273604,5113
94994.284694,5114
94994.297261,5115
94994.308854,5116
94994.320308,5117
94994.331898,5118
94994.342802,5119
94994.356669,5120
94994.368795,5121
94994.380636,5122
94994.392765,5123
94994.404038,5124
94994.414599,5125
94994.425310,5126
94994.435976,5127
94994.446843,5128
94994.457247,5129
94994.468823,5130
94994.478953,5131
94994.489657,5132
94994.500029,5133
94994.511371,5134
94994.523490,5135
94994.537706,5136
94994.549265,5137
94994.559793,5138
94994.572422,5139
94994.583440,5140
94994.594629,5141
94994.605440,5142
94994.618093,5143
94994.629657,5144
94994.641424,5145
94994.654277,5146
94994.665499,5147
94994.675963,5148
94994.689439,5149
94994.700484,5150
94994.711399,5151
94994.725400,5152
94994.737169,5153
94994.749523,5154
94994.760592,5155
94994.771890,5156
94994.783974,5157
94994.795077,5158
94994.808406,5159
94994.819368,5160
94994.830850,5161
94994.842578,5162
94994.854338,5163
94994.865448,5164
94994.879548,5165
94994.890515,5166
94994.901109,5167
94994.913546,5168
94994.924850,5169
94994.937392,5170
94994.948108,5171
94994.959403,5172
94994.970302,5173
94994.980688,5174
94994.992306,5175
94995.004348,5176
94995.015735,5177
94995.027629,5178
94995.039749,5179
94995.052114,5180
94995.066152,5181
94995.077367,5182
94995.089220,5183
94995.102437,5184
94995.116177,5185
94995.127946,5186
94995.141279,5187
94995.152742,5188
94995.166160,5189
94995.177360,5190
94995.191127,5191
94995.203000,5192
94995.215024,5193
94995.227714,5194
94995.240126,5195
94995.251548,5196
94995.263487,5197
94995.275444,5198
94995.286993,5199
94995.302912,5200
94995.316905,5201
94995.329104,5202
94995.339735,5203
94995.350504,5204
94995.362668,5205
94995.373812,5206
94995.385211,5207
94995.396779,5208
94995.409435,5209
94995.419804,5210
94995.430654,5211
94995.441882,5212
94995.452438,5213
94995.466322,5214
94995.477284,5215
94995.488383,5216
94995.502880,5217
94995.514821,5218
94995.525620,5219
94995.537439,5220
94995.548650,5221
94995.560536,5222
94995.575581,5223
94995.588098,5224
94995.601810,5225
94995.612637,5226
94995.626519,5227
94995.638775,5228
94995.651595,5229
94995.662934,5230
94995.674825,5231
94995.688512,5232
94995.699321,5233
94995.712386,5234
94995.723430,5235
94995.734340,5236
94995.748230,5237
94995.762557,5238
94995.773364,5239
94995.787465,5240
94995.798631,5241
94995.810584,5242
94995.822251,5243
94995.837139,5244
94995.848455,5245
94995.860023,5246
94995.873368,5247
94995.887512,5248
94995.898539,5249
94998.871935,5250
94998.886330,5251
94998.898252,5252
94998.909914,5253
94998.921140,5254
94998.933741,5255
94998.946476,5256
94998.957680,5257
94998.970677,5258
94998.982940,5259
94998.995025,5260
94999.007400,5261
94999.018764,5262
94999.029458,5263
94999.040249,5264
94999.052797,5265
94999.063377,5266
94999.075194,5267
94999.088202,5268
94999.101543,5269
94999.113999,5270
94999.125656,5271
94999.138083,5272
94999.150234,5273
94999.162793,5274
94999.175737,5275
94999.187982,5276
94999.201048,5277
94999.213619,5278
94999.225601,5279
94999.236820,5280
94999.247933,5281
94999.258593,5282
94999.270934,5283
94999.282163,5284
94999.293282,5285
94999.305306,5286
94999.317799,5287
94999.328078,5288
94999.340227,5289
94999.352638,5290
94999.363871,5291
94999.376656,5292
94999.387917,5293
94999.400428,5294
94999.411540,5295
94999.422504,5296
94999.434709,5297
94999.444526,5298
94999.454903,5299
94999.467917,5300
94999.478895,5301
94999.490530,5302
94999.503485,5303
94999.515538,5304
94999.527192,5305
94999.539724,5306
94999.550661,5307
94999.562869,5308
94999.574433,5309
94999.585280,5310
94999.596078,5311
94999.607746,5312
94999.618302,5313
94999.629245,5314
94999.639568,5315
94999.650869,5316
94999.663991,5317
94999.676429,5318
94999.686898,5319
94999.696920,5320
94999.709842,5321
94999.723623,5322
94999.735435,5323
94999.747045,5324
94999.759661,5325
94999.772368,5326
94999.783077,5327
94999.793818,5328
94999.804633,5329
94999.817077,5330
94999.827155,5331
94999.837774,5332
94999.849714,5333
94999.861897,5334
94999.874455,5335
94999.886673,5336
94999.898738,5337
94999.909281,5338
94999.921850,5339
94999.933734,5340
94999.945382,5341
94999.957402,5342
94999.967905,5343
94999.979714,5344
94999.991252,5345
95000.002169,5346
95000.012607,5347
95000.024591,5348
95000.036763,5349
95000.049751,5350
95000.062300,5351
95000.075267,5352
95000.090052,5353
95000.102528,5354
95000.111543,5355
95000.125772,5356
95000.136999,5357
95000.148325,5358
95000.158381,5359
95000.171345,5360
95000.182299,5361
95000.191914,5362
95000.203994,5363
95000.216098,5364
95000.228320,5365
95000.240311,5366
95000.254662,5367
95000.266796,5368
95000.279805,5369
95000.291379,5370
95000.303686,5371
95000.315392,5372
95000.326698,5373
95000.337650,5374
95000.347725,5375
95000.360558,5376
95000.372269,5377
95000.381399,5378
95000.393021,5379
95000.405165,5380
95000.418554,5381
95000.429208,5382
95000.442630,5383
95000.454292,5384
95000.465666,5385
95000.477175,5386
95000.489247,5387
95000.504379,5388
95000.516696,5389
95000.527844,5390
95000.540517,5391
95000.549687,5392
95000.560835,5393
95000.575708,5394
95000.587508,5395
95000.597905,5396
95000.609355,5397
95000.619768,5398
95000.629565,5399
95000.638884,5400
95000.648008,5401
95000.657859,5402
95000.670929,5403
95000.683336,5404
95000.695381,5405
95000.705616,5406
95000.717299,5407
95000.729208,5408
95000.740841,5409
95000.754268,5410
95000.764312,5411
95000.776537,5412
95000.787506,5413
95000.800201,5414
95000.812779,5415
95000.824949,5416
95000.835690,5417
95000.846633,5418
95000.856576,5419
95000.868671,5420
95000.881277,5421
95000.893629,5422
95000.906773,5423
95000.919666,5424
95000.929372,5425
95000.942405,5426
95000.953438,5427
95000.970000,5428
95000.982833,5429
95000.996936,5430
95001.010063,5431
95001.020613,5432
95001.030274,5433
95001.039864,5434
95001.052697,5435
95001.063472,5436
95001.078193,5437
95001.090531,5438
95001.103164,5439
95001.113471,5440
95001.123450,5441
95001.133827,5442
95001.144621,5443
95001.155628,5444
95001.169287,5445
95001.182148,5446
95001.193419,5447
95001.206535,5448
95001.216632,5449
95001.229463,5450
95001.242548,5451
95001.252841,5452
95001.262825,5453
95001.274244,5454
95001.284384,5455
95001.293386,5456
95001.305779,5457
95001.316848,5458
95001.326728,5459
95001.337878,5460
95001.347965,5461
95001.358414,5462
95001.368718,5463
95001.379530,5464
95001.390969,5465
95001.402207,5466
95001.412401,5467
95001.423628,5468
95001.435397,5469
95001.445685,5470
95001.458224,5471
95001.469741,5472
95001.482258,5473
95001.492585,5474
95001.504556,5475
95001.516054,5476
95001.526006,5477
95001.535040,5478
95001.546828,5479
95001.557270,5480
95001.568496,5481
95001.581578,5482
95001.591044,5483
95001.604157,5484
95001.617113,5485
95001.629290,5486
95001.641271,5487
95001.652883,5488
95001.665381,5489
95001.679145,5490
95001.691732,5491
95001.702356,5492
95001.713550,5493
95001.725702,5494
95001.738991,5495
95001.752300,5496
95001.763818,5497
95001.775685,5498
95001.785016,5499
95004.189493,5500
95004.238185,5501
95004.244108,5502
95004.249954,5503
95004.256355,5504
95004.262697,5505
95004.269083,5506
95004.275308,5507
95004.281493,5508
95004.288696,5509
95004.295094,5510
95004.301682,5511
95004.308526,5512
95004.315588,5513
95004.322895,5514
95004.330457,5515
95004.338057,5516
95004.345057,5517
95004.351924,5518
95004.358684,5519
95004.365498,5520
95004.372023,5521
95004.379707,5522
95004.386846,5523
95004.393722,5524
95004.400760,5525
95004.407793,5526
95004.414272,5527
95004.420787,5528
95004.428587,5529
95004.435364,5530
95004.442050,5531
95004.448401,5532
95004.455272,5533
95004.462224,5534
95004.469232,5535
95004.475990,5536
95004.482840,5537
95004.489718,5538
95004.496702,5539
95004.503980,5540
95004.510672,5541
95004.517391,5542
95004.524373,5543
95004.531501,5544
95004.538384,5545
95004.545632,5546
95004.552264,5547
95004.558818,5548
95004.566902,5549
95004.573608,5550
95004.580327,5551
95004.586949,5552
95004.595055,5553
95004.602839,5554
95004.610335,5555
95004.618106,5556
95004.625751,5557
95004.632681,5558
95004.639639,5559
95004.646423,5560
95004.653508,5561
95004.660257,5562
95004.666850,5563
95004.673101,5564
95004.679827,5565
95004.686936,5566
95004.693776,5567
95004.700115,5568
95004.706652,5569
95004.713062,5570
95004.719642,5571
95004.725767,5572
95004.732782,5573
95004.739588,5574
95004.745961,5575
95004.752689,5576
95004.759698,5577
95004.767226,5578
95004.775608,5579
95004.782297,5580
95004.788600,5581
95004.795090,5582
95004.801654,5583
95004.808477,5584
95004.815341,5585
95004.822506,5586
95004.829523,5587
95004.836169,5588
95004.843170,5589
95004.849407,5590
95004.855415,5591
95004.861719,5592
95004.867756,5593
95004.873842,5594
95004.879879,5595
95004.886341,5596
95004.892861,5597
95004.899157,5598
95004.905589,5599
95004.914468,5600
95004.921300,5601
95004.929218,5602
95004.935340,5603
95004.942658,5604
95004.948886,5605
95004.955029,5606
95004.961616,5607
95004.968530,5608
95004.975283,5609
95004.981775,5610
95004.988794,5611
95004.995941,5612
95005.002611,5613
95005.009478,5614
95005.016010,5615
95005.022108,5616
95005.028208,5617
95005.034354,5618
95005.040802,5619
95005.050387,5620
95005.057352,5621
95005.063829,5622
95005.070779,5623
95005.076843,5624
95005.083031,5625
95005.089830,5626
95005.095915,5627
95005.102314,5628
95005.109851,5629
95005.115865,5630
95005.122038,5631
95005.128478,5632
95005.135105,5633
95005.141806,5634
95005.148541,5635
95005.155385,5636
95005.162966,5637
95005.169529,5638
95005.176355,5639
95005.184135,5640
95005.190823,5641
95005.197380,5642
95005.204049,5643
95005.210695,5644
95005.218078,5645
95005.225404,5646
95005.231995,5647
95005.238727,5648
95005.246417,5649
95005.252985,5650
95005.259722,5651
95005.266462,5652
95005.272264,5653
95005.278138,5654
95005.284202,5655
95005.290754,5656
95005.298153,5657
95005.304625,5658
95005.310654,5659
95005.317170,5660
95005.323195,5661
95005.329747,5662
95005.336234,5663
95005.344068,5664
95005.350522,5665
95005.357244,5666
95005.363813,5667
95005.370480,5668
95005.377387,5669
95005.383424,5670
95005.389688,5671
95005.396159,5672
95005.403342,5673
95005.409886,5674
95005.416062,5675
95005.422112,5676
95005.428278,5677
95005.434394,5678
95005.441922,5679
95005.448445,5680
95005.455518,5681
95005.462555,5682
95005.468819,5683
95005.475702,5684
95005.482330,5685
95005.489261,5686
95005.496235,5687
95005.503540,5688
95005.510031,5689
95005.516711,5690
95005.523755,5691
95005.530607,5692
95005.537602,5693
95005.544558,5694
95005.552038,5695
95005.558830,5696
95005.565585,5697
95005.572289,5698
95005.579278,5699
95005.588688,5700
95005.595074,5701
95005.601992,5702
95005.608253,5703
95005.614612,5704
95005.621566,5705
95005.628226,5706
95005.634879,5707
95005.641705,5708
95005.648741,5709
95005.656062,5710
95005.662885,5711
95005.669695,5712
95005.676575,5713
95005.684075,5714
95005.690653,5715
95005.697424,5716
95005.704108,5717
95005.711499,5718
95005.718415,5719
95005.725284,5720
95005.732025,5721
95005.738922,5722
95005.746443,5723
95005.753343,5724
95005.760021,5725
95005.767133,5726
95005.774726,5727
95005.781469,5728
95005.788977,5729
95005.795821,5730
95005.802071,5731
95005.809051,5732
95005.815820,5733
95005.822707,5734
95005.829790,5735
95005.836388,5736
95005.843248,5737
95005.850372,5738
95005.856973,5739
95005.863868,5740
95005.871206,5741
95005.878437,5742
95005.885397,5743
95005.892296,5744
95005.899038,5745
95005.906977,5746
95005.914731,5747
95005.923107,5748
95005.930149,5749
95008.971341,5750
95008.986214,5751
95008.999582,5752
95009.011972,5753
95009.022705,5754
95009.034824,5755
95009.045971,5756
95009.058847,5757
95009.070574,5758
95009.082677,5759
95009.094571,5760
95009.105697,5761
95009.117653,5762
95009.128917,5763
95009.139622,5764
95009.150521,5765
95009.161506,5766
95009.173112,5767
95009.183709,5768
95009.195279,5769
95009.206642,5770
95009.217755,5771
95009.229131,5772
95009.241545,5773
95009.252529,5774
95009.263317,5775
95009.273820,5776
95009.285513,5777
95009.296475,5778
95009.307824,5779
95009.318768,5780
95009.329671,5781
95009.340815,5782
95009.353471,5783
95009.364272,5784
95009.376390,5785
95009.388343,5786
95009.399136,5787
95009.410051,5788
95009.423853,5789
95009.434303,5790
95009.445465,5791
95009.456124,5792
95009.467097,5793
95009.478923,5794
95009.491975,5795
95009.503308,5796
95009.514811,5797
95009.526340,5798
95009.537364,5799
95009.548712,5800
95009.559921,5801
95009.573021,5802
95009.585918,5803
95009.599023,5804
95009.610887,5805
95009.621723,5806
95009.633647,5807
95009.645339,5808
95009.656340,5809
95009.666904,5810
95009.677549,5811
95009.688279,5812
95009.699466,5813
95009.710134,5814
95009.721087,5815
95009.731397,5816
95009.741820,5817
95009.752942,5818
95009.763739,5819
95009.774242,5820
95009.786761,5821
95009.797992,5822
95009.808700,5823
95009.821350,5824
95009.832692,5825
95009.844507,5826
95009.855492,5827
95009.867034,5828
95009.878895,5829
95009.889917,5830
95009.901297,5831
95009.911895,5832
95009.923041,5833
95009.934218,5834
95009.945704,5835
95009.957915,5836
95009.971282,5837
95009.982819,5838
95009.993556,5839
95010.004915,5840
95010.017436,5841
95010.028386,5842
95010.039685,5843
95010.052529,5844
95010.063717,5845
95010.074475,5846
95010.086316,5847
95010.097676,5848
95010.109321,5849
95010.122543,5850
95010.133752,5851
95010.143961,5852
95010.155779,5853
95010.166163,5854
95010.178244,5855
95010.189086,5856
95010.201129,5857
95010.213178,5858
95010.224433,5859
95010.236968,5860
95010.246926,5861
95010.258616,5862
95010.270752,5863
95010.283660,5864
95010.294784,5865
95010.306313,5866
95010.318248,5867
95010.330988,5868
95010.342016,5869
95010.354356,5870
95010.365601,5871
95010.379217,5872
95010.391715,5873
95010.403322,5874
95010.415130,5875
95010.425965,5876
95010.437685,5877
95010.451286,5878
95010.462974,5879
95010.475749,5880
95010.488840,5881
95010.501102,5882
95010.512415,5883
95010.524649,5884
95010.536066,5885
95010.548413,5886
95010.559471,5887
95010.571425,5888
95010.583071,5889
95010.596456,5890
95010.610085,5891
95010.621646,5892
95010.634236,5893
95010.645404,5894
95010.656762,5895
95010.668303,5896
95010.679339,5897
95010.689796,5898
95010.701165,5899
95010.713689,5900
95010.725011,5901
95010.736704,5902
95010.749333,5903
95010.762609,5904
95010.774767,5905
95010.786403,5906
95010.797028,5907
95010.810648,5908
95010.823995,5909
95010.837769,5910
95010.849026,5911
95010.862441,5912
95010.875453,5913
95010.887762,5914
95010.900472,5915
95010.912571,5916
95010.925202,5917
95010.937457,5918
95010.949709,5919
95010.960456,5920
95010.973882,5921
95010.986080,5922
95010.998670,5923
95011.009919,5924
95011.021120,5925
95011.033213,5926
95011.045795,5927
95011.057618,5928
95011.069958,5929
95011.082357,5930
95011.093322,5931
95011.105075,5932
95011.116685,5933
95011.129197,5934
95011.141649,5935
95011.153406,5936
95011.165791,5937
95011.178442,5938
95011.191132,5939
95011.203464,5940
95011.214865,5941
95011.226123,5942
95011.239339,5943
95011.250162,5944
95011.261477,5945
95011.275022,5946
95011.286409,5947
95011.298778,5948
95011.309782,5949
95011.326540,5950
95011.337508,5951
95011.351367,5952
95011.361956,5953
95011.374115,5954
95011.386634,5955
95011.400150,5956
95011.411712,5957
95011.423332,5958
95011.435334,5959
95011.444793,5960
95011.457123,5961
95011.466287,5962
95011.477486,5963
95011.489746,5964
95011.501795,5965
95011.512405,5966
95011.525238,5967
95011.535480,5968
95011.547642,5969
95011.558687,5970
95011.568558,5971
95011.580991,5972
95011.591223,5973
95011.602106,5974
95011.616206,5975
95011.627014,5976
95011.640323,5977
95011.652506,5978
95011.663036,5979
95011.674565,5980
95011.684439,5981
95011.696221,5982
95011.706327,5983
95011.718979,5984
95011.730327,5985
95011.742040,5986
95011.757370,5987
95011.767784,5988
95011.778614,5989
95011.792042,5990
95011.802838,5991
95011.813805,5992
95011.827737,5993
95011.839856,5994
95011.852851,5995
95011.867865,5996
95011.879920,5997
95011.891371,5998
95011.901480,5999
95015.052070,6000
95015.066398,6001
95015.078593,6002
95015.093948,6003
95015.103969,6004
95015.113982,6005
95015.126793,6006
95015.139119,6007
95015.152149,6008
95015.164961,6009
95015.174995,6010
95015.188665,6011
95015.200780,6012
95015.209040,6013
95015.223672,6014
95015.234175,6015
95015.247648,6016
95015.262068,6017
95015.271391,6018
95015.284240,6019
95015.296879,6020
95015.306773,6021
95015.319019,6022
95015.327785,6023
95015.337437,6024
95015.346411,6025
95015.359633,6026
95015.370523,6027
95015.383826,6028
95015.396131,6029
95015.409210,6030
95015.422570,6031
95015.432716,6032
95015.445374,6033
95015.457776,6034
95015.471325,6035
95015.480489,6036
95015.493260,6037
95015.505856,6038
95015.518459,6039
95015.532568,6040
95015.545871,6041
95015.557929,6042
95015.568195,6043
95015.582164,6044
95015.594738,6045
95015.607601,6046
95015.616682,6047
95015.629367,6048
95015.637724,6049
95015.649839,6050
95015.661265,6051
95015.672764,6052
95015.684685,6053
95015.696908,6054
95015.704893,6055
95015.717914,6056
95015.730132,6057
95015.742488,6058
95015.755434,6059
95015.768931,6060
95015.781317,6061
95015.791306,6062
95015.800120,6063
95015.808398,6064
95015.820374,6065
95015.833215,6066
95015.841444,6067
95015.849359,6068
95015.860285,6069
95015.872738,6070
95015.886157,6071
95015.895228,6072
95015.907811,6073
95015.921292,6074
95015.934622,6075
95015.948389,6076
95015.958581,6077
95015.971377,6078
95015.981378,6079
95015.994580,6080
95016.004586,6081
95016.016072,6082
95016.024531,6083
95016.036731,6084
95016.049322,6085
95016.057290,6086
95016.069499,6087
95016.078263,6088
95016.088680,6089
95016.101016,6090
95016.110322,6091
95016.123210,6092
95016.131464,6093
95016.143816,6094
95016.156414,6095
95016.168665,6096
95016.177299,6097
95016.189601,6098
95016.199488,6099
95016.216650,6100
95016.228132,6101
95016.238518,6102
95016.249045,6103
95016.262718,6104
95016.275719,6105
95016.288014,6106
95016.298840,6107
95016.306597,6108
95016.320058,6109
95016.330332,6110
95016.342281,6111
95016.353405,6112
95016.362533,6113
95016.374757,6114
95016.384424,6115
95016.394939,6116
95016.403113,6117
95016.410957,6118
95016.421136,6119
95016.431545,6120
95016.442294,6121
95016.451681,6122
95016.459254,6123
95016.469657,6124
95016.481521,6125
95016.489399,6126
95016.497271,6127
95016.507911,6128
95016.515251,6129
95016.524821,6130
95016.535337,6131
95016.545329,6132
95016.557727,6133
95016.567422,6134
95016.579025,6135
95016.587087,6136
95016.597777,6137
95016.605509,6138
95016.617849,6139
95016.629577,6140
95016.640669,6141
95016.648393,6142
95016.658901,6143
95016.668776,6144
95016.683217,6145
95016.695541,6146
95016.704174,6147
95016.714781,6148
95016.722542,6149
95016.733412,6150
95016.743652,6151
95016.756200,6152
95016.770013,6153
95016.781313,6154
95016.793057,6155
95016.800818,6156
95016.808355,6157
95016.818312,6158
95016.828943,6159
95016.838410,6160
95016.850122,6161
95016.861714,6162
95016.872771,6163
95016.885410,6164
95016.896570,6165
95016.906605,6166
95016.920182,6167
95016.932454,6168
95016.942513,6169
95016.954159,6170
95016.964802,6171
95016.976472,6172
95016.988561,6173
95017.000335,6174
95017.011695,6175
95017.021252,6176
95017.032341,6177
95017.043537,6178
95017.057797,6179
95017.065342,6180
95017.077453,6181
95017.089523,6182
95017.103660,6183
95017.116283,6184
95017.124216,6185
95017.135633,6186
95017.146913,6187
95017.158341,6188
95017.170781,6189
95017.182926,6190
95017.194175,6191
95017.205497,6192
95017.213896,6193
95017.225841,6194
95017.237203,6195
95017.247089,6196
95017.259133,6197
95017.269871,6198
95017.282572,6199
95017.297347,6200
95017.306800,6201
95017.314581,6202
95017.325511,6203
95017.336202,6204
95017.349306,6205
95017.356638,6206
95017.368633,6207
95017.380288,6208
95017.393481,6209
95017.403163,6210
95017.414850,6211
95017.428674,6212
95017.436799,6213
95017.446129,6214
95017.456615,6215
95017.465698,6216
95017.477278,6217
95017.490197,6218
95017.502190,6219
95017.514607,6220
95017.527004,6221
95017.539008,6222
95017.547283,6223
95017.556692,6224
95017.568796,6225
95017.581523,6226
95017.591614,6227
95017.601623,6228
95017.611056,6229
95017.623678,6230
95017.632776,6231
95017.640830,6232
95017.651041,6233
95017.664384,6234
95017.676559,6235
95017.685788,6236
95017.693587,6237
95017.702719,6238
95017.712965,6239
95017.724422,6240
95017.732835,6241
95017.740889,6242
95017.752274,6243
95017.763030,6244
95017.772538,6245
95017.782830,6246
95017.793326,6247
95017.804829,6248
95017.816191,6249
95020.775557,6250
95020.790730,6251
95020.801554,6252
95020.813413,6253
95020.825751,6254
95020.837425,6255
95020.847667,6256
95020.858904,6257
95020.870535,6258
95020.880929,6259
95020.891504,6260
95020.902708,6261
95020.914391,6262
95020.926080,6263
95020.937339,6264
95020.948609,6265
95020.959298,6266
95020.971312,6267
95020.983997,6268
95020.995043,6269
95021.006523,6270
95021.017980,6271
95021.028702,6272
95021.039263,6273
95021.050272,6274
95021.060937,6275
95021.071554,6276
95021.083592,6277
95021.093728,6278
95021.105000,6279
95021.115729,6280
95021.126095,6281
95021.136335,6282
95021.145826,6283
95021.156774,6284
95021.167813,6285
95021.178319,6286
95021.189547,6287
95021.199238,6288
95021.209362,6289
95021.220437,6290
95021.230810,6291
95021.241493,6292
95021.251751,6293
95021.262426,6294
95021.273577,6295
95021.284814,6296
95021.295519,6297
95021.305530,6298
95021.315267,6299
95021.326281,6300
95021.335783,6301
95021.347205,6302
95021.358283,6303
95021.368433,6304
95021.380264,6305
95021.389752,6306
95021.400496,6307
95021.410950,6308
95021.421451,6309
95021.432406,6310
95021.443844,6311
95021.454305,6312
95021.465384,6313
95021.475497,6314
95021.486101,6315
95021.495808,6316
95021.507274,6317
95021.518426,6318
95021.528660,6319
95021.539225,6320
95021.550727,6321
95021.562420,6322
95021.573223,6323
95021.583792,6324
95021.594907,6325
95021.606816,6326
95021.618615,6327
95021.629223,6328
95021.639549,6329
95021.650688,6330
95021.660283,6331
95021.671548,6332
95021.681926,6333
95021.692889,6334
95021.703670,6335
95021.714357,6336
95021.724197,6337
95021.734799,6338
95021.745802,6339
95021.757259,6340
95021.768937,6341
95021.779477,6342
95021.789683,6343
95021.800242,6344
95021.810983,6345
95021.821692,6346
95021.833686,6347
95021.844713,6348
95021.854528,6349
95021.868468,6350
95021.878097,6351
95021.887913,6352
95021.898809,6353
95021.911037,6354
95021.922518,6355
95021.932733,6356
95021.943778,6357
95021.954433,6358
95021.966308,6359
95021.975898,6360
95021.986598,6361
95021.996338,6362
95022.007547,6363
95022.019513,6364
95022.029924,6365
95022.042643,6366
95022.054079,6367
95022.064648,6368
95022.076604,6369
95022.088045,6370
95022.099266,6371
95022.109289,6372
95022.120124,6373
95022.132369,6374
95022.144549,6375
95022.155378,6376
95022.167562,6377
95022.179070,6378
95022.189737,6379
95022.201725,6380
95022.212614,6381
95022.223450,6382
95022.235302,6383
95022.245866,6384
95022.257896,6385
95022.267568,6386
95022.279656,6387
95022.290588,6388
95022.300847,6389
95022.311950,6390
95022.322933,6391
95022.333836,6392
95022.344611,6393
95022.354346,6394
95022.364988,6395
95022.375503,6396
95022.386892,6397
95022.396712,6398
95022.406843,6399
95022.417541,6400
95022.428405,6401
95022.438708,6402
95022.450770,6403
95022.460909,6404
95022.472581,6405
95022.482432,6406
95022.493949,6407
95022.504598,6408
95022.514934,6409
95022.527273,6410
95022.538589,6411
95022.550469,6412
95022.562928,6413
95022.573581,6414
95022.584477,6415
95022.594810,6416
95022.605652,6417
95022.616857,6418
95022.627892,6419
95022.639133,6420
95022.651383,6421
95022.661837,6422
95022.672825,6423
95022.682929,6424
95022.693814,6425
95022.704258,6426
95022.716338,6427
95022.727039,6428
95022.737353,6429
95022.749068,6430
95022.759306,6431
95022.769946,6432
95022.781513,6433
95022.791809,6434
95022.803823,6435
95022.814101,6436
95022.824824,6437
95022.834722,6438
95022.845426,6439
95022.855393,6440
95022.867209,6441
95022.877359,6442
95022.889445,6443
95022.900676,6444
95022.910810,6445
95022.919811,6446
95022.929653,6447
95022.939967,6448
95022.950355,6449
95022.963437,6450
95022.974116,6451
95022.984847,6452
95022.995798,6453
95023.007308,6454
95023.016943,6455
95023.028142,6456
95023.039040,6457
95023.048851,6458
95023.059010,6459
95023.071033,6460
95023.081943,6461
95023.092831,6462
95023.104472,6463
95023.115570,6464
95023.125322,6465
95023.136465,6466
95023.146789,6467
95023.156490,6468
95023.167642,6469
95023.178028,6470
95023.188550,6471
95023.199309,6472
95023.209936,6473
95023.221946,6474
95023.232175,6475
95023.243598,6476
95023.254623,6477
95023.265177,6478
95023.276359,6479
95023.287938,6480
95023.299745,6481
95023.311104,6482
95023.321763,6483
95023.332349,6484
95023.342763,6485
95023.353093,6486
95023.364139,6487
95023.375228,6488
95023.385749,6489
95023.396154,6490
95023.406712,6491
95023.417666,6492
95023.428033,6493
95023.438958,6494
95023.450435,6495
95023.461368,6496
95023.472479,6497
95023.483728,6498
95023.494830,6499
95025.272621,6750
95025.367378,6751
95025.374425,6752
95025.381082,6753
95025.387308,6754
95025.393905,6755
95025.400559,6756
95025.406833,6757
95025.413149,6758
95025.419624,6759
95025.426361,6760
95025.432648,6761
95025.439253,6762
95025.445921,6763
95025.452709,6764
95025.459617,6765
95025.466387,6766
95025.473247,6767
95025.479834,6768
95025.487273,6769
95025.494016,6770
95025.500669,6771
95025.507027,6772
95025.514007,6773
95025.520460,6774
95025.526943,6775
95025.533745,6776
95025.540350,6777
95025.548448,6778
95025.554926,6779
95025.561590,6780
95025.568181,6781
95025.574624,6782
95025.581439,6783
95025.587699,6784
95025.593862,6785
95025.599982,6786
95025.606294,6787
95025.612796,6788
95025.619401,6789
95025.625972,6790
95025.633579,6791
95025.640803,6792
95025.647256,6793
95025.654207,6794
95025.661138,6795
95025.667532,6796
95025.674243,6797
95025.680602,6798
95025.686988,6799
95025.696197,6800
95025.703229,6801
95025.709799,6802
95025.716572,6803
95025.723144,6804
95025.729342,6805
95025.735369,6806
95025.741552,6807
95025.747721,6808
95025.753587,6809
95025.759733,6810
95025.765750,6811
95025.771982,6812
95025.778570,6813
95025.784722,6814
95025.790917,6815
95025.797555,6816
95025.804212,6817
95025.810662,6818
95025.816745,6819
95025.822671,6820
95025.829214,6821
95025.835742,6822
95025.841921,6823
95025.848237,6824
95025.854611,6825
95025.861830,6826
95025.867966,6827
95025.874150,6828
95025.880583,6829
95025.886875,6830
95025.892966,6831
95025.898930,6832
95025.905389,6833
95025.911443,6834
95025.917902,6835
95025.924548,6836
95025.931570,6837
95025.939160,6838
95025.946738,6839
95025.954099,6840
95025.961530,6841
95025.968128,6842
95025.974660,6843
95025.981543,6844
95025.988048,6845
95025.994672,6846
95026.001536,6847
95026.007864,6848
95026.013863,6849
95026.019746,6850
95026.026231,6851
95026.032455,6852
95026.038332,6853
95026.044380,6854
95026.050612,6855
95026.056938,6856
95026.063394,6857
95026.070254,6858
95026.076808,6859
95026.083146,6860
95026.089346,6861
95026.095563,6862
95026.102071,6863
95026.108101,6864
95026.114285,6865
95026.120126,6866
95026.126372,6867
95026.132766,6868
95026.139073,6869
95026.144957,6870
95026.151756,6871
95026.158038,6872
95026.164684,6873
95026.170837,6874
95026.176656,6875
95026.182573,6876
95026.188881,6877
95026.195387,6878
95026.202240,6879
95026.208404,6880
95026.214595,6881
95026.220868,6882
95026.227157,6883
95026.233010,6884
95026.239104,6885
95026.245118,6886
95026.251638,6887
95026.257973,6888
95026.264521,6889
95026.271325,6890
95026.277871,6891
95026.283775,6892
95026.290082,6893
95026.296415,6894
95026.302255,6895
95026.308320,6896
95026.314593,6897
95026.321059,6898
95026.327225,6899
95026.336108,6900
95026.342090,6901
95026.348683,6902
95026.355348,6903
95026.362169,6904
95026.368979,6905
95026.374935,6906
95026.380826,6907
95026.386903,6908
95026.392721,6909
95026.398872,6910
95026.404781,6911
95026.411376,6912
95026.417917,6913
95026.424427,6914
95026.430460,6915
95026.436385,6916
95026.442547,6917
95026.448373,6918
95026.454447,6919
95026.460829,6920
95026.467331,6921
95026.473727,6922
95026.479968,6923
95026.486133,6924
95026.492183,6925
95026.498477,6926
95026.504734,6927
95026.510710,6928
95026.516675,6929
95026.522801,6930
95026.528879,6931
95026.535227,6932
95026.541030,6933
95026.547390,6934
95026.554368,6935
95026.560729,6936
95026.566571,6937
95026.572447,6938
95026.578341,6939
95026.584595,6940
95026.591205,6941
95026.597099,6942
95026.603100,6943
95026.609237,6944
95026.615057,6945
95026.621111,6946
95026.627124,6947
95026.633370,6948
95026.639699,6949
95026.645919,6950
95026.651717,6951
95026.657960,6952
95026.663836,6953
95026.669608,6954
95026.675491,6955
95026.681616,6956
95026.687832,6957
95026.694454,6958
95026.700828,6959
95026.707657,6960
95026.714024,6961
95026.720510,6962
95026.726400,6963
95026.732117,6964
95026.738048,6965
95026.744180,6966
95026.750046,6967
95026.755993,6968
95026.762515,6969
95026.768629,6970
95026.774488,6971
95026.780598,6972
95026.786656,6973
95026.792921,6974
95026.799174,6975
95026.805359,6976
95026.811650,6977
95026.817906,6978
95026.824456,6979
95026.830630,6980
95026.836570,6981
95026.842548,6982
95026.848679,6983
95026.855351,6984
95026.862381,6985
95026.869255,6986
95026.875785,6987
95026.882184,6988
95026.888106,6989
95026.894444,6990
95026.900997,6991
95026.907045,6992
95026.913081,6993
95026.919139,6994
95026.925257,6995
95026.931539,6996
95026.937351,6997
95026.943545,6998
95026.950300,6999
95029.823040,7000
95029.838510,7001
95029.850036,7002
95029.858560,7003
95029.866714,7004
95029.878658,7005
95029.886390,7006
95029.894554,7007
95029.907774,7008
95029.916805,7009
95029.929439,7010
95029.940688,7011
95029.947490,7012
95029.957071,7013
95029.973557,7014
95029.987620,7015
95030.007056,7016
95030.024247,7017
95030.031193,7018
95030.043448,7019
95030.051014,7020
95030.057681,7021
95030.064345,7022
95030.071948,7023
95030.084063,7024
95030.091513,7025
95030.105384,7026
95030.113632,7027
95030.125980,7028
95030.134354,7029
95030.144056,7030
95030.156445,7031
95030.165329,7032
95030.177947,7033
95030.184342,7034
95030.197921,7035
95030.205048,7036
95030.212774,7037
95030.225370,7038
95030.236256,7039
95030.245375,7040
95030.252573,7041
95030.264766,7042
95030.276921,7043
95030.289115,7044
95030.301393,7045
95030.307877,7046
95030.314651,7047
95030.320819,7048
95030.333414,7049
95030.348198,7050
95030.355298,7051
95030.365404,7052
95030.371665,7053
95030.384296,7054
95030.394672,7055
95030.406366,7056
95030.416825,7057
95030.427658,7058
95030.438650,7059
95030.452812,7060
95030.464247,7061
95030.474454,7062
95030.484753,7063
95030.491506,7064
95030.502254,7065
95030.509035,7066
95030.520605,7067
95030.528154,7068
95030.534681,7069
95030.541924,7070
95030.552560,7071
95030.562791,7072
95030.570800,7073
95030.577480,7074
95030.585119,7075
95030.595950,7076
95030.604773,7077
95030.616762,7078
95030.628529,7079
95030.640488,7080
95030.652220,7081
95030.662805,7082
95030.673741,7083
95030.689528,7084
95030.703516,7085
95030.713839,7086
95030.724456,7087
95030.732244,7088
95030.740372,7089
95030.750460,7090
95030.758491,7091
95030.770045,7092
95030.781293,7093
95030.792861,7094
95030.802460,7095
95030.810058,7096
95030.822012,7097
95030.828451,7098
95030.835514,7099
95030.843631,7100
95030.850211,7101
95030.857475,7102
95030.864378,7103
95030.873892,7104
95030.883522,7105
95030.892710,7106
95030.900599,7107
95030.907380,7108
95030.913416,7109
95030.925146,7110
95030.935626,7111
95030.945342,7112
95030.955760,7113
95030.962923,7114
95030.973241,7115
95030.980389,7116
95030.991477,7117
95030.998618,7118
95031.006902,7119
95031.016898,7120
95031.028704,7121
95031.036594,7122
95031.046252,7123
95031.052564,7124
95031.059540,7125
95031.070353,7126
95031.081538,7127
95031.093302,7128
95031.099577,7129
95031.112026,7130
95031.124730,7131
95031.136262,7132
95031.147329,7133
95031.157217,7134
95031.168151,7135
95031.174644,7136
95031.186362,7137
95031.197555,7138
95031.208710,7139
95031.220074,7140
95031.226230,7141
95031.233291,7142
95031.241752,7143
95031.249980,7144
95031.259891,7145
95031.269753,7146
95031.280694,7147
95031.292179,7148
95031.304319,7149
95031.319370,7150
95031.330429,7151
95031.342568,7152
95031.355265,7153
95031.368234,7154
95031.375856,7155
95031.384105,7156
95031.394755,7157
95031.405696,7158
95031.413959,7159
95031.421316,7160
95031.428526,7161
95031.440548,7162
95031.452240,7163
95031.462847,7164
95031.473343,7165
95031.485851,7166
95031.496326,7167
95031.508549,7168
95031.517726,7169
95031.525518,7170
95031.536613,7171
95031.549029,7172
95031.562113,7173
95031.571129,7174
95031.578740,7175
95031.590574,7176
95031.603482,7177
95031.615133,7178
95031.626743,7179
95031.639466,7180
95031.652794,7181
95031.660295,7182
95031.671187,7183
95031.683845,7184
95031.691458,7185
95031.700348,7186
95031.708713,7187
95031.720770,7188
95031.733854,7189
95031.745631,7190
95031.754294,7191
95031.762931,7192
95031.771201,7193
95031.781986,7194
95031.790394,7195
95031.798345,7196
95031.812419,7197
95031.822400,7198
95031.829066,7199
95031.837748,7200
95031.845873,7201
95031.856914,7202
95031.870772,7203
95031.884936,7204
95031.898226,7205
95031.906377,7206
95031.919177,7207
95031.932671,7208
95031.945291,7209
95031.958653,7210
95031.972429,7211
95031.982476,7212
95031.994243,7213
95032.005270,7214
95032.016867,7215
95032.025250,7216
95032.037778,7217
95032.049871,7218
95032.063234,7219
95032.077668,7220
95032.088021,7221
95032.099400,7222
95032.107796,7223
95032.118815,7224
95032.127516,7225
95032.137700,7226
95032.150968,7227
95032.157937,7228
95032.168049,7229
95032.177344,7230
95032.189821,7231
95032.197529,7232
95032.207478,7233
95032.221371,7234
95032.231085,7235
95032.238600,7236
95032.247946,7237
95032.254219,7238
95032.263664,7239
95032.271010,7240
95032.285675,7241
95032.298790,7242
95032.310451,7243
95032.318926,7244
95032.327173,7245
95032.336481,7246
95032.349496,7247
95032.356319,7248
95032.363239,7249
95035.740283,7250
95035.754755,7251
95035.766146,7252
95035.778905,7253
95035.793686,7254
95035.805644,7255
95035.818342,7256
95035.830064,7257
95035.841876,7258
95035.853357,7259
95035.867926,7260
95035.881565,7261
95035.894064,7262
95035.904960,7263
95035.918492,7264
95035.931199,7265
95035.942581,7266
95035.953752,7267
95035.964859,7268
95035.975814,7269
95035.988848,7270
95036.001198,7271
95036.012448,7272
95036.023582,7273
95036.034842,7274
95036.047934,7275
95036.061727,7276
95036.073302,7277
95036.084691,7278
95036.095373,7279
95036.106124,7280
95036.119563,7281
95036.133708,7282
95036.144096,7283
95036.155600,7284
95036.167780,7285
95036.180368,7286
95036.190996,7287
95036.203242,7288
95036.214846,7289
95036.227671,7290
95036.239028,7291
95036.249982,7292
95036.260712,7293
95036.273296,7294
95036.284623,7295
95036.298744,7296
95036.310631,7297
95036.321401,7298
95036.333483,7299
95036.348778,7300
95036.362912,7301
95036.373939,7302
95036.385830,7303
95036.397153,7304
95036.409038,7305
95036.419779,7306
95036.430977,7307
95036.441432,7308
95036.452966,7309
95036.465090,7310
95036.476386,7311
95036.487266,7312
95036.497819,7313
95036.509784,7314
95036.521057,7315
95036.531968,7316
95036.544240,7317
95036.555933,7318
95036.568871,7319
95036.580752,7320
95036.591727,7321
95036.602721,7322
95036.614468,7323
95036.626237,7324
95036.638912,7325
95036.653506,7326
95036.666317,7327
95036.677743,7328
95036.690200,7329
95036.702910,7330
95036.715436,7331
95036.729940,7332
95036.741969,7333
95036.753550,7334
95036.765648,7335
95036.778180,7336
95036.789402,7337
95036.801960,7338
95036.813910,7339
95036.825542,7340
95036.837381,7341
95036.849256,7342
95036.862171,7343
95036.874075,7344
95036.885544,7345
95036.897691,7346
95036.909365,7347
95036.924432,7348
95036.936898,7349
95036.951019,7350
95036.963550,7351
95036.976829,7352
95036.988560,7353
95037.000425,7354
95037.011350,7355
95037.023851,7356
95037.037177,7357
95037.050635,7358
95037.063059,7359
95037.075146,7360
95037.086661,7361
95037.098417,7362
95037.110384,7363
95037.121847,7364
95037.134249,7365
95037.147138,7366
95037.158122,7367
95037.169513,7368
95037.181711,7369
95037.194147,7370
95037.205517,7371
95037.216095,7372
95037.226633,7373
95037.237358,7374
95037.247931,7375
95037.258291,7376
95037.268847,7377
95037.279636,7378
95037.290618,7379
95037.302091,7380
95037.312756,7381
95037.323432,7382
95037.335702,7383
95037.346632,7384
95037.359600,7385
95037.370621,7386
95037.383348,7387
95037.395575,7388
95037.406862,7389
95037.417427,7390
95037.428683,7391
95037.440608,7392
95037.451574,7393
95037.461791,7394
95037.472821,7395
95037.484197,7396
95037.495622,7397
95037.506288,7398
95037.518177,7399
95037.531258,7400
95037.543173,7401
95037.553466,7402
95037.564664,7403
95037.576636,7404
95037.587597,7405
95037.598503,7406
95037.610252,7407
95037.620849,7408
95037.631917,7409
95037.642986,7410
95037.653925,7411
95037.664579,7412
95037.676173,7413
95037.687708,7414
95037.699699,7415
95037.713486,7416
95037.724232,7417
95037.736611,7418
95037.747603,7419
95037.759143,7420
95037.769320,7421
95037.781051,7422
95037.793638,7423
95037.803957,7424
95037.815301,7425
95037.826955,7426
95037.838413,7427
95037.849847,7428
95037.863403,7429
95037.877353,7430
95037.889574,7431
95037.901935,7432
95037.914106,7433
95037.926194,7434
95037.937585,7435
95037.949707,7436
95037.962409,7437
95037.974234,7438
95037.986632,7439
95037.998192,7440
95038.009982,7441
95038.022236,7442
95038.032712,7443
95038.045331,7444
95038.057034,7445
95038.069124,7446
95038.080656,7447
95038.092386,7448
95038.103372,7449
95038.115304,7450
95038.126819,7451
95038.139588,7452
95038.150776,7453
95038.162395,7454
95038.174642,7455
95038.188526,7456
95038.201427,7457
95038.214108,7458
95038.225951,7459
95038.238172,7460
95038.249445,7461
95038.261400,7462
95038.272335,7463
95038.283259,7464
95038.293991,7465
95038.307740,7466
95038.319787,7467
95038.330451,7468
95038.341525,7469
95038.352280,7470
95038.364233,7471
95038.378063,7472
95038.389350,7473
95038.402799,7474
95038.414898,7475
95038.427043,7476
95038.437712,7477
95038.448751,7478
95038.459571,7479
95038.472327,7480
95038.483959,7481
95038.496922,7482
95038.507754,7483
95038.520333,7484
95038.531683,7485
95038.543916,7486
95038.554854,7487
95038.566643,7488
95038.578302,7489
95038.589018,7490
95038.601164,7491
95038.614596,7492
95038.626185,7493
95038.637110,7494
95038.650021,7495
95038.663043,7496
95038.676247,7497
95038.687314,7498
95038.697975,7499
95041.643758,7500
95041.657672,7501
95041.669503,7502
95041.679849,7503
95041.689790,7504
95041.699374,7505
95041.711083,7506
95041.722978,7507
95041.734399,7508
95041.750374,7509
95041.762490,7510
95041.771969,7511
95041.783952,7512
95041.794313,7513
95041.803824,7514
95041.815043,7515
95041.824604,7516
95041.836856,7517
95041.849433,7518
95041.860376,7519
95041.870111,7520
95041.879942,7521
95041.893140,7522
95041.903333,7523
95041.914643,7524
95041.926397,7525
95041.935513,7526
95041.949483,7527
95041.961351,7528
95041.975195,7529
95041.986677,7530
95041.999197,7531
95042.010134,7532
95042.022093,7533
95042.034768,7534
95042.044731,7535
95042.054108,7536
95042.065531,7537
95042.077742,7538
95042.091747,7539
95042.105538,7540
95042.118100,7541
95042.129119,7542
95042.139769,7543
95042.152576,7544
95042.162761,7545
95042.176598,7546
95042.188626,7547
95042.198753,7548
95042.209696,7549
95042.223915,7550
95042.234394,7551
95042.248537,7552
95042.261250,7553
95042.272625,7554
95042.285543,7555
95042.305716,7556
95042.318295,7557
95042.328934,7558
95042.338847,7559
95042.351785,7560
95042.367896,7561
95042.377824,7562
95042.389678,7563
95042.401334,7564
95042.411561,7565
95042.423463,7566
95042.437380,7567
95042.448769,7568
95042.460150,7569
95042.474755,7570
95042.485742,7571
95042.499941,7572
95042.513935,7573
95042.525602,7574
95042.536541,7575
95042.548778,7576
95042.559296,7577
95042.570132,7578
95042.583881,7579
95042.595360,7580
95042.606111,7581
95042.618325,7582
95042.630686,7583
95042.642845,7584
95042.655256,7585
95042.664814,7586
95042.677083,7587
95042.688366,7588
95042.698521,7589
95042.710244,7590
95042.721459,7591
95042.732838,7592
95042.745673,7593
95042.758642,7594
95042.772519,7595
95042.784930,7596
95042.796221,7597
95042.808481,7598
95042.819760,7599
95042.830364,7600
95042.843519,7601
95042.853691,7602
95042.863667,7603
95042.876055,7604
95042.889227,7605
95042.899473,7606
95042.909667,7607
95042.922546,7608
95042.938315,7609
95042.950332,7610
95042.961807,7611
95042.974833,7612
95042.985328,7613
95042.996246,7614
95043.006356,7615
95043.018056,7616
95043.032257,7617
95043.041861,7618
95043.053840,7619
95043.064519,7620
95043.074749,7621
95043.085172,7622
95043.095794,7623
95043.108101,7624
95043.120500,7625
95043.130617,7626
95043.142317,7627
95043.153629,7628
95043.166572,7629
95043.176491,7630
95043.187914,7631
95043.198291,7632
95043.209203,7633
95043.221463,7634
95043.233846,7635
95043.245579,7636
95043.256200,7637
95043.267856,7638
95043.277223,7639
95043.286631,7640
95043.299417,7641
95043.310282,7642
95043.323495,7643
95043.332434,7644
95043.344843,7645
95043.357732,7646
95043.369892,7647
95043.382601,7648
95043.393366,7649
95043.409970,7650
95043.419944,7651
95043.430791,7652
95043.445724,7653
95043.455274,7654
95043.469293,7655
95043.483053,7656
95043.495633,7657
95043.507753,7658
95043.520009,7659
95043.531616,7660
95043.541042,7661
95043.552932,7662
95043.564019,7663
95043.574812,7664
95043.584434,7665
95043.595336,7666
95043.606755,7667
95043.617245,7668
95043.628951,7669
95043.638912,7670
95043.650759,7671
95043.663606,7672
95043.674567,7673
95043.686925,7674
95043.698734,7675
95043.709061,7676
95043.722701,7677
95043.732892,7678
95043.747933,7679
95043.758494,7680
95043.772484,7681
95043.785401,7682
95043.796360,7683
95043.806994,7684
95043.819808,7685
95043.831398,7686
95043.843458,7687
95043.853558,7688
95043.865376,7689
95043.877042,7690
95043.889416,7691
95043.902046,7692
95043.914733,7693
95043.927976,7694
95043.937746,7695
95043.948280,7696
95043.959719,7697
95043.970202,7698
95043.982113,7699
95043.992542,7700
95044.005374,7701
95044.015952,7702
95044.030676,7703
95044.041203,7704
95044.054950,7705
95044.066398,7706
95044.077848,7707
95044.090306,7708
95044.103602,7709
95044.115676,7710
95044.127269,7711
95044.139507,7712
95044.152750,7713
95044.165723,7714
95044.179273,7715
95044.190421,7716
95044.200275,7717
95044.212422,7718
95044.224478,7719
95044.236520,7720
95044.247715,7721
95044.258617,7722
95044.270966,7723
95044.282965,7724
95044.295274,7725
95044.307678,7726
95044.320310,7727
95044.331196,7728
95044.342292,7729
95044.354607,7730
95044.366638,7731
95044.378187,7732
95044.391457,7733
95044.401427,7734
95044.410736,7735
95044.420879,7736
95044.430854,7737
95044.443208,7738
95044.455810,7739
95044.467377,7740
95044.478595,7741
95044.489939,7742
95044.502933,7743
95044.516515,7744
95044.527424,7745
95044.538491,7746
95044.548450,7747
95044.560699,7748
95044.574965,7749
95047.009598,7750
95047.058248,7751
95047.064216,7752
95047.070677,7753
95047.076991,7754
95047.083275,7755
95047.089291,7756
95047.095467,7757
95047.101791,7758
95047.107785,7759
95047.114268,7760
95047.120369,7761
95047.129828,7762
95047.137208,7763
95047.143316,7764
95047.149515,7765
95047.156934,7766
95047.163056,7767
95047.169074,7768
95047.175423,7769
95047.181718,7770
95047.187617,7771
95047.193518,7772
95047.199776,7773
95047.205819,7774
95047.212406,7775
95047.219060,7776
95047.225552,7777
95047.232463,7778
95047.239008,7779
95047.245182,7780
95047.252366,7781
95047.258815,7782
95047.265549,7783
95047.271965,7784
95047.278407,7785
95047.284409,7786
95047.290747,7787
95047.297077,7788
95047.303143,7789
95047.309404,7790
95047.315678,7791
95047.323132,7792
95047.329549,7793
95047.335904,7794
95047.343495,7795
95047.349632,7796
95047.355970,7797
95047.362323,7798
95047.369273,7799
95047.378098,7800
95047.385245,7801
95047.391320,7802
95047.397908,7803
95047.404109,7804
95047.410366,7805
95047.416145,7806
95047.422160,7807
95047.428223,7808
95047.434601,7809
95047.440940,7810
95047.447487,7811
95047.453847,7812
95047.460923,7813
95047.467228,7814
95047.474306,7815
95047.480743,7816
95047.486886,7817
95047.492839,7818
95047.498736,7819
95047.504715,7820
95047.510840,7821
95047.517013,7822
95047.523797,7823
95047.530143,7824
95047.536582,7825
95047.543014,7826
95047.549302,7827
95047.555456,7828
95047.561576,7829
95047.567893,7830
95047.575046,7831
95047.581707,7832
95047.588217,7833
95047.594852,7834
95047.601824,7835
95047.608252,7836
95047.614645,7837
95047.621705,7838
95047.628283,7839
95047.634584,7840
95047.641839,7841
95047.648462,7842
95047.654952,7843
95047.661457,7844
95047.667767,7845
95047.674302,7846
95047.684599,7847
95047.690962,7848
95047.697576,7849
95047.703911,7850
95047.709985,7851
95047.716774,7852
95047.723061,7853
95047.729038,7854
95047.734932,7855
95047.741787,7856
95047.747729,7857
95047.753782,7858
95047.760536,7859
95047.766911,7860
95047.773396,7861
95047.779897,7862
95047.786326,7863
95047.793695,7864
95047.800349,7865
95047.807104,7866
95047.815009,7867
95047.826119,7868
95047.833696,7869
95047.841129,7870
95047.848067,7871
95047.854227,7872
95047.860579,7873
95047.866552,7874
95047.872576,7875
95047.878726,7876
95047.885114,7877
95047.891736,7878
95047.898684,7879
95047.905041,7880
95047.911398,7881
95047.917987,7882
95047.924937,7883
95047.931479,7884
95047.937386,7885
95047.943517,7886
95047.950605,7887
95047.957054,7888
95047.963080,7889
95047.969082,7890
95047.975456,7891
95047.981896,7892
95047.989058,7893
95047.997395,7894
95048.004462,7895
95048.010931,7896
95048.017362,7897
95048.023421,7898
95048.029810,7899
95048.038598,7900
95048.044712,7901
95048.051651,7902
95048.058288,7903
95048.065804,7904
95048.072384,7905
95048.078679,7906
95048.085704,7907
95048.092750,7908
95048.099681,7909
95048.107245,7910
95048.113716,7911
95048.120309,7912
95048.127249,7913
95048.134737,7914
95048.142195,7915
95048.149431,7916
95048.156236,7917
95048.163358,7918
95048.170411,7919
95048.176865,7920
95048.183641,7921
95048.190340,7922
95048.197323,7923
95048.204562,7924
95048.211796,7925
95048.218797,7926
95048.225827,7927
95048.233007,7928
95048.239747,7929
95048.246640,7930
95048.253296,7931
95048.260401,7932
95048.267358,7933
95048.274313,7934
95048.281233,7935
95048.288009,7936
95048.294916,7937
95048.301754,7938
95048.308388,7939
95048.315748,7940
95048.322750,7941
95048.329782,7942
95048.336999,7943
95048.344632,7944
95048.351447,7945
95048.357859,7946
95048.364646,7947
95048.371394,7948
95048.378453,7949
95048.385253,7950
95048.391699,7951
95048.398355,7952
95048.405010,7953
95048.413335,7954
95048.420963,7955
95048.427667,7956
95048.435036,7957
95048.442113,7958
95048.449050,7959
95048.455775,7960
95048.462180,7961
95048.468970,7962
95048.476698,7963
95048.483306,7964
95048.489869,7965
95048.496800,7966
95048.503718,7967
95048.511294,7968
95048.517879,7969
95048.524738,7970
95048.531833,7971
95048.538603,7972
95048.545618,7973
95048.552769,7974
95048.559633,7975
95048.566626,7976
95048.573774,7977
95048.580040,7978
95048.586992,7979
95048.593970,7980
95048.600732,7981
95048.607582,7982
95048.614480,7983
95048.620981,7984
95048.627793,7985
95048.634387,7986
95048.641005,7987
95048.647682,7988
95048.654365,7989
95048.660758,7990
95048.667620,7991
95048.673848,7992
95048.680016,7993
95048.686081,7994
95048.692328,7995
95048.698904,7996
95048.705099,7997
95048.711439,7998
95048.717768,7999
95051.664464,8000
95051.679762,8001
95051.693521,8002
95051.704454,8003
95051.714746,8004
95051.726095,8005
95051.738364,8006
95051.747801,8007
95051.759647,8008
95051.770625,8009
95051.780334,8010
95051.790882,8011
95051.803217,8012
95051.815880,8013
95051.827756,8014
95051.843159,8015
95051.854719,8016
95051.863876,8017
95051.876603,8018
95051.887396,8019
95051.899781,8020
95051.909904,8021
95051.919290,8022
95051.930318,8023
95051.941813,8024
95051.954489,8025
95051.966792,8026
95051.979217,8027
95051.991526,8028
95052.005306,8029
95052.015494,8030
95052.027238,8031
95052.039619,8032
95052.052473,8033
95052.064694,8034
95052.077930,8035
95052.090449,8036
95052.103861,8037
95052.115304,8038
95052.125986,8039
95052.138302,8040
95052.148540,8041
95052.158229,8042
95052.168394,8043
95052.179422,8044
95052.192801,8045
95052.204114,8046
95052.214555,8047
95052.228168,8048
95052.239027,8049
95052.254980,8050
95052.265473,8051
95052.274824,8052
95052.285994,8053
95052.296473,8054
95052.307314,8055
95052.319043,8056
95052.326637,8057
95052.336290,8058
95052.347107,8059
95052.355925,8060
95052.363954,8061
95052.376149,8062
95052.385110,8063
95052.394476,8064
95052.405582,8065
95052.414152,8066
95052.423714,8067
95052.434746,8068
95052.443184,8069
95052.455472,8070
95052.465173,8071
95052.475010,8072
95052.487692,8073
95052.497929,8074
95052.506869,8075
95052.517726,8076
95052.527417,8077
95052.536185,8078
95052.546916,8079
95052.555791,8080
95052.566651,8081
95052.577440,8082
95052.586985,8083
95052.597746,8084
95052.608149,8085
95052.617416,8086
95052.625667,8087
95052.637235,8088
95052.647737,8089
95052.657357,8090
95052.668454,8091
95052.677967,8092
95052.688191,8093
95052.700749,8094
95052.713462,8095
95052.722609,8096
95052.731434,8097
95052.741315,8098
95052.752641,8099
95052.762026,8100
95052.770709,8101
95052.779950,8102
95052.788779,8103
95052.798463,8104
95052.809337,8105
95052.820079,8106
95052.829416,8107
95052.843945,8108
95052.854277,8109
95052.863943,8110
95052.873765,8111
95052.884986,8112
95052.894703,8113
95052.905198,8114
95052.913921,8115
95052.922650,8116
95052.932770,8117
95052.945029,8118
95052.957252,8119
95052.967304,8120
95052.978347,8121
95052.986373,8122
95052.999808,8123
95053.008512,8124
95053.019211,8125
95053.032599,8126
95053.040644,8127
95053.048905,8128
95053.057953,8129
95053.070668,8130
95053.078913,8131
95053.088988,8132
95053.101209,8133
95053.110866,8134
95053.120771,8135
95053.131686,8136
95053.141399,8137
95053.150225,8138
95053.160452,8139
95053.170280,8140
95053.181970,8141
95053.193259,8142
95053.201638,8143
95053.212547,8144
95053.220922,8145
95053.233512,8146
95053.245101,8147
95053.256578,8148
95053.266412,8149
95053.279041,8150
95053.289303,8151
95053.303025,8152
95053.311423,8153
95053.322379,8154
95053.332447,8155
95053.340836,8156
95053.351236,8157
95053.364824,8158
95053.376956,8159
95053.387851,8160
95053.398992,8161
95053.409595,8162
95053.416834,8163
95053.428287,8164
95053.438090,8165
95053.449060,8166
95053.460684,8167
95053.472721,8168
95053.483759,8169
95053.494806,8170
95053.506010,8171
95053.519749,8172
95053.530784,8173
95053.543370,8174
95053.555723,8175
95053.566504,8176
95053.576641,8177
95053.587844,8178
95053.598157,8179
95053.610411,8180
95053.621903,8181
95053.634189,8182
95053.645116,8183
95053.657185,8184
95053.667077,8185
95053.677757,8186
95053.689143,8187
95053.699126,8188
95053.711410,8189
95053.722713,8190
95053.733297,8191
95053.744461,8192
95053.756402,8193
95053.765998,8194
95053.775326,8195
95053.784329,8196
95053.793978,8197
95053.802592,8198
95053.813217,8199
95053.825304,8200
95053.834960,8201
95053.843758,8202
95053.852169,8203
95053.861874,8204
95053.870596,8205
95053.880892,8206
95053.892048,8207
95053.901998,8208
95053.910192,8209
95053.919939,8210
95053.932411,8211
95053.940757,8212
95053.953563,8213
95053.965834,8214
95053.975510,8215
95053.985368,8216
95053.996437,8217
95054.006019,8218
95054.018966,8219
95054.028657,8220
95054.042374,8221
95054.055510,8222
95054.064783,8223
95054.077012,8224
95054.087955,8225
95054.099793,8226
95054.113412,8227
95054.124875,8228
95054.135228,8229
95054.147734,8230
95054.161477,8231
95054.172264,8232
95054.182417,8233
95054.191484,8234
95054.201682,8235
95054.212863,8236
95054.223964,8237
95054.233695,8238
95054.242695,8239
95054.253231,8240
95054.264723,8241
95054.274092,8242
95054.283421,8243
95054.294732,8244
95054.304648,8245
95054.312675,8246
95054.323565,8247
95054.332926,8248
95054.342332,8249
95057.313474,8250
95057.327294,8251
95057.338848,8252
95057.350069,8253
95057.357487,8254
95057.368195,8255
95057.378275,8256
95057.388437,8257
95057.397588,8258
95057.408359,8259
95057.415674,8260
95057.423079,8261
95057.430025,8262
95057.441660,8263
95057.453336,8264
95057.464555,8265
95057.471780,8266
95057.478793,8267
95057.485561,8268
95057.496982,8269
95057.506797,8270
95057.513444,8271
95057.525574,8272
95057.535777,8273
95057.544485,8274
95057.552354,8275
95057.561266,8276
95057.569007,8277
95057.579424,8278
95057.587253,8279
95057.597257,8280
95057.604767,8281
95057.616870,8282
95057.624539,8283
95057.634884,8284
95057.644978,8285
95057.655561,8286
95057.666597,8287
95057.673590,8288
95057.685084,8289
95057.697028,8290
95057.708963,8291
95057.720156,8292
95057.730066,8293
95057.740327,8294
95057.751645,8295
95057.762043,8296
95057.772459,8297
95057.782557,8298
95057.796351,8299
95057.809181,8300
95057.818627,8301
95057.829367,8302
95057.840444,8303
95057.850834,8304
95057.860713,8305
95057.872873,8306
95057.881150,8307
95057.892847,8308
95057.904564,8309
95057.912968,8310
95057.924809,8311
95057.936887,8312
95057.946422,8313
95057.957023,8314
95057.964632,8315
95057.977260,8316
95057.986928,8317
95057.999046,8318
95058.010048,8319
95058.018126,8320
95058.028309,8321
95058.040363,8322
95058.050920,8323
95058.062914,8324
95058.074529,8325
95058.086173,8326
95058.096189,8327
95058.106231,8328
95058.116146,8329
95058.125774,8330
95058.136724,8331
95058.144957,8332
95058.156868,8333
95058.164726,8334
95058.172840,8335
95058.180616,8336
95058.187703,8337
95058.200019,8338
95058.210330,8339
95058.221396,8340
95058.233930,8341
95058.241981,8342
95058.251394,8343
95058.262209,8344
95058.272700,8345
95058.280783,8346
95058.292528,8347
95058.304873,8348
95058.313723,8349
95058.325213,8350
95058.336034,8351
95058.346048,8352
95058.355589,8353
95058.365395,8354
95058.377206,8355
95058.387468,8356
95058.398007,8357
95058.407546,8358
95058.415455,8359
95058.427071,8360
95058.439052,8361
95058.449540,8362
95058.459365,8363
95058.470034,8364
95058.477780,8365
95058.485572,8366
95058.493044,8367
95058.500596,8368
95058.511621,8369
95058.522575,8370
95058.532427,8371
95058.539725,8372
95058.549444,8373
95058.557044,8374
95058.567194,8375
95058.579274,8376
95058.590855,8377
95058.602554,8378
95058.614306,8379
95058.627175,8380
95058.638712,8381
95058.648524,8382
95058.658829,8383
95058.671446,8384
95058.683261,8385
95058.693507,8386
95058.703594,8387
95058.713235,8388
95058.721687,8389
95058.729169,8390
95058.740501,8391
95058.751396,8392
95058.761723,8393
95058.770851,8394
95058.780543,8395
95058.791008,8396
95058.801190,8397
95058.811623,8398
95058.823163,8399
95058.838333,8400
95058.849760,8401
95058.861949,8402
95058.873340,8403
95058.881015,8404
95058.891503,8405
95058.903970,8406
95058.916450,8407
95058.928730,8408
95058.941433,8409
95058.954559,8410
95058.966854,8411
95058.975367,8412
95058.987107,8413
95058.998095,8414
95059.009094,8415
95059.018817,8416
95059.031220,8417
95059.041949,8418
95059.055179,8419
95059.065226,8420
95059.075702,8421
95059.088501,8422
95059.098148,8423
95059.110294,8424
95059.120901,8425
95059.131973,8426
95059.140716,8427
95059.151071,8428
95059.161964,8429
95059.172070,8430
95059.179830,8431
95059.190228,8432
95059.201129,8433
95059.213736,8434
95059.224575,8435
95059.235334,8436
95059.245255,8437
95059.258264,8438
95059.267729,8439
95059.275823,8440
95059.288160,8441
95059.298290,8442
95059.310219,8443
95059.320754,8444
95059.333499,8445
95059.341579,8446
95059.351955,8447
95059.364161,8448
95059.374470,8449
95059.385891,8450
95059.396200,8451
95059.403718,8452
95059.415867,8453
95059.428867,8454
95059.441486,8455
95059.452497,8456
95059.460883,8457
95059.470485,8458
95059.483722,8459
95059.495412,8460
95059.507415,8461
95059.516618,8462
95059.525013,8463
95059.538314,8464
95059.548928,8465
95059.557958,8466
95059.572355,8467
95059.584965,8468
95059.596792,8469
95059.605628,8470
95059.616506,8471
95059.624154,8472
95059.637215,8473
95059.647504,8474
95059.659393,8475
95059.667227,8476
95059.681487,8477
95059.691582,8478
95059.703539,8479
95059.714281,8480
95059.725082,8481
95059.735736,8482
95059.748872,8483
95059.762090,8484
95059.771641,8485
95059.779415,8486
95059.786909,8487
95059.796746,8488
95059.808832,8489
95059.819424,8490
95059.829687,8491
95059.839864,8492
95059.853557,8493
95059.867175,8494
95059.875312,8495
95059.887307,8496
95059.897347,8497
95059.908321,8498
95059.916299,8499
95062.927435,8500
95062.941738,8501
95062.952312,8502
95062.962306,8503
95062.972503,8504
95062.982856,8505
95062.993192,8506
95063.003907,8507
95063.015041,8508
95063.025966,8509
95063.035705,8510
95063.046688,8511
95063.057599,8512
95063.070401,8513
95063.082780,8514
95063.093696,8515
95063.104462,8516
95063.115422,8517
95063.125474,8518
95063.135391,8519
95063.146028,8520
95063.157093,8521
95063.167539,8522
95063.177698,8523
95063.188442,8524
95063.199916,8525
95063.211214,8526
95063.222069,8527
95063.232629,8528
95063.243364,8529
95063.254041,8530
95063.265260,8531
95063.276437,8532
95063.286687,8533
95063.297976,8534
95063.309563,8535
95063.320310,8536
95063.333349,8537
95063.345488,8538
95063.357533,8539
95063.368621,8540
95063.380163,8541
95063.390558,8542
95063.401655,8543
95063.412549,8544
95063.423373,8545
95063.433967,8546
95063.444215,8547
95063.454684,8548
95063.465856,8549
95063.479362,8550
95063.490173,8551
95063.501299,8552
95063.513259,8553
95063.525025,8554
95063.536182,8555
95063.547943,8556
95063.558174,8557
95063.568844,8558
95063.581910,8559
95063.593186,8560
95063.603537,8561
95063.614441,8562
95063.625343,8563
95063.636094,8564
95063.646937,8565
95063.658783,8566
95063.669820,8567
95063.679635,8568
95063.689293,8569
95063.700378,8570
95063.710653,8571
95063.721184,8572
95063.732329,8573
95063.741703,8574
95063.751573,8575
95063.763574,8576
95063.774599,8577
95063.785583,8578
95063.797634,8579
95063.809363,8580
95063.820324,8581
95063.830874,8582
95063.841725,8583
95063.852756,8584
95063.863910,8585
95063.874520,8586
95063.884960,8587
95063.895692,8588
95063.907581,8589
95063.917341,8590
95063.929134,8591
95063.941438,8592
95063.951649,8593
95063.963828,8594
95063.974535,8595
95063.985554,8596
95063.994582,8597
95064.005707,8598
95064.016927,8599
95064.026381,8600
95064.037843,8601
95064.048501,8602
95064.060654,8603
95064.070999,8604
95064.083139,8605
95064.094796,8606
95064.106822,8607
95064.118785,8608
95064.130827,8609
95064.141838,8610
95064.154420,8611
95064.165833,8612
95064.176123,8613
95064.187721,8614
95064.202279,8615
95064.214294,8616
95064.226125,8617
95064.236616,8618
95064.249059,8619
95064.261883,8620
95064.272355,8621
95064.284477,8622
95064.295777,8623
95064.307510,8624
95064.319468,8625
95064.332252,8626
95064.343455,8627
95064.354537,8628
95064.367967,8629
95064.379405,8630
95064.392596,8631
95064.404802,8632
95064.415408,8633
95064.426652,8634
95064.437207,8635
95064.447620,8636
95064.458365,8637
95064.471382,8638
95064.481212,8639
95064.492321,8640
95064.503797,8641
95064.513992,8642
95064.525055,8643
95064.535537,8644
95064.547392,8645
95064.558350,8646
95064.569536,8647
95064.579401,8648
95064.590284,8649
95064.603880,8650
95064.617036,8651
95064.628517,8652
95064.638715,8653
95064.650267,8654
95064.660745,8655
95064.672552,8656
95064.683932,8657
95064.694142,8658
95064.704583,8659
95064.714830,8660
95064.726555,8661
95064.737295,8662
95064.748976,8663
95064.760019,8664
95064.770652,8665
95064.781609,8666
95064.792599,8667
95064.804373,8668
95064.815764,8669
95064.826552,8670
95064.837991,8671
95064.849581,8672
95064.860385,8673
95064.871998,8674
95064.882608,8675
95064.893857,8676
95064.904648,8677
95064.915512,8678
95064.927559,8679
95064.937959,8680
95064.948445,8681
95064.959587,8682
95064.970966,8683
95064.980876,8684
95064.992333,8685
95065.003712,8686
95065.014165,8687
95065.025648,8688
95065.035131,8689
95065.045705,8690
95065.057239,8691
95065.068342,8692
95065.079363,8693
95065.089911,8694
95065.100919,8695
95065.112483,8696
95065.124030,8697
95065.135468,8698
95065.145876,8699
95065.156381,8700
95065.166734,8701
95065.176903,8702
95065.187304,8703
95065.198509,8704
95065.210102,8705
95065.221889,8706
95065.233257,8707
95065.244271,8708
95065.255655,8709
95065.265855,8710
95065.277383,8711
95065.288278,8712
95065.299015,8713
95065.309986,8714
95065.320438,8715
95065.331384,8716
95065.342768,8717
95065.353751,8718
95065.364211,8719
95065.374992,8720
95065.386275,8721
95065.397151,8722
95065.408463,8723
95065.419630,8724
95065.430755,8725
95065.441517,8726
95065.452178,8727
95065.463191,8728
95065.473299,8729
95065.483498,8730
95065.495656,8731
95065.506974,8732
95065.519620,8733
95065.530025,8734
95065.540711,8735
95065.552055,8736
95065.563508,8737
95065.574459,8738
95065.585749,8739
95065.596893,8740
95065.608040,8741
95065.619261,8742
95065.630747,8743
95065.640957,8744
95065.651687,8745
95065.662899,8746
95065.672895,8747
95065.683766,8748
95065.693431,8749
95067.461600,9000
95067.557246,9001
95067.564332,9002
95067.571196,9003
95067.577892,9004
95067.583987,9005
95067.590389,9006
95067.596745,9007
95067.603342,9008
95067.609766,9009
95067.616273,9010
95067.622733,9011
95067.629457,9012
95067.636425,9013
95067.642750,9014
95067.649079,9015
95067.655198,9016
95067.661700,9017
95067.667730,9018
95067.673963,9019
95067.680527,9020
95067.686800,9021
95067.693075,9022
95067.699669,9023
95067.706673,9024
95067.713559,9025
95067.720504,9026
95067.727461,9027
95067.734426,9028
95067.741221,9029
95067.747966,9030
95067.755036,9031
95067.762177,9032
95067.768741,9033
95067.775655,9034
95067.782701,9035
95067.789720,9036
95067.796796,9037
95067.803855,9038
95067.810787,9039
95067.817603,9040
95067.824521,9041
95067.831567,9042
95067.838460,9043
95067.845633,9044
95067.852417,9045
95067.859251,9046
95067.866165,9047
95067.872834,9048
95067.879320,9049
95067.886039,9050
95067.892159,9051
95067.897941,9052
95067.903829,9053
95067.910268,9054
95067.916743,9055
95067.922827,9056
95067.929436,9057
95067.935838,9058
95067.942686,9059
95067.949403,9060
95067.956826,9061
95067.963827,9062
95067.970755,9063
95067.977677,9064
95067.984539,9065
95067.993173,9066
95067.999613,9067
95068.005849,9068
95068.012188,9069
95068.018789,9070
95068.025631,9071
95068.032633,9072
95068.041242,9073
95068.051357,9074
95068.057934,9075
95068.063846,9076
95068.069789,9077
95068.076048,9078
95068.082217,9079
95068.088871,9080
95068.095130,9081
95068.101728,9082
95068.108305,9083
95068.114495,9084
95068.120745,9085
95068.127058,9086
95068.133098,9087
95068.139351,9088
95068.145271,9089
95068.151399,9090
95068.157685,9091
95068.164074,9092
95068.170790,9093
95068.177081,9094
95068.182947,9095
95068.189014,9096
95068.195184,9097
95068.201088,9098
95068.207708,9099
95068.216551,9100
95068.222985,9101
95068.229341,9102
95068.235834,9103
95068.242398,9104
95068.248864,9105
95068.255157,9106
95068.262134,9107
95068.269222,9108
95068.276089,9109
95068.282888,9110
95068.290100,9111
95068.297058,9112
95068.303956,9113
95068.311027,9114
95068.317759,9115
95068.324797,9116
95068.331789,9117
95068.338774,9118
95068.345809,9119
95068.352506,9120
95068.359406,9121
95068.366341,9122
95068.373265,9123
95068.380190,9124
95068.387380,9125
95068.394161,9126
95068.401227,9127
95068.408098,9128
95068.414710,9129
95068.421386,9130
95068.428359,9131
95068.435154,9132
95068.441814,9133
95068.448881,9134
95068.455652,9135
95068.462633,9136
95068.469481,9137
95068.476267,9138
95068.482543,9139
95068.488414,9140
95068.494305,9141
95068.500284,9142
95068.506373,9143
95068.512352,9144
95068.518820,9145
95068.525514,9146
95068.532402,9147
95068.539272,9148
95068.546363,9149
95068.553829,9150
95068.560558,9151
95068.567266,9152
95068.574340,9153
95068.581163,9154
95068.587595,9155
95068.594390,9156
95068.601554,9157
95068.609494,9158
95068.616664,9159
95068.624601,9160
95068.632843,9161
95068.640314,9162
95068.648913,9163
95068.655788,9164
95068.662413,9165
95068.668632,9166
95068.674940,9167
95068.681234,9168
95068.687536,9169
95068.693469,9170
95068.699814,9171
95068.706446,9172
95068.713437,9173
95068.720373,9174
95068.727422,9175
95068.734151,9176
95068.740946,9177
95068.747807,9178
95068.754704,9179
95068.761806,9180
95068.768740,9181
95068.775589,9182
95068.782230,9183
95068.789201,9184
95068.795864,9185
95068.802935,9186
95068.809428,9187
95068.815513,9188
95068.821465,9189
95068.827751,9190
95068.834078,9191
95068.840611,9192
95068.847340,9193
95068.854482,9194
95068.861235,9195
95068.867936,9196
95068.875246,9197
95068.882057,9198
95068.889298,9199
95068.898938,9200
95068.906587,9201
95068.914076,9202
95068.921064,9203
95068.928536,9204
95068.935481,9205
95068.942429,9206
95068.949562,9207
95068.956481,9208
95068.963296,9209
95068.970257,9210
95068.977093,9211
95068.983628,9212
95068.990613,9213
95068.997395,9214
95069.003627,9215
95069.010362,9216
95069.016514,9217
95069.022733,9218
95069.028688,9219
95069.034827,9220
95069.040888,9221
95069.047652,9222
95069.057234,9223
95069.064569,9224
95069.070549,9225
95069.076482,9226
95069.082295,9227
95069.088787,9228
95069.095370,9229
95069.102007,9230
95069.108755,9231
95069.115848,9232
95069.122735,9233
95069.129585,9234
95069.136353,9235
95069.143287,9236
95069.150248,9237
95069.157181,9238
95069.163969,9239
95069.170183,9240
95069.176166,9241
95069.182179,9242
95069.188526,9243
95069.194525,9244
95069.200954,9245
95069.207493,9246
95069.213865,9247
95069.220657,9248
95069.227261,9249
95072.380609,9250
95072.392119,9251
95072.404183,9252
95072.410768,9253
95072.417454,9254
95072.429213,9255
95072.437358,9256
95072.450475,9257
95072.463277,9258
95072.470877,9259
95072.483617,9260
95072.494220,9261
95072.501318,9262
95072.513393,9263
95072.526177,9264
95072.535789,9265
95072.541895,9266
95072.553730,9267
95072.565268,9268
95072.577475,9269
95072.590026,9270
95072.602715,9271
95072.615977,9272
95072.627668,9273
95072.637691,9274
95072.648959,9275
95072.660776,9276
95072.672854,9277
95072.682911,9278
95072.689203,9279
95072.699587,9280
95072.710358,9281
95072.716889,9282
95072.723225,9283
95072.734868,9284
95072.747080,9285
95072.756361,9286
95072.766838,9287
95072.773779,9288
95072.785632,9289
95072.794146,9290
95072.805187,9291
95072.814599,9292
95072.826080,9293
95072.832972,9294
95072.844707,9295
95072.851285,9296
95072.858239,9297
95072.868708,9298
95072.875972,9299
95072.889225,9300
95072.901716,9301
95072.907952,9302
95072.914610,9303
95072.923380,9304
95072.934835,9305
95072.940807,9306
95072.952390,9307
95072.965045,9308
95072.972940,9309
95072.984211,9310
95072.996008,9311
95073.006180,9312
95073.018157,9313
95073.028166,9314
95073.034826,9315
95073.041940,9316
95073.048672,9317
95073.060414,9318
95073.070402,9319
95073.082141,9320
95073.092782,9321
95073.098992,9322
95073.111826,9323
95073.119656,9324
95073.133251,9325
95073.144447,9326
95073.157133,9327
95073.167571,9328
95073.177197,9329
95073.183664,9330
95073.195589,9331
95073.205834,9332
95073.214926,9333
95073.226843,9334
95073.238757,9335
95073.247382,9336
95073.258465,9337
95073.271020,9338
95073.280552,9339
95073.287041,9340
95073.297844,9341
95073.307209,9342
95073.319492,9343
95073.326599,9344
95073.336304,9345
95073.348278,9346
95073.357150,9347
95073.367597,9348
95073.376228,9349
95073.390800,9350
95073.399919,9351
95073.411385,9352
95073.417938,9353
95073.429700,9354
95073.436767,9355
95073.443625,9356
95073.450460,9357
95073.461915,9358
95073.469609,9359
95073.476707,9360
95073.488181,9361
95073.499980,9362
95073.506416,9363
95073.513861,9364
95073.523320,9365
95073.529231,9366
95073.536235,9367
95073.548216,9368
95073.560878,9369
95073.572447,9370
95073.584691,9371
95073.592371,9372
95073.600188,9373
95073.612323,9374
95073.628938,9375
95073.641720,9376
95073.653504,9377
95073.665736,9378
95073.672778,9379
95073.685186,9380
95073.697221,9381
95073.709372,9382
95073.716937,9383
95073.723483,9384
95073.729676,9385
95073.741252,9386
95073.749144,9387
95073.761868,9388
95073.769207,9389
95073.781281,9390
95073.793205,9391
95073.805246,9392
95073.819129,9393
95073.830730,9394
95073.837613,9395
95073.849918,9396
95073.862101,9397
95073.869172,9398
95073.881933,9399
95073.890641,9400
95073.896799,9401
95073.904372,9402
95073.916256,9403
95073.923076,9404
95073.936867,9405
95073.943433,9406
95073.956191,9407
95073.966834,9408
95073.973498,9409
95073.985467,9410
95073.997290,9411
95074.004119,9412
95074.015997,9413
95074.028236,9414
95074.038685,9415
95074.050697,9416
95074.056821,9417
95074.063326,9418
95074.069491,9419
95074.076040,9420
95074.083383,9421
95074.096228,9422
95074.108406,9423
95074.114625,9424
95074.124192,9425
95074.131048,9426
95074.143914,9427
95074.151166,9428
95074.159764,9429
95074.171673,9430
95074.183291,9431
95074.195693,9432
95074.207445,9433
95074.214468,9434
95074.227098,9435
95074.233991,9436
95074.243576,9437
95074.252021,9438
95074.262307,9439
95074.274281,9440
95074.280858,9441
95074.287841,9442
95074.297835,9443
95074.304953,9444
95074.312240,9445
95074.323999,9446
95074.335388,9447
95074.347708,9448
95074.357458,9449
95074.372226,9450
95074.379339,9451
95074.387178,9452
95074.394235,9453
95074.401735,9454
95074.412602,9455
95074.419717,9456
95074.430415,9457
95074.439254,9458
95074.449078,9459
95074.455929,9460
95074.468488,9461
95074.480609,9462
95074.492537,9463
95074.505316,9464
95074.516804,9465
95074.527845,9466
95074.536390,9467
95074.544114,9468
95074.550754,9469
95074.562004,9470
95074.571917,9471
95074.584162,9472
95074.592276,9473
95074.599581,9474
95074.610765,9475
95074.617475,9476
95074.628575,9477
95074.635191,9478
95074.641764,9479
95074.651739,9480
95074.661922,9481
95074.673243,9482
95074.679837,9483
95074.686551,9484
95074.697379,9485
95074.703504,9486
95074.710027,9487
95074.720346,9488
95074.731365,9489
95074.737690,9490
95074.749614,9491
95074.761704,9492
95074.772985,9493
95074.782478,9494
95074.789666,9495
95074.801240,9496
95074.813056,9497
95074.819697,9498
95074.826467,9499
95077.849747,9500
95077.863142,9501
95077.874499,9502
95077.885348,9503
95077.896848,9504
95077.911626,9505
95077.924455,9506
95077.937391,9507
95077.953287,9508
95077.965204,9509
95077.979770,9510
95077.990838,9511
95078.005951,9512
95078.020219,9513
95078.033771,9514
95078.045217,9515
95078.058428,9516
95078.070121,9517
95078.081624,9518
95078.092981,9519
95078.104878,9520
95078.116345,9521
95078.129725,9522
95078.141855,9523
95078.154265,9524
95078.167329,9525
95078.178617,9526
95078.190132,9527
95078.201897,9528
95078.214122,9529
95078.225297,9530
95078.236930,9531
95078.250927,9532
95078.262473,9533
95078.275957,9534
95078.287115,9535
95078.298443,9536
95078.309582,9537
95078.321141,9538
95078.332809,9539
95078.344321,9540
95078.355729,9541
95078.368267,9542
95078.379994,9543
95078.394163,9544
95078.405873,9545
95078.419678,9546
95078.431916,9547
95078.443092,9548
95078.455130,9549
95078.468485,9550
95078.479865,9551
95078.491295,9552
95078.504532,9553
95078.515581,9554
95078.527034,9555
95078.541471,9556
95078.554454,9557
95078.565245,9558
95078.575952,9559
95078.589795,9560
95078.600730,9561
95078.614239,9562
95078.625537,9563
95078.638416,9564
95078.649050,9565
95078.660826,9566
95078.671570,9567
95078.682393,9568
95078.693056,9569
95078.703576,9570
95078.714015,9571
95078.725631,9572
95078.737474,9573
95078.750393,9574
95078.761168,9575
95078.772375,9576
95078.783211,9577
95078.794217,9578
95078.806256,9579
95078.816813,9580
95078.827743,9581
95078.842020,9582
95078.852930,9583
95078.864721,9584
95078.875724,9585
95078.887467,9586
95078.899497,9587
95078.910381,9588
95078.921528,9589
95078.935752,9590
95078.946173,9591
95078.957025,9592
95078.969336,9593
95078.980594,9594
95078.991389,9595
95079.002338,9596
95079.015592,9597
95079.030378,9598
95079.041313,9599
95079.055370,9600
95079.066026,9601
95079.079315,9602
95079.091014,9603
95079.102727,9604
95079.113531,9605
95079.125447,9606
95079.136405,9607
95079.147663,9608
95079.158832,9609
95079.172552,9610
95079.186287,9611
95079.197399,9612
95079.210928,9613
95079.222118,9614
95079.235806,9615
95079.246780,9616
95079.260336,9617
95079.271807,9618
95079.284452,9619
95079.295277,9620
95079.306317,9621
95079.316923,9622
95079.327753,9623
95079.341136,9624
95079.354011,9625
95079.366820,9626
95079.380230,9627
95079.390868,9628
95079.404252,9629
95079.417795,9630
95079.432480,9631
95079.446400,9632
95079.460069,9633
95079.473902,9634
95079.487723,9635
95079.501659,9636
95079.512220,9637
95079.526268,9638
95079.540016,9639
95079.554182,9640
95079.568359,9641
95079.579431,9642
95079.593798,9643
95079.605461,9644
95079.619706,9645
95079.634324,9646
95079.645778,9647
95079.659719,9648
95079.672721,9649
95079.683548,9650
95079.698368,9651
95079.710176,9652
95079.724519,9653
95079.738414,9654
95079.749425,9655
95079.764854,9656
95079.778183,9657
95079.789622,9658
95079.801845,9659
95079.815460,9660
95079.827577,9661
95079.840877,9662
95079.854716,9663
95079.869260,9664
95079.880159,9665
95079.893684,9666
95079.906729,9667
95079.920761,9668
95079.933929,9669
95079.947809,9670
95079.959083,9671
95079.972567,9672
95079.983318,9673
95079.994045,9674
95080.008346,9675
95080.022782,9676
95080.034170,9677
95080.048421,9678
95080.061476,9679
95080.075560,9680
95080.090383,9681
95080.105437,9682
95080.119450,9683
95080.130450,9684
95080.141578,9685
95080.155273,9686
95080.168241,9687
95080.182030,9688
95080.193401,9689
95080.206132,9690
95080.219414,9691
95080.230799,9692
95080.244423,9693
95080.255288,9694
95080.269858,9695
95080.283481,9696
95080.295535,9697
95080.308816,9698
95080.320467,9699
95080.336396,9700
95080.348384,9701
95080.359343,9702
95080.370148,9703
95080.380933,9704
95080.392719,9705
95080.403684,9706
95080.415168,9707
95080.426224,9708
95080.440081,9709
95080.451904,9710
95080.462626,9711
95080.474401,9712
95080.486728,9713
95080.498972,9714
95080.511428,9715
95080.521892,9716
95080.533015,9717
95080.543812,9718
95080.554944,9719
95080.565729,9720
95080.577160,9721
95080.587499,9722
95080.598582,9723
95080.612593,9724
95080.624183,9725
95080.635211,9726
95080.645620,9727
95080.656470,9728
95080.667462,9729
95080.679215,9730
95080.689949,9731
95080.703432,9732
95080.714946,9733
95080.727426,9734
95080.738185,9735
95080.748929,9736
95080.759926,9737
95080.771595,9738
95080.782290,9739
95080.793597,9740
95080.804632,9741
95080.815106,9742
95080.828072,9743
95080.839407,9744
95080.850804,9745
95080.862352,9746
95080.873587,9747
95080.883978,9748
95080.894911,9749
95083.832796,9750
95083.848551,9751
95083.860286,9752
95083.872770,9753
95083.884213,9754
95083.895324,9755
95083.905100,9756
95083.916151,9757
95083.927925,9758
95083.937763,9759
95083.949077,9760
95083.959902,9761
95083.973902,9762
95083.984218,9763
95083.999111,9764
95084.011482,9765
95084.024111,9766
95084.033664,9767
95084.044764,9768
95084.055300,9769
95084.066354,9770
95084.077031,9771
95084.087707,9772
95084.098523,9773
95084.111189,9774
95084.122431,9775
95084.133119,9776
95084.145484,9777
95084.158375,9778
95084.171268,9779
95084.181975,9780
95084.193768,9781
95084.205357,9782
95084.217050,9783
95084.230490,9784
95084.239789,9785
95084.249998,9786
95084.259928,9787
95084.272543,9788
95084.284330,9789
95084.297807,9790
95084.307272,9791
95084.320789,9792
95084.332546,9793
95084.344918,9794
95084.357441,9795
95084.369423,9796
95084.382135,9797
95084.394644,9798
95084.404987,9799
95084.416187,9800
95084.428170,9801
95084.441350,9802
95084.452558,9803
95084.462504,9804
95084.474079,9805
95084.483828,9806
95084.495254,9807
95084.508640,9808
95084.520193,9809
95084.531892,9810
95084.543185,9811
95084.555430,9812
95084.568024,9813
95084.578789,9814
95084.591730,9815
95084.601570,9816
95084.613569,9817
95084.627486,9818
95084.638536,9819
95084.648972,9820
95084.660572,9821
95084.670709,9822
95084.683766,9823
95084.696214,9824
95084.706743,9825
95084.717440,9826
95084.729772,9827
95084.739286,9828
95084.751482,9829
95084.764708,9830
95084.776906,9831
95084.787933,9832
95084.801278,9833
95084.811753,9834
95084.823878,9835
95084.834627,9836
95084.847538,9837
95084.860534,9838
95084.871493,9839
95084.883482,9840
95084.895930,9841
95084.906240,9842
95084.918426,9843
95084.931055,9844
95084.941050,9845
95084.953975,9846
95084.966646,9847
95084.978444,9848
95084.990311,9849
95085.004659,9850
95085.017997,9851
95085.029168,9852
95085.040193,9853
95085.051911,9854
95085.063333,9855
95085.078084,9856
95085.088421,9857
95085.100539,9858
95085.112486,9859
95085.122075,9860
95085.131612,9861
95085.143147,9862
95085.152906,9863
95085.162897,9864
95085.176499,9865
95085.187406,9866
95085.199424,9867
95085.209894,9868
95085.223707,9869
95085.235461,9870
95085.250477,9871
95085.262919,9872
95085.277181,9873
95085.287973,9874
95085.300011,9875
95085.313216,9876
95085.324624,9877
95085.336709,9878
95085.349150,9879
95085.359171,9880
95085.371203,9881
95085.383836,9882
95085.398260,9883
95085.408763,9884
95085.420437,9885
95085.432307,9886
95085.441959,9887
95085.454139,9888
95085.465060,9889
95085.476976,9890
95085.491105,9891
95085.503222,9892
95085.513438,9893
95085.525383,9894
95085.535315,9895
95085.547152,9896
95085.556999,9897
95085.568948,9898
95085.583605,9899
95085.594054,9900
95085.604771,9901
95085.615408,9902
95085.628186,9903
95085.638770,9904
95085.651584,9905
95085.661510,9906
95085.674166,9907
95085.684371,9908
95085.696561,9909
95085.709699,9910
95085.719275,9911
95085.733029,9912
95085.742759,9913
95085.753245,9914
95085.765673,9915
95085.775562,9916
95085.787133,9917
95085.799514,9918
95085.809461,9919
95085.819018,9920
95085.831681,9921
95085.841723,9922
95085.856033,9923
95085.867563,9924
95085.878347,9925
95085.891523,9926
95085.901565,9927
95085.913742,9928
95085.924415,9929
95085.939289,9930
95085.952725,9931
95085.965335,9932
95085.976500,9933
95085.989258,9934
95086.001658,9935
95086.013226,9936
95086.022997,9937
95086.033927,9938
95086.046205,9939
95086.057277,9940
95086.067703,9941
95086.078195,9942
95086.088083,9943
95086.100774,9944
95086.112603,9945
95086.125771,9946
95086.138512,9947
95086.152363,9948
95086.162776,9949
95086.178630,9950
95086.190895,9951
95086.200911,9952
95086.212876,9953
95086.224021,9954
95086.235935,9955
95086.247500,9956
95086.259551,9957
95086.270906,9958
95086.282010,9959
95086.293833,9960
95086.304614,9961
95086.314251,9962
95086.323674,9963
95086.333568,9964
95086.343291,9965
95086.355950,9966
95086.365919,9967
95086.378217,9968
95086.390454,9969
95086.402246,9970
95086.411931,9971
95086.423738,9972
95086.435788,9973
95086.446327,9974
95086.458284,9975
95086.468232,9976
95086.480655,9977
95086.491940,9978
95086.502994,9979
95086.516222,9980
95086.525315,9981
95086.537196,9982
95086.549014,9983
95086.558716,9984
95086.571264,9985
95086.583458,9986
95086.595124,9987
95086.607634,9988
95086.619823,9989
95086.631516,9990
95086.640740,9991
95086.653012,9992
95086.665785,9993
95086.675298,9994
95086.687190,9995
95086.700915,9996
95086.712117,9997
95086.723069,9998
95086.735763,9999
95089.196195,10000
95089.244549,10001
95089.250705,10002
95089.257123,10003
95089.264449,10004
95089.272363,10005
95089.278752,10006
95089.285413,10007
95089.292771,10008
95089.300351,10009
95089.306643,10010
95089.313454,10011
95089.320011,10012
95089.327253,10013
95089.334183,10014
95089.340966,10015
95089.347494,10016
95089.354368,10017
95089.361213,10018
95089.368200,10019
95089.375056,10020
95089.381951,10021
95089.388916,10022
95089.395747,10023
95089.402615,10024
95089.409718,10025
95089.416776,10026
95089.423387,10027
95089.429269,10028
95089.435291,10029
95089.441263,10030
95089.447430,10031
95089.453762,10032
95089.460006,10033
95089.466597,10034
95089.473156,10035
95089.481197,10036
95089.488245,10037
95089.494213,10038
95089.501181,10039
95089.507733,10040
95089.514413,10041
95089.521418,10042
95089.528466,10043
95089.535328,10044
95089.542130,10045
95089.549198,10046
95089.555749,10047
95089.562814,10048
95089.569718,10049
95089.576511,10050
95089.583499,10051
95089.590272,10052
95089.598024,10053
95089.604800,10054
95089.611433,10055
95089.618284,10056
95089.625676,10057
95089.632314,10058
95089.639640,10059
95089.646571,10060
95089.653478,10061
95089.660311,10062
95089.667603,10063
95089.674225,10064
95089.680678,10065
95089.688068,10066
95089.694672,10067
95089.701489,10068
95089.708391,10069
95089.715206,10070
95089.721299,10071
95089.727347,10072
95089.733587,10073
95089.739737,10074
95089.746085,10075
95089.752401,10076
95089.759016,10077
95089.764937,10078
95089.771649,10079
95089.778312,10080
95089.784808,10081
95089.791815,10082
95089.798525,10083
95089.806308,10084
95089.813259,10085
95089.820018,10086
95089.826895,10087
95089.833544,10088
95089.840439,10089
95089.847191,10090
95089.854051,10091
95089.860249,10092
95089.866399,10093
95089.872508,10094
95089.879573,10095
95089.885605,10096
95089.892069,10097
95089.898527,10098
95089.904786,10099
95089.912791,10100
95089.919175,10101
95089.925372,10102
95089.931686,10103
95089.938415,10104
95089.944980,10105
95089.951942,10106
95089.958778,10107
95089.966387,10108
95089.973156,10109
95089.979757,10110
95089.986682,10111
95089.993632,10112
95090.000146,10113
95090.006916,10114
95090.013247,10115
95090.019327,10116
95090.025245,10117
95090.031277,10118
95090.037311,10119
95090.043923,10120
95090.050540,10121
95090.057519,10122
95090.063841,10123
95090.070529,10124
95090.077385,10125
95090.084253,10126
95090.090848,10127
95090.098082,10128
95090.104686,10129
95090.112410,10130
95090.118979,10131
95090.125855,10132
95090.133234,10133
95090.139873,10134
95090.146471,10135
95090.153072,10136
95090.160053,10137
95090.166719,10138
95090.173748,10139
95090.181173,10140
95090.187732,10141
95090.195184,10142
95090.201936,10143
95090.209098,10144
95090.216192,10145
95090.223123,10146
95090.229767,10147
95090.236385,10148
95090.244035,10149
95090.251949,10150
95090.257946,10151
95090.264758,10152
95090.271440,10153
95090.277906,10154
95090.284900,10155
95090.291761,10156
95090.299893,10157
95090.306793,10158
95090.313353,10159
95090.320296,10160
95090.327233,10161
95090.333764,10162
95090.340573,10163
95090.347497,10164
95090.354267,10165
95090.361333,10166
95090.368621,10167
95090.375401,10168
95090.383214,10169
95090.390144,10170
95090.396699,10171
95090.403557,10172
95090.410548,10173
95090.417177,10174
95090.423662,10175
95090.430465,10176
95090.437577,10177
95090.444535,10178
95090.452635,10179
95090.459497,10180
95090.466358,10181
95090.473283,10182
95090.479972,10183
95090.486720,10184
95090.493390,10185
95090.500109,10186
95090.506305,10187
95090.512121,10188
95090.518354,10189
95090.524269,10190
95090.531341,10191
95090.537150,10192
95090.543410,10193
95090.549709,10194
95090.556393,10195
95090.563644,10196
95090.570355,10197
95090.577231,10198
95090.584071,10199
95090.598967,10200
95090.609509,10201
95090.619628,10202
95090.626024,10203
95090.632633,10204
95090.639609,10205
95090.646228,10206
95090.653168,10207
95090.660167,10208
95090.667175,10209
95090.674522,10210
95090.681156,10211
95090.688173,10212
95090.694667,10213
95090.701345,10214
95090.707710,10215
95090.713778,10216
95090.720288,10217
95090.727057,10218
95090.733176,10219
95090.739309,10220
95090.745317,10221
95090.751254,10222
95090.757644,10223
95090.764585,10224
95090.771059,10225
95090.777807,10226
95090.783694,10227
95090.789575,10228
95090.795795,10229
95090.801702,10230
95090.808118,10231
95090.814930,10232
95090.821399,10233
95090.827827,10234
95090.834105,10235
95090.840640,10236
95090.848398,10237
95090.855133,10238
95090.861798,10239
95090.868734,10240
95090.875732,10241
95090.882768,10242
95090.890363,10243
95090.896907,10244
95090.903509,10245
95090.910162,10246
95090.917032,10247
95090.924296,10248
95090.930973,10249
95094.140283,10250
95094.151440,10251
95094.159398,10252
95094.170299,10253
95094.181207,10254
95094.189602,10255
95094.197990,10256
95094.207010,10257
95094.220461,10258
95094.229190,10259
95094.239466,10260
95094.247223,10261
95094.254238,10262
95094.266667,10263
95094.276240,10264
95094.287569,10265
95094.297191,10266
95094.306942,10267
95094.316948,10268
95094.324306,10269
95094.336549,10270
95094.345806,10271
95094.356559,10272
95094.364145,10273
95094.375863,10274
95094.383375,10275
95094.394562,10276
95094.401700,10277
95094.408409,10278
95094.420581,10279
95094.430764,10280
95094.440371,10281
95094.450560,10282
95094.461612,10283
95094.474284,10284
95094.482209,10285
95094.491198,10286
95094.502460,10287
95094.515467,10288
95094.522321,10289
95094.532997,10290
95094.545943,10291
95094.559583,10292
95094.567012,10293
95094.573931,10294
95094.583944,10295
95094.593365,10296
95094.600895,10297
95094.608279,10298
95094.622427,10299
95094.633630,10300
95094.642182,10301
95094.653625,10302
95094.663756,10303
95094.671726,10304
95094.678479,10305
95094.688227,10306
95094.697190,10307
95094.706106,10308
95094.715509,10309
95094.726727,10310
95094.734764,10311
95094.747349,10312
95094.758388,10313
95094.765536,10314
95094.775968,10315
95094.783484,10316
95094.791919,10317
95094.800722,10318
95094.812862,10319
95094.825315,10320
95094.832584,10321
95094.844384,10322
95094.857827,10323
95094.866760,10324
95094.878695,10325
95094.889576,10326
95094.900732,10327
95094.912433,10328
95094.923959,10329
95094.931698,10330
95094.944894,10331
95094.955966,10332
95094.965729,10333
95094.973605,10334
95094.980399,10335
95094.991333,10336
95095.003707,10337
95095.015937,10338
95095.025600,10339
95095.037187,10340
95095.045661,10341
95095.057041,10342
95095.066191,10343
95095.075617,10344
95095.086349,10345
95095.097864,10346
95095.110568,10347
95095.119107,10348
95095.125713,10349
95095.138779,10350
95095.149106,10351
95095.156437,10352
95095.164073,10353
95095.171215,10354
95095.181408,10355
95095.190771,10356
95095.204316,10357
95095.211671,10358
95095.224474,10359
95095.234929,10360
95095.245992,10361
95095.256525,10362
95095.265728,10363
95095.275007,10364
95095.282753,10365
95095.294046,10366
95095.304107,10367
95095.314189,10368
95095.323239,10369
95095.334659,10370
95095.346768,10371
95095.357967,10372
95095.366470,10373
95095.374272,10374
95095.385412,10375
95095.397035,10376
95095.409723,10377
95095.420478,10378
95095.431285,10379
95095.445087,10380
95095.453562,10381
95095.464474,10382
95095.471581,10383
95095.482539,10384
95095.490364,10385
95095.503104,10386
95095.513215,10387
95095.521604,10388
95095.529842,10389
95095.540547,10390
95095.547886,10391
95095.559281,10392
95095.567836,10393
95095.576452,10394
95095.587776,10395
95095.598026,10396
95095.605811,10397
95095.613761,10398
95095.622366,10399
95095.634657,10400
95095.648683,10401
95095.657649,10402
95095.667291,10403
95095.675813,10404
95095.686512,10405
95095.695199,10406
95095.704894,10407
95095.716963,10408
95095.727971,10409
95095.740023,10410
95095.747799,10411
95095.756220,10412
95095.763659,10413
95095.772625,10414
95095.785756,10415
95095.794339,10416
95095.802174,10417
95095.811620,10418
95095.820740,10419
95095.829070,10420
95095.840829,10421
95095.853234,10422
95095.861563,10423
95095.870906,10424
95095.879313,10425
95095.886875,10426
95095.893813,10427
95095.901751,10428
95095.909935,10429
95095.919397,10430
95095.927663,10431
95095.937168,10432
95095.943977,10433
95095.956241,10434
95095.964597,10435
95095.972885,10436
95095.985273,10437
95095.994782,10438
95096.003741,10439
95096.012292,10440
95096.023986,10441
95096.032602,10442
95096.042329,10443
95096.053754,10444
95096.063406,10445
95096.075631,10446
95096.086855,10447
95096.098798,10448
95096.107554,10449
95096.121849,10450
95096.130788,10451
95096.139564,10452
95096.147015,10453
95096.155274,10454
95096.168095,10455
95096.180181,10456
95096.188774,10457
95096.196893,10458
95096.206151,10459
95096.213147,10460
95096.224764,10461
95096.233104,10462
95096.241241,10463
95096.249493,10464
95096.261036,10465
95096.270173,10466
95096.277291,10467
95096.285473,10468
95096.296357,10469
95096.304844,10470
95096.312094,10471
95096.323166,10472
95096.334753,10473
95096.348324,10474
95096.360277,10475
95096.369833,10476
95096.378514,10477
95096.391966,10478
95096.401407,10479
95096.410584,10480
95096.419514,10481
95096.429909,10482
95096.442298,10483
95096.454765,10484
95096.463506,10485
95096.471010,10486
95096.481663,10487
95096.489555,10488
95096.496944,10489
95096.506983,10490
95096.515288,10491
95096.523796,10492
95096.531694,10493
95096.539771,10494
95096.547822,10495
95096.557157,10496
95096.564854,10497
95096.573756,10498
95096.582315,10499
95099.505245,10500
95099.516986,10501
95099.528825,10502
95099.540013,10503
95099.547267,10504
95099.556951,10505
95099.564837,10506
95099.574816,10507
95099.585028,10508
95099.596444,10509
95099.607708,10510
95099.617901,10511
95099.628387,10512
95099.638651,10513
95099.650661,10514
95099.662766,10515
95099.673703,10516
95099.682169,10517
95099.689746,10518
95099.697519,10519
95099.706812,10520
95099.718491,10521
95099.728691,10522
95099.736061,10523
95099.746217,10524
95099.753683,10525
95099.760973,10526
95099.768224,10527
95099.779990,10528
95099.789690,10529
95099.801686,10530
95099.812284,10531
95099.824220,10532
95099.834101,10533
95099.844836,10534
95099.854708,10535
95099.862915,10536
95099.873303,10537
95099.883898,10538
95099.891292,10539
95099.905482,10540
95099.916855,10541
95099.927488,10542
95099.935129,10543
95099.944471,10544
95099.956435,10545
95099.967181,10546
95099.978647,10547
95099.988667,10548
95099.998449,10549
95100.008828,10550
95100.020761,10551
95100.029365,10552
95100.041707,10553
95100.049454,10554
95100.060077,10555
95100.067461,10556
95100.078819,10557
95100.086692,10558
95100.093986,10559
95100.103376,10560
95100.113935,10561
95100.123643,10562
95100.134581,10563
95100.144353,10564
95100.156000,10565
95100.165628,10566
95100.175771,10567
95100.186967,10568
95100.196848,10569
95100.206455,10570
95100.217717,10571
95100.229442,10572
95100.241134,10573
95100.251907,10574
95100.262880,10575
95100.272121,10576
95100.279908,10577
95100.291268,10578
95100.302700,10579
95100.314362,10580
95100.322217,10581
95100.333340,10582
95100.343159,10583
95100.353546,10584
95100.364964,10585
95100.374625,10586
95100.384029,10587
95100.394034,10588
95100.404384,10589
95100.412301,10590
95100.422231,10591
95100.429436,10592
95100.440746,10593
95100.452720,10594
95100.461195,10595
95100.469825,10596
95100.480591,10597
95100.489135,10598
95100.499025,10599
95100.512669,10600
95100.520156,10601
95100.532518,10602
95100.541385,10603
95100.551740,10604
95100.561139,10605
95100.570096,10606
95100.580908,10607
95100.590444,10608
95100.601696,10609
95100.611248,10610
95100.622547,10611
95100.634487,10612
95100.646808,10613
95100.659236,10614
95100.670123,10615
95100.681444,10616
95100.692042,10617
95100.703843,10618
95100.714276,10619
95100.725607,10620
95100.736205,10621
95100.748274,10622
95100.759947,10623
95100.771787,10624
95100.783257,10625
95100.790667,10626
95100.800342,10627
95100.807591,10628
95100.819423,10629
95100.830452,10630
95100.842443,10631
95100.853804,10632
95100.864564,10633
95100.877706,10634
95100.888327,10635
95100.895803,10636
95100.907538,10637
95100.918934,10638
95100.928918,10639
95100.941044,10640
95100.954808,10641
95100.967374,10642
95100.977320,10643
95100.988162,10644
95100.998414,10645
95101.010422,10646
95101.022369,10647
95101.034464,10648
95101.041507,10649
95101.053341,10650
95101.063380,10651
95101.076526,10652
95101.084459,10653
95101.096363,10654
95101.103642,10655
95101.115322,10656
95101.122927,10657
95101.132890,10658
95101.144786,10659
95101.155929,10660
95101.164487,10661
95101.173907,10662
95101.181443,10663
95101.193103,10664
95101.205130,10665
95101.214197,10666
95101.225858,10667
95101.235740,10668
95101.247615,10669
95101.255357,10670
95101.262676,10671
95101.269975,10672
95101.281547,10673
95101.289447,10674
95101.298592,10675
95101.305382,10676
95101.317799,10677
95101.327700,10678
95101.338427,10679
95101.345944,10680
95101.357713,10681
95101.369911,10682
95101.380673,10683
95101.389015,10684
95101.401532,10685
95101.408438,10686
95101.418216,10687
95101.425722,10688
95101.434614,10689
95101.446598,10690
95101.459206,10691
95101.471036,10692
95101.482550,10693
95101.494688,10694
95101.506409,10695
95101.515506,10696
95101.524867,10697
95101.532421,10698
95101.545782,10699
95101.560217,10700
95101.571762,10701
95101.581378,10702
95101.595033,10703
95101.606372,10704
95101.616541,10705
95101.627028,10706
95101.638308,10707
95101.649603,10708
95101.658914,10709
95101.672067,10710
95101.683901,10711
95101.696433,10712
95101.708674,10713
95101.721359,10714
95101.731372,10715
95101.744061,10716
95101.751871,10717
95101.762744,10718
95101.774638,10719
95101.784683,10720
95101.795611,10721
95101.808914,10722
95101.820864,10723
95101.832417,10724
95101.843753,10725
95101.856532,10726
95101.867051,10727
95101.874542,10728
95101.885134,10729
95101.894921,10730
95101.902850,10731
95101.916855,10732
95101.925581,10733
95101.936128,10734
95101.946432,10735
95101.957440,10736
95101.968679,10737
95101.977628,10738
95101.989435,10739
95101.999816,10740
95102.008389,10741
95102.018797,10742
95102.030413,10743
95102.041566,10744
95102.049937,10745
95102.060978,10746
95102.071919,10747
95102.079579,10748
95102.089567,10749
95105.494897,10750
95105.508999,10751
95105.519729,10752
95105.532209,10753
95105.544360,10754
95105.555753,10755
95105.567729,10756
95105.580198,10757
95105.591114,10758
95105.603483,10759
95105.615678,10760
95105.628349,10761
95105.640386,10762
95105.652227,10763
95105.663135,10764
95105.675862,10765
95105.688200,10766
95105.700345,10767
95105.712720,10768
95105.725145,10769
95105.737007,10770
95105.748686,10771
95105.760592,10772
95105.772545,10773
95105.784158,10774
95105.795797,10775
95105.808519,10776
95105.821619,10777
95105.833536,10778
95105.844893,10779
95105.857453,10780
95105.870794,10781
95105.882724,10782
95105.894215,10783
95105.906401,10784
95105.918731,10785
95105.930709,10786
95105.942394,10787
95105.954939,10788
95105.967516,10789
95105.979895,10790
95105.991506,10791
95106.003563,10792
95106.014932,10793
95106.027561,10794
95106.040074,10795
95106.052672,10796
95106.065362,10797
95106.077039,10798
95106.088915,10799
95106.099806,10800
95106.111740,10801
95106.123350,10802
95106.136169,10803
95106.148814,10804
95106.162482,10805
95106.174728,10806
95106.186868,10807
95106.199204,10808
95106.211552,10809
95106.223232,10810
95106.234605,10811
95106.246634,10812
95106.256846,10813
95106.268224,10814
95106.281267,10815
95106.293904,10816
95106.305673,10817
95106.317936,10818
95106.330764,10819
95106.343931,10820
95106.355781,10821
95106.367870,10822
95106.379141,10823
95106.392641,10824
95106.405235,10825
95106.418425,10826
95106.431042,10827
95106.443244,10828
95106.454570,10829
95106.466459,10830
95106.478835,10831
95106.490131,10832
95106.502374,10833
95106.513831,10834
95106.526035,10835
95106.538247,10836
95106.550476,10837
95106.562780,10838
95106.574687,10839
95106.585588,10840
95106.597036,10841
95106.608858,10842
95106.620379,10843
95106.632555,10844
95106.643523,10845
95106.655853,10846
95106.667618,10847
95106.678833,10848
95106.690889,10849
95106.705682,10850
95106.717518,10851
95106.729612,10852
95106.741651,10853
95106.753773,10854
95106.766269,10855
95106.777420,10856
95106.788917,10857
95106.801756,10858
95106.812888,10859
95106.824255,10860
95106.836711,10861
95106.847574,10862
95106.858754,10863
95106.871413,10864
95106.884150,10865
95106.896886,10866
95106.908990,10867
95106.920841,10868
95106.934324,10869
95106.946465,10870
95106.958682,10871
95106.970060,10872
95106.983392,10873
95106.996671,10874
95107.010825,10875
95107.023403,10876
95107.034923,10877
95107.046647,10878
95107.059718,10879
95107.070710,10880
95107.082507,10881
95107.094433,10882
95107.108277,10883
95107.121205,10884
95107.132765,10885
95107.144263,10886
95107.156635,10887
95107.168718,10888
95107.180076,10889
95107.191858,10890
95107.203382,10891
95107.215911,10892
95107.226841,10893
95107.239214,10894
95107.251096,10895
95107.262520,10896
95107.274863,10897
95107.287757,10898
95107.299311,10899
95107.311220,10900
95107.323264,10901
95107.335696,10902
95107.347670,10903
95107.359378,10904
95107.371831,10905
95107.382769,10906
95107.393897,10907
95107.406821,10908
95107.418526,10909
95107.430254,10910
95107.442225,10911
95107.454693,10912
95107.467155,10913
95107.478755,10914
95107.491891,10915
95107.503265,10916
95107.514406,10917
95107.526333,10918
95107.538881,10919
95107.549574,10920
95107.562006,10921
95107.574574,10922
95107.586321,10923
95107.598285,10924
95107.610951,10925
95107.622143,10926
95107.634211,10927
95107.646288,10928
95107.657096,10929
95107.670191,10930
95107.683384,10931
95107.695551,10932
95107.707067,10933
95107.719279,10934
95107.732499,10935
95107.745316,10936
95107.757163,10937
95107.769887,10938
95107.781538,10939
95107.793718,10940
95107.806133,10941
95107.817835,10942
95107.830567,10943
95107.843348,10944
95107.854146,10945
95107.865770,10946
95107.878915,10947
95107.891259,10948
95107.903369,10949
95107.919280,10950
95107.931472,10951
95107.943076,10952
95107.955276,10953
95107.967967,10954
95107.980268,10955
95107.992028,10956
95108.004286,10957
95108.017038,10958
95108.028630,10959
95108.040208,10960
95108.052075,10961
95108.063567,10962
95108.075411,10963
95108.087463,10964
95108.099088,10965
95108.110219,10966
95108.122905,10967
95108.136024,10968
95108.148990,10969
95108.161068,10970
95108.173256,10971
95108.184883,10972
95108.197864,10973
95108.209718,10974
95108.222474,10975
95108.234579,10976
95108.247513,10977
95108.261383,10978
95108.274535,10979
95108.285886,10980
95108.297916,10981
95108.309888,10982
95108.321967,10983
95108.333347,10984
95108.344792,10985
95108.357507,10986
95108.368779,10987
95108.380236,10988
95108.391623,10989
95108.404157,10990
95108.415785,10991
95108.427480,10992
95108.439476,10993
95108.450567,10994
95108.462200,10995
95108.474694,10996
95108.486390,10997
95108.497357,10998
95108.510076,10999
95110.282711,11250
95110.377983,11251
95110.384871,11252
95110.391967,11253
95110.398882,11254
95110.405692,11255
95110.412035,11256
95110.417951,11257
95110.423934,11258
95110.430040,11259
95110.436073,11260
95110.442040,11261
95110.448792,11262
95110.455782,11263
95110.462205,11264
95110.468873,11265
95110.476160,11266
95110.482744,11267
95110.489488,11268
95110.496567,11269
95110.503493,11270
95110.510380,11271
95110.516868,11272
95110.523892,11273
95110.530985,11274
95110.538282,11275
95110.544984,11276
95110.551699,11277
95110.557880,11278
95110.564068,11279
95110.570561,11280
95110.577004,11281
95110.583248,11282
95110.589653,11283
95110.596582,11284
95110.603637,11285
95110.610353,11286
95110.616603,11287
95110.623017,11288
95110.629425,11289
95110.635788,11290
95110.642448,11291
95110.649318,11292
95110.655923,11293
95110.662772,11294
95110.669726,11295
95110.676584,11296
95110.683597,11297
95110.690475,11298
95110.698209,11299
95110.707994,11300
95110.714791,11301
95110.721927,11302
95110.728265,11303
95110.734532,11304
95110.741417,11305
95110.747838,11306
95110.753869,11307
95110.760457,11308
95110.767023,11309
95110.773697,11310
95110.780305,11311
95110.786360,11312
95110.792330,11313
95110.798173,11314
95110.804052,11315
95110.810768,11316
95110.817071,11317
95110.823725,11318
95110.830382,11319
95110.836957,11320
95110.843396,11321
95110.850040,11322
95110.855862,11323
95110.861717,11324
95110.867630,11325
95110.874257,11326
95110.880431,11327
95110.886930,11328
95110.892996,11329
95110.899518,11330
95110.906137,11331
95110.913421,11332
95110.920073,11333
95110.927478,11334
95110.934242,11335
95110.941230,11336
95110.948198,11337
95110.955229,11338
95110.961704,11339
95110.968546,11340
95110.975508,11341
95110.981590,11342
95110.987443,11343
95110.993457,11344
95110.999660,11345
95111.005946,11346
95111.012339,11347
95111.019303,11348
95111.025543,11349
95111.031955,11350
95111.038593,11351
95111.045100,11352
95111.052038,11353
95111.058757,11354
95111.065501,11355
95111.072492,11356
95111.079470,11357
95111.086507,11358
95111.093429,11359
95111.100473,11360
95111.107704,11361
95111.114536,11362
95111.121509,11363
95111.128023,11364
95111.135248,11365
95111.142482,11366
95111.149029,11367
95111.156012,11368
95111.162873,11369
95111.169640,11370
95111.176615,11371
95111.183509,11372
95111.189717,11373
95111.195836,11374
95111.202037,11375
95111.208247,11376
95111.214502,11377
95111.220847,11378
95111.227614,11379
95111.234217,11380
95111.240337,11381
95111.246869,11382
95111.253476,11383
95111.260046,11384
95111.266605,11385
95111.272507,11386
95111.279062,11387
95111.285456,11388
95111.291677,11389
95111.297638,11390
95111.303885,11391
95111.310130,11392
95111.316297,11393
95111.322816,11394
95111.329740,11395
95111.336948,11396
95111.343659,11397
95111.350373,11398
95111.357087,11399
95111.365582,11400
95111.373432,11401
95111.381649,11402
95111.387831,11403
95111.393905,11404
95111.400007,11405
95111.406455,11406
95111.413203,11407
95111.420041,11408
95111.426606,11409
95111.433387,11410
95111.440583,11411
95111.447426,11412
95111.454408,11413
95111.461411,11414
95111.468405,11415
95111.475755,11416
95111.482295,11417
95111.489101,11418
95111.495990,11419
95111.503137,11420
95111.510569,11421
95111.517975,11422
95111.524772,11423
95111.531646,11424
95111.538287,11425
95111.545248,11426
95111.551829,11427
95111.558340,11428
95111.564236,11429
95111.570122,11430
95111.576310,11431
95111.582479,11432
95111.588568,11433
95111.595821,11434
95111.602780,11435
95111.609484,11436
95111.616047,11437
95111.622163,11438
95111.628930,11439
95111.636223,11440
95111.642571,11441
95111.649470,11442
95111.656343,11443
95111.662852,11444
95111.670159,11445
95111.677154,11446
95111.683733,11447
95111.690641,11448
95111.697662,11449
95111.704348,11450
95111.711401,11451
95111.718788,11452
95111.725379,11453
95111.732216,11454
95111.739416,11455
95111.746411,11456
95111.753182,11457
95111.760050,11458
95111.766939,11459
95111.773874,11460
95111.780593,11461
95111.787829,11462
95111.794565,11463
95111.800512,11464
95111.806363,11465
95111.812210,11466
95111.818164,11467
95111.824325,11468
95111.830548,11469
95111.837252,11470
95111.844027,11471
95111.850586,11472
95111.857484,11473
95111.864335,11474
95111.870952,11475
95111.877702,11476
95111.883843,11477
95111.889689,11478
95111.895702,11479
95111.901563,11480
95111.907416,11481
95111.913587,11482
95111.921409,11483
95111.928051,11484
95111.934609,11485
95111.941315,11486
95111.948065,11487
95111.955130,11488
95111.961833,11489
95111.968762,11490
95111.975420,11491
95111.981996,11492
95111.988098,11493
95111.993964,11494
95112.000201,11495
95112.006221,11496
95112.012449,11497
95112.018876,11498
95112.025214,11499
95114.882275,11500
95114.894908,11501
95114.906946,11502
95114.918915,11503
95114.930164,11504
95114.940308,11505
95114.951955,11506
95114.963648,11507
95114.970396,11508
95114.981091,11509
95114.992119,11510
95115.000655,11511
95115.012123,11512
95115.022673,11513
95115.034417,11514
95115.040766,11515
95115.047682,11516
95115.055192,11517
95115.062793,11518
95115.069688,11519
95115.081528,11520
95115.093775,11521
95115.103709,11522
95115.110366,11523
95115.122231,11524
95115.133858,11525
95115.140212,11526
95115.147406,11527
95115.153698,11528
95115.159975,11529
95115.168018,11530
95115.177770,11531
95115.184997,11532
95115.193912,11533
95115.204958,11534
95115.212353,11535
95115.225508,11536
95115.233928,11537
95115.244296,11538
95115.253411,11539
95115.260692,11540
95115.267404,11541
95115.279471,11542
95115.290649,11543
95115.302772,11544
95115.309383,11545
95115.316826,11546
95115.329367,11547
95115.336871,11548
95115.348269,11549
95115.358339,11550
95115.370141,11551
95115.376808,11552
95115.383784,11553
95115.393741,11554
95115.404364,11555
95115.415548,11556
95115.423517,11557
95115.430219,11558
95115.437369,11559
95115.450222,11560
95115.460512,11561
95115.466689,11562
95115.474122,11563
95115.480974,11564
95115.487375,11565
95115.497534,11566
95115.504175,11567
95115.513580,11568
95115.522590,11569
95115.533971,11570
95115.543009,11571
95115.549515,11572
95115.556071,11573
95115.562521,11574
95115.574359,11575
95115.586660,11576
95115.598580,11577
95115.610651,11578
95115.618260,11579
95115.630496,11580
95115.639814,11581
95115.646075,11582
95115.657334,11583
95115.664043,11584
95115.675468,11585
95115.681385,11586
95115.689229,11587
95115.701339,11588
95115.707906,11589
95115.719672,11590
95115.725868,11591
95115.733478,11592
95115.745219,11593
95115.756641,11594
95115.769632,11595
95115.781661,11596
95115.791828,11597
95115.798215,11598
95115.811308,11599
95115.823205,11600
95115.834873,11601
95115.841263,11602
95115.852981,11603
95115.865069,11604
95115.876877,11605
95115.888587,11606
95115.895614,11607
95115.907017,11608
95115.918301,11609
95115.925320,11610
95115.937529,11611
95115.949327,11612
95115.961710,11613
95115.969480,11614
95115.975922,11615
95115.986310,11616
95115.996286,11617
95116.007890,11618
95116.014459,11619
95116.020679,11620
95116.026985,11621
95116.038426,11622
95116.044763,11623
95116.056467,11624
95116.067468,11625
95116.079331,11626
95116.091708,11627
95116.103575,11628
95116.111038,11629
95116.117656,11630
95116.124493,11631
95116.137468,11632
95116.149317,11633
95116.161513,11634
95116.173546,11635
95116.180241,11636
95116.193287,11637
95116.200372,11638
95116.211760,11639
95116.218274,11640
95116.229217,11641
95116.235764,11642
95116.248846,11643
95116.255774,11644
95116.262674,11645
95116.269641,11646
95116.281758,11647
95116.289026,11648
95116.295505,11649
95116.304666,11650
95116.312021,11651
95116.323202,11652
95116.333417,11653
95116.345812,11654
95116.353088,11655
95116.365668,11656
95116.378543,11657
95116.386222,11658
95116.398319,11659
95116.408654,11660
95116.420546,11661
95116.432282,11662
95116.444334,11663
95116.455921,11664
95116.467675,11665
95116.474114,11666
95116.485892,11667
95116.497418,11668
95116.508456,11669
95116.515037,11670
95116.521820,11671
95116.531677,11672
95116.543507,11673
95116.555229,11674
95116.567120,11675
95116.578980,11676
95116.586011,11677
95116.592454,11678
95116.599075,11679
95116.611311,11680
95116.622711,11681
95116.635055,11682
95116.646919,11683
95116.653439,11684
95116.664657,11685
95116.671049,11686
95116.677642,11687
95116.688297,11688
95116.700255,11689
95116.707357,11690
95116.714159,11691
95116.721130,11692
95116.731388,11693
95116.737315,11694
95116.749381,11695
95116.760488,11696
95116.772318,11697
95116.780308,11698
95116.792592,11699
95116.803749,11700
95116.815786,11701
95116.826432,11702
95116.838577,11703
95116.845428,11704
95116.855809,11705
95116.867866,11706
95116.879774,11707
95116.886070,11708
95116.892504,11709
95116.903492,11710
95116.909546,11711
95116.920933,11712
95116.929852,11713
95116.937753,11714
95116.945615,11715
95116.953095,11716
95116.965180,11717
95116.976759,11718
95116.987840,11719
95116.994395,11720
95117.002230,11721
95117.008462,11722
95117.015443,11723
95117.022956,11724
95117.034869,11725
95117.044198,11726
95117.055728,11727
95117.067422,11728
95117.079754,11729
95117.091352,11730
95117.102193,11731
95117.108934,11732
95117.119838,11733
95117.131687,11734
95117.138515,11735
95117.145285,11736
95117.152223,11737
95117.163923,11738
95117.170824,11739
95117.177450,11740
95117.189496,11741
95117.197568,11742
95117.208690,11743
95117.218159,11744
95117.227968,11745
95117.238092,11746
95117.247459,11747
95117.254083,11748
95117.266007,11749
95120.630034,11750
95120.643590,11751
95120.654159,11752
95120.665311,11753
95120.676020,11754
95120.687420,11755
95120.698660,11756
95120.708994,11757
95120.721703,11758
95120.733538,11759
95120.744028,11760
95120.755329,11761
95120.766141,11762
95120.776427,11763
95120.789491,11764
95120.801496,11765
95120.812315,11766
95120.822281,11767
95120.834706,11768
95120.845437,11769
95120.855798,11770
95120.867787,11771
95120.879249,11772
95120.889641,11773
95120.900482,11774
95120.911355,11775
95120.923932,11776
95120.935484,11777
95120.946587,11778
95120.956932,11779
95120.967752,11780
95120.979630,11781
95120.990546,11782
95121.003655,11783
95121.014207,11784
95121.025244,11785
95121.035870,11786
95121.048177,11787
95121.058469,11788
95121.069018,11789
95121.079266,11790
95121.091665,11791
95121.101950,11792
95121.113467,11793
95121.124147,11794
95121.138260,11795
95121.148612,11796
95121.159327,11797
95121.169506,11798
95121.180465,11799
95121.193677,11800
95121.206226,11801
95121.216583,11802
95121.227372,11803
95121.237806,11804
95121.248455,11805
95121.258833,11806
95121.269818,11807
95121.280811,11808
95121.292722,11809
95121.305500,11810
95121.317657,11811
95121.328668,11812
95121.341351,11813
95121.355196,11814
95121.365906,11815
95121.377998,11816
95121.392848,11817
95121.405805,11818
95121.416816,11819
95121.428457,11820
95121.439132,11821
95121.450830,11822
95121.463382,11823
95121.475189,11824
95121.487094,11825
95121.500573,11826
95121.511673,11827
95121.522757,11828
95121.534428,11829
95121.545887,11830
95121.557102,11831
95121.570012,11832
95121.581546,11833
95121.592863,11834
95121.604884,11835
95121.618394,11836
95121.630156,11837
95121.641905,11838
95121.653257,11839
95121.664889,11840
95121.676595,11841
95121.688327,11842
95121.699678,11843
95121.712624,11844
95121.724112,11845
95121.735742,11846
95121.748062,11847
95121.759244,11848
95121.772261,11849
95121.784440,11850
95121.797786,11851
95121.809374,11852
95121.820899,11853
95121.832704,11854
95121.845083,11855
95121.856095,11856
95121.867513,11857
95121.879108,11858
95121.891315,11859
95121.902192,11860
95121.912940,11861
95121.923494,11862
95121.934859,11863
95121.945916,11864
95121.957148,11865
95121.967760,11866
95121.978583,11867
95121.990938,11868
95122.001851,11869
95122.013565,11870
95122.023887,11871
95122.034832,11872
95122.045929,11873
95122.056919,11874
95122.069443,11875
95122.081496,11876
95122.091810,11877
95122.102531,11878
95122.113732,11879
95122.124536,11880
95122.135249,11881
95122.147393,11882
95122.158577,11883
95122.171842,11884
95122.182742,11885
95122.193929,11886
95122.206564,11887
95122.218838,11888
95122.230051,11889
95122.242868,11890
95122.253344,11891
95122.263773,11892
95122.276187,11893
95122.289140,11894
95122.300386,11895
95122.310721,11896
95122.321426,11897
95122.332896,11898
95122.343531,11899
95122.357532,11900
95122.368223,11901
95122.379222,11902
95122.389767,11903
95122.400525,11904
95122.411296,11905
95122.422597,11906
95122.434549,11907
95122.447106,11908
95122.458509,11909
95122.470700,11910
95122.481929,11911
95122.492670,11912
95122.504308,11913
95122.517059,11914
95122.528048,11915
95122.539154,11916
95122.550095,11917
95122.561090,11918
95122.573056,11919
95122.584254,11920
95122.596444,11921
95122.607742,11922
95122.619158,11923
95122.632066,11924
95122.643028,11925
95122.654187,11926
95122.664829,11927
95122.676498,11928
95122.687193,11929
95122.698872,11930
95122.709964,11931
95122.721775,11932
95122.733171,11933
95122.744413,11934
95122.756333,11935
95122.768251,11936
95122.778774,11937
95122.789877,11938
95122.801910,11939
95122.812922,11940
95122.824408,11941
95122.835583,11942
95122.847513,11943
95122.859059,11944
95122.870150,11945
95122.880922,11946
95122.891725,11947
95122.903416,11948
95122.914696,11949
95122.925495,11950
95122.936830,11951
95122.948476,11952
95122.959228,11953
95122.970208,11954
95122.981439,11955
95122.992672,11956
95123.004325,11957
95123.014820,11958
95123.025240,11959
95123.035624,11960
95123.048473,11961
95123.058945,11962
95123.069725,11963
95123.082882,11964
95123.094038,11965
95123.104955,11966
95123.116758,11967
95123.129810,11968
95123.141896,11969
95123.152990,11970
95123.166354,11971
95123.178978,11972
95123.189554,11973
95123.200627,11974
95123.213814,11975
95123.226737,11976
95123.238829,11977
95123.249714,11978
95123.263170,11979
95123.274043,11980
95123.285283,11981
95123.295711,11982
95123.307174,11983
95123.318323,11984
95123.328873,11985
95123.339934,11986
95123.351440,11987
95123.361785,11988
95123.372861,11989
95123.384022,11990
95123.394904,11991
95123.407351,11992
95123.418682,11993
95123.430498,11994
95123.441902,11995
95123.454672,11996
95123.466684,11997
95123.478484,11998
95123.490500,11999
95126.443954,12000
95126.455727,12001
95126.466402,12002
95126.479449,12003
95126.489744,12004
95126.501131,12005
95126.513150,12006
95126.527086,12007
95126.540303,12008
95126.553837,12009
95126.566770,12010
95126.579328,12011
95126.594344,12012
95126.607188,12013
95126.619777,12014
95126.632169,12015
95126.643397,12016
95126.658559,12017
95126.671851,12018
95126.684392,12019
95126.696431,12020
95126.706629,12021
95126.717593,12022
95126.730423,12023
95126.743268,12024
95126.756421,12025
95126.767718,12026
95126.778565,12027
95126.790511,12028
95126.801296,12029
95126.814226,12030
95126.826921,12031
95126.839448,12032
95126.849904,12033
95126.861839,12034
95126.872893,12035
95126.885117,12036
95126.895980,12037
95126.907897,12038
95126.919561,12039
95126.931781,12040
95126.942163,12041
95126.955189,12042
95126.968020,12043
95126.980326,12044
95126.993306,12045
95127.006421,12046
95127.017478,12047
95127.029293,12048
95127.039155,12049
95127.055065,12050
95127.064625,12051
95127.075727,12052
95127.088624,12053
95127.098926,12054
95127.110254,12055
95127.120952,12056
95127.132179,12057
95127.144572,12058
95127.156136,12059
95127.167435,12060
95127.178159,12061
95127.190204,12062
95127.199647,12063
95127.209143,12064
95127.220931,12065
95127.230826,12066
95127.239944,12067
95127.251805,12068
95127.261525,12069
95127.271965,12070
95127.283524,12071
95127.294749,12072
95127.305566,12073
95127.316316,12074
95127.328576,12075
95127.339708,12076
95127.351169,12077
95127.362214,12078
95127.372532,12079
95127.383242,12080
95127.393786,12081
95127.403394,12082
95127.417212,12083
95127.428228,12084
95127.438284,12085
95127.451025,12086
95127.461255,12087
95127.473059,12088
95127.484864,12089
95127.494608,12090
95127.504767,12091
95127.516605,12092
95127.529326,12093
95127.540864,12094
95127.550636,12095
95127.561627,12096
95127.573571,12097
95127.583630,12098
95127.593755,12099
95127.604737,12100
95127.616516,12101
95127.626283,12102
95127.638504,12103
95127.649308,12104
95127.658532,12105
95127.668382,12106
95127.680727,12107
95127.693388,12108
95127.703470,12109
95127.715544,12110
95127.725019,12111
95127.734288,12112
95127.746358,12113
95127.758669,12114
95127.768820,12115
95127.778278,12116
95127.790429,12117
95127.802706,12118
95127.813820,12119
95127.822671,12120
95127.835409,12121
95127.845822,12122
95127.859546,12123
95127.869649,12124
95127.880518,12125
95127.893449,12126
95127.905087,12127
95127.917194,12128
95127.927232,12129
95127.938320,12130
95127.949906,12131
95127.959314,12132
95127.971934,12133
95127.981350,12134
95127.991884,12135
95128.003522,12136
95128.014576,12137
95128.023628,12138
95128.035358,12139
95128.047687,12140
95128.057457,12141
95128.067766,12142
95128.078219,12143
95128.089866,12144
95128.099711,12145
95128.110940,12146
95128.124255,12147
95128.135557,12148
95128.147329,12149
95128.159464,12150
95128.174504,12151
95128.187340,12152
95128.198293,12153
95128.208879,12154
95128.221432,12155
95128.230886,12156
95128.243397,12157
95128.253691,12158
95128.269271,12159
95128.282779,12160
95128.293778,12161
95128.308340,12162
95128.321931,12163
95128.335219,12164
95128.347035,12165
95128.359436,12166
95128.373500,12167
95128.385979,12168
95128.397629,12169
95128.407835,12170
95128.421677,12171
95128.435071,12172
95128.448825,12173
95128.459833,12174
95128.470368,12175
95128.481819,12176
95128.497951,12177
95128.511434,12178
95128.524373,12179
95128.536212,12180
95128.549971,12181
95128.561204,12182
95128.573082,12183
95128.583770,12184
95128.596473,12185
95128.607132,12186
95128.618537,12187
95128.630193,12188
95128.641537,12189
95128.652481,12190
95128.662551,12191
95128.672473,12192
95128.684322,12193
95128.697706,12194
95128.709772,12195
95128.722825,12196
95128.735666,12197
95128.746245,12198
95128.758626,12199
95128.771155,12200
95128.781372,12201
95128.794684,12202
95128.805430,12203
95128.817212,12204
95128.829321,12205
95128.842458,12206
95128.854149,12207
95128.863483,12208
95128.873508,12209
95128.884350,12210
95128.895849,12211
95128.905956,12212
95128.920210,12213
95128.933221,12214
95128.944036,12215
95128.954280,12216
95128.969783,12217
95128.981580,12218
95128.994200,12219
95129.004827,12220
95129.016485,12221
95129.028526,12222
95129.038430,12223
95129.050317,12224
95129.059743,12225
95129.070329,12226
95129.081207,12227
95129.094412,12228
95129.109009,12229
95129.121392,12230
95129.133503,12231
95129.146292,12232
95129.158608,12233
95129.168344,12234
95129.182456,12235
95129.194716,12236
95129.208220,12237
95129.220277,12238
95129.232698,12239
95129.244542,12240
95129.255640,12241
95129.265409,12242
95129.277970,12243
95129.288507,12244
95129.300838,12245
95129.314437,12246
95129.326433,12247
95129.338648,12248
95129.349464,12249
95131.854947,12250
95131.903242,12251
95131.909220,12252
95131.915545,12253
95131.921771,12254
95131.927915,12255
95131.934153,12256
95131.940252,12257
95131.946490,12258
95131.952442,12259
95131.958611,12260
95131.964769,12261
95131.970985,12262
95131.977493,12263
95131.983335,12264
95131.989468,12265
95131.995926,12266
95132.002496,12267
95132.009014,12268
95132.014860,12269
95132.021294,12270
95132.027303,12271
95132.033786,12272
95132.039809,12273
95132.046021,12274
95132.052429,12275
95132.058784,12276
95132.064865,12277
95132.071315,12278
95132.077609,12279
95132.083534,12280
95132.090452,12281
95132.096858,12282
95132.103305,12283
95132.109632,12284
95132.116320,12285
95132.122247,12286
95132.128655,12287
95132.134818,12288
95132.141306,12289
95132.148522,12290
95132.155530,12291
95132.161840,12292
95132.168520,12293
95132.174407,12294
95132.180380,12295
95132.186825,12296
95132.193293,12297
95132.199565,12298
95132.205826,12299
95132.214624,12300
95132.221235,12301
95132.228272,12302
95132.234993,12303
95132.241382,12304
95132.247335,12305
95132.253394,12306
95132.260284,12307
95132.266536,12308
95132.272695,12309
95132.279229,12310
95132.285954,12311
95132.292647,12312
95132.298766,12313
95132.306192,12314
95132.312448,12315
95132.319313,12316
95132.326031,12317
95132.332794,12318
95132.339606,12319
95132.346492,12320
95132.353417,12321
95132.360485,12322
95132.369658,12323
95132.377776,12324
95132.384644,12325
95132.391424,12326
95132.397679,12327
95132.403963,12328
95132.410023,12329
95132.416538,12330
95132.423306,12331
95132.429977,12332
95132.436995,12333
95132.443655,12334
95132.450710,12335
95132.457706,12336
95132.464501,12337
95132.471431,12338
95132.478570,12339
95132.485338,12340
95132.492407,12341
95132.499472,12342
95132.506369,12343
95132.513179,12344
95132.520154,12345
95132.527044,12346
95132.534223,12347
95132.541179,12348
95132.547984,12349
95132.554729,12350
95132.561874,12351
95132.568803,12352
95132.575589,12353
95132.582291,12354
95132.588752,12355
95132.594696,12356
95132.600769,12357
95132.607493,12358
95132.613796,12359
95132.619954,12360
95132.626524,12361
95132.633193,12362
95132.639304,12363
95132.645748,12364
95132.652469,12365
95132.659096,12366
95132.665889,12367
95132.672499,12368
95132.679533,12369
95132.686524,12370
95132.693746,12371
95132.700921,12372
95132.707683,12373
95132.714652,12374
95132.721695,12375
95132.728609,12376
95132.736244,12377
95132.742669,12378
95132.749349,12379
95132.756837,12380
95132.763480,12381
95132.770424,12382
95132.777742,12383
95132.784386,12384
95132.791188,12385
95132.798209,12386
95132.805232,12387
95132.811946,12388
95132.819047,12389
95132.825761,12390
95132.832680,12391
95132.840459,12392
95132.846940,12393
95132.853762,12394
95132.860677,12395
95132.867267,12396
95132.873992,12397
95132.880793,12398
95132.887738,12399
95132.896824,12400
95132.903303,12401
95132.909872,12402
95132.916495,12403
95132.923536,12404
95132.930748,12405
95132.937363,12406
95132.944289,12407
95132.951030,12408
95132.957750,12409
95132.964596,12410
95132.971573,12411
95132.978585,12412
95132.985387,12413
95132.992402,12414
95132.999446,12415
95133.006605,12416
95133.013564,12417
95133.020318,12418
95133.027229,12419
95133.034286,12420
95133.041200,12421
95133.048275,12422
95133.055788,12423
95133.062255,12424
95133.068844,12425
95133.075895,12426
95133.082805,12427
95133.089636,12428
95133.096774,12429
95133.103539,12430
95133.110604,12431
95133.117738,12432
95133.124512,12433
95133.131300,12434
95133.138507,12435
95133.145273,12436
95133.151938,12437
95133.159169,12438
95133.165708,12439
95133.172528,12440
95133.179996,12441
95133.186939,12442
95133.193740,12443
95133.200747,12444
95133.207709,12445
95133.214606,12446
95133.221813,12447
95133.228804,12448
95133.236603,12449
95133.243235,12450
95133.249805,12451
95133.256933,12452
95133.263727,12453
95133.270436,12454
95133.277397,12455
95133.284029,12456
95133.291233,12457
95133.298038,12458
95133.304782,12459
95133.311823,12460
95133.319258,12461
95133.326200,12462
95133.333051,12463
95133.340007,12464
95133.346985,12465
95133.353787,12466
95133.360717,12467
95133.367876,12468
95133.374674,12469
95133.381469,12470
95133.388365,12471
95133.395530,12472
95133.402357,12473
95133.409345,12474
95133.416226,12475
95133.423018,12476
95133.430552,12477
95133.437423,12478
95133.444330,12479
95133.451134,12480
95133.457780,12481
95133.464738,12482
95133.471638,12483
95133.478486,12484
95133.485439,12485
95133.492567,12486
95133.499373,12487
95133.506305,12488
95133.513294,12489
95133.520339,12490
95133.527364,12491
95133.534625,12492
95133.541254,12493
95133.548093,12494
95133.555066,12495
95133.561785,12496
95133.569420,12497
95133.576516,12498
95133.583379,12499
95136.886802,12500
95136.896591,12501
95136.903520,12502
95136.910470,12503
95136.919803,12504
95136.927317,12505
95136.934374,12506
95136.946585,12507
95136.955231,12508
95136.961962,12509
95136.968583,12510
95136.978963,12511
95136.986585,12512
95136.993800,12513
95137.007051,12514
95137.015436,12515
95137.024030,12516
95137.036492,12517
95137.046322,12518
95137.053738,12519
95137.064886,12520
95137.071352,12521
95137.079611,12522
95137.087635,12523
95137.099635,12524
95137.110157,12525
95137.119759,12526
95137.128509,12527
95137.134660,12528
95137.145234,12529
95137.156155,12530
95137.164062,12531
95137.170771,12532
95137.178489,12533
95137.185160,12534
95137.191615,12535
95137.204370,12536
95137.215509,12537
95137.223176,12538
95137.230687,12539
95137.239955,12540
95137.246364,12541
95137.253333,12542
95137.259489,12543
95137.266125,12544
95137.273284,12545
95137.284530,12546
95137.296256,12547
95137.307592,12548
95137.316493,12549
95137.330035,12550
95137.336193,12551
95137.343940,12552
95137.354379,12553
95137.367816,12554
95137.376252,12555
95137.389737,12556
95137.397729,12557
95137.406207,12558
95137.413087,12559
95137.423440,12560
95137.434537,12561
95137.445463,12562
95137.453360,12563
95137.459511,12564
95137.472336,12565
95137.478576,12566
95137.485007,12567
95137.491039,12568
95137.496715,12569
95137.509233,12570
95137.518915,12571
95137.525721,12572
95137.534286,12573
95137.541258,12574
95137.549968,12575
95137.557856,12576
95137.564877,12577
95137.573011,12578
95137.579358,12579
95137.586927,12580
95137.596974,12581
95137.606376,12582
95137.619851,12583
95137.627183,12584
95137.640488,12585
95137.648845,12586
95137.655629,12587
95137.669406,12588
95137.682228,12589
95137.689330,12590
95137.702644,12591
95137.716492,12592
95137.723715,12593
95137.734467,12594
95137.742894,12595
95137.752639,12596
95137.761707,12597
95137.770285,12598
95137.777438,12599
95137.783637,12600
95137.789645,12601
95137.796369,12602
95137.802371,12603
95137.808516,12604
95137.815165,12605
95137.821693,12606
95137.834630,12607
95137.842846,12608
95137.851477,12609
95137.858090,12610
95137.866104,12611
95137.878038,12612
95137.886157,12613
95137.895803,12614
95137.905408,12615
95137.916765,12616
95137.924805,12617
95137.935783,12618
95137.944451,12619
95137.954424,12620
95137.961636,12621
95137.974060,12622
95137.986822,12623
95137.995732,12624
95138.008311,12625
95138.019029,12626
95138.024780,12627
95138.032877,12628
95138.040889,12629
95138.049792,12630
95138.058699,12631
95138.065429,12632
95138.072327,12633
95138.083081,12634
95138.091278,12635
95138.099956,12636
95138.107178,12637
95138.113277,12638
95138.120501,12639
95138.129295,12640
95138.135771,12641
95138.141741,12642
95138.147899,12643
95138.156914,12644
95138.163536,12645
95138.175521,12646
95138.189499,12647
95138.197920,12648
95138.210399,12649
95138.219554,12650
95138.227414,12651
95138.236534,12652
95138.249393,12653
95138.259644,12654
95138.265989,12655
95138.273885,12656
95138.280855,12657
95138.289524,12658
95138.300282,12659
95138.309254,12660
95138.316378,12661
95138.327366,12662
95138.334010,12663
95138.346063,12664
95138.357718,12665
95138.366336,12666
95138.376970,12667
95138.384497,12668
95138.395775,12669
95138.404133,12670
95138.413399,12671
95138.424598,12672
95138.436368,12673
95138.445215,12674
95138.456314,12675
95138.464316,12676
95138.474940,12677
95138.487513,12678
95138.496351,12679
95138.502634,12680
95138.511326,12681
95138.518215,12682
95138.525090,12683
95138.531575,12684
95138.538250,12685
95138.545734,12686
95138.551775,12687
95138.560263,12688
95138.569738,12689
95138.577903,12690
95138.584941,12691
95138.591416,12692
95138.603598,12693
95138.615294,12694
95138.622032,12695
95138.629094,12696
95138.636174,12697
95138.647803,12698
95138.654203,12699
95138.660696,12700
95138.668627,12701
95138.676134,12702
95138.686207,12703
95138.692792,12704
95138.702647,12705
95138.716084,12706
95138.724906,12707
95138.732300,12708
95138.741055,12709
95138.749110,12710
95138.756387,12711
95138.767723,12712
95138.774367,12713
95138.785391,12714
95138.792303,12715
95138.803394,12716
95138.811583,12717
95138.824059,12718
95138.830830,12719
95138.838184,12720
95138.845484,12721
95138.855691,12722
95138.862603,12723
95138.873897,12724
95138.885749,12725
95138.893228,12726
95138.900720,12727
95138.908625,12728
95138.917023,12729
95138.930493,12730
95138.939394,12731
95138.946689,12732
95138.953606,12733
95138.961782,12734
95138.974034,12735
95138.980574,12736
95138.987857,12737
95139.000788,12738
95139.009690,12739
95139.019789,12740
95139.027087,12741
95139.032811,12742
95139.042479,12743
95139.051117,12744
95139.059252,12745
95139.069880,12746
95139.079421,12747
95139.090189,12748
95139.096947,12749
95142.053433,12750
95142.066514,12751
95142.078284,12752
95142.088857,12753
95142.097882,12754
95142.108172,12755
95142.115575,12756
95142.127235,12757
95142.136242,12758
95142.147961,12759
95142.157796,12760
95142.166801,12761
95142.175862,12762
95142.188384,12763
95142.196621,12764
95142.204525,12765
95142.215504,12766
95142.225457,12767
95142.234842,12768
95142.244239,12769
95142.252195,12770
95142.261941,12771
95142.269836,12772
95142.280994,12773
95142.290597,12774
95142.301747,12775
95142.313577,12776
95142.324191,12777
95142.333825,12778
95142.342434,12779
95142.351884,12780
95142.361502,12781
95142.371822,12782
95142.381959,12783
95142.389700,12784
95142.399756,12785
95142.407342,12786
95142.414834,12787
95142.424417,12788
95142.434899,12789
95142.443967,12790
95142.454536,12791
95142.465720,12792
95142.475364,12793
95142.484582,12794
95142.496308,12795
95142.507622,12796
95142.515473,12797
95142.526101,12798
95142.535198,12799
95142.550170,12800
95142.559366,12801
95142.569883,12802
95142.579982,12803
95142.591745,12804
95142.599895,12805
95142.610612,12806
95142.622613,12807
95142.632472,12808
95142.643553,12809
95142.655432,12810
95142.665404,12811
95142.673459,12812
95142.684359,12813
95142.691832,12814
95142.704179,12815
95142.712356,12816
95142.722386,12817
95142.734181,12818
95142.744677,12819
95142.755543,12820
95142.767640,12821
95142.779524,12822
95142.789535,12823
95142.803524,12824
95142.815816,12825
95142.823648,12826
95142.837090,12827
95142.846783,12828
95142.858447,12829
95142.867824,12830
95142.878507,12831
95142.891259,12832
95142.899451,12833
95142.911948,12834
95142.922056,12835
95142.932476,12836
95142.941045,12837
95142.948450,12838
95142.956094,12839
95142.966825,12840
95142.974997,12841
95142.982924,12842
95142.993283,12843
95143.003263,12844
95143.012821,12845
95143.023268,12846
95143.035391,12847
95143.047339,12848
95143.059143,12849
95143.071630,12850
95143.081888,12851
95143.091853,12852
95143.104533,12853
95143.115054,12854
95143.124701,12855
95143.134560,12856
95143.144573,12857
95143.156314,12858
95143.166422,12859
95143.176784,12860
95143.188788,12861
95143.200685,12862
95143.208806,12863
95143.218579,12864
95143.229863,12865
95143.240193,12866
95143.250133,12867
95143.260251,12868
95143.274521,12869
95143.283206,12870
95143.292545,12871
95143.303251,12872
95143.310739,12873
95143.320401,12874
95143.328792,12875
95143.339305,12876
95143.347081,12877
95143.357523,12878
95143.365534,12879
95143.375597,12880
95143.387531,12881
95143.397400,12882
95143.408700,12883
95143.419147,12884
95143.429247,12885
95143.439079,12886
95143.447234,12887
95143.456563,12888
95143.467709,12889
95143.475470,12890
95143.486034,12891
95143.495227,12892
95143.503359,12893
95143.513506,12894
95143.522785,12895
95143.534537,12896
95143.545956,12897
95143.557940,12898
95143.565824,12899
95143.578922,12900
95143.590018,12901
95143.602953,12902
95143.613422,12903
95143.621167,12904
95143.632641,12905
95143.642822,12906
95143.650156,12907
95143.660921,12908
95143.670528,12909
95143.681336,12910
95143.692078,12911
95143.701967,12912
95143.713240,12913
95143.723370,12914
95143.733394,12915
95143.741809,12916
95143.752430,12917
95143.760873,12918
95143.768415,12919
95143.778401,12920
95143.789225,12921
95143.800894,12922
95143.809198,12923
95143.817556,12924
95143.826830,12925
95143.837497,12926
95143.846018,12927
95143.856010,12928
95143.865828,12929
95143.876312,12930
95143.885820,12931
95143.896088,12932
95143.905347,12933
95143.917654,12934
95143.926248,12935
95143.934752,12936
95143.943777,12937
95143.955695,12938
95143.966899,12939
95143.976727,12940
95143.989224,12941
95144.000240,12942
95144.012297,12943
95144.021503,12944
95144.032906,12945
95144.045801,12946
95144.056837,12947
95144.067827,12948
95144.080329,12949
95144.092997,12950
95144.101767,12951
95144.111954,12952
95144.125611,12953
95144.137312,12954
95144.145155,12955
95144.156590,12956
95144.164478,12957
95144.173909,12958
95144.184370,12959
95144.196820,12960
95144.207531,12961
95144.218623,12962
95144.229718,12963
95144.238457,12964
95144.249300,12965
95144.259744,12966
95144.269609,12967
95144.280599,12968
95144.291719,12969
95144.300561,12970
95144.313715,12971
95144.322361,12972
95144.332645,12973
95144.341112,12974
95144.353714,12975
95144.364083,12976
95144.372407,12977
95144.384680,12978
95144.395033,12979
95144.406237,12980
95144.414287,12981
95144.424354,12982
95144.434773,12983
95144.442532,12984
95144.452244,12985
95144.460848,12986
95144.469047,12987
95144.477326,12988
95144.484924,12989
95144.495320,12990
95144.506147,12991
95144.517051,12992
95144.527348,12993
95144.537653,12994
95144.547171,12995
95144.558170,12996
95144.568224,12997
95144.576879,12998
95144.588526,12999
95147.562848,13000
95147.575862,13001
95147.587494,13002
95147.599482,13003
95147.612945,13004
95147.624701,13005
95147.636033,13006
95147.648328,13007
95147.660633,13008
95147.672277,13009
95147.684073,13010
95147.696829,13011
95147.709489,13012
95147.722616,13013
95147.734298,13014
95147.746241,13015
95147.758457,13016
95147.770343,13017
95147.783088,13018
95147.794949,13019
95147.807213,13020
95147.818778,13021
95147.830629,13022
95147.842782,13023
95147.855459,13024
95147.867797,13025
95147.879180,13026
95147.890942,13027
95147.902987,13028
95147.914995,13029
95147.927865,13030
95147.940802,13031
95147.953188,13032
95147.964681,13033
95147.975268,13034
95147.987558,13035
95148.000090,13036
95148.012486,13037
95148.023623,13038
95148.035787,13039
95148.046562,13040
95148.058702,13041
95148.071076,13042
95148.082497,13043
95148.094383,13044
95148.106812,13045
95148.117455,13046
95148.129101,13047
95148.140794,13048
95148.154076,13049
95148.168755,13050
95148.179555,13051
95148.191920,13052
95148.203950,13053
95148.217788,13054
95148.231827,13055
95148.244858,13056
95148.256112,13057
95148.268082,13058
95148.280690,13059
95148.293040,13060
95148.306509,13061
95148.318307,13062
95148.331868,13063
95148.343372,13064
95148.355855,13065
95148.367450,13066
95148.379491,13067
95148.390533,13068
95148.402299,13069
95148.413380,13070
95148.427508,13071
95148.439180,13072
95148.450952,13073
95148.463247,13074
95148.475620,13075
95148.487323,13076
95148.498827,13077
95148.511469,13078
95148.522919,13079
95148.535814,13080
95148.548691,13081
95148.560460,13082
95148.572370,13083
95148.584819,13084
95148.597046,13085
95148.611335,13086
95148.625845,13087
95148.637555,13088
95148.649827,13089
95148.662056,13090
95148.673945,13091
95148.685315,13092
95148.697762,13093
95148.710034,13094
95148.722457,13095
95148.734410,13096
95148.747336,13097
95148.758864,13098
95148.770622,13099
95148.783302,13100
95148.795785,13101
95148.808521,13102
95148.821488,13103
95148.833809,13104
95148.845636,13105
95148.858082,13106
95148.869950,13107
95148.881357,13108
95148.893353,13109
95148.905687,13110
95148.918330,13111
95148.929820,13112
95148.941683,13113
95148.953363,13114
95148.963777,13115
95148.974528,13116
95148.986961,13117
95148.997511,13118
95149.010291,13119
95149.022281,13120
95149.034055,13121
95149.045625,13122
95149.057591,13123
95149.068086,13124
95149.080326,13125
95149.092598,13126
95149.103453,13127
95149.115313,13128
95149.126856,13129
95149.137813,13130
95149.149219,13131
95149.161227,13132
95149.173255,13133
95149.184905,13134
95149.196547,13135
95149.207897,13136
95149.220180,13137
95149.232494,13138
95149.244437,13139
95149.255842,13140
95149.267419,13141
95149.280018,13142
95149.291657,13143
95149.302417,13144
95149.315673,13145
95149.328184,13146
95149.339875,13147
95149.352269,13148
95149.364486,13149
95149.379237,13150
95149.391188,13151
95149.402321,13152
95149.415935,13153
95149.429123,13154
95149.442727,13155
95149.456107,13156
95149.468988,13157
95149.482752,13158
95149.496730,13159
95149.508889,13160
95149.522181,13161
95149.536331,13162
95149.550431,13163
95149.565897,13164
95149.581510,13165
95149.596546,13166
95149.609328,13167
95149.623936,13168
95149.638266,13169
95149.651653,13170
95149.665754,13171
95149.679615,13172
95149.695012,13173
95149.708195,13174
95149.723080,13175
95149.737933,13176
95149.752281,13177
95149.767453,13178
95149.781852,13179
95149.796835,13180
95149.810361,13181
95149.824725,13182
95149.839754,13183
95149.854138,13184
95149.867903,13185
95149.881657,13186
95149.896884,13187
95149.911692,13188
95149.926962,13189
95149.941842,13190
95149.956434,13191
95149.970830,13192
95149.985885,13193
95149.999899,13194
95150.013948,13195
95150.027120,13196
95150.040776,13197
95150.054528,13198
95150.067899,13199
95150.081798,13200
95150.095148,13201
95150.108584,13202
95150.121877,13203
95150.135413,13204
95150.149754,13205
95150.163251,13206
95150.176540,13207
95150.190696,13208
95150.204928,13209
95150.218792,13210
95150.232150,13211
95150.246201,13212
95150.260762,13213
95150.273960,13214
95150.288589,13215
95150.302914,13216
95150.317271,13217
95150.332296,13218
95150.346120,13219
95150.359944,13220
95150.374048,13221
95150.387024,13222
95150.400497,13223
95150.413931,13224
95150.427368,13225
95150.441344,13226
95150.455936,13227
95150.470950,13228
95150.485868,13229
95150.499350,13230
95150.513550,13231
95150.528244,13232
95150.544835,13233
95150.559713,13234
95150.574453,13235
95150.587827,13236
95150.602271,13237
95150.617566,13238
95150.631480,13239
95150.645029,13240
95150.658471,13241
95150.672859,13242
95150.689531,13243
95150.703047,13244
95150.717368,13245
95150.732367,13246
95150.747507,13247
95150.761450,13248
95150.775428,13249
95152.624651,13500
95152.721074,13501
95152.730363,13502
95152.737214,13503
95152.744305,13504
95152.750912,13505
95152.757188,13506
95152.763515,13507
95152.769755,13508
95152.776422,13509
95152.782666,13510
95152.788935,13511
95152.795530,13512
95152.802058,13513
95152.808895,13514
95152.815368,13515
95152.822137,13516
95152.828705,13517
95152.835361,13518
95152.842481,13519
95152.849528,13520
95152.856288,13521
95152.863063,13522
95152.870341,13523
95152.877419,13524
95152.883812,13525
95152.890405,13526
95152.897087,13527
95152.904794,13528
95152.911667,13529
95152.925100,13530
95152.943825,13531
95152.959076,13532
95152.965978,13533
95152.972862,13534
95152.979699,13535
95152.985946,13536
95152.992587,13537
95152.999021,13538
95153.005388,13539
95153.012037,13540
95153.018628,13541
95153.025378,13542
95153.032362,13543
95153.039424,13544
95153.047012,13545
95153.053905,13546
95153.060711,13547
95153.067508,13548
95153.074276,13549
95153.081097,13550
95153.088216,13551
95153.095200,13552
95153.102061,13553
95153.108885,13554
95153.115144,13555
95153.121291,13556
95153.127576,13557
95153.133993,13558
95153.140823,13559
95153.147861,13560
95153.154683,13561
95153.161964,13562
95153.168885,13563
95153.175860,13564
95153.182785,13565
95153.189645,13566
95153.196770,13567
95153.203637,13568
95153.210819,13569
95153.217726,13570
95153.224800,13571
95153.231607,13572
95153.238265,13573
95153.245210,13574
95153.252203,13575
95153.259056,13576
95153.265948,13577
95153.272660,13578
95153.279943,13579
95153.287517,13580
95153.294899,13581
95153.301661,13582
95153.309257,13583
95153.315855,13584
95153.322370,13585
95153.328947,13586
95153.335567,13587
95153.342536,13588
95153.349804,13589
95153.356575,13590
95153.363498,13591
95153.370205,13592
95153.376801,13593
95153.383759,13594
95153.390854,13595
95153.397642,13596
95153.404680,13597
95153.411627,13598
95153.418317,13599
95153.427202,13600
95153.433705,13601
95153.440458,13602
95153.447416,13603
95153.454296,13604
95153.461139,13605
95153.467580,13606
95153.474401,13607
95153.481587,13608
95153.488134,13609
95153.494881,13610
95153.501576,13611
95153.508760,13612
95153.515752,13613
95153.522848,13614
95153.529637,13615
95153.536650,13616
95153.543908,13617
95153.550803,13618
95153.557988,13619
95153.565470,13620
95153.571968,13621
95153.579437,13622
95153.586259,13623
95153.592943,13624
95153.599816,13625
95153.607032,13626
95153.613747,13627
95153.620805,13628
95153.627324,13629
95153.634036,13630
95153.640591,13631
95153.647776,13632
95153.654842,13633
95153.661978,13634
95153.668538,13635
95153.675277,13636
95153.681383,13637
95153.687340,13638
95153.693375,13639
95153.699455,13640
95153.705466,13641
95153.711553,13642
95153.717947,13643
95153.724814,13644
95153.731372,13645
95153.737923,13646
95153.744992,13647
95153.751816,13648
95153.758825,13649
95153.765816,13650
95153.772801,13651
95153.779794,13652
95153.786966,13653
95153.794379,13654
95153.801598,13655
95153.807920,13656
95153.814676,13657
95153.821394,13658
95153.828751,13659
95153.835949,13660
95153.842496,13661
95153.848977,13662
95153.856438,13663
95153.863239,13664
95153.870440,13665
95153.877549,13666
95153.884737,13667
95153.891940,13668
95153.898696,13669
95153.905512,13670
95153.912468,13671
95153.919616,13672
95153.927084,13673
95153.933778,13674
95153.940780,13675
95153.947655,13676
95153.954780,13677
95153.961510,13678
95153.968404,13679
95153.975259,13680
95153.982341,13681
95153.989025,13682
95153.996021,13683
95154.002869,13684
95154.010210,13685
95154.017322,13686
95154.024478,13687
95154.031327,13688
95154.037985,13689
95154.044922,13690
95154.052254,13691
95154.058932,13692
95154.065771,13693
95154.072750,13694
95154.079422,13695
95154.086261,13696
95154.093337,13697
95154.100298,13698
95154.107068,13699
95154.116482,13700
95154.122950,13701
95154.129704,13702
95154.136784,13703
95154.143758,13704
95154.150615,13705
95154.157643,13706
95154.164040,13707
95154.170961,13708
95154.178086,13709
95154.184299,13710
95154.190804,13711
95154.197496,13712
95154.204484,13713
95154.211007,13714
95154.217818,13715
95154.225014,13716
95154.231842,13717
95154.238541,13718
95154.246200,13719
95154.253266,13720
95154.260164,13721
95154.266690,13722
95154.273719,13723
95154.280803,13724
95154.287655,13725
95154.294285,13726
95154.300852,13727
95154.307551,13728
95154.314565,13729
95154.321684,13730
95154.328498,13731
95154.335330,13732
95154.342294,13733
95154.349007,13734
95154.355632,13735
95154.361700,13736
95154.367893,13737
95154.373903,13738
95154.380039,13739
95154.386331,13740
95154.392352,13741
95154.398699,13742
95154.405212,13743
95154.411950,13744
95154.418807,13745
95154.425449,13746
95154.432385,13747
95154.439202,13748
95154.446344,13749
95157.382393,13750
95157.397434,13751
95157.406798,13752
95157.419519,13753
95157.431108,13754
95157.438012,13755
95157.449796,13756
95157.461026,13757
95157.472986,13758
95157.481613,13759
95157.488677,13760
95157.498542,13761
95157.509627,13762
95157.521621,13763
95157.533528,13764
95157.540049,13765
95157.551068,13766
95157.559761,13767
95157.566377,13768
95157.576827,13769
95157.588435,13770
95157.600677,13771
95157.612477,13772
95157.624047,13773
95157.635049,13774
95157.642091,13775
95157.655675,13776
95157.667167,13777
95157.676819,13778
95157.685891,13779
95157.697064,13780
95157.704492,13781
95157.715050,13782
95157.726783,13783
95157.734471,13784
95157.741234,13785
95157.752827,13786
95157.759644,13787
95157.770253,13788
95157.776548,13789
95157.788011,13790
95157.798119,13791
95157.804283,13792
95157.814718,13793
95157.825657,13794
95157.832559,13795
95157.844893,13796
95157.854830,13797
95157.861685,13798
95157.868831,13799
95157.875564,13800
95157.885521,13801
95157.892102,13802
95157.903722,13803
95157.910341,13804
95157.921050,13805
95157.929241,13806
95157.937713,13807
95157.950399,13808
95157.962090,13809
95157.973744,13810
95157.986205,13811
95157.998257,13812
95158.004696,13813
95158.011140,13814
95158.022469,13815
95158.032126,13816
95158.039313,13817
95158.050626,13818
95158.062326,13819
95158.073947,13820
95158.080895,13821
95158.090738,13822
95158.102845,13823
95158.109485,13824
95158.116343,13825
95158.127840,13826
95158.139518,13827
95158.151924,13828
95158.159211,13829
95158.171781,13830
95158.180889,13831
95158.186868,13832
95158.198628,13833
95158.210290,13834
95158.219015,13835
95158.225332,13836
95158.235944,13837
95158.247246,13838
95158.254441,13839
95158.266069,13840
95158.277026,13841
95158.283411,13842
95158.289893,13843
95158.300224,13844
95158.307337,13845
95158.313867,13846
95158.320180,13847
95158.328696,13848
95158.339466,13849
95158.351528,13850
95158.363376,13851
95158.374682,13852
95158.381024,13853
95158.391920,13854
95158.403349,13855
95158.409476,13856
95158.421605,13857
95158.428143,13858
95158.434731,13859
95158.441627,13860
95158.451869,13861
95158.462894,13862
95158.469775,13863
95158.476691,13864
95158.488423,13865
95158.499940,13866
95158.511472,13867
95158.518219,13868
95158.529938,13869
95158.536370,13870
95158.546581,13871
95158.553342,13872
95158.565199,13873
95158.577154,13874
95158.583641,13875
95158.596016,13876
95158.602985,13877
95158.615115,13878
95158.627005,13879
95158.634039,13880
95158.645875,13881
95158.652126,13882
95158.658178,13883
95158.668733,13884
95158.680316,13885
95158.690208,13886
95158.701486,13887
95158.707985,13888
95158.714795,13889
95158.725187,13890
95158.731822,13891
95158.738132,13892
95158.744839,13893
95158.750714,13894
95158.761511,13895
95158.772757,13896
95158.784659,13897
95158.794620,13898
95158.801821,13899
95158.808651,13900
95158.820590,13901
95158.826815,13902
95158.838787,13903
95158.849233,13904
95158.860684,13905
95158.870421,13906
95158.881578,13907
95158.893247,13908
95158.905338,13909
95158.911984,13910
95158.918527,13911
95158.924710,13912
95158.935927,13913
95158.942470,13914
95158.950210,13915
95158.962754,13916
95158.969873,13917
95158.976897,13918
95158.988337,13919
95159.000409,13920
95159.011037,13921
95159.017333,13922
95159.027714,13923
95159.037597,13924
95159.044590,13925
95159.051283,13926
95159.057833,13927
95159.064664,13928
95159.071212,13929
95159.077264,13930
95159.086967,13931
95159.093346,13932
95159.104805,13933
95159.116511,13934
95159.123419,13935
95159.130143,13936
95159.137665,13937
95159.144170,13938
95159.155267,13939
95159.162074,13940
95159.168627,13941
95159.174580,13942
95159.184706,13943
95159.198827,13944
95159.205921,13945
95159.217276,13946
95159.223522,13947
95159.234584,13948
95159.241398,13949
95159.250964,13950
95159.262468,13951
95159.273679,13952
95159.285291,13953
95159.291338,13954
95159.303832,13955
95159.313983,13956
95159.321789,13957
95159.332848,13958
95159.343306,13959
95159.354390,13960
95159.363720,13961
95159.374181,13962
95159.384150,13963
95159.391798,13964
95159.398390,13965
95159.409606,13966
95159.416348,13967
95159.426046,13968
95159.432726,13969
95159.442941,13970
95159.453206,13971
95159.459242,13972
95159.465270,13973
95159.471656,13974
95159.481396,13975
95159.487824,13976
95159.494036,13977
95159.506080,13978
95159.516966,13979
95159.527503,13980
95159.539671,13981
95159.551148,13982
95159.557864,13983
95159.564654,13984
95159.571683,13985
95159.583989,13986
95159.591087,13987
95159.602101,13988
95159.609544,13989
95159.620567,13990
95159.631901,13991
95159.638473,13992
95159.648986,13993
95159.655389,13994
95159.662067,13995
95159.672899,13996
95159.680787,13997
95159.692212,13998
95159.699120,13999
95162.631983,14000
95162.645496,14001
95162.658669,14002
95162.669777,14003
95162.680477,14004
95162.691930,14005
95162.702795,14006
95162.713436,14007
95162.724261,14008
95162.736356,14009
95162.748184,14010
95162.759830,14011
95162.770464,14012
95162.781492,14013
95162.792031,14014
95162.803351,14015
95162.814142,14016
95162.826385,14017
95162.837449,14018
95162.848415,14019
95162.859685,14020
95162.872462,14021
95162.883249,14022
95162.894356,14023
95162.905651,14024
95162.916323,14025
95162.927896,14026
95162.940288,14027
95162.951052,14028
95162.961944,14029
95162.973452,14030
95162.983984,14031
95162.995905,14032
95163.007498,14033
95163.018603,14034
95163.029281,14035
95163.040258,14036
95163.051471,14037
95163.062269,14038
95163.072714,14039
95163.084277,14040
95163.094860,14041
95163.106737,14042
95163.117448,14043
95163.128952,14044
95163.139573,14045
95163.151315,14046
95163.162702,14047
95163.173434,14048
95163.184464,14049
95163.196997,14050
95163.209060,14051
95163.219999,14052
95163.230764,14053
95163.241306,14054
95163.251502,14055
95163.262150,14056
95163.273846,14057
95163.284379,14058
95163.295304,14059
95163.306364,14060
95163.317266,14061
95163.328197,14062
95163.339544,14063
95163.350273,14064
95163.361052,14065
95163.373471,14066
95163.384709,14067
95163.397377,14068
95163.408839,14069
95163.420456,14070
95163.431747,14071
95163.442913,14072
95163.453837,14073
95163.465218,14074
95163.476240,14075
95163.486865,14076
95163.498007,14077
95163.508390,14078
95163.518919,14079
95163.531645,14080
95163.542293,14081
95163.553994,14082
95163.565355,14083
95163.577969,14084
95163.589834,14085
95163.601608,14086
95163.613255,14087
95163.624532,14088
95163.636494,14089
95163.649358,14090
95163.660342,14091
95163.671760,14092
95163.682336,14093
95163.693499,14094
95163.704558,14095
95163.715612,14096
95163.727628,14097
95163.739766,14098
95163.750572,14099
95163.764533,14100
95163.775556,14101
95163.786238,14102
95163.796483,14103
95163.807299,14104
95163.819390,14105
95163.831347,14106
95163.843809,14107
95163.854935,14108
95163.865541,14109
95163.876504,14110
95163.888135,14111
95163.900104,14112
95163.911398,14113
95163.922485,14114
95163.933449,14115
95163.945571,14116
95163.957378,14117
95163.968744,14118
95163.980022,14119
95163.991389,14120
95164.002734,14121
95164.014470,14122
95164.026096,14123
95164.036891,14124
95164.048075,14125
95164.059776,14126
95164.070569,14127
95164.081268,14128
95164.092983,14129
95164.104853,14130
95164.116424,14131
95164.129708,14132
95164.140421,14133
95164.151358,14134
95164.162886,14135
95164.176266,14136
95164.187139,14137
95164.198394,14138
95164.209090,14139
95164.220516,14140
95164.231067,14141
95164.241724,14142
95164.252665,14143
95164.263048,14144
95164.276228,14145
95164.287425,14146
95164.298072,14147
95164.309221,14148
95164.319391,14149
95164.330256,14150
95164.340828,14151
95164.353437,14152
95164.364688,14153
95164.375240,14154
95164.386128,14155
95164.397284,14156
95164.408117,14157
95164.419443,14158
95164.430630,14159
95164.441215,14160
95164.451973,14161
95164.463349,14162
95164.473788,14163
95164.484021,14164
95164.494818,14165
95164.504696,14166
95164.516348,14167
95164.527802,14168
95164.539200,14169
95164.549909,14170
95164.561254,14171
95164.572724,14172
95164.583524,14173
95164.595877,14174
95164.607179,14175
95164.618538,14176
95164.630877,14177
95164.644109,14178
95164.655540,14179
95164.666723,14180
95164.678933,14181
95164.689710,14182
95164.701447,14183
95164.712474,14184
95164.723429,14185
95164.734781,14186
95164.745883,14187
95164.756255,14188
95164.767685,14189
95164.778375,14190
95164.790018,14191
95164.800814,14192
95164.811626,14193
95164.822634,14194
95164.833434,14195
95164.844370,14196
95164.855386,14197
95164.866736,14198
95164.879670,14199
95164.895009,14200
95164.907208,14201
95164.919838,14202
95164.931474,14203
95164.942673,14204
95164.953775,14205
95164.967303,14206
95164.978505,14207
95164.990221,14208
95165.001231,14209
95165.012407,14210
95165.024037,14211
95165.035216,14212
95165.048491,14213
95165.060315,14214
95165.071495,14215
95165.084961,14216
95165.095882,14217
95165.108321,14218
95165.122532,14219
95165.133310,14220
95165.144268,14221
95165.155604,14222
95165.166642,14223
95165.178542,14224
95165.189986,14225
95165.200664,14226
95165.212105,14227
95165.223017,14228
95165.234182,14229
95165.246206,14230
95165.257342,14231
95165.269451,14232
95165.280596,14233
95165.291755,14234
95165.304249,14235
95165.315222,14236
95165.326263,14237
95165.338477,14238
95165.348919,14239
95165.359666,14240
95165.369833,14241
95165.380535,14242
95165.393577,14243
95165.404321,14244
95165.416706,14245
95165.427614,14246
95165.439163,14247
95165.449521,14248
95165.460114,14249
95168.465433,14250
95168.480133,14251
95168.492204,14252
95168.504482,14253
95168.516904,14254
95168.527749,14255
95168.539140,14256
95168.549424,14257
95168.559812,14258
95168.572606,14259
95168.583547,14260
95168.595623,14261
95168.607312,14262
95168.619882,14263
95168.633147,14264
95168.645832,14265
95168.656218,14266
95168.667860,14267
95168.681202,14268
95168.694390,14269
95168.707788,14270
95168.719015,14271
95168.731478,14272
95168.746209,14273
95168.758866,14274
95168.771347,14275
95168.781604,14276
95168.796983,14277
95168.812631,14278
95168.825620,14279
95168.838861,14280
95168.851824,14281
95168.862696,14282
95168.874913,14283
95168.887718,14284
95168.899782,14285
95168.912020,14286
95168.922369,14287
95168.934916,14288
95168.946189,14289
95168.960039,14290
95168.971385,14291
95168.986342,14292
95168.998972,14293
95169.011385,14294
95169.021647,14295
95169.033195,14296
95169.044932,14297
95169.055689,14298
95169.068151,14299
95169.080396,14300
95169.092344,14301
95169.103164,14302
95169.116678,14303
95169.126948,14304
95169.138025,14305
95169.149244,14306
95169.159417,14307
95169.172244,14308
95169.184451,14309
95169.197019,14310
95169.209177,14311
95169.220209,14312
95169.232997,14313
95169.245472,14314
95169.258387,14315
95169.271172,14316
95169.282674,14317
95169.297340,14318
95169.307684,14319
95169.319613,14320
95169.332424,14321
95169.344634,14322
95169.359727,14323
95169.372033,14324
95169.386316,14325
95169.397611,14326
95169.409930,14327
95169.423292,14328
95169.436343,14329
95169.448517,14330
95169.461967,14331
95169.474243,14332
95169.487892,14333
95169.499801,14334
95169.513046,14335
95169.523988,14336
95169.537017,14337
95169.548220,14338
95169.560436,14339
95169.574739,14340
95169.585791,14341
95169.599187,14342
95169.612901,14343
95169.624192,14344
95169.637417,14345
95169.650433,14346
95169.663762,14347
95169.674744,14348
95169.685693,14349
95169.701350,14350
95169.712029,14351
95169.722956,14352
95169.735298,14353
95169.745122,14354
95169.755352,14355
95169.765297,14356
95169.777271,14357
95169.788369,14358
95169.802220,14359
95169.815751,14360
95169.825491,14361
95169.838287,14362
95169.850882,14363
95169.861842,14364
95169.872445,14365
95169.884168,14366
95169.896830,14367
95169.906822,14368
95169.917944,14369
95169.931645,14370
95169.944492,14371
95169.955519,14372
95169.968519,14373
95169.981155,14374
95169.992482,14375
95170.005043,14376
95170.018853,14377
95170.029216,14378
95170.040825,14379
95170.051757,14380
95170.063339,14381
95170.073078,14382
95170.084360,14383
95170.097197,14384
95170.110303,14385
95170.121305,14386
95170.131511,14387
95170.143522,14388
95170.156878,14389
95170.167481,14390
95170.177711,14391
95170.190574,14392
95170.202613,14393
95170.212716,14394
95170.223318,14395
95170.234806,14396
95170.246447,14397
95170.259020,14398
95170.271221,14399
95170.281428,14400
95170.294832,14401
95170.305007,14402
95170.317228,14403
95170.329764,14404
95170.342549,14405
95170.356684,14406
95170.371180,14407
95170.383436,14408
95170.396052,14409
95170.408410,14410
95170.418871,14411
95170.431594,14412
95170.441344,14413
95170.453152,14414
95170.467715,14415
95170.478062,14416
95170.490623,14417
95170.503154,14418
95170.514201,14419
95170.524945,14420
95170.536767,14421
95170.546555,14422
95170.556805,14423
95170.569468,14424
95170.580327,14425
95170.591310,14426
95170.601468,14427
95170.613096,14428
95170.625717,14429
95170.637427,14430
95170.648413,14431
95170.658515,14432
95170.670454,14433
95170.681710,14434
95170.693757,14435
95170.704471,14436
95170.714667,14437
95170.726989,14438
95170.737782,14439
95170.747452,14440
95170.759683,14441
95170.772369,14442
95170.784947,14443
95170.797195,14444
95170.809278,14445
95170.822887,14446
95170.832856,14447
95170.845667,14448
95170.856464,14449
95170.871438,14450
95170.883609,14451
95170.895735,14452
95170.908783,14453
95170.922644,14454
95170.935244,14455
95170.948263,14456
95170.959529,14457
95170.972339,14458
95170.984403,14459
95170.998642,14460
95171.011421,14461
95171.022058,14462
95171.036831,14463
95171.050084,14464
95171.063704,14465
95171.074807,14466
95171.086460,14467
95171.098379,14468
95171.110507,14469
95171.121570,14470
95171.131330,14471
95171.144179,14472
95171.157073,14473
95171.168920,14474
95171.180490,14475
95171.192236,14476
95171.202905,14477
95171.214729,14478
95171.227080,14479
95171.240856,14480
95171.251820,14481
95171.262009,14482
95171.274797,14483
95171.285802,14484
95171.298245,14485
95171.309340,14486
95171.320425,14487
95171.334093,14488
95171.345495,14489
95171.358412,14490
95171.368821,14491
95171.381272,14492
95171.393792,14493
95171.406285,14494
95171.418481,14495
95171.431458,14496
95171.443956,14497
95171.458566,14498
95171.470318,14499
95173.937765,14500
95173.986529,14501
95173.992578,14502
95173.999190,14503
95174.005852,14504
95174.012312,14505
95174.018736,14506
95174.025238,14507
95174.031408,14508
95174.038416,14509
95174.045202,14510
95174.051568,14511
95174.057940,14512
95174.064839,14513
95174.071274,14514
95174.078082,14515
95174.084776,14516
95174.090917,14517
95174.097122,14518
95174.103218,14519
95174.109266,14520
95174.115460,14521
95174.121596,14522
95174.127613,14523
95174.133702,14524
95174.140532,14525
95174.146641,14526
95174.153293,14527
95174.159440,14528
95174.166235,14529
95174.172868,14530
95174.179432,14531
95174.185807,14532
95174.194096,14533
95174.202902,14534
95174.208984,14535
95174.214979,14536
95174.222115,14537
95174.228338,14538
95174.234189,14539
95174.240537,14540
95174.246759,14541
95174.253106,14542
95174.259897,14543
95174.265863,14544
95174.271879,14545
95174.278129,14546
95174.284472,14547
95174.291156,14548
95174.297747,14549
95174.303746,14550
95174.310081,14551
95174.316619,14552
95174.323107,14553
95174.329020,14554
95174.334768,14555
95174.341040,14556
95174.347522,14557
95174.354374,14558
95174.361094,14559
95174.367344,14560
95174.373612,14561
95174.379703,14562
95174.386738,14563
95174.393165,14564
95174.399456,14565
95174.405486,14566
95174.411713,14567
95174.417841,14568
95174.424243,14569
95174.430629,14570
95174.437183,14571
95174.443318,14572
95174.449865,14573
95174.457111,14574
95174.463416,14575
95174.471386,14576
95174.478221,14577
95174.484338,14578
95174.490877,14579
95174.497685,14580
95174.504341,14581
95174.510780,14582
95174.516782,14583
95174.522768,14584
95174.528972,14585
95174.535238,14586
95174.541685,14587
95174.547847,14588
95174.554255,14589
95174.560550,14590
95174.566984,14591
95174.573858,14592
95174.580129,14593
95174.586409,14594
95174.592625,14595
95174.598738,14596
95174.605318,14597
95174.611760,14598
95174.618753,14599
95174.628667,14600
95174.636110,14601
95174.642670,14602
95174.648788,14603
95174.655061,14604
95174.661212,14605
95174.667506,14606
95174.674114,14607
95174.680503,14608
95174.687622,14609
95174.694685,14610
95174.701815,14611
95174.708210,14612
95174.714647,14613
95174.720603,14614
95174.727057,14615
95174.734004,14616
95174.740550,14617
95174.746811,14618
95174.753192,14619
95174.759308,14620
95174.765738,14621
95174.772062,14622
95174.778286,14623
95174.784919,14624
95174.791529,14625
95174.797930,14626
95174.804356,14627
95174.811179,14628
95174.817675,14629
95174.824108,14630
95174.831041,14631
95174.837792,14632
95174.844546,14633
95174.850932,14634
95174.857968,14635
95174.863998,14636
95174.869914,14637
95174.875938,14638
95174.882729,14639
95174.888804,14640
95174.894890,14641
95174.900855,14642
95174.907383,14643
95174.913626,14644
95174.920290,14645
95174.927565,14646
95174.933832,14647
95174.939707,14648
95174.945768,14649
95174.952110,14650
95174.959222,14651
95174.965973,14652
95174.972698,14653
95174.979570,14654
95174.986369,14655
95174.992480,14656
95175.000266,14657
95175.007238,14658
95175.013167,14659
95175.019401,14660
95175.025421,14661
95175.031642,14662
95175.037578,14663
95175.044408,14664
95175.050479,14665
95175.057186,14666
95175.063688,14667
95175.070319,14668
95175.076908,14669
95175.084065,14670
95175.090766,14671
95175.097542,14672
95175.104251,14673
95175.110425,14674
95175.117392,14675
95175.124026,14676
95175.130113,14677
95175.136392,14678
95175.142773,14679
95175.148720,14680
95175.154960,14681
95175.162401,14682
95175.169752,14683
95175.176786,14684
95175.184092,14685
95175.190569,14686
95175.196728,14687
95175.203057,14688
95175.209254,14689
95175.216430,14690
95175.222578,14691
95175.228800,14692
95175.234938,14693
95175.241422,14694
95175.247811,14695
95175.254750,14696
95175.262127,14697
95175.268756,14698
95175.275498,14699
95175.284759,14700
95175.291606,14701
95175.297760,14702
95175.304202,14703
95175.310845,14704
95175.317666,14705
95175.324267,14706
95175.331011,14707
95175.338819,14708
95175.345796,14709
95175.352603,14710
95175.360358,14711
95175.366804,14712
95175.373279,14713
95175.380063,14714
95175.387009,14715
95175.393737,14716
95175.400453,14717
95175.407628,14718
95175.414478,14719
95175.421211,14720
95175.428344,14721
95175.435229,14722
95175.442051,14723
95175.448419,14724
95175.454242,14725
95175.460266,14726
95175.466260,14727
95175.472397,14728
95175.479110,14729
95175.485035,14730
95175.491542,14731
95175.498253,14732
95175.504945,14733
95175.511813,14734
95175.519218,14735
95175.526230,14736
95175.532766,14737
95175.539393,14738
95175.546264,14739
95175.552799,14740
95175.559668,14741
95175.566381,14742
95175.572499,14743
95175.578596,14744
95175.584754,14745
95175.591124,14746
95175.597522,14747
95175.604258,14748
95175.610658,14749
95178.637885,14750
95178.648036,14751
95178.655838,14752
95178.664027,14753
95178.671955,14754
95178.677498,14755
95178.683906,14756
95178.691345,14757
95178.697707,14758
95178.704006,14759
95178.712304,14760
95178.724153,14761
95178.733501,14762
95178.741601,14763
95178.751525,14764
95178.757626,14765
95178.766578,14766
95178.773176,14767
95178.781188,14768
95178.788421,14769
95178.798749,14770
95178.808330,14771
95178.814515,14772
95178.821999,14773
95178.830430,14774
95178.836730,14775
95178.847397,14776
95178.854759,14777
95178.864297,14778
95178.872701,14779
95178.879150,14780
95178.890142,14781
95178.896432,14782
95178.904536,14783
95178.912487,14784
95178.920842,14785
95178.926372,14786
95178.934323,14787
95178.940101,14788
95178.945979,14789
95178.953641,14790
95178.964128,14791
95178.972713,14792
95178.978856,14793
95178.986585,14794
95178.997712,14795
95179.004116,14796
95179.010181,14797
95179.018302,14798
95179.024449,14799
95179.030729,14800
95179.038134,14801
95179.045627,14802
95179.051558,14803
95179.059100,14804
95179.068928,14805
95179.075092,14806
95179.080908,14807
95179.087510,14808
95179.096690,14809
95179.104507,14810
95179.111171,14811
95179.117878,14812
95179.125116,14813
95179.132218,14814
95179.137902,14815
95179.143715,14816
95179.150252,14817
95179.155952,14818
95179.163358,14819
95179.170760,14820
95179.176815,14821
95179.183873,14822
95179.194024,14823
95179.202632,14824
95179.210223,14825
95179.215811,14826
95179.221378,14827
95179.227494,14828
95179.232839,14829
95179.238336,14830
95179.249143,14831
95179.261057,14832
95179.271813,14833
95179.278219,14834
95179.284118,14835
95179.294434,14836
95179.301323,14837
95179.308961,14838
95179.316472,14839
95179.323349,14840
95179.329137,14841
95179.340078,14842
95179.346026,14843
95179.353360,14844
95179.358805,14845
95179.366304,14846
95179.373956,14847
95179.380462,14848
95179.386135,14849
95179.396410,14850
95179.403347,14851
95179.413214,14852
95179.420694,14853
95179.427387,14854
95179.434967,14855
95179.442627,14856
95179.452382,14857
95179.459866,14858
95179.466235,14859
95179.471950,14860
95179.480127,14861
95179.486591,14862
95179.492027,14863
95179.499681,14864
95179.508742,14865
95179.516247,14866
95179.525490,14867
95179.532850,14868
95179.539923,14869
95179.546601,14870
95179.555400,14871
95179.560980,14872
95179.570772,14873
95179.578293,14874
95179.587743,14875
95179.594434,14876
95179.603601,14877
95179.609864,14878
95179.615487,14879
95179.627032,14880
95179.637980,14881
95179.646864,14882
95179.653624,14883
95179.662182,14884
95179.670046,14885
95179.681714,14886
95179.687484,14887
95179.697074,14888
95179.708286,14889
95179.718726,14890
95179.726452,14891
95179.733380,14892
95179.740850,14893
95179.751265,14894
95179.759295,14895
95179.764699,14896
95179.772066,14897
95179.782888,14898
95179.794036,14899
95179.804147,14900
95179.810282,14901
95179.821139,14902
95179.827496,14903
95179.835852,14904
95179.846927,14905
95179.856803,14906
95179.863054,14907
95179.869925,14908
95179.876904,14909
95179.883100,14910
95179.888720,14911
95179.894118,14912
95179.904960,14913
95179.914442,14914
95179.924538,14915
95179.934709,14916
95179.940293,14917
95179.946208,14918
95179.951754,14919
95179.960065,14920
95179.966600,14921
95179.973212,14922
95179.980073,14923
95179.985691,14924
95179.994657,14925
95180.000042,14926
95180.006633,14927
95180.011995,14928
95180.021585,14929
95180.029169,14930
95180.035327,14931
95180.043585,14932
95180.051613,14933
95180.058350,14934
95180.063982,14935
95180.070362,14936
95180.076060,14937
95180.083771,14938
95180.090206,14939
95180.097949,14940
95180.103646,14941
95180.110578,14942
95180.116461,14943
95180.121940,14944
95180.131119,14945
95180.136781,14946
95180.147836,14947
95180.154257,14948
95180.160526,14949
95180.172282,14950
95180.182725,14951
95180.189358,14952
95180.199445,14953
95180.205570,14954
95180.215212,14955
95180.224143,14956
95180.231379,14957
95180.239745,14958
95180.245701,14959
95180.256525,14960
95180.267655,14961
95180.276580,14962
95180.283345,14963
95180.290350,14964
95180.296550,14965
95180.303874,14966
95180.311508,14967
95180.318143,14968
95180.324231,14969
95180.331392,14970
95180.342448,14971
95180.350000,14972
95180.358662,14973
95180.367578,14974
95180.376896,14975
95180.385817,14976
95180.392317,14977
95180.399133,14978
95180.409067,14979
95180.418328,14980
95180.426532,14981
95180.433150,14982
95180.444260,14983
95180.450731,14984
95180.459939,14985
95180.468386,14986
95180.478039,14987
95180.484829,14988
95180.491188,14989
95180.498049,14990
95180.504635,14991
95180.512096,14992
95180.522813,14993
95180.529355,14994
95180.536499,14995
95180.548585,14996
95180.556102,14997
95180.562374,14998
95180.573267,14999
95184.077946,15000
95184.087791,15001
95184.097418,15002
95184.107063,15003
95184.116331,15004
95184.125253,15005
95184.132107,15006
95184.142243,15007
95184.152123,15008
95184.162902,15009
95184.171781,15010
95184.180400,15011
95184.188403,15012
95184.196788,15013
95184.206546,15014
95184.213989,15015
95184.222590,15016
95184.232195,15017
95184.241617,15018
95184.249999,15019
95184.260336,15020
95184.270612,15021
95184.280693,15022
95184.291363,15023
95184.298658,15024
95184.305611,15025
95184.314675,15026
95184.322517,15027
95184.329535,15028
95184.336173,15029
95184.346124,15030
95184.354995,15031
95184.362335,15032
95184.372578,15033
95184.379933,15034
95184.386663,15035
95184.393521,15036
95184.402129,15037
95184.409132,15038
95184.417594,15039
95184.426124,15040
95184.433323,15041
95184.440190,15042
95184.449558,15043
95184.459405,15044
95184.466912,15045
95184.475178,15046
95184.483847,15047
95184.490471,15048
95184.499634,15049
95184.508812,15050
95184.517919,15051
95184.526308,15052
95184.534822,15053
95184.543179,15054
95184.551064,15055
95184.561185,15056
95184.570628,15057
95184.577905,15058
95184.587810,15059
95184.596972,15060
95184.604552,15061
95184.615932,15062
95184.624790,15063
95184.633637,15064
95184.643296,15065
95184.652089,15066
95184.660875,15067
95184.668746,15068
95184.676581,15069
95184.685202,15070
95184.693351,15071
95184.700600,15072
95184.708028,15073
95184.714974,15074
95184.722196,15075
95184.729826,15076
95184.738191,15077
95184.746476,15078
95184.755749,15079
95184.764512,15080
95184.772303,15081
95184.780962,15082
95184.789466,15083
95184.797203,15084
95184.805868,15085
95184.815495,15086
95184.823096,15087
95184.832677,15088
95184.839900,15089
95184.848708,15090
95184.856558,15091
95184.865485,15092
95184.872249,15093
95184.881889,15094
95184.889429,15095
95184.896448,15096
95184.905074,15097
95184.913611,15098
95184.921042,15099
95184.933085,15100
95184.942448,15101
95184.952676,15102
95184.960581,15103
95184.968153,15104
95184.978049,15105
95184.987963,15106
95184.996509,15107
95185.005704,15108
95185.014996,15109
95185.024148,15110
95185.031330,15111
95185.039769,15112
95185.047401,15113
95185.056498,15114
95185.065407,15115
95185.076440,15116
95185.084989,15117
95185.094776,15118
95185.104975,15119
95185.112548,15120
95185.123937,15121
95185.133225,15122
95185.142240,15123
95185.151667,15124
95185.160928,15125
95185.168812,15126
95185.178594,15127
95185.186942,15128
95185.196893,15129
95185.206331,15130
95185.213760,15131
95185.223500,15132
95185.230851,15133
95185.240683,15134
95185.250279,15135
95185.260192,15136
95185.270723,15137
95185.279649,15138
95185.288837,15139
95185.299571,15140
95185.308733,15141
95185.318567,15142
95185.328332,15143
95185.337689,15144
95185.347318,15145
95185.356142,15146
95185.365763,15147
95185.373289,15148
95185.383971,15149
95185.393674,15150
95185.401459,15151
95185.411420,15152
95185.418509,15153
95185.427899,15154
95185.438836,15155
95185.449813,15156
95185.458558,15157
95185.469368,15158
95185.479539,15159
95185.489129,15160
95185.499796,15161
95185.507455,15162
95185.516425,15163
95185.524558,15164
95185.534161,15165
95185.543629,15166
95185.550844,15167
95185.561965,15168
95185.571486,15169
95185.583042,15170
95185.592727,15171
95185.601918,15172
95185.609455,15173
95185.617952,15174
95185.625963,15175
95185.634536,15176
95185.643160,15177
95185.650809,15178
95185.658661,15179
95185.666190,15180
95185.675533,15181
95185.684800,15182
95185.692715,15183
95185.700959,15184
95185.710051,15185
95185.718291,15186
95185.728789,15187
95185.736302,15188
95185.743851,15189
95185.751355,15190
95185.758514,15191
95185.768759,15192
95185.776664,15193
95185.784261,15194
95185.792188,15195
95185.803100,15196
95185.810516,15197
95185.818997,15198
95185.828205,15199
95185.838365,15200
95185.845677,15201
95185.855772,15202
95185.863969,15203
95185.871612,15204
95185.880969,15205
95185.889803,15206
95185.898020,15207
95185.906822,15208
95185.916794,15209
95185.925092,15210
95185.933264,15211
95185.942100,15212
95185.951143,15213
95185.960406,15214
95185.969668,15215
95185.978343,15216
95185.985726,15217
95185.992974,15218
95186.001139,15219
95186.011572,15220
95186.018755,15221
95186.027903,15222
95186.037023,15223
95186.046860,15224
95186.055792,15225
95186.063683,15226
95186.072640,15227
95186.080726,15228
95186.088289,15229
95186.097494,15230
95186.106569,15231
95186.114037,15232
95186.122565,15233
95186.131961,15234
95186.143578,15235
95186.152502,15236
95186.162743,15237
95186.171304,15238
95186.179513,15239
95186.186615,15240
95186.194016,15241
95186.203283,15242
95186.212447,15243
95186.219450,15244
95186.228201,15245
95186.235634,15246
95186.244153,15247
95186.253847,15248
95186.262052,15249
95189.607367,15250
95189.618869,15251
95189.628244,15252
95189.638492,15253
95189.648495,15254
95189.658396,15255
95189.668424,15256
95189.678516,15257
95189.688843,15258
95189.699506,15259
95189.709903,15260
95189.719633,15261
95189.729663,15262
95189.739769,15263
95189.750454,15264
95189.760740,15265
95189.770986,15266
95189.781211,15267
95189.791442,15268
95189.801472,15269
95189.811956,15270
95189.821995,15271
95189.832442,15272
95189.842679,15273
95189.852973,15274
95189.863447,15275
95189.873780,15276
95189.884550,15277
95189.895425,15278
95189.906222,15279
95189.916302,15280
95189.927064,15281
95189.937667,15282
95189.948233,15283
95189.958714,15284
95189.969126,15285
95189.979362,15286
95189.989875,15287
95189.999770,15288
95190.010960,15289
95190.020981,15290
95190.030753,15291
95190.041417,15292
95190.052328,15293
95190.061947,15294
95190.071984,15295
95190.082493,15296
95190.093193,15297
95190.103170,15298
95190.113635,15299
95190.123695,15300
95190.134386,15301
95190.145280,15302
95190.156213,15303
95190.166403,15304
95190.176949,15305
95190.187655,15306
95190.198017,15307
95190.209156,15308
95190.219303,15309
95190.229520,15310
95190.239548,15311
95190.249825,15312
95190.260361,15313
95190.271292,15314
95190.281639,15315
95190.291905,15316
95190.302343,15317
95190.312707,15318
95190.323456,15319
95190.333773,15320
95190.344490,15321
95190.355188,15322
95190.365689,15323
95190.376195,15324
95190.386399,15325
95190.397664,15326
95190.409788,15327
95190.421595,15328
95190.431720,15329
95190.442037,15330
95190.452446,15331
95190.463109,15332
95190.473382,15333
95190.483636,15334
95190.494304,15335
95190.504799,15336
95190.515103,15337
95190.526242,15338
95190.536777,15339
95190.547854,15340
95190.557669,15341
95190.567238,15342
95190.577300,15343
95190.588173,15344
95190.598688,15345
95190.609160,15346
95190.619607,15347
95190.630577,15348
95190.641436,15349
95190.654110,15350
95190.664322,15351
95190.674749,15352
95190.685509,15353
95190.695634,15354
95190.705854,15355
95190.715823,15356
95190.725288,15357
95190.735715,15358
95190.745410,15359
95190.755027,15360
95190.765399,15361
95190.775337,15362
95190.786232,15363
95190.796726,15364
95190.806594,15365
95190.816849,15366
95190.827367,15367
95190.837897,15368
95190.848623,15369
95190.858892,15370
95190.869250,15371
95190.879026,15372
95190.888479,15373
95190.898242,15374
95190.908157,15375
95190.918640,15376
95190.929436,15377
95190.939319,15378
95190.949414,15379
95190.959519,15380
95190.969630,15381
95190.979547,15382
95190.990157,15383
95191.000631,15384
95191.010260,15385
95191.020213,15386
95191.030551,15387
95191.040149,15388
95191.050625,15389
95191.060787,15390
95191.070873,15391
95191.081402,15392
95191.091780,15393
95191.102105,15394
95191.111726,15395
95191.121835,15396
95191.131639,15397
95191.141878,15398
95191.151516,15399
95191.161680,15400
95191.171827,15401
95191.182537,15402
95191.193415,15403
95191.203019,15404
95191.213667,15405
95191.223073,15406
95191.233292,15407
95191.243409,15408
95191.253875,15409
95191.263664,15410
95191.273376,15411
95191.284026,15412
95191.294135,15413
95191.303745,15414
95191.314156,15415
95191.325019,15416
95191.334764,15417
95191.345048,15418
95191.355193,15419
95191.365967,15420
95191.376136,15421
95191.386261,15422
95191.397203,15423
95191.408628,15424
95191.419402,15425
95191.429324,15426
95191.439630,15427
95191.449337,15428
95191.459479,15429
95191.469688,15430
95191.479852,15431
95191.490053,15432
95191.500274,15433
95191.510726,15434
95191.521395,15435
95191.531705,15436
95191.541543,15437
95191.552063,15438
95191.562618,15439
95191.573672,15440
95191.584281,15441
95191.594872,15442
95191.605661,15443
95191.615594,15444
95191.625306,15445
95191.635548,15446
95191.646125,15447
95191.655728,15448
95191.665576,15449
95191.677998,15450
95191.688575,15451
95191.699603,15452
95191.709628,15453
95191.720304,15454
95191.730432,15455
95191.740808,15456
95191.752482,15457
95191.764805,15458
95191.776299,15459
95191.787691,15460
95191.799623,15461
95191.810828,15462
95191.822951,15463
95191.834277,15464
95191.846257,15465
95191.858289,15466
95191.870899,15467
95191.883382,15468
95191.895605,15469
95191.906763,15470
95191.919071,15471
95191.931008,15472
95191.942902,15473
95191.953648,15474
95191.964299,15475
95191.976043,15476
95191.987705,15477
95192.000140,15478
95192.011693,15479
95192.024098,15480
95192.035552,15481
95192.047205,15482
95192.058817,15483
95192.070641,15484
95192.081865,15485
95192.093262,15486
95192.104454,15487
95192.116226,15488
95192.127734,15489
95192.139811,15490
95192.151965,15491
95192.163200,15492
95192.175242,15493
95192.187364,15494
95192.199338,15495
95192.210488,15496
95192.222767,15497
95192.235227,15498
95192.246536,15499
95193.991777,15750
95194.085556,15751
95194.091715,15752
95194.097466,15753
95194.103396,15754
95194.109259,15755
95194.115084,15756
95194.120908,15757
95194.126700,15758
95194.132460,15759
95194.138215,15760
95194.143899,15761
95194.149688,15762
95194.155493,15763
95194.161529,15764
95194.167378,15765
95194.173357,15766
95194.179053,15767
95194.184826,15768
95194.190598,15769
95194.196423,15770
95194.202358,15771
95194.208202,15772
95194.213974,15773
95194.219968,15774
95194.225706,15775
95194.231777,15776
95194.237761,15777
95194.243707,15778
95194.249565,15779
95194.255295,15780
95194.261020,15781
95194.266659,15782
95194.272437,15783
95194.278264,15784
95194.283892,15785
95194.289646,15786
95194.295525,15787
95194.302045,15788
95194.307883,15789
95194.313662,15790
95194.319363,15791
95194.325092,15792
95194.330780,15793
95194.336641,15794
95194.342500,15795
95194.348687,15796
95194.354900,15797
95194.361398,15798
95194.367642,15799
95194.376987,15800
95194.383224,15801
95194.389532,15802
95194.396273,15803
95194.403265,15804
95194.410185,15805
95194.416996,15806
95194.423558,15807
95194.430219,15808
95194.436219,15809
95194.442662,15810
95194.448800,15811
95194.455172,15812
95194.461419,15813
95194.467497,15814
95194.473924,15815
95194.480141,15816
95194.486475,15817
95194.493000,15818
95194.499161,15819
95194.505092,15820
95194.511691,15821
95194.517858,15822
95194.523802,15823
95194.529980,15824
95194.536665,15825
95194.542806,15826
95194.549553,15827
95194.555935,15828
95194.562649,15829
95194.569006,15830
95194.575578,15831
95194.581799,15832
95194.587951,15833
95194.594176,15834
95194.600152,15835
95194.606074,15836
95194.612478,15837
95194.618881,15838
95194.625351,15839
95194.631574,15840
95194.637838,15841
95194.643877,15842
95194.650398,15843
95194.656285,15844
95194.662350,15845
95194.668415,15846
95194.674686,15847
95194.681257,15848
95194.687782,15849
95194.694236,15850
95194.700579,15851
95194.706847,15852
95194.713020,15853
95194.719620,15854
95194.725783,15855
95194.732031,15856
95194.738594,15857
95194.744680,15858
95194.750832,15859
95194.757366,15860
95194.763956,15861
95194.770438,15862
95194.776520,15863
95194.782817,15864
95194.789331,15865
95194.795559,15866
95194.801619,15867
95194.808255,15868
95194.814152,15869
95194.820367,15870
95194.826732,15871
95194.833434,15872
95194.840245,15873
95194.846704,15874
95194.852467,15875
95194.858635,15876
95194.864628,15877
95194.870563,15878
95194.876451,15879
95194.882697,15880
95194.889069,15881
95194.895267,15882
95194.901027,15883
95194.906830,15884
95194.912774,15885
95194.918958,15886
95194.924865,15887
95194.931418,15888
95194.937973,15889
95194.944698,15890
95194.951345,15891
95194.957788,15892
95194.963876,15893
95194.969765,15894
95194.975787,15895
95194.981983,15896
95194.988029,15897
95194.994648,15898
95195.001628,15899
95195.009938,15900
95195.016335,15901
95195.022126,15902
95195.028410,15903
95195.034903,15904
95195.041474,15905
95195.047394,15906
95195.053637,15907
95195.059632,15908
95195.065689,15909
95195.071961,15910
95195.077894,15911
95195.084351,15912
95195.090711,15913
95195.097505,15914
95195.104358,15915
95195.110762,15916
95195.116732,15917
95195.122744,15918
95195.128638,15919
95195.134856,15920
95195.141599,15921
95195.147565,15922
95195.153753,15923
95195.160588,15924
95195.167296,15925
95195.173723,15926
95195.179821,15927
95195.185806,15928
95195.191704,15929
95195.197557,15930
95195.203351,15931
95195.209440,15932
95195.215597,15933
95195.221760,15934
95195.227678,15935
95195.233499,15936
95195.239455,15937
95195.245196,15938
95195.250983,15939
95195.256774,15940
95195.262625,15941
95195.268358,15942
95195.274265,15943
95195.280744,15944
95195.287734,15945
95195.294820,15946
95195.301807,15947
95195.308334,15948
95195.314503,15949
95195.320435,15950
95195.326547,15951
95195.332429,15952
95195.338396,15953
95195.344323,15954
95195.350929,15955
95195.357008,15956
95195.362992,15957
95195.369090,15958
95195.375557,15959
95195.381538,15960
95195.387598,15961
95195.393462,15962
95195.399377,15963
95195.406130,15964
95195.412730,15965
95195.419432,15966
95195.425726,15967
95195.431707,15968
95195.437817,15969
95195.443876,15970
95195.450004,15971
95195.456310,15972
95195.462329,15973
95195.468575,15974
95195.475164,15975
95195.481426,15976
95195.487928,15977
95195.494434,15978
95195.500714,15979
95195.506994,15980
95195.513008,15981
95195.518986,15982
95195.525035,15983
95195.531248,15984
95195.537661,15985
95195.544051,15986
95195.550123,15987
95195.556933,15988
95195.562968,15989
95195.569567,15990
95195.576175,15991
95195.582479,15992
95195.588696,15993
95195.595352,15994
95195.602017,15995
95195.608917,15996
95195.615339,15997
95195.621828,15998
95195.628930,15999
95198.211718,16000
95198.224480,16001
95198.235265,16002
95198.241480,16003
95198.247511,16004
95198.257400,16005
95198.263409,16006
95198.269426,16007
95198.279237,16008
95198.289514,16009
95198.299740,16010
95198.305922,16011
95198.314641,16012
95198.320773,16013
95198.330650,16014
95198.337041,16015
95198.346978,16016
95198.357555,16017
95198.367813,16018
95198.376855,16019
95198.385778,16020
95198.395541,16021
95198.405269,16022
95198.414369,16023
95198.421699,16024
95198.431180,16025
95198.437374,16026
95198.443422,16027
95198.449269,16028
95198.455349,16029
95198.464519,16030
95198.470477,16031
95198.479527,16032
95198.489468,16033
95198.495621,16034
95198.501704,16035
95198.507523,16036
95198.517601,16037
95198.526757,16038
95198.536020,16039
95198.546337,16040
95198.554285,16041
95198.563730,16042
95198.570598,16043
95198.577798,16044
95198.584394,16045
95198.591074,16046
95198.600918,16047
95198.609877,16048
95198.616305,16049
95198.628322,16050
95198.639129,16051
95198.649516,16052
95198.659158,16053
95198.667402,16054
95198.677770,16055
95198.683910,16056
95198.690178,16057
95198.696233,16058
95198.702474,16059
95198.711760,16060
95198.721835,16061
95198.732093,16062
95198.738266,16063
95198.744238,16064
95198.750178,16065
95198.760695,16066
95198.766597,16067
95198.772712,16068
95198.782865,16069
95198.792664,16070
95198.798881,16071
95198.804859,16072
95198.817226,16073
95198.827820,16074
95198.837336,16075
95198.843480,16076
95198.854924,16077
95198.864577,16078
95198.873815,16079
95198.883429,16080
95198.893605,16081
95198.900177,16082
95198.909403,16083
95198.919933,16084
95198.929948,16085
95198.940208,16086
95198.946396,16087
95198.952401,16088
95198.958881,16089
95198.965063,16090
95198.975571,16091
95198.985858,16092
95198.992174,16093
95198.998339,16094
95199.004408,16095
95199.014302,16096
95199.023941,16097
95199.034420,16098
95199.044411,16099
95199.050712,16100
95199.060941,16101
95199.066909,16102
95199.076216,16103
95199.086722,16104
95199.093847,16105
95199.101035,16106
95199.110581,16107
95199.117676,16108
95199.128215,16109
95199.134461,16110
95199.143389,16111
95199.153028,16112
95199.163817,16113
95199.169929,16114
95199.175960,16115
95199.181892,16116
95199.191677,16117
95199.199921,16118
95199.210551,16119
95199.220770,16120
95199.230837,16121
95199.240332,16122
95199.246398,16123
95199.255789,16124
95199.261840,16125
95199.270657,16126
95199.280412,16127
95199.290295,16128
95199.296558,16129
95199.305116,16130
95199.311098,16131
95199.317257,16132
95199.323228,16133
95199.329211,16134
95199.335173,16135
95199.345256,16136
95199.355051,16137
95199.362969,16138
95199.372693,16139
95199.382697,16140
95199.389226,16141
95199.398949,16142
95199.405807,16143
95199.414608,16144
95199.420496,16145
95199.430461,16146
95199.440337,16147
95199.446331,16148
95199.452860,16149
95199.461023,16150
95199.467336,16151
95199.473145,16152
95199.479728,16153
95199.485591,16154
95199.491711,16155
95199.497541,16156
95199.507751,16157
95199.513981,16158
95199.520301,16159
95199.526330,16160
95199.536311,16161
95199.546473,16162
95199.552752,16163
95199.559566,16164
95199.565394,16165
95199.575676,16166
95199.586176,16167
95199.593395,16168
95199.602738,16169
95199.608949,16170
95199.616710,16171
95199.627026,16172
95199.635793,16173
95199.642468,16174
95199.648658,16175
95199.654699,16176
95199.660736,16177
95199.670593,16178
95199.676723,16179
95199.682801,16180
95199.693442,16181
95199.699366,16182
95199.705683,16183
95199.715703,16184
95199.725672,16185
95199.735292,16186
95199.741072,16187
95199.747197,16188
95199.753022,16189
95199.762879,16190
95199.768910,16191
95199.777944,16192
95199.787209,16193
95199.793347,16194
95199.803886,16195
95199.809783,16196
95199.819854,16197
95199.829702,16198
95199.835884,16199
95199.844289,16200
95199.854563,16201
95199.863431,16202
95199.872157,16203
95199.877966,16204
95199.884154,16205
95199.889995,16206
95199.899619,16207
95199.909702,16208
95199.918936,16209
95199.924766,16210
95199.930798,16211
95199.936583,16212
95199.942367,16213
95199.948198,16214
95199.957872,16215
95199.963779,16216
95199.969522,16217
95199.978797,16218
95199.984866,16219
95199.990596,16220
95200.000676,16221
95200.006784,16222
95200.012611,16223
95200.022676,16224
95200.033018,16225
95200.043069,16226
95200.053789,16227
95200.059713,16228
95200.065629,16229
95200.075485,16230
95200.081703,16231
95200.088086,16232
95200.094028,16233
95200.100230,16234
95200.106016,16235
95200.111924,16236
95200.122482,16237
95200.132237,16238
95200.140860,16239
95200.151036,16240
95200.160410,16241
95200.169988,16242
95200.179994,16243
95200.189650,16244
95200.199841,16245
95200.206018,16246
95200.214937,16247
95200.225189,16248
95200.231678,16249
95203.612222,16250
95203.623557,16251
95203.633879,16252
95203.643755,16253
95203.654462,16254
95203.663753,16255
95203.672905,16256
95203.681890,16257
95203.691218,16258
95203.700390,16259
95203.710820,16260
95203.720105,16261
95203.729755,16262
95203.739013,16263
95203.748292,16264
95203.757580,16265
95203.766811,16266
95203.777636,16267
95203.787624,16268
95203.798412,16269
95203.810581,16270
95203.820422,16271
95203.830028,16272
95203.839402,16273
95203.848540,16274
95203.857794,16275
95203.867044,16276
95203.876258,16277
95203.885440,16278
95203.894654,16279
95203.903756,16280
95203.913186,16281
95203.923713,16282
95203.933446,16283
95203.942758,16284
95203.953150,16285
95203.962260,16286
95203.972497,16287
95203.981844,16288
95203.991321,16289
95204.000640,16290
95204.009953,16291
95204.018902,16292
95204.029483,16293
95204.038980,16294
95204.048634,16295
95204.057736,16296
95204.067072,16297
95204.077593,16298
95204.087680,16299
95204.099965,16300
95204.109452,16301
95204.118556,16302
95204.128346,16303
95204.137513,16304
95204.146402,16305
95204.155860,16306
95204.164925,16307
95204.174211,16308
95204.183710,16309
95204.193596,16310
95204.203350,16311
95204.212378,16312
95204.222295,16313
95204.231680,16314
95204.241216,16315
95204.250541,16316
95204.259881,16317
95204.269925,16318
95204.281049,16319
95204.289878,16320
95204.298726,16321
95204.308553,16322
95204.318285,16323
95204.328367,16324
95204.337710,16325
95204.348078,16326
95204.358968,16327
95204.368413,16328
95204.377639,16329
95204.386910,16330
95204.396259,16331
95204.405567,16332
95204.415218,16333
95204.424699,16334
95204.434383,16335
95204.443573,16336
95204.454827,16337
95204.464678,16338
95204.474406,16339
95204.483757,16340
95204.494124,16341
95204.503459,16342
95204.513007,16343
95204.522871,16344
95204.533093,16345
95204.543678,16346
95204.553573,16347
95204.563470,16348
95204.574237,16349
95204.583437,16350
95204.592860,16351
95204.602236,16352
95204.612043,16353
95204.621580,16354
95204.631791,16355
95204.642569,16356
95204.651856,16357
95204.661125,16358
95204.671279,16359
95204.681655,16360
95204.691887,16361
95204.702116,16362
95204.712704,16363
95204.721902,16364
95204.731851,16365
95204.741183,16366
95204.750857,16367
95204.759966,16368
95204.769433,16369
95204.779748,16370
95204.789383,16371
95204.800223,16372
95204.811445,16373
95204.821115,16374
95204.831315,16375
95204.840478,16376
95204.849669,16377
95204.859213,16378
95204.868722,16379
95204.879371,16380
95204.888838,16381
95204.898574,16382
95204.908466,16383
95204.917701,16384
95204.926768,16385
95204.936599,16386
95204.945954,16387
95204.955434,16388
95204.965232,16389
95204.975897,16390
95204.985226,16391
95204.994682,16392
95205.005457,16393
95205.015455,16394
95205.025303,16395
95205.035124,16396
95205.045800,16397
95205.055741,16398
95205.066440,16399
95205.078311,16400
95205.088332,16401
95205.097683,16402
95205.107504,16403
95205.116992,16404
95205.127500,16405
95205.138907,16406
95205.148459,16407
95205.159554,16408
95205.170523,16409
95205.180426,16410
95205.192233,16411
95205.202313,16412
95205.212337,16413
95205.222890,16414
95205.234399,16415
95205.244402,16416
95205.254153,16417
95205.264615,16418
95205.273870,16419
95205.283311,16420
95205.292615,16421
95205.301998,16422
95205.311631,16423
95205.321533,16424
95205.331355,16425
95205.340698,16426
95205.350255,16427
95205.359763,16428
95205.369027,16429
95205.378956,16430
95205.389574,16431
95205.400467,16432
95205.409811,16433
95205.419771,16434
95205.429168,16435
95205.438384,16436
95205.447723,16437
95205.457017,16438
95205.466725,16439
95205.475837,16440
95205.485692,16441
95205.495212,16442
95205.505250,16443
95205.515470,16444
95205.526766,16445
95205.537887,16446
95205.549167,16447
95205.560297,16448
95205.570219,16449
95205.579734,16450
95205.589629,16451
95205.599872,16452
95205.610327,16453
95205.619961,16454
95205.629343,16455
95205.639046,16456
95205.648437,16457
95205.658046,16458
95205.667787,16459
95205.677562,16460
95205.687243,16461
95205.696818,16462
95205.707948,16463
95205.718290,16464
95205.728323,16465
95205.738807,16466
95205.750455,16467
95205.760250,16468
95205.770020,16469
95205.779314,16470
95205.788844,16471
95205.798826,16472
95205.810323,16473
95205.821120,16474
95205.831953,16475
95205.842815,16476
95205.852146,16477
95205.862305,16478
95205.871675,16479
95205.881246,16480
95205.890758,16481
95205.899993,16482
95205.909544,16483
95205.919433,16484
95205.929825,16485
95205.939694,16486
95205.950690,16487
95205.960630,16488
95205.971004,16489
95205.980681,16490
95205.991377,16491
95206.000799,16492
95206.009898,16493
95206.018912,16494
95206.028212,16495
95206.037256,16496
95206.046419,16497
95206.055599,16498
95206.064796,16499
95208.962702,16500
95208.974417,16501
95208.983456,16502
95208.994247,16503
95209.003149,16504
95209.014081,16505
95209.024544,16506
95209.035214,16507
95209.045095,16508
95209.056282,16509
95209.065965,16510
95209.077207,16511
95209.087921,16512
95209.098479,16513
95209.108823,16514
95209.120712,16515
95209.129478,16516
95209.138099,16517
95209.147559,16518
95209.159416,16519
95209.168412,16520
95209.177712,16521
95209.188634,16522
95209.198507,16523
95209.207492,16524
95209.217454,16525
95209.228348,16526
95209.238151,16527
95209.248462,16528
95209.259042,16529
95209.267960,16530
95209.277178,16531
95209.285973,16532
95209.295856,16533
95209.306407,16534
95209.316142,16535
95209.325831,16536
95209.336947,16537
95209.345402,16538
95209.357530,16539
95209.368347,16540
95209.379195,16541
95209.387903,16542
95209.398479,16543
95209.409211,16544
95209.420168,16545
95209.430331,16546
95209.440311,16547
95209.448837,16548
95209.459652,16549
95209.470525,16550
95209.479765,16551
95209.489832,16552
95209.498722,16553
95209.510024,16554
95209.521436,16555
95209.531754,16556
95209.542165,16557
95209.551673,16558
95209.561490,16559
95209.571769,16560
95209.581559,16561
95209.591477,16562
95209.600511,16563
95209.610233,16564
95209.620011,16565
95209.629719,16566
95209.639965,16567
95209.650818,16568
95209.660113,16569
95209.670701,16570
95209.681603,16571
95209.690401,16572
95209.701508,16573
95209.712114,16574
95209.721325,16575
95209.732451,16576
95209.740836,16577
95209.751064,16578
95209.760594,16579
95209.769536,16580
95209.778983,16581
95209.789903,16582
95209.798912,16583
95209.809216,16584
95209.817673,16585
95209.829339,16586
95209.839235,16587
95209.850346,16588
95209.859248,16589
95209.869315,16590
95209.879501,16591
95209.889559,16592
95209.899647,16593
95209.911103,16594
95209.921729,16595
95209.932499,16596
95209.943351,16597
95209.951864,16598
95209.963598,16599
95209.976715,16600
95209.987752,16601
95209.998769,16602
95210.009312,16603
95210.019396,16604
95210.030726,16605
95210.041296,16606
95210.051842,16607
95210.064389,16608
95210.074968,16609
95210.085268,16610
95210.096217,16611
95210.106119,16612
95210.115010,16613
95210.125745,16614
95210.135144,16615
95210.146409,16616
95210.156368,16617
95210.165427,16618
95210.176277,16619
95210.186714,16620
95210.197749,16621
95210.208680,16622
95210.221234,16623
95210.230590,16624
95210.240999,16625
95210.250912,16626
95210.261260,16627
95210.273181,16628
95210.283917,16629
95210.293771,16630
95210.304615,16631
95210.313836,16632
95210.323040,16633
95210.336100,16634
95210.347255,16635
95210.357336,16636
95210.368029,16637
95210.377076,16638
95210.387679,16639
95210.399524,16640
95210.408484,16641
95210.419349,16642
95210.429960,16643
95210.440635,16644
95210.450272,16645
95210.462177,16646
95210.471699,16647
95210.481707,16648
95210.490666,16649
95210.502749,16650
95210.512857,16651
95210.522240,16652
95210.531626,16653
95210.543413,16654
95210.552275,16655
95210.563454,16656
95210.572586,16657
95210.582556,16658
95210.591642,16659
95210.603699,16660
95210.613791,16661
95210.627383,16662
95210.636583,16663
95210.647746,16664
95210.657025,16665
95210.666426,16666
95210.675167,16667
95210.685331,16668
95210.696297,16669
95210.705365,16670
95210.715512,16671
95210.727226,16672
95210.737937,16673
95210.748268,16674
95210.759698,16675
95210.770992,16676
95210.782067,16677
95210.791920,16678
95210.801532,16679
95210.810210,16680
95210.820274,16681
95210.829661,16682
95210.839229,16683
95210.848715,16684
95210.857878,16685
95210.867933,16686
95210.881856,16687
95210.891849,16688
95210.903218,16689
95210.914141,16690
95210.923169,16691
95210.934327,16692
95210.946090,16693
95210.955855,16694
95210.967255,16695
95210.978082,16696
95210.987271,16697
95210.997877,16698
95211.008152,16699
95211.019050,16700
95211.030366,16701
95211.039824,16702
95211.052360,16703
95211.063777,16704
95211.072476,16705
95211.084445,16706
95211.093630,16707
95211.104516,16708
95211.114240,16709
95211.124660,16710
95211.134335,16711
95211.144239,16712
95211.155207,16713
95211.164181,16714
95211.174839,16715
95211.187379,16716
95211.197329,16717
95211.206664,16718
95211.215810,16719
95211.224775,16720
95211.235281,16721
95211.244538,16722
95211.255317,16723
95211.265031,16724
95211.276213,16725
95211.287417,16726
95211.297235,16727
95211.307436,16728
95211.318422,16729
95211.330393,16730
95211.340382,16731
95211.350026,16732
95211.359180,16733
95211.368353,16734
95211.377930,16735
95211.389251,16736
95211.401113,16737
95211.412837,16738
95211.423601,16739
95211.435207,16740
95211.445660,16741
95211.455695,16742
95211.464980,16743
95211.477186,16744
95211.486767,16745
95211.498782,16746
95211.508910,16747
95211.519572,16748
95211.529834,16749
95214.086889,16750
95214.135490,16751
95214.141530,16752
95214.147236,16753
95214.152939,16754
95214.158840,16755
95214.164801,16756
95214.170550,16757
95214.176380,16758
95214.182149,16759
95214.187841,16760
95214.193704,16761
95214.199374,16762
95214.205621,16763
95214.211901,16764
95214.218358,16765
95214.224628,16766
95214.230472,16767
95214.236487,16768
95214.242470,16769
95214.248369,16770
95214.254345,16771
95214.260302,16772
95214.266245,16773
95214.272426,16774
95214.278600,16775
95214.284407,16776
95214.290169,16777
95214.296023,16778
95214.302278,16779
95214.308507,16780
95214.314308,16781
95214.320254,16782
95214.326194,16783
95214.333134,16784
95214.340281,16785
95214.346883,16786
95214.353899,16787
95214.359941,16788
95214.365808,16789
95214.371736,16790
95214.377807,16791
95214.383651,16792
95214.389578,16793
95214.395495,16794
95214.401257,16795
95214.407703,16796
95214.413501,16797
95214.419232,16798
95214.425401,16799
95214.432884,16800
95214.439143,16801
95214.445206,16802
95214.450926,16803
95214.456762,16804
95214.462467,16805
95214.468197,16806
95214.474044,16807
95214.479764,16808
95214.485472,16809
95214.491884,16810
95214.497930,16811
95214.503676,16812
95214.509497,16813
95214.515773,16814
95214.521709,16815
95214.527780,16816
95214.533969,16817
95214.539753,16818
95214.545411,16819
95214.551208,16820
95214.556927,16821
95214.562748,16822
95214.569283,16823
95214.575429,16824
95214.581851,16825
95214.587992,16826
95214.594132,16827
95214.600999,16828
95214.607267,16829
95214.613321,16830
95214.619185,16831
95214.624966,16832
95214.630904,16833
95214.637007,16834
95214.643300,16835
95214.649319,16836
95214.656594,16837
95214.662837,16838
95214.668796,16839
95214.674679,16840
95214.680594,16841
95214.686486,16842
95214.692367,16843
95214.698251,16844
95214.704061,16845
95214.709758,16846
95214.715847,16847
95214.721634,16848
95214.727840,16849
95214.733796,16850
95214.739572,16851
95214.745267,16852
95214.750878,16853
95214.756460,16854
95214.762094,16855
95214.768391,16856
95214.774034,16857
95214.779711,16858
95214.785789,16859
95214.791705,16860
95214.797724,16861
95214.803539,16862
95214.810189,16863
95214.816766,16864
95214.822663,16865
95214.828624,16866
95214.835014,16867
95214.840719,16868
95214.846353,16869
95214.852127,16870
95214.858151,16871
95214.863911,16872
95214.870324,16873
95214.876098,16874
95214.881768,16875
95214.887417,16876
95214.893097,16877
95214.898740,16878
95214.904464,16879
95214.910354,16880
95214.916138,16881
95214.921846,16882
95214.927980,16883
95214.933858,16884
95214.940209,16885
95214.945951,16886
95214.951742,16887
95214.957648,16888
95214.963322,16889
95214.968949,16890
95214.974614,16891
95214.980219,16892
95214.985809,16893
95214.991387,16894
95214.997365,16895
95215.003094,16896
95215.008918,16897
95215.016534,16898
95215.022653,16899
95215.030437,16900
95215.036134,16901
95215.041993,16902
95215.047642,16903
95215.053373,16904
95215.059094,16905
95215.064782,16906
95215.071238,16907
95215.077065,16908
95215.082745,16909
95215.088536,16910
95215.094126,16911
95215.099924,16912
95215.105586,16913
95215.111301,16914
95215.117042,16915
95215.122644,16916
95215.128407,16917
95215.134065,16918
95215.140029,16919
95215.145860,16920
95215.151518,16921
95215.157504,16922
95215.164067,16923
95215.169827,16924
95215.175506,16925
95215.181181,16926
95215.186915,16927
95215.193283,16928
95215.198937,16929
95215.204550,16930
95215.210527,16931
95215.216322,16932
95215.221916,16933
95215.227929,16934
95215.233611,16935
95215.239231,16936
95215.244824,16937
95215.251184,16938
95215.256887,16939
95215.262753,16940
95215.268654,16941
95215.274468,16942
95215.281369,16943
95215.287942,16944
95215.293770,16945
95215.299643,16946
95215.305507,16947
95215.311281,16948
95215.316982,16949
95215.323256,16950
95215.329217,16951
95215.334994,16952
95215.340864,16953
95215.346646,16954
95215.352685,16955
95215.358914,16956
95215.364726,16957
95215.370838,16958
95215.376819,16959
95215.382614,16960
95215.388411,16961
95215.394118,16962
95215.399778,16963
95215.405495,16964
95215.411291,16965
95215.417706,16966
95215.423660,16967
95215.429680,16968
95215.435668,16969
95215.441378,16970
95215.447296,16971
95215.453254,16972
95215.459054,16973
95215.464709,16974
95215.470328,16975
95215.476110,16976
95215.481699,16977
95215.487341,16978
95215.493906,16979
95215.499832,16980
95215.505603,16981
95215.511388,16982
95215.517252,16983
95215.523376,16984
95215.529552,16985
95215.535473,16986
95215.541308,16987
95215.547222,16988
95215.553671,16989
95215.560631,16990
95215.567985,16991
95215.574901,16992
95215.581547,16993
95215.588616,16994
95215.594706,16995
95215.600924,16996
95215.607240,16997
95215.613178,16998
95215.619087,16999
95218.825740,17000
95218.836431,17001
95218.844666,17002
95218.853942,17003
95218.862211,17004
95218.870849,17005
95218.879443,17006
95218.887154,17007
95218.895479,17008
95218.903287,17009
95218.912237,17010
95218.923706,17011
95218.930331,17012
95218.936558,17013
95218.948186,17014
95218.956600,17015
95218.964246,17016
95218.970841,17017
95218.978650,17018
95218.987260,17019
95218.993798,17020
95219.001110,17021
95219.012832,17022
95219.023046,17023
95219.029684,17024
95219.039700,17025
95219.047297,17026
95219.054755,17027
95219.064072,17028
95219.070629,17029
95219.080710,17030
95219.091186,17031
95219.098864,17032
95219.105351,17033
95219.112563,17034
95219.120024,17035
95219.127390,17036
95219.133499,17037
95219.143010,17038
95219.149545,17039
95219.157670,17040
95219.168244,17041
95219.178709,17042
95219.186283,17043
95219.195772,17044
95219.203864,17045
95219.211514,17046
95219.221320,17047
95219.228708,17048
95219.239019,17049
95219.247095,17050
95219.257857,17051
95219.270415,17052
95219.277294,17053
95219.283298,17054
95219.291301,17055
95219.299953,17056
95219.306315,17057
95219.316637,17058
95219.324576,17059
95219.330649,17060
95219.336695,17061
95219.344077,17062
95219.350326,17063
95219.358123,17064
95219.366284,17065
95219.376194,17066
95219.383196,17067
95219.392632,17068
95219.399272,17069
95219.406276,17070
95219.413857,17071
95219.423452,17072
95219.431084,17073
95219.437831,17074
95219.447569,17075
95219.458740,17076
95219.465664,17077
95219.471691,17078
95219.481299,17079
95219.490132,17080
95219.495921,17081
95219.501788,17082
95219.510544,17083
95219.516695,17084
95219.522887,17085
95219.531281,17086
95219.538745,17087
95219.548828,17088
95219.555234,17089
95219.562675,17090
95219.569827,17091
95219.577043,17092
95219.585498,17093
95219.594998,17094
95219.606304,17095
95219.615224,17096
95219.622781,17097
95219.629124,17098
95219.635856,17099
95219.645214,17100
95219.651439,17101
95219.658474,17102
95219.668215,17103
95219.676360,17104
95219.682767,17105
95219.692185,17106
95219.700448,17107
95219.709505,17108
95219.717882,17109
95219.725591,17110
95219.732678,17111
95219.743107,17112
95219.750964,17113
95219.757608,17114
95219.766621,17115
95219.777137,17116
95219.788471,17117
95219.796247,17118
95219.803489,17119
95219.810908,17120
95219.817981,17121
95219.825338,17122
95219.831318,17123
95219.837611,17124
95219.844355,17125
95219.851462,17126
95219.859137,17127
95219.869597,17128
95219.878190,17129
95219.887934,17130
95219.894774,17131
95219.900875,17132
95219.908104,17133
95219.916264,17134
95219.922506,17135
95219.928690,17136
95219.934781,17137
95219.945996,17138
95219.953918,17139
95219.964700,17140
95219.974915,17141
95219.982821,17142
95219.988723,17143
95219.998880,17144
95220.008467,17145
95220.015358,17146
95220.024080,17147
95220.035607,17148
95220.045632,17149
95220.054360,17150
95220.060355,17151
95220.071791,17152
95220.081848,17153
95220.087999,17154
95220.094809,17155
95220.101639,17156
95220.107734,17157
95220.116489,17158
95220.122522,17159
95220.128705,17160
95220.137514,17161
95220.143813,17162
95220.152314,17163
95220.160197,17164
95220.166442,17165
95220.172671,17166
95220.178474,17167
95220.189565,17168
95220.196925,17169
95220.202406,17170
95220.211121,17171
95220.221790,17172
95220.229648,17173
95220.237461,17174
95220.243995,17175
95220.250908,17176
95220.259989,17177
95220.266750,17178
95220.274606,17179
95220.282423,17180
95220.288281,17181
95220.296949,17182
95220.304310,17183
95220.314889,17184
95220.324529,17185
95220.334295,17186
95220.343730,17187
95220.352076,17188
95220.359392,17189
95220.370730,17190
95220.378446,17191
95220.386546,17192
95220.392256,17193
95220.402024,17194
95220.411319,17195
95220.420345,17196
95220.425994,17197
95220.432065,17198
95220.443359,17199
95220.451511,17200
95220.461457,17201
95220.473171,17202
95220.482090,17203
95220.490682,17204
95220.498840,17205
95220.506061,17206
95220.514674,17207
95220.521105,17208
95220.527492,17209
95220.534913,17210
95220.545927,17211
95220.552162,17212
95220.560707,17213
95220.569571,17214
95220.575375,17215
95220.583974,17216
95220.591636,17217
95220.601618,17218
95220.609856,17219
95220.618240,17220
95220.625008,17221
95220.631086,17222
95220.639532,17223
95220.646171,17224
95220.653356,17225
95220.659621,17226
95220.669233,17227
95220.679560,17228
95220.691075,17229
95220.701860,17230
95220.708338,17231
95220.718370,17232
95220.724487,17233
95220.735387,17234
95220.742371,17235
95220.749143,17236
95220.757893,17237
95220.765005,17238
95220.776262,17239
95220.784803,17240
95220.791727,17241
95220.801178,17242
95220.809523,17243
95220.816579,17244
95220.823436,17245
95220.832261,17246
95220.840238,17247
95220.850897,17248
95220.860449,17249
95223.804389,17250
95223.815302,17251
95223.825473,17252
95223.834719,17253
95223.843588,17254
95223.852201,17255
95223.861493,17256
95223.871095,17257
95223.878247,17258
95223.885618,17259
95223.895641,17260
95223.907684,17261
95223.918484,17262
95223.927096,17263
95223.934254,17264
95223.941798,17265
95223.951874,17266
95223.959461,17267
95223.968340,17268
95223.976585,17269
95223.984886,17270
95223.994230,17271
95224.003141,17272
95224.010749,17273
95224.018092,17274
95224.026925,17275
95224.037172,17276
95224.047098,17277
95224.055245,17278
95224.063538,17279
95224.073040,17280
95224.081515,17281
95224.091362,17282
95224.100286,17283
95224.107649,17284
95224.116031,17285
95224.128525,17286
95224.138630,17287
95224.148012,17288
95224.155730,17289
95224.164789,17290
95224.172887,17291
95224.182168,17292
95224.190361,17293
95224.199305,17294
95224.207605,17295
95224.216912,17296
95224.228046,17297
95224.237624,17298
95224.246627,17299
95224.261706,17300
95224.269902,17301
95224.281696,17302
95224.292401,17303
95224.301777,17304
95224.313405,17305
95224.322875,17306
95224.331554,17307
95224.339069,17308
95224.348364,17309
95224.357185,17310
95224.364624,17311
95224.375008,17312
95224.383947,17313
95224.394232,17314
95224.403190,17315
95224.411168,17316
95224.418335,17317
95224.425568,17318
95224.434047,17319
95224.443695,17320
95224.450706,17321
95224.460249,17322
95224.471133,17323
95224.479288,17324
95224.489305,17325
95224.498602,17326
95224.507830,17327
95224.518943,17328
95224.528380,17329
95224.536487,17330
95224.545747,17331
95224.553304,17332
95224.561023,17333
95224.571170,17334
95224.581046,17335
95224.588557,17336
95224.597963,17337
95224.607636,17338
95224.615657,17339
95224.624652,17340
95224.633822,17341
95224.641326,17342
95224.651845,17343
95224.661379,17344
95224.670024,17345
95224.678454,17346
95224.686909,17347
95224.695259,17348
95224.704132,17349
95224.712955,17350
95224.722547,17351
95224.731528,17352
95224.740513,17353
95224.749958,17354
95224.759474,17355
95224.772156,17356
95224.782200,17357
95224.791439,17358
95224.801554,17359
95224.811137,17360
95224.820908,17361
95224.830484,17362
95224.840897,17363
95224.850086,17364
95224.861060,17365
95224.871263,17366
95224.880618,17367
95224.889665,17368
95224.899015,17369
95224.906649,17370
95224.915693,17371
95224.923808,17372
95224.931188,17373
95224.940534,17374
95224.949045,17375
95224.959904,17376
95224.970536,17377
95224.977635,17378
95224.984965,17379
95224.994243,17380
95225.002702,17381
95225.011209,17382
95225.020554,17383
95225.029686,17384
95225.038716,17385
95225.045999,17386
95225.054396,17387
95225.063728,17388
95225.071244,17389
95225.080830,17390
95225.091483,17391
95225.101461,17392
95225.109345,17393
95225.119138,17394
95225.128257,17395
95225.137681,17396
95225.146875,17397
95225.156723,17398
95225.166988,17399
95225.179160,17400
95225.188732,17401
95225.199537,17402
95225.212406,17403
95225.222728,17404
95225.233848,17405
95225.242899,17406
95225.253698,17407
95225.262455,17408
95225.270249,17409
95225.281659,17410
95225.291984,17411
95225.301128,17412
95225.308893,17413
95225.318976,17414
95225.328267,17415
95225.336688,17416
95225.344160,17417
95225.351871,17418
95225.361474,17419
95225.368897,17420
95225.377920,17421
95225.387164,17422
95225.395123,17423
95225.404808,17424
95225.412556,17425
95225.420898,17426
95225.432868,17427
95225.443944,17428
95225.453176,17429
95225.462330,17430
95225.472180,17431
95225.480811,17432
95225.491454,17433
95225.499255,17434
95225.509292,17435
95225.520470,17436
95225.530225,17437
95225.539916,17438
95225.547904,17439
95225.557582,17440
95225.570478,17441
95225.578250,17442
95225.585809,17443
95225.595824,17444
95225.605455,17445
95225.613897,17446
95225.624399,17447
95225.633179,17448
95225.641170,17449
95225.650805,17450
95225.658230,17451
95225.667669,17452
95225.675852,17453
95225.685626,17454
95225.694614,17455
95225.704381,17456
95225.713254,17457
95225.722992,17458
95225.735559,17459
95225.742961,17460
95225.752475,17461
95225.760641,17462
95225.769051,17463
95225.778346,17464
95225.787745,17465
95225.798194,17466
95225.806107,17467
95225.815647,17468
95225.825588,17469
95225.834971,17470
95225.843327,17471
95225.852856,17472
95225.861990,17473
95225.870261,17474
95225.881501,17475
95225.891984,17476
95225.903882,17477
95225.914149,17478
95225.924283,17479
95225.937754,17480
95225.951536,17481
95225.963340,17482
95225.972736,17483
95225.982329,17484
95225.992246,17485
95226.001945,17486
95226.011543,17487
95226.020114,17488
95226.029559,17489
95226.040029,17490
95226.050121,17491
95226.058090,17492
95226.067522,17493
95226.078529,17494
95226.090166,17495
95226.100826,17496
95226.112319,17497
95226.122653,17498
95226.131015,17499
95229.092091,17500
95229.106298,17501
95229.117516,17502
95229.129523,17503
95229.140958,17504
95229.152671,17505
95229.163884,17506
95229.175251,17507
95229.186821,17508
95229.198231,17509
95229.209272,17510
95229.220280,17511
95229.231765,17512
95229.244050,17513
95229.255989,17514
95229.266968,17515
95229.278468,17516
95229.289966,17517
95229.300750,17518
95229.312460,17519
95229.323516,17520
95229.335019,17521
95229.346752,17522
95229.357309,17523
95229.368755,17524
95229.380518,17525
95229.392144,17526
95229.403185,17527
95229.414707,17528
95229.426294,17529
95229.437062,17530
95229.448548,17531
95229.459930,17532
95229.471052,17533
95229.482381,17534
95229.493465,17535
95229.505196,17536
95229.516440,17537
95229.528656,17538
95229.539615,17539
95229.550115,17540
95229.561477,17541
95229.572954,17542
95229.584139,17543
95229.595943,17544
95229.607733,17545
95229.619528,17546
95229.630146,17547
95229.641635,17548
95229.652172,17549
95229.664735,17550
95229.676309,17551
95229.687603,17552
95229.698959,17553
95229.710714,17554
95229.722819,17555
95229.734827,17556
95229.746074,17557
95229.757281,17558
95229.769193,17559
95229.780650,17560
95229.792488,17561
95229.803610,17562
95229.815351,17563
95229.827107,17564
95229.839226,17565
95229.850906,17566
95229.862267,17567
95229.874422,17568
95229.886130,17569
95229.897590,17570
95229.909391,17571
95229.920954,17572
95229.933108,17573
95229.945067,17574
95229.956801,17575
95229.968854,17576
95229.981735,17577
95229.992171,17578
95230.004250,17579
95230.015789,17580
95230.027301,17581
95230.039225,17582
95230.050853,17583
95230.062006,17584
95230.073878,17585
95230.085966,17586
95230.097513,17587
95230.108660,17588
95230.120690,17589
95230.131904,17590
95230.143603,17591
95230.154455,17592
95230.166765,17593
95230.177754,17594
95230.189632,17595
95230.201518,17596
95230.213429,17597
95230.224889,17598
95230.237018,17599
95230.248576,17600
95230.260522,17601
95230.271760,17602
95230.283366,17603
95230.294737,17604
95230.306776,17605
95230.318529,17606
95230.330022,17607
95230.342016,17608
95230.353311,17609
95230.364147,17610
95230.375571,17611
95230.386944,17612
95230.398924,17613
95230.410635,17614
95230.422303,17615
95230.434073,17616
95230.445474,17617
95230.456846,17618
95230.468923,17619
95230.480587,17620
95230.491973,17621
95230.504056,17622
95230.515851,17623
95230.528719,17624
95230.541080,17625
95230.553566,17626
95230.565031,17627
95230.577702,17628
95230.589425,17629
95230.601780,17630
95230.614622,17631
95230.626513,17632
95230.638379,17633
95230.649574,17634
95230.660879,17635
95230.672930,17636
95230.683834,17637
95230.696885,17638
95230.710049,17639
95230.722330,17640
95230.734126,17641
95230.745834,17642
95230.756885,17643
95230.767844,17644
95230.779072,17645
95230.790575,17646
95230.802784,17647
95230.813873,17648
95230.824762,17649
95230.838772,17650
95230.850188,17651
95230.861423,17652
95230.872472,17653
95230.882625,17654
95230.893064,17655
95230.903632,17656
95230.914474,17657
95230.926570,17658
95230.937679,17659
95230.948445,17660
95230.958895,17661
95230.970188,17662
95230.981428,17663
95230.992508,17664
95231.003740,17665
95231.014996,17666
95231.025726,17667
95231.036820,17668
95231.047562,17669
95231.058515,17670
95231.069540,17671
95231.080612,17672
95231.091836,17673
95231.102550,17674
95231.113433,17675
95231.123931,17676
95231.135033,17677
95231.146366,17678
95231.156855,17679
95231.168412,17680
95231.180257,17681
95231.190308,17682
95231.201303,17683
95231.212585,17684
95231.223335,17685
95231.234180,17686
95231.244996,17687
95231.255446,17688
95231.266463,17689
95231.276611,17690
95231.287362,17691
95231.297748,17692
95231.308679,17693
95231.319769,17694
95231.330428,17695
95231.342799,17696
95231.353842,17697
95231.364833,17698
95231.376220,17699
95231.386518,17700
95231.396769,17701
95231.407776,17702
95231.418598,17703
95231.429765,17704
95231.442122,17705
95231.454209,17706
95231.464521,17707
95231.475119,17708
95231.486655,17709
95231.497380,17710
95231.508673,17711
95231.519766,17712
95231.531528,17713
95231.543184,17714
95231.554898,17715
95231.565893,17716
95231.577101,17717
95231.588607,17718
95231.600865,17719
95231.611752,17720
95231.623297,17721
95231.633715,17722
95231.645429,17723
95231.656779,17724
95231.668597,17725
95231.680180,17726
95231.691514,17727
95231.703064,17728
95231.713926,17729
95231.725562,17730
95231.736437,17731
95231.747036,17732
95231.757454,17733
95231.768806,17734
95231.780310,17735
95231.790788,17736
95231.801320,17737
95231.813063,17738
95231.823787,17739
95231.834638,17740
95231.844648,17741
95231.855682,17742
95231.866864,17743
95231.877442,17744
95231.887455,17745
95231.898637,17746
95231.909104,17747
95231.919336,17748
95231.930370,17749
95233.694677,18000
95233.788169,18001
95233.794527,18002
95233.800997,18003
95233.806888,18004
95233.813408,18005
95233.819402,18006
95233.825995,18007
95233.831935,18008
95233.838306,18009
95233.844064,18010
95233.850466,18011
95233.856265,18012
95233.862928,18013
95233.868787,18014
95233.875231,18015
95233.881020,18016
95233.887378,18017
95233.893450,18018
95233.899900,18019
95233.905743,18020
95233.912098,18021
95233.917927,18022
95233.924332,18023
95233.930321,18024
95233.936658,18025
95233.942594,18026
95233.951911,18027
95233.959241,18028
95233.965638,18029
95233.971336,18030
95233.977609,18031
95233.983326,18032
95233.989676,18033
95233.995519,18034
95234.002282,18035
95234.008047,18036
95234.014452,18037
95234.020268,18038
95234.026671,18039
95234.032413,18040
95234.038801,18041
95234.044433,18042
95234.050702,18043
95234.056488,18044
95234.062820,18045
95234.068929,18046
95234.075418,18047
95234.081359,18048
95234.087688,18049
95234.093491,18050
95234.099757,18051
95234.105467,18052
95234.112071,18053
95234.122655,18054
95234.132484,18055
95234.141301,18056
95234.147883,18057
95234.153893,18058
95234.160143,18059
95234.165847,18060
95234.172198,18061
95234.177847,18062
95234.184435,18063
95234.190185,18064
95234.196681,18065
95234.202335,18066
95234.208884,18067
95234.214571,18068
95234.220843,18069
95234.226507,18070
95234.233048,18071
95234.238878,18072
95234.245208,18073
95234.250918,18074
95234.257226,18075
95234.262927,18076
95234.269425,18077
95234.275264,18078
95234.281674,18079
95234.287438,18080
95234.293693,18081
95234.299536,18082
95234.305969,18083
95234.311658,18084
95234.317870,18085
95234.323497,18086
95234.329811,18087
95234.335494,18088
95234.341707,18089
95234.347655,18090
95234.353931,18091
95234.359832,18092
95234.366480,18093
95234.372100,18094
95234.378334,18095
95234.383972,18096
95234.390196,18097
95234.396024,18098
95234.402289,18099
95234.409950,18100
95234.416973,18101
95234.423238,18102
95234.429651,18103
95234.435424,18104
95234.441767,18105
95234.447527,18106
95234.453815,18107
95234.459488,18108
95234.465717,18109
95234.471354,18110
95234.477622,18111
95234.483462,18112
95234.489676,18113
95234.495432,18114
95234.501624,18115
95234.507303,18116
95234.513861,18117
95234.520155,18118
95234.526622,18119
95234.532326,18120
95234.538615,18121
95234.544238,18122
95234.550487,18123
95234.556314,18124
95234.562498,18125
95234.568453,18126
95234.574985,18127
95234.580772,18128
95234.587477,18129
95234.593856,18130
95234.600494,18131
95234.606323,18132
95234.612617,18133
95234.618312,18134
95234.624782,18135
95234.630574,18136
95234.636915,18137
95234.642735,18138
95234.648982,18139
95234.654728,18140
95234.661030,18141
95234.667009,18142
95234.673454,18143
95234.679223,18144
95234.685458,18145
95234.691585,18146
95234.697943,18147
95234.703665,18148
95234.710301,18149
95234.715972,18150
95234.722316,18151
95234.727973,18152
95234.734368,18153
95234.740009,18154
95234.746296,18155
95234.751886,18156
95234.758103,18157
95234.764169,18158
95234.770324,18159
95234.776109,18160
95234.782359,18161
95234.788754,18162
95234.795364,18163
95234.801583,18164
95234.808040,18165
95234.813768,18166
95234.820173,18167
95234.825878,18168
95234.832386,18169
95234.838106,18170
95234.844423,18171
95234.850169,18172
95234.856469,18173
95234.862172,18174
95234.868569,18175
95234.874208,18176
95234.880430,18177
95234.886139,18178
95234.892411,18179
95234.898116,18180
95234.904650,18181
95234.910274,18182
95234.916612,18183
95234.922454,18184
95234.928916,18185
95234.934935,18186
95234.941657,18187
95234.947551,18188
95234.954037,18189
95234.959767,18190
95234.966249,18191
95234.972167,18192
95234.978672,18193
95234.984453,18194
95234.990708,18195
95234.996429,18196
95235.002713,18197
95235.008396,18198
95235.014816,18199
95235.022464,18200
95235.028796,18201
95235.034626,18202
95235.041368,18203
95235.047848,18204
95235.054549,18205
95235.060878,18206
95235.067549,18207
95235.074397,18208
95235.081297,18209
95235.087130,18210
95235.093812,18211
95235.099682,18212
95235.106034,18213
95235.112240,18214
95235.118675,18215
95235.124411,18216
95235.130842,18217
95235.136944,18218
95235.143730,18219
95235.149577,18220
95235.156361,18221
95235.162206,18222
95235.168794,18223
95235.174909,18224
95235.181574,18225
95235.187232,18226
95235.193451,18227
95235.199557,18228
95235.205805,18229
95235.211497,18230
95235.217734,18231
95235.223416,18232
95235.229706,18233
95235.235575,18234
95235.241869,18235
95235.247949,18236
95235.254147,18237
95235.259770,18238
95235.266413,18239
95235.272109,18240
95235.278722,18241
95235.284799,18242
95235.291173,18243
95235.296955,18244
95235.303878,18245
95235.310811,18246
95235.318843,18247
95235.325548,18248
95235.333767,18249
95238.478638,18250
95238.491560,18251
95238.500500,18252
95238.506692,18253
95238.516123,18254
95238.522508,18255
95238.528515,18256
95238.535044,18257
95238.540948,18258
95238.550994,18259
95238.560964,18260
95238.570028,18261
95238.576148,18262
95238.586313,18263
95238.596380,18264
95238.606386,18265
95238.612202,18266
95238.618010,18267
95238.627144,18268
95238.637313,18269
95238.647278,18270
95238.657370,18271
95238.663359,18272
95238.672543,18273
95238.682465,18274
95238.688284,18275
95238.694320,18276
95238.705309,18277
95238.711716,18278
95238.722285,18279
95238.728144,18280
95238.735360,18281
95238.745616,18282
95238.754250,18283
95238.764400,18284
95238.771245,18285
95238.777037,18286
95238.787457,18287
95238.793390,18288
95238.803142,18289
95238.809376,18290
95238.819948,18291
95238.825935,18292
95238.832178,18293
95238.840756,18294
95238.847174,18295
95238.853242,18296
95238.859626,18297
95238.869472,18298
95238.879676,18299
95238.889430,18300
95238.895460,18301
95238.901322,18302
95238.907650,18303
95238.914454,18304
95238.920646,18305
95238.930739,18306
95238.940453,18307
95238.950218,18308
95238.957704,18309
95238.967028,18310
95238.972862,18311
95238.980819,18312
95238.986707,18313
95238.992707,18314
95239.001843,18315
95239.010489,18316
95239.019936,18317
95239.026240,18318
95239.032135,18319
95239.038371,18320
95239.047560,18321
95239.055648,18322
95239.061731,18323
95239.071074,18324
95239.077289,18325
95239.087620,18326
95239.094026,18327
95239.103447,18328
95239.109322,18329
95239.119256,18330
95239.129008,18331
95239.136357,18332
95239.145971,18333
95239.151967,18334
95239.157980,18335
95239.167180,18336
95239.173362,18337
95239.179385,18338
95239.188185,18339
95239.198939,18340
95239.204956,18341
95239.211289,18342
95239.220305,18343
95239.230022,18344
95239.236664,18345
95239.246775,18346
95239.253220,18347
95239.259559,18348
95239.269084,18349
95239.277562,18350
95239.284046,18351
95239.293353,18352
95239.299928,18353
95239.306143,18354
95239.312499,18355
95239.322402,18356
95239.328501,18357
95239.334889,18358
95239.344964,18359
95239.353959,18360
95239.360879,18361
95239.366823,18362
95239.376301,18363
95239.382483,18364
95239.392876,18365
95239.400327,18366
95239.407345,18367
95239.417959,18368
95239.424492,18369
95239.435228,18370
95239.445957,18371
95239.452787,18372
95239.463435,18373
95239.470199,18374
95239.481744,18375
95239.493124,18376
95239.502961,18377
95239.509543,18378
95239.521347,18379
95239.531833,18380
95239.538564,18381
95239.550498,18382
95239.561805,18383
95239.572331,18384
95239.578750,18385
95239.590442,18386
95239.597277,18387
95239.608573,18388
95239.617871,18389
95239.624757,18390
95239.631861,18391
95239.643835,18392
95239.650685,18393
95239.657228,18394
95239.668266,18395
95239.674809,18396
95239.687789,18397
95239.695370,18398
95239.708116,18399
95239.718914,18400
95239.725429,18401
95239.732549,18402
95239.744080,18403
95239.750414,18404
95239.756934,18405
95239.767367,18406
95239.774165,18407
95239.780313,18408
95239.790814,18409
95239.801224,18410
95239.810358,18411
95239.820836,18412
95239.826944,18413
95239.838681,18414
95239.848720,18415
95239.861921,18416
95239.870404,18417
95239.881580,18418
95239.887580,18419
95239.893583,18420
95239.899857,18421
95239.908775,18422
95239.915252,18423
95239.924657,18424
95239.938237,18425
95239.950757,18426
95239.956963,18427
95239.965524,18428
95239.974823,18429
95239.988352,18430
95239.994400,18431
95240.006061,18432
95240.014509,18433
95240.024442,18434
95240.034805,18435
95240.040878,18436
95240.051761,18437
95240.060260,18438
95240.066769,18439
95240.077640,18440
95240.086277,18441
95240.096706,18442
95240.102665,18443
95240.112428,18444
95240.121197,18445
95240.127231,18446
95240.133307,18447
95240.143417,18448
95240.153223,18449
95240.161551,18450
95240.167808,18451
95240.173668,18452
95240.183351,18453
95240.194408,18454
95240.201357,18455
95240.207577,18456
95240.217585,18457
95240.227920,18458
95240.236743,18459
95240.245066,18460
95240.256897,18461
95240.267694,18462
95240.274184,18463
95240.284157,18464
95240.296717,18465
95240.307241,18466
95240.313385,18467
95240.325465,18468
95240.332205,18469
95240.342034,18470
95240.353892,18471
95240.360083,18472
95240.372059,18473
95240.378056,18474
95240.387743,18475
95240.398046,18476
95240.406422,18477
95240.412760,18478
95240.422027,18479
95240.430363,18480
95240.436433,18481
95240.442438,18482
95240.453173,18483
95240.463310,18484
95240.469962,18485
95240.476783,18486
95240.482713,18487
95240.492724,18488
95240.498576,18489
95240.510667,18490
95240.519100,18491
95240.529857,18492
95240.541273,18493
95240.548251,18494
95240.557631,18495
95240.568922,18496
95240.576638,18497
95240.586143,18498
95240.595846,18499
95243.499381,18500
95243.511239,18501
95243.521506,18502
95243.532762,18503
95243.543364,18504
95243.554339,18505
95243.564265,18506
95243.574191,18507
95243.584124,18508
95243.594139,18509
95243.604087,18510
95243.614529,18511
95243.624302,18512
95243.634162,18513
95243.643877,18514
95243.653873,18515
95243.664016,18516
95243.673962,18517
95243.684157,18518
95243.695106,18519
95243.705568,18520
95243.715630,18521
95243.725343,18522
95243.735306,18523
95243.744937,18524
95243.754826,18525
95243.764900,18526
95243.775588,18527
95243.785759,18528
95243.795790,18529
95243.805575,18530
95243.815634,18531
95243.825230,18532
95243.835285,18533
95243.844785,18534
95243.855326,18535
95243.864882,18536
95243.874774,18537
95243.884279,18538
95243.894027,18539
95243.903605,18540
95243.913413,18541
95243.923040,18542
95243.933130,18543
95243.942797,18544
95243.952617,18545
95243.962297,18546
95243.972275,18547
95243.983798,18548
95243.993563,18549
95244.003138,18550
95244.013477,18551
95244.023424,18552
95244.033768,18553
95244.044652,18554
95244.055270,18555
95244.066288,18556
95244.077418,18557
95244.087519,18558
95244.097480,18559
95244.107309,18560
95244.117182,18561
95244.126968,18562
95244.137524,18563
95244.147231,18564
95244.157102,18565
95244.168038,18566
95244.178552,18567
95244.189785,18568
95244.199577,18569
95244.209193,18570
95244.218916,18571
95244.228662,18572
95244.238358,18573
95244.247999,18574
95244.257850,18575
95244.267553,18576
95244.277605,18577
95244.287411,18578
95244.297243,18579
95244.307549,18580
95244.317327,18581
95244.327056,18582
95244.337209,18583
95244.347079,18584
95244.358233,18585
95244.369206,18586
95244.379107,18587
95244.389036,18588
95244.398257,18589
95244.408582,18590
95244.418728,18591
95244.428377,18592
95244.438163,18593
95244.448242,18594
95244.457805,18595
95244.467721,18596
95244.477313,18597
95244.487619,18598
95244.498362,18599
95244.510471,18600
95244.521828,18601
95244.533901,18602
95244.545073,18603
95244.555832,18604
95244.567821,18605
95244.577474,18606
95244.587034,18607
95244.596368,18608
95244.606031,18609
95244.615416,18610
95244.625957,18611
95244.635653,18612
95244.644922,18613
95244.654619,18614
95244.664483,18615
95244.673810,18616
95244.683885,18617
95244.695288,18618
95244.706990,18619
95244.716577,18620
95244.728086,18621
95244.739116,18622
95244.749193,18623
95244.758467,18624
95244.768367,18625
95244.778254,18626
95244.787768,18627
95244.798461,18628
95244.808017,18629
95244.817528,18630
95244.827257,18631
95244.837287,18632
95244.850682,18633
95244.863092,18634
95244.874860,18635
95244.885947,18636
95244.895343,18637
95244.904854,18638
95244.914593,18639
95244.924473,18640
95244.933941,18641
95244.944699,18642
95244.955411,18643
95244.965190,18644
95244.975186,18645
95244.985858,18646
95244.995877,18647
95245.006763,18648
95245.016570,18649
95245.025940,18650
95245.036579,18651
95245.047073,18652
95245.057509,18653
95245.067124,18654
95245.076747,18655
95245.085997,18656
95245.096143,18657
95245.105516,18658
95245.115551,18659
95245.125258,18660
95245.135794,18661
95245.145796,18662
95245.156694,18663
95245.165948,18664
95245.175686,18665
95245.185078,18666
95245.195791,18667
95245.206653,18668
95245.215983,18669
95245.225392,18670
95245.235115,18671
95245.245518,18672
95245.257292,18673
95245.268690,18674
95245.278730,18675
95245.288087,18676
95245.298921,18677
95245.309027,18678
95245.318927,18679
95245.328535,18680
95245.338737,18681
95245.348660,18682
95245.358173,18683
95245.367918,18684
95245.377327,18685
95245.386957,18686
95245.396395,18687
95245.407116,18688
95245.417700,18689
95245.427427,18690
95245.437410,18691
95245.447658,18692
95245.457718,18693
95245.468515,18694
95245.478959,18695
95245.489331,18696
95245.500645,18697
95245.510145,18698
95245.519898,18699
95245.532838,18700
95245.542994,18701
95245.552733,18702
95245.562666,18703
95245.572634,18704
95245.584060,18705
95245.594403,18706
95245.605327,18707
95245.615512,18708
95245.625751,18709
95245.636150,18710
95245.645772,18711
95245.655785,18712
95245.666600,18713
95245.677352,18714
95245.687855,18715
95245.699257,18716
95245.710202,18717
95245.721470,18718
95245.732022,18719
95245.743301,18720
95245.754712,18721
95245.765311,18722
95245.776863,18723
95245.787429,18724
95245.798830,18725
95245.810272,18726
95245.820876,18727
95245.831922,18728
95245.842773,18729
95245.854657,18730
95245.865856,18731
95245.878445,18732
95245.889776,18733
95245.900404,18734
95245.910849,18735
95245.923081,18736
95245.933881,18737
95245.944483,18738
95245.955113,18739
95245.965515,18740
95245.977914,18741
95245.990840,18742
95246.001600,18743
95246.013075,18744
95246.023811,18745
95246.035057,18746
95246.045646,18747
95246.056978,18748
95246.067406,18749
95249.017807,18750
95249.031543,18751
95249.042203,18752
95249.052536,18753
95249.060979,18754
95249.070763,18755
95249.079724,18756
95249.088871,18757
95249.098981,18758
95249.107934,18759
95249.118411,18760
95249.129710,18761
95249.139357,18762
95249.150251,18763
95249.159178,18764
95249.169175,18765
95249.178650,18766
95249.188473,18767
95249.196746,18768
95249.205586,18769
95249.216687,18770
95249.226711,18771
95249.236678,18772
95249.249087,18773
95249.258101,18774
95249.268249,18775
95249.277378,18776
95249.287376,18777
95249.297740,18778
95249.306844,18779
95249.315691,18780
95249.324598,18781
95249.335311,18782
95249.344755,18783
95249.355223,18784
95249.364230,18785
95249.373718,18786
95249.382812,18787
95249.392384,18788
95249.402936,18789
95249.412030,18790
95249.421636,18791
95249.431886,18792
95249.442552,18793
95249.453144,18794
95249.463299,18795
95249.471840,18796
95249.481293,18797
95249.491636,18798
95249.501984,18799
95249.512393,18800
95249.523931,18801
95249.534554,18802
95249.545461,18803
95249.554183,18804
95249.564314,18805
95249.573840,18806
95249.583587,18807
95249.593802,18808
95249.605439,18809
95249.617366,18810
95249.628852,18811
95249.641375,18812
95249.653555,18813
95249.664853,18814
95249.676360,18815
95249.688655,18816
95249.700530,18817
95249.712130,18818
95249.724163,18819
95249.736207,18820
95249.746507,18821
95249.757944,18822
95249.770364,18823
95249.780917,18824
95249.792226,18825
95249.804291,18826
95249.814665,18827
95249.827664,18828
95249.841066,18829
95249.854243,18830
95249.865731,18831
95249.875818,18832
95249.890392,18833
95249.902527,18834
95249.914478,18835
95249.924640,18836
95249.936382,18837
95249.946593,18838
95249.959237,18839
95249.968228,18840
95249.978697,18841
95249.987797,18842
95250.001687,18843
95250.012770,18844
95250.022105,18845
95250.031899,18846
95250.041790,18847
95250.051607,18848
95250.062196,18849
95250.074913,18850
95250.085067,18851
95250.094804,18852
95250.103794,18853
95250.114927,18854
95250.126545,18855
95250.137318,18856
95250.148415,18857
95250.158907,18858
95250.167889,18859
95250.176833,18860
95250.186451,18861
95250.194927,18862
95250.206120,18863
95250.216265,18864
95250.227786,18865
95250.236706,18866
95250.247013,18867
95250.256775,18868
95250.267041,18869
95250.276890,18870
95250.285446,18871
95250.293861,18872
95250.303892,18873
95250.313892,18874
95250.322276,18875
95250.332208,18876
95250.341817,18877
95250.350973,18878
95250.362490,18879
95250.372843,18880
95250.384241,18881
95250.394443,18882
95250.405511,18883
95250.415877,18884
95250.426198,18885
95250.435861,18886
95250.444727,18887
95250.454948,18888
95250.465255,18889
95250.475775,18890
95250.486522,18891
95250.495838,18892
95250.504777,18893
95250.515240,18894
95250.526527,18895
95250.537814,18896
95250.549855,18897
95250.561572,18898
95250.571427,18899
95250.583577,18900
95250.593987,18901
95250.602452,18902
95250.613030,18903
95250.624387,18904
95250.636961,18905
95250.647366,18906
95250.657234,18907
95250.666620,18908
95250.676994,18909
95250.688226,18910
95250.699035,18911
95250.709536,18912
95250.721301,18913
95250.731474,18914
95250.742226,18915
95250.754340,18916
95250.765849,18917
95250.777354,18918
95250.787737,18919
95250.801680,18920
95250.811909,18921
95250.823633,18922
95250.834463,18923
95250.844225,18924
95250.856495,18925
95250.866198,18926
95250.877249,18927
95250.889718,18928
95250.900131,18929
95250.909443,18930
95250.921450,18931
95250.932908,18932
95250.944972,18933
95250.957170,18934
95250.969223,18935
95250.979181,18936
95250.989410,18937
95251.000189,18938
95251.010556,18939
95251.022966,18940
95251.033586,18941
95251.046312,18942
95251.057426,18943
95251.066716,18944
95251.076447,18945
95251.087881,18946
95251.098382,18947
95251.109238,18948
95251.118634,18949
95251.131199,18950
95251.140572,18951
95251.149315,18952
95251.159868,18953
95251.169761,18954
95251.180341,18955
95251.190373,18956
95251.199014,18957
95251.209622,18958
95251.219755,18959
95251.229506,18960
95251.240453,18961
95251.249413,18962
95251.259668,18963
95251.269589,18964
95251.279910,18965
95251.290407,18966
95251.300273,18967
95251.308832,18968
95251.319138,18969
95251.328727,18970
95251.338428,18971
95251.347718,18972
95251.356152,18973
95251.364951,18974
95251.374734,18975
95251.383188,18976
95251.392870,18977
95251.402639,18978
95251.411479,18979
95251.421831,18980
95251.430271,18981
95251.440720,18982
95251.449795,18983
95251.458668,18984
95251.467451,18985
95251.477848,18986
95251.488163,18987
95251.498678,18988
95251.509523,18989
95251.519611,18990
95251.530772,18991
95251.541284,18992
95251.549471,18993
95251.558713,18994
95251.569256,18995
95251.578949,18996
95251.589586,18997
95251.599905,18998
95251.608791,18999
95253.963480,19000
95254.012308,19001
95254.019179,19002
95254.025752,19003
95254.031655,19004
95254.037687,19005
95254.043499,19006
95254.049386,19007
95254.055222,19008
95254.060935,19009
95254.066817,19010
95254.072628,19011
95254.078496,19012
95254.084594,19013
95254.090434,19014
95254.096278,19015
95254.102210,19016
95254.109268,19017
95254.115215,19018
95254.120989,19019
95254.126937,19020
95254.132903,19021
95254.138669,19022
95254.144517,19023
95254.150638,19024
95254.156511,19025
95254.162349,19026
95254.168206,19027
95254.174042,19028
95254.180086,19029
95254.185773,19030
95254.191503,19031
95254.197300,19032
95254.203622,19033
95254.209465,19034
95254.215325,19035
95254.221802,19036
95254.227460,19037
95254.233237,19038
95254.239007,19039
95254.244870,19040
95254.251094,19041
95254.257093,19042
95254.263120,19043
95254.269173,19044
95254.275399,19045
95254.281656,19046
95254.288204,19047
95254.294348,19048
95254.301070,19049
95254.307463,19050
95254.314662,19051
95254.321357,19052
95254.329042,19053
95254.335482,19054
95254.342034,19055
95254.348559,19056
95254.355571,19057
95254.362820,19058
95254.370226,19059
95254.377803,19060
95254.384692,19061
95254.391642,19062
95254.397848,19063
95254.404220,19064
95254.410918,19065
95254.417349,19066
95254.424049,19067
95254.431857,19068
95254.438459,19069
95254.444954,19070
95254.451273,19071
95254.457633,19072
95254.464059,19073
95254.470205,19074
95254.476301,19075
95254.482749,19076
95254.488946,19077
95254.495410,19078
95254.502845,19079
95254.509221,19080
95254.515780,19081
95254.522701,19082
95254.529528,19083
95254.536533,19084
95254.543308,19085
95254.549803,19086
95254.556243,19087
95254.563429,19088
95254.570856,19089
95254.577651,19090
95254.584101,19091
95254.590744,19092
95254.597843,19093
95254.604937,19094
95254.612376,19095
95254.619672,19096
95254.626903,19097
95254.633866,19098
95254.640803,19099
95254.649645,19100
95254.656519,19101
95254.662797,19102
95254.668986,19103
95254.675742,19104
95254.682398,19105
95254.689177,19106
95254.695624,19107
95254.701903,19108
95254.707837,19109
95254.714693,19110
95254.720846,19111
95254.726844,19112
95254.733051,19113
95254.739229,19114
95254.745775,19115
95254.752051,19116
95254.758416,19117
95254.764851,19118
95254.771934,19119
95254.778798,19120
95254.785352,19121
95254.791690,19122
95254.798144,19123
95254.804493,19124
95254.811313,19125
95254.818280,19126
95254.824423,19127
95254.831133,19128
95254.837417,19129
95254.843635,19130
95254.850024,19131
95254.856188,19132
95254.862292,19133
95254.868254,19134
95254.874334,19135
95254.880237,19136
95254.886823,19137
95254.892849,19138
95254.898866,19139
95254.904687,19140
95254.910477,19141
95254.916379,19142
95254.922197,19143
95254.928685,19144
95254.934454,19145
95254.940222,19146
95254.945909,19147
95254.951533,19148
95254.957751,19149
95254.963480,19150
95254.969458,19151
95254.975274,19152
95254.981274,19153
95254.987418,19154
95254.993233,19155
95254.999025,19156
95255.004758,19157
95255.010521,19158
95255.016358,19159
95255.022124,19160
95255.028248,19161
95255.033908,19162
95255.039622,19163
95255.045386,19164
95255.051271,19165
95255.057177,19166
95255.062925,19167
95255.068636,19168
95255.074385,19169
95255.080167,19170
95255.085862,19171
95255.091669,19172
95255.098276,19173
95255.104767,19174
95255.110546,19175
95255.116377,19176
95255.122311,19177
95255.128122,19178
95255.133776,19179
95255.139605,19180
95255.146552,19181
95255.152550,19182
95255.158468,19183
95255.164474,19184
95255.171338,19185
95255.177268,19186
95255.183055,19187
95255.188889,19188
95255.194825,19189
95255.200689,19190
95255.206580,19191
95255.212612,19192
95255.218712,19193
95255.224560,19194
95255.230398,19195
95255.236214,19196
95255.242359,19197
95255.248149,19198
95255.253913,19199
95255.261756,19200
95255.267725,19201
95255.273720,19202
95255.279512,19203
95255.285573,19204
95255.291497,19205
95255.297381,19206
95255.303353,19207
95255.309630,19208
95255.315449,19209
95255.321215,19210
95255.326920,19211
95255.332609,19212
95255.338347,19213
95255.344908,19214
95255.350936,19215
95255.357009,19216
95255.363457,19217
95255.369827,19218
95255.375923,19219
95255.382055,19220
95255.388051,19221
95255.394245,19222
95255.400322,19223
95255.406404,19224
95255.412304,19225
95255.418185,19226
95255.424246,19227
95255.430623,19228
95255.437039,19229
95255.442923,19230
95255.448939,19231
95255.454761,19232
95255.460505,19233
95255.466270,19234
95255.471994,19235
95255.477865,19236
95255.483643,19237
95255.489318,19238
95255.495119,19239
95255.500857,19240
95255.506676,19241
95255.513611,19242
95255.521215,19243
95255.529457,19244
95255.537120,19245
95255.543972,19246
95255.550699,19247
95255.557175,19248
95255.563872,19249
95258.829665,19250
95258.843271,19251
95258.855708,19252
95258.862647,19253
95258.870154,19254
95258.881506,19255
95258.888956,19256
95258.896677,19257
95258.905676,19258
95258.911658,19259
95258.922664,19260
95258.930745,19261
95258.939334,19262
95258.946401,19263
95258.954387,19264
95258.962087,19265
95258.969036,19266
95258.976293,19267
95258.984605,19268
95258.993084,19269
95259.002619,19270
95259.010943,19271
95259.017849,19272
95259.027712,19273
95259.035895,19274
95259.042464,19275
95259.049286,19276
95259.056942,19277
95259.064277,19278
95259.070333,19279
95259.079284,19280
95259.085726,19281
95259.096870,19282
95259.104500,19283
95259.114242,19284
95259.121865,19285
95259.132913,19286
95259.139198,19287
95259.148896,19288
95259.155996,19289
95259.163356,19290
95259.171723,19291
95259.180957,19292
95259.188123,19293
95259.198032,19294
95259.207350,19295
95259.217592,19296
95259.225442,19297
95259.233641,19298
95259.240345,19299
95259.247958,19300
95259.253954,19301
95259.261540,19302
95259.267555,19303
95259.275129,19304
95259.285958,19305
95259.292422,19306
95259.300805,19307
95259.307780,19308
95259.316390,19309
95259.324302,19310
95259.333520,19311
95259.340674,19312
95259.349124,19313
95259.358126,19314
95259.364294,19315
95259.371222,19316
95259.377643,19317
95259.385980,19318
95259.396961,19319
95259.407981,19320
95259.416414,19321
95259.423416,19322
95259.430698,19323
95259.437121,19324
95259.443756,19325
95259.451867,19326
95259.459851,19327
95259.471152,19328
95259.481572,19329
95259.489254,19330
95259.496941,19331
95259.504965,19332
95259.511299,19333
95259.523078,19334
95259.530771,19335
95259.537398,19336
95259.545338,19337
95259.555570,19338
95259.562387,19339
95259.570634,19340
95259.576836,19341
95259.582901,19342
95259.593800,19343
95259.602452,19344
95259.611049,19345
95259.620040,19346
95259.627739,19347
95259.637232,19348
95259.643959,19349
95259.657849,19350
95259.669428,19351
95259.678322,19352
95259.688239,19353
95259.697048,19354
95259.707561,19355
95259.714929,19356
95259.721725,19357
95259.728761,19358
95259.739064,19359
95259.746783,19360
95259.753717,19361
95259.767528,19362
95259.775300,19363
95259.786044,19364
95259.794194,19365
95259.800344,19366
95259.810015,19367
95259.820789,19368
95259.828455,19369
95259.835222,19370
95259.844665,19371
95259.856823,19372
95259.866049,19373
95259.876990,19374
95259.888182,19375
95259.897092,19376
95259.905240,19377
95259.915020,19378
95259.922143,19379
95259.928200,19380
95259.934380,19381
95259.941359,19382
95259.951743,19383
95259.958902,19384
95259.970431,19385
95259.976849,19386
95259.983604,19387
95259.995969,19388
95260.002254,19389
95260.008862,19390
95260.019804,19391
95260.029036,19392
95260.041193,19393
95260.047779,19394
95260.053940,19395
95260.064919,19396
95260.074895,19397
95260.082019,19398
95260.093253,19399
95260.101043,19400
95260.109325,19401
95260.123608,19402
95260.132879,19403
95260.146259,19404
95260.155416,19405
95260.165821,19406
95260.174903,19407
95260.185801,19408
95260.194103,19409
95260.204077,19410
95260.211590,19411
95260.219599,19412
95260.228029,19413
95260.234743,19414
95260.242699,19415
95260.253664,19416
95260.265321,19417
95260.273424,19418
95260.282093,19419
95260.290415,19420
95260.300211,19421
95260.307327,19422
95260.314891,19423
95260.324442,19424
95260.331721,19425
95260.342621,19426
95260.352549,19427
95260.360809,19428
95260.367583,19429
95260.374894,19430
95260.381092,19431
95260.387519,19432
95260.394175,19433
95260.400024,19434
95260.411789,19435
95260.419407,19436
95260.432045,19437
95260.440673,19438
95260.448396,19439
95260.457221,19440
95260.467946,19441
95260.477517,19442
95260.486159,19443
95260.493337,19444
95260.503664,19445
95260.511027,19446
95260.518413,19447
95260.526708,19448
95260.538184,19449
95260.548331,19450
95260.555016,19451
95260.562625,19452
95260.572569,19453
95260.581247,19454
95260.589647,19455
95260.602467,19456
95260.615762,19457
95260.627197,19458
95260.635451,19459
95260.642300,19460
95260.649099,19461
95260.656342,19462
95260.667185,19463
95260.674388,19464
95260.685946,19465
95260.693012,19466
95260.701624,19467
95260.708185,19468
95260.714093,19469
95260.721406,19470
95260.727420,19471
95260.733436,19472
95260.739116,19473
95260.745943,19474
95260.757232,19475
95260.767543,19476
95260.773694,19477
95260.782223,19478
95260.789417,19479
95260.798739,19480
95260.806560,19481
95260.815303,19482
95260.821413,19483
95260.827509,19484
95260.833528,19485
95260.842900,19486
95260.850153,19487
95260.856972,19488
95260.863491,19489
95260.870833,19490
95260.879226,19491
95260.886598,19492
95260.893372,19493
95260.899451,19494
95260.905173,19495
95260.910831,19496
95260.916507,19497
95260.922406,19498
95260.930666,19499
95263.844324,19500
95263.855981,19501
95263.865036,19502
95263.874285,19503
95263.883228,19504
95263.894245,19505
95263.903668,19506
95263.913317,19507
95263.923454,19508
95263.930581,19509
95263.939636,19510
95263.948589,19511
95263.957219,19512
95263.965555,19513
95263.974854,19514
95263.982782,19515
95263.990343,19516
95263.998851,19517
95264.005856,19518
95264.012963,19519
95264.019876,19520
95264.029201,19521
95264.036230,19522
95264.043828,19523
95264.052207,19524
95264.059486,19525
95264.069016,19526
95264.077657,19527
95264.086658,19528
95264.096159,19529
95264.103890,19530
95264.112382,19531
95264.121284,19532
95264.129204,19533
95264.137904,19534
95264.146935,19535
95264.157367,19536
95264.166122,19537
95264.177671,19538
95264.186543,19539
95264.194845,19540
95264.204416,19541
95264.214197,19542
95264.222685,19543
95264.230413,19544
95264.239247,19545
95264.246280,19546
95264.256833,19547
95264.264073,19548
95264.273422,19549
95264.282462,19550
95264.291518,19551
95264.301021,19552
95264.309255,19553
95264.317799,19554
95264.326534,19555
95264.334043,19556
95264.346007,19557
95264.355559,19558
95264.362839,19559
95264.372629,19560
95264.380548,19561
95264.388720,19562
95264.395866,19563
95264.403885,19564
95264.411709,19565
95264.420128,19566
95264.428542,19567
95264.436976,19568
95264.445094,19569
95264.456238,19570
95264.466490,19571
95264.477233,19572
95264.486216,19573
95264.497622,19574
95264.508924,19575
95264.518009,19576
95264.527999,19577
95264.537183,19578
95264.546289,19579
95264.555323,19580
95264.565022,19581
95264.572839,19582
95264.582395,19583
95264.591298,19584
95264.600245,19585
95264.609465,19586
95264.617343,19587
95264.626018,19588
95264.633723,19589
95264.642513,19590
95264.651650,19591
95264.660509,19592
95264.668176,19593
95264.677918,19594
95264.687180,19595
95264.694278,19596
95264.702863,19597
95264.711143,19598
95264.719203,19599
95264.729105,19600
95264.738548,19601
95264.746464,19602
95264.755382,19603
95264.764637,19604
95264.773356,19605
95264.781861,19606
95264.789636,19607
95264.799881,19608
95264.809088,19609
95264.817758,19610
95264.824809,19611
95264.832205,19612
95264.841725,19613
95264.850723,19614
95264.859363,19615
95264.868125,19616
95264.875856,19617
95264.884840,19618
95264.894423,19619
95264.901335,19620
95264.909509,19621
95264.918792,19622
95264.925961,19623
95264.934768,19624
95264.943161,19625
95264.949637,19626
95264.957860,19627
95264.965257,19628
95264.973543,19629
95264.981971,19630
95264.988892,19631
95264.998427,19632
95265.006587,19633
95265.017187,19634
95265.024026,19635
95265.031617,19636
95265.038837,19637
95265.045703,19638
95265.054576,19639
95265.062283,19640
95265.070830,19641
95265.081345,19642
95265.088996,19643
95265.098564,19644
95265.109062,19645
95265.116382,19646
95265.123425,19647
95265.130651,19648
95265.137552,19649
95265.146096,19650
95265.154128,19651
95265.162182,19652
95265.172159,19653
95265.179599,19654
95265.188019,19655
95265.195110,19656
95265.202522,19657
95265.210226,19658
95265.219119,19659
95265.226890,19660
95265.235599,19661
95265.242739,19662
95265.253448,19663
95265.260095,19664
95265.267148,19665
95265.275355,19666
95265.284948,19667
95265.294736,19668
95265.303333,19669
95265.311823,19670
95265.319565,19671
95265.328199,19672
95265.335659,19673
95265.344901,19674
95265.354049,19675
95265.363033,19676
95265.370425,19677
95265.378784,19678
95265.388590,19679
95265.397426,19680
95265.405894,19681
95265.416907,19682
95265.424009,19683
95265.431388,19684
95265.439342,19685
95265.448417,19686
95265.460022,19687
95265.467510,19688
95265.476225,19689
95265.483606,19690
95265.492424,19691
95265.499663,19692
95265.509318,19693
95265.516443,19694
95265.525510,19695
95265.533457,19696
95265.540622,19697
95265.548513,19698
95265.556838,19699
95265.568022,19700
95265.575664,19701
95265.583192,19702
95265.592261,19703
95265.605528,19704
95265.618146,19705
95265.625487,19706
95265.634888,19707
95265.643945,19708
95265.654307,19709
95265.662677,19710
95265.671836,19711
95265.678625,19712
95265.687020,19713
95265.695401,19714
95265.706193,19715
95265.714923,19716
95265.723907,19717
95265.732575,19718
95265.742218,19719
95265.749274,19720
95265.758834,19721
95265.767553,19722
95265.777239,19723
95265.786476,19724
95265.793903,19725
95265.802451,19726
95265.810779,19727
95265.818029,19728
95265.825849,19729
95265.835785,19730
95265.846014,19731
95265.854874,19732
95265.862961,19733
95265.872234,19734
95265.881174,19735
95265.890442,19736
95265.899396,19737
95265.907372,19738
95265.917315,19739
95265.925911,19740
95265.934775,19741
95265.941804,19742
95265.950415,19743
95265.960694,19744
95265.971455,19745
95265.980402,19746
95265.989214,19747
95265.997714,19748
95266.006902,19749
95268.972246,19750
95268.985178,19751
95268.995585,19752
95269.006341,19753
95269.016795,19754
95269.028444,19755
95269.038898,19756
95269.049232,19757
95269.060570,19758
95269.071146,19759
95269.082233,19760
95269.093506,19761
95269.103401,19762
95269.113685,19763
95269.124156,19764
95269.134971,19765
95269.145746,19766
95269.156862,19767
95269.167544,19768
95269.179204,19769
95269.188867,19770
95269.199644,19771
95269.210742,19772
95269.220933,19773
95269.230786,19774
95269.242185,19775
95269.252624,19776
95269.263578,19777
95269.274842,19778
95269.285702,19779
95269.296834,19780
95269.308256,19781
95269.318288,19782
95269.329383,19783
95269.339682,19784
95269.350965,19785
95269.362267,19786
95269.373364,19787
95269.384577,19788
95269.395916,19789
95269.406851,19790
95269.417308,19791
95269.427564,19792
95269.437633,19793
95269.447393,19794
95269.458680,19795
95269.470205,19796
95269.481647,19797
95269.492286,19798
95269.504489,19799
95269.517066,19800
95269.529383,19801
95269.540206,19802
95269.551231,19803
95269.562339,19804
95269.573345,19805
95269.585075,19806
95269.596833,19807
95269.607931,19808
95269.618869,19809
95269.631266,19810
95269.643453,19811
95269.654342,19812
95269.665742,19813
95269.676766,19814
95269.688465,19815
95269.699443,19816
95269.710663,19817
95269.721644,19818
95269.732862,19819
95269.744213,19820
95269.754658,19821
95269.764913,19822
95269.775997,19823
95269.786978,19824
95269.798303,19825
95269.809196,19826
95269.820650,19827
95269.831852,19828
95269.843257,19829
95269.853738,19830
95269.864375,19831
95269.875401,19832
95269.886734,19833
95269.895951,19834
95269.906378,19835
95269.916576,19836
95269.927248,19837
95269.937531,19838
95269.948352,19839
95269.958823,19840
95269.970530,19841
95269.980595,19842
95269.991579,19843
95270.001499,19844
95270.012107,19845
95270.022987,19846
95270.033670,19847
95270.044109,19848
95270.055314,19849
95270.067769,19850
95270.078909,19851
95270.089666,19852
95270.100367,19853
95270.111682,19854
95270.123427,19855
95270.133698,19856
95270.145107,19857
95270.155861,19858
95270.166834,19859
95270.177724,19860
95270.188402,19861
95270.198559,19862
95270.209749,19863
95270.219620,19864
95270.229984,19865
95270.241267,19866
95270.251977,19867
95270.261830,19868
95270.271945,19869
95270.282287,19870
95270.292063,19871
95270.302755,19872
95270.313338,19873
95270.323757,19874
95270.334225,19875
95270.345328,19876
95270.355942,19877
95270.366490,19878
95270.376790,19879
95270.387609,19880
95270.397985,19881
95270.409005,19882
95270.419605,19883
95270.430517,19884
95270.441914,19885
95270.453155,19886
95270.463968,19887
95270.474247,19888
95270.485114,19889
95270.496278,19890
95270.507089,19891
95270.517330,19892
95270.528407,19893
95270.539419,19894
95270.550954,19895
95270.561654,19896
95270.572439,19897
95270.583379,19898
95270.593879,19899
95270.604439,19900
95270.615576,19901
95270.625987,19902
95270.636366,19903
95270.647294,19904
95270.658302,19905
95270.670368,19906
95270.680746,19907
95270.691452,19908
95270.702302,19909
95270.713208,19910
95270.722842,19911
95270.733261,19912
95270.743128,19913
95270.754499,19914
95270.766631,19915
95270.779298,19916
95270.791095,19917
95270.802018,19918
95270.812754,19919
95270.823295,19920
95270.834495,19921
95270.845726,19922
95270.856460,19923
95270.867317,19924
95270.878016,19925
95270.888986,19926
95270.900034,19927
95270.910225,19928
95270.920837,19929
95270.931071,19930
95270.942377,19931
95270.952712,19932
95270.962830,19933
95270.974846,19934
95270.985808,19935
95270.996943,19936
95271.007844,19937
95271.017848,19938
95271.028387,19939
95271.038805,19940
95271.049752,19941
95271.060446,19942
95271.070820,19943
95271.081421,19944
95271.091827,19945
95271.102474,19946
95271.112836,19947
95271.123170,19948
95271.134394,19949
95271.147232,19950
95271.156985,19951
95271.168355,19952
95271.178938,19953
95271.190673,19954
95271.200885,19955
95271.211345,19956
95271.222395,19957
95271.233598,19958
95271.243776,19959
95271.254039,19960
95271.264503,19961
95271.274670,19962
95271.284558,19963
95271.295456,19964
95271.305945,19965
95271.316257,19966
95271.326619,19967
95271.337477,19968
95271.348291,19969
95271.358634,19970
95271.368720,19971
95271.378853,19972
95271.388976,19973
95271.398755,19974
95271.408633,19975
95271.419245,19976
95271.429359,19977
95271.440322,19978
95271.450095,19979
95271.460149,19980
95271.469862,19981
95271.479887,19982
95271.490833,19983
95271.501635,19984
95271.512375,19985
95271.522441,19986
95271.533012,19987
95271.543599,19988
95271.554588,19989
95271.565512,19990
95271.576093,19991
95271.587080,19992
95271.598393,19993
95271.609657,19994
95271.621078,19995
95271.631998,19996
95271.643212,19997
95271.654680,19998
95271.665553,19999
95273.584283,20250
95273.680310,20251
95273.686780,20252
95273.693019,20253
95273.699161,20254
95273.705479,20255
95273.711843,20256
95273.718213,20257
95273.724494,20258
95273.730647,20259
95273.736790,20260
95273.743062,20261
95273.749270,20262
95273.755555,20263
95273.765056,20264
95273.773080,20265
95273.779102,20266
95273.785185,20267
95273.791489,20268
95273.797545,20269
95273.803603,20270
95273.809807,20271
95273.815839,20272
95273.821880,20273
95273.828258,20274
95273.834401,20275
95273.840455,20276
95273.846726,20277
95273.852961,20278
95273.859453,20279
95273.865488,20280
95273.872003,20281
95273.878280,20282
95273.884717,20283
95273.890909,20284
95273.897333,20285
95273.903411,20286
95273.909821,20287
95273.916092,20288
95273.922444,20289
95273.928581,20290
95273.934668,20291
95273.941049,20292
95273.947301,20293
95273.953460,20294
95273.960142,20295
95273.966622,20296
95273.972884,20297
95273.979040,20298
95273.985209,20299
95273.993540,20300
95273.999929,20301
95274.006271,20302
95274.012499,20303
95274.018640,20304
95274.025047,20305
95274.031516,20306
95274.038229,20307
95274.044496,20308
95274.051280,20309
95274.057817,20310
95274.064504,20311
95274.070916,20312
95274.077156,20313
95274.083143,20314
95274.089590,20315
95274.095643,20316
95274.101609,20317
95274.107760,20318
95274.113725,20319
95274.119611,20320
95274.125954,20321
95274.132464,20322
95274.139178,20323
95274.145497,20324
95274.152143,20325
95274.158320,20326
95274.164832,20327
95274.171000,20328
95274.177479,20329
95274.183570,20330
95274.189740,20331
95274.195836,20332
95274.202086,20333
95274.208317,20334
95274.214733,20335
95274.221083,20336
95274.228474,20337
95274.236333,20338
95274.243636,20339
95274.251462,20340
95274.258028,20341
95274.264175,20342
95274.270416,20343
95274.276510,20344
95274.283423,20345
95274.289530,20346
95274.295992,20347
95274.302791,20348
95274.309290,20349
95274.315706,20350
95274.322303,20351
95274.328770,20352
95274.335234,20353
95274.342270,20354
95274.348724,20355
95274.355068,20356
95274.361433,20357
95274.367753,20358
95274.374187,20359
95274.380476,20360
95274.386806,20361
95274.393378,20362
95274.400141,20363
95274.406687,20364
95274.413183,20365
95274.419767,20366
95274.426125,20367
95274.432406,20368
95274.439058,20369
95274.445224,20370
95274.451601,20371
95274.457929,20372
95274.464708,20373
95274.471509,20374
95274.478175,20375
95274.484530,20376
95274.490841,20377
95274.496921,20378
95274.503154,20379
95274.509372,20380
95274.515775,20381
95274.522168,20382
95274.528500,20383
95274.535208,20384
95274.541680,20385
95274.547922,20386
95274.554886,20387
95274.561580,20388
95274.568496,20389
95274.575123,20390
95274.582472,20391
95274.589166,20392
95274.596000,20393
95274.602872,20394
95274.609701,20395
95274.616393,20396
95274.623226,20397
95274.629842,20398
95274.636646,20399
95274.645367,20400
95274.652141,20401
95274.658741,20402
95274.665498,20403
95274.672385,20404
95274.678865,20405
95274.685010,20406
95274.691260,20407
95274.697368,20408
95274.703490,20409
95274.709505,20410
95274.715696,20411
95274.721863,20412
95274.728012,20413
95274.733955,20414
95274.740557,20415
95274.746877,20416
95274.753107,20417
95274.759296,20418
95274.765489,20419
95274.771715,20420
95274.777879,20421
95274.783886,20422
95274.789971,20423
95274.796254,20424
95274.802673,20425
95274.809621,20426
95274.815857,20427
95274.822202,20428
95274.828672,20429
95274.835205,20430
95274.841700,20431
95274.848032,20432
95274.854595,20433
95274.860897,20434
95274.867751,20435
95274.874476,20436
95274.880947,20437
95274.887361,20438
95274.893622,20439
95274.899890,20440
95274.906036,20441
95274.912145,20442
95274.918531,20443
95274.924814,20444
95274.931179,20445
95274.937682,20446
95274.944302,20447
95274.950740,20448
95274.957311,20449
95274.963838,20450
95274.970182,20451
95274.976565,20452
95274.982855,20453
95274.988879,20454
95274.994945,20455
95275.000933,20456
95275.007021,20457
95275.014005,20458
95275.021324,20459
95275.028242,20460
95275.034706,20461
95275.041039,20462
95275.047605,20463
95275.053762,20464
95275.060261,20465
95275.066871,20466
95275.073354,20467
95275.079589,20468
95275.086146,20469
95275.092505,20470
95275.098939,20471
95275.105233,20472
95275.111614,20473
95275.117677,20474
95275.123965,20475
95275.130113,20476
95275.136370,20477
95275.142665,20478
95275.149026,20479
95275.155087,20480
95275.161610,20481
95275.168355,20482
95275.174629,20483
95275.180712,20484
95275.186980,20485
95275.193022,20486
95275.199239,20487
95275.205524,20488
95275.211740,20489
95275.217790,20490
95275.224196,20491
95275.230655,20492
95275.237591,20493
95275.243816,20494
95275.250246,20495
95275.256833,20496
95275.263212,20497
95275.269572,20498
95275.275805,20499
95277.967511,20500
95277.979443,20501
95277.991841,20502
95278.002725,20503
95278.009072,20504
95278.015766,20505
95278.022295,20506
95278.029344,20507
95278.040103,20508
95278.047114,20509
95278.053759,20510
95278.061554,20511
95278.073390,20512
95278.085165,20513
95278.094904,20514
95278.105966,20515
95278.112702,20516
95278.123625,20517
95278.130212,20518
95278.137146,20519
95278.147653,20520
95278.159608,20521
95278.166096,20522
95278.176840,20523
95278.186723,20524
95278.196768,20525
95278.206689,20526
95278.217249,20527
95278.228773,20528
95278.240918,20529
95278.249817,20530
95278.256679,20531
95278.263096,20532
95278.273916,20533
95278.280267,20534
95278.290141,20535
95278.296659,20536
95278.307556,20537
95278.316673,20538
95278.323086,20539
95278.332040,20540
95278.341704,20541
95278.350677,20542
95278.360286,20543
95278.366098,20544
95278.372368,20545
95278.378157,20546
95278.388196,20547
95278.397481,20548
95278.404250,20549
95278.412523,20550
95278.421349,20551
95278.427315,20552
95278.436525,20553
95278.445984,20554
95278.452670,20555
95278.463110,20556
95278.470446,20557
95278.481712,20558
95278.488539,20559
95278.494672,20560
95278.505102,20561
95278.514051,20562
95278.520899,20563
95278.527017,20564
95278.533354,20565
95278.539683,20566
95278.546149,20567
95278.557274,20568
95278.567389,20569
95278.574021,20570
95278.583388,20571
95278.590215,20572
95278.596407,20573
95278.602587,20574
95278.609352,20575
95278.620186,20576
95278.628214,20577
95278.640331,20578
95278.647319,20579
95278.658116,20580
95278.667654,20581
95278.678833,20582
95278.684823,20583
95278.694341,20584
95278.700186,20585
95278.706509,20586
95278.712396,20587
95278.722232,20588
95278.732028,20589
95278.738158,20590
95278.747556,20591
95278.753634,20592
95278.759647,20593
95278.768939,20594
95278.775389,20595
95278.781206,20596
95278.787307,20597
95278.793235,20598
95278.802333,20599
95278.808508,20600
95278.814734,20601
95278.823400,20602
95278.829814,20603
95278.835793,20604
95278.843115,20605
95278.852420,20606
95278.859339,20607
95278.868203,20608
95278.876718,20609
95278.887259,20610
95278.894327,20611
95278.900943,20612
95278.908537,20613
95278.918759,20614
95278.924787,20615
95278.931156,20616
95278.937336,20617
95278.943192,20618
95278.949294,20619
95278.955134,20620
95278.965378,20621
95278.971156,20622
95278.977302,20623
95278.986877,20624
95278.993606,20625
95278.999496,20626
95279.005627,20627
95279.016072,20628
95279.022247,20629
95279.032842,20630
95279.042542,20631
95279.049678,20632
95279.056558,20633
95279.067910,20634
95279.076147,20635
95279.086518,20636
95279.097063,20637
95279.103571,20638
95279.115918,20639
95279.125888,20640
95279.133747,20641
95279.139924,20642
95279.150406,20643
95279.156528,20644
95279.163278,20645
95279.169298,20646
95279.178231,20647
95279.187098,20648
95279.194607,20649
95279.206721,20650
95279.212804,20651
95279.223346,20652
95279.233825,20653
95279.244758,20654
95279.256416,20655
95279.266372,20656
95279.275239,20657
95279.281497,20658
95279.287344,20659
95279.297042,20660
95279.306865,20661
95279.312932,20662
95279.318974,20663
95279.324868,20664
95279.334172,20665
95279.343029,20666
95279.350802,20667
95279.357256,20668
95279.363337,20669
95279.369121,20670
95279.377718,20671
95279.386764,20672
95279.396379,20673
95279.402333,20674
95279.411284,20675
95279.423169,20676
95279.435699,20677
95279.447763,20678
95279.456992,20679
95279.462934,20680
95279.471197,20681
95279.482937,20682
95279.494291,20683
95279.503332,20684
95279.512944,20685
95279.519058,20686
95279.528731,20687
95279.534617,20688
95279.540465,20689
95279.547386,20690
95279.555486,20691
95279.561372,20692
95279.567218,20693
95279.573105,20694
95279.588617,20695
95279.602106,20696
95279.608907,20697
95279.615473,20698
95279.621819,20699
95279.627797,20700
95279.633969,20701
95279.639798,20702
95279.645984,20703
95279.658952,20704
95279.668768,20705
95279.676682,20706
95279.683161,20707
95279.689678,20708
95279.699530,20709
95279.705532,20710
95279.716221,20711
95279.722690,20712
95279.731600,20713
95279.737423,20714
95279.747304,20715
95279.753292,20716
95279.759463,20717
95279.769198,20718
95279.779293,20719
95279.785247,20720
95279.796084,20721
95279.802852,20722
95279.814883,20723
95279.825865,20724
95279.835516,20725
95279.844583,20726
95279.851756,20727
95279.861401,20728
95279.867655,20729
95279.880283,20730
95279.889351,20731
95279.900172,20732
95279.911551,20733
95279.919409,20734
95279.925922,20735
95279.932870,20736
95279.939776,20737
95279.946451,20738
95279.952780,20739
95279.962806,20740
95279.971948,20741
95279.982129,20742
95279.991578,20743
95280.001687,20744
95280.012775,20745
95280.023159,20746
95280.029847,20747
95280.036507,20748
95280.042954,20749
95283.075264,20750
95283.087706,20751
95283.097539,20752
95283.107752,20753
95283.117708,20754
95283.127565,20755
95283.137505,20756
95283.148040,20757
95283.158107,20758
95283.168351,20759
95283.178192,20760
95283.190236,20761
95283.200781,20762
95283.210514,20763
95283.220868,20764
95283.231366,20765
95283.241354,20766
95283.251111,20767
95283.262683,20768
95283.272491,20769
95283.282067,20770
95283.291688,20771
95283.301775,20772
95283.312405,20773
95283.322642,20774
95283.332368,20775
95283.342572,20776
95283.352121,20777
95283.362421,20778
95283.372950,20779
95283.383004,20780
95283.392996,20781
95283.402776,20782
95283.412667,20783
95283.422294,20784
95283.432244,20785
95283.442501,20786
95283.452947,20787
95283.462494,20788
95283.472625,20789
95283.482281,20790
95283.492739,20791
95283.502509,20792
95283.513344,20793
95283.523536,20794
95283.533693,20795
95283.543592,20796
95283.553711,20797
95283.563670,20798
95283.573810,20799
95283.586421,20800
95283.597762,20801
95283.609096,20802
95283.619323,20803
95283.629314,20804
95283.638883,20805
95283.649862,20806
95283.659925,20807
95283.670282,20808
95283.679974,20809
95283.689472,20810
95283.700930,20811
95283.711353,20812
95283.723170,20813
95283.734974,20814
95283.746335,20815
95283.756185,20816
95283.766996,20817
95283.776476,20818
95283.786464,20819
95283.796158,20820
95283.807284,20821
95283.816874,20822
95283.827701,20823
95283.839185,20824
95283.848863,20825
95283.859602,20826
95283.870228,20827
95283.881759,20828
95283.891605,20829
95283.901251,20830
95283.910890,20831
95283.921780,20832
95283.933747,20833
95283.943884,20834
95283.953789,20835
95283.963330,20836
95283.973411,20837
95283.984617,20838
95283.995195,20839
95284.004752,20840
95284.014629,20841
95284.024430,20842
95284.033820,20843
95284.043534,20844
95284.053754,20845
95284.063558,20846
95284.076409,20847
95284.086345,20848
95284.096345,20849
95284.106038,20850
95284.117688,20851
95284.129222,20852
95284.140231,20853
95284.150823,20854
95284.162918,20855
95284.173324,20856
95284.183308,20857
95284.193280,20858
95284.202765,20859
95284.212549,20860
95284.222280,20861
95284.232417,20862
95284.242700,20863
95284.253924,20864
95284.264700,20865
95284.276590,20866
95284.287732,20867
95284.299293,20868
95284.310099,20869
95284.321737,20870
95284.332724,20871
95284.343343,20872
95284.354009,20873
95284.364930,20874
95284.375753,20875
95284.386604,20876
95284.397502,20877
95284.407733,20878
95284.418098,20879
95284.428512,20880
95284.439258,20881
95284.449918,20882
95284.461090,20883
95284.471766,20884
95284.482417,20885
95284.493701,20886
95284.505357,20887
95284.517183,20888
95284.530024,20889
95284.541235,20890
95284.552327,20891
95284.562233,20892
95284.571848,20893
95284.581607,20894
95284.592827,20895
95284.602464,20896
95284.612403,20897
95284.621480,20898
95284.631086,20899
95284.643467,20900
95284.652937,20901
95284.663697,20902
95284.673547,20903
95284.683384,20904
95284.693217,20905
95284.702726,20906
95284.713128,20907
95284.722891,20908
95284.732811,20909
95284.743653,20910
95284.753527,20911
95284.763042,20912
95284.772431,20913
95284.782282,20914
95284.791556,20915
95284.801300,20916
95284.810809,20917
95284.820259,20918
95284.829790,20919
95284.840226,20920
95284.850304,20921
95284.859799,20922
95284.870291,20923
95284.879858,20924
95284.891277,20925
95284.902887,20926
95284.912770,20927
95284.922244,20928
95284.932263,20929
95284.942398,20930
95284.952421,20931
95284.963388,20932
95284.973637,20933
95284.983669,20934
95284.993628,20935
95285.003383,20936
95285.013434,20937
95285.023471,20938
95285.034531,20939
95285.044040,20940
95285.053856,20941
95285.064175,20942
95285.073683,20943
95285.083943,20944
95285.094188,20945
95285.105093,20946
95285.114880,20947
95285.124902,20948
95285.134323,20949
95285.144122,20950
95285.154134,20951
95285.165986,20952
95285.176259,20953
95285.185881,20954
95285.195380,20955
95285.205379,20956
95285.214674,20957
95285.224940,20958
95285.235612,20959
95285.246192,20960
95285.256657,20961
95285.266660,20962
95285.276433,20963
95285.286245,20964
95285.296769,20965
95285.306423,20966
95285.315860,20967
95285.328341,20968
95285.338218,20969
95285.347923,20970
95285.357604,20971
95285.370021,20972
95285.383498,20973
95285.393584,20974
95285.403689,20975
95285.413702,20976
95285.423640,20977
95285.433007,20978
95285.442922,20979
95285.452425,20980
95285.463148,20981
95285.472860,20982
95285.482365,20983
95285.493272,20984
95285.503304,20985
95285.513844,20986
95285.526297,20987
95285.536361,20988
95285.545973,20989
95285.556928,20990
95285.566884,20991
95285.576861,20992
95285.586484,20993
95285.595925,20994
95285.606914,20995
95285.616772,20996
95285.627361,20997
95285.638634,20998
95285.648733,20999
95288.560821,21000
95288.577405,21001
95288.590170,21002
95288.602651,21003
95288.611860,21004
95288.620486,21005
95288.631635,21006
95288.642540,21007
95288.653753,21008
95288.665605,21009
95288.678250,21010
95288.689533,21011
95288.697991,21012
95288.707373,21013
95288.718397,21014
95288.727114,21015
95288.737320,21016
95288.750110,21017
95288.759250,21018
95288.767878,21019
95288.776911,21020
95288.785853,21021
95288.794852,21022
95288.804661,21023
95288.813337,21024
95288.822174,21025
95288.831391,21026
95288.841424,21027
95288.850543,21028
95288.858702,21029
95288.870043,21030
95288.879949,21031
95288.891190,21032
95288.901111,21033
95288.910414,21034
95288.921211,21035
95288.930013,21036
95288.939963,21037
95288.949458,21038
95288.961224,21039
95288.971015,21040
95288.980675,21041
95288.991558,21042
95289.000703,21043
95289.011887,21044
95289.022299,21045
95289.031937,21046
95289.043277,21047
95289.053236,21048
95289.063815,21049
95289.076803,21050
95289.086782,21051
95289.096176,21052
95289.105630,21053
95289.114828,21054
95289.123531,21055
95289.133437,21056
95289.144214,21057
95289.156269,21058
95289.167220,21059
95289.177172,21060
95289.187522,21061
95289.196506,21062
95289.205232,21063
95289.215630,21064
95289.224231,21065
95289.233380,21066
95289.243420,21067
95289.254932,21068
95289.267285,21069
95289.276490,21070
95289.287326,21071
95289.296601,21072
95289.305356,21073
95289.315399,21074
95289.325279,21075
95289.335082,21076
95289.345783,21077
95289.355344,21078
95289.366058,21079
95289.374211,21080
95289.384342,21081
95289.393806,21082
95289.403932,21083
95289.413217,21084
95289.424289,21085
95289.434112,21086
95289.443188,21087
95289.453928,21088
95289.464150,21089
95289.476206,21090
95289.486483,21091
95289.495919,21092
95289.506395,21093
95289.515676,21094
95289.524702,21095
95289.534652,21096
95289.544913,21097
95289.553263,21098
95289.563541,21099
95289.574403,21100
95289.584054,21101
95289.594446,21102
95289.605365,21103
95289.615275,21104
95289.625197,21105
95289.635191,21106
95289.647006,21107
95289.657699,21108
95289.668803,21109
95289.678283,21110
95289.688383,21111
95289.699347,21112
95289.710337,21113
95289.720490,21114
95289.728780,21115
95289.739226,21116
95289.750227,21117
95289.760580,21118
95289.769639,21119
95289.778522,21120
95289.789013,21121
95289.797895,21122
95289.807689,21123
95289.817151,21124
95289.827505,21125
95289.836228,21126
95289.846228,21127
95289.856533,21128
95289.866250,21129
95289.876613,21130
95289.887427,21131
95289.898269,21132
95289.907552,21133
95289.918109,21134
95289.928226,21135
95289.938885,21136
95289.949193,21137
95289.959981,21138
95289.969792,21139
95289.978464,21140
95289.987304,21141
95289.997686,21142
95290.007340,21143
95290.017603,21144
95290.027244,21145
95290.037496,21146
95290.046760,21147
95290.055624,21148
95290.065807,21149
95290.077162,21150
95290.087763,21151
95290.097918,21152
95290.107626,21153
95290.120514,21154
95290.130808,21155
95290.139749,21156
95290.148455,21157
95290.157926,21158
95290.168281,21159
95290.180248,21160
95290.190434,21161
95290.202045,21162
95290.213162,21163
95290.223589,21164
95290.234224,21165
95290.244960,21166
95290.254081,21167
95290.264205,21168
95290.275548,21169
95290.285168,21170
95290.294631,21171
95290.304532,21172
95290.315458,21173
95290.326283,21174
95290.336615,21175
95290.347124,21176
95290.358528,21177
95290.370085,21178
95290.381295,21179
95290.392518,21180
95290.401793,21181
95290.412051,21182
95290.423162,21183
95290.434645,21184
95290.445523,21185
95290.456748,21186
95290.466636,21187
95290.476684,21188
95290.485966,21189
95290.496676,21190
95290.506132,21191
95290.516940,21192
95290.526755,21193
95290.538270,21194
95290.549518,21195
95290.558637,21196
95290.567689,21197
95290.578680,21198
95290.590476,21199
95290.602688,21200
95290.611509,21201
95290.621535,21202
95290.630116,21203
95290.640046,21204
95290.648915,21205
95290.662400,21206
95290.673454,21207
95290.685413,21208
95290.694493,21209
95290.705085,21210
95290.713680,21211
95290.723898,21212
95290.734997,21213
95290.745000,21214
95290.756053,21215
95290.765402,21216
95290.775784,21217
95290.786825,21218
95290.797751,21219
95290.808382,21220
95290.819788,21221
95290.830255,21222
95290.841011,21223
95290.851764,21224
95290.861446,21225
95290.872214,21226
95290.881868,21227
95290.892780,21228
95290.903769,21229
95290.912245,21230
95290.922199,21231
95290.932300,21232
95290.943969,21233
95290.954515,21234
95290.964142,21235
95290.974605,21236
95290.986407,21237
95290.995926,21238
95291.006208,21239
95291.016863,21240
95291.026173,21241
95291.036528,21242
95291.046862,21243
95291.057659,21244
95291.068313,21245
95291.078852,21246
95291.088639,21247
95291.099601,21248
95291.108272,21249
95293.428445,21250
95293.476495,21251
95293.482432,21252
95293.488233,21253
95293.494588,21254
95293.500289,21255
95293.506429,21256
95293.512319,21257
95293.518293,21258
95293.525639,21259
95293.531504,21260
95293.537264,21261
95293.543020,21262
95293.549017,21263
95293.554857,21264
95293.560615,21265
95293.567176,21266
95293.573465,21267
95293.580424,21268
95293.586974,21269
95293.595552,21270
95293.602429,21271
95293.609070,21272
95293.615421,21273
95293.621617,21274
95293.627461,21275
95293.633185,21276
95293.638964,21277
95293.644758,21278
95293.650973,21279
95293.657144,21280
95293.663831,21281
95293.669522,21282
95293.675253,21283
95293.680964,21284
95293.686757,21285
95293.692433,21286
95293.698294,21287
95293.703968,21288
95293.709655,21289
95293.715512,21290
95293.721811,21291
95293.727669,21292
95293.733574,21293
95293.739399,21294
95293.745218,21295
95293.751249,21296
95293.756991,21297
95293.763240,21298
95293.769222,21299
95293.776836,21300
95293.782716,21301
95293.788774,21302
95293.794433,21303
95293.800601,21304
95293.806444,21305
95293.812312,21306
95293.818245,21307
95293.824055,21308
95293.830456,21309
95293.836267,21310
95293.842038,21311
95293.847850,21312
95293.853663,21313
95293.859696,21314
95293.865501,21315
95293.871475,21316
95293.877256,21317
95293.883088,21318
95293.888811,21319
95293.894561,21320
95293.900393,21321
95293.907261,21322
95293.913809,21323
95293.919727,21324
95293.925377,21325
95293.931247,21326
95293.937174,21327
95293.942777,21328
95293.948380,21329
95293.954270,21330
95293.959973,21331
95293.965746,21332
95293.971469,21333
95293.977256,21334
95293.983208,21335
95293.988911,21336
95293.994851,21337
95294.001539,21338
95294.007260,21339
95294.014129,21340
95294.019830,21341
95294.025671,21342
95294.031460,21343
95294.037520,21344
95294.043431,21345
95294.049188,21346
95294.055346,21347
95294.061022,21348
95294.066881,21349
95294.073072,21350
95294.078971,21351
95294.085192,21352
95294.091759,21353
95294.097521,21354
95294.103429,21355
95294.109344,21356
95294.115039,21357
95294.120952,21358
95294.126984,21359
95294.133553,21360
95294.139476,21361
95294.145700,21362
95294.151520,21363
95294.157226,21364
95294.163693,21365
95294.169728,21366
95294.175553,21367
95294.181412,21368
95294.187243,21369
95294.193040,21370
95294.198774,21371
95294.204466,21372
95294.210319,21373
95294.217346,21374
95294.223292,21375
95294.229066,21376
95294.234876,21377
95294.240591,21378
95294.246466,21379
95294.252293,21380
95294.258318,21381
95294.264268,21382
95294.270262,21383
95294.276358,21384
95294.282171,21385
95294.288398,21386
95294.294366,21387
95294.300289,21388
95294.306672,21389
95294.313587,21390
95294.320266,21391
95294.326897,21392
95294.333630,21393
95294.340596,21394
95294.346544,21395
95294.352277,21396
95294.358220,21397
95294.363986,21398
95294.369672,21399
95294.377514,21400
95294.383221,21401
95294.388886,21402
95294.394624,21403
95294.400421,21404
95294.406608,21405
95294.412476,21406
95294.418294,21407
95294.424031,21408
95294.430555,21409
95294.436208,21410
95294.441999,21411
95294.447968,21412
95294.454197,21413
95294.460174,21414
95294.465963,21415
95294.471822,21416
95294.477635,21417
95294.483549,21418
95294.489498,21419
95294.495463,21420
95294.502027,21421
95294.508016,21422
95294.513905,21423
95294.519892,21424
95294.525819,21425
95294.531835,21426
95294.538378,21427
95294.544829,21428
95294.551225,21429
95294.557196,21430
95294.562956,21431
95294.569352,21432
95294.575409,21433
95294.581244,21434
95294.587155,21435
95294.593369,21436
95294.599340,21437
95294.605483,21438
95294.612174,21439
95294.618448,21440
95294.624856,21441
95294.631757,21442
95294.637912,21443
95294.643832,21444
95294.650060,21445
95294.656763,21446
95294.662749,21447
95294.668860,21448
95294.675020,21449
95294.681025,21450
95294.687562,21451
95294.693912,21452
95294.699897,21453
95294.706308,21454
95294.712467,21455
95294.718357,21456
95294.724677,21457
95294.730459,21458
95294.736316,21459
95294.742277,21460
95294.748174,21461
95294.753987,21462
95294.759943,21463
95294.766278,21464
95294.772470,21465
95294.778646,21466
95294.784451,21467
95294.790152,21468
95294.795861,21469
95294.801531,21470
95294.807241,21471
95294.813187,21472
95294.819215,21473
95294.825019,21474
95294.830734,21475
95294.836516,21476
95294.842274,21477
95294.848362,21478
95294.854137,21479
95294.860267,21480
95294.866317,21481
95294.872370,21482
95294.878268,21483
95294.884335,21484
95294.890150,21485
95294.896015,21486
95294.902461,21487
95294.909554,21488
95294.915636,21489
95294.921605,21490
95294.927445,21491
95294.933142,21492
95294.938966,21493
95294.944772,21494
95294.950613,21495
95294.956641,21496
95294.962732,21497
95294.968645,21498
95294.974510,21499
95298.124562,21500
95298.137961,21501
95298.143784,21502
95298.150267,21503
95298.157243,21504
95298.163572,21505
95298.170189,21506
95298.177203,21507
95298.183638,21508
95298.191199,21509
95298.196754,21510
95298.203204,21511
95298.211458,21512
95298.220792,21513
95298.230868,21514
95298.241191,21515
95298.248579,21516
95298.254419,21517
95298.262563,21518
95298.269335,21519
95298.279669,21520
95298.288220,21521
95298.294303,21522
95298.300707,21523
95298.310198,21524
95298.318654,21525
95298.325644,21526
95298.332271,21527
95298.338623,21528
95298.344770,21529
95298.351417,21530
95298.356779,21531
95298.365469,21532
95298.371429,21533
95298.377180,21534
95298.384234,21535
95298.393263,21536
95298.402856,21537
95298.411999,21538
95298.418889,21539
95298.429930,21540
95298.436010,21541
95298.443754,21542
95298.450544,21543
95298.458156,21544
95298.469363,21545
95298.475588,21546
95298.481841,21547
95298.495730,21548
95298.507427,21549
95298.516809,21550
95298.527682,21551
95298.533571,21552
95298.542550,21553
95298.550770,21554
95298.558915,21555
95298.565487,21556
95298.573965,21557
95298.583934,21558
95298.589813,21559
95298.596231,21560
95298.604816,21561
95298.610760,21562
95298.619363,21563
95298.624948,21564
95298.631945,21565
95298.638010,21566
95298.644551,21567
95298.652833,21568
95298.658101,21569
95298.663546,21570
95298.672827,21571
95298.678986,21572
95298.686153,21573
95298.692246,21574
95298.700718,21575
95298.707706,21576
95298.714155,21577
95298.721341,21578
95298.729306,21579
95298.735222,21580
95298.741845,21581
95298.747547,21582
95298.754274,21583
95298.760063,21584
95298.767135,21585
95298.774696,21586
95298.780636,21587
95298.789921,21588
95298.796179,21589
95298.804899,21590
95298.812939,21591
95298.822252,21592
95298.827985,21593
95298.835307,21594
95298.842385,21595
95298.851756,21596
95298.858623,21597
95298.868844,21598
95298.875315,21599
95298.881850,21600
95298.890492,21601
95298.896705,21602
95298.903181,21603
95298.913754,21604
95298.923529,21605
95298.929785,21606
95298.939361,21607
95298.948756,21608
95298.957064,21609
95298.964286,21610
95298.974927,21611
95298.981516,21612
95298.990890,21613
95298.999055,21614
95299.005228,21615
95299.015315,21616
95299.022097,21617
95299.030347,21618
95299.038718,21619
95299.044889,21620
95299.053724,21621
95299.060274,21622
95299.067065,21623
95299.076199,21624
95299.086177,21625
95299.092886,21626
95299.099795,21627
95299.109573,21628
95299.117356,21629
95299.128173,21630
95299.136491,21631
95299.145324,21632
95299.151837,21633
95299.160700,21634
95299.169308,21635
95299.176821,21636
95299.188125,21637
95299.196985,21638
95299.205324,21639
95299.214195,21640
95299.222766,21641
95299.229600,21642
95299.238271,21643
95299.246763,21644
95299.256237,21645
95299.266505,21646
95299.273094,21647
95299.282187,21648
95299.290165,21649
95299.300941,21650
95299.308446,21651
95299.317299,21652
95299.323632,21653
95299.332057,21654
95299.339134,21655
95299.347606,21656
95299.356889,21657
95299.364093,21658
95299.371950,21659
95299.379037,21660
95299.387747,21661
95299.395968,21662
95299.402927,21663
95299.409503,21664
95299.417911,21665
95299.428544,21666
95299.436848,21667
95299.445073,21668
95299.453518,21669
95299.460640,21670
95299.470545,21671
95299.477509,21672
95299.485184,21673
95299.495999,21674
95299.503187,21675
95299.509486,21676
95299.518495,21677
95299.528283,21678
95299.536111,21679
95299.543872,21680
95299.550438,21681
95299.558145,21682
95299.565028,21683
95299.573217,21684
95299.579432,21685
95299.588719,21686
95299.595967,21687
95299.606838,21688
95299.616295,21689
95299.623347,21690
95299.631699,21691
95299.640658,21692
95299.649960,21693
95299.660674,21694
95299.669023,21695
95299.679007,21696
95299.686894,21697
95299.694454,21698
95299.703346,21699
95299.711391,21700
95299.717935,21701
95299.725840,21702
95299.734365,21703
95299.742963,21704
95299.752276,21705
95299.760174,21706
95299.766936,21707
95299.774930,21708
95299.781369,21709
95299.790401,21710
95299.797680,21711
95299.804501,21712
95299.810603,21713
95299.820143,21714
95299.826724,21715
95299.833721,21716
95299.840108,21717
95299.849448,21718
95299.858655,21719
95299.866942,21720
95299.876335,21721
95299.884581,21722
95299.891260,21723
95299.899459,21724
95299.906836,21725
95299.915547,21726
95299.923459,21727
95299.929324,21728
95299.939230,21729
95299.949024,21730
95299.955469,21731
95299.964900,21732
95299.975404,21733
95299.982172,21734
95299.992458,21735
95299.998229,21736
95300.006858,21737
95300.013897,21738
95300.021402,21739
95300.028673,21740
95300.036521,21741
95300.043837,21742
95300.049920,21743
95300.057535,21744
95300.064142,21745
95300.072454,21746
95300.082033,21747
95300.091857,21748
95300.097964,21749
95303.021047,21750
95303.033132,21751
95303.041088,21752
95303.048959,21753
95303.056292,21754
95303.064260,21755
95303.073393,21756
95303.080331,21757
95303.086953,21758
95303.095111,21759
95303.101608,21760
95303.110261,21761
95303.118666,21762
95303.127016,21763
95303.136008,21764
95303.143159,21765
95303.149730,21766
95303.156722,21767
95303.163820,21768
95303.173238,21769
95303.183126,21770
95303.192051,21771
95303.199052,21772
95303.206413,21773
95303.214982,21774
95303.223337,21775
95303.233356,21776
95303.241373,21777
95303.250035,21778
95303.259875,21779
95303.266983,21780
95303.274415,21781
95303.281195,21782
95303.289482,21783
95303.298171,21784
95303.304948,21785
95303.313708,21786
95303.323123,21787
95303.332063,21788
95303.341463,21789
95303.348558,21790
95303.357261,21791
95303.366280,21792
95303.376181,21793
95303.383914,21794
95303.393382,21795
95303.401908,21796
95303.413324,21797
95303.421187,21798
95303.430678,21799
95303.441832,21800
95303.450560,21801
95303.461284,21802
95303.469823,21803
95303.478672,21804
95303.486874,21805
95303.495277,21806
95303.504136,21807
95303.510999,21808
95303.519868,21809
95303.529643,21810
95303.538487,21811
95303.548265,21812
95303.557115,21813
95303.565745,21814
95303.572918,21815
95303.580898,21816
95303.589405,21817
95303.598475,21818
95303.605962,21819
95303.614010,21820
95303.621326,21821
95303.628539,21822
95303.637161,21823
95303.646156,21824
95303.655185,21825
95303.664247,21826
95303.672072,21827
95303.681278,21828
95303.688279,21829
95303.696512,21830
95303.705249,21831
95303.714355,21832
95303.725422,21833
95303.734817,21834
95303.742549,21835
95303.751824,21836
95303.761296,21837
95303.769135,21838
95303.778587,21839
95303.786221,21840
95303.794648,21841
95303.803328,21842
95303.813249,21843
95303.819978,21844
95303.826966,21845
95303.835481,21846
95303.843209,21847
95303.852506,21848
95303.859958,21849
95303.868040,21850
95303.874883,21851
95303.885847,21852
95303.892677,21853
95303.899543,21854
95303.907554,21855
95303.915793,21856
95303.923814,21857
95303.932681,21858
95303.940197,21859
95303.948379,21860
95303.955357,21861
95303.962863,21862
95303.970416,21863
95303.977455,21864
95303.984611,21865
95303.993260,21866
95304.001122,21867
95304.009162,21868
95304.017846,21869
95304.027045,21870
95304.035758,21871
95304.043750,21872
95304.051737,21873
95304.059144,21874
95304.066026,21875
95304.074152,21876
95304.083012,21877
95304.092349,21878
95304.099868,21879
95304.108372,21880
95304.116040,21881
95304.124578,21882
95304.131648,21883
95304.140642,21884
95304.149379,21885
95304.156191,21886
95304.167141,21887
95304.174826,21888
95304.182139,21889
95304.191089,21890
95304.200996,21891
95304.208472,21892
95304.216869,21893
95304.228710,21894
95304.237504,21895
95304.245494,21896
95304.253386,21897
95304.260862,21898
95304.269275,21899
95304.279619,21900
95304.289941,21901
95304.297762,21902
95304.307442,21903
95304.315470,21904
95304.323424,21905
95304.331727,21906
95304.341569,21907
95304.349247,21908
95304.356784,21909
95304.364490,21910
95304.371825,21911
95304.380929,21912
95304.390382,21913
95304.397441,21914
95304.406020,21915
95304.414678,21916
95304.423543,21917
95304.431845,21918
95304.439210,21919
95304.451275,21920
95304.458402,21921
95304.467271,21922
95304.475962,21923
95304.483329,21924
95304.493162,21925
95304.502023,21926
95304.512877,21927
95304.520641,21928
95304.528281,21929
95304.536838,21930
95304.546246,21931
95304.554891,21932
95304.563664,21933
95304.573087,21934
95304.580577,21935
95304.592492,21936
95304.601657,21937
95304.609480,21938
95304.618962,21939
95304.628514,21940
95304.636256,21941
95304.644480,21942
95304.651659,21943
95304.658679,21944
95304.667643,21945
95304.676977,21946
95304.688752,21947
95304.697584,21948
95304.706196,21949
95304.715855,21950
95304.724818,21951
95304.733456,21952
95304.740654,21953
95304.749711,21954
95304.759136,21955
95304.767505,21956
95304.779374,21957
95304.789153,21958
95304.801704,21959
95304.813267,21960
95304.825472,21961
95304.835118,21962
95304.842715,21963
95304.849813,21964
95304.859222,21965
95304.867902,21966
95304.878222,21967
95304.885294,21968
95304.893985,21969
95304.901270,21970
95304.909123,21971
95304.921260,21972
95304.929712,21973
95304.938697,21974
95304.948114,21975
95304.956425,21976
95304.964284,21977
95304.975050,21978
95304.986400,21979
95304.995582,21980
95305.005403,21981
95305.014692,21982
95305.024725,21983
95305.032813,21984
95305.040982,21985
95305.047907,21986
95305.057262,21987
95305.064242,21988
95305.073177,21989
95305.080866,21990
95305.088442,21991
95305.096288,21992
95305.107179,21993
95305.114388,21994
95305.122708,21995
95305.133368,21996
95305.141334,21997
95305.148302,21998
95305.155572,21999
95308.096788,22000
95308.109993,22001
95308.121271,22002
95308.132832,22003
95308.145158,22004
95308.155780,22005
95308.165949,22006
95308.177032,22007
95308.188033,22008
95308.200018,22009
95308.211580,22010
95308.222867,22011
95308.232793,22012
95308.243981,22013
95308.255250,22014
95308.265618,22015
95308.276181,22016
95308.287653,22017
95308.300117,22018
95308.311205,22019
95308.321403,22020
95308.332607,22021
95308.343810,22022
95308.355625,22023
95308.366388,22024
95308.376907,22025
95308.387955,22026
95308.400205,22027
95308.411595,22028
95308.422434,22029
95308.432936,22030
95308.444466,22031
95308.455740,22032
95308.466863,22033
95308.478459,22034
95308.491837,22035
95308.503801,22036
95308.514574,22037
95308.526081,22038
95308.537413,22039
95308.547437,22040
95308.558447,22041
95308.569344,22042
95308.580793,22043
95308.592217,22044
95308.604168,22045
95308.616300,22046
95308.627821,22047
95308.640410,22048
95308.651259,22049
95308.664826,22050
95308.675585,22051
95308.687860,22052
95308.698614,22053
95308.708843,22054
95308.720074,22055
95308.733207,22056
95308.745154,22057
95308.758578,22058
95308.770836,22059
95308.781876,22060
95308.792567,22061
95308.802724,22062
95308.813917,22063
95308.825091,22064
95308.835522,22065
95308.846588,22066
95308.857870,22067
95308.868572,22068
95308.879719,22069
95308.890851,22070
95308.902413,22071
95308.912675,22072
95308.923514,22073
95308.934042,22074
95308.944870,22075
95308.955694,22076
95308.966702,22077
95308.976958,22078
95308.988556,22079
95308.999664,22080
95309.011221,22081
95309.022308,22082
95309.033337,22083
95309.043666,22084
95309.053904,22085
95309.065166,22086
95309.075773,22087
95309.087790,22088
95309.098321,22089
95309.108806,22090
95309.119686,22091
95309.131044,22092
95309.142093,22093
95309.152480,22094
95309.163512,22095
95309.174595,22096
95309.185621,22097
95309.195679,22098
95309.205946,22099
95309.216931,22100
95309.227952,22101
95309.239850,22102
95309.249693,22103
95309.259852,22104
95309.269890,22105
95309.281459,22106
95309.292746,22107
95309.303625,22108
95309.314497,22109
95309.325436,22110
95309.336335,22111
95309.347734,22112
95309.358714,22113
95309.369740,22114
95309.380566,22115
95309.390729,22116
95309.401848,22117
95309.413185,22118
95309.424414,22119
95309.435756,22120
95309.446740,22121
95309.457701,22122
95309.467809,22123
95309.478948,22124
95309.490220,22125
95309.501752,22126
95309.512669,22127
95309.524478,22128
95309.535350,22129
95309.546355,22130
95309.557376,22131
95309.568519,22132
95309.579529,22133
95309.590606,22134
95309.601415,22135
95309.612812,22136
95309.624134,22137
95309.635493,22138
95309.646959,22139
95309.657271,22140
95309.668388,22141
95309.678606,22142
95309.689688,22143
95309.699834,22144
95309.710569,22145
95309.721502,22146
95309.732472,22147
95309.743525,22148
95309.753788,22149
95309.766552,22150
95309.776117,22151
95309.786610,22152
95309.797518,22153
95309.809447,22154
95309.819556,22155
95309.831530,22156
95309.842141,22157
95309.853358,22158
95309.864706,22159
95309.875871,22160
95309.885910,22161
95309.897483,22162
95309.908252,22163
95309.920610,22164
95309.931481,22165
95309.943769,22166
95309.956160,22167
95309.968395,22168
95309.982548,22169
95309.995047,22170
95310.008570,22171
95310.021219,22172
95310.033750,22173
95310.047216,22174
95310.059522,22175
95310.071031,22176
95310.083462,22177
95310.095929,22178
95310.109449,22179
95310.121421,22180
95310.133595,22181
95310.145628,22182
95310.158104,22183
95310.169762,22184
95310.181041,22185
95310.193608,22186
95310.205628,22187
95310.219091,22188
95310.230312,22189
95310.241381,22190
95310.253725,22191
95310.266244,22192
95310.277971,22193
95310.290589,22194
95310.302997,22195
95310.314452,22196
95310.326498,22197
95310.338246,22198
95310.349569,22199
95310.361266,22200
95310.372891,22201
95310.384839,22202
95310.397316,22203
95310.409158,22204
95310.421293,22205
95310.432748,22206
95310.443891,22207
95310.455702,22208
95310.467616,22209
95310.480156,22210
95310.492656,22211
95310.505324,22212
95310.516823,22213
95310.529994,22214
95310.542759,22215
95310.554835,22216
95310.566845,22217
95310.579020,22218
95310.591177,22219
95310.603025,22220
95310.615453,22221
95310.627683,22222
95310.638965,22223
95310.650973,22224
95310.663261,22225
95310.675679,22226
95310.688478,22227
95310.700290,22228
95310.713319,22229
95310.725630,22230
95310.737227,22231
95310.749240,22232
95310.761722,22233
95310.774567,22234
95310.786513,22235
95310.799662,22236
95310.812153,22237
95310.824462,22238
95310.837523,22239
95310.850892,22240
95310.863351,22241
95310.876249,22242
95310.888180,22243
95310.900387,22244
95310.912629,22245
95310.924718,22246
95310.936766,22247
95310.948863,22248
95310.960446,22249
95312.837405,22500
95312.932524,22501
95312.939060,22502
95312.945311,22503
95312.951098,22504
95312.957240,22505
95312.962882,22506
95312.968967,22507
95312.974857,22508
95312.980952,22509
95312.986717,22510
95312.992688,22511
95312.998470,22512
95313.004428,22513
95313.010295,22514
95313.016232,22515
95313.022083,22516
95313.028067,22517
95313.033791,22518
95313.039782,22519
95313.045582,22520
95313.051546,22521
95313.057568,22522
95313.064268,22523
95313.070346,22524
95313.076416,22525
95313.082376,22526
95313.088374,22527
95313.094213,22528
95313.100214,22529
95313.105967,22530
95313.112431,22531
95313.118509,22532
95313.124792,22533
95313.130595,22534
95313.136612,22535
95313.142293,22536
95313.148269,22537
95313.154172,22538
95313.160142,22539
95313.165831,22540
95313.171866,22541
95313.177668,22542
95313.183812,22543
95313.189703,22544
95313.195893,22545
95313.201826,22546
95313.208059,22547
95313.214128,22548
95313.221329,22549
95313.228151,22550
95313.234681,22551
95313.240527,22552
95313.246565,22553
95313.252293,22554
95313.258361,22555
95313.264161,22556
95313.270170,22557
95313.276064,22558
95313.282039,22559
95313.288047,22560
95313.294162,22561
95313.300197,22562
95313.306102,22563
95313.312249,22564
95313.318317,22565
95313.324282,22566
95313.330694,22567
95313.337475,22568
95313.343859,22569
95313.350082,22570
95313.356526,22571
95313.362620,22572
95313.368988,22573
95313.375095,22574
95313.381457,22575
95313.387185,22576
95313.393261,22577
95313.399305,22578
95313.405665,22579
95313.411614,22580
95313.417764,22581
95313.423502,22582
95313.429743,22583
95313.436085,22584
95313.442379,22585
95313.448341,22586
95313.454510,22587
95313.460611,22588
95313.466682,22589
95313.472579,22590
95313.478765,22591
95313.484826,22592
95313.491038,22593
95313.496919,22594
95313.503646,22595
95313.509568,22596
95313.515795,22597
95313.521836,22598
95313.528073,22599
95313.535943,22600
95313.542036,22601
95313.547865,22602
95313.553952,22603
95313.560211,22604
95313.566874,22605
95313.572864,22606
95313.579409,22607
95313.585851,22608
95313.592363,22609
95313.598578,22610
95313.605236,22611
95313.611415,22612
95313.617936,22613
95313.623972,22614
95313.630071,22615
95313.635934,22616
95313.642088,22617
95313.647876,22618
95313.653922,22619
95313.659871,22620
95313.665871,22621
95313.671870,22622
95313.677768,22623
95313.683427,22624
95313.689867,22625
95313.695533,22626
95313.701532,22627
95313.707556,22628
95313.714954,22629
95313.721402,22630
95313.727606,22631
95313.733576,22632
95313.739964,22633
95313.745785,22634
95313.752254,22635
95313.758340,22636
95313.764594,22637
95313.770695,22638
95313.776774,22639
95313.782820,22640
95313.789107,22641
95313.795052,22642
95313.801338,22643
95313.807341,22644
95313.813423,22645
95313.819214,22646
95313.825920,22647
95313.832632,22648
95313.839180,22649
95313.845049,22650
95313.851613,22651
95313.857644,22652
95313.864061,22653
95313.870279,22654
95313.876452,22655
95313.882330,22656
95313.888598,22657
95313.894752,22658
95313.901824,22659
95313.908537,22660
95313.916600,22661
95313.924549,22662
95313.932270,22663
95313.939538,22664
95313.946536,22665
95313.953064,22666
95313.959796,22667
95313.965931,22668
95313.972016,22669
95313.977877,22670
95313.983902,22671
95313.990034,22672
95313.996208,22673
95314.002026,22674
95314.008125,22675
95314.014148,22676
95314.020180,22677
95314.025986,22678
95314.032168,22679
95314.037817,22680
95314.043744,22681
95314.049563,22682
95314.055926,22683
95314.061954,22684
95314.068226,22685
95314.074008,22686
95314.080022,22687
95314.085765,22688
95314.091724,22689
95314.097473,22690
95314.103515,22691
95314.109402,22692
95314.115521,22693
95314.121218,22694
95314.127671,22695
95314.133861,22696
95314.140280,22697
95314.146322,22698
95314.152417,22699
95314.160105,22700
95314.166252,22701
95314.172310,22702
95314.178327,22703
95314.184014,22704
95314.190008,22705
95314.195905,22706
95314.202347,22707
95314.208188,22708
95314.214599,22709
95314.220261,22710
95314.226278,22711
95314.232278,22712
95314.238556,22713
95314.244316,22714
95314.250377,22715
95314.256287,22716
95314.262582,22717
95314.269045,22718
95314.275273,22719
95314.281385,22720
95314.287357,22721
95314.293019,22722
95314.299365,22723
95314.305465,22724
95314.311716,22725
95314.317706,22726
95314.323705,22727
95314.329563,22728
95314.335706,22729
95314.341457,22730
95314.347708,22731
95314.353576,22732
95314.359649,22733
95314.366020,22734
95314.372342,22735
95314.378213,22736
95314.384767,22737
95314.390710,22738
95314.396897,22739
95314.402937,22740
95314.409052,22741
95314.415199,22742
95314.421321,22743
95314.427037,22744
95314.432998,22745
95314.438628,22746
95314.444669,22747
95314.450507,22748
95314.456504,22749
95317.078636,22750
95317.087619,22751
95317.096822,22752
95317.106718,22753
95317.115683,22754
95317.125119,22755
95317.131034,22756
95317.137430,22757
95317.143685,22758
95317.153589,22759
95317.159695,22760
95317.165798,22761
95317.171684,22762
95317.178201,22763
95317.187503,22764
95317.193655,22765
95317.199541,22766
95317.208488,22767
95317.214476,22768
95317.223854,22769
95317.229985,22770
95317.236210,22771
95317.241951,22772
95317.248120,22773
95317.257185,22774
95317.266713,22775
95317.272573,22776
95317.279007,22777
95317.284688,22778
95317.290734,22779
95317.296524,22780
95317.305392,22781
95317.313599,22782
95317.319728,22783
95317.327022,22784
95317.333255,22785
95317.339000,22786
95317.349468,22787
95317.358987,22788
95317.368420,22789
95317.378092,22790
95317.383825,22791
95317.389584,22792
95317.395712,22793
95317.401714,22794
95317.411983,22795
95317.418493,22796
95317.424247,22797
95317.433309,22798
95317.441530,22799
95317.447523,22800
95317.457297,22801
95317.463236,22802
95317.472598,22803
95317.478419,22804
95317.487768,22805
95317.494946,22806
95317.500630,22807
95317.506496,22808
95317.512533,22809
95317.518927,22810
95317.525413,22811
95317.531252,22812
95317.537026,22813
95317.542796,22814
95317.552100,22815
95317.560278,22816
95317.566585,22817
95317.576115,22818
95317.585807,22819
95317.595691,22820
95317.605652,22821
95317.611720,22822
95317.618811,22823
95317.629624,22824
95317.639710,22825
95317.646373,22826
95317.655747,22827
95317.665026,22828
95317.673963,22829
95317.679902,22830
95317.688526,22831
95317.694343,22832
95317.700532,22833
95317.706297,22834
95317.712546,22835
95317.722179,22836
95317.728234,22837
95317.735782,22838
95317.743979,22839
95317.753135,22840
95317.759297,22841
95317.768491,22842
95317.774319,22843
95317.780179,22844
95317.789522,22845
95317.798588,22846
95317.804563,22847
95317.813016,22848
95317.821898,22849
95317.834016,22850
95317.840175,22851
95317.850145,22852
95317.856354,22853
95317.862196,22854
95317.871720,22855
95317.877905,22856
95317.889476,22857
95317.898827,22858
95317.905530,22859
95317.911472,22860
95317.917986,22861
95317.924587,22862
95317.932868,22863
95317.938701,22864
95317.947767,22865
95317.958399,22866
95317.966756,22867
95317.976233,22868
95317.982752,22869
95317.989149,22870
95317.996509,22871
95318.005728,22872
95318.014968,22873
95318.024834,22874
95318.034350,22875
95318.042793,22876
95318.051485,22877
95318.057407,22878
95318.063729,22879
95318.069770,22880
95318.079036,22881
95318.088589,22882
95318.098789,22883
95318.108397,22884
95318.114554,22885
95318.120837,22886
95318.126614,22887
95318.132602,22888
95318.138450,22889
95318.144342,22890
95318.150469,22891
95318.157200,22892
95318.167234,22893
95318.173194,22894
95318.179515,22895
95318.188876,22896
95318.194963,22897
95318.204289,22898
95318.210146,22899
95318.219256,22900
95318.228246,22901
95318.237078,22902
95318.247205,22903
95318.253770,22904
95318.263425,22905
95318.269582,22906
95318.276514,22907
95318.282436,22908
95318.288470,22909
95318.294700,22910
95318.304257,22911
95318.310161,22912
95318.319464,22913
95318.328970,22914
95318.339648,22915
95318.349808,22916
95318.359414,22917
95318.368357,22918
95318.374414,22919
95318.380457,22920
95318.390731,22921
95318.396582,22922
95318.402673,22923
95318.408782,22924
95318.418377,22925
95318.425489,22926
95318.435785,22927
95318.445968,22928
95318.453800,22929
95318.460016,22930
95318.466260,22931
95318.471994,22932
95318.481015,22933
95318.489682,22934
95318.499291,22935
95318.505318,22936
95318.511621,22937
95318.521267,22938
95318.527655,22939
95318.534348,22940
95318.543090,22941
95318.550649,22942
95318.556533,22943
95318.565442,22944
95318.572574,22945
95318.581346,22946
95318.587776,22947
95318.597864,22948
95318.604575,22949
95318.613435,22950
95318.623251,22951
95318.632459,22952
95318.642608,22953
95318.651389,22954
95318.658626,22955
95318.668385,22956
95318.674883,22957
95318.684655,22958
95318.694195,22959
95318.700388,22960
95318.708888,22961
95318.714838,22962
95318.721011,22963
95318.730589,22964
95318.740465,22965
95318.746373,22966
95318.755945,22967
95318.762016,22968
95318.772380,22969
95318.778190,22970
95318.784226,22971
95318.793848,22972
95318.803264,22973
95318.812561,22974
95318.820472,22975
95318.826602,22976
95318.835458,22977
95318.841405,22978
95318.854166,22979
95318.864257,22980
95318.870367,22981
95318.876803,22982
95318.886888,22983
95318.897329,22984
95318.906113,22985
95318.915632,22986
95318.921795,22987
95318.927862,22988
95318.933911,22989
95318.939777,22990
95318.945595,22991
95318.951469,22992
95318.960722,22993
95318.966857,22994
95318.972719,22995
95318.982203,22996
95318.988472,22997
95318.998202,22998
95319.005833,22999
95321.922609,23000
95321.934345,23001
95321.944453,23002
95321.953941,23003
95321.963447,23004
95321.973055,23005
95321.982440,23006
95321.992124,23007
95322.001999,23008
95322.011589,23009
95322.021653,23010
95322.031034,23011
95322.041309,23012
95322.051230,23013
95322.060433,23014
95322.069852,23015
95322.079661,23016
95322.088901,23017
95322.098359,23018
95322.107626,23019
95322.117238,23020
95322.126717,23021
95322.136194,23022
95322.145742,23023
95322.154806,23024
95322.164324,23025
95322.173647,23026
95322.182911,23027
95322.192538,23028
95322.202283,23029
95322.212121,23030
95322.221297,23031
95322.231006,23032
95322.240186,23033
95322.249552,23034
95322.258855,23035
95322.268895,23036
95322.278008,23037
95322.288520,23038
95322.297680,23039
95322.307217,23040
95322.316181,23041
95322.325354,23042
95322.334530,23043
95322.343890,23044
95322.353297,23045
95322.362544,23046
95322.371802,23047
95322.380979,23048
95322.391728,23049
95322.400930,23050
95322.410357,23051
95322.420648,23052
95322.430476,23053
95322.440187,23054
95322.449576,23055
95322.459310,23056
95322.468374,23057
95322.477777,23058
95322.488211,23059
95322.497964,23060
95322.507404,23061
95322.518048,23062
95322.529035,23063
95322.538384,23064
95322.547937,23065
95322.557378,23066
95322.566694,23067
95322.576347,23068
95322.585577,23069
95322.595174,23070
95322.605681,23071
95322.615367,23072
95322.625581,23073
95322.635669,23074
95322.645694,23075
95322.654892,23076
95322.664527,23077
95322.674163,23078
95322.683322,23079
95322.692709,23080
95322.701849,23081
95322.712955,23082
95322.722758,23083
95322.732818,23084
95322.742166,23085
95322.751347,23086
95322.760834,23087
95322.770326,23088
95322.779657,23089
95322.789211,23090
95322.798713,23091
95322.807957,23092
95322.817123,23093
95322.826713,23094
95322.836508,23095
95322.845740,23096
95322.855667,23097
95322.865023,23098
95322.874710,23099
95322.886534,23100
95322.896873,23101
95322.907416,23102
95322.918171,23103
95322.927499,23104
95322.937971,23105
95322.947804,23106
95322.957283,23107
95322.966506,23108
95322.975962,23109
95322.985191,23110
95322.995049,23111
95323.005263,23112
95323.015762,23113
95323.026286,23114
95323.035938,23115
95323.045405,23116
95323.055071,23117
95323.064581,23118
95323.074270,23119
95323.083644,23120
95323.093186,23121
95323.103355,23122
95323.114855,23123
95323.124950,23124
95323.134707,23125
95323.144417,23126
95323.153940,23127
95323.163838,23128
95323.172925,23129
95323.183283,23130
95323.193854,23131
95323.203247,23132
95323.212465,23133
95323.221764,23134
95323.231211,23135
95323.240238,23136
95323.250117,23137
95323.259917,23138
95323.269216,23139
95323.279131,23140
95323.289018,23141
95323.299380,23142
95323.309235,23143
95323.319477,23144
95323.329329,23145
95323.338988,23146
95323.348877,23147
95323.358445,23148
95323.368368,23149
95323.378012,23150
95323.387783,23151
95323.398916,23152
95323.408616,23153
95323.421089,23154
95323.430615,23155
95323.440941,23156
95323.450659,23157
95323.459683,23158
95323.469261,23159
95323.478634,23160
95323.488172,23161
95323.497293,23162
95323.506856,23163
95323.516174,23164
95323.526328,23165
95323.535437,23166
95323.545348,23167
95323.554713,23168
95323.564164,23169
95323.573451,23170
95323.582774,23171
95323.592426,23172
95323.601605,23173
95323.611406,23174
95323.621249,23175
95323.631575,23176
95323.642521,23177
95323.652690,23178
95323.662586,23179
95323.672112,23180
95323.684391,23181
95323.693902,23182
95323.703015,23183
95323.712930,23184
95323.722747,23185
95323.732316,23186
95323.741721,23187
95323.753825,23188
95323.763309,23189
95323.773222,23190
95323.783463,23191
95323.793509,23192
95323.803471,23193
95323.813322,23194
95323.823346,23195
95323.832892,23196
95323.843256,23197
95323.853125,23198
95323.863678,23199
95323.875825,23200
95323.885379,23201
95323.895202,23202
95323.905696,23203
95323.915442,23204
95323.925704,23205
95323.935175,23206
95323.945030,23207
95323.954415,23208
95323.963745,23209
95323.973359,23210
95323.983607,23211
95323.993717,23212
95324.003281,23213
95324.012906,23214
95324.022470,23215
95324.031815,23216
95324.041386,23217
95324.050798,23218
95324.060388,23219
95324.069698,23220
95324.080037,23221
95324.089986,23222
95324.100537,23223
95324.110288,23224
95324.120807,23225
95324.130877,23226
95324.140779,23227
95324.150349,23228
95324.160521,23229
95324.172665,23230
95324.183008,23231
95324.192707,23232
95324.202052,23233
95324.211223,23234
95324.220898,23235
95324.230450,23236
95324.243009,23237
95324.253105,23238
95324.263400,23239
95324.273079,23240
95324.282564,23241
95324.292868,23242
95324.303114,23243
95324.314128,23244
95324.323533,23245
95324.333747,23246
95324.343934,23247
95324.353667,23248
95324.363497,23249
95327.274346,23250
95327.286762,23251
95327.295724,23252
95327.304963,23253
95327.315717,23254
95327.326046,23255
95327.334892,23256
95327.346803,23257
95327.359860,23258
95327.373482,23259
95327.382203,23260
95327.392725,23261
95327.403876,23262
95327.413363,23263
95327.423929,23264
95327.433249,23265
95327.443713,23266
95327.454187,23267
95327.465242,23268
95327.474198,23269
95327.482408,23270
95327.492497,23271
95327.503232,23272
95327.513873,23273
95327.524596,23274
95327.534868,23275
95327.545012,23276
95327.555367,23277
95327.564398,23278
95327.573526,23279
95327.583638,23280
95327.592776,23281
95327.603774,23282
95327.614504,23283
95327.624444,23284
95327.634111,23285
95327.644758,23286
95327.653835,23287
95327.665068,23288
95327.675444,23289
95327.683948,23290
95327.694877,23291
95327.705623,23292
95327.715585,23293
95327.727472,23294
95327.738195,23295
95327.747008,23296
95327.757161,23297
95327.766624,23298
95327.776479,23299
95327.786866,23300
95327.797909,23301
95327.807771,23302
95327.817639,23303
95327.828123,23304
95327.839588,23305
95327.848825,23306
95327.859672,23307
95327.868844,23308
95327.878634,23309
95327.889180,23310
95327.897877,23311
95327.906402,23312
95327.919240,23313
95327.929584,23314
95327.940179,23315
95327.949830,23316
95327.960462,23317
95327.971567,23318
95327.981196,23319
95327.989621,23320
95327.998762,23321
95328.007329,23322
95328.016907,23323
95328.025898,23324
95328.035652,23325
95328.045682,23326
95328.056565,23327
95328.068237,23328
95328.078441,23329
95328.088435,23330
95328.099510,23331
95328.109289,23332
95328.119435,23333
95328.130589,23334
95328.139734,23335
95328.150888,23336
95328.159528,23337
95328.170013,23338
95328.180252,23339
95328.190286,23340
95328.200361,23341
95328.210293,23342
95328.219827,23343
95328.228398,23344
95328.237838,23345
95328.247863,23346
95328.257711,23347
95328.268951,23348
95328.278166,23349
95328.292555,23350
95328.301847,23351
95328.312327,23352
95328.321288,23353
95328.331904,23354
95328.340202,23355
95328.350756,23356
95328.361182,23357
95328.371410,23358
95328.379531,23359
95328.389788,23360
95328.398516,23361
95328.406778,23362
95328.414985,23363
95328.425409,23364
95328.436315,23365
95328.448507,23366
95328.457083,23367
95328.467700,23368
95328.476790,23369
95328.487694,23370
95328.498222,23371
95328.508776,23372
95328.519535,23373
95328.535381,23374
95328.549846,23375
95328.562648,23376
95328.573486,23377
95328.582253,23378
95328.592975,23379
95328.603415,23380
95328.614312,23381
95328.625276,23382
95328.635221,23383
95328.643521,23384
95328.653457,23385
95328.663460,23386
95328.674019,23387
95328.684572,23388
95328.692847,23389
95328.702055,23390
95328.711789,23391
95328.722935,23392
95328.732885,23393
95328.741226,23394
95328.752454,23395
95328.761322,23396
95328.770781,23397
95328.780930,23398
95328.791825,23399
95328.801445,23400
95328.814433,23401
95328.823778,23402
95328.836251,23403
95328.846608,23404
95328.854778,23405
95328.865164,23406
95328.877748,23407
95328.887137,23408
95328.896281,23409
95328.906602,23410
95328.915780,23411
95328.924955,23412
95328.934920,23413
95328.945557,23414
95328.954908,23415
95328.964298,23416
95328.974388,23417
95328.983699,23418
95328.992633,23419
95329.003166,23420
95329.011864,23421
95329.024225,23422
95329.033076,23423
95329.041523,23424
95329.050248,23425
95329.060675,23426
95329.069422,23427
95329.077277,23428
95329.086083,23429
95329.096212,23430
95329.104498,23431
95329.115722,23432
95329.126022,23433
95329.136367,23434
95329.146522,23435
95329.155776,23436
95329.165611,23437
95329.175013,23438
95329.185732,23439
95329.195720,23440
95329.205922,23441
95329.215350,23442
95329.227344,23443
95329.237090,23444
95329.246755,23445
95329.256163,23446
95329.266648,23447
95329.275602,23448
95329.285109,23449
95329.297369,23450
95329.305847,23451
95329.314709,23452
95329.325262,23453
95329.335597,23454
95329.346111,23455
95329.356505,23456
95329.367195,23457
95329.377751,23458
95329.388247,23459
95329.398371,23460
95329.408695,23461
95329.418969,23462
95329.429289,23463
95329.439149,23464
95329.450174,23465
95329.460075,23466
95329.469609,23467
95329.479614,23468
95329.488036,23469
95329.497605,23470
95329.507959,23471
95329.519441,23472
95329.530480,23473
95329.539498,23474
95329.549771,23475
95329.560264,23476
95329.572058,23477
95329.584811,23478
95329.596068,23479
95329.605815,23480
95329.615872,23481
95329.626607,23482
95329.637206,23483
95329.646832,23484
95329.656622,23485
95329.664831,23486
95329.674274,23487
95329.684710,23488
95329.694513,23489
95329.702359,23490
95329.712873,23491
95329.722748,23492
95329.735919,23493
95329.744944,23494
95329.753795,23495
95329.762437,23496
95329.770491,23497
95329.778888,23498
95329.787956,23499
95332.629346,23500
95332.677860,23501
95332.683905,23502
95332.689669,23503
95332.695408,23504
95332.701279,23505
95332.707476,23506
95332.713464,23507
95332.719291,23508
95332.725543,23509
95332.731272,23510
95332.737041,23511
95332.742824,23512
95332.748667,23513
95332.755042,23514
95332.761776,23515
95332.767519,23516
95332.773476,23517
95332.779417,23518
95332.785160,23519
95332.790926,23520
95332.798060,23521
95332.804699,23522
95332.810606,23523
95332.816873,23524
95332.822562,23525
95332.828486,23526
95332.834139,23527
95332.839849,23528
95332.845772,23529
95332.852167,23530
95332.858272,23531
95332.864097,23532
95332.869871,23533
95332.875718,23534
95332.881525,23535
95332.887323,23536
95332.893032,23537
95332.898996,23538
95332.904766,23539
95332.910582,23540
95332.916391,23541
95332.922464,23542
95332.928256,23543
95332.934010,23544
95332.939893,23545
95332.945795,23546
95332.951720,23547
95332.960647,23548
95332.970970,23549
95332.980333,23550
95332.989776,23551
95332.998034,23552
95333.003963,23553
95333.010448,23554
95333.016141,23555
95333.021918,23556
95333.028326,23557
95333.035057,23558
95333.041101,23559
95333.046791,23560
95333.052542,23561
95333.058371,23562
95333.064385,23563
95333.070369,23564
95333.076383,23565
95333.082639,23566
95333.088441,23567
95333.094411,23568
95333.100346,23569
95333.106201,23570
95333.112088,23571
95333.118121,23572
95333.123909,23573
95333.129854,23574
95333.136163,23575
95333.141910,23576
95333.148634,23577
95333.154456,23578
95333.160358,23579
95333.166251,23580
95333.172165,23581
95333.178297,23582
95333.184194,23583
95333.190041,23584
95333.195932,23585
95333.201918,23586
95333.208277,23587
95333.214303,23588
95333.220147,23589
95333.226271,23590
95333.232300,23591
95333.238247,23592
95333.244247,23593
95333.250280,23594
95333.256305,23595
95333.262269,23596
95333.268121,23597
95333.273837,23598
95333.279770,23599
95333.287437,23600
95333.293317,23601
95333.299035,23602
95333.304834,23603
95333.310500,23604
95333.316096,23605
95333.321755,23606
95333.327424,23607
95333.333328,23608
95333.339602,23609
95333.345585,23610
95333.351530,23611
95333.357489,23612
95333.363339,23613
95333.369386,23614
95333.375446,23615
95333.381385,23616
95333.387345,23617
95333.393315,23618
95333.399151,23619
95333.405030,23620
95333.410916,23621
95333.416749,23622
95333.422749,23623
95333.428485,23624
95333.434251,23625
95333.439985,23626
95333.445961,23627
95333.451809,23628
95333.458095,23629
95333.463844,23630
95333.469756,23631
95333.475441,23632
95333.481585,23633
95333.487548,23634
95333.494054,23635
95333.499757,23636
95333.505490,23637
95333.511401,23638
95333.517484,23639
95333.523578,23640
95333.529765,23641
95333.536057,23642
95333.542081,23643
95333.548054,23644
95333.553898,23645
95333.559710,23646
95333.565819,23647
95333.571641,23648
95333.577960,23649
95333.583687,23650
95333.590173,23651
95333.596028,23652
95333.602030,23653
95333.607796,23654
95333.613579,23655
95333.619390,23656
95333.625713,23657
95333.632106,23658
95333.638479,23659
95333.644381,23660
95333.650065,23661
95333.655751,23662
95333.661535,23663
95333.667286,23664
95333.673030,23665
95333.678717,23666
95333.684712,23667
95333.690455,23668
95333.696221,23669
95333.702453,23670
95333.708693,23671
95333.714533,23672
95333.720468,23673
95333.726241,23674
95333.731913,23675
95333.737617,23676
95333.743379,23677
95333.749228,23678
95333.754939,23679
95333.760664,23680
95333.766411,23681
95333.772237,23682
95333.778260,23683
95333.785076,23684
95333.791435,23685
95333.797224,23686
95333.803159,23687
95333.809038,23688
95333.814800,23689
95333.821133,23690
95333.826825,23691
95333.833183,23692
95333.838849,23693
95333.844573,23694
95333.850507,23695
95333.856284,23696
95333.862041,23697
95333.867670,23698
95333.874039,23699
95333.881736,23700
95333.887500,23701
95333.893403,23702
95333.899248,23703
95333.905157,23704
95333.911116,23705
95333.916995,23706
95333.923773,23707
95333.929679,23708
95333.935934,23709
95333.941919,23710
95333.947929,23711
95333.953824,23712
95333.959728,23713
95333.965481,23714
95333.971302,23715
95333.977168,23716
95333.983587,23717
95333.989496,23718
95333.995746,23719
95334.001632,23720
95334.007449,23721
95334.013454,23722
95334.019193,23723
95334.024888,23724
95334.030695,23725
95334.036579,23726
95334.042693,23727
95334.048656,23728
95334.054520,23729
95334.060435,23730
95334.066698,23731
95334.072712,23732
95334.078507,23733
95334.084318,23734
95334.090066,23735
95334.095940,23736
95334.102149,23737
95334.109145,23738
95334.114892,23739
95334.120614,23740
95334.126339,23741
95334.132103,23742
95334.138094,23743
95334.143872,23744
95334.149610,23745
95334.155346,23746
95334.161139,23747
95334.166908,23748
95334.172566,23749
95337.130175,23750
95337.139227,23751
95337.146236,23752
95337.153203,23753
95337.160019,23754
95337.165913,23755
95337.174893,23756
95337.182741,23757
95337.191963,23758
95337.201311,23759
95337.210418,23760
95337.220277,23761
95337.229251,23762
95337.239490,23763
95337.249492,23764
95337.259341,23765
95337.268352,23766
95337.275937,23767
95337.283403,23768
95337.292865,23769
95337.301193,23770
95337.309449,23771
95337.318722,23772
95337.326327,23773
95337.333747,23774
95337.342125,23775
95337.350528,23776
95337.360461,23777
95337.368523,23778
95337.377290,23779
95337.383788,23780
95337.393320,23781
95337.401410,23782
95337.408458,23783
95337.415062,23784
95337.423343,23785
95337.432092,23786
95337.438379,23787
95337.446297,23788
95337.453844,23789
95337.460233,23790
95337.466757,23791
95337.475499,23792
95337.481549,23793
95337.488578,23794
95337.498941,23795
95337.507233,23796
95337.512824,23797
95337.520572,23798
95337.526592,23799
95337.534259,23800
95337.544495,23801
95337.551763,23802
95337.557167,23803
95337.566886,23804
95337.575055,23805
95337.581558,23806
95337.587966,23807
95337.594836,23808
95337.602581,23809
95337.609483,23810
95337.615752,23811
95337.623387,23812
95337.631679,23813
95337.638063,23814
95337.648469,23815
95337.655543,23816
95337.662571,23817
95337.669777,23818
95337.675388,23819
95337.680924,23820
95337.690340,23821
95337.700450,23822
95337.709852,23823
95337.719625,23824
95337.725656,23825
95337.732087,23826
95337.740396,23827
95337.746621,23828
95337.754868,23829
95337.760756,23830
95337.768733,23831
95337.775208,23832
95337.782020,23833
95337.788942,23834
95337.795947,23835
95337.805720,23836
95337.815498,23837
95337.823904,23838
95337.830161,23839
95337.836779,23840
95337.846724,23841
95337.854382,23842
95337.864766,23843
95337.870634,23844
95337.879639,23845
95337.886688,23846
95337.895296,23847
95337.902974,23848
95337.911733,23849
95337.922205,23850
95337.930599,23851
95337.936303,23852
95337.945546,23853
95337.954646,23854
95337.964841,23855
95337.971481,23856
95337.977598,23857
95337.983461,23858
95337.990824,23859
95337.997902,23860
95338.007664,23861
95338.016746,23862
95338.022490,23863
95338.032977,23864
95338.040623,23865
95338.047829,23866
95338.057516,23867
95338.063214,23868
95338.069386,23869
95338.078618,23870
95338.084443,23871
95338.092034,23872
95338.098046,23873
95338.104953,23874
95338.110929,23875
95338.117417,23876
95338.123444,23877
95338.133307,23878
95338.140886,23879
95338.146816,23880
95338.152957,23881
95338.159300,23882
95338.165514,23883
95338.172400,23884
95338.181264,23885
95338.187700,23886
95338.197462,23887
95338.204049,23888
95338.214427,23889
95338.222894,23890
95338.229793,23891
95338.237052,23892
95338.243860,23893
95338.252081,23894
95338.259810,23895
95338.269225,23896
95338.275538,23897
95338.282144,23898
95338.290318,23899
95338.298772,23900
95338.304619,23901
95338.312234,23902
95338.320576,23903
95338.329408,23904
95338.339448,23905
95338.346306,23906
95338.353838,23907
95338.361598,23908
95338.367983,23909
95338.377115,23910
95338.383414,23911
95338.391976,23912
95338.398775,23913
95338.407194,23914
95338.416242,23915
95338.424255,23916
95338.430508,23917
95338.439367,23918
95338.449920,23919
95338.457963,23920
95338.468401,23921
95338.479520,23922
95338.490387,23923
95338.498680,23924
95338.508403,23925
95338.517443,23926
95338.524728,23927
95338.531633,23928
95338.539126,23929
95338.547268,23930
95338.557971,23931
95338.564943,23932
95338.576055,23933
95338.585424,23934
95338.595666,23935
95338.602677,23936
95338.613377,23937
95338.619799,23938
95338.628204,23939
95338.637362,23940
95338.644153,23941
95338.651270,23942
95338.657552,23943
95338.664132,23944
95338.672095,23945
95338.679803,23946
95338.685716,23947
95338.692795,23948
95338.702188,23949
95338.712895,23950
95338.719012,23951
95338.728419,23952
95338.735781,23953
95338.742443,23954
95338.751330,23955
95338.761649,23956
95338.768123,23957
95338.777974,23958
95338.786935,23959
95338.794687,23960
95338.804921,23961
95338.812327,23962
95338.820397,23963
95338.827464,23964
95338.836719,23965
95338.847406,23966
95338.854648,23967
95338.865591,23968
95338.872437,23969
95338.879619,23970
95338.887813,23971
95338.893991,23972
95338.904398,23973
95338.914891,23974
95338.925286,23975
95338.931721,23976
95338.939223,23977
95338.947039,23978
95338.956784,23979
95338.962511,23980
95338.968222,23981
95338.974457,23982
95338.982720,23983
95338.989541,23984
95338.995509,23985
95339.001373,23986
95339.008352,23987
95339.015455,23988
95339.024597,23989
95339.035649,23990
95339.043060,23991
95339.053148,23992
95339.060970,23993
95339.069037,23994
95339.075270,23995
95339.081342,23996
95339.088500,23997
95339.096616,23998
95339.106450,23999
95342.060850,24000
95342.073563,24001
95342.082164,24002
95342.090358,24003
95342.099987,24004
95342.110042,24005
95342.116782,24006
95342.124671,24007
95342.132124,24008
95342.139130,24009
95342.147770,24010
95342.157811,24011
95342.168142,24012
95342.176541,24013
95342.184797,24014
95342.196633,24015
95342.205479,24016
95342.215630,24017
95342.223423,24018
95342.232373,24019
95342.241848,24020
95342.249772,24021
95342.257056,24022
95342.266290,24023
95342.273854,24024
95342.285594,24025
95342.294724,24026
95342.304578,24027
95342.312320,24028
95342.320598,24029
95342.328157,24030
95342.335239,24031
95342.344556,24032
95342.351773,24033
95342.359535,24034
95342.369330,24035
95342.378876,24036
95342.386145,24037
95342.396442,24038
95342.405609,24039
95342.412734,24040
95342.422113,24041
95342.431194,24042
95342.438056,24043
95342.449279,24044
95342.459158,24045
95342.468763,24046
95342.478016,24047
95342.486488,24048
95342.493900,24049
95342.501330,24050
95342.509036,24051
95342.519300,24052
95342.527872,24053
95342.535384,24054
95342.542834,24055
95342.552392,24056
95342.562842,24057
95342.573124,24058
95342.584171,24059
95342.595163,24060
95342.603739,24061
95342.614410,24062
95342.623549,24063
95342.634087,24064
95342.642735,24065
95342.654422,24066
95342.663235,24067
95342.672685,24068
95342.682626,24069
95342.692399,24070
95342.703269,24071
95342.715197,24072
95342.725608,24073
95342.735590,24074
95342.742764,24075
95342.752609,24076
95342.764060,24077
95342.775182,24078
95342.784698,24079
95342.793809,24080
95342.802918,24081
95342.812691,24082
95342.824019,24083
95342.832540,24084
95342.841568,24085
95342.850786,24086
95342.859749,24087
95342.869612,24088
95342.877377,24089
95342.888181,24090
95342.897773,24091
95342.906149,24092
95342.915940,24093
95342.924285,24094
95342.934811,24095
95342.944461,24096
95342.952848,24097
95342.962713,24098
95342.971516,24099
95342.983158,24100
95342.993552,24101
95343.001463,24102
95343.010502,24103
95343.019772,24104
95343.029174,24105
95343.037343,24106
95343.044690,24107
95343.054844,24108
95343.064684,24109
95343.071647,24110
95343.083054,24111
95343.090092,24112
95343.099077,24113
95343.108690,24114
95343.118590,24115
95343.126374,24116
95343.135797,24117
95343.143631,24118
95343.152863,24119
95343.162312,24120
95343.169671,24121
95343.178698,24122
95343.188325,24123
95343.198049,24124
95343.207162,24125
95343.215415,24126
95343.223164,24127
95343.233019,24128
95343.242425,24129
95343.250261,24130
95343.258375,24131
95343.267676,24132
95343.277728,24133
95343.286434,24134
95343.293430,24135
95343.302495,24136
95343.311524,24137
95343.318649,24138
95343.329611,24139
95343.336819,24140
95343.345407,24141
95343.355484,24142
95343.365742,24143
95343.372682,24144
95343.379895,24145
95343.387625,24146
95343.397309,24147
95343.408219,24148
95343.417243,24149
95343.424795,24150
95343.433706,24151
95343.442714,24152
95343.450262,24153
95343.458137,24154
95343.465284,24155
95343.474226,24156
95343.482111,24157
95343.489439,24158
95343.498419,24159
95343.507631,24160
95343.515808,24161
95343.525714,24162
95343.534433,24163
95343.543304,24164
95343.552169,24165
95343.561458,24166
95343.571631,24167
95343.580948,24168
95343.590182,24169
95343.599565,24170
95343.607620,24171
95343.615155,24172
95343.624276,24173
95343.635895,24174
95343.643690,24175
95343.652761,24176
95343.660110,24177
95343.667318,24178
95343.676073,24179
95343.683232,24180
95343.694682,24181
95343.703587,24182
95343.710756,24183
95343.719716,24184
95343.729284,24185
95343.737260,24186
95343.745688,24187
95343.755422,24188
95343.763117,24189
95343.771720,24190
95343.779595,24191
95343.788421,24192
95343.795374,24193
95343.803225,24194
95343.811883,24195
95343.821112,24196
95343.829730,24197
95343.839016,24198
95343.845779,24199
95343.854911,24200
95343.862271,24201
95343.870504,24202
95343.880143,24203
95343.889187,24204
95343.897987,24205
95343.904903,24206
95343.913277,24207
95343.924251,24208
95343.932389,24209
95343.940395,24210
95343.950116,24211
95343.957549,24212
95343.967797,24213
95343.976722,24214
95343.984573,24215
95343.992361,24216
95344.003310,24217
95344.010626,24218
95344.018210,24219
95344.026666,24220
95344.033654,24221
95344.041742,24222
95344.050007,24223
95344.056969,24224
95344.064488,24225
95344.073229,24226
95344.081121,24227
95344.088628,24228
95344.095944,24229
95344.103128,24230
95344.112498,24231
95344.120125,24232
95344.128138,24233
95344.135658,24234
95344.143313,24235
95344.151148,24236
95344.161082,24237
95344.169415,24238
95344.177460,24239
95344.185428,24240
95344.193147,24241
95344.200787,24242
95344.210334,24243
95344.219489,24244
95344.228655,24245
95344.237673,24246
95344.245948,24247
95344.256490,24248
95344.264819,24249
95347.106819,24250
95347.123111,24251
95347.135014,24252
95347.146357,24253
95347.158234,24254
95347.169423,24255
95347.181245,24256
95347.193226,24257
95347.205207,24258
95347.216147,24259
95347.227372,24260
95347.239442,24261
95347.251193,24262
95347.262814,24263
95347.274169,24264
95347.286678,24265
95347.297992,24266
95347.309633,24267
95347.320632,24268
95347.333160,24269
95347.344836,24270
95347.355510,24271
95347.368120,24272
95347.380482,24273
95347.391866,24274
95347.403156,24275
95347.414013,24276
95347.425908,24277
95347.436713,24278
95347.447864,24279
95347.459501,24280
95347.471820,24281
95347.483534,24282
95347.494773,24283
95347.506329,24284
95347.518190,24285
95347.530400,24286
95347.542455,24287
95347.553365,24288
95347.565041,24289
95347.577192,24290
95347.588017,24291
95347.598737,24292
95347.610755,24293
95347.621742,24294
95347.633681,24295
95347.644949,24296
95347.656654,24297
95347.668166,24298
95347.679539,24299
95347.690460,24300
95347.702585,24301
95347.713484,24302
95347.724732,24303
95347.735489,24304
95347.746525,24305
95347.757698,24306
95347.768728,24307
95347.780261,24308
95347.791591,24309
95347.802981,24310
95347.813270,24311
95347.824299,24312
95347.835606,24313
95347.847366,24314
95347.857920,24315
95347.868934,24316
95347.880783,24317
95347.892914,24318
95347.904404,24319
95347.915922,24320
95347.927458,24321
95347.938288,24322
95347.949085,24323
95347.961224,24324
95347.973282,24325
95347.984637,24326
95347.994889,24327
95348.006395,24328
95348.017428,24329
95348.028877,24330
95348.040172,24331
95348.050742,24332
95348.062519,24333
95348.073592,24334
95348.083853,24335
95348.094916,24336
95348.106978,24337
95348.117586,24338
95348.129011,24339
95348.139406,24340
95348.151004,24341
95348.162209,24342
95348.174101,24343
95348.184935,24344
95348.196717,24345
95348.208311,24346
95348.218809,24347
95348.230816,24348
95348.242906,24349
95348.256302,24350
95348.267949,24351
95348.279558,24352
95348.290921,24353
95348.301646,24354
95348.313222,24355
95348.324441,24356
95348.334775,24357
95348.346045,24358
95348.357732,24359
95348.368966,24360
95348.380996,24361
95348.392154,24362
95348.402613,24363
95348.414178,24364
95348.423962,24365
95348.435736,24366
95348.447495,24367
95348.458671,24368
95348.469894,24369
95348.481196,24370
95348.491988,24371
95348.503234,24372
95348.514332,24373
95348.526504,24374
95348.537357,24375
95348.549139,24376
95348.560274,24377
95348.572494,24378
95348.583794,24379
95348.595221,24380
95348.607102,24381
95348.618221,24382
95348.629117,24383
95348.640176,24384
95348.651249,24385
95348.662745,24386
95348.673512,24387
95348.684732,24388
95348.694892,24389
95348.706163,24390
95348.717683,24391
95348.728004,24392
95348.738314,24393
95348.749506,24394
95348.760713,24395
95348.772215,24396
95348.782826,24397
95348.792728,24398
95348.803525,24399
95348.814766,24400
95348.826148,24401
95348.837220,24402
95348.849260,24403
95348.860539,24404
95348.871887,24405
95348.882901,24406
95348.893774,24407
95348.904272,24408
95348.914778,24409
95348.926110,24410
95348.936793,24411
95348.948019,24412
95348.958612,24413
95348.968969,24414
95348.979706,24415
95348.993630,24416
95349.004675,24417
95349.015889,24418
95349.026999,24419
95349.037762,24420
95349.049368,24421
95349.060270,24422
95349.070520,24423
95349.081991,24424
95349.093948,24425
95349.105439,24426
95349.116451,24427
95349.127831,24428
95349.138524,24429
95349.149264,24430
95349.160658,24431
95349.172042,24432
95349.182946,24433
95349.194260,24434
95349.205066,24435
95349.215268,24436
95349.226150,24437
95349.237291,24438
95349.253202,24439
95349.269921,24440
95349.282068,24441
95349.294011,24442
95349.306059,24443
95349.320279,24444
95349.331900,24445
95349.345460,24446
95349.356394,24447
95349.366677,24448
95349.377819,24449
95349.391079,24450
95349.402270,24451
95349.414280,24452
95349.427383,24453
95349.437868,24454
95349.449288,24455
95349.460337,24456
95349.471513,24457
95349.482738,24458
95349.494268,24459
95349.504783,24460
95349.519337,24461
95349.530679,24462
95349.542715,24463
95349.554514,24464
95349.566007,24465
95349.576612,24466
95349.588430,24467
95349.599739,24468
95349.611529,24469
95349.623733,24470
95349.635550,24471
95349.649706,24472
95349.661029,24473
95349.672062,24474
95349.683708,24475
95349.694935,24476
95349.706298,24477
95349.717304,24478
95349.730552,24479
95349.741735,24480
95349.751800,24481
95349.763018,24482
95349.774408,24483
95349.785831,24484
95349.796782,24485
95349.807079,24486
95349.817414,24487
95349.828464,24488
95349.839250,24489
95349.850538,24490
95349.861212,24491
95349.872771,24492
95349.883798,24493
95349.894767,24494
95349.906288,24495
95349.917303,24496
95349.929034,24497
95349.940306,24498
95349.953073,24499
95351.706796,24750
95351.801521,24751
95351.808074,24752
95351.814643,24753
95351.820582,24754
95351.826776,24755
95351.832867,24756
95351.838871,24757
95351.844545,24758
95351.850531,24759
95351.856201,24760
95351.863473,24761
95351.872872,24762
95351.881540,24763
95351.887340,24764
95351.893271,24765
95351.898941,24766
95351.905016,24767
95351.910657,24768
95351.916765,24769
95351.922364,24770
95351.928317,24771
95351.934126,24772
95351.940300,24773
95351.946242,24774
95351.952188,24775
95351.957844,24776
95351.963765,24777
95351.969789,24778
95351.975854,24779
95351.981538,24780
95351.987434,24781
95351.993258,24782
95351.999432,24783
95352.005514,24784
95352.011873,24785
95352.018092,24786
95352.024177,24787
95352.029926,24788
95352.035850,24789
95352.041494,24790
95352.047422,24791
95352.053160,24792
95352.059091,24793
95352.064735,24794
95352.070682,24795
95352.076364,24796
95352.082347,24797
95352.088263,24798
95352.094233,24799
95352.101996,24800
95352.108100,24801
95352.113800,24802
95352.119962,24803
95352.126345,24804
95352.132694,24805
95352.138711,24806
95352.144672,24807
95352.150455,24808
95352.156747,24809
95352.162426,24810
95352.168738,24811
95352.175234,24812
95352.181222,24813
95352.186849,24814
95352.193015,24815
95352.198631,24816
95352.204534,24817
95352.210176,24818
95352.216279,24819
95352.222273,24820
95352.228618,24821
95352.234289,24822
95352.240273,24823
95352.245909,24824
95352.251852,24825
95352.257462,24826
95352.263561,24827
95352.269469,24828
95352.275411,24829
95352.281095,24830
95352.287201,24831
95352.293083,24832
95352.299691,24833
95352.305688,24834
95352.311913,24835
95352.317628,24836
95352.323678,24837
95352.329498,24838
95352.335506,24839
95352.341362,24840
95352.347689,24841
95352.353626,24842
95352.359678,24843
95352.365539,24844
95352.372190,24845
95352.378192,24846
95352.384318,24847
95352.390036,24848
95352.396207,24849
95352.401895,24850
95352.407908,24851
95352.413764,24852
95352.419810,24853
95352.425759,24854
95352.436915,24855
95352.444851,24856
95352.452075,24857
95352.458530,24858
95352.465100,24859
95352.471340,24860
95352.477717,24861
95352.483703,24862
95352.489695,24863
95352.495388,24864
95352.501318,24865
95352.507018,24866
95352.513138,24867
95352.518789,24868
95352.524894,24869
95352.530739,24870
95352.536747,24871
95352.542396,24872
95352.548405,24873
95352.554054,24874
95352.560099,24875
95352.565926,24876
95352.572298,24877
95352.578228,24878
95352.584611,24879
95352.590525,24880
95352.597075,24881
95352.603449,24882
95352.609982,24883
95352.615830,24884
95352.621971,24885
95352.627792,24886
95352.633893,24887
95352.639861,24888
95352.645999,24889
95352.651809,24890
95352.657874,24891
95352.663723,24892
95352.669738,24893
95352.675410,24894
95352.681368,24895
95352.687017,24896
95352.692976,24897
95352.698601,24898
95352.704724,24899
95352.712356,24900
95352.718356,24901
95352.724557,24902
95352.731273,24903
95352.737429,24904
95352.743606,24905
95352.749341,24906
95352.755540,24907
95352.761367,24908
95352.767517,24909
95352.773491,24910
95352.779513,24911
95352.785309,24912
95352.791275,24913
95352.797714,24914
95352.803749,24915
95352.809709,24916
95352.815942,24917
95352.821931,24918
95352.828032,24919
95352.833954,24920
95352.840139,24921
95352.845987,24922
95352.852018,24923
95352.857879,24924
95352.864074,24925
95352.870042,24926
95352.876067,24927
95352.881888,24928
95352.888215,24929
95352.894275,24930
95352.900441,24931
95352.906301,24932
95352.912363,24933
95352.918346,24934
95352.924419,24935
95352.930121,24936
95352.936077,24937
95352.942195,24938
95352.948314,24939
95352.954292,24940
95352.960380,24941
95352.966079,24942
95352.972513,24943
95352.978368,24944
95352.984433,24945
95352.990073,24946
95352.995974,24947
95353.001694,24948
95353.007861,24949
95353.014266,24950
95353.020371,24951
95353.026191,24952
95353.032466,24953
95353.038295,24954
95353.044285,24955
95353.050223,24956
95353.056278,24957
95353.062102,24958
95353.068063,24959
95353.073952,24960
95353.080059,24961
95353.086212,24962
95353.092345,24963
95353.098029,24964
95353.104186,24965
95353.109837,24966
95353.115850,24967
95353.121742,24968
95353.127859,24969
95353.133848,24970
95353.139949,24971
95353.145780,24972
95353.151967,24973
95353.158180,24974
95353.164650,24975
95353.170643,24976
95353.176974,24977
95353.182877,24978
95353.189077,24979
95353.194942,24980
95353.200957,24981
95353.206803,24982
95353.213054,24983
95353.218961,24984
95353.225605,24985
95353.231678,24986
95353.237919,24987
95353.243710,24988
95353.249886,24989
95353.255898,24990
95353.261987,24991
95353.267738,24992
95353.274318,24993
95353.279988,24994
95353.285966,24995
95353.291766,24996
95353.297976,24997
95353.303770,24998
95353.309813,24999
95355.975040,25000
95355.984035,25001
95355.990232,25002
95355.996387,25003
95356.007157,25004
95356.016243,25005
95356.026578,25006
95356.036976,25007
95356.046768,25008
95356.056106,25009
95356.065199,25010
95356.076356,25011
95356.082295,25012
95356.091698,25013
95356.097636,25014
95356.108650,25015
95356.114561,25016
95356.121062,25017
95356.130196,25018
95356.141927,25019
95356.151730,25020
95356.160296,25021
95356.166096,25022
95356.178497,25023
95356.192608,25024
95356.199532,25025
95356.209515,25026
95356.215574,25027
95356.221503,25028
95356.227481,25029
95356.236912,25030
95356.242874,25031
95356.252339,25032
95356.263428,25033
95356.269596,25034
95356.275930,25035
95356.285069,25036
95356.294924,25037
95356.301010,25038
95356.311184,25039
95356.317494,25040
95356.323891,25041
95356.329957,25042
95356.336262,25043
95356.342227,25044
95356.351650,25045
95356.361421,25046
95356.367702,25047
95356.376219,25048
95356.386335,25049
95356.394643,25050
95356.401027,25051
95356.407288,25052
95356.413586,25053
95356.419387,25054
95356.428862,25055
95356.438440,25056
95356.444686,25057
95356.454968,25058
95356.461138,25059
95356.471313,25060
95356.477340,25061
95356.483634,25062
95356.492594,25063
95356.498476,25064
95356.504740,25065
95356.512579,25066
95356.520587,25067
95356.526562,25068
95356.536895,25069
95356.546059,25070
95356.552406,25071
95356.558659,25072
95356.564607,25073
95356.572542,25074
95356.582089,25075
95356.587911,25076
95356.594082,25077
95356.599884,25078
95356.606110,25079
95356.612039,25080
95356.622400,25081
95356.632224,25082
95356.638588,25083
95356.645490,25084
95356.654465,25085
95356.660323,25086
95356.669792,25087
95356.679281,25088
95356.685741,25089
95356.696128,25090
95356.702607,25091
95356.708430,25092
95356.714289,25093
95356.723456,25094
95356.732765,25095
95356.739009,25096
95356.744894,25097
95356.750724,25098
95356.759926,25099
95356.765782,25100
95356.774660,25101
95356.780834,25102
95356.791911,25103
95356.797931,25104
95356.807487,25105
95356.815615,25106
95356.825354,25107
95356.831429,25108
95356.837937,25109
95356.847616,25110
95356.856682,25111
95356.865729,25112
95356.872508,25113
95356.882500,25114
95356.888824,25115
95356.897557,25116
95356.907969,25117
95356.914117,25118
95356.923702,25119
95356.929540,25120
95356.935787,25121
95356.941782,25122
95356.950810,25123
95356.959860,25124
95356.966246,25125
95356.972908,25126
95356.979069,25127
95356.988534,25128
95356.994635,25129
95357.000873,25130
95357.009868,25131
95357.015941,25132
95357.024926,25133
95357.033226,25134
95357.039385,25135
95357.045186,25136
95357.051427,25137
95357.057410,25138
95357.067434,25139
95357.076999,25140
95357.083417,25141
95357.090809,25142
95357.098114,25143
95357.103967,25144
95357.111895,25145
95357.122834,25146
95357.129113,25147
95357.135358,25148
95357.141401,25149
95357.152564,25150
95357.161705,25151
95357.170824,25152
95357.180755,25153
95357.186842,25154
95357.196761,25155
95357.202933,25156
95357.208868,25157
95357.218375,25158
95357.227859,25159
95357.234020,25160
95357.240132,25161
95357.245973,25162
95357.252154,25163
95357.258143,25164
95357.267146,25165
95357.273381,25166
95357.284514,25167
95357.296815,25168
95357.302961,25169
95357.315106,25170
95357.324872,25171
95357.335945,25172
95357.344886,25173
95357.350865,25174
95357.361585,25175
95357.371675,25176
95357.377871,25177
95357.384417,25178
95357.392150,25179
95357.400421,25180
95357.406430,25181
95357.415231,25182
95357.424145,25183
95357.436816,25184
95357.443216,25185
95357.449399,25186
95357.455846,25187
95357.462305,25188
95357.471926,25189
95357.478896,25190
95357.486271,25191
95357.495032,25192
95357.502741,25193
95357.509672,25194
95357.516609,25195
95357.526054,25196
95357.536550,25197
95357.544730,25198
95357.554305,25199
95357.561154,25200
95357.567886,25201
95357.574185,25202
95357.581207,25203
95357.592574,25204
95357.601667,25205
95357.611313,25206
95357.618011,25207
95357.624138,25208
95357.630538,25209
95357.639972,25210
95357.652617,25211
95357.664115,25212
95357.670745,25213
95357.677207,25214
95357.686870,25215
95357.692968,25216
95357.699210,25217
95357.708622,25218
95357.719007,25219
95357.725570,25220
95357.736074,25221
95357.742793,25222
95357.750744,25223
95357.756979,25224
95357.763468,25225
95357.772820,25226
95357.779385,25227
95357.788304,25228
95357.794723,25229
95357.800836,25230
95357.810552,25231
95357.820203,25232
95357.827851,25233
95357.834079,25234
95357.842753,25235
95357.848873,25236
95357.860631,25237
95357.866714,25238
95357.872749,25239
95357.881079,25240
95357.887244,25241
95357.893581,25242
95357.903380,25243
95357.912757,25244
95357.919225,25245
95357.928980,25246
95357.934977,25247
95357.941364,25248
95357.951221,25249
95360.917478,25250
95360.929342,25251
95360.938872,25252
95360.948513,25253
95360.957936,25254
95360.967845,25255
95360.978439,25256
95360.988233,25257
95360.997842,25258
95361.009058,25259
95361.018896,25260
95361.028433,25261
95361.037833,25262
95361.047359,25263
95361.057318,25264
95361.067193,25265
95361.076529,25266
95361.086883,25267
95361.097303,25268
95361.106526,25269
95361.116021,25270
95361.125522,25271
95361.135028,25272
95361.144246,25273
95361.153585,25274
95361.163367,25275
95361.172521,25276
95361.181848,25277
95361.191613,25278
95361.201667,25279
95361.211646,25280
95361.221801,25281
95361.231290,25282
95361.241009,25283
95361.250638,25284
95361.260142,25285
95361.269493,25286
95361.279232,25287
95361.289324,25288
95361.299575,25289
95361.309420,25290
95361.319110,25291
95361.328831,25292
95361.338945,25293
95361.348718,25294
95361.358963,25295
95361.368840,25296
95361.378134,25297
95361.388204,25298
95361.397660,25299
95361.409845,25300
95361.419557,25301
95361.429775,25302
95361.439824,25303
95361.449281,25304
95361.459385,25305
95361.468997,25306
95361.478340,25307
95361.488048,25308
95361.497687,25309
95361.507445,25310
95361.517672,25311
95361.528677,25312
95361.538796,25313
95361.548263,25314
95361.558454,25315
95361.568130,25316
95361.577855,25317
95361.587600,25318
95361.598732,25319
95361.608758,25320
95361.618719,25321
95361.628891,25322
95361.639041,25323
95361.648653,25324
95361.658775,25325
95361.668571,25326
95361.678130,25327
95361.688450,25328
95361.698672,25329
95361.708226,25330
95361.718857,25331
95361.728594,25332
95361.738257,25333
95361.748042,25334
95361.758918,25335
95361.770088,25336
95361.780932,25337
95361.790593,25338
95361.799959,25339
95361.809405,25340
95361.819188,25341
95361.828922,25342
95361.838507,25343
95361.848479,25344
95361.858423,25345
95361.868469,25346
95361.878127,25347
95361.888293,25348
95361.898149,25349
95361.908181,25350
95361.918037,25351
95361.927213,25352
95361.937162,25353
95361.946929,25354
95361.956544,25355
95361.966767,25356
95361.977518,25357
95361.987147,25358
95361.997092,25359
95362.007261,25360
95362.018295,25361
95362.031302,25362
95362.042879,25363
95362.054531,25364
95362.064218,25365
95362.073845,25366
95362.083653,25367
95362.094248,25368
95362.104849,25369
95362.114489,25370
95362.124339,25371
95362.133745,25372
95362.143924,25373
95362.153527,25374
95362.163608,25375
95362.173809,25376
95362.183132,25377
95362.193005,25378
95362.202442,25379
95362.212356,25380
95362.222513,25381
95362.232540,25382
95362.242252,25383
95362.251617,25384
95362.261596,25385
95362.270900,25386
95362.280734,25387
95362.290922,25388
95362.301198,25389
95362.310901,25390
95362.321486,25391
95362.331333,25392
95362.340776,25393
95362.350980,25394
95362.360647,25395
95362.370701,25396
95362.381303,25397
95362.392309,25398
95362.402905,25399
95362.416369,25400
95362.425877,25401
95362.435219,25402
95362.444637,25403
95362.453786,25404
95362.463318,25405
95362.473066,25406
95362.482744,25407
95362.493226,25408
95362.502302,25409
95362.511723,25410
95362.521385,25411
95362.530680,25412
95362.540583,25413
95362.550004,25414
95362.559247,25415
95362.569753,25416
95362.580418,25417
95362.589737,25418
95362.599269,25419
95362.608897,25420
95362.618485,25421
95362.627726,25422
95362.637362,25423
95362.646744,25424
95362.657091,25425
95362.667127,25426
95362.677589,25427
95362.687925,25428
95362.698072,25429
95362.708250,25430
95362.718633,25431
95362.729024,25432
95362.739625,25433
95362.750555,25434
95362.761200,25435
95362.771516,25436
95362.781942,25437
95362.793074,25438
95362.803335,25439
95362.813457,25440
95362.824027,25441
95362.835481,25442
95362.846493,25443
95362.857389,25444
95362.868015,25445
95362.879280,25446
95362.890332,25447
95362.901601,25448
95362.911873,25449
95362.923779,25450
95362.934593,25451
95362.945226,25452
95362.955873,25453
95362.966686,25454
95362.976755,25455
95362.987699,25456
95362.998403,25457
95363.010276,25458
95363.023659,25459
95363.034250,25460
95363.046315,25461
95363.056475,25462
95363.065834,25463
95363.075023,25464
95363.084312,25465
95363.094236,25466
95363.103837,25467
95363.113479,25468
95363.122678,25469
95363.131984,25470
95363.141496,25471
95363.150883,25472
95363.160831,25473
95363.171385,25474
95363.180732,25475
95363.190246,25476
95363.199604,25477
95363.210249,25478
95363.220199,25479
95363.229661,25480
95363.239657,25481
95363.249497,25482
95363.259245,25483
95363.268903,25484
95363.278356,25485
95363.287973,25486
95363.297464,25487
95363.307054,25488
95363.316777,25489
95363.326248,25490
95363.336476,25491
95363.346682,25492
95363.356482,25493
95363.366981,25494
95363.376761,25495
95363.386914,25496
95363.396210,25497
95363.405704,25498
95363.415249,25499
95366.356623,25500
95366.373251,25501
95366.382902,25502
95366.395257,25503
95366.405406,25504
95366.415950,25505
95366.426753,25506
95366.439149,25507
95366.451556,25508
95366.462160,25509
95366.472471,25510
95366.483754,25511
95366.494746,25512
95366.507673,25513
95366.520767,25514
95366.533776,25515
95366.545067,25516
95366.557633,25517
95366.569267,25518
95366.579994,25519
95366.592561,25520
95366.606430,25521
95366.618887,25522
95366.628718,25523
95366.639262,25524
95366.650138,25525
95366.661218,25526
95366.676514,25527
95366.689900,25528
95366.702035,25529
95366.711171,25530
95366.722071,25531
95366.732829,25532
95366.743892,25533
95366.754698,25534
95366.765689,25535
95366.776051,25536
95366.788273,25537
95366.796781,25538
95366.810760,25539
95366.822832,25540
95366.835042,25541
95366.845413,25542
95366.857050,25543
95366.867603,25544
95366.878543,25545
95366.890878,25546
95366.904314,25547
95366.915269,25548
95366.926845,25549
95366.939455,25550
95366.949689,25551
95366.960521,25552
95366.968938,25553
95366.979344,25554
95366.989990,25555
95367.000330,25556
95367.010415,25557
95367.021427,25558
95367.031752,25559
95367.041983,25560
95367.052474,25561
95367.062320,25562
95367.070424,25563
95367.081288,25564
95367.091014,25565
95367.099778,25566
95367.109228,25567
95367.118940,25568
95367.127947,25569
95367.138286,25570
95367.147735,25571
95367.157432,25572
95367.166881,25573
95367.176221,25574
95367.186383,25575
95367.196349,25576
95367.205393,25577
95367.215777,25578
95367.225966,25579
95367.234980,25580
95367.244859,25581
95367.254627,25582
95367.264391,25583
95367.274968,25584
95367.285742,25585
95367.294545,25586
95367.304858,25587
95367.315841,25588
95367.324866,25589
95367.334958,25590
95367.342987,25591
95367.353805,25592
95367.363827,25593
95367.373272,25594
95367.382590,25595
95367.391384,25596
95367.402772,25597
95367.413159,25598
95367.425093,25599
95367.436350,25600
95367.446666,25601
95367.456578,25602
95367.469146,25603
95367.479486,25604
95367.489567,25605
95367.499920,25606
95367.510379,25607
95367.525016,25608
95367.537417,25609
95367.548401,25610
95367.560337,25611
95367.572053,25612
95367.585565,25613
95367.597244,25614
95367.608594,25615
95367.619389,25616
95367.631374,25617
95367.641715,25618
95367.652356,25619
95367.663259,25620
95367.674407,25621
95367.685852,25622
95367.698326,25623
95367.708399,25624
95367.720720,25625
95367.733164,25626
95367.746717,25627
95367.760404,25628
95367.773311,25629
95367.784785,25630
95367.795889,25631
95367.805481,25632
95367.816906,25633
95367.827731,25634
95367.840226,25635
95367.851578,25636
95367.862240,25637
95367.874733,25638
95367.887021,25639
95367.896964,25640
95367.907742,25641
95367.920685,25642
95367.930617,25643
95367.939989,25644
95367.952029,25645
95367.962089,25646
95367.971972,25647
95367.983600,25648
95367.993932,25649
95368.005445,25650
95368.015978,25651
95368.024882,25652
95368.034072,25653
95368.043931,25654
95368.052538,25655
95368.066459,25656
95368.075192,25657
95368.083807,25658
95368.093430,25659
95368.103633,25660
95368.112527,25661
95368.122009,25662
95368.130702,25663
95368.139860,25664
95368.150920,25665
95368.161537,25666
95368.171929,25667
95368.181385,25668
95368.191241,25669
95368.202320,25670
95368.212723,25671
95368.222801,25672
95368.233877,25673
95368.242637,25674
95368.252876,25675
95368.263008,25676
95368.274642,25677
95368.284982,25678
95368.295680,25679
95368.304684,25680
95368.313977,25681
95368.323956,25682
95368.333244,25683
95368.343524,25684
95368.352681,25685
95368.361930,25686
95368.371438,25687
95368.381670,25688
95368.390668,25689
95368.400757,25690
95368.411304,25691
95368.421191,25692
95368.433977,25693
95368.445234,25694
95368.454525,25695
95368.465019,25696
95368.475944,25697
95368.491317,25698
95368.502361,25699
95368.514436,25700
95368.525889,25701
95368.537737,25702
95368.551246,25703
95368.561209,25704
95368.571132,25705
95368.583694,25706
95368.593761,25707
95368.605231,25708
95368.617203,25709
95368.632267,25710
95368.644046,25711
95368.655502,25712
95368.666920,25713
95368.678899,25714
95368.690405,25715
95368.700453,25716
95368.710339,25717
95368.719938,25718
95368.729283,25719
95368.737535,25720
95368.746656,25721
95368.757390,25722
95368.766662,25723
95368.776385,25724
95368.785198,25725
95368.795722,25726
95368.805721,25727
95368.819671,25728
95368.829468,25729
95368.841416,25730
95368.849908,25731
95368.860649,25732
95368.870876,25733
95368.881548,25734
95368.890680,25735
95368.901161,25736
95368.910743,25737
95368.922407,25738
95368.936872,25739
95368.949330,25740
95368.959683,25741
95368.969083,25742
95368.978502,25743
95368.989429,25744
95369.000424,25745
95369.011857,25746
95369.022669,25747
95369.031986,25748
95369.040921,25749
95371.841615,25750
95371.889026,25751
95371.894838,25752
95371.900852,25753
95371.906825,25754
95371.913460,25755
95371.919529,25756
95371.925432,25757
95371.931211,25758
95371.936968,25759
95371.942669,25760
95371.948361,25761
95371.954434,25762
95371.960282,25763
95371.966031,25764
95371.971896,25765
95371.977732,25766
95371.983464,25767
95371.989213,25768
95371.995772,25769
95372.001434,25770
95372.007344,25771
95372.013177,25772
95372.019063,25773
95372.024825,25774
95372.030672,25775
95372.036380,25776
95372.042151,25777
95372.047985,25778
95372.053997,25779
95372.060020,25780
95372.065797,25781
95372.071682,25782
95372.077526,25783
95372.083345,25784
95372.089024,25785
95372.095259,25786
95372.100990,25787
95372.106854,25788
95372.113184,25789
95372.119381,25790
95372.125758,25791
95372.131822,25792
95372.137535,25793
95372.143562,25794
95372.149569,25795
95372.156041,25796
95372.162159,25797
95372.168020,25798
95372.173969,25799
95372.181675,25800
95372.187720,25801
95372.193769,25802
95372.199969,25803
95372.205767,25804
95372.211724,25805
95372.217577,25806
95372.223459,25807
95372.229240,25808
95372.234981,25809
95372.240800,25810
95372.246514,25811
95372.252315,25812
95372.258122,25813
95372.263892,25814
95372.269789,25815
95372.275488,25816
95372.281153,25817
95372.286858,25818
95372.292470,25819
95372.298190,25820
95372.303878,25821
95372.309719,25822
95372.315612,25823
95372.321358,25824
95372.327171,25825
95372.332853,25826
95372.338840,25827
95372.344769,25828
95372.350453,25829
95372.356136,25830
95372.361777,25831
95372.368204,25832
95372.373947,25833
95372.380407,25834
95372.386275,25835
95372.391916,25836
95372.397734,25837
95372.403562,25838
95372.409550,25839
95372.415371,25840
95372.421468,25841
95372.427211,25842
95372.432981,25843
95372.438679,25844
95372.444508,25845
95372.450329,25846
95372.456296,25847
95372.462239,25848
95372.468453,25849
95372.474746,25850
95372.481016,25851
95372.486903,25852
95372.492825,25853
95372.498763,25854
95372.504681,25855
95372.510467,25856
95372.516274,25857
95372.522876,25858
95372.529069,25859
95372.535187,25860
95372.541584,25861
95372.547366,25862
95372.554140,25863
95372.559929,25864
95372.565932,25865
95372.571846,25866
95372.577797,25867
95372.583683,25868
95372.589791,25869
95372.596026,25870
95372.602391,25871
95372.608258,25872
95372.614042,25873
95372.619831,25874
95372.625845,25875
95372.631699,25876
95372.637584,25877
95372.643444,25878
95372.649367,25879
95372.655148,25880
95372.661398,25881
95372.667646,25882
95372.674419,25883
95372.681289,25884
95372.688014,25885
95372.695207,25886
95372.701997,25887
95372.708870,25888
95372.715351,25889
95372.721752,25890
95372.727713,25891
95372.733549,25892
95372.739365,25893
95372.745366,25894
95372.751248,25895
95372.757180,25896
95372.763352,25897
95372.770130,25898
95372.775961,25899
95372.784278,25900
95372.790409,25901
95372.796269,25902
95372.802215,25903
95372.808048,25904
95372.813961,25905
95372.819745,25906
95372.825824,25907
95372.832338,25908
95372.838824,25909
95372.844616,25910
95372.850461,25911
95372.856213,25912
95372.861975,25913
95372.867982,25914
95372.873642,25915
95372.879414,25916
95372.885208,25917
95372.891218,25918
95372.897487,25919
95372.903795,25920
95372.909480,25921
95372.915480,25922
95372.921182,25923
95372.926917,25924
95372.932740,25925
95372.938492,25926
95372.944537,25927
95372.950485,25928
95372.956533,25929
95372.963305,25930
95372.969372,25931
95372.975763,25932
95372.981418,25933
95372.987202,25934
95372.993180,25935
95372.999063,25936
95373.005549,25937
95373.011692,25938
95373.017487,25939
95373.023277,25940
95373.029023,25941
95373.034914,25942
95373.040734,25943
95373.047262,25944
95373.053074,25945
95373.058748,25946
95373.064408,25947
95373.070111,25948
95373.075791,25949
95373.081594,25950
95373.087300,25951
95373.093162,25952
95373.098851,25953
95373.104660,25954
95373.110421,25955
95373.116740,25956
95373.122481,25957
95373.128413,25958
95373.134186,25959
95373.139851,25960
95373.145460,25961
95373.151134,25962
95373.156878,25963
95373.162942,25964
95373.168791,25965
95373.174685,25966
95373.180451,25967
95373.186591,25968
95373.192292,25969
95373.198018,25970
95373.203965,25971
95373.209885,25972
95373.215857,25973
95373.221774,25974
95373.227619,25975
95373.233434,25976
95373.239950,25977
95373.246053,25978
95373.252455,25979
95373.258704,25980
95373.265832,25981
95373.271679,25982
95373.277358,25983
95373.283079,25984
95373.289814,25985
95373.295463,25986
95373.301102,25987
95373.306971,25988
95373.313452,25989
95373.319195,25990
95373.324847,25991
95373.330910,25992
95373.336748,25993
95373.343071,25994
95373.348888,25995
95373.354734,25996
95373.360487,25997
95373.366305,25998
95373.372109,25999
95376.163219,26000
95376.178697,26001
95376.189589,26002
95376.197450,26003
95376.206382,26004
95376.216953,26005
95376.227507,26006
95376.237801,26007
95376.245974,26008
95376.252738,26009
95376.261523,26010
95376.268454,26011
95376.278115,26012
95376.287507,26013
95376.295735,26014
95376.304445,26015
95376.312504,26016
95376.322274,26017
95376.328662,26018
95376.336625,26019
95376.342524,26020
95376.348880,26021
95376.356752,26022
95376.366136,26023
95376.376838,26024
95376.383421,26025
95376.391068,26026
95376.398061,26027
95376.407491,26028
95376.415541,26029
95376.423481,26030
95376.429704,26031
95376.438699,26032
95376.446500,26033
95376.453346,26034
95376.460857,26035
95376.467245,26036
95376.474731,26037
95376.482237,26038
95376.492442,26039
95376.502248,26040
95376.509911,26041
95376.516661,26042
95376.522727,26043
95376.531805,26044
95376.541770,26045
95376.552158,26046
95376.558321,26047
95376.567312,26048
95376.577351,26049
95376.585641,26050
95376.592428,26051
95376.599561,26052
95376.610300,26053
95376.619656,26054
95376.625828,26055
95376.633567,26056
95376.644537,26057
95376.651519,26058
95376.660357,26059
95376.669483,26060
95376.677169,26061
95376.687328,26062
95376.696179,26063
95376.703895,26064
95376.709831,26065
95376.719939,26066
95376.728805,26067
95376.736783,26068
95376.745107,26069
95376.751989,26070
95376.759773,26071
95376.766247,26072
95376.773389,26073
95376.780858,26074
95376.790336,26075
95376.796551,26076
95376.806741,26077
95376.815450,26078
95376.821223,26079
95376.832076,26080
95376.838297,26081
95376.848593,26082
95376.856794,26083
95376.867692,26084
95376.875346,26085
95376.887127,26086
95376.894951,26087
95376.902822,26088
95376.909027,26089
95376.915095,26090
95376.922552,26091
95376.932672,26092
95376.938315,26093
95376.946155,26094
95376.952515,26095
95376.958465,26096
95376.965233,26097
95376.971966,26098
95376.980865,26099
95376.988292,26100
95376.995641,26101
95377.005019,26102
95377.010873,26103
95377.020522,26104
95377.028289,26105
95377.034918,26106
95377.043525,26107
95377.050930,26108
95377.061913,26109
95377.069743,26110
95377.080594,26111
95377.086755,26112
95377.095539,26113
95377.103646,26114
95377.112684,26115
95377.122484,26116
95377.128898,26117
95377.138654,26118
95377.145985,26119
95377.157675,26120
95377.169742,26121
95377.176194,26122
95377.184518,26123
95377.190731,26124
95377.196470,26125
95377.206873,26126
95377.214240,26127
95377.220764,26128
95377.226538,26129
95377.236957,26130
95377.245517,26131
95377.253840,26132
95377.260432,26133
95377.267657,26134
95377.274195,26135
95377.283927,26136
95377.295574,26137
95377.303321,26138
95377.310493,26139
95377.317316,26140
95377.324135,26141
95377.331015,26142
95377.340079,26143
95377.349256,26144
95377.355400,26145
95377.362551,26146
95377.368747,26147
95377.374866,26148
95377.382861,26149
95377.394206,26150
95377.401727,26151
95377.410890,26152
95377.418781,26153
95377.428370,26154
95377.437251,26155
95377.444557,26156
95377.451809,26157
95377.457490,26158
95377.463482,26159
95377.473265,26160
95377.483229,26161
95377.489705,26162
95377.496544,26163
95377.502491,26164
95377.508577,26165
95377.515348,26166
95377.521873,26167
95377.532173,26168
95377.539218,26169
95377.548413,26170
95377.554598,26171
95377.562772,26172
95377.571484,26173
95377.578169,26174
95377.583854,26175
95377.590088,26176
95377.595943,26177
95377.604614,26178
95377.612397,26179
95377.622494,26180
95377.630786,26181
95377.639324,26182
95377.646181,26183
95377.653299,26184
95377.660186,26185
95377.668985,26186
95377.676579,26187
95377.683325,26188
95377.692729,26189
95377.702788,26190
95377.709417,26191
95377.719522,26192
95377.726651,26193
95377.735898,26194
95377.747479,26195
95377.756533,26196
95377.762665,26197
95377.769489,26198
95377.776756,26199
95377.782720,26200
95377.790221,26201
95377.797733,26202
95377.805171,26203
95377.811978,26204
95377.818933,26205
95377.831356,26206
95377.843893,26207
95377.851685,26208
95377.861264,26209
95377.869217,26210
95377.879750,26211
95377.886977,26212
95377.893700,26213
95377.903054,26214
95377.910226,26215
95377.918548,26216
95377.928403,26217
95377.939903,26218
95377.946642,26219
95377.958481,26220
95377.966867,26221
95377.977294,26222
95377.987448,26223
95377.994802,26224
95378.002650,26225
95378.011422,26226
95378.023525,26227
95378.035520,26228
95378.044065,26229
95378.052871,26230
95378.062336,26231
95378.068734,26232
95378.077877,26233
95378.086851,26234
95378.093665,26235
95378.106218,26236
95378.118879,26237
95378.130562,26238
95378.142808,26239
95378.150452,26240
95378.162589,26241
95378.171186,26242
95378.183110,26243
95378.191748,26244
95378.201462,26245
95378.213806,26246
95378.225632,26247
95378.237259,26248
95378.246399,26249
95381.703455,26250
95381.714139,26251
95381.721537,26252
95381.729599,26253
95381.738584,26254
95381.746964,26255
95381.755712,26256
95381.764755,26257
95381.772694,26258
95381.781536,26259
95381.790319,26260
95381.798522,26261
95381.806024,26262
95381.813815,26263
95381.823125,26264
95381.832033,26265
95381.842377,26266
95381.851315,26267
95381.860280,26268
95381.870183,26269
95381.878846,26270
95381.886594,26271
95381.894398,26272
95381.904383,26273
95381.913208,26274
95381.921481,26275
95381.931321,26276
95381.939527,26277
95381.947678,26278
95381.957749,26279
95381.967235,26280
95381.976700,26281
95381.984740,26282
95381.992189,26283
95381.999502,26284
95382.008453,26285
95382.016430,26286
95382.025991,26287
95382.036259,26288
95382.045680,26289
95382.054447,26290
95382.061909,26291
95382.069926,26292
95382.077448,26293
95382.085958,26294
95382.094899,26295
95382.101763,26296
95382.111192,26297
95382.119766,26298
95382.132719,26299
95382.143468,26300
95382.153325,26301
95382.160274,26302
95382.167996,26303
95382.180456,26304
95382.189071,26305
95382.197447,26306
95382.206087,26307
95382.214800,26308
95382.223805,26309
95382.234137,26310
95382.243072,26311
95382.250434,26312
95382.261713,26313
95382.270789,26314
95382.280746,26315
95382.292356,26316
95382.300753,26317
95382.311739,26318
95382.320464,26319
95382.328082,26320
95382.336545,26321
95382.344073,26322
95382.356553,26323
95382.364583,26324
95382.371865,26325
95382.382206,26326
95382.389589,26327
95382.398893,26328
95382.408544,26329
95382.416578,26330
95382.425809,26331
95382.435399,26332
95382.445222,26333
95382.454146,26334
95382.462875,26335
95382.472679,26336
95382.480384,26337
95382.489941,26338
95382.499096,26339
95382.508473,26340
95382.517174,26341
95382.525007,26342
95382.533987,26343
95382.543757,26344
95382.551308,26345
95382.558276,26346
95382.568137,26347
95382.575617,26348
95382.586597,26349
95382.595719,26350
95382.605732,26351
95382.613323,26352
95382.624468,26353
95382.632520,26354
95382.641718,26355
95382.651810,26356
95382.661277,26357
95382.668644,26358
95382.678788,26359
95382.687777,26360
95382.697577,26361
95382.706833,26362
95382.715877,26363
95382.725091,26364
95382.733282,26365
95382.740384,26366
95382.750445,26367
95382.759269,26368
95382.767910,26369
95382.779488,26370
95382.790939,26371
95382.800842,26372
95382.808383,26373
95382.819337,26374
95382.827644,26375
95382.835838,26376
95382.845503,26377
95382.853551,26378
95382.861629,26379
95382.870815,26380
95382.880502,26381
95382.889211,26382
95382.903145,26383
95382.912506,26384
95382.921950,26385
95382.930473,26386
95382.939142,26387
95382.946276,26388
95382.954492,26389
95382.963242,26390
95382.970468,26391
95382.978881,26392
95382.986393,26393
95382.994575,26394
95383.003179,26395
95383.010911,26396
95383.017778,26397
95383.026178,26398
95383.033594,26399
95383.046361,26400
95383.057225,26401
95383.064254,26402
95383.074193,26403
95383.082323,26404
95383.090412,26405
95383.098132,26406
95383.107364,26407
95383.116518,26408
95383.125485,26409
95383.132790,26410
95383.140882,26411
95383.149141,26412
95383.157750,26413
95383.167517,26414
95383.176664,26415
95383.185184,26416
95383.192576,26417
95383.201468,26418
95383.211525,26419
95383.220297,26420
95383.227264,26421
95383.236363,26422
95383.248047,26423
95383.257165,26424
95383.265488,26425
95383.273968,26426
95383.281750,26427
95383.291636,26428
95383.299855,26429
95383.308205,26430
95383.316873,26431
95383.326133,26432
95383.335096,26433
95383.341919,26434
95383.352353,26435
95383.362381,26436
95383.370873,26437
95383.381510,26438
95383.390080,26439
95383.398998,26440
95383.407249,26441
95383.416989,26442
95383.428549,26443
95383.439305,26444
95383.449439,26445
95383.458532,26446
95383.469548,26447
95383.479395,26448
95383.486656,26449
95383.494335,26450
95383.503018,26451
95383.512722,26452
95383.521803,26453
95383.529628,26454
95383.539005,26455
95383.548291,26456
95383.558255,26457
95383.570427,26458
95383.581090,26459
95383.589625,26460
95383.599779,26461
95383.609796,26462
95383.620007,26463
95383.629892,26464
95383.640830,26465
95383.649008,26466
95383.659284,26467
95383.667604,26468
95383.675740,26469
95383.685463,26470
95383.693808,26471
95383.702178,26472
95383.709468,26473
95383.716437,26474
95383.724545,26475
95383.733538,26476
95383.741104,26477
95383.749138,26478
95383.757523,26479
95383.768991,26480
95383.778890,26481
95383.787169,26482
95383.796506,26483
95383.805537,26484
95383.814341,26485
95383.823500,26486
95383.832574,26487
95383.844690,26488
95383.854723,26489
95383.863088,26490
95383.872047,26491
95383.881305,26492
95383.893453,26493
95383.905213,26494
95383.914071,26495
95383.926869,26496
95383.935040,26497
95383.942971,26498
95383.953451,26499
95387.369021,26500
95387.382258,26501
95387.393732,26502
95387.405536,26503
95387.417230,26504
95387.428691,26505
95387.440285,26506
95387.452026,26507
95387.462958,26508
95387.473556,26509
95387.485047,26510
95387.496656,26511
95387.507150,26512
95387.519068,26513
95387.530589,26514
95387.542392,26515
95387.553696,26516
95387.565581,26517
95387.577021,26518
95387.588547,26519
95387.599596,26520
95387.611150,26521
95387.622527,26522
95387.633926,26523
95387.644996,26524
95387.657150,26525
95387.669944,26526
95387.682809,26527
95387.695153,26528
95387.706996,26529
95387.719620,26530
95387.731456,26531
95387.744050,26532
95387.757212,26533
95387.770851,26534
95387.783257,26535
95387.796868,26536
95387.810805,26537
95387.823773,26538
95387.836492,26539
95387.848830,26540
95387.861331,26541
95387.874720,26542
95387.887689,26543
95387.900861,26544
95387.913277,26545
95387.924540,26546
95387.938128,26547
95387.950862,26548
95387.964408,26549
95387.979762,26550
95387.990684,26551
95388.003263,26552
95388.015839,26553
95388.026862,26554
95388.038777,26555
95388.050394,26556
95388.062609,26557
95388.074704,26558
95388.086378,26559
95388.097738,26560
95388.110844,26561
95388.123236,26562
95388.135238,26563
95388.145459,26564
95388.156437,26565
95388.167579,26566
95388.178425,26567
95388.189747,26568
95388.200335,26569
95388.210432,26570
95388.221454,26571
95388.231801,26572
95388.242313,26573
95388.252587,26574
95388.263354,26575
95388.274289,26576
95388.285388,26577
95388.296248,26578
95388.306679,26579
95388.316148,26580
95388.326144,26581
95388.336981,26582
95388.348115,26583
95388.358552,26584
95388.369802,26585
95388.379651,26586
95388.390739,26587
95388.401541,26588
95388.412152,26589
95388.423272,26590
95388.434191,26591
95388.444977,26592
95388.455891,26593
95388.467030,26594
95388.477781,26595
95388.488853,26596
95388.499783,26597
95388.511295,26598
95388.522715,26599
95388.533243,26600
95388.543386,26601
95388.554678,26602
95388.565642,26603
95388.576788,26604
95388.588024,26605
95388.599549,26606
95388.611055,26607
95388.622860,26608
95388.634319,26609
95388.645104,26610
95388.656282,26611
95388.670729,26612
95388.683888,26613
95388.696894,26614
95388.708336,26615
95388.720292,26616
95388.731332,26617
95388.744325,26618
95388.756497,26619
95388.768350,26620
95388.781727,26621
95388.793922,26622
95388.805937,26623
95388.818198,26624
95388.830707,26625
95388.843359,26626
95388.855648,26627
95388.867792,26628
95388.879083,26629
95388.890250,26630
95388.901322,26631
95388.911742,26632
95388.922528,26633
95388.933883,26634
95388.944966,26635
95388.956070,26636
95388.967200,26637
95388.977713,26638
95388.988550,26639
95388.999578,26640
95389.010914,26641
95389.021542,26642
95389.031737,26643
95389.041812,26644
95389.052074,26645
95389.062551,26646
95389.072283,26647
95389.082931,26648
95389.093627,26649
95389.105438,26650
95389.115728,26651
95389.128014,26652
95389.138871,26653
95389.149208,26654
95389.159865,26655
95389.171059,26656
95389.182269,26657
95389.193448,26658
95389.204122,26659
95389.215178,26660
95389.225908,26661
95389.237530,26662
95389.248756,26663
95389.261202,26664
95389.272488,26665
95389.284659,26666
95389.295690,26667
95389.307816,26668
95389.318438,26669
95389.330127,26670
95389.340875,26671
95389.352704,26672
95389.363952,26673
95389.375761,26674
95389.385152,26675
95389.397560,26676
95389.407340,26677
95389.418752,26678
95389.430205,26679
95389.442431,26680
95389.453336,26681
95389.464737,26682
95389.476458,26683
95389.488804,26684
95389.498921,26685
95389.511661,26686
95389.522715,26687
95389.534949,26688
95389.546065,26689
95389.557533,26690
95389.567641,26691
95389.580793,26692
95389.592960,26693
95389.604906,26694
95389.616300,26695
95389.628313,26696
95389.639709,26697
95389.651311,26698
95389.661616,26699
95389.673218,26700
95389.684650,26701
95389.695708,26702
95389.706465,26703
95389.718336,26704
95389.729009,26705
95389.740405,26706
95389.750802,26707
95389.763395,26708
95389.774335,26709
95389.785314,26710
95389.797671,26711
95389.810355,26712
95389.821120,26713
95389.831576,26714
95389.843192,26715
95389.856136,26716
95389.867278,26717
95389.878788,26718
95389.889320,26719
95389.901866,26720
95389.912576,26721
95389.924262,26722
95389.934964,26723
95389.947196,26724
95389.958563,26725
95389.970236,26726
95389.982756,26727
95389.996604,26728
95390.008850,26729
95390.022404,26730
95390.035040,26731
95390.048396,26732
95390.061831,26733
95390.074193,26734
95390.086317,26735
95390.099329,26736
95390.111937,26737
95390.123546,26738
95390.135489,26739
95390.149164,26740
95390.159697,26741
95390.172655,26742
95390.184761,26743
95390.198611,26744
95390.210691,26745
95390.223470,26746
95390.235824,26747
95390.249394,26748
95390.259948,26749
95391.963623,27000
95392.058459,27001
95392.064963,27002
95392.071019,27003
95392.076670,27004
95392.082313,27005
95392.088077,27006
95392.094022,27007
95392.099719,27008
95392.105740,27009
95392.112129,27010
95392.117855,27011
95392.123639,27012
95392.129719,27013
95392.135632,27014
95392.141593,27015
95392.147330,27016
95392.153033,27017
95392.159156,27018
95392.165386,27019
95392.171131,27020
95392.177090,27021
95392.182760,27022
95392.188427,27023
95392.194172,27024
95392.200240,27025
95392.206395,27026
95392.212301,27027
95392.217906,27028
95392.223601,27029
95392.229538,27030
95392.235457,27031
95392.241132,27032
95392.247019,27033
95392.252674,27034
95392.258324,27035
95392.264130,27036
95392.270093,27037
95392.276021,27038
95392.282186,27039
95392.287791,27040
95392.293400,27041
95392.299084,27042
95392.304953,27043
95392.310728,27044
95392.316647,27045
95392.322437,27046
95392.328681,27047
95392.334527,27048
95392.340486,27049
95392.346490,27050
95392.352858,27051
95392.358608,27052
95392.364488,27053
95392.370388,27054
95392.376365,27055
95392.382086,27056
95392.387985,27057
95392.393790,27058
95392.399536,27059
95392.405435,27060
95392.411420,27061
95392.417418,27062
95392.423404,27063
95392.429792,27064
95392.435469,27065
95392.441317,27066
95392.447265,27067
95392.452896,27068
95392.458873,27069
95392.464513,27070
95392.470192,27071
95392.475971,27072
95392.481839,27073
95392.487670,27074
95392.493510,27075
95392.499116,27076
95392.504884,27077
95392.510587,27078
95392.516642,27079
95392.522425,27080
95392.528503,27081
95392.534230,27082
95392.539919,27083
95392.545652,27084
95392.551552,27085
95392.557391,27086
95392.563319,27087
95392.568971,27088
95392.574663,27089
95392.580390,27090
95392.586284,27091
95392.591904,27092
95392.597881,27093
95392.603511,27094
95392.609149,27095
95392.614923,27096
95392.620879,27097
95392.627170,27098
95392.633425,27099
95392.640899,27100
95392.646743,27101
95392.652436,27102
95392.658191,27103
95392.663961,27104
95392.669723,27105
95392.675319,27106
95392.681053,27107
95392.686754,27108
95392.692523,27109
95392.698583,27110
95392.704399,27111
95392.710694,27112
95392.716434,27113
95392.722216,27114
95392.728207,27115
95392.734311,27116
95392.740206,27117
95392.745907,27118
95392.751733,27119
95392.757478,27120
95392.763344,27121
95392.769435,27122
95392.775250,27123
95392.780894,27124
95392.786668,27125
95392.792322,27126
95392.798019,27127
95392.803675,27128
95392.809533,27129
95392.815248,27130
95392.820935,27131
95392.826740,27132
95392.832866,27133
95392.839080,27134
95392.844980,27135
95392.850782,27136
95392.856555,27137
95392.862243,27138
95392.868073,27139
95392.873912,27140
95392.879806,27141
95392.885611,27142
95392.891426,27143
95392.897205,27144
95392.902857,27145
95392.908874,27146
95392.914791,27147
95392.920588,27148
95392.926602,27149
95392.932461,27150
95392.938314,27151
95392.945751,27152
95392.953343,27153
95392.960566,27154
95392.970112,27155
95392.976912,27156
95392.982647,27157
95392.988302,27158
95392.994111,27159
95392.999837,27160
95393.005588,27161
95393.011257,27162
95393.016846,27163
95393.022597,27164
95393.028396,27165
95393.034432,27166
95393.040442,27167
95393.046518,27168
95393.052427,27169
95393.058291,27170
95393.063959,27171
95393.069724,27172
95393.075706,27173
95393.081478,27174
95393.087229,27175
95393.092921,27176
95393.098775,27177
95393.104609,27178
95393.110298,27179
95393.116194,27180
95393.122047,27181
95393.127934,27182
95393.133656,27183
95393.139367,27184
95393.145000,27185
95393.150667,27186
95393.156422,27187
95393.162065,27188
95393.167906,27189
95393.173894,27190
95393.179751,27191
95393.185702,27192
95393.191461,27193
95393.197231,27194
95393.202855,27195
95393.208657,27196
95393.214617,27197
95393.220506,27198
95393.226610,27199
95393.234500,27200
95393.240532,27201
95393.246398,27202
95393.252006,27203
95393.257841,27204
95393.263516,27205
95393.269163,27206
95393.274948,27207
95393.280632,27208
95393.286477,27209
95393.292116,27210
95393.297937,27211
95393.303620,27212
95393.309447,27213
95393.315259,27214
95393.321026,27215
95393.326925,27216
95393.333045,27217
95393.339336,27218
95393.345361,27219
95393.351449,27220
95393.357547,27221
95393.363532,27222
95393.369467,27223
95393.375476,27224
95393.381478,27225
95393.387422,27226
95393.393320,27227
95393.399518,27228
95393.405426,27229
95393.411023,27230
95393.416655,27231
95393.422566,27232
95393.428153,27233
95393.433893,27234
95393.439822,27235
95393.445419,27236
95393.451006,27237
95393.456758,27238
95393.462407,27239
95393.468235,27240
95393.474035,27241
95393.479764,27242
95393.485598,27243
95393.491403,27244
95393.497273,27245
95393.502893,27246
95393.508873,27247
95393.514717,27248
95393.520729,27249
95396.161680,27250
95396.170512,27251
95396.176643,27252
95396.183262,27253
95396.189679,27254
95396.195958,27255
95396.202276,27256
95396.208614,27257
95396.214565,27258
95396.222336,27259
95396.228439,27260
95396.234996,27261
95396.242129,27262
95396.248354,27263
95396.256648,27264
95396.262846,27265
95396.269144,27266
95396.276617,27267
95396.283028,27268
95396.289482,27269
95396.295517,27270
95396.301800,27271
95396.307825,27272
95396.315817,27273
95396.321835,27274
95396.328219,27275
95396.334134,27276
95396.340411,27277
95396.346889,27278
95396.353649,27279
95396.359999,27280
95396.366342,27281
95396.372392,27282
95396.380392,27283
95396.387758,27284
95396.395246,27285
95396.401962,27286
95396.408087,27287
95396.415752,27288
95396.422836,27289
95396.430971,27290
95396.437445,27291
95396.445879,27292
95396.452646,27293
95396.460531,27294
95396.468268,27295
95396.474662,27296
95396.482015,27297
95396.488225,27298
95396.496377,27299
95396.503014,27300
95396.509411,27301
95396.515847,27302
95396.523596,27303
95396.530638,27304
95396.539521,27305
95396.545680,27306
95396.552616,27307
95396.560730,27308
95396.571837,27309
95396.580329,27310
95396.589124,27311
95396.595515,27312
95396.602089,27313
95396.611090,27314
95396.619599,27315
95396.626460,27316
95396.634712,27317
95396.644933,27318
95396.653148,27319
95396.661349,27320
95396.668887,27321
95396.676850,27322
95396.683600,27323
95396.689826,27324
95396.698509,27325
95396.707374,27326
95396.714015,27327
95396.722957,27328
95396.729602,27329
95396.740354,27330
95396.749552,27331
95396.755867,27332
95396.764861,27333
95396.771727,27334
95396.781248,27335
95396.787393,27336
95396.793611,27337
95396.799554,27338
95396.806041,27339
95396.815392,27340
95396.822288,27341
95396.828770,27342
95396.838452,27343
95396.844614,27344
95396.852706,27345
95396.863910,27346
95396.873230,27347
95396.881330,27348
95396.891694,27349
95396.899711,27350
95396.905719,27351
95396.912229,27352
95396.918939,27353
95396.924872,27354
95396.931786,27355
95396.938764,27356
95396.946116,27357
95396.952186,27358
95396.958658,27359
95396.965305,27360
95396.971888,27361
95396.977897,27362
95396.984637,27363
95396.990584,27364
95396.997440,27365
95397.004684,27366
95397.010869,27367
95397.017943,27368
95397.023941,27369
95397.029909,27370
95397.036156,27371
95397.042212,27372
95397.048580,27373
95397.054669,27374
95397.061982,27375
95397.068486,27376
95397.075813,27377
95397.083483,27378
95397.089943,27379
95397.096210,27380
95397.103031,27381
95397.109250,27382
95397.115164,27383
95397.121279,27384
95397.128370,27385
95397.135738,27386
95397.142694,27387
95397.150192,27388
95397.157422,27389
95397.163584,27390
95397.169845,27391
95397.176425,27392
95397.184077,27393
95397.190382,27394
95397.196935,27395
95397.202996,27396
95397.209601,27397
95397.215717,27398
95397.222322,27399
95397.230070,27400
95397.236208,27401
95397.246653,27402
95397.256242,27403
95397.266196,27404
95397.274686,27405
95397.281051,27406
95397.288172,27407
95397.294068,27408
95397.303430,27409
95397.312893,27410
95397.321813,27411
95397.328325,27412
95397.334690,27413
95397.343446,27414
95397.351561,27415
95397.357648,27416
95397.367169,27417
95397.373136,27418
95397.381829,27419
95397.388018,27420
95397.396740,27421
95397.403035,27422
95397.409565,27423
95397.417025,27424
95397.426897,27425
95397.433401,27426
95397.439788,27427
95397.445842,27428
95397.452132,27429
95397.458422,27430
95397.465727,27431
95397.474381,27432
95397.480757,27433
95397.488342,27434
95397.497917,27435
95397.505605,27436
95397.511650,27437
95397.518437,27438
95397.525140,27439
95397.532746,27440
95397.538915,27441
95397.547263,27442
95397.553282,27443
95397.560687,27444
95397.566810,27445
95397.573947,27446
95397.581753,27447
95397.587925,27448
95397.594136,27449
95397.602804,27450
95397.609711,27451
95397.617390,27452
95397.623312,27453
95397.629411,27454
95397.638244,27455
95397.646562,27456
95397.653564,27457
95397.659907,27458
95397.666726,27459
95397.672664,27460
95397.679304,27461
95397.685517,27462
95397.691753,27463
95397.698955,27464
95397.704958,27465
95397.712217,27466
95397.718171,27467
95397.724073,27468
95397.729936,27469
95397.735656,27470
95397.741546,27471
95397.749532,27472
95397.755893,27473
95397.761670,27474
95397.768087,27475
95397.773890,27476
95397.780027,27477
95397.786623,27478
95397.793848,27479
95397.800877,27480
95397.806575,27481
95397.813832,27482
95397.820416,27483
95397.827518,27484
95397.833521,27485
95397.840298,27486
95397.846432,27487
95397.852816,27488
95397.859948,27489
95397.867217,27490
95397.873208,27491
95397.879273,27492
95397.885445,27493
95397.892526,27494
95397.898605,27495
95397.907145,27496
95397.913727,27497
95397.920345,27498
95397.926259,27499
95401.293705,27500
95401.302428,27501
95401.308174,27502
95401.315469,27503
95401.321989,27504
95401.328518,27505
95401.334933,27506
95401.341956,27507
95401.348802,27508
95401.353894,27509
95401.360366,27510
95401.367188,27511
95401.377013,27512
95401.384863,27513
95401.391763,27514
95401.401640,27515
95401.406800,27516
95401.414699,27517
95401.422219,27518
95401.430732,27519
95401.436005,27520
95401.441568,27521
95401.446690,27522
95401.455165,27523
95401.462819,27524
95401.470764,27525
95401.478448,27526
95401.486210,27527
95401.494095,27528
95401.499387,27529
95401.509029,27530
95401.517622,27531
95401.525797,27532
95401.535449,27533
95401.543415,27534
95401.551305,27535
95401.556681,27536
95401.566505,27537
95401.572039,27538
95401.581886,27539
95401.592226,27540
95401.597540,27541
95401.606449,27542
95401.616439,27543
95401.625730,27544
95401.631062,27545
95401.639395,27546
95401.649269,27547
95401.659366,27548
95401.667982,27549
95401.677737,27550
95401.687354,27551
95401.696946,27552
95401.705924,27553
95401.715606,27554
95401.725465,27555
95401.730765,27556
95401.736257,27557
95401.745542,27558
95401.755277,27559
95401.761077,27560
95401.770519,27561
95401.780381,27562
95401.786040,27563
95401.791836,27564
95401.801344,27565
95401.811357,27566
95401.821403,27567
95401.831339,27568
95401.841042,27569
95401.851993,27570
95401.861703,27571
95401.871491,27572
95401.881475,27573
95401.891210,27574
95401.900698,27575
95401.910305,27576
95401.920123,27577
95401.929921,27578
95401.940255,27579
95401.950363,27580
95401.959970,27581
95401.971268,27582
95401.981042,27583
95401.990637,27584
95402.000889,27585
95402.011298,27586
95402.021342,27587
95402.027239,27588
95402.038671,27589
95402.049140,27590
95402.058883,27591
95402.068235,27592
95402.073787,27593
95402.083480,27594
95402.093464,27595
95402.103974,27596
95402.113635,27597
95402.123291,27598
95402.133212,27599
95402.144809,27600
95402.150220,27601
95402.155146,27602
95402.160171,27603
95402.165124,27604
95402.170103,27605
95402.176829,27606
95402.182338,27607
95402.189437,27608
95402.196360,27609
95402.203148,27610
95402.207991,27611
95402.213558,27612
95402.220469,27613
95402.226316,27614
95402.233948,27615
95402.239531,27616
95402.244901,27617
95402.250126,27618
95402.257136,27619
95402.262261,27620
95402.268664,27621
95402.273957,27622
95402.281294,27623
95402.286254,27624
95402.291100,27625
95402.296489,27626
95402.301337,27627
95402.306462,27628
95402.311857,27629
95402.319615,27630
95402.325045,27631
95402.331122,27632
95402.338474,27633
95402.344372,27634
95402.349254,27635
95402.355644,27636
95402.361930,27637
95402.367259,27638
95402.372079,27639
95402.377370,27640
95402.382160,27641
95402.388884,27642
95402.394512,27643
95402.399270,27644
95402.404417,27645
95402.410413,27646
95402.416627,27647
95402.423655,27648
95402.428475,27649
95402.433632,27650
95402.441231,27651
95402.446336,27652
95402.452127,27653
95402.459505,27654
95402.464357,27655
95402.469558,27656
95402.474153,27657
95402.480534,27658
95402.485294,27659
95402.490860,27660
95402.499155,27661
95402.505808,27662
95402.512866,27663
95402.518644,27664
95402.523730,27665
95402.528541,27666
95402.538198,27667
95402.545356,27668
95402.550414,27669
95402.555969,27670
95402.560951,27671
95402.569099,27672
95402.576484,27673
95402.581870,27674
95402.589310,27675
95402.596605,27676
95402.602277,27677
95402.610906,27678
95402.616414,27679
95402.625631,27680
95402.632857,27681
95402.638298,27682
95402.644662,27683
95402.649557,27684
95402.656313,27685
95402.661308,27686
95402.666176,27687
95402.672102,27688
95402.677354,27689
95402.682125,27690
95402.689784,27691
95402.699104,27692
95402.707792,27693
95402.713635,27694
95402.719576,27695
95402.725871,27696
95402.730865,27697
95402.737303,27698
95402.742304,27699
95402.750105,27700
95402.756345,27701
95402.761565,27702
95402.767810,27703
95402.775828,27704
95402.782034,27705
95402.789335,27706
95402.794178,27707
95402.801921,27708
95402.806968,27709
95402.813857,27710
95402.818592,27711
95402.823655,27712
95402.829408,27713
95402.835113,27714
95402.842404,27715
95402.849375,27716
95402.854188,27717
95402.860168,27718
95402.865092,27719
95402.870676,27720
95402.875622,27721
95402.880810,27722
95402.885620,27723
95402.891253,27724
95402.896732,27725
95402.904125,27726
95402.912588,27727
95402.919325,27728
95402.924174,27729
95402.929052,27730
95402.934804,27731
95402.940013,27732
95402.947773,27733
95402.954626,27734
95402.959666,27735
95402.964420,27736
95402.970654,27737
95402.978591,27738
95402.983308,27739
95402.990924,27740
95402.997284,27741
95403.004180,27742
95403.011426,27743
95403.019704,27744
95403.024919,27745
95403.029995,27746
95403.035499,27747
95403.040879,27748
95403.046395,27749
95405.905983,27750
95405.917790,27751
95405.924452,27752
95405.931132,27753
95405.937802,27754
95405.946327,27755
95405.955192,27756
95405.961902,27757
95405.970214,27758
95405.977178,27759
95405.984574,27760
95405.992281,27761
95406.000220,27762
95406.007125,27763
95406.015561,27764
95406.023655,27765
95406.030845,27766
95406.037757,27767
95406.045280,27768
95406.055596,27769
95406.063818,27770
95406.071413,27771
95406.078971,27772
95406.086763,27773
95406.095508,27774
95406.104679,27775
95406.112497,27776
95406.121009,27777
95406.128826,27778
95406.139688,27779
95406.147454,27780
95406.155709,27781
95406.164457,27782
95406.171797,27783
95406.180291,27784
95406.189569,27785
95406.197359,27786
95406.206353,27787
95406.214776,27788
95406.224617,27789
95406.234917,27790
95406.243024,27791
95406.251798,27792
95406.261086,27793
95406.270198,27794
95406.279458,27795
95406.289083,27796
95406.298145,27797
95406.307371,27798
95406.316654,27799
95406.325467,27800
95406.335222,27801
95406.344883,27802
95406.353666,27803
95406.363648,27804
95406.373845,27805
95406.384012,27806
95406.393325,27807
95406.403292,27808
95406.412833,27809
95406.423032,27810
95406.435014,27811
95406.445245,27812
95406.456495,27813
95406.466119,27814
95406.477801,27815
95406.487442,27816
95406.499167,27817
95406.510120,27818
95406.521276,27819
95406.532386,27820
95406.542660,27821
95406.553667,27822
95406.563903,27823
95406.574170,27824
95406.586459,27825
95406.596289,27826
95406.606253,27827
95406.616254,27828
95406.627492,27829
95406.637941,27830
95406.648407,27831
95406.658355,27832
95406.668766,27833
95406.679392,27834
95406.689731,27835
95406.700431,27836
95406.711593,27837
95406.722959,27838
95406.733326,27839
95406.744436,27840
95406.755591,27841
95406.767046,27842
95406.778324,27843
95406.789225,27844
95406.801505,27845
95406.812402,27846
95406.823483,27847
95406.835050,27848
95406.845572,27849
95406.858899,27850
95406.866188,27851
95406.874563,27852
95406.881856,27853
95406.889815,27854
95406.898897,27855
95406.907770,27856
95406.915423,27857
95406.922740,27858
95406.931168,27859
95406.938596,27860
95406.946576,27861
95406.956232,27862
95406.964665,27863
95406.973773,27864
95406.981808,27865
95406.991977,27866
95406.999743,27867
95407.008131,27868
95407.016503,27869
95407.024373,27870
95407.034719,27871
95407.044369,27872
95407.052725,27873
95407.060562,27874
95407.071260,27875
95407.078917,27876
95407.087507,27877
95407.095718,27878
95407.103553,27879
95407.111996,27880
95407.120129,27881
95407.130697,27882
95407.139347,27883
95407.148500,27884
95407.158467,27885
95407.169308,27886
95407.177735,27887
95407.185868,27888
95407.196491,27889
95407.204859,27890
95407.214546,27891
95407.225108,27892
95407.235396,27893
95407.245206,27894
95407.253546,27895
95407.261571,27896
95407.272223,27897
95407.281237,27898
95407.289969,27899
95407.298866,27900
95407.307914,27901
95407.315227,27902
95407.323766,27903
95407.330809,27904
95407.340636,27905
95407.351245,27906
95407.360517,27907
95407.370868,27908
95407.381577,27909
95407.391881,27910
95407.399748,27911
95407.408332,27912
95407.418224,27913
95407.426636,27914
95407.435163,27915
95407.445422,27916
95407.453652,27917
95407.462144,27918
95407.470663,27919
95407.478196,27920
95407.485690,27921
95407.495202,27922
95407.504667,27923
95407.514863,27924
95407.524405,27925
95407.532652,27926
95407.543718,27927
95407.552032,27928
95407.562536,27929
95407.572344,27930
95407.581207,27931
95407.590834,27932
95407.600852,27933
95407.609287,27934
95407.619285,27935
95407.629595,27936
95407.639230,27937
95407.649659,27938
95407.657958,27939
95407.668652,27940
95407.677503,27941
95407.686654,27942
95407.696609,27943
95407.705502,27944
95407.715095,27945
95407.725416,27946
95407.733284,27947
95407.741745,27948
95407.752111,27949
95407.764429,27950
95407.774245,27951
95407.783843,27952
95407.793137,27953
95407.801521,27954
95407.810195,27955
95407.818342,27956
95407.826293,27957
95407.834265,27958
95407.843670,27959
95407.853419,27960
95407.860978,27961
95407.870930,27962
95407.879450,27963
95407.887710,27964
95407.897263,27965
95407.908424,27966
95407.916886,27967
95407.924836,27968
95407.933031,27969
95407.943584,27970
95407.952017,27971
95407.960675,27972
95407.969115,27973
95407.978583,27974
95407.988380,27975
95407.997454,27976
95408.007190,27977
95408.017949,27978
95408.028209,27979
95408.036830,27980
95408.044037,27981
95408.052741,27982
95408.063277,27983
95408.071751,27984
95408.081601,27985
95408.090691,27986
95408.098519,27987
95408.106683,27988
95408.115691,27989
95408.123963,27990
95408.132744,27991
95408.140613,27992
95408.148652,27993
95408.156937,27994
95408.165094,27995
95408.173324,27996
95408.181630,27997
95408.191452,27998
95408.199273,27999
95410.584424,28000
95410.633477,28001
95410.639525,28002
95410.645428,28003
95410.651370,28004
95410.657593,28005
95410.663738,28006
95410.669847,28007
95410.675636,28008
95410.681611,28009
95410.687333,28010
95410.692994,28011
95410.698693,28012
95410.704676,28013
95410.710645,28014
95410.716412,28015
95410.722136,28016
95410.727876,28017
95410.733731,28018
95410.739414,28019
95410.745114,28020
95410.750782,28021
95410.756434,28022
95410.762160,28023
95410.767871,28024
95410.773926,28025
95410.779913,28026
95410.785677,28027
95410.791452,28028
95410.797127,28029
95410.802996,28030
95410.809070,28031
95410.814718,28032
95410.820379,28033
95410.826112,28034
95410.831856,28035
95410.837623,28036
95410.843447,28037
95410.849477,28038
95410.856475,28039
95410.863707,28040
95410.870633,28041
95410.877399,28042
95410.883514,28043
95410.889429,28044
95410.895158,28045
95410.900929,28046
95410.906793,28047
95410.912413,28048
95410.918121,28049
95410.923780,28050
95410.929409,28051
95410.935104,28052
95410.940910,28053
95410.946962,28054
95410.952574,28055
95410.958232,28056
95410.963967,28057
95410.969717,28058
95410.975396,28059
95410.980977,28060
95410.986643,28061
95410.992316,28062
95410.997999,28063
95411.003870,28064
95411.009546,28065
95411.015284,28066
95411.021222,28067
95411.026876,28068
95411.032576,28069
95411.038277,28070
95411.043987,28071
95411.049645,28072
95411.055238,28073
95411.060841,28074
95411.066820,28075
95411.072598,28076
95411.078367,28077
95411.084298,28078
95411.089904,28079
95411.095725,28080
95411.101436,28081
95411.107465,28082
95411.113443,28083
95411.119124,28084
95411.124874,28085
95411.130662,28086
95411.136464,28087
95411.142389,28088
95411.148067,28089
95411.154221,28090
95411.160030,28091
95411.165832,28092
95411.171642,28093
95411.177541,28094
95411.183324,28095
95411.189368,28096
95411.195022,28097
95411.200788,28098
95411.206427,28099
95411.213817,28100
95411.219720,28101
95411.225901,28102
95411.231631,28103
95411.237372,28104
95411.243325,28105
95411.249196,28106
95411.254830,28107
95411.260638,28108
95411.266449,28109
95411.272147,28110
95411.277818,28111
95411.283445,28112
95411.289230,28113
95411.295339,28114
95411.301088,28115
95411.307005,28116
95411.312976,28117
95411.318773,28118
95411.324635,28119
95411.330367,28120
95411.336282,28121
95411.341970,28122
95411.347774,28123
95411.353547,28124
95411.359417,28125
95411.365540,28126
95411.371359,28127
95411.377164,28128
95411.383182,28129
95411.388878,28130
95411.394506,28131
95411.400201,28132
95411.405906,28133
95411.411762,28134
95411.417442,28135
95411.423082,28136
95411.428891,28137
95411.434976,28138
95411.440657,28139
95411.446403,28140
95411.452333,28141
95411.458026,28142
95411.463717,28143
95411.469384,28144
95411.475127,28145
95411.480809,28146
95411.486482,28147
95411.492169,28148
95411.497754,28149
95411.503695,28150
95411.509341,28151
95411.515142,28152
95411.520917,28153
95411.526759,28154
95411.532550,28155
95411.538265,28156
95411.543914,28157
95411.549672,28158
95411.555361,28159
95411.561152,28160
95411.566985,28161
95411.573069,28162
95411.579625,28163
95411.585467,28164
95411.591663,28165
95411.597981,28166
95411.604034,28167
95411.610029,28168
95411.615953,28169
95411.621825,28170
95411.627728,28171
95411.633494,28172
95411.639502,28173
95411.645389,28174
95411.651098,28175
95411.657024,28176
95411.662792,28177
95411.668499,28178
95411.674232,28179
95411.679911,28180
95411.685709,28181
95411.691569,28182
95411.697659,28183
95411.703614,28184
95411.709534,28185
95411.715299,28186
95411.720977,28187
95411.726882,28188
95411.733063,28189
95411.739206,28190
95411.744812,28191
95411.750502,28192
95411.756295,28193
95411.762000,28194
95411.767750,28195
95411.773623,28196
95411.779396,28197
95411.785409,28198
95411.791132,28199
95411.799005,28200
95411.804928,28201
95411.811334,28202
95411.817012,28203
95411.822655,28204
95411.828395,28205
95411.834223,28206
95411.840063,28207
95411.845872,28208
95411.851549,28209
95411.857461,28210
95411.863254,28211
95411.868999,28212
95411.874946,28213
95411.880765,28214
95411.886694,28215
95411.892427,28216
95411.898190,28217
95411.904009,28218
95411.909815,28219
95411.915713,28220
95411.921441,28221
95411.927399,28222
95411.933228,28223
95411.939201,28224
95411.945056,28225
95411.950804,28226
95411.956574,28227
95411.962388,28228
95411.968223,28229
95411.973916,28230
95411.979806,28231
95411.985573,28232
95411.991321,28233
95411.997564,28234
95412.003388,28235
95412.009228,28236
95412.015514,28237
95412.021387,28238
95412.027197,28239
95412.033068,28240
95412.038755,28241
95412.044394,28242
95412.050286,28243
95412.055932,28244
95412.061819,28245
95412.067977,28246
95412.073878,28247
95412.079827,28248
95412.085515,28249
95415.278285,28250
95415.288485,28251
95415.294625,28252
95415.301748,28253
95415.308087,28254
95415.314958,28255
95415.320556,28256
95415.326573,28257
95415.332501,28258
95415.339522,28259
95415.346037,28260
95415.352581,28261
95415.358916,28262
95415.364912,28263
95415.371537,28264
95415.378305,28265
95415.386297,28266
95415.392616,28267
95415.398048,28268
95415.405231,28269
95415.412998,28270
95415.419241,28271
95415.425086,28272
95415.431184,28273
95415.437131,28274
95415.443474,28275
95415.450517,28276
95415.456866,28277
95415.464211,28278
95415.470239,28279
95415.478557,28280
95415.486760,28281
95415.493115,28282
95415.499279,28283
95415.505916,28284
95415.512294,28285
95415.519211,28286
95415.528316,28287
95415.536548,28288
95415.542908,28289
95415.552500,28290
95415.559568,28291
95415.567944,28292
95415.574751,28293
95415.581542,28294
95415.588794,28295
95415.596437,28296
95415.604456,28297
95415.611406,28298
95415.617824,28299
95415.626484,28300
95415.635618,28301
95415.644296,28302
95415.650905,28303
95415.660351,28304
95415.668870,28305
95415.678182,28306
95415.687228,28307
95415.696689,28308
95415.704139,28309
95415.713250,28310
95415.722842,28311
95415.729988,28312
95415.738080,28313
95415.747353,28314
95415.755485,28315
95415.765155,28316
95415.773040,28317
95415.782826,28318
95415.792060,28319
95415.800122,28320
95415.807680,28321
95415.816611,28322
95415.827187,28323
95415.834568,28324
95415.843710,28325
95415.851409,28326
95415.860841,28327
95415.870181,28328
95415.877750,28329
95415.884966,28330
95415.893203,28331
95415.900716,28332
95415.910491,28333
95415.920618,28334
95415.931169,28335
95415.938728,28336
95415.947062,28337
95415.955147,28338
95415.963650,28339
95415.973549,28340
95415.984130,28341
95415.992425,28342
95416.001099,28343
95416.011275,28344
95416.020858,28345
95416.030361,28346
95416.039783,28347
95416.049174,28348
95416.056413,28349
95416.067174,28350
95416.072660,28351
95416.079137,28352
95416.084492,28353
95416.089940,28354
95416.096645,28355
95416.101965,28356
95416.107239,28357
95416.112870,28358
95416.118372,28359
95416.124682,28360
95416.131542,28361
95416.138462,28362
95416.144666,28363
95416.149639,28364
95416.154638,28365
95416.159473,28366
95416.165359,28367
95416.172261,28368
95416.177209,28369
95416.182364,28370
95416.188302,28371
95416.193434,28372
95416.198745,28373
95416.205280,28374
95416.212067,28375
95416.217257,28376
95416.223652,28377
95416.229684,28378
95416.235183,28379
95416.240723,28380
95416.246052,28381
95416.252842,28382
95416.257760,28383
95416.263005,28384
95416.269698,28385
95416.275289,28386
95416.280945,28387
95416.286422,28388
95416.291646,28389
95416.296902,28390
95416.302644,28391
95416.308912,28392
95416.313756,28393
95416.319479,28394
95416.326122,28395
95416.331156,28396
95416.336933,28397
95416.342236,28398
95416.349476,28399
95416.354595,28400
95416.361975,28401
95416.367122,28402
95416.373559,28403
95416.379597,28404
95416.384712,28405
95416.391343,28406
95416.397726,28407
95416.404783,28408
95416.410597,28409
95416.417154,28410
95416.424148,28411
95416.433806,28412
95416.440483,28413
95416.447063,28414
95416.455917,28415
95416.464460,28416
95416.472326,28417
95416.477675,28418
95416.484142,28419
95416.489233,28420
95416.494396,28421
95416.499688,28422
95416.504758,28423
95416.509798,28424
95416.515767,28425
95416.522095,28426
95416.528499,28427
95416.534165,28428
95416.541098,28429
95416.547757,28430
95416.553278,28431
95416.558222,28432
95416.564366,28433
95416.571141,28434
95416.576294,28435
95416.583106,28436
95416.589451,28437
95416.595558,28438
95416.601607,28439
95416.607442,28440
95416.614228,28441
95416.619546,28442
95416.625915,28443
95416.630876,28444
95416.636800,28445
95416.643601,28446
95416.649471,28447
95416.654729,28448
95416.660954,28449
95416.667968,28450
95416.673419,28451
95416.679552,28452
95416.685090,28453
95416.690433,28454
95416.697259,28455
95416.702657,28456
95416.708343,28457
95416.713417,28458
95416.718677,28459
95416.725017,28460
95416.732040,28461
95416.737628,28462
95416.744258,28463
95416.749128,28464
95416.754220,28465
95416.761453,28466
95416.766745,28467
95416.772151,28468
95416.777095,28469
95416.783219,28470
95416.788520,28471
95416.793436,28472
95416.798616,28473
95416.805048,28474
95416.810706,28475
95416.816015,28476
95416.822558,28477
95416.829168,28478
95416.835049,28479
95416.840612,28480
95416.847066,28481
95416.854043,28482
95416.861375,28483
95416.867191,28484
95416.872642,28485
95416.878296,28486
95416.884609,28487
95416.889468,28488
95416.895064,28489
95416.900023,28490
95416.904930,28491
95416.909853,28492
95416.915099,28493
95416.920094,28494
95416.926462,28495
95416.931868,28496
95416.936951,28497
95416.942871,28498
95416.948504,28499
95420.339512,28500
95420.348287,28501
95420.354983,28502
95420.362213,28503
95420.368692,28504
95420.376141,28505
95420.382717,28506
95420.389741,28507
95420.395905,28508
95420.403442,28509
95420.410161,28510
95420.417149,28511
95420.423483,28512
95420.430180,28513
95420.437769,28514
95420.445483,28515
95420.452484,28516
95420.460425,28517
95420.468454,28518
95420.475531,28519
95420.483384,28520
95420.489740,28521
95420.497370,28522
95420.505086,28523
95420.512595,28524
95420.520070,28525
95420.527391,28526
95420.535670,28527
95420.542623,28528
95420.549495,28529
95420.556264,28530
95420.563989,28531
95420.573392,28532
95420.580939,28533
95420.590610,28534
95420.598866,28535
95420.606970,28536
95420.615160,28537
95420.623610,28538
95420.632148,28539
95420.641321,28540
95420.649997,28541
95420.659063,28542
95420.667339,28543
95420.675986,28544
95420.685409,28545
95420.693731,28546
95420.703617,28547
95420.712692,28548
95420.722229,28549
95420.733527,28550
95420.742489,28551
95420.751710,28552
95420.760171,28553
95420.770091,28554
95420.778358,28555
95420.788632,28556
95420.799107,28557
95420.808158,28558
95420.818354,28559
95420.828397,28560
95420.836739,28561
95420.847552,28562
95420.857153,28563
95420.867541,28564
95420.875930,28565
95420.885299,28566
95420.894986,28567
95420.903461,28568
95420.914524,28569
95420.924498,28570
95420.934219,28571
95420.945862,28572
95420.955476,28573
95420.967273,28574
95420.978201,28575
95420.987721,28576
95420.998196,28577
95421.008169,28578
95421.018181,28579
95421.029121,28580
95421.039620,28581
95421.050534,28582
95421.058934,28583
95421.070457,28584
95421.080375,28585
95421.091680,28586
95421.104553,28587
95421.115812,28588
95421.124609,28589
95421.135258,28590
95421.145442,28591
95421.156324,28592
95421.166468,28593
95421.178618,28594
95421.188952,28595
95421.199714,28596
95421.210677,28597
95421.221070,28598
95421.232936,28599
95421.245067,28600
95421.252849,28601
95421.258595,28602
95421.265622,28603
95421.272674,28604
95421.278758,28605
95421.284690,28606
95421.291066,28607
95421.296425,28608
95421.302583,28609
95421.309899,28610
95421.315866,28611
95421.321676,28612
95421.329834,28613
95421.336231,28614
95421.342873,28615
95421.348652,28616
95421.356667,28617
95421.362554,28618
95421.368420,28619
95421.376537,28620
95421.383788,28621
95421.391646,28622
95421.399724,28623
95421.406208,28624
95421.413813,28625
95421.419887,28626
95421.425602,28627
95421.432470,28628
95421.438220,28629
95421.445325,28630
95421.452849,28631
95421.460083,28632
95421.468178,28633
95421.477105,28634
95421.485268,28635
95421.493203,28636
95421.499657,28637
95421.505979,28638
95421.513639,28639
95421.520319,28640
95421.525845,28641
95421.531601,28642
95421.537540,28643
95421.543485,28644
95421.549095,28645
95421.556007,28646
95421.562842,28647
95421.569325,28648
95421.575969,28649
95421.583657,28650
95421.591608,28651
95421.597782,28652
95421.604227,28653
95421.611772,28654
95421.617635,28655
95421.623259,28656
95421.629058,28657
95421.637568,28658
95421.643147,28659
95421.650291,28660
95421.656461,28661
95421.663046,28662
95421.670552,28663
95421.677197,28664
95421.683749,28665
95421.689959,28666
95421.698371,28667
95421.704349,28668
95421.713157,28669
95421.719944,28670
95421.728744,28671
95421.734835,28672
95421.740665,28673
95421.749513,28674
95421.755511,28675
95421.761305,28676
95421.768287,28677
95421.776453,28678
95421.783093,28679
95421.791126,28680
95421.797291,28681
95421.805686,28682
95421.811210,28683
95421.817217,28684
95421.825884,28685
95421.833657,28686
95421.840417,28687
95421.848895,28688
95421.855685,28689
95421.862603,28690
95421.868491,28691
95421.876360,28692
95421.884740,28693
95421.893421,28694
95421.902226,28695
95421.908624,28696
95421.919199,28697
95421.925762,28698
95421.931651,28699
95421.942106,28700
95421.948581,28701
95421.956911,28702
95421.964335,28703
95421.970459,28704
95421.977333,28705
95421.983480,28706
95421.990162,28707
95421.995999,28708
95422.002230,28709
95422.007942,28710
95422.014875,28711
95422.020818,28712
95422.028870,28713
95422.036114,28714
95422.043960,28715
95422.051674,28716
95422.057446,28717
95422.064659,28718
95422.070896,28719
95422.079146,28720
95422.087663,28721
95422.097932,28722
95422.104927,28723
95422.112873,28724
95422.120690,28725
95422.127383,28726
95422.133244,28727
95422.139054,28728
95422.147577,28729
95422.154703,28730
95422.160842,28731
95422.169175,28732
95422.174818,28733
95422.181033,28734
95422.186941,28735
95422.195478,28736
95422.201416,28737
95422.207629,28738
95422.214990,28739
95422.220675,28740
95422.228542,28741
95422.236792,28742
95422.243068,28743
95422.249284,28744
95422.255062,28745
95422.264131,28746
95422.273315,28747
95422.279566,28748
95422.285629,28749
95425.776783,28750
95425.788464,28751
95425.796465,28752
95425.804910,28753
95425.813283,28754
95425.820624,28755
95425.829965,28756
95425.838212,28757
95425.846152,28758
95425.856030,28759
95425.864621,28760
95425.874968,28761
95425.884187,28762
95425.893293,28763
95425.904095,28764
95425.912465,28765
95425.923335,28766
95425.933484,28767
95425.943759,28768
95425.953653,28769
95425.962755,28770
95425.972865,28771
95425.983895,28772
95425.994555,28773
95426.005385,28774
95426.015397,28775
95426.025883,28776
95426.037224,28777
95426.048853,28778
95426.059139,28779
95426.069710,28780
95426.081079,28781
95426.091904,28782
95426.102321,28783
95426.112921,28784
95426.123224,28785
95426.134011,28786
95426.144818,28787
95426.155727,28788
95426.166694,28789
95426.177490,28790
95426.188793,28791
95426.200253,28792
95426.211683,28793
95426.223215,28794
95426.234563,28795
95426.246538,28796
95426.258280,28797
95426.270009,28798
95426.282026,28799
95426.293986,28800
95426.306091,28801
95426.317635,28802
95426.329690,28803
95426.341431,28804
95426.353220,28805
95426.364899,28806
95426.377412,28807
95426.389910,28808
95426.401265,28809
95426.413329,28810
95426.424578,28811
95426.436862,28812
95426.449048,28813
95426.460557,28814
95426.472558,28815
95426.484570,28816
95426.497182,28817
95426.510658,28818
95426.523904,28819
95426.536168,28820
95426.548473,28821
95426.560708,28822
95426.573374,28823
95426.585420,28824
95426.597979,28825
95426.610423,28826
95426.622848,28827
95426.635585,28828
95426.647699,28829
95426.659545,28830
95426.672617,28831
95426.685312,28832
95426.697688,28833
95426.709975,28834
95426.722066,28835
95426.734255,28836
95426.746705,28837
95426.759215,28838
95426.772022,28839
95426.784707,28840
95426.798225,28841
95426.811435,28842
95426.825821,28843
95426.839744,28844
95426.853574,28845
95426.866609,28846
95426.880360,28847
95426.892879,28848
95426.906174,28849
95426.922604,28850
95426.933022,28851
95426.943272,28852
95426.953165,28853
95426.961994,28854
95426.972135,28855
95426.981289,28856
95426.991238,28857
95426.999762,28858
95427.009981,28859
95427.019668,28860
95427.030197,28861
95427.039323,28862
95427.047650,28863
95427.056645,28864
95427.066204,28865
95427.076123,28866
95427.085717,28867
95427.095764,28868
95427.105327,28869
95427.115925,28870
95427.125776,28871
95427.134469,28872
95427.144205,28873
95427.153846,28874
95427.163322,28875
95427.173981,28876
95427.184213,28877
95427.194711,28878
95427.204621,28879
95427.212927,28880
95427.223397,28881
95427.232266,28882
95427.241826,28883
95427.251213,28884
95427.261231,28885
95427.271431,28886
95427.282241,28887
95427.293060,28888
95427.302873,28889
95427.312217,28890
95427.322527,28891
95427.331261,28892
95427.340962,28893
95427.350921,28894
95427.361674,28895
95427.371669,28896
95427.382472,28897
95427.392831,28898
95427.403760,28899
95427.413887,28900
95427.422380,28901
95427.433195,28902
95427.442838,28903
95427.451799,28904
95427.461213,28905
95427.469939,28906
95427.479864,28907
95427.489282,28908
95427.499038,28909
95427.509907,28910
95427.519181,28911
95427.530400,28912
95427.539172,28913
95427.548444,28914
95427.558914,28915
95427.568047,28916
95427.577737,28917
95427.587334,28918
95427.596441,28919
95427.608217,28920
95427.617928,28921
95427.627864,28922
95427.638648,28923
95427.649067,28924
95427.659858,28925
95427.670635,28926
95427.680542,28927
95427.690225,28928
95427.699609,28929
95427.709834,28930
95427.720240,28931
95427.730186,28932
95427.740694,28933
95427.750484,28934
95427.760458,28935
95427.772926,28936
95427.783749,28937
95427.793432,28938
95427.803413,28939
95427.815692,28940
95427.825543,28941
95427.834353,28942
95427.843704,28943
95427.853110,28944
95427.865154,28945
95427.875972,28946
95427.886508,28947
95427.895747,28948
95427.907549,28949
95427.919835,28950
95427.930985,28951
95427.941699,28952
95427.952936,28953
95427.964011,28954
95427.975514,28955
95427.986380,28956
95427.995604,28957
95428.006247,28958
95428.016687,28959
95428.025740,28960
95428.036360,28961
95428.046737,28962
95428.058359,28963
95428.068619,28964
95428.079204,28965
95428.090475,28966
95428.101884,28967
95428.113338,28968
95428.123464,28969
95428.135540,28970
95428.145966,28971
95428.154860,28972
95428.165663,28973
95428.175045,28974
95428.186748,28975
95428.198302,28976
95428.208170,28977
95428.219444,28978
95428.231491,28979
95428.241390,28980
95428.252025,28981
95428.262452,28982
95428.273936,28983
95428.284471,28984
95428.295750,28985
95428.306197,28986
95428.318541,28987
95428.328725,28988
95428.340324,28989
95428.351839,28990
95428.362909,28991
95428.373490,28992
95428.385369,28993
95428.394740,28994
95428.405169,28995
95428.416088,28996
95428.427725,28997
95428.437529,28998
95428.449909,28999
95430.190513,29250
95430.285607,29251
95430.292177,29252
95430.297947,29253
95430.303668,29254
95430.309576,29255
95430.315304,29256
95430.321183,29257
95430.327004,29258
95430.332716,29259
95430.338396,29260
95430.344456,29261
95430.350433,29262
95430.356596,29263
95430.362631,29264
95430.368719,29265
95430.374484,29266
95430.380572,29267
95430.386509,29268
95430.392556,29269
95430.398349,29270
95430.404305,29271
95430.410207,29272
95430.415911,29273
95430.421737,29274
95430.427398,29275
95430.433570,29276
95430.439610,29277
95430.445341,29278
95430.451016,29279
95430.456716,29280
95430.462420,29281
95430.468160,29282
95430.474090,29283
95430.480978,29284
95430.487392,29285
95430.493446,29286
95430.499236,29287
95430.505410,29288
95430.511260,29289
95430.517428,29290
95430.523441,29291
95430.529457,29292
95430.535521,29293
95430.541375,29294
95430.547199,29295
95430.553565,29296
95430.559882,29297
95430.565764,29298
95430.571701,29299
95430.580299,29300
95430.586567,29301
95430.592534,29302
95430.598470,29303
95430.604384,29304
95430.610291,29305
95430.616601,29306
95430.622780,29307
95430.629006,29308
95430.638202,29309
95430.644193,29310
95430.650099,29311
95430.655875,29312
95430.661653,29313
95430.667472,29314
95430.673205,29315
95430.679013,29316
95430.684791,29317
95430.690444,29318
95430.696132,29319
95430.701888,29320
95430.709280,29321
95430.715011,29322
95430.721307,29323
95430.727085,29324
95430.732848,29325
95430.738719,29326
95430.744782,29327
95430.751157,29328
95430.757371,29329
95430.763310,29330
95430.769021,29331
95430.774755,29332
95430.780451,29333
95430.786141,29334
95430.792342,29335
95430.798130,29336
95430.804178,29337
95430.810568,29338
95430.816812,29339
95430.823059,29340
95430.830923,29341
95430.837527,29342
95430.843893,29343
95430.850328,29344
95430.856631,29345
95430.862971,29346
95430.868801,29347
95430.874679,29348
95430.880577,29349
95430.886496,29350
95430.892343,29351
95430.898259,29352
95430.904263,29353
95430.910327,29354
95430.916548,29355
95430.922809,29356
95430.928693,29357
95430.934820,29358
95430.940637,29359
95430.946477,29360
95430.952359,29361
95430.958450,29362
95430.964397,29363
95430.970171,29364
95430.976115,29365
95430.981926,29366
95430.987829,29367
95430.993743,29368
95430.999581,29369
95431.005954,29370
95431.012232,29371
95431.018934,29372
95431.029939,29373
95431.037397,29374
95431.044190,29375
95431.050497,29376
95431.056642,29377
95431.063023,29378
95431.069636,29379
95431.076156,29380
95431.082527,29381
95431.088655,29382
95431.094372,29383
95431.100348,29384
95431.106191,29385
95431.112112,29386
95431.118542,29387
95431.124758,29388
95431.130576,29389
95431.136625,29390
95431.142588,29391
95431.148444,29392
95431.154762,29393
95431.160770,29394
95431.167201,29395
95431.173512,29396
95431.179572,29397
95431.185837,29398
95431.192230,29399
95431.200703,29400
95431.206945,29401
95431.213591,29402
95431.219570,29403
95431.225446,29404
95431.231407,29405
95431.237327,29406
95431.243439,29407
95431.249874,29408
95431.256019,29409
95431.262332,29410
95431.268238,29411
95431.274108,29412
95431.280228,29413
95431.286513,29414
95431.292449,29415
95431.298701,29416
95431.304591,29417
95431.310693,29418
95431.318353,29419
95431.325000,29420
95431.331198,29421
95431.337994,29422
95431.344535,29423
95431.351174,29424
95431.357265,29425
95431.363436,29426
95431.369573,29427
95431.375328,29428
95431.381021,29429
95431.386925,29430
95431.392756,29431
95431.398467,29432
95431.404498,29433
95431.410761,29434
95431.416737,29435
95431.422954,29436
95431.428732,29437
95431.434836,29438
95431.440622,29439
95431.446376,29440
95431.452320,29441
95431.458198,29442
95431.464224,29443
95431.470020,29444
95431.475758,29445
95431.481481,29446
95431.487535,29447
95431.493797,29448
95431.499735,29449
95431.506240,29450
95431.512319,29451
95431.518222,29452
95431.524340,29453
95431.530280,29454
95431.536127,29455
95431.541990,29456
95431.547760,29457
95431.553738,29458
95431.559538,29459
95431.565826,29460
95431.571540,29461
95431.577483,29462
95431.583544,29463
95431.589926,29464
95431.596416,29465
95431.602462,29466
95431.608554,29467
95431.614813,29468
95431.620753,29469
95431.626483,29470
95431.632278,29471
95431.638233,29472
95431.644087,29473
95431.649875,29474
95431.655892,29475
95431.661621,29476
95431.667302,29477
95431.673031,29478
95431.678738,29479
95431.684527,29480
95431.690418,29481
95431.696163,29482
95431.701902,29483
95431.707727,29484
95431.713426,29485
95431.719209,29486
95431.724846,29487
95431.730520,29488
95431.736216,29489
95431.741921,29490
95431.747672,29491
95431.753380,29492
95431.759045,29493
95431.764783,29494
95431.770519,29495
95431.776582,29496
95431.782516,29497
95431.788440,29498
95431.794194,29499
95434.510350,29500
95434.519668,29501
95434.525854,29502
95434.534087,29503
95434.540643,29504
95434.547672,29505
95434.553561,29506
95434.559421,29507
95434.565589,29508
95434.571579,29509
95434.578372,29510
95434.584464,29511
95434.592502,29512
95434.600180,29513
95434.606475,29514
95434.612401,29515
95434.618411,29516
95434.624330,29517
95434.630715,29518
95434.637326,29519
95434.643861,29520
95434.649892,29521
95434.655885,29522
95434.661706,29523
95434.668463,29524
95434.674389,29525
95434.681481,29526
95434.687630,29527
95434.693532,29528
95434.700121,29529
95434.706007,29530
95434.713494,29531
95434.719528,29532
95434.725553,29533
95434.731427,29534
95434.737215,29535
95434.743869,29536
95434.750647,29537
95434.757028,29538
95434.763629,29539
95434.769411,29540
95434.775224,29541
95434.781098,29542
95434.787960,29543
95434.794576,29544
95434.800382,29545
95434.806249,29546
95434.812483,29547
95434.823461,29548
95434.831256,29549
95434.840371,29550
95434.846812,29551
95434.853497,29552
95434.860400,29553
95434.867509,29554
95434.873476,29555
95434.879894,29556
95434.885884,29557
95434.892786,29558
95434.899039,29559
95434.906331,29560
95434.912176,29561
95434.918990,29562
95434.925501,29563
95434.932256,29564
95434.939593,29565
95434.945577,29566
95434.952844,29567
95434.960285,29568
95434.966465,29569
95434.972805,29570
95434.978843,29571
95434.984762,29572
95434.990923,29573
95434.997285,29574
95435.003649,29575
95435.009724,29576
95435.015915,29577
95435.021946,29578
95435.028208,29579
95435.035684,29580
95435.042891,29581
95435.049155,29582
95435.056034,29583
95435.062385,29584
95435.069220,29585
95435.076660,29586
95435.084619,29587
95435.090940,29588
95435.097124,29589
95435.103252,29590
95435.109450,29591
95435.115391,29592
95435.123157,29593
95435.129144,29594
95435.136507,29595
95435.142889,29596
95435.150197,29597
95435.156379,29598
95435.162521,29599
95435.168735,29600
95435.176546,29601
95435.182491,29602
95435.189463,29603
95435.195987,29604
95435.202331,29605
95435.210850,29606
95435.217525,29607
95435.224168,29608
95435.230285,29609
95435.236682,29610
95435.242834,29611
95435.248879,29612
95435.256889,29613
95435.264586,29614
95435.270816,29615
95435.277732,29616
95435.284049,29617
95435.290127,29618
95435.297490,29619
95435.305296,29620
95435.312907,29621
95435.320131,29622
95435.326765,29623
95435.333740,29624
95435.340323,29625
95435.346740,29626
95435.353643,29627
95435.359700,29628
95435.367930,29629
95435.373906,29630
95435.381243,29631
95435.388706,29632
95435.395354,29633
95435.402213,29634
95435.408778,29635
95435.415915,29636
95435.423789,29637
95435.430087,29638
95435.436470,29639
95435.445021,29640
95435.451142,29641
95435.457470,29642
95435.464467,29643
95435.471211,29644
95435.477419,29645
95435.483285,29646
95435.489670,29647
95435.497071,29648
95435.503390,29649
95435.511934,29650
95435.518709,29651
95435.524894,29652
95435.532310,29653
95435.539931,29654
95435.547478,29655
95435.553754,29656
95435.559801,29657
95435.567334,29658
95435.574026,29659
95435.580172,29660
95435.588212,29661
95435.595260,29662
95435.602689,29663
95435.608595,29664
95435.617234,29665
95435.626646,29666
95435.635082,29667
95435.643583,29668
95435.653415,29669
95435.659357,29670
95435.666610,29671
95435.672608,29672
95435.679496,29673
95435.685491,29674
95435.691812,29675
95435.701204,29676
95435.709391,29677
95435.715605,29678
95435.723806,29679
95435.732247,29680
95435.738308,29681
95435.744200,29682
95435.750031,29683
95435.755985,29684
95435.761934,29685
95435.767751,29686
95435.774201,29687
95435.780107,29688
95435.786144,29689
95435.791891,29690
95435.798567,29691
95435.806468,29692
95435.812313,29693
95435.818133,29694
95435.823946,29695
95435.831025,29696
95435.837037,29697
95435.843125,29698
95435.850192,29699
95435.856158,29700
95435.863953,29701
95435.870043,29702
95435.876236,29703
95435.882419,29704
95435.890174,29705
95435.896291,29706
95435.904031,29707
95435.911124,29708
95435.917131,29709
95435.923526,29710
95435.929595,29711
95435.936836,29712
95435.944359,29713
95435.950996,29714
95435.957047,29715
95435.962861,29716
95435.969912,29717
95435.976557,29718
95435.982703,29719
95435.989033,29720
95435.995837,29721
95436.002769,29722
95436.009947,29723
95436.016905,29724
95436.025035,29725
95436.033933,29726
95436.039809,29727
95436.047989,29728
95436.053779,29729
95436.059535,29730
95436.065421,29731
95436.073530,29732
95436.079200,29733
95436.084947,29734
95436.090828,29735
95436.096541,29736
95436.104903,29737
95436.111207,29738
95436.116860,29739
95436.124276,29740
95436.131240,29741
95436.137660,29742
95436.143657,29743
95436.149613,29744
95436.156620,29745
95436.162346,29746
95436.168724,29747
95436.176233,29748
95436.182214,29749
95439.086946,29750
95439.094755,29751
95439.101572,29752
95439.107637,29753
95439.112815,29754
95439.118111,29755
95439.125060,29756
95439.130869,29757
95439.135645,29758
95439.141354,29759
95439.146402,29760
95439.151838,29761
95439.159114,29762
95439.167073,29763
95439.174395,29764
95439.180052,29765
95439.187032,29766
95439.192478,29767
95439.199758,29768
95439.205352,29769
95439.210686,29770
95439.215759,29771
95439.221295,29772
95439.228908,29773
95439.234727,29774
95439.240809,29775
95439.246510,29776
95439.253866,29777
95439.260531,29778
95439.268376,29779
95439.274211,29780
95439.281701,29781
95439.289636,29782
95439.296280,29783
95439.301607,29784
95439.309264,29785
95439.314325,29786
95439.320025,29787
95439.325345,29788
95439.330687,29789
95439.335450,29790
95439.343443,29791
95439.348464,29792
95439.356694,29793
95439.366153,29794
95439.374697,29795
95439.382540,29796
95439.388976,29797
95439.394737,29798
95439.399891,29799
95439.407455,29800
95439.412124,29801
95439.418515,29802
95439.425482,29803
95439.430782,29804
95439.435925,29805
95439.440905,29806
95439.447321,29807
95439.454805,29808
95439.461937,29809
95439.466945,29810
95439.473433,29811
95439.480050,29812
95439.484880,29813
95439.489676,29814
95439.495336,29815
95439.500134,29816
95439.505134,29817
95439.511024,29818
95439.517104,29819
95439.522113,29820
95439.529282,29821
95439.535665,29822
95439.541765,29823
95439.549590,29824
95439.554647,29825
95439.559749,29826
95439.564601,29827
95439.570286,29828
95439.575543,29829
95439.582334,29830
95439.590015,29831
95439.598425,29832
95439.604502,29833
95439.612873,29834
95439.619704,29835
95439.624999,29836
95439.631277,29837
95439.636755,29838
95439.642588,29839
95439.649502,29840
95439.656392,29841
95439.662138,29842
95439.668705,29843
95439.676316,29844
95439.683057,29845
95439.689827,29846
95439.694617,29847
95439.699515,29848
95439.704391,29849
95439.709210,29850
95439.713948,29851
95439.718874,29852
95439.726383,29853
95439.731276,29854
95439.736964,29855
95439.744102,29856
95439.749215,29857
95439.753952,29858
95439.761315,29859
95439.766382,29860
95439.771372,29861
95439.778826,29862
95439.784040,29863
95439.789230,29864
95439.796302,29865
95439.801249,29866
95439.807099,29867
95439.812143,29868
95439.820624,29869
95439.826224,29870
95439.833462,29871
95439.838492,29872
95439.844835,29873
95439.849417,29874
95439.855219,29875
95439.861034,29876
95439.868644,29877
95439.873745,29878
95439.881497,29879
95439.886638,29880
95439.892391,29881
95439.900982,29882
95439.908625,29883
95439.915689,29884
95439.921032,29885
95439.928072,29886
95439.933407,29887
95439.941117,29888
95439.948754,29889
95439.954043,29890
95439.961551,29891
95439.967375,29892
95439.974592,29893
95439.980456,29894
95439.986171,29895
95439.990882,29896
95439.997155,29897
95440.002444,29898
95440.010227,29899
95440.017678,29900
95440.024913,29901
95440.030795,29902
95440.036423,29903
95440.041666,29904
95440.048502,29905
95440.054110,29906
95440.058878,29907
95440.065209,29908
95440.071297,29909
95440.079737,29910
95440.087642,29911
95440.092651,29912
95440.097890,29913
95440.104551,29914
95440.110853,29915
95440.115727,29916
95440.120496,29917
95440.125301,29918
95440.131977,29919
95440.138365,29920
95440.144551,29921
95440.149817,29922
95440.157087,29923
95440.164860,29924
95440.171813,29925
95440.177467,29926
95440.182535,29927
95440.188368,29928
95440.193372,29929
95440.200493,29930
95440.206117,29931
95440.214571,29932
95440.222592,29933
95440.228398,29934
95440.237662,29935
95440.243319,29936
95440.248313,29937
95440.253495,29938
95440.260819,29939
95440.265938,29940
95440.273107,29941
95440.280581,29942
95440.286690,29943
95440.291737,29944
95440.296732,29945
95440.301961,29946
95440.308734,29947
95440.315666,29948
95440.322786,29949
95440.329562,29950
95440.337231,29951
95440.345108,29952
95440.350708,29953
95440.356143,29954
95440.361910,29955
95440.367468,29956
95440.374720,29957
95440.380430,29958
95440.385174,29959
95440.390306,29960
95440.395212,29961
95440.401410,29962
95440.406336,29963
95440.411193,29964
95440.416440,29965
95440.421671,29966
95440.426633,29967
95440.431403,29968
95440.436530,29969
95440.441276,29970
95440.446414,29971
95440.454952,29972
95440.460197,29973
95440.466108,29974
95440.471231,29975
95440.479436,29976
95440.486613,29977
95440.493492,29978
95440.499246,29979
95440.507896,29980
95440.512974,29981
95440.520786,29982
95440.526024,29983
95440.530552,29984
95440.537327,29985
95440.545139,29986
95440.553331,29987
95440.560420,29988
95440.566455,29989
95440.574204,29990
95440.580852,29991
95440.587981,29992
95440.595348,29993
95440.600526,29994
95440.605650,29995
95440.611210,29996
95440.617882,29997
95440.624744,29998
95440.629756,29999
95443.564263,30000
95443.574731,30001
95443.582896,30002
95443.590798,30003
95443.602132,30004
95443.611889,30005
95443.619454,30006
95443.629379,30007
95443.640177,30008
95443.650313,30009
95443.661180,30010
95443.669875,30011
95443.677510,30012
95443.685698,30013
95443.694499,30014
95443.704672,30015
95443.714208,30016
95443.721816,30017
95443.731563,30018
95443.742200,30019
95443.751165,30020
95443.758479,30021
95443.768583,30022
95443.777723,30023
95443.786849,30024
95443.794195,30025
95443.802717,30026
95443.811074,30027
95443.819041,30028
95443.827717,30029
95443.837999,30030
95443.846384,30031
95443.854402,30032
95443.865106,30033
95443.875267,30034
95443.884130,30035
95443.893582,30036
95443.903113,30037
95443.911391,30038
95443.920056,30039
95443.929632,30040
95443.938451,30041
95443.946467,30042
95443.954919,30043
95443.964814,30044
95443.974065,30045
95443.984815,30046
95443.993020,30047
95444.002531,30048
95444.011449,30049
95444.021913,30050
95444.031302,30051
95444.039481,30052
95444.046983,30053
95444.057209,30054
95444.067484,30055
95444.076473,30056
95444.084987,30057
95444.091824,30058
95444.100887,30059
95444.109336,30060
95444.118744,30061
95444.126673,30062
95444.134205,30063
95444.141015,30064
95444.148704,30065
95444.156913,30066
95444.167827,30067
95444.175641,30068
95444.183429,30069
95444.191435,30070
95444.200942,30071
95444.209265,30072
95444.216907,30073
95444.225199,30074
95444.236039,30075
95444.244825,30076
95444.252997,30077
95444.260798,30078
95444.268324,30079
95444.276082,30080
95444.286217,30081
95444.294337,30082
95444.304365,30083
95444.313543,30084
95444.321198,30085
95444.329830,30086
95444.338499,30087
95444.347626,30088
95444.355103,30089
95444.363441,30090
95444.371424,30091
95444.379652,30092
95444.389991,30093
95444.398635,30094
95444.408730,30095
95444.418417,30096
95444.428379,30097
95444.436522,30098
95444.445477,30099
95444.453524,30100
95444.460871,30101
95444.468063,30102
95444.478285,30103
95444.488839,30104
95444.496857,30105
95444.506449,30106
95444.517795,30107
95444.525288,30108
95444.534942,30109
95444.543068,30110
95444.554229,30111
95444.564964,30112
95444.572872,30113
95444.583017,30114
95444.593298,30115
95444.601456,30116
95444.609601,30117
95444.617609,30118
95444.625381,30119
95444.633489,30120
95444.643888,30121
95444.652479,30122
95444.662585,30123
95444.671209,30124
95444.681700,30125
95444.691285,30126
95444.699660,30127
95444.706826,30128
95444.717626,30129
95444.726913,30130
95444.736691,30131
95444.747432,30132
95444.756611,30133
95444.767741,30134
95444.779394,30135
95444.790190,30136
95444.799203,30137
95444.807679,30138
95444.815483,30139
95444.823544,30140
95444.831523,30141
95444.839194,30142
95444.846607,30143
95444.855225,30144
95444.868336,30145
95444.877410,30146
95444.886966,30147
95444.897059,30148
95444.907822,30149
95444.921195,30150
95444.930590,30151
95444.940009,30152
95444.950522,30153
95444.961045,30154
95444.969395,30155
95444.977778,30156
95444.986708,30157
95444.995204,30158
95445.003359,30159
95445.013266,30160
95445.022320,30161
95445.030623,30162
95445.038754,30163
95445.049714,30164
95445.058274,30165
95445.066402,30166
95445.075013,30167
95445.084518,30168
95445.093166,30169
95445.101395,30170
95445.109612,30171
95445.117606,30172
95445.128202,30173
95445.136785,30174
95445.147688,30175
95445.156969,30176
95445.165399,30177
95445.173537,30178
95445.184059,30179
95445.191931,30180
95445.199453,30181
95445.207779,30182
95445.215677,30183
95445.224459,30184
95445.235278,30185
95445.246014,30186
95445.255934,30187
95445.263590,30188
95445.272631,30189
95445.279925,30190
95445.289756,30191
95445.297818,30192
95445.305570,30193
95445.314880,30194
95445.324930,30195
95445.335263,30196
95445.343913,30197
95445.351488,30198
95445.360665,30199
95445.369811,30200
95445.377469,30201
95445.385475,30202
95445.394650,30203
95445.403893,30204
95445.411785,30205
95445.419513,30206
95445.428298,30207
95445.437695,30208
95445.448856,30209
95445.456975,30210
95445.468212,30211
95445.477287,30212
95445.487332,30213
95445.497700,30214
95445.505478,30215
95445.515259,30216
95445.525851,30217
95445.536653,30218
95445.545652,30219
95445.554283,30220
95445.564488,30221
95445.573266,30222
95445.580574,30223
95445.589981,30224
95445.599811,30225
95445.608735,30226
95445.620974,30227
95445.631789,30228
95445.641423,30229
95445.649023,30230
95445.657456,30231
95445.667149,30232
95445.676352,30233
95445.684815,30234
95445.693834,30235
95445.702460,30236
95445.711248,30237
95445.720017,30238
95445.729630,30239
95445.737679,30240
95445.745940,30241
95445.754575,30242
95445.765191,30243
95445.773941,30244
95445.782772,30245
95445.791881,30246
95445.801354,30247
95445.809607,30248
95445.820009,30249
95448.239776,30250
95448.289502,30251
95448.295770,30252
95448.301940,30253
95448.307729,30254
95448.313691,30255
95448.319975,30256
95448.325905,30257
95448.331662,30258
95448.337395,30259
95448.343099,30260
95448.348858,30261
95448.355038,30262
95448.361206,30263
95448.366915,30264
95448.372683,30265
95448.378629,30266
95448.384830,30267
95448.390812,30268
95448.396486,30269
95448.402255,30270
95448.408024,30271
95448.413867,30272
95448.419608,30273
95448.425380,30274
95448.431024,30275
95448.436723,30276
95448.442347,30277
95448.448130,30278
95448.454284,30279
95448.460047,30280
95448.465757,30281
95448.471799,30282
95448.477705,30283
95448.483493,30284
95448.489266,30285
95448.494970,30286
95448.500778,30287
95448.506531,30288
95448.512310,30289
95448.518254,30290
95448.524911,30291
95448.530958,30292
95448.537070,30293
95448.542854,30294
95448.548932,30295
95448.554856,30296
95448.560626,30297
95448.566538,30298
95448.572413,30299
95448.580574,30300
95448.586980,30301
95448.593591,30302
95448.600163,30303
95448.606765,30304
95448.613116,30305
95448.619378,30306
95448.625400,30307
95448.631349,30308
95448.637163,30309
95448.643811,30310
95448.650353,30311
95448.656436,30312
95448.663232,30313
95448.669296,30314
95448.675379,30315
95448.681602,30316
95448.687625,30317
95448.693780,30318
95448.699899,30319
95448.706361,30320
95448.712410,30321
95448.718286,30322
95448.724198,30323
95448.730347,30324
95448.736020,30325
95448.741910,30326
95448.747884,30327
95448.753910,30328
95448.759873,30329
95448.765712,30330
95448.771618,30331
95448.778110,30332
95448.785314,30333
95448.792473,30334
95448.799792,30335
95448.806214,30336
95448.812431,30337
95448.818671,30338
95448.824667,30339
95448.830691,30340
95448.836487,30341
95448.842490,30342
95448.848533,30343
95448.855004,30344
95448.860980,30345
95448.867254,30346
95448.873038,30347
95448.878892,30348
95448.884872,30349
95448.890665,30350
95448.896439,30351
95448.902315,30352
95448.908051,30353
95448.913882,30354
95448.919684,30355
95448.925747,30356
95448.931591,30357
95448.937556,30358
95448.944134,30359
95448.950423,30360
95448.956567,30361
95448.962425,30362
95448.968259,30363
95448.973972,30364
95448.980309,30365
95448.986875,30366
95448.992798,30367
95448.998687,30368
95449.004759,30369
95449.010557,30370
95449.016499,30371
95449.022577,30372
95449.028584,30373
95449.034401,30374
95449.040365,30375
95449.046185,30376
95449.051988,30377
95449.057776,30378
95449.063742,30379
95449.069678,30380
95449.076036,30381
95449.082129,30382
95449.087947,30383
95449.093761,30384
95449.099595,30385
95449.105429,30386
95449.111464,30387
95449.117457,30388
95449.123554,30389
95449.129377,30390
95449.135209,30391
95449.140962,30392
95449.147286,30393
95449.153578,30394
95449.160035,30395
95449.166272,30396
95449.172250,30397
95449.177955,30398
95449.183894,30399
95449.192346,30400
95449.198239,30401
95449.204383,30402
95449.210636,30403
95449.216918,30404
95449.223196,30405
95449.229066,30406
95449.235224,30407
95449.241769,30408
95449.247925,30409
95449.253937,30410
95449.259871,30411
95449.265759,30412
95449.271625,30413
95449.277549,30414
95449.284464,30415
95449.290723,30416
95449.296710,30417
95449.302491,30418
95449.308310,30419
95449.314214,30420
95449.320418,30421
95449.326329,30422
95449.332022,30423
95449.337815,30424
95449.343980,30425
95449.349816,30426
95449.356253,30427
95449.362228,30428
95449.367988,30429
95449.373741,30430
95449.379674,30431
95449.385615,30432
95449.391559,30433
95449.397397,30434
95449.403109,30435
95449.408924,30436
95449.414845,30437
95449.421168,30438
95449.427369,30439
95449.433451,30440
95449.439301,30441
95449.445397,30442
95449.451640,30443
95449.457893,30444
95449.463705,30445
95449.469485,30446
95449.475232,30447
95449.481167,30448
95449.487301,30449
95449.493201,30450
95449.499536,30451
95449.505525,30452
95449.511481,30453
95449.517631,30454
95449.523723,30455
95449.529990,30456
95449.536274,30457
95449.542219,30458
95449.548957,30459
95449.555063,30460
95449.560896,30461
95449.567229,30462
95449.573229,30463
95449.579657,30464
95449.585838,30465
95449.592547,30466
95449.598816,30467
95449.604757,30468
95449.611253,30469
95449.618092,30470
95449.624477,30471
95449.630562,30472
95449.636781,30473
95449.642753,30474
95449.649186,30475
95449.655457,30476
95449.661828,30477
95449.667621,30478
95449.673762,30479
95449.679718,30480
95449.685846,30481
95449.691797,30482
95449.697702,30483
95449.703806,30484
95449.709756,30485
95449.716026,30486
95449.721993,30487
95449.727862,30488
95449.733700,30489
95449.739458,30490
95449.745379,30491
95449.751488,30492
95449.757463,30493
95449.763356,30494
95449.769226,30495
95449.775255,30496
95449.781343,30497
95449.787632,30498
95449.793587,30499
95452.544578,30500
95452.552836,30501
95452.560712,30502
95452.566036,30503
95452.571716,30504
95452.578662,30505
95452.584315,30506
95452.589787,30507
95452.596174,30508
95452.604172,30509
95452.609478,30510
95452.615054,30511
95452.622870,30512
95452.628367,30513
95452.636662,30514
95452.643461,30515
95452.648991,30516
95452.656613,30517
95452.663321,30518
95452.669386,30519
95452.676471,30520
95452.682464,30521
95452.689172,30522
95452.695470,30523
95452.703745,30524
95452.709513,30525
95452.716981,30526
95452.722276,30527
95452.730502,30528
95452.737554,30529
95452.746119,30530
95452.751968,30531
95452.759689,30532
95452.768338,30533
95452.774696,30534
95452.782366,30535
95452.788145,30536
95452.794724,30537
95452.800903,30538
95452.806627,30539
95452.812395,30540
95452.820799,30541
95452.827655,30542
95452.833392,30543
95452.838944,30544
95452.844198,30545
95452.850396,30546
95452.856276,30547
95452.861770,30548
95452.868730,30549
95452.876901,30550
95452.882866,30551
95452.888380,30552
95452.893974,30553
95452.898927,30554
95452.903906,30555
95452.909713,30556
95452.914709,30557
95452.920467,30558
95452.925587,30559
95452.930532,30560
95452.936392,30561
95452.941388,30562
95452.948020,30563
95452.954740,30564
95452.961522,30565
95452.968405,30566
95452.973593,30567
95452.978892,30568
95452.985188,30569
95452.990139,30570
95452.996102,30571
95453.001078,30572
95453.006273,30573
95453.011180,30574
95453.018292,30575
95453.024852,30576
95453.031251,30577
95453.037192,30578
95453.042695,30579
95453.048895,30580
95453.055398,30581
95453.060689,30582
95453.065874,30583
95453.071820,30584
95453.076717,30585
95453.081883,30586
95453.087807,30587
95453.092693,30588
95453.099332,30589
95453.105726,30590
95453.112473,30591
95453.117335,30592
95453.123738,30593
95453.128682,30594
95453.134419,30595
95453.139335,30596
95453.144265,30597
95453.149121,30598
95453.154137,30599
95453.159770,30600
95453.164763,30601
95453.171526,30602
95453.176942,30603
95453.183702,30604
95453.188761,30605
95453.196183,30606
95453.201412,30607
95453.207656,30608
95453.213072,30609
95453.218372,30610
95453.223641,30611
95453.228566,30612
95453.233794,30613
95453.240046,30614
95453.247044,30615
95453.252108,30616
95453.259417,30617
95453.266042,30618
95453.271623,30619
95453.276963,30620
95453.284776,30621
95453.289857,30622
95453.295182,30623
95453.301527,30624
95453.308798,30625
95453.314361,30626
95453.321052,30627
95453.326642,30628
95453.332023,30629
95453.337246,30630
95453.342993,30631
95453.350210,30632
95453.356730,30633
95453.362565,30634
95453.367954,30635
95453.373180,30636
95453.380454,30637
95453.389284,30638
95453.394951,30639
95453.400691,30640
95453.407859,30641
95453.415163,30642
95453.420650,30643
95453.426171,30644
95453.433608,30645
95453.441155,30646
95453.446845,30647
95453.452808,30648
95453.461349,30649
95453.470094,30650
95453.476950,30651
95453.483166,30652
95453.490087,30653
95453.496994,30654
95453.502935,30655
95453.509608,30656
95453.515153,30657
95453.521606,30658
95453.527720,30659
95453.533396,30660
95453.540688,30661
95453.546107,30662
95453.552672,30663
95453.558155,30664
95453.564524,30665
95453.570471,30666
95453.577121,30667
95453.582414,30668
95453.588977,30669
95453.595316,30670
95453.602156,30671
95453.609358,30672
95453.616579,30673
95453.622668,30674
95453.630035,30675
95453.636498,30676
95453.642755,30677
95453.648618,30678
95453.656450,30679
95453.663376,30680
95453.670740,30681
95453.678132,30682
95453.684765,30683
95453.690542,30684
95453.696315,30685
95453.704734,30686
95453.716059,30687
95453.728062,30688
95453.734177,30689
95453.741413,30690
95453.747995,30691
95453.753614,30692
95453.759593,30693
95453.767084,30694
95453.778867,30695
95453.786065,30696
95453.793810,30697
95453.799880,30698
95453.805652,30699
95453.812000,30700
95453.817875,30701
95453.823969,30702
95453.831104,30703
95453.836704,30704
95453.845795,30705
95453.852798,30706
95453.859512,30707
95453.865816,30708
95453.871234,30709
95453.879655,30710
95453.885258,30711
95453.891018,30712
95453.896560,30713
95453.902575,30714
95453.907850,30715
95453.915072,30716
95453.925849,30717
95453.933193,30718
95453.939478,30719
95453.945512,30720
95453.951769,30721
95453.956983,30722
95453.963023,30723
95453.968822,30724
95453.975022,30725
95453.982353,30726
95453.988827,30727
95453.995786,30728
95454.002416,30729
95454.008091,30730
95454.014547,30731
95454.021585,30732
95454.028055,30733
95454.033475,30734
95454.039575,30735
95454.045183,30736
95454.050623,30737
95454.056059,30738
95454.061253,30739
95454.066454,30740
95454.072353,30741
95454.077750,30742
95454.084340,30743
95454.089808,30744
95454.095127,30745
95454.101223,30746
95454.108529,30747
95454.114263,30748
95454.120259,30749
95457.356602,30750
95457.367058,30751
95457.374271,30752
95457.385916,30753
95457.394281,30754
95457.405697,30755
95457.415228,30756
95457.422651,30757
95457.431626,30758
95457.441825,30759
95457.452270,30760
95457.458590,30761
95457.468248,30762
95457.478226,30763
95457.484863,30764
95457.491640,30765
95457.498173,30766
95457.504553,30767
95457.511198,30768
95457.520154,30769
95457.531533,30770
95457.538577,30771
95457.545860,30772
95457.555436,30773
95457.561844,30774
95457.568280,30775
95457.577380,30776
95457.588140,30777
95457.597465,30778
95457.604532,30779
95457.613561,30780
95457.621708,30781
95457.630265,30782
95457.636647,30783
95457.644419,30784
95457.652964,30785
95457.660475,30786
95457.666638,30787
95457.673329,30788
95457.682445,30789
95457.694184,30790
95457.703768,30791
95457.715221,30792
95457.724827,30793
95457.734563,30794
95457.743299,30795
95457.749930,30796
95457.758175,30797
95457.764867,30798
95457.770930,30799
95457.782892,30800
95457.790154,30801
95457.798275,30802
95457.805393,30803
95457.811333,30804
95457.818445,30805
95457.826362,30806
95457.836383,30807
95457.845420,30808
95457.854177,30809
95457.860636,30810
95457.866276,30811
95457.874856,30812
95457.883361,30813
95457.891690,30814
95457.898390,30815
95457.904444,30816
95457.913096,30817
95457.921281,30818
95457.927566,30819
95457.933799,30820
95457.942225,30821
95457.949484,30822
95457.955241,30823
95457.963138,30824
95457.969934,30825
95457.976659,30826
95457.984366,30827
95457.991381,30828
95457.997205,30829
95458.003553,30830
95458.009513,30831
95458.016575,30832
95458.024676,30833
95458.031589,30834
95458.037674,30835
95458.046674,30836
95458.053515,30837
95458.059083,30838
95458.065184,30839
95458.073127,30840
95458.079206,30841
95458.086956,30842
95458.093324,30843
95458.100718,30844
95458.106553,30845
95458.114747,30846
95458.121425,30847
95458.130006,30848
95458.138308,30849
95458.149413,30850
95458.158158,30851
95458.166555,30852
95458.174525,30853
95458.184202,30854
95458.190432,30855
95458.198191,30856
95458.206392,30857
95458.212936,30858
95458.219098,30859
95458.225467,30860
95458.231735,30861
95458.240329,30862
95458.246436,30863
95458.252198,30864
95458.261563,30865
95458.270049,30866
95458.277153,30867
95458.284983,30868
95458.290643,30869
95458.296776,30870
95458.303527,30871
95458.309102,30872
95458.317960,30873
95458.323994,30874
95458.332589,30875
95458.339347,30876
95458.345450,30877
95458.353181,30878
95458.362307,30879
95458.371248,30880
95458.377931,30881
95458.385064,30882
95458.391138,30883
95458.400902,30884
95458.409185,30885
95458.418419,30886
95458.425803,30887
95458.435523,30888
95458.445337,30889
95458.452386,30890
95458.461062,30891
95458.467655,30892
95458.475100,30893
95458.481653,30894
95458.489258,30895
95458.495270,30896
95458.504500,30897
95458.510853,30898
95458.518922,30899
95458.529440,30900
95458.536209,30901
95458.542620,30902
95458.552870,30903
95458.558710,30904
95458.565624,30905
95458.574079,30906
95458.584616,30907
95458.595187,30908
95458.604367,30909
95458.611474,30910
95458.617651,30911
95458.624751,30912
95458.631384,30913
95458.637661,30914
95458.648241,30915
95458.656639,30916
95458.662721,30917
95458.669015,30918
95458.675928,30919
95458.683715,30920
95458.691010,30921
95458.697810,30922
95458.705844,30923
95458.712797,30924
95458.719422,30925
95458.727329,30926
95458.736593,30927
95458.742639,30928
95458.751822,30929
95458.758280,30930
95458.764396,30931
95458.771147,30932
95458.778828,30933
95458.785239,30934
95458.790798,30935
95458.797917,30936
95458.803652,30937
95458.810697,30938
95458.816442,30939
95458.825382,30940
95458.831230,30941
95458.838379,30942
95458.846383,30943
95458.852618,30944
95458.859310,30945
95458.868461,30946
95458.875024,30947
95458.882930,30948
95458.891208,30949
95458.897290,30950
95458.903226,30951
95458.909315,30952
95458.916655,30953
95458.926127,30954
95458.934913,30955
95458.941885,30956
95458.947478,30957
95458.953407,30958
95458.961468,30959
95458.967694,30960
95458.975245,30961
95458.981430,30962
95458.987159,30963
95458.993664,30964
95458.999728,30965
95459.005661,30966
95459.012009,30967
95459.019625,30968
95459.027218,30969
95459.033707,30970
95459.039823,30971
95459.047775,30972
95459.053484,30973
95459.061162,30974
95459.071157,30975
95459.077523,30976
95459.085796,30977
95459.092078,30978
95459.097717,30979
95459.103943,30980
95459.111431,30981
95459.118432,30982
95459.123853,30983
95459.131411,30984
95459.141016,30985
95459.151815,30986
95459.161814,30987
95459.170169,30988
95459.176976,30989
95459.184111,30990
95459.192164,30991
95459.197920,30992
95459.205790,30993
95459.215521,30994
95459.223678,30995
95459.231700,30996
95459.238111,30997
95459.245204,30998
95459.251861,30999
95462.237551,31000
95462.251290,31001
95462.261221,31002
95462.272429,31003
95462.282318,31004
95462.291502,31005
95462.301745,31006
95462.311269,31007
95462.323259,31008
95462.333703,31009
95462.344353,31010
95462.353977,31011
95462.365200,31012
95462.376093,31013
95462.387212,31014
95462.398516,31015
95462.407581,31016
95462.416866,31017
95462.427248,31018
95462.436413,31019
95462.447167,31020
95462.458728,31021
95462.468873,31022
95462.480403,31023
95462.492407,31024
95462.504026,31025
95462.515203,31026
95462.528133,31027
95462.544135,31028
95462.556547,31029
95462.566522,31030
95462.577565,31031
95462.589062,31032
95462.600535,31033
95462.611387,31034
95462.623852,31035
95462.634868,31036
95462.645603,31037
95462.657804,31038
95462.667930,31039
95462.678752,31040
95462.689372,31041
95462.698604,31042
95462.710779,31043
95462.721668,31044
95462.731119,31045
95462.740531,31046
95462.750237,31047
95462.760682,31048
95462.772773,31049
95462.786843,31050
95462.795910,31051
95462.807225,31052
95462.817679,31053
95462.827491,31054
95462.836407,31055
95462.847033,31056
95462.857212,31057
95462.867312,31058
95462.878239,31059
95462.888129,31060
95462.899005,31061
95462.912261,31062
95462.921862,31063
95462.931666,31064
95462.942773,31065
95462.952984,31066
95462.963500,31067
95462.975111,31068
95462.986961,31069
95462.995739,31070
95463.005956,31071
95463.017724,31072
95463.026718,31073
95463.035827,31074
95463.046208,31075
95463.056706,31076
95463.068369,31077
95463.079692,31078
95463.089308,31079
95463.100513,31080
95463.111047,31081
95463.123718,31082
95463.134795,31083
95463.145010,31084
95463.156370,31085
95463.165492,31086
95463.176601,31087
95463.186720,31088
95463.198237,31089
95463.208515,31090
95463.220518,31091
95463.230845,31092
95463.242793,31093
95463.253429,31094
95463.264295,31095
95463.276668,31096
95463.286221,31097
95463.296833,31098
95463.306631,31099
95463.315747,31100
95463.326965,31101
95463.337374,31102
95463.349294,31103
95463.360283,31104
95463.369787,31105
95463.379600,31106
95463.390617,31107
95463.399306,31108
95463.411262,31109
95463.422592,31110
95463.433525,31111
95463.444743,31112
95463.456978,31113
95463.465183,31114
95463.475606,31115
95463.486219,31116
95463.496796,31117
95463.506389,31118
95463.516712,31119
95463.525924,31120
95463.534798,31121
95463.545849,31122
95463.557240,31123
95463.566730,31124
95463.576986,31125
95463.587399,31126
95463.596593,31127
95463.607637,31128
95463.617182,31129
95463.627269,31130
95463.638745,31131
95463.650149,31132
95463.659190,31133
95463.669044,31134
95463.680442,31135
95463.691257,31136
95463.702176,31137
95463.712857,31138
95463.723952,31139
95463.734654,31140
95463.744685,31141
95463.756297,31142
95463.766855,31143
95463.777149,31144
95463.789245,31145
95463.799359,31146
95463.809606,31147
95463.819253,31148
95463.829275,31149
95463.841357,31150
95463.853595,31151
95463.864735,31152
95463.875472,31153
95463.886931,31154
95463.898282,31155
95463.907385,31156
95463.918008,31157
95463.927571,31158
95463.936786,31159
95463.947451,31160
95463.958789,31161
95463.968791,31162
95463.978389,31163
95463.989289,31164
95464.000899,31165
95464.009915,31166
95464.021142,31167
95464.030773,31168
95464.039610,31169
95464.050019,31170
95464.060038,31171
95464.069875,31172
95464.081603,31173
95464.091508,31174
95464.101499,31175
95464.112048,31176
95464.123317,31177
95464.133780,31178
95464.144606,31179
95464.154970,31180
95464.165018,31181
95464.177157,31182
95464.187686,31183
95464.198884,31184
95464.210780,31185
95464.221103,31186
95464.232822,31187
95464.242170,31188
95464.254229,31189
95464.264256,31190
95464.274905,31191
95464.286562,31192
95464.296426,31193
95464.306243,31194
95464.316293,31195
95464.326696,31196
95464.335258,31197
95464.346239,31198
95464.355723,31199
95464.364270,31200
95464.373796,31201
95464.384696,31202
95464.395433,31203
95464.406613,31204
95464.417815,31205
95464.429048,31206
95464.439261,31207
95464.450615,31208
95464.461201,31209
95464.471361,31210
95464.481285,31211
95464.492646,31212
95464.503646,31213
95464.515081,31214
95464.525494,31215
95464.535500,31216
95464.546401,31217
95464.555885,31218
95464.565153,31219
95464.575482,31220
95464.587279,31221
95464.597243,31222
95464.608199,31223
95464.619468,31224
95464.631853,31225
95464.642760,31226
95464.653869,31227
95464.663299,31228
95464.674262,31229
95464.685804,31230
95464.697266,31231
95464.706231,31232
95464.716694,31233
95464.726269,31234
95464.736775,31235
95464.748410,31236
95464.759223,31237
95464.767830,31238
95464.777022,31239
95464.788601,31240
95464.799242,31241
95464.808801,31242
95464.819351,31243
95464.830534,31244
95464.842458,31245
95464.853470,31246
95464.863711,31247
95464.874551,31248
95464.886040,31249
95466.848343,31500
95466.944413,31501
95466.950917,31502
95466.956965,31503
95466.962887,31504
95466.968997,31505
95466.974861,31506
95466.981047,31507
95466.987202,31508
95466.993265,31509
95466.999075,31510
95467.005058,31511
95467.010867,31512
95467.017129,31513
95467.023210,31514
95467.029261,31515
95467.035006,31516
95467.040955,31517
95467.046879,31518
95467.053029,31519
95467.058797,31520
95467.064820,31521
95467.070669,31522
95467.077015,31523
95467.082983,31524
95467.089047,31525
95467.095186,31526
95467.101228,31527
95467.107054,31528
95467.113472,31529
95467.119719,31530
95467.125786,31531
95467.131689,31532
95467.137733,31533
95467.143597,31534
95467.149674,31535
95467.155566,31536
95467.161624,31537
95467.167752,31538
95467.173876,31539
95467.179686,31540
95467.185810,31541
95467.191686,31542
95467.197732,31543
95467.203542,31544
95467.209789,31545
95467.215900,31546
95467.221985,31547
95467.228160,31548
95467.234242,31549
95467.240344,31550
95467.246476,31551
95467.252343,31552
95467.258583,31553
95467.264424,31554
95467.270385,31555
95467.276247,31556
95467.282366,31557
95467.288218,31558
95467.294255,31559
95467.299983,31560
95467.305915,31561
95467.312266,31562
95467.318532,31563
95467.324382,31564
95467.330467,31565
95467.336489,31566
95467.342610,31567
95467.348630,31568
95467.354693,31569
95467.360564,31570
95467.366506,31571
95467.372397,31572
95467.378595,31573
95467.384660,31574
95467.390698,31575
95467.396562,31576
95467.402551,31577
95467.408700,31578
95467.414729,31579
95467.420608,31580
95467.426739,31581
95467.432623,31582
95467.438666,31583
95467.444719,31584
95467.450720,31585
95467.456843,31586
95467.462856,31587
95467.468701,31588
95467.475010,31589
95467.481482,31590
95467.487891,31591
95467.493819,31592
95467.499879,31593
95467.505782,31594
95467.512331,31595
95467.519010,31596
95467.525551,31597
95467.531754,31598
95467.538190,31599
95467.546306,31600
95467.552460,31601
95467.558443,31602
95467.564696,31603
95467.570987,31604
95467.577402,31605
95467.583654,31606
95467.590051,31607
95467.596205,31608
95467.602219,31609
95467.608183,31610
95467.614233,31611
95467.620349,31612
95467.626463,31613
95467.632407,31614
95467.638803,31615
95467.644821,31616
95467.651168,31617
95467.657340,31618
95467.663800,31619
95467.670211,31620
95467.676787,31621
95467.682865,31622
95467.688893,31623
95467.694763,31624
95467.700905,31625
95467.706818,31626
95467.713591,31627
95467.719868,31628
95467.726048,31629
95467.732466,31630
95467.738914,31631
95467.745394,31632
95467.751881,31633
95467.757747,31634
95467.763829,31635
95467.769761,31636
95467.776258,31637
95467.782605,31638
95467.789502,31639
95467.795677,31640
95467.802251,31641
95467.808997,31642
95467.816431,31643
95467.823970,31644
95467.830930,31645
95467.838034,31646
95467.845645,31647
95467.851645,31648
95467.857782,31649
95467.863873,31650
95467.870738,31651
95467.877214,31652
95467.884020,31653
95467.890337,31654
95467.896576,31655
95467.902599,31656
95467.908946,31657
95467.915198,31658
95467.921671,31659
95467.927614,31660
95467.933811,31661
95467.940083,31662
95467.947010,31663
95467.953355,31664
95467.959732,31665
95467.966112,31666
95467.972381,31667
95467.978541,31668
95467.984826,31669
95467.990941,31670
95467.997214,31671
95468.003141,31672
95468.009626,31673
95468.015688,31674
95468.021890,31675
95468.027748,31676
95468.033980,31677
95468.039914,31678
95468.046677,31679
95468.053318,31680
95468.059495,31681
95468.065440,31682
95468.071735,31683
95468.078297,31684
95468.084724,31685
95468.090630,31686
95468.096684,31687
95468.102488,31688
95468.108504,31689
95468.114646,31690
95468.121630,31691
95468.128283,31692
95468.134664,31693
95468.140987,31694
95468.148264,31695
95468.154487,31696
95468.160588,31697
95468.166512,31698
95468.172615,31699
95468.180582,31700
95468.186692,31701
95468.192836,31702
95468.199108,31703
95468.205057,31704
95468.211346,31705
95468.218065,31706
95468.224506,31707
95468.230523,31708
95468.236720,31709
95468.242689,31710
95468.248792,31711
95468.254895,31712
95468.261042,31713
95468.267027,31714
95468.273494,31715
95468.279569,31716
95468.286171,31717
95468.292450,31718
95468.298779,31719
95468.304832,31720
95468.311268,31721
95468.317269,31722
95468.323339,31723
95468.329423,31724
95468.335537,31725
95468.341781,31726
95468.347871,31727
95468.353852,31728
95468.359990,31729
95468.365761,31730
95468.371722,31731
95468.377857,31732
95468.384333,31733
95468.390305,31734
95468.396353,31735
95468.402216,31736
95468.408454,31737
95468.414722,31738
95468.420864,31739
95468.426972,31740
95468.433440,31741
95468.439359,31742
95468.445881,31743
95468.451849,31744
95468.457929,31745
95468.463798,31746
95468.470236,31747
95468.476447,31748
95468.482721,31749
95471.200874,31750
95471.211842,31751
95471.218927,31752
95471.226434,31753
95471.234382,31754
95471.241239,31755
95471.247658,31756
95471.253853,31757
95471.261707,31758
95471.267961,31759
95471.274712,31760
95471.280780,31761
95471.286709,31762
95471.294706,31763
95471.300899,31764
95471.308715,31765
95471.314957,31766
95471.323123,31767
95471.329202,31768
95471.336753,31769
95471.343057,31770
95471.350235,31771
95471.357300,31772
95471.365151,31773
95471.371198,31774
95471.377668,31775
95471.383733,31776
95471.389982,31777
95471.396876,31778
95471.403310,31779
95471.410134,31780
95471.416548,31781
95471.423340,31782
95471.431418,31783
95471.437480,31784
95471.444661,31785
95471.450538,31786
95471.457860,31787
95471.464805,31788
95471.471254,31789
95471.478202,31790
95471.484894,31791
95471.490887,31792
95471.496998,31793
95471.504248,31794
95471.511098,31795
95471.517203,31796
95471.523951,31797
95471.530477,31798
95471.536458,31799
95471.543622,31800
95471.550569,31801
95471.557095,31802
95471.564243,31803
95471.570340,31804
95471.576427,31805
95471.582354,31806
95471.588380,31807
95471.594147,31808
95471.600432,31809
95471.607025,31810
95471.613161,31811
95471.620471,31812
95471.626780,31813
95471.633035,31814
95471.641413,31815
95471.648501,31816
95471.656066,31817
95471.664182,31818
95471.671299,31819
95471.678946,31820
95471.684993,31821
95471.691702,31822
95471.697694,31823
95471.704870,31824
95471.712022,31825
95471.719022,31826
95471.727204,31827
95471.733159,31828
95471.741198,31829
95471.747209,31830
95471.752986,31831
95471.758987,31832
95471.765919,31833
95471.773201,31834
95471.780227,31835
95471.786088,31836
95471.791924,31837
95471.798492,31838
95471.806262,31839
95471.812581,31840
95471.820358,31841
95471.826909,31842
95471.833391,31843
95471.840017,31844
95471.847228,31845
95471.853775,31846
95471.860100,31847
95471.866094,31848
95471.872288,31849
95471.880545,31850
95471.886866,31851
95471.892847,31852
95471.899944,31853
95471.906346,31854
95471.912538,31855
95471.919276,31856
95471.925514,31857
95471.932784,31858
95471.939386,31859
95471.945547,31860
95471.952881,31861
95471.959408,31862
95471.965865,31863
95471.972121,31864
95471.978467,31865
95471.984601,31866
95471.990862,31867
95471.997313,31868
95472.003732,31869
95472.009863,31870
95472.016254,31871
95472.022123,31872
95472.028269,31873
95472.034123,31874
95472.040914,31875
95472.047158,31876
95472.054847,31877
95472.062389,31878
95472.069037,31879
95472.074975,31880
95472.081184,31881
95472.088378,31882
95472.094178,31883
95472.100443,31884
95472.108345,31885
95472.114405,31886
95472.122454,31887
95472.128567,31888
95472.134871,31889
95472.141813,31890
95472.149819,31891
95472.157131,31892
95472.163339,31893
95472.170873,31894
95472.176791,31895
95472.183229,31896
95472.189402,31897
95472.195484,31898
95472.201913,31899
95472.209550,31900
95472.216281,31901
95472.223706,31902
95472.229695,31903
95472.236599,31904
95472.243375,31905
95472.249684,31906
95472.257117,31907
95472.263350,31908
95472.269563,31909
95472.275534,31910
95472.281887,31911
95472.288218,31912
95472.294356,31913
95472.300200,31914
95472.307672,31915
95472.313626,31916
95472.320020,31917
95472.326144,31918
95472.332290,31919
95472.338221,31920
95472.344574,31921
95472.351191,31922
95472.357391,31923
95472.363308,31924
95472.372543,31925
95472.381324,31926
95472.390205,31927
95472.396881,31928
95472.403356,31929
95472.411994,31930
95472.419221,31931
95472.427836,31932
95472.435037,31933
95472.443553,31934
95472.449777,31935
95472.455770,31936
95472.462765,31937
95472.469014,31938
95472.475385,31939
95472.482225,31940
95472.488424,31941
95472.495402,31942
95472.503477,31943
95472.509725,31944
95472.516278,31945
95472.522650,31946
95472.529023,31947
95472.535294,31948
95472.542930,31949
95472.551591,31950
95472.557908,31951
95472.564316,31952
95472.571308,31953
95472.579762,31954
95472.586030,31955
95472.594401,31956
95472.601608,31957
95472.609922,31958
95472.617006,31959
95472.623155,31960
95472.628985,31961
95472.634925,31962
95472.642544,31963
95472.648759,31964
95472.654735,31965
95472.661518,31966
95472.668840,31967
95472.675852,31968
95472.683327,31969
95472.689376,31970
95472.696438,31971
95472.703475,31972
95472.710564,31973
95472.718333,31974
95472.724808,31975
95472.731201,31976
95472.738485,31977
95472.744977,31978
95472.751039,31979
95472.757182,31980
95472.764436,31981
95472.770381,31982
95472.776705,31983
95472.782512,31984
95472.788737,31985
95472.795623,31986
95472.804199,31987
95472.810271,31988
95472.816387,31989
95472.823690,31990
95472.831016,31991
95472.839064,31992
95472.845220,31993
95472.851357,31994
95472.857291,31995
95472.863731,31996
95472.869673,31997
95472.876284,31998
95472.882250,31999
95475.805611,32000
95475.813188,32001
95475.820668,32002
95475.829398,32003
95475.837768,32004
95475.844009,32005
95475.849396,32006
95475.857187,32007
95475.863638,32008
95475.871536,32009
95475.879816,32010
95475.885377,32011
95475.890436,32012
95475.896011,32013
95475.901747,32014
95475.907911,32015
95475.915349,32016
95475.921405,32017
95475.928807,32018
95475.935915,32019
95475.944615,32020
95475.951536,32021
95475.959564,32022
95475.965363,32023
95475.971484,32024
95475.976740,32025
95475.982243,32026
95475.987850,32027
95475.995240,32028
95476.003253,32029
95476.010660,32030
95476.016487,32031
95476.022793,32032
95476.028839,32033
95476.035932,32034
95476.041460,32035
95476.047017,32036
95476.053455,32037
95476.060480,32038
95476.065873,32039
95476.071225,32040
95476.076667,32041
95476.081872,32042
95476.087249,32043
95476.092255,32044
95476.098719,32045
95476.103812,32046
95476.109779,32047
95476.114871,32048
95476.120849,32049
95476.126115,32050
95476.131432,32051
95476.139112,32052
95476.146251,32053
95476.153856,32054
95476.161540,32055
95476.168943,32056
95476.174319,32057
95476.180933,32058
95476.185988,32059
95476.191783,32060
95476.197337,32061
95476.203428,32062
95476.209462,32063
95476.217630,32064
95476.224262,32065
95476.230904,32066
95476.240209,32067
95476.247493,32068
95476.255245,32069
95476.261232,32070
95476.267353,32071
95476.273600,32072
95476.279142,32073
95476.284384,32074
95476.289659,32075
95476.296692,32076
95476.305791,32077
95476.313883,32078
95476.319554,32079
95476.326015,32080
95476.332933,32081
95476.343012,32082
95476.350443,32083
95476.355807,32084
95476.361450,32085
95476.369536,32086
95476.375988,32087
95476.381802,32088
95476.387559,32089
95476.395837,32090
95476.401426,32091
95476.409014,32092
95476.414699,32093
95476.422292,32094
95476.428803,32095
95476.437374,32096
95476.443927,32097
95476.451972,32098
95476.458422,32099
95476.468735,32100
95476.475139,32101
95476.480962,32102
95476.489435,32103
95476.498108,32104
95476.504706,32105
95476.510851,32106
95476.515827,32107
95476.523079,32108
95476.529518,32109
95476.535021,32110
95476.540408,32111
95476.545858,32112
95476.553625,32113
95476.560905,32114
95476.566821,32115
95476.573569,32116
95476.581877,32117
95476.590492,32118
95476.596401,32119
95476.604023,32120
95476.609402,32121
95476.616262,32122
95476.622721,32123
95476.627945,32124
95476.634701,32125
95476.643680,32126
95476.650629,32127
95476.655628,32128
95476.661347,32129
95476.669644,32130
95476.676513,32131
95476.682263,32132
95476.690717,32133
95476.697666,32134
95476.703659,32135
95476.709199,32136
95476.715446,32137
95476.723205,32138
95476.728392,32139
95476.733191,32140
95476.740909,32141
95476.746767,32142
95476.752491,32143
95476.757475,32144
95476.765410,32145
95476.773208,32146
95476.781326,32147
95476.786413,32148
95476.792272,32149
95476.802098,32150
95476.810425,32151
95476.815946,32152
95476.820888,32153
95476.827071,32154
95476.835654,32155
95476.841838,32156
95476.847859,32157
95476.852810,32158
95476.859842,32159
95476.865283,32160
95476.871349,32161
95476.879534,32162
95476.884931,32163
95476.892308,32164
95476.900106,32165
95476.905903,32166
95476.911374,32167
95476.917378,32168
95476.922194,32169
95476.929502,32170
95476.935659,32171
95476.943755,32172
95476.949467,32173
95476.955459,32174
95476.964587,32175
95476.975860,32176
95476.985025,32177
95476.992565,32178
95476.997831,32179
95477.002804,32180
95477.008045,32181
95477.014488,32182
95477.022216,32183
95477.030171,32184
95477.036412,32185
95477.041860,32186
95477.049225,32187
95477.056123,32188
95477.061665,32189
95477.067807,32190
95477.073980,32191
95477.080207,32192
95477.087649,32193
95477.094739,32194
95477.099995,32195
95477.107414,32196
95477.115244,32197
95477.120562,32198
95477.126560,32199
95477.135652,32200
95477.140957,32201
95477.146310,32202
95477.155200,32203
95477.162703,32204
95477.171449,32205
95477.180967,32206
95477.189019,32207
95477.194446,32208
95477.200786,32209
95477.206341,32210
95477.215308,32211
95477.222658,32212
95477.228317,32213
95477.234400,32214
95477.240815,32215
95477.246292,32216
95477.251586,32217
95477.259256,32218
95477.269120,32219
95477.275030,32220
95477.283719,32221
95477.288778,32222
95477.296538,32223
95477.304277,32224
95477.309665,32225
95477.317578,32226
95477.324142,32227
95477.329390,32228
95477.335421,32229
95477.343582,32230
95477.349020,32231
95477.356417,32232
95477.363965,32233
95477.370406,32234
95477.379222,32235
95477.384474,32236
95477.392643,32237
95477.397577,32238
95477.403576,32239
95477.410218,32240
95477.416684,32241
95477.424171,32242
95477.431579,32243
95477.437265,32244
95477.443631,32245
95477.448661,32246
95477.453645,32247
95477.460578,32248
95477.467043,32249
95480.590683,32250
95480.601914,32251
95480.612860,32252
95480.623567,32253
95480.633335,32254
95480.641574,32255
95480.652670,32256
95480.661416,32257
95480.670725,32258
95480.679809,32259
95480.690782,32260
95480.700916,32261
95480.710477,32262
95480.722614,32263
95480.732406,32264
95480.741900,32265
95480.750632,32266
95480.761211,32267
95480.771754,32268
95480.782962,32269
95480.791137,32270
95480.799212,32271
95480.808690,32272
95480.817823,32273
95480.827359,32274
95480.837028,32275
95480.847281,32276
95480.855580,32277
95480.863490,32278
95480.872471,32279
95480.882681,32280
95480.892542,32281
95480.901801,32282
95480.910956,32283
95480.918574,32284
95480.926578,32285
95480.937139,32286
95480.947899,32287
95480.957135,32288
95480.966065,32289
95480.974329,32290
95480.984270,32291
95480.995493,32292
95481.007151,32293
95481.016216,32294
95481.026591,32295
95481.035062,32296
95481.044656,32297
95481.053738,32298
95481.064378,32299
95481.074194,32300
95481.082175,32301
95481.093657,32302
95481.102969,32303
95481.111201,32304
95481.121549,32305
95481.132253,32306
95481.141746,32307
95481.151438,32308
95481.161511,32309
95481.172201,32310
95481.181606,32311
95481.190071,32312
95481.201174,32313
95481.209402,32314
95481.220170,32315
95481.229596,32316
95481.239610,32317
95481.249493,32318
95481.257465,32319
95481.267144,32320
95481.275823,32321
95481.284753,32322
95481.294777,32323
95481.305941,32324
95481.316102,32325
95481.327295,32326
95481.337425,32327
95481.346290,32328
95481.354974,32329
95481.365784,32330
95481.375220,32331
95481.383928,32332
95481.393944,32333
95481.402853,32334
95481.412137,32335
95481.421576,32336
95481.432373,32337
95481.441666,32338
95481.450736,32339
95481.461715,32340
95481.471123,32341
95481.479138,32342
95481.489193,32343
95481.498150,32344
95481.509641,32345
95481.519119,32346
95481.527699,32347
95481.536306,32348
95481.546039,32349
95481.558655,32350
95481.568611,32351
95481.578296,32352
95481.586871,32353
95481.596259,32354
95481.605534,32355
95481.614349,32356
95481.625695,32357
95481.634646,32358
95481.645124,32359
95481.654927,32360
95481.664041,32361
95481.674786,32362
95481.685450,32363
95481.696597,32364
95481.705692,32365
95481.714674,32366
95481.722935,32367
95481.733809,32368
95481.742431,32369
95481.752221,32370
95481.762828,32371
95481.771029,32372
95481.779428,32373
95481.791220,32374
95481.800204,32375
95481.811543,32376
95481.822620,32377
95481.830948,32378
95481.840411,32379
95481.849514,32380
95481.857856,32381
95481.868382,32382
95481.877192,32383
95481.887378,32384
95481.895360,32385
95481.903858,32386
95481.911252,32387
95481.920617,32388
95481.929530,32389
95481.940022,32390
95481.947884,32391
95481.957625,32392
95481.966961,32393
95481.976684,32394
95481.984603,32395
95481.993206,32396
95482.002030,32397
95482.010704,32398
95482.020644,32399
95482.030235,32400
95482.038693,32401
95482.048681,32402
95482.059898,32403
95482.071631,32404
95482.080033,32405
95482.089614,32406
95482.098631,32407
95482.107012,32408
95482.115342,32409
95482.124849,32410
95482.132528,32411
95482.141307,32412
95482.152356,32413
95482.162776,32414
95482.171977,32415
95482.180512,32416
95482.188902,32417
95482.198023,32418
95482.209711,32419
95482.218553,32420
95482.228422,32421
95482.238288,32422
95482.248783,32423
95482.258308,32424
95482.267391,32425
95482.277369,32426
95482.285857,32427
95482.296272,32428
95482.307986,32429
95482.315762,32430
95482.324744,32431
95482.333296,32432
95482.341955,32433
95482.351049,32434
95482.359763,32435
95482.368930,32436
95482.376994,32437
95482.386865,32438
95482.395584,32439
95482.406228,32440
95482.417803,32441
95482.428729,32442
95482.438927,32443
95482.448560,32444
95482.457570,32445
95482.467559,32446
95482.478283,32447
95482.486770,32448
95482.496914,32449
95482.508527,32450
95482.518080,32451
95482.530585,32452
95482.541266,32453
95482.549698,32454
95482.560591,32455
95482.570516,32456
95482.581258,32457
95482.589969,32458
95482.599662,32459
95482.608171,32460
95482.616994,32461
95482.626096,32462
95482.636552,32463
95482.644795,32464
95482.654955,32465
95482.663075,32466
95482.672949,32467
95482.681520,32468
95482.689990,32469
95482.698578,32470
95482.707994,32471
95482.715951,32472
95482.725257,32473
95482.734232,32474
95482.743620,32475
95482.751754,32476
95482.760741,32477
95482.770503,32478
95482.780288,32479
95482.790303,32480
95482.800966,32481
95482.809763,32482
95482.819217,32483
95482.828564,32484
95482.838856,32485
95482.849378,32486
95482.859643,32487
95482.868548,32488
95482.876847,32489
95482.885044,32490
95482.895532,32491
95482.905337,32492
95482.914031,32493
95482.922568,32494
95482.931008,32495
95482.942232,32496
95482.953279,32497
95482.961900,32498
95482.972764,32499
95485.444984,32500
95485.493949,32501
95485.500102,32502
95485.506179,32503
95485.512220,32504
95485.518347,32505
95485.524491,32506
95485.530365,32507
95485.536382,32508
95485.542382,32509
95485.548293,32510
95485.554513,32511
95485.560451,32512
95485.566730,32513
95485.573008,32514
95485.579999,32515
95485.587342,32516
95485.594457,32517
95485.602075,32518
95485.608697,32519
95485.614938,32520
95485.620967,32521
95485.626810,32522
95485.632590,32523
95485.638613,32524
95485.644519,32525
95485.650331,32526
95485.656356,32527
95485.662712,32528
95485.669559,32529
95485.675593,32530
95485.681363,32531
95485.687504,32532
95485.693751,32533
95485.699825,32534
95485.705710,32535
95485.711515,32536
95485.717857,32537
95485.724382,32538
95485.730849,32539
95485.737132,32540
95485.743226,32541
95485.749550,32542
95485.756186,32543
95485.762445,32544
95485.768621,32545
95485.774498,32546
95485.780762,32547
95485.788213,32548
95485.794577,32549
95485.800953,32550
95485.806889,32551
95485.812939,32552
95485.818624,32553
95485.824335,32554
95485.830307,32555
95485.836535,32556
95485.842384,32557
95485.848410,32558
95485.854438,32559
95485.860599,32560
95485.866777,32561
95485.872597,32562
95485.878466,32563
95485.884449,32564
95485.890745,32565
95485.896837,32566
95485.903033,32567
95485.909425,32568
95485.915288,32569
95485.921118,32570
95485.926955,32571
95485.933381,32572
95485.939533,32573
95485.945327,32574
95485.951026,32575
95485.956757,32576
95485.962630,32577
95485.969152,32578
95485.974887,32579
95485.980533,32580
95485.986243,32581
95485.992442,32582
95485.998816,32583
95486.004820,32584
95486.010818,32585
95486.016661,32586
95486.022550,32587
95486.028456,32588
95486.034213,32589
95486.039935,32590
95486.046210,32591
95486.051975,32592
95486.058089,32593
95486.064396,32594
95486.070891,32595
95486.076669,32596
95486.082664,32597
95486.088307,32598
95486.094175,32599
95486.103235,32600
95486.109044,32601
95486.114823,32602
95486.120615,32603
95486.126345,32604
95486.132105,32605
95486.138066,32606
95486.143913,32607
95486.150089,32608
95486.155995,32609
95486.161866,32610
95486.167889,32611
95486.173813,32612
95486.179591,32613
95486.185566,32614
95486.191382,32615
95486.197627,32616
95486.203603,32617
95486.209394,32618
95486.215189,32619
95486.221914,32620
95486.227863,32621
95486.234189,32622
95486.240048,32623
95486.245966,32624
95486.251696,32625
95486.257389,32626
95486.263263,32627
95486.269115,32628
95486.274933,32629
95486.280776,32630
95486.286576,32631
95486.292425,32632
95486.298122,32633
95486.304636,32634
95486.310912,32635
95486.316931,32636
95486.322689,32637
95486.328724,32638
95486.334623,32639
95486.340403,32640
95486.346295,32641
95486.352323,32642
95486.358599,32643
95486.365442,32644
95486.371518,32645
95486.377423,32646
95486.383331,32647
95486.389305,32648
95486.395192,32649
95486.401200,32650
95486.407503,32651
95486.413584,32652
95486.419522,32653
95486.425400,32654
95486.431288,32655
95486.438059,32656
95486.444523,32657
95486.450297,32658
95486.456391,32659
95486.462375,32660
95486.468401,32661
95486.474867,32662
95486.481037,32663
95486.486953,32664
95486.492758,32665
95486.498790,32666
95486.505303,32667
95486.511250,32668
95486.517024,32669
95486.522981,32670
95486.529216,32671
95486.536205,32672
95486.542788,32673
95486.549408,32674
95486.555320,32675
95486.561377,32676
95486.567532,32677
95486.574467,32678
95486.580386,32679
95486.586370,32680
95486.592310,32681
95486.598724,32682
95486.605291,32683
95486.611993,32684
95486.618503,32685
95486.624557,32686
95486.631107,32687
95486.637962,32688
95486.644679,32689
95486.650993,32690
95486.657034,32691
95486.663514,32692
95486.670538,32693
95486.676943,32694
95486.683279,32695
95486.689583,32696
95486.695815,32697
95486.701918,32698
95486.707909,32699
95486.716257,32700
95486.722100,32701
95486.728227,32702
95486.734042,32703
95486.739841,32704
95486.745621,32705
95486.751339,32706
95486.757076,32707
95486.762877,32708
95486.768851,32709
95486.774631,32710
95486.780509,32711
95486.786501,32712
95486.794761,32713
95486.805356,32714
95486.816571,32715
95486.823206,32716
95486.829592,32717
95486.836044,32718
95486.841967,32719
95486.847924,32720
95486.853985,32721
95486.859934,32722
95486.865961,32723
95486.871960,32724
95486.877644,32725
95486.883308,32726
95486.889006,32727
95486.895214,32728
95486.901099,32729
95486.907188,32730
95486.913217,32731
95486.919139,32732
95486.925312,32733
95486.931326,32734
95486.937275,32735
95486.943334,32736
95486.949266,32737
95486.955038,32738
95486.960765,32739
95486.966636,32740
95486.972479,32741
95486.978294,32742
95486.984243,32743
95486.990097,32744
95486.996158,32745
95487.002483,32746
95487.008447,32747
95487.014410,32748
95487.020649,32749
95490.309967,32750
95490.318794,32751
95490.325650,32752
95490.331980,32753
95490.340062,32754
95490.345595,32755
95490.351791,32756
95490.357261,32757
95490.362708,32758
95490.368293,32759
95490.373573,32760
95490.381009,32761
95490.387761,32762
95490.394265,32763
95490.401585,32764
95490.407314,32765
95490.413956,32766
95490.421593,32767
95490.427104,32768
95490.433043,32769
95490.438827,32770
95490.444783,32771
95490.450159,32772
95490.457618,32773
95490.463213,32774
95490.469741,32775
95490.475782,32776
95490.481440,32777
95490.487662,32778
95490.493242,32779
95490.500264,32780
95490.505694,32781
95490.512093,32782
95490.519065,32783
95490.525896,32784
95490.531420,32785
95490.536987,32786
95490.543297,32787
95490.548949,32788
95490.554592,32789
95490.561353,32790
95490.568912,32791
95490.575283,32792
95490.582182,32793
95490.587425,32794
95490.593888,32795
95490.599286,32796
95490.606322,32797
95490.611797,32798
95490.617815,32799
95490.624866,32800
95490.631115,32801
95490.636756,32802
95490.642496,32803
95490.647926,32804
95490.654518,32805
95490.660089,32806
95490.665654,32807
95490.673806,32808
95490.679342,32809
95490.684519,32810
95490.689829,32811
95490.695015,32812
95490.701875,32813
95490.708307,32814
95490.715215,32815
95490.720520,32816
95490.725893,32817
95490.731698,32818
95490.737563,32819
95490.743026,32820
95490.748128,32821
95490.753218,32822
95490.758260,32823
95490.763326,32824
95490.770156,32825
95490.775190,32826
95490.780284,32827
95490.785544,32828
95490.791600,32829
95490.797612,32830
95490.803706,32831
95490.808942,32832
95490.814095,32833
95490.819213,32834
95490.824574,32835
95490.829654,32836
95490.834783,32837
95490.840752,32838
95490.847722,32839
95490.853845,32840
95490.859372,32841
95490.864963,32842
95490.870787,32843
95490.876330,32844
95490.882723,32845
95490.889737,32846
95490.894850,32847
95490.900713,32848
95490.905938,32849
95490.914800,32850
95490.921500,32851
95490.926579,32852
95490.933373,32853
95490.938663,32854
95490.944703,32855
95490.949643,32856
95490.954963,32857
95490.960462,32858
95490.965772,32859
95490.972591,32860
95490.979219,32861
95490.984430,32862
95490.990268,32863
95490.996674,32864
95491.001672,32865
95491.008505,32866
95491.013440,32867
95491.018641,32868
95491.024157,32869
95491.029142,32870
95491.034578,32871
95491.039414,32872
95491.045499,32873
95491.050292,32874
95491.056873,32875
95491.062233,32876
95491.068558,32877
95491.075428,32878
95491.082154,32879
95491.088021,32880
95491.095150,32881
95491.102547,32882
95491.107510,32883
95491.113969,32884
95491.118936,32885
95491.124926,32886
95491.129994,32887
95491.135225,32888
95491.140275,32889
95491.145548,32890
95491.150607,32891
95491.155714,32892
95491.162237,32893
95491.167522,32894
95491.173127,32895
95491.178734,32896
95491.184355,32897
95491.189429,32898
95491.196730,32899
95491.201868,32900
95491.207175,32901
95491.212552,32902
95491.219009,32903
95491.224572,32904
95491.231153,32905
95491.238407,32906
95491.248587,32907
95491.257613,32908
95491.265419,32909
95491.272437,32910
95491.277822,32911
95491.283201,32912
95491.288319,32913
95491.293572,32914
95491.298463,32915
95491.303891,32916
95491.308758,32917
95491.313696,32918
95491.320464,32919
95491.326571,32920
95491.331702,32921
95491.336851,32922
95491.341779,32923
95491.349133,32924
95491.354317,32925
95491.361336,32926
95491.366691,32927
95491.372218,32928
95491.377602,32929
95491.382453,32930
95491.387367,32931
95491.393236,32932
95491.398966,32933
95491.404074,32934
95491.408907,32935
95491.414752,32936
95491.421609,32937
95491.426787,32938
95491.433935,32939
95491.439473,32940
95491.446662,32941
95491.453299,32942
95491.458771,32943
95491.463852,32944
95491.468817,32945
95491.475247,32946
95491.480206,32947
95491.485361,32948
95491.492462,32949
95491.500643,32950
95491.505707,32951
95491.510733,32952
95491.516454,32953
95491.522135,32954
95491.527342,32955
95491.532571,32956
95491.537790,32957
95491.544379,32958
95491.550450,32959
95491.555550,32960
95491.560534,32961
95491.566247,32962
95491.572404,32963
95491.577474,32964
95491.582596,32965
95491.589224,32966
95491.596071,32967
95491.602827,32968
95491.607730,32969
95491.613196,32970
95491.618280,32971
95491.625244,32972
95491.630136,32973
95491.636614,32974
95491.641501,32975
95491.646494,32976
95491.651491,32977
95491.658580,32978
95491.663783,32979
95491.670806,32980
95491.678224,32981
95491.683937,32982
95491.688926,32983
95491.695157,32984
95491.700491,32985
95491.707589,32986
95491.714153,32987
95491.720788,32988
95491.728496,32989
95491.734150,32990
95491.739354,32991
95491.744987,32992
95491.750586,32993
95491.756707,32994
95491.762546,32995
95491.768494,32996
95491.775859,32997
95491.780939,32998
95491.786409,32999
95495.229239,33000
95495.237203,33001
95495.243527,33002
95495.249379,33003
95495.256197,33004
95495.262429,33005
95495.269481,33006
95495.277517,33007
95495.286276,33008
95495.294766,33009
95495.302915,33010
95495.311068,33011
95495.317894,33012
95495.324996,33013
95495.331454,33014
95495.340344,33015
95495.349336,33016
95495.357031,33017
95495.367479,33018
95495.376035,33019
95495.383316,33020
95495.392544,33021
95495.400512,33022
95495.409002,33023
95495.415270,33024
95495.424252,33025
95495.430427,33026
95495.438185,33027
95495.444805,33028
95495.451766,33029
95495.460030,33030
95495.469768,33031
95495.480537,33032
95495.487964,33033
95495.495592,33034
95495.502787,33035
95495.509239,33036
95495.514970,33037
95495.522973,33038
95495.530333,33039
95495.538662,33040
95495.546839,33041
95495.553041,33042
95495.563021,33043
95495.571387,33044
95495.580279,33045
95495.586590,33046
95495.593160,33047
95495.599883,33048
95495.606765,33049
95495.615544,33050
95495.624950,33051
95495.632046,33052
95495.641944,33053
95495.648380,33054
95495.654264,33055
95495.661243,33056
95495.669056,33057
95495.677870,33058
95495.684506,33059
95495.692881,33060
95495.703571,33061
95495.710533,33062
95495.720899,33063
95495.729429,33064
95495.738230,33065
95495.744480,33066
95495.752500,33067
95495.761252,33068
95495.767468,33069
95495.776287,33070
95495.783264,33071
95495.789697,33072
95495.796210,33073
95495.803690,33074
95495.810531,33075
95495.816282,33076
95495.825686,33077
95495.834263,33078
95495.843160,33079
95495.849235,33080
95495.855466,33081
95495.863813,33082
95495.871436,33083
95495.880659,33084
95495.888664,33085
95495.897329,33086
95495.905217,33087
95495.913247,33088
95495.921104,33089
95495.928853,33090
95495.935262,33091
95495.941398,33092
95495.949769,33093
95495.956093,33094
95495.965050,33095
95495.974377,33096
95495.981014,33097
95495.988329,33098
95495.995450,33099
95496.004171,33100
95496.011426,33101
95496.017568,33102
95496.023830,33103
95496.032184,33104
95496.039171,33105
95496.049106,33106
95496.058194,33107
95496.066204,33108
95496.073867,33109
95496.080189,33110
95496.088330,33111
95496.095623,33112
95496.101942,33113
95496.108686,33114
95496.114975,33115
95496.121932,33116
95496.129324,33117
95496.135597,33118
95496.144612,33119
95496.152964,33120
95496.160201,33121
95496.166600,33122
95496.173254,33123
95496.181105,33124
95496.187087,33125
95496.195665,33126
95496.205905,33127
95496.214267,33128
95496.222615,33129
95496.231788,33130
95496.241110,33131
95496.247112,33132
95496.254649,33133
95496.261525,33134
95496.268132,33135
95496.276055,33136
95496.285344,33137
95496.292389,33138
95496.300160,33139
95496.309203,33140
95496.315573,33141
95496.322700,33142
95496.332557,33143
95496.339313,33144
95496.345126,33145
95496.351886,33146
95496.358071,33147
95496.364820,33148
95496.371587,33149
95496.380314,33150
95496.389256,33151
95496.400306,33152
95496.407543,33153
95496.413950,33154
95496.420760,33155
95496.429230,33156
95496.437933,33157
95496.443901,33158
95496.450034,33159
95496.457788,33160
95496.464350,33161
95496.470772,33162
95496.477707,33163
95496.484506,33164
95496.492321,33165
95496.501410,33166
95496.510019,33167
95496.518460,33168
95496.526369,33169
95496.533622,33170
95496.542613,33171
95496.551168,33172
95496.558654,33173
95496.566771,33174
95496.575073,33175
95496.581814,33176
95496.588974,33177
95496.598413,33178
95496.608889,33179
95496.617526,33180
95496.623883,33181
95496.632555,33182
95496.639830,33183
95496.647995,33184
95496.656399,33185
95496.665706,33186
95496.673429,33187
95496.681165,33188
95496.688417,33189
95496.697330,33190
95496.704384,33191
95496.710390,33192
95496.716726,33193
95496.724056,33194
95496.731195,33195
95496.737281,33196
95496.746608,33197
95496.753107,33198
95496.762971,33199
95496.772126,33200
95496.780388,33201
95496.787077,33202
95496.794280,33203
95496.801018,33204
95496.807993,33205
95496.814148,33206
95496.819821,33207
95496.826484,33208
95496.832860,33209
95496.839297,33210
95496.846167,33211
95496.854164,33212
95496.861732,33213
95496.868884,33214
95496.875900,33215
95496.883379,33216
95496.892226,33217
95496.899034,33218
95496.905000,33219
95496.912857,33220
95496.919719,33221
95496.929098,33222
95496.935451,33223
95496.943498,33224
95496.949745,33225
95496.957775,33226
95496.964333,33227
95496.972515,33228
95496.980937,33229
95496.986692,33230
95496.995077,33231
95497.003920,33232
95497.010207,33233
95497.016078,33234
95497.025042,33235
95497.032044,33236
95497.039372,33237
95497.046115,33238
95497.055420,33239
95497.063413,33240
95497.071714,33241
95497.079844,33242
95497.086589,33243
95497.097441,33244
95497.104331,33245
95497.110803,33246
95497.116322,33247
95497.125569,33248
95497.131752,33249
95500.119321,33250
95500.133670,33251
95500.144154,33252
95500.155612,33253
95500.165580,33254
95500.175163,33255
95500.186530,33256
95500.196887,33257
95500.208186,33258
95500.217815,33259
95500.228032,33260
95500.240078,33261
95500.251435,33262
95500.262806,33263
95500.273159,33264
95500.283413,33265
95500.293734,33266
95500.305985,33267
95500.315191,33268
95500.325357,33269
95500.335314,33270
95500.344692,33271
95500.354896,33272
95500.364836,33273
95500.374660,33274
95500.385854,33275
95500.397171,33276
95500.408046,33277
95500.417499,33278
95500.429127,33279
95500.441393,33280
95500.450857,33281
95500.462732,33282
95500.473426,33283
95500.483360,33284
95500.493868,33285
95500.505873,33286
95500.514500,33287
95500.524498,33288
95500.535647,33289
95500.545551,33290
95500.556724,33291
95500.568195,33292
95500.579401,33293
95500.589664,33294
95500.601223,33295
95500.611287,33296
95500.621862,33297
95500.634035,33298
95500.644172,33299
95500.655112,33300
95500.667309,33301
95500.677575,33302
95500.688115,33303
95500.698866,33304
95500.710296,33305
95500.720464,33306
95500.731664,33307
95500.743446,33308
95500.754698,33309
95500.766674,33310
95500.777037,33311
95500.788451,33312
95500.801279,33313
95500.811429,33314
95500.823337,33315
95500.833891,33316
95500.843236,33317
95500.853683,33318
95500.863813,33319
95500.874457,33320
95500.886436,33321
95500.898056,33322
95500.907866,33323
95500.917807,33324
95500.928957,33325
95500.939612,33326
95500.950887,33327
95500.960862,33328
95500.972205,33329
95500.982453,33330
95500.993969,33331
95501.005399,33332
95501.014765,33333
95501.025655,33334
95501.038321,33335
95501.048294,33336
95501.058728,33337
95501.068432,33338
95501.077442,33339
95501.087791,33340
95501.099991,33341
95501.111007,33342
95501.122394,33343
95501.134776,33344
95501.145165,33345
95501.156268,33346
95501.167019,33347
95501.177317,33348
95501.186250,33349
95501.199179,33350
95501.208962,33351
95501.219892,33352
95501.232043,33353
95501.242911,33354
95501.252694,33355
95501.265035,33356
95501.273850,33357
95501.284912,33358
95501.295703,33359
95501.306818,33360
95501.316895,33361
95501.327516,33362
95501.337201,33363
95501.349809,33364
95501.362086,33365
95501.372917,33366
95501.381850,33367
95501.392658,33368
95501.403992,33369
95501.414285,33370
95501.424461,33371
95501.434451,33372
95501.443814,33373
95501.454629,33374
95501.465752,33375
95501.476291,33376
95501.487362,33377
95501.498835,33378
95501.507824,33379
95501.518664,33380
95501.528180,33381
95501.538773,33382
95501.548423,33383
95501.558638,33384
95501.569861,33385
95501.580585,33386
95501.591541,33387
95501.604148,33388
95501.614110,33389
95501.625395,33390
95501.635371,33391
95501.645039,33392
95501.654395,33393
95501.664935,33394
95501.675113,33395
95501.684859,33396
95501.694136,33397
95501.703674,33398
95501.712514,33399
95501.722896,33400
95501.733302,33401
95501.743471,33402
95501.753966,33403
95501.764399,33404
95501.772891,33405
95501.783869,33406
95501.795100,33407
95501.805042,33408
95501.816278,33409
95501.827947,33410
95501.838364,33411
95501.848940,33412
95501.858857,33413
95501.868187,33414
95501.878372,33415
95501.889893,33416
95501.899472,33417
95501.910305,33418
95501.919943,33419
95501.931135,33420
95501.941817,33421
95501.953681,33422
95501.964819,33423
95501.975881,33424
95501.986865,33425
95501.999276,33426
95502.010674,33427
95502.019943,33428
95502.031526,33429
95502.042284,33430
95502.052163,33431
95502.063415,33432
95502.073342,33433
95502.082319,33434
95502.092697,33435
95502.103804,33436
95502.114285,33437
95502.123534,33438
95502.133571,33439
95502.144551,33440
95502.156937,33441
95502.166607,33442
95502.176973,33443
95502.187225,33444
95502.198323,33445
95502.209195,33446
95502.220220,33447
95502.232449,33448
95502.243189,33449
95502.255842,33450
95502.267069,33451
95502.276505,33452
95502.285806,33453
95502.295597,33454
95502.304213,33455
95502.312022,33456
95502.321251,33457
95502.330588,33458
95502.341374,33459
95502.349954,33460
95502.361033,33461
95502.371227,33462
95502.382271,33463
95502.391715,33464
95502.401575,33465
95502.410216,33466
95502.420586,33467
95502.432175,33468
95502.442808,33469
95502.453247,33470
95502.464777,33471
95502.476360,33472
95502.487387,33473
95502.498107,33474
95502.508407,33475
95502.517074,33476
95502.526026,33477
95502.536203,33478
95502.546190,33479
95502.555684,33480
95502.565428,33481
95502.574777,33482
95502.583695,33483
95502.592807,33484
95502.603662,33485
95502.613387,33486
95502.624391,33487
95502.636112,33488
95502.645899,33489
95502.656356,33490
95502.667543,33491
95502.678100,33492
95502.687488,33493
95502.699402,33494
95502.709220,33495
95502.718788,33496
95502.730451,33497
95502.740342,33498
95502.750871,33499
95504.518801,33750
95504.616055,33751
95504.623381,33752
95504.629999,33753
95504.636784,33754
95504.643683,33755
95504.650328,33756
95504.657237,33757
95504.663969,33758
95504.670993,33759
95504.677549,33760
95504.684206,33761
95504.691718,33762
95504.699196,33763
95504.706190,33764
95504.712727,33765
95504.719312,33766
95504.726551,33767
95504.733287,33768
95504.739906,33769
95504.746624,33770
95504.753477,33771
95504.760687,33772
95504.767550,33773
95504.774591,33774
95504.781608,33775
95504.788584,33776
95504.795535,33777
95504.802059,33778
95504.808703,33779
95504.814540,33780
95504.820970,33781
95504.827609,33782
95504.833835,33783
95504.839639,33784
95504.845624,33785
95504.851475,33786
95504.857716,33787
95504.863741,33788
95504.869675,33789
95504.876232,33790
95504.882396,33791
95504.888300,33792
95504.894394,33793
95504.900246,33794
95504.906238,33795
95504.912024,33796
95504.918442,33797
95504.924248,33798
95504.930521,33799
95504.938364,33800
95504.944360,33801
95504.950395,33802
95504.956713,33803
95504.963569,33804
95504.969546,33805
95504.975946,33806
95504.982602,33807
95504.988718,33808
95504.994649,33809
95505.000555,33810
95505.006677,33811
95505.012371,33812
95505.018201,33813
95505.024217,33814
95505.030662,33815
95505.036783,33816
95505.042578,33817
95505.048627,33818
95505.055145,33819
95505.061128,33820
95505.067208,33821
95505.072953,33822
95505.079292,33823
95505.085190,33824
95505.091787,33825
95505.097975,33826
95505.104291,33827
95505.109940,33828
95505.115755,33829
95505.122676,33830
95505.129488,33831
95505.135602,33832
95505.141470,33833
95505.147236,33834
95505.153494,33835
95505.159644,33836
95505.165849,33837
95505.171778,33838
95505.178065,33839
95505.183732,33840
95505.189581,33841
95505.195781,33842
95505.203134,33843
95505.208882,33844
95505.214869,33845
95505.221802,33846
95505.229389,33847
95505.236238,33848
95505.242926,33849
95505.249221,33850
95505.255503,33851
95505.261689,33852
95505.267484,33853
95505.273365,33854
95505.279854,33855
95505.285718,33856
95505.291845,33857
95505.298213,33858
95505.304726,33859
95505.310751,33860
95505.316721,33861
95505.322667,33862
95505.328872,33863
95505.334753,33864
95505.340736,33865
95505.346554,33866
95505.352680,33867
95505.358740,33868
95505.364568,33869
95505.370364,33870
95505.376701,33871
95505.382452,33872
95505.388321,33873
95505.394230,33874
95505.400296,33875
95505.406214,33876
95505.412015,33877
95505.417843,33878
95505.423869,33879
95505.430575,33880
95505.436711,33881
95505.442635,33882
95505.448987,33883
95505.454758,33884
95505.460805,33885
95505.467172,33886
95505.473362,33887
95505.479857,33888
95505.485851,33889
95505.491852,33890
95505.498040,33891
95505.503717,33892
95505.509361,33893
95505.515728,33894
95505.523470,33895
95505.530142,33896
95505.535950,33897
95505.541872,33898
95505.547958,33899
95505.556186,33900
95505.562436,33901
95505.568470,33902
95505.574635,33903
95505.580640,33904
95505.586410,33905
95505.592742,33906
95505.599288,33907
95505.605189,33908
95505.610941,33909
95505.616680,33910
95505.622726,33911
95505.628966,33912
95505.635040,33913
95505.640946,33914
95505.647684,33915
95505.653767,33916
95505.660411,33917
95505.666281,33918
95505.672416,33919
95505.678366,33920
95505.684453,33921
95505.690421,33922
95505.696700,33923
95505.702571,33924
95505.708559,33925
95505.714221,33926
95505.720329,33927
95505.726378,33928
95505.732700,33929
95505.738619,33930
95505.745284,33931
95505.751283,33932
95505.757184,33933
95505.763426,33934
95505.769785,33935
95505.775674,33936
95505.781971,33937
95505.787974,33938
95505.794737,33939
95505.800991,33940
95505.806943,33941
95505.812938,33942
95505.819237,33943
95505.825402,33944
95505.831357,33945
95505.837328,33946
95505.843394,33947
95505.849215,33948
95505.854922,33949
95505.861057,33950
95505.867340,33951
95505.873575,33952
95505.879426,33953
95505.885696,33954
95505.891883,33955
95505.897697,33956
95505.903510,33957
95505.909311,33958
95505.915350,33959
95505.921228,33960
95505.927324,33961
95505.933693,33962
95505.940320,33963
95505.946381,33964
95505.952142,33965
95505.957877,33966
95505.964073,33967
95505.969868,33968
95505.975696,33969
95505.981581,33970
95505.987730,33971
95505.993732,33972
95505.999785,33973
95506.005986,33974
95506.012290,33975
95506.018475,33976
95506.024386,33977
95506.030375,33978
95506.036602,33979
95506.042369,33980
95506.048497,33981
95506.054403,33982
95506.060925,33983
95506.066895,33984
95506.072874,33985
95506.078954,33986
95506.085388,33987
95506.091452,33988
95506.097461,33989
95506.103297,33990
95506.109507,33991
95506.115371,33992
95506.121154,33993
95506.126935,33994
95506.133213,33995
95506.139369,33996
95506.145488,33997
95506.151726,33998
95506.158305,33999
95509.349357,34000
95509.363516,34001
95509.371307,34002
95509.378248,34003
95509.384734,34004
95509.393834,34005
95509.399947,34006
95509.405887,34007
95509.412156,34008
95509.418216,34009
95509.424435,34010
95509.431453,34011
95509.437769,34012
95509.444658,34013
95509.452113,34014
95509.459546,34015
95509.466181,34016
95509.472417,34017
95509.479568,34018
95509.486296,34019
95509.492828,34020
95509.499710,34021
95509.505813,34022
95509.513052,34023
95509.519941,34024
95509.528218,34025
95509.534407,34026
95509.541685,34027
95509.549875,34028
95509.556236,34029
95509.564035,34030
95509.569961,34031
95509.575938,34032
95509.582122,34033
95509.591187,34034
95509.598908,34035
95509.606751,34036
95509.612797,34037
95509.619754,34038
95509.625831,34039
95509.632140,34040
95509.638642,34041
95509.645258,34042
95509.651600,34043
95509.657870,34044
95509.664446,34045
95509.671598,34046
95509.679484,34047
95509.685653,34048
95509.692265,34049
95509.700928,34050
95509.708332,34051
95509.714438,34052
95509.721224,34053
95509.727305,34054
95509.734442,34055
95509.741542,34056
95509.747686,34057
95509.754091,34058
95509.760545,34059
95509.766740,34060
95509.772814,34061
95509.780722,34062
95509.787313,34063
95509.793546,34064
95509.799759,34065
95509.806536,34066
95509.813911,34067
95509.820099,34068
95509.827791,34069
95509.834924,34070
95509.841364,34071
95509.849029,34072
95509.855700,34073
95509.863153,34074
95509.870638,34075
95509.876536,34076
95509.884995,34077
95509.893426,34078
95509.899429,34079
95509.906015,34080
95509.913279,34081
95509.920327,34082
95509.926446,34083
95509.933583,34084
95509.940203,34085
95509.946603,34086
95509.953029,34087
95509.960338,34088
95509.967005,34089
95509.973385,34090
95509.979573,34091
95509.986531,34092
95509.993242,34093
95509.999131,34094
95510.005401,34095
95510.011890,34096
95510.018138,34097
95510.024115,34098
95510.030287,34099
95510.037014,34100
95510.043200,34101
95510.049246,34102
95510.057363,34103
95510.063561,34104
95510.069717,34105
95510.076782,34106
95510.082986,34107
95510.089608,34108
95510.095577,34109
95510.101498,34110
95510.108709,34111
95510.117948,34112
95510.127639,34113
95510.134704,34114
95510.141056,34115
95510.146978,34116
95510.154451,34117
95510.163292,34118
95510.171946,34119
95510.177903,34120
95510.187260,34121
95510.194725,34122
95510.201329,34123
95510.207469,34124
95510.213807,34125
95510.220302,34126
95510.229383,34127
95510.237898,34128
95510.244303,34129
95510.252721,34130
95510.260732,34131
95510.266770,34132
95510.273041,34133
95510.279705,34134
95510.285941,34135
95510.292313,34136
95510.298849,34137
95510.306015,34138
95510.312062,34139
95510.318884,34140
95510.325211,34141
95510.332193,34142
95510.338193,34143
95510.345500,34144
95510.353123,34145
95510.360234,34146
95510.366391,34147
95510.373702,34148
95510.379898,34149
95510.389012,34150
95510.396409,34151
95510.405064,34152
95510.411488,34153
95510.418278,34154
95510.424517,34155
95510.430791,34156
95510.436913,34157
95510.443708,34158
95510.449655,34159
95510.455782,34160
95510.463308,34161
95510.470830,34162
95510.478792,34163
95510.485272,34164
95510.491620,34165
95510.499880,34166
95510.505751,34167
95510.512713,34168
95510.519636,34169
95510.525945,34170
95510.534602,34171
95510.541404,34172
95510.548630,34173
95510.555882,34174
95510.563374,34175
95510.569437,34176
95510.577764,34177
95510.583885,34178
95510.590176,34179
95510.599365,34180
95510.605246,34181
95510.611152,34182
95510.617296,34183
95510.626077,34184
95510.632529,34185
95510.639171,34186
95510.645191,34187
95510.653488,34188
95510.659555,34189
95510.666593,34190
95510.673987,34191
95510.685137,34192
95510.693516,34193
95510.700634,34194
95510.707714,34195
95510.713988,34196
95510.720518,34197
95510.726740,34198
95510.733071,34199
95510.740035,34200
95510.745975,34201
95510.754670,34202
95510.763277,34203
95510.769592,34204
95510.776347,34205
95510.782710,34206
95510.790604,34207
95510.796849,34208
95510.802841,34209
95510.809603,34210
95510.815588,34211
95510.822663,34212
95510.832030,34213
95510.838291,34214
95510.844242,34215
95510.850292,34216
95510.856801,34217
95510.865327,34218
95510.871470,34219
95510.878236,34220
95510.884290,34221
95510.890720,34222
95510.896760,34223
95510.906229,34224
95510.913282,34225
95510.921783,34226
95510.927736,34227
95510.933837,34228
95510.940087,34229
95510.946786,34230
95510.952941,34231
95510.959597,34232
95510.967337,34233
95510.973582,34234
95510.979683,34235
95510.985804,34236
95510.993737,34237
95511.000661,34238
95511.008948,34239
95511.014946,34240
95511.022163,34241
95511.031255,34242
95511.038622,34243
95511.044944,34244
95511.051433,34245
95511.057518,34246
95511.064986,34247
95511.072069,34248
95511.079807,34249
95514.485960,34250
95514.493955,34251
95514.501561,34252
95514.508166,34253
95514.515334,34254
95514.522340,34255
95514.532803,34256
95514.538735,34257
95514.544165,34258
95514.549824,34259
95514.557863,34260
95514.565402,34261
95514.573422,34262
95514.579434,34263
95514.585443,34264
95514.592800,34265
95514.598687,34266
95514.607729,34267
95514.613388,34268
95514.620193,34269
95514.628497,34270
95514.635225,34271
95514.642117,34272
95514.650159,34273
95514.655813,34274
95514.663684,34275
95514.671846,34276
95514.677515,34277
95514.685799,34278
95514.691934,34279
95514.697524,34280
95514.704278,34281
95514.710382,34282
95514.716037,34283
95514.723443,34284
95514.729629,34285
95514.735452,34286
95514.742809,34287
95514.752045,34288
95514.757399,34289
95514.764731,34290
95514.770593,34291
95514.778697,34292
95514.784452,34293
95514.791698,34294
95514.800395,34295
95514.806188,34296
95514.812362,34297
95514.819259,34298
95514.826579,34299
95514.838496,34300
95514.845501,34301
95514.850603,34302
95514.860244,34303
95514.868315,34304
95514.874173,34305
95514.879396,34306
95514.885563,34307
95514.894194,34308
95514.901203,34309
95514.908968,34310
95514.915409,34311
95514.922781,34312
95514.927621,34313
95514.933267,34314
95514.939651,34315
95514.944777,34316
95514.951450,34317
95514.959705,34318
95514.965876,34319
95514.971280,34320
95514.976216,34321
95514.981725,34322
95514.986738,34323
95514.993860,34324
95515.001413,34325
95515.006467,34326
95515.013401,34327
95515.018400,34328
95515.023874,34329
95515.030706,34330
95515.037246,34331
95515.043458,34332
95515.051588,34333
95515.057405,34334
95515.065467,34335
95515.073845,34336
95515.081668,34337
95515.088022,34338
95515.094968,34339
95515.100344,34340
95515.107490,34341
95515.112774,34342
95515.117970,34343
95515.123818,34344
95515.131413,34345
95515.136998,34346
95515.144372,34347
95515.151708,34348
95515.157647,34349
95515.163104,34350
95515.168308,34351
95515.175364,34352
95515.180536,34353
95515.187970,34354
95515.193348,34355
95515.201183,34356
95515.206497,34357
95515.213629,34358
95515.221840,34359
95515.227028,34360
95515.232156,34361
95515.237022,34362
95515.243682,34363
95515.248627,34364
95515.256959,34365
95515.263737,34366
95515.270220,34367
95515.277616,34368
95515.282300,34369
95515.287379,34370
95515.296022,34371
95515.300753,34372
95515.305917,34373
95515.310408,34374
95515.315531,34375
95515.320442,34376
95515.328427,34377
95515.333972,34378
95515.342113,34379
95515.347841,34380
95515.355303,34381
95515.360584,34382
95515.368068,34383
95515.373253,34384
95515.379486,34385
95515.384828,34386
95515.390038,34387
95515.395910,34388
95515.400874,34389
95515.407091,34390
95515.412800,34391
95515.417877,34392
95515.423260,34393
95515.428417,34394
95515.433675,34395
95515.438459,34396
95515.443385,34397
95515.448354,34398
95515.453092,34399
95515.462801,34400
95515.468228,34401
95515.475387,34402
95515.480700,34403
95515.487776,34404
95515.495716,34405
95515.503901,34406
95515.510951,34407
95515.516858,34408
95515.521554,34409
95515.526758,34410
95515.531995,34411
95515.537204,34412
95515.541933,34413
95515.547865,34414
95515.552826,34415
95515.558228,34416
95515.565763,34417
95515.573150,34418
95515.578551,34419
95515.586474,34420
95515.591780,34421
95515.597894,34422
95515.606862,34423
95515.617999,34424
95515.626539,34425
95515.634782,34426
95515.642574,34427
95515.647398,34428
95515.652956,34429
95515.658427,34430
95515.664399,34431
95515.669531,34432
95515.674423,34433
95515.682445,34434
95515.687712,34435
95515.694144,34436
95515.699577,34437
95515.707328,34438
95515.714973,34439
95515.720673,34440
95515.726277,34441
95515.731779,34442
95515.738607,34443
95515.747055,34444
95515.753980,34445
95515.759667,34446
95515.764791,34447
95515.772832,34448
95515.777533,34449
95515.782803,34450
95515.787736,34451
95515.795630,34452
95515.801112,34453
95515.807921,34454
95515.814221,34455
95515.819465,34456
95515.826433,34457
95515.833252,34458
95515.838286,34459
95515.843412,34460
95515.848603,34461
95515.854705,34462
95515.862883,34463
95515.870995,34464
95515.876202,34465
95515.881612,34466
95515.890287,34467
95515.897823,34468
95515.906444,34469
95515.911724,34470
95515.920364,34471
95515.925769,34472
95515.931244,34473
95515.937545,34474
95515.944553,34475
95515.951616,34476
95515.957609,34477
95515.964157,34478
95515.971280,34479
95515.976491,34480
95515.981720,34481
95515.987636,34482
95515.995923,34483
95516.001109,34484
95516.006035,34485
95516.011255,34486
95516.016223,34487
95516.021850,34488
95516.030018,34489
95516.035291,34490
95516.043061,34491
95516.048990,34492
95516.055374,34493
95516.061972,34494
95516.070035,34495
95516.075509,34496
95516.080801,34497
95516.086562,34498
95516.092503,34499
95519.103212,34500
95519.116402,34501
95519.125684,34502
95519.135813,34503
95519.146503,34504
95519.158900,34505
95519.170044,34506
95519.178609,34507
95519.188373,34508
95519.196963,34509
95519.206452,34510
95519.215385,34511
95519.226703,34512
95519.236907,34513
95519.248273,34514
95519.259425,34515
95519.268917,34516
95519.278571,34517
95519.288344,34518
95519.296311,34519
95519.305494,34520
95519.316310,34521
95519.326536,34522
95519.336018,34523
95519.345861,34524
95519.356443,34525
95519.364760,34526
95519.376299,34527
95519.384284,34528
95519.392652,34529
95519.403088,34530
95519.411805,34531
95519.421457,34532
95519.431647,34533
95519.443687,34534
95519.457830,34535
95519.469978,34536
95519.481625,34537
95519.491988,34538
95519.499992,34539
95519.509033,34540
95519.518373,34541
95519.526750,34542
95519.535627,34543
95519.546060,34544
95519.555695,34545
95519.565209,34546
95519.574535,34547
95519.582474,34548
95519.592787,34549
95519.603668,34550
95519.611559,34551
95519.622249,34552
95519.633189,34553
95519.641792,34554
95519.652877,34555
95519.664420,34556
95519.674663,34557
95519.685282,34558
95519.694325,34559
95519.703391,34560
95519.711857,34561
95519.721398,34562
95519.730270,34563
95519.737605,34564
95519.747347,34565
95519.756607,34566
95519.765306,34567
95519.773549,34568
95519.783484,34569
95519.793256,34570
95519.801596,34571
95519.812513,34572
95519.823801,34573
95519.835165,34574
95519.845254,34575
95519.854384,34576
95519.863141,34577
95519.874557,34578
95519.883372,34579
95519.894321,34580
95519.902569,34581
95519.911802,34582
95519.921621,34583
95519.930808,34584
95519.940099,34585
95519.950124,34586
95519.958552,34587
95519.966728,34588
95519.977535,34589
95519.987751,34590
95519.997434,34591
95520.008008,34592
95520.018982,34593
95520.029244,34594
95520.037303,34595
95520.046839,34596
95520.056458,34597
95520.065574,34598
95520.074401,34599
95520.083931,34600
95520.094914,34601
95520.105133,34602
95520.113363,34603
95520.121605,34604
95520.131673,34605
95520.140799,34606
95520.148399,34607
95520.158187,34608
95520.167380,34609
95520.178377,34610
95520.187595,34611
95520.196573,34612
95520.205520,34613
95520.215506,34614
95520.225203,34615
95520.235035,34616
95520.242941,34617
95520.250329,34618
95520.261300,34619
95520.270684,34620
95520.278620,34621
95520.289203,34622
95520.298719,34623
95520.308730,34624
95520.319416,34625
95520.328300,34626
95520.338748,34627
95520.348456,34628
95520.358737,34629
95520.367549,34630
95520.376241,34631
95520.384506,34632
95520.393880,34633
95520.402195,34634
95520.411097,34635
95520.421656,34636
95520.430121,34637
95520.438753,34638
95520.447457,34639
95520.458739,34640
95520.467887,34641
95520.480898,34642
95520.492250,34643
95520.503179,34644
95520.513046,34645
95520.522980,34646
95520.532311,34647
95520.541720,34648
95520.551095,34649
95520.563731,34650
95520.573462,34651
95520.582234,34652
95520.591868,34653
95520.601928,34654
95520.611668,34655
95520.622790,34656
95520.631645,34657
95520.640031,34658
95520.650422,34659
95520.661140,34660
95520.670245,34661
95520.681097,34662
95520.691458,34663
95520.702312,34664
95520.711019,34665
95520.721708,34666
95520.732276,34667
95520.742777,34668
95520.752169,34669
95520.760611,34670
95520.768522,34671
95520.779254,34672
95520.789507,34673
95520.798321,34674
95520.807639,34675
95520.816590,34676
95520.824993,34677
95520.834623,34678
95520.846346,34679
95520.854602,34680
95520.865100,34681
95520.875485,34682
95520.884968,34683
95520.894178,34684
95520.902491,34685
95520.913270,34686
95520.923938,34687
95520.932322,34688
95520.942741,34689
95520.953397,34690
95520.962876,34691
95520.973523,34692
95520.983349,34693
95520.993225,34694
95521.002294,34695
95521.010619,34696
95521.021817,34697
95521.032883,34698
95521.043923,34699
95521.052875,34700
95521.063046,34701
95521.072011,34702
95521.086052,34703
95521.096738,34704
95521.105775,34705
95521.114843,34706
95521.126725,34707
95521.136740,34708
95521.145606,34709
95521.155560,34710
95521.165672,34711
95521.174333,34712
95521.187606,34713
95521.197747,34714
95521.207330,34715
95521.216601,34716
95521.228021,34717
95521.237041,34718
95521.247605,34719
95521.258150,34720
95521.268753,34721
95521.277366,34722
95521.285979,34723
95521.295504,34724
95521.303825,34725
95521.314036,34726
95521.323553,34727
95521.333096,34728
95521.342133,34729
95521.351024,34730
95521.361243,34731
95521.371497,34732
95521.380463,34733
95521.391207,34734
95521.400550,34735
95521.409338,34736
95521.419284,34737
95521.428166,34738
95521.438160,34739
95521.448559,34740
95521.457911,34741
95521.467685,34742
95521.477492,34743
95521.486597,34744
95521.497877,34745
95521.507282,34746
95521.515497,34747
95521.525712,34748
95521.535009,34749
95523.901957,34750
95523.950600,34751
95523.956699,34752
95523.962746,34753
95523.969210,34754
95523.975564,34755
95523.981764,34756
95523.989349,34757
95523.995841,34758
95524.001800,34759
95524.007531,34760
95524.013787,34761
95524.019657,34762
95524.025781,34763
95524.032123,34764
95524.037873,34765
95524.044234,34766
95524.050562,34767
95524.056492,34768
95524.062287,34769
95524.068033,34770
95524.073862,34771
95524.079661,34772
95524.085744,34773
95524.091509,34774
95524.097228,34775
95524.102949,34776
95524.108756,34777
95524.114993,34778
95524.121253,34779
95524.128128,34780
95524.134699,34781
95524.140383,34782
95524.146263,34783
95524.152437,34784
95524.158549,34785
95524.164446,34786
95524.170320,34787
95524.176661,34788
95524.183286,34789
95524.189317,34790
95524.195246,34791
95524.201074,34792
95524.207064,34793
95524.213249,34794
95524.219605,34795
95524.225612,34796
95524.231492,34797
95524.237401,34798
95524.243582,34799
95524.251997,34800
95524.257959,34801
95524.264152,34802
95524.269899,34803
95524.275910,34804
95524.282063,34805
95524.287858,34806
95524.293539,34807
95524.299381,34808
95524.305250,34809
95524.311185,34810
95524.317571,34811
95524.323398,34812
95524.329178,34813
95524.334884,34814
95524.340584,34815
95524.346868,34816
95524.352663,34817
95524.358345,34818
95524.364095,34819
95524.369851,34820
95524.375678,34821
95524.381816,34822
95524.387882,34823
95524.393611,34824
95524.399314,34825
95524.405394,34826
95524.411253,34827
95524.417160,34828
95524.422897,34829
95524.428608,34830
95524.434321,34831
95524.440036,34832
95524.446215,34833
95524.452109,34834
95524.458128,34835
95524.464267,34836
95524.469988,34837
95524.475730,34838
95524.482208,34839
95524.488365,34840
95524.494186,34841
95524.499956,34842
95524.505725,34843
95524.511490,34844
95524.517411,34845
95524.523300,34846
95524.529372,34847
95524.535089,34848
95524.540841,34849
95524.546870,34850
95524.552822,34851
95524.558605,34852
95524.564711,34853
95524.570440,34854
95524.576335,34855
95524.582703,34856
95524.588993,34857
95524.595481,34858
95524.602420,34859
95524.608752,34860
95524.615157,34861
95524.621408,34862
95524.627349,34863
95524.633154,34864
95524.639383,34865
95524.645450,34866
95524.652052,34867
95524.658072,34868
95524.665411,34869
95524.673491,34870
95524.681608,34871
95524.689329,34872
95524.696367,34873
95524.702964,34874
95524.709800,34875
95524.716414,34876
95524.722634,34877
95524.728693,34878
95524.734635,34879
95524.741433,34880
95524.747928,34881
95524.754619,34882
95524.760800,34883
95524.766699,34884
95524.772739,34885
95524.778689,34886
95524.784960,34887
95524.790870,34888
95524.796697,34889
95524.802756,34890
95524.808958,34891
95524.815459,34892
95524.822219,34893
95524.828182,34894
95524.834012,34895
95524.840012,34896
95524.846620,34897
95524.852390,34898
95524.859710,34899
95524.869697,34900
95524.877294,34901
95524.884930,34902
95524.891729,34903
95524.898089,34904
95524.904885,34905
95524.911048,34906
95524.917296,34907
95524.923307,34908
95524.929260,34909
95524.935223,34910
95524.941931,34911
95524.948433,34912
95524.954869,34913
95524.960741,34914
95524.966707,34915
95524.972592,34916
95524.978819,34917
95524.985775,34918
95524.992015,34919
95524.998251,34920
95525.004153,34921
95525.010032,34922
95525.016392,34923
95525.022140,34924
95525.027996,34925
95525.033991,34926
95525.040396,34927
95525.047035,34928
95525.052953,34929
95525.058682,34930
95525.064435,34931
95525.070819,34932
95525.076960,34933
95525.083485,34934
95525.089610,34935
95525.095743,34936
95525.101961,34937
95525.108126,34938
95525.114278,34939
95525.120536,34940
95525.126595,34941
95525.132480,34942
95525.138370,34943
95525.144899,34944
95525.151285,34945
95525.157846,34946
95525.163765,34947
95525.170035,34948
95525.176048,34949
95525.182270,34950
95525.188394,34951
95525.194198,34952
95525.200019,34953
95525.206175,34954
95525.212029,34955
95525.218253,34956
95525.224061,34957
95525.229805,34958
95525.235675,34959
95525.241918,34960
95525.251540,34961
95525.258447,34962
95525.264509,34963
95525.270749,34964
95525.277017,34965
95525.283105,34966
95525.289518,34967
95525.295698,34968
95525.301497,34969
95525.307281,34970
95525.313203,34971
95525.319417,34972
95525.325509,34973
95525.331729,34974
95525.338400,34975
95525.344536,34976
95525.350609,34977
95525.357642,34978
95525.364203,34979
95525.370703,34980
95525.377024,34981
95525.383167,34982
95525.389060,34983
95525.395254,34984
95525.401279,34985
95525.407401,34986
95525.413480,34987
95525.419843,34988
95525.426751,34989
95525.432676,34990
95525.438711,34991
95525.444641,34992
95525.451050,34993
95525.457566,34994
95525.463826,34995
95525.469721,34996
95525.475885,34997
95525.482057,34998
95525.488828,34999
95528.838613,35000
95528.846413,35001
95528.851790,35002
95528.856749,35003
95528.861779,35004
95528.867994,35005
95528.872899,35006
95528.878261,35007
95528.883537,35008
95528.890689,35009
95528.895557,35010
95528.901370,35011
95528.906531,35012
95528.912436,35013
95528.920093,35014
95528.927409,35015
95528.933762,35016
95528.938975,35017
95528.943931,35018
95528.948879,35019
95528.954281,35020
95528.960981,35021
95528.965871,35022
95528.972281,35023
95528.977162,35024
95528.982690,35025
95528.987620,35026
95528.994808,35027
95529.000310,35028
95529.006777,35029
95529.011909,35030
95529.022840,35031
95529.033063,35032
95529.044176,35033
95529.052759,35034
95529.059042,35035
95529.065466,35036
95529.071393,35037
95529.078111,35038
95529.083806,35039
95529.089894,35040
95529.095400,35041
95529.100620,35042
95529.107753,35043
95529.112769,35044
95529.118944,35045
95529.125121,35046
95529.130012,35047
95529.135688,35048
95529.142013,35049
95529.149143,35050
95529.155976,35051
95529.161472,35052
95529.167466,35053
95529.173665,35054
95529.178875,35055
95529.184016,35056
95529.189120,35057
95529.194213,35058
95529.201159,35059
95529.206469,35060
95529.213190,35061
95529.218356,35062
95529.223487,35063
95529.228413,35064
95529.233308,35065
95529.238189,35066
95529.243136,35067
95529.249160,35068
95529.254140,35069
95529.259137,35070
95529.265427,35071
95529.270540,35072
95529.276785,35073
95529.282503,35074
95529.289035,35075
95529.295380,35076
95529.300528,35077
95529.305382,35078
95529.310332,35079
95529.317187,35080
95529.323310,35081
95529.328878,35082
95529.334218,35083
95529.339350,35084
95529.346647,35085
95529.351575,35086
95529.357721,35087
95529.362604,35088
95529.368836,35089
95529.374012,35090
95529.380258,35091
95529.385456,35092
95529.390662,35093
95529.395802,35094
95529.401924,35095
95529.408242,35096
95529.413486,35097
95529.418431,35098
95529.425321,35099
95529.430797,35100
95529.436493,35101
95529.441368,35102
95529.446259,35103
95529.452493,35104
95529.458704,35105
95529.464912,35106
95529.470286,35107
95529.476686,35108
95529.483630,35109
95529.489313,35110
95529.495838,35111
95529.501148,35112
95529.506112,35113
95529.512890,35114
95529.518862,35115
95529.524367,35116
95529.530376,35117
95529.537201,35118
95529.544135,35119
95529.549349,35120
95529.556204,35121
95529.561921,35122
95529.569280,35123
95529.575475,35124
95529.580841,35125
95529.587287,35126
95529.593252,35127
95529.598373,35128
95529.606705,35129
95529.611716,35130
95529.618094,35131
95529.623681,35132
95529.629421,35133
95529.634549,35134
95529.639440,35135
95529.645916,35136
95529.651241,35137
95529.656849,35138
95529.662508,35139
95529.668402,35140
95529.673821,35141
95529.680075,35142
95529.684912,35143
95529.691399,35144
95529.697667,35145
95529.702810,35146
95529.708064,35147
95529.713248,35148
95529.720357,35149
95529.728060,35150
95529.734388,35151
95529.739418,35152
95529.744464,35153
95529.749622,35154
95529.756783,35155
95529.761636,35156
95529.768932,35157
95529.774490,35158
95529.781399,35159
95529.789361,35160
95529.794976,35161
95529.801277,35162
95529.806731,35163
95529.812279,35164
95529.817352,35165
95529.823486,35166
95529.830259,35167
95529.835397,35168
95529.840818,35169
95529.846442,35170
95529.851982,35171
95529.858205,35172
95529.863551,35173
95529.868997,35174
95529.874351,35175
95529.881170,35176
95529.887548,35177
95529.892431,35178
95529.899737,35179
95529.906523,35180
95529.913044,35181
95529.919541,35182
95529.925044,35183
95529.931175,35184
95529.936933,35185
95529.942122,35186
95529.948746,35187
95529.954773,35188
95529.959989,35189
95529.966296,35190
95529.971231,35191
95529.976508,35192
95529.981399,35193
95529.987816,35194
95529.993581,35195
95529.998882,35196
95530.004889,35197
95530.011836,35198
95530.019623,35199
95530.026446,35200
95530.032642,35201
95530.039353,35202
95530.045522,35203
95530.050931,35204
95530.058101,35205
95530.063492,35206
95530.068782,35207
95530.074844,35208
95530.081306,35209
95530.088923,35210
95530.095930,35211
95530.100843,35212
95530.106820,35213
95530.111730,35214
95530.116738,35215
95530.122028,35216
95530.127656,35217
95530.132826,35218
95530.139313,35219
95530.145648,35220
95530.151506,35221
95530.157094,35222
95530.162484,35223
95530.167358,35224
95530.173205,35225
95530.178236,35226
95530.183701,35227
95530.189540,35228
95530.196530,35229
95530.201422,35230
95530.206764,35231
95530.212109,35232
95530.217029,35233
95530.222253,35234
95530.227634,35235
95530.232852,35236
95530.237798,35237
95530.243258,35238
95530.248281,35239
95530.254729,35240
95530.260916,35241
95530.267647,35242
95530.274283,35243
95530.280749,35244
95530.286331,35245
95530.292619,35246
95530.298753,35247
95530.304909,35248
95530.311714,35249
95533.335202,35250
95533.343489,35251
95533.351657,35252
95533.362206,35253
95533.369571,35254
95533.378388,35255
95533.386217,35256
95533.395798,35257
95533.405389,35258
95533.413699,35259
95533.420240,35260
95533.426531,35261
95533.432692,35262
95533.439668,35263
95533.446835,35264
95533.453948,35265
95533.461030,35266
95533.473477,35267
95533.485579,35268
95533.496452,35269
95533.504290,35270
95533.514786,35271
95533.523732,35272
95533.532481,35273
95533.538975,35274
95533.546354,35275
95533.556287,35276
95533.565204,35277
95533.574113,35278
95533.582874,35279
95533.590918,35280
95533.598385,35281
95533.604510,35282
95533.611793,35283
95533.618220,35284
95533.626980,35285
95533.635857,35286
95533.644214,35287
95533.651713,35288
95533.659244,35289
95533.668245,35290
95533.675138,35291
95533.681416,35292
95533.687882,35293
95533.694925,35294
95533.700915,35295
95533.709133,35296
95533.718157,35297
95533.726716,35298
95533.734580,35299
95533.744136,35300
95533.750384,35301
95533.756504,35302
95533.766020,35303
95533.773310,35304
95533.782555,35305
95533.790466,35306
95533.796667,35307
95533.805344,35308
95533.811552,35309
95533.817461,35310
95533.826516,35311
95533.833111,35312
95533.839732,35313
95533.847985,35314
95533.854031,35315
95533.861763,35316
95533.870355,35317
95533.879552,35318
95533.887859,35319
95533.893728,35320
95533.902350,35321
95533.912149,35322
95533.921708,35323
95533.931023,35324
95533.938527,35325
95533.945208,35326
95533.951091,35327
95533.958335,35328
95533.966916,35329
95533.975546,35330
95533.986041,35331
95533.995371,35332
95534.003195,35333
95534.011456,35334
95534.020716,35335
95534.028575,35336
95534.036164,35337
95534.044267,35338
95534.050365,35339
95534.061931,35340
95534.070224,35341
95534.077893,35342
95534.084274,35343
95534.092180,35344
95534.098295,35345
95534.104547,35346
95534.112237,35347
95534.119059,35348
95534.126985,35349
95534.135966,35350
95534.142826,35351
95534.150119,35352
95534.158157,35353
95534.167500,35354
95534.175349,35355
95534.184859,35356
95534.194192,35357
95534.202633,35358
95534.209516,35359
95534.217945,35360
95534.225350,35361
95534.234988,35362
95534.243410,35363
95534.251946,35364
95534.258503,35365
95534.266014,35366
95534.272470,35367
95534.279192,35368
95534.285175,35369
95534.294492,35370
95534.301196,35371
95534.307580,35372
95534.314708,35373
95534.321333,35374
95534.329335,35375
95534.337041,35376
95534.346166,35377
95534.352724,35378
95534.359401,35379
95534.365805,35380
95534.373209,35381
95534.381670,35382
95534.389194,35383
95534.394834,35384
95534.403160,35385
95534.413915,35386
95534.422233,35387
95534.428284,35388
95534.434039,35389
95534.440483,35390
95534.448658,35391
95534.456330,35392
95534.465032,35393
95534.473885,35394
95534.483172,35395
95534.490602,35396
95534.497837,35397
95534.505736,35398
95534.513391,35399
95534.521599,35400
95534.530340,35401
95534.536608,35402
95534.544983,35403
95534.550881,35404
95534.556607,35405
95534.563490,35406
95534.571879,35407
95534.578098,35408
95534.588313,35409
95534.598753,35410
95534.609659,35411
95534.616902,35412
95534.624034,35413
95534.630267,35414
95534.640465,35415
95534.647297,35416
95534.653677,35417
95534.659622,35418
95534.665830,35419
95534.674881,35420
95534.681470,35421
95534.687576,35422
95534.695060,35423
95534.702825,35424
95534.711335,35425
95534.717291,35426
95534.723847,35427
95534.731550,35428
95534.740665,35429
95534.747567,35430
95534.756910,35431
95534.763100,35432
95534.769172,35433
95534.775283,35434
95534.783483,35435
95534.791424,35436
95534.798307,35437
95534.804465,35438
95534.811153,35439
95534.816931,35440
95534.824755,35441
95534.830779,35442
95534.836797,35443
95534.844886,35444
95534.852912,35445
95534.862056,35446
95534.868198,35447
95534.875042,35448
95534.883465,35449
95534.891634,35450
95534.897497,35451
95534.906779,35452
95534.913559,35453
95534.919722,35454
95534.927601,35455
95534.935792,35456
95534.946348,35457
95534.953784,35458
95534.962283,35459
95534.967763,35460
95534.974043,35461
95534.980827,35462
95534.988369,35463
95534.994519,35464
95535.001739,35465
95535.010503,35466
95535.019280,35467
95535.025480,35468
95535.031462,35469
95535.039402,35470
95535.045011,35471
95535.051218,35472
95535.057600,35473
95535.065819,35474
95535.074090,35475
95535.080684,35476
95535.086785,35477
95535.094158,35478
95535.100491,35479
95535.106336,35480
95535.112881,35481
95535.118931,35482
95535.124749,35483
95535.130567,35484
95535.136889,35485
95535.142601,35486
95535.150412,35487
95535.157582,35488
95535.163812,35489
95535.169928,35490
95535.176788,35491
95535.185665,35492
95535.191768,35493
95535.197375,35494
95535.205983,35495
95535.212424,35496
95535.220069,35497
95535.225947,35498
95535.234581,35499
95538.172362,35500
95538.185494,35501
95538.196592,35502
95538.206158,35503
95538.215239,35504
95538.224722,35505
95538.235697,35506
95538.245818,35507
95538.255754,35508
95538.267429,35509
95538.276925,35510
95538.286033,35511
95538.294572,35512
95538.304232,35513
95538.314461,35514
95538.325541,35515
95538.335616,35516
95538.346017,35517
95538.356880,35518
95538.365618,35519
95538.375598,35520
95538.387140,35521
95538.397138,35522
95538.407927,35523
95538.418630,35524
95538.429141,35525
95538.439899,35526
95538.451498,35527
95538.461225,35528
95538.470769,35529
95538.481033,35530
95538.491450,35531
95538.502450,35532
95538.513482,35533
95538.524406,35534
95538.535067,35535
95538.546126,35536
95538.555891,35537
95538.566979,35538
95538.576716,35539
95538.587292,35540
95538.598178,35541
95538.608163,35542
95538.617784,35543
95538.628046,35544
95538.639161,35545
95538.648693,35546
95538.659697,35547
95538.670440,35548
95538.680840,35549
95538.692649,35550
95538.704248,35551
95538.714811,35552
95538.725425,35553
95538.736449,35554
95538.747165,35555
95538.757534,35556
95538.768407,35557
95538.777451,35558
95538.788460,35559
95538.798837,35560
95538.808558,35561
95538.818779,35562
95538.830267,35563
95538.840566,35564
95538.850648,35565
95538.859883,35566
95538.869928,35567
95538.879951,35568
95538.889724,35569
95538.900586,35570
95538.912439,35571
95538.922261,35572
95538.933737,35573
95538.944903,35574
95538.955991,35575
95538.966942,35576
95538.978615,35577
95538.989705,35578
95538.998930,35579
95539.009253,35580
95539.019772,35581
95539.030382,35582
95539.040043,35583
95539.050646,35584
95539.061528,35585
95539.070132,35586
95539.080584,35587
95539.090741,35588
95539.099739,35589
95539.109328,35590
95539.118150,35591
95539.129111,35592
95539.138875,35593
95539.150108,35594
95539.160621,35595
95539.171806,35596
95539.180556,35597
95539.191637,35598
95539.202821,35599
95539.213171,35600
95539.223575,35601
95539.232466,35602
95539.242998,35603
95539.252144,35604
95539.262367,35605
95539.271434,35606
95539.282112,35607
95539.290653,35608
95539.301522,35609
95539.310438,35610
95539.320720,35611
95539.330342,35612
95539.340375,35613
95539.349416,35614
95539.360232,35615
95539.370929,35616
95539.381894,35617
95539.392223,35618
95539.401255,35619
95539.410311,35620
95539.418532,35621
95539.428793,35622
95539.440331,35623
95539.450726,35624
95539.461433,35625
95539.472411,35626
95539.482202,35627
95539.492491,35628
95539.503272,35629
95539.513417,35630
95539.526304,35631
95539.536685,35632
95539.548491,35633
95539.559781,35634
95539.570170,35635
95539.581265,35636
95539.591220,35637
95539.600970,35638
95539.610545,35639
95539.621484,35640
95539.630876,35641
95539.641688,35642
95539.650583,35643
95539.659545,35644
95539.670628,35645
95539.682298,35646
95539.692777,35647
95539.703237,35648
95539.714778,35649
95539.727239,35650
95539.736887,35651
95539.747435,35652
95539.758255,35653
95539.766550,35654
95539.776891,35655
95539.787585,35656
95539.798497,35657
95539.809188,35658
95539.818665,35659
95539.828910,35660
95539.839158,35661
95539.850909,35662
95539.861670,35663
95539.871567,35664
95539.881853,35665
95539.890864,35666
95539.901415,35667
95539.911700,35668
95539.923749,35669
95539.934636,35670
95539.944329,35671
95539.955347,35672
95539.965288,35673
95539.976514,35674
95539.986835,35675
95539.995870,35676
95540.004575,35677
95540.014626,35678
95540.023690,35679
95540.032483,35680
95540.042696,35681
95540.052295,35682
95540.061927,35683
95540.071224,35684
95540.082211,35685
95540.092026,35686
95540.102596,35687
95540.112535,35688
95540.121993,35689
95540.131259,35690
95540.141636,35691
95540.151405,35692
95540.162057,35693
95540.172036,35694
95540.183460,35695
95540.193156,35696
95540.203593,35697
95540.214846,35698
95540.227189,35699
95540.237431,35700
95540.248822,35701
95540.259187,35702
95540.270199,35703
95540.280514,35704
95540.290798,35705
95540.301246,35706
95540.313200,35707
95540.324721,35708
95540.333472,35709
95540.344492,35710
95540.355700,35711
95540.366327,35712
95540.375882,35713
95540.386227,35714
95540.397154,35715
95540.407172,35716
95540.418279,35717
95540.429040,35718
95540.440385,35719
95540.451817,35720
95540.462590,35721
95540.473904,35722
95540.484300,35723
95540.496052,35724
95540.508057,35725
95540.518204,35726
95540.527469,35727
95540.537340,35728
95540.549385,35729
95540.559277,35730
95540.567917,35731
95540.578743,35732
95540.589072,35733
95540.598685,35734
95540.607680,35735
95540.617697,35736
95540.628440,35737
95540.637054,35738
95540.647473,35739
95540.656985,35740
95540.666240,35741
95540.676847,35742
95540.686840,35743
95540.696313,35744
95540.705699,35745
95540.717251,35746
95540.727872,35747
95540.737513,35748
95540.748580,35749
95542.547647,36000
95542.644216,36001
95542.650843,36002
95542.656707,36003
95542.662453,36004
95542.668860,36005
95542.675398,36006
95542.681824,36007
95542.687729,36008
95542.694018,36009
95542.700048,36010
95542.706364,36011
95542.712418,36012
95542.719007,36013
95542.724948,36014
95542.731309,36015
95542.737495,36016
95542.744189,36017
95542.750168,36018
95542.756385,36019
95542.762247,36020
95542.768505,36021
95542.774520,36022
95542.780861,36023
95542.787278,36024
95542.793380,36025
95542.799396,36026
95542.805900,36027
95542.812046,36028
95542.818319,36029
95542.824571,36030
95542.830794,36031
95542.836882,36032
95542.843468,36033
95542.849422,36034
95542.856008,36035
95542.861816,36036
95542.868049,36037
95542.873991,36038
95542.880479,36039
95542.886246,36040
95542.892269,36041
95542.897965,36042
95542.907724,36043
95542.916929,36044
95542.926722,36045
95542.932711,36046
95542.939132,36047
95542.945465,36048
95542.951687,36049
95542.957498,36050
95542.963486,36051
95542.969314,36052
95542.975627,36053
95542.981547,36054
95542.987643,36055
95542.993830,36056
95543.000071,36057
95543.005991,36058
95543.012545,36059
95543.018396,36060
95543.024552,36061
95543.030255,36062
95543.036731,36063
95543.043200,36064
95543.049766,36065
95543.055856,36066
95543.062368,36067
95543.068396,36068
95543.074880,36069
95543.081009,36070
95543.087254,36071
95543.093196,36072
95543.099362,36073
95543.105294,36074
95543.111697,36075
95543.117556,36076
95543.123602,36077
95543.129658,36078
95543.136036,36079
95543.142040,36080
95543.148303,36081
95543.154068,36082
95543.160230,36083
95543.166254,36084
95543.172683,36085
95543.178842,36086
95543.184996,36087
95543.190810,36088
95543.197284,36089
95543.203192,36090
95543.209767,36091
95543.215764,36092
95543.222032,36093
95543.227956,36094
95543.234246,36095
95543.240307,36096
95543.246587,36097
95543.252843,36098
95543.259213,36099
95543.267394,36100
95543.273611,36101
95543.279999,36102
95543.286455,36103
95543.292467,36104
95543.298784,36105
95543.304754,36106
95543.311186,36107
95543.317041,36108
95543.323231,36109
95543.329252,36110
95543.336064,36111
95543.342413,36112
95543.348818,36113
95543.354635,36114
95543.360965,36115
95543.367043,36116
95543.373772,36117
95543.380183,36118
95543.386354,36119
95543.392124,36120
95543.398148,36121
95543.404064,36122
95543.410546,36123
95543.416294,36124
95543.422333,36125
95543.428052,36126
95543.434369,36127
95543.440797,36128
95543.447023,36129
95543.453226,36130
95543.460017,36131
95543.466482,36132
95543.473675,36133
95543.480624,36134
95543.487258,36135
95543.493557,36136
95543.500182,36137
95543.507228,36138
95543.514147,36139
95543.520701,36140
95543.527401,36141
95543.533908,36142
95543.540844,36143
95543.547891,36144
95543.554459,36145
95543.560647,36146
95543.567131,36147
95543.573310,36148
95543.579812,36149
95543.585997,36150
95543.592460,36151
95543.598587,36152
95543.605232,36153
95543.612065,36154
95543.618672,36155
95543.625234,36156
95543.631974,36157
95543.638454,36158
95543.645320,36159
95543.652182,36160
95543.658940,36161
95543.665451,36162
95543.672621,36163
95543.679678,36164
95543.686596,36165
95543.693239,36166
95543.700463,36167
95543.707327,36168
95543.714368,36169
95543.721032,36170
95543.727825,36171
95543.733725,36172
95543.740058,36173
95543.746216,36174
95543.752579,36175
95543.758434,36176
95543.764724,36177
95543.771344,36178
95543.778400,36179
95543.784821,36180
95543.791473,36181
95543.797783,36182
95543.804822,36183
95543.811680,36184
95543.819071,36185
95543.826060,36186
95543.834576,36187
95543.842030,36188
95543.849859,36189
95543.856593,36190
95543.862887,36191
95543.868752,36192
95543.874940,36193
95543.880704,36194
95543.886962,36195
95543.892665,36196
95543.898731,36197
95543.904402,36198
95543.910674,36199
95543.918606,36200
95543.924640,36201
95543.930410,36202
95543.936585,36203
95543.942463,36204
95543.948599,36205
95543.954971,36206
95543.961150,36207
95543.966853,36208
95543.973220,36209
95543.979542,36210
95543.985677,36211
95543.991441,36212
95543.997561,36213
95544.003267,36214
95544.009563,36215
95544.015376,36216
95544.021625,36217
95544.027856,36218
95544.034288,36219
95544.040458,36220
95544.047030,36221
95544.053624,36222
95544.060009,36223
95544.066036,36224
95544.072443,36225
95544.078438,36226
95544.084618,36227
95544.090504,36228
95544.096770,36229
95544.102700,36230
95544.108919,36231
95544.115033,36232
95544.121338,36233
95544.127234,36234
95544.133332,36235
95544.139400,36236
95544.145726,36237
95544.151560,36238
95544.157831,36239
95544.164048,36240
95544.170345,36241
95544.176439,36242
95544.182647,36243
95544.188688,36244
95544.194995,36245
95544.200982,36246
95544.207327,36247
95544.213390,36248
95544.219464,36249
95546.936619,36250
95546.946352,36251
95546.952538,36252
95546.959615,36253
95546.966193,36254
95546.972593,36255
95546.980148,36256
95546.986281,36257
95546.994277,36258
95547.002030,36259
95547.008966,36260
95547.015803,36261
95547.022639,36262
95547.028881,36263
95547.035122,36264
95547.041319,36265
95547.047714,36266
95547.054489,36267
95547.061650,36268
95547.069244,36269
95547.075729,36270
95547.082347,36271
95547.088732,36272
95547.094910,36273
95547.102728,36274
95547.108946,36275
95547.115436,36276
95547.122518,36277
95547.128682,36278
95547.135705,36279
95547.142591,36280
95547.150047,36281
95547.156379,36282
95547.163508,36283
95547.169901,36284
95547.177225,36285
95547.184141,36286
95547.191405,36287
95547.197695,36288
95547.205791,36289
95547.212124,36290
95547.218703,36291
95547.224934,36292
95547.232587,36293
95547.239131,36294
95547.246148,36295
95547.252741,36296
95547.259187,36297
95547.267021,36298
95547.274013,36299
95547.281857,36300
95547.288512,36301
95547.295847,36302
95547.302130,36303
95547.309562,36304
95547.316623,36305
95547.322920,36306
95547.329096,36307
95547.335635,36308
95547.342706,36309
95547.348997,36310
95547.355393,36311
95547.361662,36312
95547.368492,36313
95547.375713,36314
95547.383655,36315
95547.389855,36316
95547.396851,36317
95547.404136,36318
95547.410811,36319
95547.419008,36320
95547.425527,36321
95547.432132,36322
95547.438886,36323
95547.445123,36324
95547.451206,36325
95547.457311,36326
95547.464730,36327
95547.471037,36328
95547.477742,36329
95547.483833,36330
95547.490379,36331
95547.497158,36332
95547.503628,36333
95547.510127,36334
95547.517725,36335
95547.524345,36336
95547.531504,36337
95547.538281,36338
95547.544765,36339
95547.550911,36340
95547.557980,36341
95547.564153,36342
95547.572414,36343
95547.579891,36344
95547.586452,36345
95547.592813,36346
95547.601127,36347
95547.608085,36348
95547.615394,36349
95547.624741,36350
95547.634776,36351
95547.642606,36352
95547.649581,36353
95547.655901,36354
95547.662176,36355
95547.668804,36356
95547.676202,36357
95547.683232,36358
95547.689120,36359
95547.695341,36360
95547.701334,36361
95547.707500,36362
95547.713668,36363
95547.719848,36364
95547.725870,36365
95547.731961,36366
95547.739263,36367
95547.746090,36368
95547.751952,36369
95547.757919,36370
95547.764939,36371
95547.771323,36372
95547.777175,36373
95547.783341,36374
95547.789378,36375
95547.796033,36376
95547.802427,36377
95547.815665,36378
95547.824373,36379
95547.830263,36380
95547.836478,36381
95547.842663,36382
95547.848616,36383
95547.857880,36384
95547.865579,36385
95547.874501,36386
95547.880990,36387
95547.887663,36388
95547.893578,36389
95547.900688,36390
95547.909609,36391
95547.918140,36392
95547.926946,36393
95547.934029,36394
95547.940650,36395
95547.949029,36396
95547.955023,36397
95547.962271,36398
95547.968748,36399
95547.976538,36400
95547.982832,36401
95547.989297,36402
95547.995269,36403
95548.003767,36404
95548.010033,36405
95548.016392,36406
95548.022892,36407
95548.029375,36408
95548.036955,36409
95548.043296,36410
95548.049485,36411
95548.056743,36412
95548.064793,36413
95548.075547,36414
95548.084265,36415
95548.093137,36416
95548.099461,36417
95548.108523,36418
95548.116748,36419
95548.122765,36420
95548.131181,36421
95548.137340,36422
95548.144466,36423
95548.150536,36424
95548.159024,36425
95548.167045,36426
95548.173197,36427
95548.179466,36428
95548.189126,36429
95548.195865,36430
95548.203485,36431
95548.212180,36432
95548.219446,36433
95548.225349,36434
95548.231778,36435
95548.238748,36436
95548.244771,36437
95548.250867,36438
95548.257256,36439
95548.263507,36440
95548.269912,36441
95548.276928,36442
95548.282970,36443
95548.289253,36444
95548.295261,36445
95548.301334,36446
95548.309648,36447
95548.315692,36448
95548.322664,36449
95548.333597,36450
95548.340944,36451
95548.346906,36452
95548.355791,36453
95548.363174,36454
95548.371870,36455
95548.380370,36456
95548.386408,36457
95548.396464,36458
95548.402703,36459
95548.408914,36460
95548.415298,36461
95548.421823,36462
95548.429396,36463
95548.436158,36464
95548.442358,36465
95548.448906,36466
95548.454903,36467
95548.462306,36468
95548.468599,36469
95548.474629,36470
95548.482469,36471
95548.488792,36472
95548.495828,36473
95548.504044,36474
95548.512447,36475
95548.520553,36476
95548.527006,36477
95548.533740,36478
95548.540510,36479
95548.547394,36480
95548.557094,36481
95548.563333,36482
95548.569708,36483
95548.577531,36484
95548.583871,36485
95548.590732,36486
95548.598437,36487
95548.605024,36488
95548.611344,36489
95548.618359,36490
95548.624744,36491
95548.631619,36492
95548.638278,36493
95548.645437,36494
95548.652685,36495
95548.659374,36496
95548.665650,36497
95548.672074,36498
95548.678394,36499
95551.704297,36500
95551.713412,36501
95551.722297,36502
95551.730319,36503
95551.737071,36504
95551.744278,36505
95551.749852,36506
95551.755758,36507
95551.761098,36508
95551.766105,36509
95551.772327,36510
95551.781630,36511
95551.787501,36512
95551.792410,36513
95551.799514,36514
95551.805517,36515
95551.811944,36516
95551.817497,36517
95551.823264,36518
95551.831189,36519
95551.836239,36520
95551.841582,36521
95551.847463,36522
95551.854297,36523
95551.862957,36524
95551.867798,36525
95551.875686,36526
95551.881135,36527
95551.887745,36528
95551.895157,36529
95551.900972,36530
95551.907709,36531
95551.914687,36532
95551.922310,36533
95551.927286,36534
95551.934390,36535
95551.940702,36536
95551.947687,36537
95551.954256,36538
95551.959357,36539
95551.965898,36540
95551.971043,36541
95551.975878,36542
95551.983845,36543
95551.989801,36544
95551.995631,36545
95552.002781,36546
95552.008249,36547
95552.013755,36548
95552.021237,36549
95552.028097,36550
95552.035545,36551
95552.041089,36552
95552.048393,36553
95552.054012,36554
95552.059560,36555
95552.066873,36556
95552.073757,36557
95552.079498,36558
95552.086614,36559
95552.094225,36560
95552.100223,36561
95552.108375,36562
95552.114774,36563
95552.121226,36564
95552.128891,36565
95552.134318,36566
95552.139610,36567
95552.145818,36568
95552.153789,36569
95552.159400,36570
95552.165167,36571
95552.170667,36572
95552.175971,36573
95552.183335,36574
95552.189186,36575
95552.194701,36576
95552.202811,36577
95552.209326,36578
95552.214352,36579
95552.221964,36580
95552.229047,36581
95552.236251,36582
95552.242800,36583
95552.249727,36584
95552.258551,36585
95552.265743,36586
95552.270699,36587
95552.278668,36588
95552.286027,36589
95552.293954,36590
95552.302675,36591
95552.308503,36592
95552.314208,36593
95552.321486,36594
95552.329274,36595
95552.335082,36596
95552.340647,36597
95552.345610,36598
95552.351100,36599
95552.358410,36600
95552.364766,36601
95552.372212,36602
95552.376918,36603
95552.382223,36604
95552.389176,36605
95552.396109,36606
95552.404787,36607
95552.411378,36608
95552.417335,36609
95552.424378,36610
95552.429770,36611
95552.436257,36612
95552.443291,36613
95552.448599,36614
95552.454337,36615
95552.461715,36616
95552.470768,36617
95552.478659,36618
95552.486712,36619
95552.492036,36620
95552.497238,36621
95552.502658,36622
95552.509489,36623
95552.515265,36624
95552.522543,36625
95552.527589,36626
95552.532794,36627
95552.537958,36628
95552.544997,36629
95552.549946,36630
95552.555366,36631
95552.560562,36632
95552.566875,36633
95552.572415,36634
95552.577987,36635
95552.586985,36636
95552.592636,36637
95552.600844,36638
95552.607421,36639
95552.612756,36640
95552.618378,36641
95552.624392,36642
95552.629970,36643
95552.636867,36644
95552.644438,36645
95552.649957,36646
95552.655612,36647
95552.660521,36648
95552.667134,36649
95552.674529,36650
95552.681029,36651
95552.686813,36652
95552.692597,36653
95552.699931,36654
95552.705916,36655
95552.711179,36656
95552.716699,36657
95552.722839,36658
95552.727791,36659
95552.733808,36660
95552.739251,36661
95552.744622,36662
95552.749854,36663
95552.754664,36664
95552.762066,36665
95552.768981,36666
95552.774381,36667
95552.779322,36668
95552.784620,36669
95552.790139,36670
95552.798109,36671
95552.805943,36672
95552.812394,36673
95552.819595,36674
95552.824680,36675
95552.829496,36676
95552.836551,36677
95552.844373,36678
95552.849263,36679
95552.855010,36680
95552.862587,36681
95552.868483,36682
95552.873300,36683
95552.880767,36684
95552.886930,36685
95552.893177,36686
95552.898008,36687
95552.903080,36688
95552.908231,36689
95552.915609,36690
95552.921957,36691
95552.927986,36692
95552.933033,36693
95552.939557,36694
95552.946974,36695
95552.951806,36696
95552.957278,36697
95552.962742,36698
95552.967591,36699
95552.974903,36700
95552.979687,36701
95552.985452,36702
95552.990466,36703
95552.996941,36704
95553.001964,36705
95553.008361,36706
95553.013430,36707
95553.019543,36708
95553.024280,36709
95553.031356,36710
95553.039010,36711
95553.044193,36712
95553.051643,36713
95553.057204,36714
95553.064546,36715
95553.070034,36716
95553.076257,36717
95553.081400,36718
95553.086563,36719
95553.091633,36720
95553.097428,36721
95553.104256,36722
95553.110109,36723
95553.115046,36724
95553.121413,36725
95553.126467,36726
95553.133308,36727
95553.139611,36728
95553.144948,36729
95553.150184,36730
95553.155660,36731
95553.162734,36732
95553.169973,36733
95553.175919,36734
95553.182330,36735
95553.187700,36736
95553.196193,36737
95553.203869,36738
95553.209486,36739
95553.214750,36740
95553.222184,36741
95553.229330,36742
95553.237191,36743
95553.247711,36744
95553.259042,36745
95553.268315,36746
95553.274515,36747
95553.280165,36748
95553.287575,36749
95556.314267,36750
95556.328171,36751
95556.337776,36752
95556.346555,36753
95556.357196,36754
95556.368217,36755
95556.377747,36756
95556.387899,36757
95556.397744,36758
95556.407441,36759
95556.415800,36760
95556.424843,36761
95556.433642,36762
95556.441197,36763
95556.450556,36764
95556.460841,36765
95556.470304,36766
95556.481537,36767
95556.489737,36768
95556.498806,36769
95556.510750,36770
95556.520656,36771
95556.530721,36772
95556.539719,36773
95556.547966,36774
95556.557383,36775
95556.567929,36776
95556.579214,36777
95556.591433,36778
95556.601772,36779
95556.611247,36780
95556.619261,36781
95556.627724,36782
95556.636902,36783
95556.646245,36784
95556.654844,36785
95556.666836,36786
95556.676724,36787
95556.686236,36788
95556.693616,36789
95556.701760,36790
95556.712793,36791
95556.724888,36792
95556.733984,36793
95556.745296,36794
95556.753728,36795
95556.763392,36796
95556.774165,36797
95556.783628,36798
95556.792562,36799
95556.802967,36800
95556.811838,36801
95556.822246,36802
95556.831664,36803
95556.840843,36804
95556.851361,36805
95556.861368,36806
95556.872394,36807
95556.882329,36808
95556.891280,36809
95556.903119,36810
95556.915057,36811
95556.923698,36812
95556.932685,36813
95556.940899,36814
95556.952333,36815
95556.962391,36816
95556.971170,36817
95556.980016,36818
95556.988531,36819
95556.999041,36820
95557.007502,36821
95557.018211,36822
95557.027449,36823
95557.036637,36824
95557.045657,36825
95557.056530,36826
95557.066025,36827
95557.076631,36828
95557.085722,36829
95557.093894,36830
95557.103138,36831
95557.114010,36832
95557.123781,36833
95557.132782,36834
95557.142331,36835
95557.151630,36836
95557.160690,36837
95557.169581,36838
95557.177669,36839
95557.186233,36840
95557.195426,36841
95557.205202,36842
95557.213951,36843
95557.222397,36844
95557.231835,36845
95557.242813,36846
95557.251626,36847
95557.260546,36848
95557.271605,36849
95557.284263,36850
95557.295381,36851
95557.304972,36852
95557.314010,36853
95557.324021,36854
95557.335363,36855
95557.343689,36856
95557.352849,36857
95557.362019,36858
95557.374414,36859
95557.383989,36860
95557.392577,36861
95557.402017,36862
95557.411184,36863
95557.419725,36864
95557.430615,36865
95557.439042,36866
95557.448594,36867
95557.458550,36868
95557.470481,36869
95557.481169,36870
95557.491492,36871
95557.501367,36872
95557.510055,36873
95557.518451,36874
95557.526624,36875
95557.535430,36876
95557.544243,36877
95557.552970,36878
95557.563411,36879
95557.574753,36880
95557.583350,36881
95557.594611,36882
95557.604509,36883
95557.615105,36884
95557.623978,36885
95557.633995,36886
95557.643968,36887
95557.654991,36888
95557.664881,36889
95557.673795,36890
95557.684691,36891
95557.693043,36892
95557.704683,36893
95557.714427,36894
95557.723568,36895
95557.731555,36896
95557.741275,36897
95557.751025,36898
95557.760918,36899
95557.769890,36900
95557.779912,36901
95557.788199,36902
95557.798595,36903
95557.807702,36904
95557.816265,36905
95557.824606,36906
95557.835581,36907
95557.845466,36908
95557.856414,36909
95557.866742,36910
95557.877854,36911
95557.886196,36912
95557.896285,36913
95557.907115,36914
95557.917323,36915
95557.925500,36916
95557.937254,36917
95557.945973,36918
95557.958171,36919
95557.970305,36920
95557.979418,36921
95557.990356,36922
95557.999377,36923
95558.009489,36924
95558.018081,36925
95558.027054,36926
95558.035820,36927
95558.045291,36928
95558.054463,36929
95558.064632,36930
95558.075974,36931
95558.086212,36932
95558.095328,36933
95558.104287,36934
95558.113116,36935
95558.121492,36936
95558.131867,36937
95558.141868,36938
95558.152526,36939
95558.160877,36940
95558.171131,36941
95558.182524,36942
95558.191383,36943
95558.200628,36944
95558.210906,36945
95558.220361,36946
95558.228027,36947
95558.238324,36948
95558.249640,36949
95558.260395,36950
95558.269533,36951
95558.280316,36952
95558.290351,36953
95558.298213,36954
95558.307858,36955
95558.315280,36956
95558.323285,36957
95558.331418,36958
95558.343414,36959
95558.351224,36960
95558.359047,36961
95558.367510,36962
95558.378331,36963
95558.387069,36964
95558.394737,36965
95558.402820,36966
95558.411497,36967
95558.419400,36968
95558.430076,36969
95558.441094,36970
95558.449518,36971
95558.459069,36972
95558.468260,36973
95558.477331,36974
95558.487260,36975
95558.496850,36976
95558.508748,36977
95558.517326,36978
95558.526209,36979
95558.537137,36980
95558.545803,36981
95558.553923,36982
95558.563124,36983
95558.571563,36984
95558.581644,36985
95558.590509,36986
95558.603733,36987
95558.613282,36988
95558.625134,36989
95558.637899,36990
95558.649638,36991
95558.659796,36992
95558.669802,36993
95558.679448,36994
95558.688639,36995
95558.700717,36996
95558.711619,36997
95558.720574,36998
95558.731290,36999
95561.228012,37000
95561.277296,37001
95561.284257,37002
95561.290847,37003
95561.297491,37004
95561.304345,37005
95561.311245,37006
95561.317893,37007
95561.324150,37008
95561.330721,37009
95561.337169,37010
95561.343779,37011
95561.349772,37012
95561.356223,37013
95561.362869,37014
95561.369640,37015
95561.376495,37016
95561.383376,37017
95561.390331,37018
95561.397285,37019
95561.404372,37020
95561.411277,37021
95561.418163,37022
95561.425208,37023
95561.431706,37024
95561.438352,37025
95561.445915,37026
95561.452722,37027
95561.458964,37028
95561.465181,37029
95561.471989,37030
95561.478461,37031
95561.484923,37032
95561.491258,37033
95561.497368,37034
95561.503731,37035
95561.509741,37036
95561.515813,37037
95561.522200,37038
95561.529056,37039
95561.535081,37040
95561.541245,37041
95561.547700,37042
95561.554103,37043
95561.560215,37044
95561.566347,37045
95561.572762,37046
95561.579501,37047
95561.585907,37048
95561.592472,37049
95561.599617,37050
95561.606377,37051
95561.613429,37052
95561.620023,37053
95561.626426,37054
95561.633421,37055
95561.640045,37056
95561.646480,37057
95561.653041,37058
95561.659440,37059
95561.666064,37060
95561.672680,37061
95561.679454,37062
95561.685475,37063
95561.691613,37064
95561.697774,37065
95561.704252,37066
95561.710464,37067
95561.716606,37068
95561.723072,37069
95561.729149,37070
95561.735213,37071
95561.741235,37072
95561.747222,37073
95561.753416,37074
95561.759471,37075
95561.765374,37076
95561.771624,37077
95561.777380,37078
95561.783206,37079
95561.789256,37080
95561.795712,37081
95561.801657,37082
95561.808028,37083
95561.814823,37084
95561.822402,37085
95561.829577,37086
95561.836579,37087
95561.843040,37088
95561.849218,37089
95561.855005,37090
95561.860734,37091
95561.867009,37092
95561.872909,37093
95561.879227,37094
95561.885065,37095
95561.890912,37096
95561.896896,37097
95561.902780,37098
95561.908653,37099
95561.916547,37100
95561.922645,37101
95561.928616,37102
95561.934806,37103
95561.941039,37104
95561.946898,37105
95561.952778,37106
95561.958747,37107
95561.964655,37108
95561.970727,37109
95561.976594,37110
95561.982710,37111
95561.988647,37112
95561.994570,37113
95562.000817,37114
95562.007417,37115
95562.013350,37116
95562.019316,37117
95562.025378,37118
95562.031342,37119
95562.037696,37120
95562.043638,37121
95562.050278,37122
95562.056217,37123
95562.062011,37124
95562.067783,37125
95562.074045,37126
95562.080284,37127
95562.086359,37128
95562.092214,37129
95562.098522,37130
95562.104668,37131
95562.110624,37132
95562.116370,37133
95562.122628,37134
95562.128578,37135
95562.134670,37136
95562.140620,37137
95562.146887,37138
95562.152768,37139
95562.158999,37140
95562.165318,37141
95562.171335,37142
95562.177305,37143
95562.183177,37144
95562.189232,37145
95562.195046,37146
95562.200863,37147
95562.206729,37148
95562.212609,37149
95562.219044,37150
95562.225689,37151
95562.231480,37152
95562.237305,37153
95562.243409,37154
95562.249333,37155
95562.255447,37156
95562.261248,37157
95562.267136,37158
95562.273006,37159
95562.278782,37160
95562.284636,37161
95562.290866,37162
95562.296977,37163
95562.302858,37164
95562.308828,37165
95562.314733,37166
95562.320548,37167
95562.326595,37168
95562.332362,37169
95562.338355,37170
95562.344242,37171
95562.350198,37172
95562.355927,37173
95562.362105,37174
95562.367960,37175
95562.373911,37176
95562.379667,37177
95562.385440,37178
95562.391249,37179
95562.397188,37180
95562.403070,37181
95562.408897,37182
95562.414981,37183
95562.420869,37184
95562.426873,37185
95562.433070,37186
95562.439311,37187
95562.445241,37188
95562.450985,37189
95562.456930,37190
95562.462961,37191
95562.468883,37192
95562.474742,37193
95562.480626,37194
95562.486660,37195
95562.492453,37196
95562.498270,37197
95562.504530,37198
95562.510387,37199
95562.518296,37200
95562.524589,37201
95562.530527,37202
95562.536695,37203
95562.542665,37204
95562.548470,37205
95562.554232,37206
95562.559959,37207
95562.565950,37208
95562.572398,37209
95562.578452,37210
95562.584557,37211
95562.590807,37212
95562.597174,37213
95562.603444,37214
95562.609402,37215
95562.615758,37216
95562.621711,37217
95562.628386,37218
95562.634979,37219
95562.642072,37220
95562.648254,37221
95562.654366,37222
95562.660849,37223
95562.667369,37224
95562.673458,37225
95562.679377,37226
95562.685245,37227
95562.691268,37228
95562.697519,37229
95562.703485,37230
95562.709804,37231
95562.715798,37232
95562.721898,37233
95562.728159,37234
95562.734254,37235
95562.740226,37236
95562.746039,37237
95562.751839,37238
95562.757929,37239
95562.763840,37240
95562.769895,37241
95562.775924,37242
95562.782190,37243
95562.788405,37244
95562.795260,37245
95562.801405,37246
95562.807460,37247
95562.813389,37248
95562.819356,37249
95565.750758,37250
95565.764070,37251
95565.776799,37252
95565.786309,37253
95565.794586,37254
95565.801326,37255
95565.806644,37256
95565.813119,37257
95565.818425,37258
95565.824366,37259
95565.830402,37260
95565.836139,37261
95565.842737,37262
95565.848194,37263
95565.855360,37264
95565.861575,37265
95565.868147,37266
95565.874350,37267
95565.880156,37268
95565.885372,37269
95565.890858,37270
95565.898766,37271
95565.904152,37272
95565.909517,37273
95565.916277,37274
95565.922108,37275
95565.927436,37276
95565.935320,37277
95565.940555,37278
95565.945858,37279
95565.951078,37280
95565.955987,37281
95565.962255,37282
95565.968042,37283
95565.973222,37284
95565.979698,37285
95565.986068,37286
95565.991125,37287
95565.996771,37288
95566.001903,37289
95566.009026,37290
95566.014506,37291
95566.020083,37292
95566.026623,37293
95566.033245,37294
95566.038641,37295
95566.044030,37296
95566.048990,37297
95566.056119,37298
95566.061543,37299
95566.067765,37300
95566.074414,37301
95566.079412,37302
95566.086300,37303
95566.091538,37304
95566.098813,37305
95566.104514,37306
95566.110008,37307
95566.115150,37308
95566.121179,37309
95566.126565,37310
95566.132269,37311
95566.137873,37312
95566.144522,37313
95566.149534,37314
95566.154675,37315
95566.160864,37316
95566.167641,37317
95566.172813,37318
95566.177853,37319
95566.184388,37320
95566.189749,37321
95566.196980,37322
95566.203322,37323
95566.208559,37324
95566.213609,37325
95566.218552,37326
95566.224526,37327
95566.231542,37328
95566.239073,37329
95566.244605,37330
95566.250429,37331
95566.255675,37332
95566.260742,37333
95566.266173,37334
95566.272321,37335
95566.278462,37336
95566.283385,37337
95566.289979,37338
95566.295859,37339
95566.303380,37340
95566.308502,37341
95566.313695,37342
95566.319042,37343
95566.324468,37344
95566.329948,37345
95566.336683,37346
95566.342747,37347
95566.349043,37348
95566.354358,37349
95566.362725,37350
95566.370088,37351
95566.375877,37352
95566.381848,37353
95566.387522,37354
95566.394496,37355
95566.402062,37356
95566.407600,37357
95566.414772,37358
95566.422744,37359
95566.429512,37360
95566.436879,37361
95566.444472,37362
95566.450203,37363
95566.456092,37364
95566.461649,37365
95566.467801,37366
95566.476170,37367
95566.482207,37368
95566.488252,37369
95566.494316,37370
95566.499958,37371
95566.505467,37372
95566.511458,37373
95566.516715,37374
95566.522682,37375
95566.529883,37376
95566.535680,37377
95566.542247,37378
95566.548034,37379
95566.553911,37380
95566.561295,37381
95566.569298,37382
95566.575649,37383
95566.582282,37384
95566.588696,37385
95566.594746,37386
95566.601602,37387
95566.607154,37388
95566.612775,37389
95566.618110,37390
95566.624160,37391
95566.630719,37392
95566.636518,37393
95566.642874,37394
95566.649131,37395
95566.654695,37396
95566.660622,37397
95566.667960,37398
95566.673510,37399
95566.681154,37400
95566.687573,37401
95566.693326,37402
95566.699418,37403
95566.706255,37404
95566.712733,37405
95566.718119,37406
95566.725070,37407
95566.731228,37408
95566.738453,37409
95566.744331,37410
95566.751826,37411
95566.758448,37412
95566.764096,37413
95566.771894,37414
95566.777601,37415
95566.783233,37416
95566.790043,37417
95566.795429,37418
95566.803025,37419
95566.808811,37420
95566.815322,37421
95566.822955,37422
95566.830929,37423
95566.838473,37424
95566.845543,37425
95566.853647,37426
95566.859547,37427
95566.866044,37428
95566.872635,37429
95566.878019,37430
95566.884316,37431
95566.892165,37432
95566.899852,37433
95566.907702,37434
95566.914741,37435
95566.921362,37436
95566.927349,37437
95566.935134,37438
95566.942242,37439
95566.948873,37440
95566.954392,37441
95566.960581,37442
95566.968132,37443
95566.974586,37444
95566.981768,37445
95566.989196,37446
95566.995488,37447
95567.001792,37448
95567.009246,37449
95567.018392,37450
95567.024385,37451
95567.030389,37452
95567.036550,37453
95567.044365,37454
95567.050197,37455
95567.056018,37456
95567.061674,37457
95567.067470,37458
95567.073682,37459
95567.080782,37460
95567.087951,37461
95567.094581,37462
95567.100526,37463
95567.108903,37464
95567.115672,37465
95567.121608,37466
95567.128830,37467
95567.134738,37468
95567.143195,37469
95567.149290,37470
95567.155036,37471
95567.162308,37472
95567.168417,37473
95567.174366,37474
95567.181109,37475
95567.187182,37476
95567.194192,37477
95567.201020,37478
95567.207962,37479
95567.214382,37480
95567.220238,37481
95567.226577,37482
95567.232562,37483
95567.238711,37484
95567.244814,37485
95567.253798,37486
95567.263204,37487
95567.269455,37488
95567.276812,37489
95567.282294,37490
95567.288798,37491
95567.294669,37492
95567.300367,37493
95567.306975,37494
95567.312270,37495
95567.317786,37496
95567.323111,37497
95567.330121,37498
95567.335292,37499
95570.782819,37500
95570.792345,37501
95570.800730,37502
95570.808329,37503
95570.814537,37504
95570.821600,37505
95570.828214,37506
95570.835027,37507
95570.841661,37508
95570.849287,37509
95570.855721,37510
95570.864321,37511
95570.872722,37512
95570.880769,37513
95570.887287,37514
95570.895608,37515
95570.904625,37516
95570.911499,37517
95570.917594,37518
95570.925261,37519
95570.934370,37520
95570.942969,37521
95570.950599,37522
95570.957521,37523
95570.965888,37524
95570.974742,37525
95570.984176,37526
95570.992120,37527
95570.998434,37528
95571.006033,37529
95571.013267,37530
95571.021224,37531
95571.027464,37532
95571.034093,37533
95571.039870,37534
95571.048260,37535
95571.055126,37536
95571.061149,37537
95571.067451,37538
95571.074019,37539
95571.082487,37540
95571.088901,37541
95571.097266,37542
95571.105816,37543
95571.114526,37544
95571.121569,37545
95571.131236,37546
95571.143201,37547
95571.150808,37548
95571.158897,37549
95571.165964,37550
95571.175455,37551
95571.181834,37552
95571.188342,37553
95571.195035,37554
95571.200931,37555
95571.208642,37556
95571.216841,37557
95571.223727,37558
95571.229872,37559
95571.238180,37560
95571.244220,37561
95571.252112,37562
95571.262278,37563
95571.270719,37564
95571.276504,37565
95571.283543,37566
95571.289913,37567
95571.298031,37568
95571.305855,37569
95571.313588,37570
95571.320510,37571
95571.327213,37572
95571.337422,37573
95571.345743,37574
95571.352502,37575
95571.359923,37576
95571.369773,37577
95571.377779,37578
95571.385884,37579
95571.394140,37580
95571.401126,37581
95571.407527,37582
95571.416508,37583
95571.427061,37584
95571.434505,37585
95571.443162,37586
95571.450605,37587
95571.456967,37588
95571.463530,37589
95571.473082,37590
95571.485261,37591
95571.497965,37592
95571.508499,37593
95571.515868,37594
95571.521938,37595
95571.529841,37596
95571.537439,37597
95571.545451,37598
95571.552511,37599
95571.561066,37600
95571.569073,37601
95571.575125,37602
95571.580991,37603
95571.590166,37604
95571.596948,37605
95571.603396,37606
95571.612294,37607
95571.620140,37608
95571.628407,37609
95571.634804,37610
95571.643783,37611
95571.652014,37612
95571.660829,37613
95571.669780,37614
95571.679081,37615
95571.687966,37616
95571.694784,37617
95571.700921,37618
95571.707454,37619
95571.715351,37620
95571.721869,37621
95571.727777,37622
95571.733842,37623
95571.739857,37624
95571.749501,37625
95571.758535,37626
95571.767424,37627
95571.776777,37628
95571.783342,37629
95571.789386,37630
95571.797456,37631
95571.805516,37632
95571.811764,37633
95571.820122,37634
95571.826826,37635
95571.833457,37636
95571.840608,37637
95571.847710,37638
95571.856997,37639
95571.868644,37640
95571.877200,37641
95571.883974,37642
95571.890904,37643
95571.897415,37644
95571.905166,37645
95571.911391,37646
95571.918131,37647
95571.924791,37648
95571.935975,37649
95571.943552,37650
95571.950152,37651
95571.956012,37652
95571.962304,37653
95571.971646,37654
95571.980888,37655
95571.988741,37656
95571.996719,37657
95572.004271,37658
95572.010128,37659
95572.019182,37660
95572.025441,37661
95572.032243,37662
95572.040582,37663
95572.047796,37664
95572.056751,37665
95572.066236,37666
95572.073268,37667
95572.081402,37668
95572.092724,37669
95572.102088,37670
95572.108862,37671
95572.114882,37672
95572.122438,37673
95572.131370,37674
95572.139382,37675
95572.145918,37676
95572.153757,37677
95572.161478,37678
95572.168118,37679
95572.174312,37680
95572.181021,37681
95572.188841,37682
95572.195309,37683
95572.204243,37684
95572.210667,37685
95572.218722,37686
95572.228728,37687
95572.235728,37688
95572.242373,37689
95572.250094,37690
95572.258555,37691
95572.265451,37692
95572.273252,37693
95572.279637,37694
95572.288043,37695
95572.295582,37696
95572.304191,37697
95572.312424,37698
95572.320458,37699
95572.329776,37700
95572.337789,37701
95572.346695,37702
95572.353916,37703
95572.361192,37704
95572.367890,37705
95572.376089,37706
95572.384753,37707
95572.391934,37708
95572.400280,37709
95572.409744,37710
95572.418656,37711
95572.424719,37712
95572.433478,37713
95572.440172,37714
95572.448242,37715
95572.456050,37716
95572.463086,37717
95572.470746,37718
95572.477448,37719
95572.485595,37720
95572.492361,37721
95572.498494,37722
95572.504525,37723
95572.512917,37724
95572.521318,37725
95572.528642,37726
95572.534555,37727
95572.544087,37728
95572.549892,37729
95572.558292,37730
95572.564619,37731
95572.572677,37732
95572.580228,37733
95572.589521,37734
95572.597577,37735
95572.608186,37736
95572.614405,37737
95572.620392,37738
95572.626594,37739
95572.632903,37740
95572.638816,37741
95572.644952,37742
95572.650810,37743
95572.656513,37744
95572.663989,37745
95572.670218,37746
95572.676358,37747
95572.683394,37748
95572.689347,37749
95576.363059,37750
95576.375011,37751
95576.385069,37752
95576.396743,37753
95576.406768,37754
95576.417477,37755
95576.428704,37756
95576.440197,37757
95576.451609,37758
95576.462561,37759
95576.473058,37760
95576.483880,37761
95576.494612,37762
95576.505903,37763
95576.516351,37764
95576.527132,37765
95576.537587,37766
95576.548288,37767
95576.558800,37768
95576.569411,37769
95576.579974,37770
95576.590893,37771
95576.604839,37772
95576.614302,37773
95576.625066,37774
95576.635652,37775
95576.645305,37776
95576.656179,37777
95576.665496,37778
95576.676471,37779
95576.686827,37780
95576.698455,37781
95576.710026,37782
95576.718936,37783
95576.728368,37784
95576.738498,37785
95576.748214,37786
95576.758263,37787
95576.771485,37788
95576.782790,37789
95576.793466,37790
95576.805108,37791
95576.815748,37792
95576.826452,37793
95576.836573,37794
95576.846493,37795
95576.856263,37796
95576.867102,37797
95576.877298,37798
95576.888582,37799
95576.900409,37800
95576.908905,37801
95576.918706,37802
95576.927964,37803
95576.938459,37804
95576.947282,37805
95576.956447,37806
95576.965442,37807
95576.974613,37808
95576.984256,37809
95576.995731,37810
95577.006665,37811
95577.016290,37812
95577.025568,37813
95577.036055,37814
95577.047174,37815
95577.057965,37816
95577.067449,37817
95577.078736,37818
95577.090440,37819
95577.099974,37820
95577.110202,37821
95577.120405,37822
95577.131361,37823
95577.140973,37824
95577.151321,37825
95577.162508,37826
95577.171652,37827
95577.182633,37828
95577.192376,37829
95577.204419,37830
95577.213442,37831
95577.224052,37832
95577.234492,37833
95577.243729,37834
95577.254863,37835
95577.264790,37836
95577.275639,37837
95577.285369,37838
95577.296744,37839
95577.307310,37840
95577.316323,37841
95577.326661,37842
95577.337602,37843
95577.348754,37844
95577.359882,37845
95577.370559,37846
95577.380435,37847
95577.390178,37848
95577.401695,37849
95577.414039,37850
95577.424887,37851
95577.436373,37852
95577.446289,37853
95577.455805,37854
95577.467623,37855
95577.477202,37856
95577.487738,37857
95577.497099,37858
95577.506911,37859
95577.516347,37860
95577.526702,37861
95577.537055,37862
95577.548038,37863
95577.558262,37864
95577.570281,37865
95577.579031,37866
95577.589664,37867
95577.598115,37868
95577.608798,37869
95577.618990,37870
95577.630573,37871
95577.639784,37872
95577.650474,37873
95577.660442,37874
95577.670033,37875
95577.679809,37876
95577.691673,37877
95577.700638,37878
95577.710051,37879
95577.719506,37880
95577.729618,37881
95577.739191,37882
95577.748424,37883
95577.758877,37884
95577.770481,37885
95577.780179,37886
95577.791255,37887
95577.801628,37888
95577.812020,37889
95577.821717,37890
95577.832309,37891
95577.840708,37892
95577.850172,37893
95577.860610,37894
95577.872203,37895
95577.881922,37896
95577.892454,37897
95577.901721,37898
95577.911846,37899
95577.920794,37900
95577.931027,37901
95577.940815,37902
95577.951361,37903
95577.961270,37904
95577.972748,37905
95577.982397,37906
95577.992519,37907
95578.000948,37908
95578.010886,37909
95578.019746,37910
95578.028954,37911
95578.037957,37912
95578.047271,37913
95578.057010,37914
95578.068366,37915
95578.078427,37916
95578.089447,37917
95578.099674,37918
95578.110568,37919
95578.120925,37920
95578.132545,37921
95578.142637,37922
95578.153451,37923
95578.164232,37924
95578.174569,37925
95578.183298,37926
95578.193360,37927
95578.202469,37928
95578.212591,37929
95578.221809,37930
95578.232855,37931
95578.242731,37932
95578.252873,37933
95578.263782,37934
95578.274921,37935
95578.285510,37936
95578.297567,37937
95578.307866,37938
95578.317438,37939
95578.326500,37940
95578.337787,37941
95578.348434,37942
95578.359732,37943
95578.369598,37944
95578.379592,37945
95578.388573,37946
95578.399467,37947
95578.410120,37948
95578.420257,37949
95578.432603,37950
95578.442636,37951
95578.451564,37952
95578.463596,37953
95578.473933,37954
95578.485997,37955
95578.496993,37956
95578.508170,37957
95578.518639,37958
95578.530552,37959
95578.541330,37960
95578.552449,37961
95578.562509,37962
95578.572614,37963
95578.582489,37964
95578.592544,37965
95578.603724,37966
95578.614870,37967
95578.625302,37968
95578.634856,37969
95578.644487,37970
95578.654804,37971
95578.664619,37972
95578.675726,37973
95578.685296,37974
95578.694707,37975
95578.704212,37976
95578.713793,37977
95578.725797,37978
95578.737460,37979
95578.748717,37980
95578.760072,37981
95578.771030,37982
95578.782898,37983
95578.794301,37984
95578.805577,37985
95578.815569,37986
95578.826591,37987
95578.836549,37988
95578.846469,37989
95578.855416,37990
95578.866894,37991
95578.877502,37992
95578.888821,37993
95578.899552,37994
95578.910351,37995
95578.920339,37996
95578.933436,37997
95578.944764,37998
95578.957466,37999
95580.820938,38250
95580.918163,38251
95580.924973,38252
95580.931201,38253
95580.937276,38254
95580.943480,38255
95580.949562,38256
95580.955964,38257
95580.962041,38258
95580.970460,38259
95580.977242,38260
95580.983578,38261
95580.990279,38262
95580.997211,38263
95581.003733,38264
95581.009950,38265
95581.016067,38266
95581.024063,38267
95581.030679,38268
95581.036807,38269
95581.042664,38270
95581.048711,38271
95581.054774,38272
95581.061400,38273
95581.067739,38274
95581.073860,38275
95581.079901,38276
95581.086263,38277
95581.092476,38278
95581.098787,38279
95581.104749,38280
95581.110997,38281
95581.117222,38282
95581.123972,38283
95581.130181,38284
95581.136592,38285
95581.142414,38286
95581.148809,38287
95581.154947,38288
95581.161321,38289
95581.167350,38290
95581.173589,38291
95581.179807,38292
95581.186315,38293
95581.192443,38294
95581.198560,38295
95581.205025,38296
95581.211422,38297
95581.217366,38298
95581.223852,38299
95581.232249,38300
95581.238442,38301
95581.244296,38302
95581.250414,38303
95581.256396,38304
95581.262844,38305
95581.269142,38306
95581.275570,38307
95581.282409,38308
95581.289868,38309
95581.295747,38310
95581.301738,38311
95581.307483,38312
95581.313961,38313
95581.319849,38314
95581.325961,38315
95581.331823,38316
95581.337753,38317
95581.343968,38318
95581.350336,38319
95581.356560,38320
95581.362877,38321
95581.368902,38322
95581.375033,38323
95581.380955,38324
95581.387615,38325
95581.393756,38326
95581.399827,38327
95581.405597,38328
95581.411974,38329
95581.417777,38330
95581.424007,38331
95581.429853,38332
95581.435955,38333
95581.441875,38334
95581.448043,38335
95581.454362,38336
95581.460569,38337
95581.466679,38338
95581.472891,38339
95581.479370,38340
95581.485501,38341
95581.491368,38342
95581.497370,38343
95581.503183,38344
95581.509215,38345
95581.515045,38346
95581.521201,38347
95581.527458,38348
95581.533622,38349
95581.539541,38350
95581.545582,38351
95581.551693,38352
95581.557912,38353
95581.563865,38354
95581.569913,38355
95581.575883,38356
95581.581921,38357
95581.587870,38358
95581.594287,38359
95581.600519,38360
95581.606692,38361
95581.612970,38362
95581.619422,38363
95581.625534,38364
95581.631812,38365
95581.637772,38366
95581.644031,38367
95581.650433,38368
95581.657204,38369
95581.663396,38370
95581.669446,38371
95581.675446,38372
95581.681815,38373
95581.688186,38374
95581.694846,38375
95581.700727,38376
95581.707074,38377
95581.713037,38378
95581.719369,38379
95581.725404,38380
95581.731913,38381
95581.737960,38382
95581.744028,38383
95581.750047,38384
95581.756737,38385
95581.762977,38386
95581.769355,38387
95581.776017,38388
95581.783851,38389
95581.791384,38390
95581.798879,38391
95581.805740,38392
95581.811980,38393
95581.818712,38394
95581.825499,38395
95581.831546,38396
95581.837923,38397
95581.843847,38398
95581.849982,38399
95581.858612,38400
95581.864818,38401
95581.870719,38402
95581.876832,38403
95581.882725,38404
95581.888757,38405
95581.895249,38406
95581.901327,38407
95581.907326,38408
95581.913480,38409
95581.919450,38410
95581.925797,38411
95581.931799,38412
95581.938033,38413
95581.943971,38414
95581.950482,38415
95581.956944,38416
95581.963372,38417
95581.969378,38418
95581.975791,38419
95581.981801,38420
95581.987920,38421
95581.994011,38422
95582.000327,38423
95582.006296,38424
95582.012777,38425
95582.018918,38426
95582.025454,38427
95582.031789,38428
95582.038012,38429
95582.044016,38430
95582.050338,38431
95582.056288,38432
95582.062505,38433
95582.068512,38434
95582.074741,38435
95582.080666,38436
95582.086928,38437
95582.093019,38438
95582.099548,38439
95582.105729,38440
95582.112261,38441
95582.118831,38442
95582.125452,38443
95582.131535,38444
95582.137813,38445
95582.143821,38446
95582.150164,38447
95582.156370,38448
95582.162727,38449
95582.168830,38450
95582.174891,38451
95582.180732,38452
95582.187033,38453
95582.193024,38454
95582.199322,38455
95582.205333,38456
95582.211504,38457
95582.217506,38458
95582.223596,38459
95582.229786,38460
95582.236189,38461
95582.242192,38462
95582.248460,38463
95582.254390,38464
95582.261211,38465
95582.267365,38466
95582.273566,38467
95582.279729,38468
95582.285781,38469
95582.291886,38470
95582.298056,38471
95582.304258,38472
95582.310499,38473
95582.317101,38474
95582.323559,38475
95582.329919,38476
95582.336074,38477
95582.342113,38478
95582.348343,38479
95582.354354,38480
95582.360529,38481
95582.366523,38482
95582.372986,38483
95582.379098,38484
95582.385372,38485
95582.391317,38486
95582.397700,38487
95582.403837,38488
95582.410080,38489
95582.415985,38490
95582.422011,38491
95582.428049,38492
95582.434581,38493
95582.440843,38494
95582.446912,38495
95582.452919,38496
95582.459224,38497
95582.465146,38498
95582.471292,38499
95585.568299,38500
95585.577114,38501
95585.583858,38502
95585.591129,38503
95585.598313,38504
95585.606354,38505
95585.612774,38506
95585.619253,38507
95585.626370,38508
95585.632325,38509
95585.638591,38510
95585.645013,38511
95585.651150,38512
95585.657333,38513
95585.663516,38514
95585.669785,38515
95585.677963,38516
95585.684118,38517
95585.690418,38518
95585.697918,38519
95585.704057,38520
95585.710401,38521
95585.716380,38522
95585.722533,38523
95585.728372,38524
95585.734873,38525
95585.740797,38526
95585.747206,38527
95585.753205,38528
95585.759480,38529
95585.766531,38530
95585.772616,38531
95585.778798,38532
95585.785532,38533
95585.793127,38534
95585.798965,38535
95585.805165,38536
95585.812296,38537
95585.818550,38538
95585.825719,38539
95585.832506,38540
95585.839415,38541
95585.845589,38542
95585.853144,38543
95585.860573,38544
95585.867014,38545
95585.873574,38546
95585.879826,38547
95585.887809,38548
95585.895432,38549
95585.904797,38550
95585.910996,38551
95585.916952,38552
95585.924806,38553
95585.931998,38554
95585.937938,38555
95585.945614,38556
95585.951872,38557
95585.958317,38558
95585.964598,38559
95585.972447,38560
95585.981518,38561
95585.989552,38562
95585.997347,38563
95586.003806,38564
95586.010146,38565
95586.016153,38566
95586.022850,38567
95586.028868,38568
95586.035118,38569
95586.041013,38570
95586.047221,38571
95586.053861,38572
95586.061519,38573
95586.068548,38574
95586.076312,38575
95586.082895,38576
95586.091190,38577
95586.097565,38578
95586.104981,38579
95586.111049,38580
95586.117364,38581
95586.124038,38582
95586.130694,38583
95586.136901,38584
95586.144552,38585
95586.152955,38586
95586.160231,38587
95586.166363,38588
95586.172596,38589
95586.178718,38590
95586.185955,38591
95586.192011,38592
95586.198830,38593
95586.204656,38594
95586.212814,38595
95586.220408,38596
95586.226695,38597
95586.233649,38598
95586.239512,38599
95586.245499,38600
95586.252254,38601
95586.259341,38602
95586.266698,38603
95586.272600,38604
95586.278628,38605
95586.285403,38606
95586.291409,38607
95586.297307,38608
95586.303154,38609
95586.309297,38610
95586.315164,38611
95586.321166,38612
95586.327713,38613
95586.334017,38614
95586.339959,38615
95586.347340,38616
95586.354388,38617
95586.361369,38618
95586.367870,38619
95586.375995,38620
95586.382327,38621
95586.388680,38622
95586.394780,38623
95586.400795,38624
95586.406689,38625
95586.412675,38626
95586.419391,38627
95586.426383,38628
95586.433522,38629
95586.439442,38630
95586.447154,38631
95586.453377,38632
95586.460816,38633
95586.468111,38634
95586.475218,38635
95586.481683,38636
95586.488041,38637
95586.496412,38638
95586.502321,38639
95586.508234,38640
95586.515225,38641
95586.521225,38642
95586.527213,38643
95586.533214,38644
95586.540284,38645
95586.546436,38646
95586.552737,38647
95586.558979,38648
95586.565607,38649
95586.573965,38650
95586.581050,38651
95586.590523,38652
95586.597096,38653
95586.603678,38654
95586.609948,38655
95586.617355,38656
95586.624057,38657
95586.630715,38658
95586.637469,38659
95586.643482,38660
95586.649929,38661
95586.656614,38662
95586.663758,38663
95586.669873,38664
95586.676225,38665
95586.682604,38666
95586.690288,38667
95586.696969,38668
95586.705392,38669
95586.711564,38670
95586.719593,38671
95586.725742,38672
95586.731702,38673
95586.738734,38674
95586.744480,38675
95586.750696,38676
95586.757310,38677
95586.763131,38678
95586.772667,38679
95586.778991,38680
95586.787980,38681
95586.795531,38682
95586.804774,38683
95586.813627,38684
95586.819801,38685
95586.826434,38686
95586.834517,38687
95586.842868,38688
95586.849607,38689
95586.856468,38690
95586.866571,38691
95586.872521,38692
95586.879594,38693
95586.886342,38694
95586.894746,38695
95586.900842,38696
95586.907293,38697
95586.915931,38698
95586.922385,38699
95586.931781,38700
95586.938159,38701
95586.944819,38702
95586.952558,38703
95586.959206,38704
95586.968590,38705
95586.974581,38706
95586.980785,38707
95586.989239,38708
95586.999454,38709
95587.005472,38710
95587.013401,38711
95587.019806,38712
95587.026660,38713
95587.032572,38714
95587.039338,38715
95587.046368,38716
95587.052847,38717
95587.059236,38718
95587.066020,38719
95587.071937,38720
95587.077902,38721
95587.084244,38722
95587.091369,38723
95587.097410,38724
95587.104414,38725
95587.110298,38726
95587.117349,38727
95587.124932,38728
95587.130991,38729
95587.137090,38730
95587.143969,38731
95587.150828,38732
95587.158478,38733
95587.164445,38734
95587.170623,38735
95587.176929,38736
95587.184888,38737
95587.191512,38738
95587.198956,38739
95587.206199,38740
95587.212414,38741
95587.218759,38742
95587.227311,38743
95587.235808,38744
95587.242385,38745
95587.250695,38746
95587.257716,38747
95587.265347,38748
95587.271280,38749
95590.307827,38750
95590.315889,38751
95590.322574,38752
95590.328323,38753
95590.334589,38754
95590.340185,38755
95590.345240,38756
95590.352273,38757
95590.359228,38758
95590.364326,38759
95590.370070,38760
95590.375302,38761
95590.380555,38762
95590.386226,38763
95590.391459,38764
95590.396864,38765
95590.403208,38766
95590.408922,38767
95590.415789,38768
95590.424633,38769
95590.430951,38770
95590.435921,38771
95590.441295,38772
95590.446616,38773
95590.454560,38774
95590.459952,38775
95590.466160,38776
95590.471171,38777
95590.476629,38778
95590.481927,38779
95590.490832,38780
95590.499196,38781
95590.506458,38782
95590.513660,38783
95590.519283,38784
95590.526308,38785
95590.534400,38786
95590.541959,38787
95590.550291,38788
95590.555994,38789
95590.563946,38790
95590.571409,38791
95590.578230,38792
95590.587100,38793
95590.592557,38794
95590.598367,38795
95590.603516,38796
95590.611551,38797
95590.616690,38798
95590.622941,38799
95590.631126,38800
95590.636593,38801
95590.643693,38802
95590.650633,38803
95590.656188,38804
95590.664315,38805
95590.670385,38806
95590.678103,38807
95590.683508,38808
95590.688972,38809
95590.694426,38810
95590.700132,38811
95590.705569,38812
95590.710507,38813
95590.715993,38814
95590.722567,38815
95590.728905,38816
95590.735026,38817
95590.741302,38818
95590.746698,38819
95590.754714,38820
95590.760255,38821
95590.765205,38822
95590.772746,38823
95590.777973,38824
95590.784005,38825
95590.790771,38826
95590.796183,38827
95590.801327,38828
95590.807405,38829
95590.814602,38830
95590.819924,38831
95590.825288,38832
95590.832796,38833
95590.840363,38834
95590.848006,38835
95590.854667,38836
95590.861327,38837
95590.868411,38838
95590.874739,38839
95590.881734,38840
95590.889365,38841
95590.895400,38842
95590.902723,38843
95590.908399,38844
95590.914332,38845
95590.921528,38846
95590.927889,38847
95590.933086,38848
95590.939321,38849
95590.945565,38850
95590.950829,38851
95590.956366,38852
95590.963306,38853
95590.968180,38854
95590.973253,38855
95590.978381,38856
95590.985430,38857
95590.994048,38858
95591.002051,38859
95591.007410,38860
95591.012536,38861
95591.020412,38862
95591.025756,38863
95591.034630,38864
95591.042362,38865
95591.050045,38866
95591.057788,38867
95591.063373,38868
95591.070222,38869
95591.076401,38870
95591.083634,38871
95591.091293,38872
95591.098139,38873
95591.105295,38874
95591.110695,38875
95591.115880,38876
95591.122804,38877
95591.129018,38878
95591.134965,38879
95591.140481,38880
95591.145728,38881
95591.152373,38882
95591.160348,38883
95591.166254,38884
95591.172939,38885
95591.177809,38886
95591.183845,38887
95591.191038,38888
95591.195888,38889
95591.201328,38890
95591.207739,38891
95591.215616,38892
95591.223734,38893
95591.228763,38894
95591.236680,38895
95591.243416,38896
95591.249576,38897
95591.255243,38898
95591.263174,38899
95591.272204,38900
95591.277794,38901
95591.282755,38902
95591.290886,38903
95591.296454,38904
95591.304012,38905
95591.309310,38906
95591.316939,38907
95591.324549,38908
95591.331045,38909
95591.336912,38910
95591.344330,38911
95591.351932,38912
95591.357617,38913
95591.363200,38914
95591.368918,38915
95591.375333,38916
95591.380978,38917
95591.387259,38918
95591.392177,38919
95591.396986,38920
95591.403218,38921
95591.408184,38922
95591.414422,38923
95591.421486,38924
95591.426947,38925
95591.431795,38926
95591.439529,38927
95591.444913,38928
95591.450665,38929
95591.457669,38930
95591.462868,38931
95591.468051,38932
95591.472925,38933
95591.477874,38934
95591.485747,38935
95591.494548,38936
95591.500839,38937
95591.506285,38938
95591.510971,38939
95591.519558,38940
95591.526449,38941
95591.532061,38942
95591.536964,38943
95591.542629,38944
95591.549841,38945
95591.555494,38946
95591.560657,38947
95591.569290,38948
95591.575941,38949
95591.583350,38950
95591.590544,38951
95591.596226,38952
95591.601441,38953
95591.606697,38954
95591.611731,38955
95591.617378,38956
95591.622397,38957
95591.630434,38958
95591.635521,38959
95591.640797,38960
95591.648502,38961
95591.654581,38962
95591.659488,38963
95591.665853,38964
95591.672800,38965
95591.678250,38966
95591.686090,38967
95591.693476,38968
95591.700692,38969
95591.705546,38970
95591.711348,38971
95591.718055,38972
95591.724406,38973
95591.730606,38974
95591.737968,38975
95591.745641,38976
95591.751217,38977
95591.757924,38978
95591.762769,38979
95591.768294,38980
95591.775444,38981
95591.780612,38982
95591.788379,38983
95591.794998,38984
95591.800524,38985
95591.805466,38986
95591.811174,38987
95591.815953,38988
95591.820687,38989
95591.825856,38990
95591.830489,38991
95591.835611,38992
95591.841450,38993
95591.846228,38994
95591.851596,38995
95591.857009,38996
95591.864853,38997
95591.869879,38998
95591.876967,38999
95594.802750,39000
95594.815358,39001
95594.824949,39002
95594.836331,39003
95594.845733,39004
95594.854365,39005
95594.865387,39006
95594.875156,39007
95594.886942,39008
95594.897072,39009
95594.906254,39010
95594.914753,39011
95594.924534,39012
95594.933908,39013
95594.943587,39014
95594.951924,39015
95594.962389,39016
95594.973014,39017
95594.981756,39018
95594.991195,39019
95594.999814,39020
95595.008838,39021
95595.019288,39022
95595.028193,39023
95595.038673,39024
95595.047895,39025
95595.057319,39026
95595.067747,39027
95595.075687,39028
95595.084967,39029
95595.093161,39030
95595.101594,39031
95595.111095,39032
95595.122095,39033
95595.131790,39034
95595.142594,39035
95595.152140,39036
95595.161307,39037
95595.169298,39038
95595.177779,39039
95595.187138,39040
95595.196569,39041
95595.205009,39042
95595.213287,39043
95595.224402,39044
95595.233250,39045
95595.242277,39046
95595.252668,39047
95595.261441,39048
95595.269832,39049
95595.282784,39050
95595.293825,39051
95595.301655,39052
95595.309618,39053
95595.317376,39054
95595.325269,39055
95595.334848,39056
95595.345388,39057
95595.356738,39058
95595.366091,39059
95595.374045,39060
95595.383366,39061
95595.393733,39062
95595.404577,39063
95595.415276,39064
95595.423986,39065
95595.434402,39066
95595.442824,39067
95595.452034,39068
95595.460194,39069
95595.470046,39070
95595.480753,39071
95595.488690,39072
95595.497179,39073
95595.506030,39074
95595.516341,39075
95595.526732,39076
95595.537328,39077
95595.546506,39078
95595.556944,39079
95595.566746,39080
95595.577575,39081
95595.587045,39082
95595.597104,39083
95595.607269,39084
95595.616160,39085
95595.624660,39086
95595.633505,39087
95595.643086,39088
95595.652585,39089
95595.661200,39090
95595.670938,39091
95595.679666,39092
95595.689408,39093
95595.699579,39094
95595.710117,39095
95595.721496,39096
95595.732285,39097
95595.741665,39098
95595.751053,39099
95595.759600,39100
95595.767817,39101
95595.775911,39102
95595.784994,39103
95595.793717,39104
95595.802466,39105
95595.812919,39106
95595.824198,39107
95595.833856,39108
95595.843632,39109
95595.851252,39110
95595.859941,39111
95595.869523,39112
95595.878521,39113
95595.887692,39114
95595.896600,39115
95595.904450,39116
95595.912328,39117
95595.923700,39118
95595.932208,39119
95595.940578,39120
95595.948537,39121
95595.956715,39122
95595.964133,39123
95595.973342,39124
95595.983243,39125
95595.993204,39126
95596.004502,39127
95596.015854,39128
95596.025703,39129
95596.034253,39130
95596.042482,39131
95596.050209,39132
95596.058019,39133
95596.066260,39134
95596.074447,39135
95596.082897,39136
95596.094053,39137
95596.103177,39138
95596.111592,39139
95596.121992,39140
95596.131865,39141
95596.142179,39142
95596.151015,39143
95596.159671,39144
95596.168455,39145
95596.178160,39146
95596.187272,39147
95596.195974,39148
95596.204053,39149
95596.214915,39150
95596.225049,39151
95596.235019,39152
95596.244367,39153
95596.255225,39154
95596.263701,39155
95596.271189,39156
95596.279952,39157
95596.290251,39158
95596.300212,39159
95596.308864,39160
95596.318719,39161
95596.328483,39162
95596.336981,39163
95596.344530,39164
95596.352773,39165
95596.361325,39166
95596.370232,39167
95596.379562,39168
95596.388342,39169
95596.397377,39170
95596.407306,39171
95596.418521,39172
95596.427417,39173
95596.434639,39174
95596.444192,39175
95596.454133,39176
95596.463803,39177
95596.472171,39178
95596.483471,39179
95596.493310,39180
95596.502775,39181
95596.511370,39182
95596.521969,39183
95596.530374,39184
95596.538581,39185
95596.546922,39186
95596.558286,39187
95596.568374,39188
95596.578518,39189
95596.588210,39190
95596.597286,39191
95596.606311,39192
95596.615400,39193
95596.623483,39194
95596.631795,39195
95596.641445,39196
95596.652612,39197
95596.662437,39198
95596.671372,39199
95596.679506,39200
95596.690284,39201
95596.699796,39202
95596.708653,39203
95596.717754,39204
95596.727311,39205
95596.736662,39206
95596.746864,39207
95596.756170,39208
95596.763805,39209
95596.771902,39210
95596.780579,39211
95596.788689,39212
95596.798375,39213
95596.807274,39214
95596.815403,39215
95596.824578,39216
95596.835685,39217
95596.845720,39218
95596.854216,39219
95596.862199,39220
95596.871306,39221
95596.881846,39222
95596.891409,39223
95596.900337,39224
95596.910410,39225
95596.919289,39226
95596.927410,39227
95596.935895,39228
95596.944221,39229
95596.952876,39230
95596.961219,39231
95596.969842,39232
95596.980543,39233
95596.989868,39234
95596.999108,39235
95597.008985,39236
95597.019379,39237
95597.028695,39238
95597.037567,39239
95597.048379,39240
95597.056516,39241
95597.064818,39242
95597.074908,39243
95597.084387,39244
95597.095160,39245
95597.104218,39246
95597.114518,39247
95597.125828,39248
95597.133645,39249
95599.517316,39250
95599.566232,39251
95599.573051,39252
95599.579803,39253
95599.586086,39254
95599.592308,39255
95599.598164,39256
95599.604315,39257
95599.610070,39258
95599.616178,39259
95599.622059,39260
95599.628234,39261
95599.633888,39262
95599.639672,39263
95599.645518,39264
95599.651660,39265
95599.657822,39266
95599.664044,39267
95599.669864,39268
95599.675900,39269
95599.681688,39270
95599.687483,39271
95599.693512,39272
95599.699477,39273
95599.705305,39274
95599.711203,39275
95599.716995,39276
95599.722823,39277
95599.728996,39278
95599.734981,39279
95599.740814,39280
95599.746687,39281
95599.752617,39282
95599.758567,39283
95599.764722,39284
95599.770711,39285
95599.776775,39286
95599.783138,39287
95599.788989,39288
95599.794872,39289
95599.800986,39290
95599.807424,39291
95599.813278,39292
95599.819196,39293
95599.825291,39294
95599.831198,39295
95599.836987,39296
95599.843397,39297
95599.851778,39298
95599.859759,39299
95599.869367,39300
95599.876063,39301
95599.882579,39302
95599.888775,39303
95599.894759,39304
95599.900697,39305
95599.906556,39306
95599.912559,39307
95599.918649,39308
95599.924565,39309
95599.930517,39310
95599.936474,39311
95599.943284,39312
95599.950113,39313
95599.956721,39314
95599.963126,39315
95599.969819,39316
95599.976308,39317
95599.982733,39318
95599.989250,39319
95599.995719,39320
95600.001918,39321
95600.007918,39322
95600.014181,39323
95600.020373,39324
95600.026535,39325
95600.032343,39326
95600.038488,39327
95600.044374,39328
95600.050263,39329
95600.056589,39330
95600.062524,39331
95600.068320,39332
95600.074033,39333
95600.080198,39334
95600.086203,39335
95600.091937,39336
95600.097773,39337
95600.103862,39338
95600.109903,39339
95600.116162,39340
95600.122014,39341
95600.127925,39342
95600.133820,39343
95600.139557,39344
95600.145364,39345
95600.151420,39346
95600.157497,39347
95600.163429,39348
95600.169250,39349
95600.175113,39350
95600.181037,39351
95600.186915,39352
95600.193011,39353
95600.199189,39354
95600.205368,39355
95600.211411,39356
95600.217488,39357
95600.223368,39358
95600.229713,39359
95600.235495,39360
95600.241169,39361
95600.246971,39362
95600.252796,39363
95600.258521,39364
95600.264249,39365
95600.269864,39366
95600.275525,39367
95600.281329,39368
95600.287172,39369
95600.292907,39370
95600.300458,39371
95600.306145,39372
95600.311797,39373
95600.317826,39374
95600.323506,39375
95600.329341,39376
95600.335274,39377
95600.341196,39378
95600.347134,39379
95600.353318,39380
95600.359459,39381
95600.365332,39382
95600.371431,39383
95600.377283,39384
95600.383562,39385
95600.389629,39386
95600.395505,39387
95600.401528,39388
95600.407215,39389
95600.412850,39390
95600.418796,39391
95600.424715,39392
95600.430593,39393
95600.436308,39394
95600.442308,39395
95600.448469,39396
95600.454386,39397
95600.460242,39398
95600.466195,39399
95600.474423,39400
95600.480980,39401
95600.486939,39402
95600.492798,39403
95600.498797,39404
95600.504710,39405
95600.510753,39406
95600.516962,39407
95600.522914,39408
95600.528730,39409
95600.534545,39410
95600.540539,39411
95600.546477,39412
95600.552396,39413
95600.558122,39414
95600.563907,39415
95600.570168,39416
95600.576183,39417
95600.582456,39418
95600.588516,39419
95600.594588,39420
95600.600965,39421
95600.607985,39422
95600.614109,39423
95600.620124,39424
95600.626064,39425
95600.631987,39426
95600.637865,39427
95600.643723,39428
95600.650130,39429
95600.656319,39430
95600.662240,39431
95600.668120,39432
95600.674228,39433
95600.680091,39434
95600.686727,39435
95600.692740,39436
95600.698512,39437
95600.704410,39438
95600.710170,39439
95600.716295,39440
95600.722556,39441
95600.728427,39442
95600.734255,39443
95600.740414,39444
95600.746424,39445
95600.752432,39446
95600.758350,39447
95600.764320,39448
95600.770179,39449
95600.775854,39450
95600.782007,39451
95600.788267,39452
95600.794472,39453
95600.800579,39454
95600.806633,39455
95600.813440,39456
95600.819967,39457
95600.826237,39458
95600.832458,39459
95600.838425,39460
95600.844259,39461
95600.850342,39462
95600.856375,39463
95600.862603,39464
95600.868384,39465
95600.874360,39466
95600.880392,39467
95600.887018,39468
95600.892991,39469
95600.899219,39470
95600.905167,39471
95600.911391,39472
95600.917360,39473
95600.923413,39474
95600.930141,39475
95600.936838,39476
95600.942792,39477
95600.948826,39478
95600.954679,39479
95600.960485,39480
95600.966602,39481
95600.972694,39482
95600.978470,39483
95600.984880,39484
95600.991268,39485
95600.997737,39486
95601.003793,39487
95601.009718,39488
95601.015734,39489
95601.021682,39490
95601.027928,39491
95601.034140,39492
95601.040121,39493
95601.046422,39494
95601.052685,39495
95601.058967,39496
95601.065467,39497
95601.071434,39498
95601.077876,39499
95603.923062,39500
95603.931159,39501
95603.938190,39502
95603.943456,39503
95603.949809,39504
95603.956199,39505
95603.961647,39506
95603.967572,39507
95603.972664,39508
95603.979310,39509
95603.984396,39510
95603.989533,39511
95603.994880,39512
95604.000133,39513
95604.005273,39514
95604.010517,39515
95604.017388,39516
95604.023174,39517
95604.028276,39518
95604.034784,39519
95604.041115,39520
95604.046692,39521
95604.053948,39522
95604.060510,39523
95604.067157,39524
95604.074562,39525
95604.080241,39526
95604.085701,39527
95604.091717,39528
95604.098576,39529
95604.103650,39530
95604.108958,39531
95604.114266,39532
95604.119502,39533
95604.124593,39534
95604.130673,39535
95604.135614,39536
95604.141944,39537
95604.146842,39538
95604.153349,39539
95604.158281,39540
95604.163405,39541
95604.170712,39542
95604.177273,39543
95604.182319,39544
95604.188478,39545
95604.193443,39546
95604.200319,39547
95604.206548,39548
95604.213205,39549
95604.223650,39550
95604.228706,39551
95604.234584,39552
95604.240347,39553
95604.246283,39554
95604.251972,39555
95604.257504,39556
95604.262784,39557
95604.268092,39558
95604.274419,39559
95604.280472,39560
95604.285791,39561
95604.291963,39562
95604.297153,39563
95604.303945,39564
95604.309495,39565
95604.315857,39566
95604.322341,39567
95604.328837,39568
95604.335818,39569
95604.341762,39570
95604.348689,39571
95604.354930,39572
95604.360045,39573
95604.365279,39574
95604.370431,39575
95604.375732,39576
95604.381406,39577
95604.387992,39578
95604.393171,39579
95604.399398,39580
95604.404756,39581
95604.411184,39582
95604.416619,39583
95604.421738,39584
95604.426754,39585
95604.431727,39586
95604.437075,39587
95604.442471,39588
95604.447982,39589
95604.453010,39590
95604.459778,39591
95604.464728,39592
95604.471397,39593
95604.479099,39594
95604.485415,39595
95604.490533,39596
95604.497328,39597
95604.503648,39598
95604.509368,39599
95604.514783,39600
95604.519986,39601
95604.525121,39602
95604.530136,39603
95604.536409,39604
95604.542112,39605
95604.548962,39606
95604.555222,39607
95604.562517,39608
95604.567501,39609
95604.572735,39610
95604.578794,39611
95604.584911,39612
95604.590959,39613
95604.597430,39614
95604.603823,39615
95604.611494,39616
95604.618481,39617
95604.624354,39618
95604.630666,39619
95604.635713,39620
95604.643167,39621
95604.650021,39622
95604.655193,39623
95604.661151,39624
95604.667006,39625
95604.672141,39626
95604.677220,39627
95604.684035,39628
95604.689008,39629
95604.694433,39630
95604.700251,39631
95604.705487,39632
95604.710499,39633
95604.716336,39634
95604.721924,39635
95604.728513,39636
95604.734642,39637
95604.739862,39638
95604.745800,39639
95604.751137,39640
95604.756444,39641
95604.762424,39642
95604.768504,39643
95604.775012,39644
95604.780969,39645
95604.786829,39646
95604.794442,39647
95604.801187,39648
95604.806552,39649
95604.814236,39650
95604.820367,39651
95604.825306,39652
95604.830807,39653
95604.835979,39654
95604.842736,39655
95604.847902,39656
95604.855427,39657
95604.860708,39658
95604.868649,39659
95604.874247,39660
95604.880302,39661
95604.886574,39662
95604.891754,39663
95604.896834,39664
95604.903922,39665
95604.909277,39666
95604.914842,39667
95604.920452,39668
95604.926279,39669
95604.931252,39670
95604.937259,39671
95604.943395,39672
95604.948730,39673
95604.954114,39674
95604.959146,39675
95604.965798,39676
95604.971385,39677
95604.976715,39678
95604.982999,39679
95604.988118,39680
95604.994588,39681
95604.999851,39682
95605.006308,39683
95605.014232,39684
95605.023375,39685
95605.028309,39686
95605.037314,39687
95605.042764,39688
95605.051729,39689
95605.059673,39690
95605.064630,39691
95605.069549,39692
95605.077111,39693
95605.083152,39694
95605.089450,39695
95605.095558,39696
95605.100526,39697
95605.106184,39698
95605.112118,39699
95605.117551,39700
95605.123818,39701
95605.128878,39702
95605.140123,39703
95605.146516,39704
95605.152460,39705
95605.159387,39706
95605.166778,39707
95605.171788,39708
95605.177045,39709
95605.182126,39710
95605.187835,39711
95605.192787,39712
95605.199020,39713
95605.204390,39714
95605.211546,39715
95605.216824,39716
95605.223497,39717
95605.229342,39718
95605.234674,39719
95605.240758,39720
95605.247172,39721
95605.252869,39722
95605.258970,39723
95605.265840,39724
95605.272032,39725
95605.278610,39726
95605.284769,39727
95605.290234,39728
95605.300353,39729
95605.306050,39730
95605.315031,39731
95605.319967,39732
95605.325420,39733
95605.330368,39734
95605.337666,39735
95605.342597,39736
95605.351588,39737
95605.357164,39738
95605.365854,39739
95605.372230,39740
95605.378238,39741
95605.383434,39742
95605.389144,39743
95605.394505,39744
95605.399697,39745
95605.408965,39746
95605.414263,39747
95605.419710,39748
95605.427105,39749
95608.435571,39750
95608.443454,39751
95608.451115,39752
95608.458867,39753
95608.466599,39754
95608.474683,39755
95608.483860,39756
95608.491842,39757
95608.499519,39758
95608.505726,39759
95608.514282,39760
95608.521271,39761
95608.528749,39762
95608.536006,39763
95608.543018,39764
95608.548949,39765
95608.557207,39766
95608.564917,39767
95608.573302,39768
95608.580761,39769
95608.586888,39770
95608.593553,39771
95608.599265,39772
95608.605626,39773
95608.614741,39774
95608.621045,39775
95608.634175,39776
95608.641049,39777
95608.649034,39778
95608.656852,39779
95608.663763,39780
95608.671016,39781
95608.678171,39782
95608.685668,39783
95608.691528,39784
95608.699284,39785
95608.706534,39786
95608.714755,39787
95608.720952,39788
95608.726730,39789
95608.732137,39790
95608.737829,39791
95608.743433,39792
95608.749518,39793
95608.756340,39794
95608.762374,39795
95608.771053,39796
95608.777174,39797
95608.783219,39798
95608.790010,39799
95608.798230,39800
95608.804415,39801
95608.812008,39802
95608.820127,39803
95608.828846,39804
95608.835803,39805
95608.841990,39806
95608.848557,39807
95608.855460,39808
95608.863657,39809
95608.870369,39810
95608.878577,39811
95608.885399,39812
95608.892990,39813
95608.899641,39814
95608.908302,39815
95608.916960,39816
95608.926330,39817
95608.932927,39818
95608.939343,39819
95608.945795,39820
95608.952750,39821
95608.959322,39822
95608.969405,39823
95608.977256,39824
95608.984627,39825
95608.991786,39826
95609.000157,39827
95609.009493,39828
95609.016475,39829
95609.025070,39830
95609.033830,39831
95609.041993,39832
95609.048762,39833
95609.056282,39834
95609.062414,39835
95609.068430,39836
95609.074930,39837
95609.082109,39838
95609.090248,39839
95609.098632,39840
95609.106617,39841
95609.115988,39842
95609.125245,39843
95609.134695,39844
95609.143437,39845
95609.150928,39846
95609.157219,39847
95609.165773,39848
95609.174835,39849
95609.183775,39850
95609.190083,39851
95609.196260,39852
95609.203084,39853
95609.209916,39854
95609.216041,39855
95609.222504,39856
95609.231604,39857
95609.238223,39858
95609.246073,39859
95609.254336,39860
95609.260197,39861
95609.268675,39862
95609.276448,39863
95609.282857,39864
95609.288942,39865
95609.296634,39866
95609.304629,39867
95609.312529,39868
95609.321157,39869
95609.328846,39870
95609.335243,39871
95609.344698,39872
95609.352419,39873
95609.360241,39874
95609.368649,39875
95609.375538,39876
95609.382584,39877
95609.388761,39878
95609.397415,39879
95609.405201,39880
95609.414962,39881
95609.424102,39882
95609.433072,39883
95609.442419,39884
95609.451303,39885
95609.457879,39886
95609.464753,39887
95609.472978,39888
95609.481318,39889
95609.490516,39890
95609.497927,39891
95609.504659,39892
95609.511015,39893
95609.518995,39894
95609.525077,39895
95609.532716,39896
95609.539982,39897
95609.549692,39898
95609.559456,39899
95609.571019,39900
95609.579381,39901
95609.587311,39902
95609.593518,39903
95609.599799,39904
95609.606233,39905
95609.612778,39906
95609.621319,39907
95609.626804,39908
95609.633367,39909
95609.639130,39910
95609.647478,39911
95609.653693,39912
95609.660235,39913
95609.666394,39914
95609.673229,39915
95609.679007,39916
95609.684751,39917
95609.690577,39918
95609.696410,39919
95609.704287,39920
95609.712901,39921
95609.719157,39922
95609.725488,39923
95609.732903,39924
95609.739051,39925
95609.745701,39926
95609.751515,39927
95609.759917,39928
95609.766861,39929
95609.773603,39930
95609.783897,39931
95609.791266,39932
95609.797577,39933
95609.804274,39934
95609.813262,39935
95609.821049,39936
95609.827063,39937
95609.832920,39938
95609.839768,39939
95609.846702,39940
95609.855641,39941
95609.861996,39942
95609.868022,39943
95609.874620,39944
95609.880995,39945
95609.887856,39946
95609.897213,39947
95609.903696,39948
95609.910609,39949
95609.917214,39950
95609.923531,39951
95609.931412,39952
95609.940646,39953
95609.946906,39954
95609.955150,39955
95609.962247,39956
95609.968599,39957
95609.975846,39958
95609.983636,39959
95609.990720,39960
95609.996921,39961
95610.004244,39962
95610.010886,39963
95610.018848,39964
95610.025487,39965
95610.031473,39966
95610.038520,39967
95610.044856,39968
95610.053433,39969
95610.061808,39970
95610.068259,39971
95610.075416,39972
95610.081890,39973
95610.089316,39974
95610.095077,39975
95610.103305,39976
95610.111541,39977
95610.118251,39978
95610.127328,39979
95610.134677,39980
95610.143269,39981
95610.149743,39982
95610.157823,39983
95610.163752,39984
95610.169871,39985
95610.178193,39986
95610.186180,39987
95610.194611,39988
95610.201224,39989
95610.210074,39990
95610.218594,39991
95610.224660,39992
95610.230679,39993
95610.236658,39994
95610.244095,39995
95610.253266,39996
95610.260307,39997
95610.267605,39998
95610.273415,39999
95613.291062,40000
95613.303660,40001
95613.312628,40002
95613.322161,40003
95613.333021,40004
95613.343443,40005
95613.353807,40006
95613.363357,40007
95613.375608,40008
95613.385905,40009
95613.395549,40010
95613.404421,40011
95613.414504,40012
95613.425936,40013
95613.436130,40014
95613.446154,40015
95613.456483,40016
95613.466531,40017
95613.475761,40018
95613.486327,40019
95613.495965,40020
95613.506411,40021
95613.517786,40022
95613.527509,40023
95613.537334,40024
95613.547466,40025
95613.558019,40026
95613.568832,40027
95613.578871,40028
95613.589416,40029
95613.600249,40030
95613.610510,40031
95613.620867,40032
95613.631690,40033
95613.641636,40034
95613.650578,40035
95613.659854,40036
95613.671558,40037
95613.683227,40038
95613.692628,40039
95613.702354,40040
95613.713594,40041
95613.723172,40042
95613.732905,40043
95613.741815,40044
95613.752286,40045
95613.762346,40046
95613.772234,40047
95613.782345,40048
95613.792475,40049
95613.806230,40050
95613.817737,40051
95613.828046,40052
95613.837901,40053
95613.847521,40054
95613.857905,40055
95613.867480,40056
95613.878720,40057
95613.888038,40058
95613.897983,40059
95613.907723,40060
95613.917476,40061
95613.926341,40062
95613.936195,40063
95613.945851,40064
95613.956352,40065
95613.966199,40066
95613.977072,40067
95613.986365,40068
95613.995117,40069
95614.004061,40070
95614.014924,40071
95614.025322,40072
95614.034714,40073
95614.045378,40074
95614.055644,40075
95614.064533,40076
95614.075524,40077
95614.086358,40078
95614.096889,40079
95614.107632,40080
95614.118409,40081
95614.129318,40082
95614.139448,40083
95614.148942,40084
95614.159573,40085
95614.170067,40086
95614.180553,40087
95614.191255,40088
95614.200555,40089
95614.209582,40090
95614.219675,40091
95614.228782,40092
95614.238568,40093
95614.248268,40094
95614.257564,40095
95614.267411,40096
95614.278108,40097
95614.288284,40098
95614.298255,40099
95614.307245,40100
95614.318364,40101
95614.328505,40102
95614.338641,40103
95614.348521,40104
95614.358721,40105
95614.368488,40106
95614.379261,40107
95614.389336,40108
95614.400206,40109
95614.410915,40110
95614.420904,40111
95614.431066,40112
95614.441191,40113
95614.451351,40114
95614.460986,40115
95614.469460,40116
95614.479471,40117
95614.489531,40118
95614.499880,40119
95614.510213,40120
95614.518685,40121
95614.528620,40122
95614.538214,40123
95614.547823,40124
95614.557797,40125
95614.566736,40126
95614.576691,40127
95614.586242,40128
95614.596777,40129
95614.605748,40130
95614.616271,40131
95614.627081,40132
95614.637692,40133
95614.646744,40134
95614.658202,40135
95614.668148,40136
95614.676906,40137
95614.685665,40138
95614.696287,40139
95614.705742,40140
95614.716163,40141
95614.725783,40142
95614.735438,40143
95614.746431,40144
95614.755511,40145
95614.764644,40146
95614.774939,40147
95614.784904,40148
95614.795604,40149
95614.808359,40150
95614.817826,40151
95614.827133,40152
95614.835500,40153
95614.845590,40154
95614.856448,40155
95614.865238,40156
95614.875427,40157
95614.884206,40158
95614.893788,40159
95614.904230,40160
95614.912811,40161
95614.922574,40162
95614.933205,40163
95614.945790,40164
95614.956729,40165
95614.965772,40166
95614.975705,40167
95614.986254,40168
95614.995472,40169
95615.006051,40170
95615.017455,40171
95615.026532,40172
95615.035436,40173
95615.046114,40174
95615.056907,40175
95615.067397,40176
95615.078697,40177
95615.089021,40178
95615.097441,40179
95615.107713,40180
95615.118868,40181
95615.128915,40182
95615.138711,40183
95615.149263,40184
95615.159202,40185
95615.169751,40186
95615.179172,40187
95615.189146,40188
95615.199368,40189
95615.210077,40190
95615.220552,40191
95615.229762,40192
95615.240246,40193
95615.250788,40194
95615.261449,40195
95615.270890,40196
95615.281246,40197
95615.292072,40198
95615.302943,40199
95615.314015,40200
95615.323415,40201
95615.333193,40202
95615.341903,40203
95615.351597,40204
95615.361718,40205
95615.371049,40206
95615.380934,40207
95615.389659,40208
95615.398922,40209
95615.409040,40210
95615.419884,40211
95615.430012,40212
95615.440256,40213
95615.451386,40214
95615.461675,40215
95615.472191,40216
95615.480875,40217
95615.491952,40218
95615.502943,40219
95615.512336,40220
95615.521794,40221
95615.531459,40222
95615.541994,40223
95615.551243,40224
95615.560990,40225
95615.574794,40226
95615.584388,40227
95615.595089,40228
95615.605311,40229
95615.616133,40230
95615.625300,40231
95615.635604,40232
95615.644804,40233
95615.653172,40234
95615.662649,40235
95615.670966,40236
95615.680243,40237
95615.690386,40238
95615.700640,40239
95615.710592,40240
95615.720687,40241
95615.731228,40242
95615.741781,40243
95615.752046,40244
95615.761328,40245
95615.771112,40246
95615.780257,40247
95615.791555,40248
95615.801334,40249
95617.638577,40500
95617.735653,40501
95617.742519,40502
95617.748694,40503
95617.754831,40504
95617.761068,40505
95617.767463,40506
95617.773876,40507
95617.779953,40508
95617.786165,40509
95617.792005,40510
95617.798373,40511
95617.804998,40512
95617.811241,40513
95617.817171,40514
95617.823032,40515
95617.829167,40516
95617.835379,40517
95617.842005,40518
95617.848204,40519
95617.854124,40520
95617.859963,40521
95617.865816,40522
95617.871812,40523
95617.877876,40524
95617.884155,40525
95617.890360,40526
95617.896256,40527
95617.902549,40528
95617.908879,40529
95617.915000,40530
95617.921027,40531
95617.927054,40532
95617.933547,40533
95617.939423,40534
95617.945279,40535
95617.951352,40536
95617.957362,40537
95617.963437,40538
95617.969341,40539
95617.975272,40540
95617.981223,40541
95617.987218,40542
95617.992984,40543
95617.998846,40544
95618.005043,40545
95618.010903,40546
95618.016708,40547
95618.022781,40548
95618.028458,40549
95618.034723,40550
95618.040679,40551
95618.046569,40552
95618.052365,40553
95618.058302,40554
95618.064250,40555
95618.070220,40556
95618.076260,40557
95618.082253,40558
95618.088110,40559
95618.094441,40560
95618.100668,40561
95618.106702,40562
95618.112618,40563
95618.118532,40564
95618.124374,40565
95618.130187,40566
95618.136234,40567
95618.142027,40568
95618.148178,40569
95618.154022,40570
95618.159896,40571
95618.166396,40572
95618.172643,40573
95618.178784,40574
95618.185213,40575
95618.191621,40576
95618.198252,40577
95618.204628,40578
95618.211485,40579
95618.218160,40580
95618.224846,40581
95618.231319,40582
95618.238435,40583
95618.245544,40584
95618.252278,40585
95618.258757,40586
95618.265621,40587
95618.272919,40588
95618.280305,40589
95618.286694,40590
95618.292918,40591
95618.299806,40592
95618.306984,40593
95618.313221,40594
95618.319420,40595
95618.325303,40596
95618.331419,40597
95618.337969,40598
95618.344390,40599
95618.352899,40600
95618.359204,40601
95618.365481,40602
95618.371740,40603
95618.378256,40604
95618.384686,40605
95618.391389,40606
95618.398069,40607
95618.404524,40608
95618.411490,40609
95618.417845,40610
95618.423834,40611
95618.429894,40612
95618.436188,40613
95618.442467,40614
95618.448961,40615
95618.454979,40616
95618.461438,40617
95618.468277,40618
95618.475413,40619
95618.482108,40620
95618.488792,40621
95618.495381,40622
95618.501769,40623
95618.508446,40624
95618.514701,40625
95618.520988,40626
95618.527251,40627
95618.533627,40628
95618.540111,40629
95618.546481,40630
95618.553118,40631
95618.559287,40632
95618.565556,40633
95618.571892,40634
95618.578266,40635
95618.584674,40636
95618.591406,40637
95618.597999,40638
95618.604307,40639
95618.610429,40640
95618.616258,40641
95618.622267,40642
95618.628166,40643
95618.634609,40644
95618.640606,40645
95618.646459,40646
95618.652305,40647
95618.658354,40648
95618.664282,40649
95618.670398,40650
95618.677313,40651
95618.684108,40652
95618.690745,40653
95618.697500,40654
95618.704653,40655
95618.710901,40656
95618.717177,40657
95618.723218,40658
95618.729325,40659
95618.735432,40660
95618.741363,40661
95618.747233,40662
95618.753192,40663
95618.759073,40664
95618.765209,40665
95618.771546,40666
95618.777542,40667
95618.783469,40668
95618.789182,40669
95618.794889,40670
95618.801130,40671
95618.807285,40672
95618.813032,40673
95618.818880,40674
95618.824717,40675
95618.830552,40676
95618.836578,40677
95618.842703,40678
95618.849081,40679
95618.855032,40680
95618.860886,40681
95618.866990,40682
95618.873301,40683
95618.879393,40684
95618.885279,40685
95618.891228,40686
95618.897577,40687
95618.903543,40688
95618.909525,40689
95618.915452,40690
95618.921283,40691
95618.927224,40692
95618.933462,40693
95618.939472,40694
95618.945628,40695
95618.951942,40696
95618.957757,40697
95618.963713,40698
95618.969650,40699
95618.977738,40700
95618.983603,40701
95618.989498,40702
95618.995403,40703
95619.001385,40704
95619.007647,40705
95619.013741,40706
95619.019634,40707
95619.025488,40708
95619.031369,40709
95619.037924,40710
95619.043866,40711
95619.049795,40712
95619.055847,40713
95619.061653,40714
95619.067448,40715
95619.073592,40716
95619.079547,40717
95619.085741,40718
95619.091588,40719
95619.097405,40720
95619.103460,40721
95619.109387,40722
95619.115173,40723
95619.120956,40724
95619.126670,40725
95619.132700,40726
95619.139046,40727
95619.144958,40728
95619.150782,40729
95619.156901,40730
95619.162855,40731
95619.169167,40732
95619.175548,40733
95619.182014,40734
95619.188011,40735
95619.193770,40736
95619.199791,40737
95619.205913,40738
95619.212048,40739
95619.217968,40740
95619.224239,40741
95619.230211,40742
95619.236264,40743
95619.242694,40744
95619.248658,40745
95619.254609,40746
95619.260433,40747
95619.266495,40748
95619.272882,40749
95622.130922,40750
95622.140867,40751
95622.150385,40752
95622.157684,40753
95622.165029,40754
95622.172519,40755
95622.179600,40756
95622.186570,40757
95622.193024,40758
95622.199642,40759
95622.205687,40760
95622.212009,40761
95622.219311,40762
95622.226088,40763
95622.232312,40764
95622.239355,40765
95622.245605,40766
95622.252501,40767
95622.259457,40768
95622.266287,40769
95622.272501,40770
95622.279233,40771
95622.285852,40772
95622.292503,40773
95622.298573,40774
95622.304673,40775
95622.311165,40776
95622.317141,40777
95622.323028,40778
95622.329397,40779
95622.335438,40780
95622.341822,40781
95622.347763,40782
95622.355026,40783
95622.362355,40784
95622.368944,40785
95622.375289,40786
95622.381893,40787
95622.387903,40788
95622.395370,40789
95622.401174,40790
95622.407210,40791
95622.414054,40792
95622.420303,40793
95622.427159,40794
95622.433100,40795
95622.440883,40796
95622.447365,40797
95622.453264,40798
95622.460320,40799
95622.466535,40800
95622.472700,40801
95622.478898,40802
95622.485078,40803
95622.491576,40804
95622.497592,40805
95622.503505,40806
95622.511030,40807
95622.517248,40808
95622.525185,40809
95622.532896,40810
95622.539783,40811
95622.545814,40812
95622.552905,40813
95622.559531,40814
95622.567122,40815
95622.574992,40816
95622.582519,40817
95622.588884,40818
95622.595664,40819
95622.603544,40820
95622.609561,40821
95622.615500,40822
95622.621520,40823
95622.627720,40824
95622.635029,40825
95622.643101,40826
95622.649486,40827
95622.655572,40828
95622.663173,40829
95622.674063,40830
95622.684644,40831
95622.692509,40832
95622.698828,40833
95622.704847,40834
95622.710957,40835
95622.717413,40836
95622.723468,40837
95622.730841,40838
95622.737220,40839
95622.744419,40840
95622.752405,40841
95622.759740,40842
95622.767111,40843
95622.773655,40844
95622.780434,40845
95622.787877,40846
95622.794213,40847
95622.800145,40848
95622.806692,40849
95622.814990,40850
95622.821712,40851
95622.829598,40852
95622.836986,40853
95622.844390,40854
95622.850414,40855
95622.858268,40856
95622.864302,40857
95622.870454,40858
95622.876734,40859
95622.882816,40860
95622.888906,40861
95622.895014,40862
95622.901532,40863
95622.907946,40864
95622.914403,40865
95622.922607,40866
95622.928594,40867
95622.934585,40868
95622.941249,40869
95622.947226,40870
95622.953032,40871
95622.959460,40872
95622.966171,40873
95622.972554,40874
95622.978890,40875
95622.984985,40876
95622.991499,40877
95622.998100,40878
95623.004157,40879
95623.010410,40880
95623.016815,40881
95623.023627,40882
95623.029579,40883
95623.035801,40884
95623.042284,40885
95623.048444,40886
95623.054714,40887
95623.060701,40888
95623.066623,40889
95623.073852,40890
95623.080229,40891
95623.086967,40892
95623.094335,40893
95623.101309,40894
95623.108331,40895
95623.114333,40896
95623.120676,40897
95623.128246,40898
95623.134662,40899
95623.141081,40900
95623.148058,40901
95623.155358,40902
95623.161917,40903
95623.167865,40904
95623.174985,40905
95623.181094,40906
95623.187005,40907
95623.194846,40908
95623.200964,40909
95623.209012,40910
95623.215377,40911
95623.221589,40912
95623.227926,40913
95623.234775,40914
95623.241113,40915
95623.248279,40916
95623.255699,40917
95623.262954,40918
95623.269671,40919
95623.277842,40920
95623.283814,40921
95623.290781,40922
95623.296997,40923
95623.303835,40924
95623.309819,40925
95623.316164,40926
95623.322019,40927
95623.328507,40928
95623.336283,40929
95623.343942,40930
95623.350834,40931
95623.357068,40932
95623.365445,40933
95623.372247,40934
95623.379467,40935
95623.387343,40936
95623.393919,40937
95623.400301,40938
95623.406595,40939
95623.413015,40940
95623.418994,40941
95623.424853,40942
95623.431229,40943
95623.438340,40944
95623.445516,40945
95623.451386,40946
95623.457379,40947
95623.463669,40948
95623.469983,40949
95623.481544,40950
95623.488325,40951
95623.496059,40952
95623.502999,40953
95623.509662,40954
95623.516315,40955
95623.523013,40956
95623.528914,40957
95623.534899,40958
95623.541898,40959
95623.548032,40960
95623.554325,40961
95623.561026,40962
95623.568728,40963
95623.574997,40964
95623.582426,40965
95623.588848,40966
95623.595266,40967
95623.601319,40968
95623.608573,40969
95623.614819,40970
95623.621545,40971
95623.627820,40972
95623.634983,40973
95623.642059,40974
95623.648050,40975
95623.654320,40976
95623.661323,40977
95623.667534,40978
95623.675900,40979
95623.681978,40980
95623.688964,40981
95623.696651,40982
95623.702737,40983
95623.710825,40984
95623.717505,40985
95623.723948,40986
95623.730343,40987
95623.736770,40988
95623.742712,40989
95623.748907,40990
95623.755591,40991
95623.762209,40992
95623.768895,40993
95623.775297,40994
95623.781270,40995
95623.787632,40996
95623.793984,40997
95623.800762,40998
95623.807650,40999
95626.772034,41000
95626.780304,41001
95626.785873,41002
95626.794755,41003
95626.800237,41004
95626.806850,41005
95626.812481,41006
95626.819560,41007
95626.827604,41008
95626.834583,41009
95626.842010,41010
95626.847158,41011
95626.852835,41012
95626.857932,41013
95626.863281,41014
95626.868486,41015
95626.876106,41016
95626.881471,41017
95626.888596,41018
95626.895296,41019
95626.900838,41020
95626.906449,41021
95626.911299,41022
95626.917507,41023
95626.924936,41024
95626.930642,41025
95626.935615,41026
95626.942895,41027
95626.950479,41028
95626.956610,41029
95626.962010,41030
95626.967538,41031
95626.973285,41032
95626.981845,41033
95626.989746,41034
95626.994752,41035
95627.000316,41036
95627.006361,41037
95627.011324,41038
95627.019805,41039
95627.025018,41040
95627.033251,41041
95627.041205,41042
95627.046316,41043
95627.051748,41044
95627.057809,41045
95627.065229,41046
95627.072788,41047
95627.081315,41048
95627.086790,41049
95627.091636,41050
95627.097413,41051
95627.105282,41052
95627.110712,41053
95627.115522,41054
95627.122847,41055
95627.130499,41056
95627.135580,41057
95627.142345,41058
95627.147953,41059
95627.154074,41060
95627.159886,41061
95627.164761,41062
95627.171981,41063
95627.177232,41064
95627.184209,41065
95627.188865,41066
95627.194438,41067
95627.199890,41068
95627.205546,41069
95627.212507,41070
95627.217719,41071
95627.225399,41072
95627.232380,41073
95627.240116,41074
95627.245128,41075
95627.252322,41076
95627.260447,41077
95627.266170,41078
95627.272728,41079
95627.278156,41080
95627.284642,41081
95627.291132,41082
95627.298609,41083
95627.303824,41084
95627.309358,41085
95627.314382,41086
95627.321056,41087
95627.327058,41088
95627.334702,41089
95627.340620,41090
95627.347717,41091
95627.352764,41092
95627.359007,41093
95627.364143,41094
95627.369973,41095
95627.375676,41096
95627.380684,41097
95627.387600,41098
95627.394629,41099
95627.402134,41100
95627.407797,41101
95627.414819,41102
95627.420269,41103
95627.428589,41104
95627.436200,41105
95627.442276,41106
95627.447802,41107
95627.455156,41108
95627.460052,41109
95627.465102,41110
95627.472006,41111
95627.477462,41112
95627.483229,41113
95627.488811,41114
95627.494084,41115
95627.500373,41116
95627.507739,41117
95627.512669,41118
95627.517773,41119
95627.524765,41120
95627.531364,41121
95627.539910,41122
95627.545052,41123
95627.550956,41124
95627.555930,41125
95627.562769,41126
95627.567762,41127
95627.573076,41128
95627.580836,41129
95627.586179,41130
95627.592555,41131
95627.599908,41132
95627.606846,41133
95627.612532,41134
95627.619115,41135
95627.624170,41136
95627.630055,41137
95627.635866,41138
95627.643679,41139
95627.649599,41140
95627.654436,41141
95627.662832,41142
95627.668097,41143
95627.675293,41144
95627.680782,41145
95627.686230,41146
95627.691540,41147
95627.699609,41148
95627.708042,41149
95627.715720,41150
95627.720935,41151
95627.728156,41152
95627.734888,41153
95627.742439,41154
95627.749082,41155
95627.755946,41156
95627.762331,41157
95627.767911,41158
95627.773413,41159
95627.779760,41160
95627.786408,41161
95627.792480,41162
95627.797409,41163
95627.803081,41164
95627.810352,41165
95627.816067,41166
95627.824701,41167
95627.832730,41168
95627.839589,41169
95627.845920,41170
95627.852798,41171
95627.858203,41172
95627.863270,41173
95627.868769,41174
95627.874793,41175
95627.883141,41176
95627.890263,41177
95627.896252,41178
95627.904798,41179
95627.910009,41180
95627.914975,41181
95627.920215,41182
95627.926438,41183
95627.931812,41184
95627.937841,41185
95627.943109,41186
95627.951518,41187
95627.958151,41188
95627.963386,41189
95627.970717,41190
95627.975446,41191
95627.984049,41192
95627.989294,41193
95627.994495,41194
95628.002696,41195
95628.009019,41196
95628.015842,41197
95628.023615,41198
95628.031414,41199
95628.039405,41200
95628.046708,41201
95628.053024,41202
95628.058257,41203
95628.063324,41204
95628.069593,41205
95628.075440,41206
95628.080559,41207
95628.085719,41208
95628.091960,41209
95628.099725,41210
95628.106432,41211
95628.113959,41212
95628.119040,41213
95628.124944,41214
95628.131418,41215
95628.137757,41216
95628.144931,41217
95628.152458,41218
95628.160692,41219
95628.169872,41220
95628.175775,41221
95628.181306,41222
95628.186443,41223
95628.191591,41224
95628.199041,41225
95628.204936,41226
95628.210715,41227
95628.217956,41228
95628.223947,41229
95628.229770,41230
95628.238506,41231
95628.246253,41232
95628.251677,41233
95628.259988,41234
95628.265600,41235
95628.271525,41236
95628.277323,41237
95628.284570,41238
95628.289662,41239
95628.296624,41240
95628.302029,41241
95628.307451,41242
95628.315285,41243
95628.320129,41244
95628.325903,41245
95628.334334,41246
95628.340581,41247
95628.347652,41248
95628.352956,41249
95631.769812,41250
95631.782029,41251
95631.791056,41252
95631.800979,41253
95631.813116,41254
95631.821508,41255
95631.829633,41256
95631.838042,41257
95631.847233,41258
95631.858129,41259
95631.866042,41260
95631.874438,41261
95631.883208,41262
95631.891564,41263
95631.901760,41264
95631.911338,41265
95631.921167,41266
95631.932727,41267
95631.942382,41268
95631.953511,41269
95631.963523,41270
95631.972355,41271
95631.981041,41272
95631.991313,41273
95632.001221,41274
95632.010268,41275
95632.021211,41276
95632.030727,41277
95632.039528,41278
95632.047298,41279
95632.058020,41280
95632.068297,41281
95632.077518,41282
95632.085992,41283
95632.094430,41284
95632.103950,41285
95632.114015,41286
95632.122950,41287
95632.133469,41288
95632.143318,41289
95632.151310,41290
95632.159957,41291
95632.171458,41292
95632.182240,41293
95632.193971,41294
95632.203385,41295
95632.215676,41296
95632.225025,41297
95632.234428,41298
95632.242731,41299
95632.252758,41300
95632.262308,41301
95632.273118,41302
95632.283982,41303
95632.294577,41304
95632.304015,41305
95632.312118,41306
95632.320084,41307
95632.329198,41308
95632.340412,41309
95632.350808,41310
95632.360208,41311
95632.371215,41312
95632.381413,41313
95632.392756,41314
95632.401605,41315
95632.409605,41316
95632.418504,41317
95632.428841,41318
95632.438239,41319
95632.447043,41320
95632.455944,41321
95632.466925,41322
95632.476360,41323
95632.486968,41324
95632.495221,41325
95632.506341,41326
95632.514102,41327
95632.522619,41328
95632.533133,41329
95632.541795,41330
95632.550658,41331
95632.560442,41332
95632.570375,41333
95632.580668,41334
95632.590493,41335
95632.600585,41336
95632.611256,41337
95632.620304,41338
95632.628361,41339
95632.640162,41340
95632.652836,41341
95632.667070,41342
95632.680516,41343
95632.694221,41344
95632.707132,41345
95632.718128,41346
95632.729084,41347
95632.739878,41348
95632.748658,41349
95632.759227,41350
95632.767922,41351
95632.776650,41352
95632.785305,41353
95632.793658,41354
95632.803457,41355
95632.811927,41356
95632.821007,41357
95632.830913,41358
95632.842279,41359
95632.852420,41360
95632.863043,41361
95632.872322,41362
95632.880601,41363
95632.891113,41364
95632.915095,41365
95632.925757,41366
95632.934693,41367
95632.944615,41368
95632.952627,41369
95632.961416,41370
95632.970540,41371
95632.980641,41372
95632.990039,41373
95632.999439,41374
95633.010912,41375
95633.022482,41376
95633.031716,41377
95633.041349,41378
95633.049857,41379
95633.058055,41380
95633.066414,41381
95633.076000,41382
95633.084148,41383
95633.094446,41384
95633.103637,41385
95633.114362,41386
95633.123850,41387
95633.132046,41388
95633.140603,41389
95633.150097,41390
95633.159168,41391
95633.167421,41392
95633.177094,41393
95633.185206,41394
95633.194271,41395
95633.202923,41396
95633.211736,41397
95633.221262,41398
95633.232051,41399
95633.242016,41400
95633.252392,41401
95633.260639,41402
95633.272078,41403
95633.282613,41404
95633.291278,41405
95633.300754,41406
95633.310737,41407
95633.319274,41408
95633.327896,41409
95633.337851,41410
95633.346834,41411
95633.356609,41412
95633.368162,41413
95633.377998,41414
95633.389093,41415
95633.398097,41416
95633.406013,41417
95633.414624,41418
95633.423295,41419
95633.431989,41420
95633.439716,41421
95633.448314,41422
95633.456253,41423
95633.466734,41424
95633.478791,41425
95633.487540,41426
95633.497918,41427
95633.508866,41428
95633.518181,41429
95633.526871,41430
95633.535559,41431
95633.545857,41432
95633.555069,41433
95633.563770,41434
95633.572056,41435
95633.582786,41436
95633.592489,41437
95633.603730,41438
95633.612717,41439
95633.621037,41440
95633.629960,41441
95633.639325,41442
95633.647296,41443
95633.655346,41444
95633.665247,41445
95633.675698,41446
95633.685257,41447
95633.693950,41448
95633.704275,41449
95633.716318,41450
95633.725515,41451
95633.734514,41452
95633.745048,41453
95633.752571,41454
95633.761794,41455
95633.770643,41456
95633.780245,41457
95633.788489,41458
95633.796679,41459
95633.805657,41460
95633.814342,41461
95633.825029,41462
95633.834829,41463
95633.845610,41464
95633.854939,41465
95633.863873,41466
95633.873333,41467
95633.883333,41468
95633.893984,41469
95633.902527,41470
95633.911226,41471
95633.918780,41472
95633.928844,41473
95633.939031,41474
95633.947741,41475
95633.956495,41476
95633.966045,41477
95633.974429,41478
95633.982811,41479
95633.990705,41480
95634.000178,41481
95634.010140,41482
95634.019007,41483
95634.028718,41484
95634.038068,41485
95634.046146,41486
95634.055659,41487
95634.065868,41488
95634.074771,41489
95634.084430,41490
95634.095070,41491
95634.103922,41492
95634.112276,41493
95634.121067,41494
95634.130810,41495
95634.139551,41496
95634.148114,41497
95634.157980,41498
95634.167649,41499
95637.002415,41500
95637.051211,41501
95637.057193,41502
95637.063355,41503
95637.069386,41504
95637.075230,41505
95637.081563,41506
95637.087277,41507
95637.093356,41508
95637.099181,41509
95637.104929,41510
95637.110645,41511
95637.116394,41512
95637.122113,41513
95637.127871,41514
95637.133890,41515
95637.139804,41516
95637.145632,41517
95637.151989,41518
95637.157794,41519
95637.163661,41520
95637.169996,41521
95637.175778,41522
95637.181456,41523
95637.187133,41524
95637.193401,41525
95637.199233,41526
95637.205441,41527
95637.211333,41528
95637.217178,41529
95637.223697,41530
95637.229698,41531
95637.235396,41532
95637.241357,41533
95637.247354,41534
95637.253047,41535
95637.258821,41536
95637.264629,41537
95637.270508,41538
95637.276454,41539
95637.282387,41540
95637.288171,41541
95637.294127,41542
95637.300029,41543
95637.305958,41544
95637.311931,41545
95637.317737,41546
95637.323816,41547
95637.329727,41548
95637.335721,41549
95637.341661,41550
95637.347461,41551
95637.353380,41552
95637.360297,41553
95637.367760,41554
95637.374651,41555
95637.382345,41556
95637.388794,41557
95637.394808,41558
95637.400688,41559
95637.406430,41560
95637.412138,41561
95637.417817,41562
95637.423886,41563
95637.429939,41564
95637.436164,41565
95637.442349,41566
95637.448518,41567
95637.454402,41568
95637.460351,41569
95637.466318,41570
95637.472474,41571
95637.478536,41572
95637.484756,41573
95637.490596,41574
95637.496507,41575
95637.502432,41576
95637.508399,41577
95637.514079,41578
95637.519843,41579
95637.525757,41580
95637.531713,41581
95637.537817,41582
95637.543520,41583
95637.549304,41584
95637.555472,41585
95637.561366,41586
95637.567454,41587
95637.573694,41588
95637.580282,41589
95637.586236,41590
95637.592547,41591
95637.598880,41592
95637.606583,41593
95637.612962,41594
95637.620632,41595
95637.627334,41596
95637.633507,41597
95637.639468,41598
95637.645506,41599
95637.653503,41600
95637.659229,41601
95637.664942,41602
95637.670786,41603
95637.676408,41604
95637.682326,41605
95637.688027,41606
95637.693907,41607
95637.699785,41608
95637.705852,41609
95637.711641,41610
95637.717443,41611
95637.723853,41612
95637.730006,41613
95637.736057,41614
95637.742045,41615
95637.747910,41616
95637.753960,41617
95637.759841,41618
95637.765871,41619
95637.771775,41620
95637.777506,41621
95637.783425,41622
95637.789287,41623
95637.795463,41624
95637.801513,41625
95637.807248,41626
95637.812926,41627
95637.818843,41628
95637.824771,41629
95637.830775,41630
95637.837372,41631
95637.843513,41632
95637.849691,41633
95637.855940,41634
95637.862016,41635
95637.868587,41636
95637.874531,41637
95637.880434,41638
95637.886730,41639
95637.892663,41640
95637.898489,41641
95637.904400,41642
95637.910491,41643
95637.916412,41644
95637.922536,41645
95637.928601,41646
95637.934723,41647
95637.940922,41648
95637.946994,41649
95637.953188,41650
95637.959017,41651
95637.964970,41652
95637.970874,41653
95637.976742,41654
95637.982640,41655
95637.988454,41656
95637.994734,41657
95638.000441,41658
95638.006123,41659
95638.012677,41660
95638.018601,41661
95638.024525,41662
95638.030430,41663
95638.036488,41664
95638.042381,41665
95638.048144,41666
95638.054217,41667
95638.059994,41668
95638.066084,41669
95638.072157,41670
95638.077942,41671
95638.083918,41672
95638.089655,41673
95638.095354,41674
95638.101293,41675
95638.107055,41676
95638.112727,41677
95638.118455,41678
95638.124314,41679
95638.130115,41680
95638.136030,41681
95638.142282,41682
95638.148039,41683
95638.154044,41684
95638.159956,41685
95638.165702,41686
95638.171451,41687
95638.177144,41688
95638.182895,41689
95638.188604,41690
95638.194412,41691
95638.200341,41692
95638.206142,41693
95638.212272,41694
95638.218297,41695
95638.224342,41696
95638.231090,41697
95638.237300,41698
95638.243414,41699
95638.251507,41700
95638.257580,41701
95638.263519,41702
95638.269432,41703
95638.275370,41704
95638.281513,41705
95638.287575,41706
95638.293809,41707
95638.299874,41708
95638.305723,41709
95638.311567,41710
95638.317377,41711
95638.323061,41712
95638.329108,41713
95638.335187,41714
95638.341033,41715
95638.346928,41716
95638.352893,41717
95638.358649,41718
95638.364875,41719
95638.371098,41720
95638.377199,41721
95638.383048,41722
95638.389102,41723
95638.395164,41724
95638.400925,41725
95638.406684,41726
95638.412478,41727
95638.418439,41728
95638.424325,41729
95638.430415,41730
95638.436738,41731
95638.442986,41732
95638.448889,41733
95638.454726,41734
95638.460551,41735
95638.466310,41736
95638.472380,41737
95638.478571,41738
95638.484618,41739
95638.490608,41740
95638.496447,41741
95638.502533,41742
95638.508616,41743
95638.514427,41744
95638.520261,41745
95638.526019,41746
95638.531871,41747
95638.538127,41748
95638.543950,41749
95641.825810,41750
95641.837934,41751
95641.847822,41752
95641.857381,41753
95641.863576,41754
95641.869279,41755
95641.875233,41756
95641.880798,41757
95641.886784,41758
95641.893900,41759
95641.900556,41760
95641.907939,41761
95641.913703,41762
95641.919849,41763
95641.925208,41764
95641.932558,41765
95641.939834,41766
95641.947285,41767
95641.953732,41768
95641.960023,41769
95641.965765,41770
95641.971515,41771
95641.978374,41772
95641.983694,41773
95641.990384,41774
95641.995836,41775
95642.001143,41776
95642.006984,41777
95642.012115,41778
95642.018922,41779
95642.024344,41780
95642.030267,41781
95642.037257,41782
95642.043463,41783
95642.050394,41784
95642.055732,41785
95642.063447,41786
95642.069297,41787
95642.075086,41788
95642.080589,41789
95642.086695,41790
95642.093603,41791
95642.101444,41792
95642.107397,41793
95642.113226,41794
95642.120010,41795
95642.126723,41796
95642.132387,41797
95642.137912,41798
95642.143877,41799
95642.150243,41800
95642.155394,41801
95642.162330,41802
95642.167458,41803
95642.174412,41804
95642.181667,41805
95642.186625,41806
95642.193075,41807
95642.198978,41808
95642.203978,41809
95642.209711,41810
95642.215780,41811
95642.220959,41812
95642.226213,41813
95642.232594,41814
95642.237869,41815
95642.243388,41816
95642.248956,41817
95642.254316,41818
95642.259309,41819
95642.265720,41820
95642.272362,41821
95642.277690,41822
95642.283742,41823
95642.289498,41824
95642.294958,41825
95642.302115,41826
95642.309349,41827
95642.315506,41828
95642.321128,41829
95642.327103,41830
95642.333642,41831
95642.338974,41832
95642.344969,41833
95642.349891,41834
95642.356501,41835
95642.361666,41836
95642.367006,41837
95642.373252,41838
95642.378641,41839
95642.384830,41840
95642.391317,41841
95642.397870,41842
95642.404479,41843
95642.410677,41844
95642.418153,41845
95642.423472,41846
95642.429837,41847
95642.436355,41848
95642.441482,41849
95642.448643,41850
95642.453786,41851
95642.460677,41852
95642.465792,41853
95642.471283,41854
95642.476504,41855
95642.482879,41856
95642.488954,41857
95642.496261,41858
95642.501536,41859
95642.506500,41860
95642.511458,41861
95642.518615,41862
95642.524670,41863
95642.530448,41864
95642.537122,41865
95642.542070,41866
95642.549448,41867
95642.555832,41868
95642.561515,41869
95642.567226,41870
95642.573620,41871
95642.578639,41872
95642.584645,41873
95642.591694,41874
95642.597376,41875
95642.602893,41876
95642.608117,41877
95642.613109,41878
95642.618281,41879
95642.623899,41880
95642.631381,41881
95642.636670,41882
95642.642584,41883
95642.647802,41884
95642.653943,41885
95642.661548,41886
95642.667859,41887
95642.673504,41888
95642.679175,41889
95642.684118,41890
95642.689231,41891
95642.696250,41892
95642.701303,41893
95642.707500,41894
95642.713689,41895
95642.718582,41896
95642.723737,41897
95642.729823,41898
95642.735724,41899
95642.740970,41900
95642.746065,41901
95642.752283,41902
95642.759691,41903
95642.765266,41904
95642.770895,41905
95642.776211,41906
95642.781606,41907
95642.787167,41908
95642.793837,41909
95642.799352,41910
95642.805502,41911
95642.810875,41912
95642.816380,41913
95642.823487,41914
95642.831587,41915
95642.837361,41916
95642.842846,41917
95642.848393,41918
95642.854394,41919
95642.860035,41920
95642.865874,41921
95642.871241,41922
95642.877222,41923
95642.883139,41924
95642.889441,41925
95642.896591,41926
95642.905479,41927
95642.911801,41928
95642.919633,41929
95642.925899,41930
95642.932382,41931
95642.939275,41932
95642.945913,41933
95642.951801,41934
95642.957964,41935
95642.963742,41936
95642.968835,41937
95642.975244,41938
95642.980723,41939
95642.987829,41940
95642.995549,41941
95643.000972,41942
95643.007390,41943
95643.013111,41944
95643.018033,41945
95643.023359,41946
95643.029459,41947
95643.037552,41948
95643.043624,41949
95643.051435,41950
95643.056824,41951
95643.063239,41952
95643.069146,41953
95643.076902,41954
95643.082496,41955
95643.087483,41956
95643.094108,41957
95643.100582,41958
95643.107734,41959
95643.113159,41960
95643.118918,41961
95643.126064,41962
95643.132192,41963
95643.138718,41964
95643.145522,41965
95643.152838,41966
95643.158766,41967
95643.164373,41968
95643.169469,41969
95643.175902,41970
95643.182176,41971
95643.187121,41972
95643.192286,41973
95643.197675,41974
95643.202805,41975
95643.207842,41976
95643.214146,41977
95643.220716,41978
95643.227322,41979
95643.232490,41980
95643.237550,41981
95643.242814,41982
95643.248086,41983
95643.253274,41984
95643.258399,41985
95643.263553,41986
95643.270316,41987
95643.275506,41988
95643.282304,41989
95643.288053,41990
95643.294843,41991
95643.300113,41992
95643.305526,41993
95643.310810,41994
95643.316677,41995
95643.321900,41996
95643.327799,41997
95643.333473,41998
95643.338733,41999
95646.382246,42000
95646.391415,42001
95646.399532,42002
95646.408421,42003
95646.415352,42004
95646.423039,42005
95646.431539,42006
95646.440343,42007
95646.447118,42008
95646.453429,42009
95646.462105,42010
95646.468276,42011
95646.474335,42012
95646.480588,42013
95646.488977,42014
95646.495909,42015
95646.501962,42016
95646.509348,42017
95646.517381,42018
95646.524296,42019
95646.532361,42020
95646.541645,42021
95646.547916,42022
95646.555422,42023
95646.561140,42024
95646.567567,42025
95646.573699,42026
95646.581988,42027
95646.589651,42028
95646.596919,42029
95646.605388,42030
95646.614792,42031
95646.625402,42032
95646.633901,42033
95646.640391,42034
95646.647934,42035
95646.655266,42036
95646.661837,42037
95646.669411,42038
95646.678070,42039
95646.684307,42040
95646.691685,42041
95646.700658,42042
95646.708138,42043
95646.716250,42044
95646.726312,42045
95646.735126,42046
95646.742848,42047
95646.750159,42048
95646.756464,42049
95646.762246,42050
95646.769139,42051
95646.774789,42052
95646.783294,42053
95646.790882,42054
95646.797075,42055
95646.803891,42056
95646.811484,42057
95646.817713,42058
95646.824374,42059
95646.831287,42060
95646.837372,42061
95646.844186,42062
95646.850517,42063
95646.856342,42064
95646.864764,42065
95646.872583,42066
95646.881080,42067
95646.888814,42068
95646.895660,42069
95646.905240,42070
95646.911873,42071
95646.919548,42072
95646.927247,42073
95646.934037,42074
95646.941221,42075
95646.947034,42076
95646.953382,42077
95646.960396,42078
95646.968825,42079
95646.974856,42080
95646.981454,42081
95646.987045,42082
95646.995365,42083
95647.003497,42084
95647.012964,42085
95647.022179,42086
95647.029261,42087
95647.037706,42088
95647.046631,42089
95647.054642,42090
95647.063133,42091
95647.070029,42092
95647.080051,42093
95647.091777,42094
95647.100588,42095
95647.111449,42096
95647.119984,42097
95647.127399,42098
95647.134706,42099
95647.145468,42100
95647.154439,42101
95647.161169,42102
95647.168142,42103
95647.174413,42104
95647.183430,42105
95647.191735,42106
95647.202298,42107
95647.211152,42108
95647.218792,42109
95647.225407,42110
95647.232350,42111
95647.240297,42112
95647.247742,42113
95647.254886,42114
95647.263325,42115
95647.270109,42116
95647.277053,42117
95647.283622,42118
95647.290260,42119
95647.298869,42120
95647.305309,42121
95647.314408,42122
95647.322052,42123
95647.330346,42124
95647.336900,42125
95647.343855,42126
95647.356046,42127
95647.362787,42128
95647.370739,42129
95647.377399,42130
95647.384344,42131
95647.391365,42132
95647.399574,42133
95647.405889,42134
95647.411631,42135
95647.417222,42136
95647.423963,42137
95647.432509,42138
95647.441181,42139
95647.447302,42140
95647.456385,42141
95647.462847,42142
95647.468984,42143
95647.477801,42144
95647.483891,42145
95647.490314,42146
95647.497096,42147
95647.505108,42148
95647.512906,42149
95647.518727,42150
95647.524335,42151
95647.535045,42152
95647.541512,42153
95647.549812,42154
95647.557017,42155
95647.562585,42156
95647.568966,42157
95647.576224,42158
95647.582535,42159
95647.590696,42160
95647.599888,42161
95647.608446,42162
95647.614682,42163
95647.623271,42164
95647.630682,42165
95647.636849,42166
95647.645111,42167
95647.651262,42168
95647.659312,42169
95647.670659,42170
95647.677204,42171
95647.685356,42172
95647.693776,42173
95647.700965,42174
95647.708704,42175
95647.716598,42176
95647.725364,42177
95647.734052,42178
95647.739928,42179
95647.745986,42180
95647.753877,42181
95647.761229,42182
95647.768393,42183
95647.776521,42184
95647.784776,42185
95647.790541,42186
95647.798446,42187
95647.806273,42188
95647.813168,42189
95647.822488,42190
95647.829092,42191
95647.834899,42192
95647.846607,42193
95647.855473,42194
95647.861661,42195
95647.867769,42196
95647.873640,42197
95647.879741,42198
95647.885852,42199
95647.896973,42200
95647.905351,42201
95647.913172,42202
95647.921822,42203
95647.931158,42204
95647.939081,42205
95647.945292,42206
95647.952295,42207
95647.959579,42208
95647.966195,42209
95647.974173,42210
95647.981115,42211
95647.988613,42212
95647.995953,42213
95648.003691,42214
95648.009916,42215
95648.017068,42216
95648.025546,42217
95648.033242,42218
95648.039118,42219
95648.046562,42220
95648.055842,42221
95648.063730,42222
95648.069504,42223
95648.078169,42224
95648.084359,42225
95648.090833,42226
95648.096854,42227
95648.105268,42228
95648.112410,42229
95648.118691,42230
95648.125206,42231
95648.131786,42232
95648.138911,42233
95648.146738,42234
95648.153690,42235
95648.162570,42236
95648.169432,42237
95648.178487,42238
95648.186028,42239
95648.193285,42240
95648.200447,42241
95648.206863,42242
95648.212731,42243
95648.221108,42244
95648.230069,42245
95648.238054,42246
95648.244229,42247
95648.250472,42248
95648.258198,42249
95651.701336,42250
95651.717275,42251
95651.726401,42252
95651.736362,42253
95651.746608,42254
95651.756540,42255
95651.766570,42256
95651.776489,42257
95651.786910,42258
95651.797419,42259
95651.807988,42260
95651.818449,42261
95651.827592,42262
95651.838760,42263
95651.849279,42264
95651.859761,42265
95651.870459,42266
95651.880876,42267
95651.889996,42268
95651.900651,42269
95651.910185,42270
95651.918821,42271
95651.928006,42272
95651.937143,42273
95651.947301,42274
95651.957578,42275
95651.967743,42276
95651.977641,42277
95651.987522,42278
95651.998508,42279
95652.008289,42280
95652.018836,42281
95652.029270,42282
95652.039168,42283
95652.048688,42284
95652.057874,42285
95652.067915,42286
95652.076107,42287
95652.084748,42288
95652.095733,42289
95652.105412,42290
95652.115285,42291
95652.125651,42292
95652.136434,42293
95652.146957,42294
95652.156366,42295
95652.166995,42296
95652.176980,42297
95652.188284,42298
95652.198934,42299
95652.208995,42300
95652.219462,42301
95652.230538,42302
95652.240247,42303
95652.250661,42304
95652.262154,42305
95652.272467,42306
95652.282907,42307
95652.293414,42308
95652.303308,42309
95652.312427,42310
95652.321769,42311
95652.332821,42312
95652.343421,42313
95652.353954,42314
95652.364068,42315
95652.373934,42316
95652.382444,42317
95652.392940,42318
95652.402295,42319
95652.410615,42320
95652.419316,42321
95652.429817,42322
95652.440223,42323
95652.450907,42324
95652.460843,42325
95652.471841,42326
95652.482301,42327
95652.493107,42328
95652.503562,42329
95652.512508,42330
95652.523398,42331
95652.533178,42332
95652.542032,42333
95652.550973,42334
95652.560383,42335
95652.569536,42336
95652.580753,42337
95652.590831,42338
95652.600214,42339
95652.610579,42340
95652.620362,42341
95652.631182,42342
95652.642378,42343
95652.652692,42344
95652.663560,42345
95652.674412,42346
95652.684056,42347
95652.694432,42348
95652.703605,42349
95652.715967,42350
95652.726726,42351
95652.736077,42352
95652.744576,42353
95652.754332,42354
95652.764322,42355
95652.774658,42356
95652.784709,42357
95652.794890,42358
95652.803686,42359
95652.813345,42360
95652.823916,42361
95652.835357,42362
95652.846019,42363
95652.855821,42364
95652.867058,42365
95652.877115,42366
95652.886150,42367
95652.897029,42368
95652.906726,42369
95652.917669,42370
95652.929136,42371
95652.939401,42372
95652.948416,42373
95652.958069,42374
95652.969503,42375
95652.979267,42376
95652.988646,42377
95652.998251,42378
95653.008299,42379
95653.018231,42380
95653.028692,42381
95653.037206,42382
95653.047088,42383
95653.057894,42384
95653.068154,42385
95653.078120,42386
95653.086839,42387
95653.095763,42388
95653.105748,42389
95653.115793,42390
95653.124598,42391
95653.134371,42392
95653.142650,42393
95653.152963,42394
95653.163832,42395
95653.173633,42396
95653.183476,42397
95653.193130,42398
95653.203500,42399
95653.212687,42400
95653.223149,42401
95653.232139,42402
95653.242047,42403
95653.253424,42404
95653.264301,42405
95653.272999,42406
95653.283308,42407
95653.292867,42408
95653.303766,42409
95653.313782,42410
95653.324606,42411
95653.336386,42412
95653.346908,42413
95653.356423,42414
95653.365469,42415
95653.373421,42416
95653.383110,42417
95653.394239,42418
95653.404262,42419
95653.413436,42420
95653.424232,42421
95653.434339,42422
95653.445323,42423
95653.455724,42424
95653.466807,42425
95653.478613,42426
95653.488317,42427
95653.498642,42428
95653.508843,42429
95653.517477,42430
95653.528490,42431
95653.537106,42432
95653.547498,42433
95653.556654,42434
95653.566865,42435
95653.575887,42436
95653.585588,42437
95653.598606,42438
95653.610516,42439
95653.622496,42440
95653.633325,42441
95653.642133,42442
95653.652982,42443
95653.664166,42444
95653.675033,42445
95653.685644,42446
95653.696892,42447
95653.707119,42448
95653.717694,42449
95653.730722,42450
95653.740950,42451
95653.751583,42452
95653.760783,42453
95653.770773,42454
95653.780214,42455
95653.789803,42456
95653.798869,42457
95653.808438,42458
95653.816813,42459
95653.826690,42460
95653.837592,42461
95653.848211,42462
95653.858740,42463
95653.869219,42464
95653.878704,42465
95653.887607,42466
95653.898502,42467
95653.908849,42468
95653.918685,42469
95653.928393,42470
95653.938139,42471
95653.947921,42472
95653.958630,42473
95653.969897,42474
95653.980408,42475
95653.990295,42476
95653.999627,42477
95654.008209,42478
95654.017928,42479
95654.028789,42480
95654.039783,42481
95654.050314,42482
95654.061297,42483
95654.071071,42484
95654.080140,42485
95654.089234,42486
95654.099977,42487
95654.110321,42488
95654.119788,42489
95654.130734,42490
95654.140587,42491
95654.151185,42492
95654.160457,42493
95654.170354,42494
95654.178890,42495
95654.187067,42496
95654.195853,42497
95654.206110,42498
95654.216688,42499
95656.006701,42750
95656.103698,42751
95656.110218,42752
95656.116232,42753
95656.122160,42754
95656.128213,42755
95656.134428,42756
95656.140279,42757
95656.146539,42758
95656.152821,42759
95656.159355,42760
95656.165305,42761
95656.171579,42762
95656.177587,42763
95656.183739,42764
95656.190338,42765
95656.196737,42766
95656.202583,42767
95656.208639,42768
95656.214461,42769
95656.220756,42770
95656.226740,42771
95656.232863,42772
95656.238716,42773
95656.245208,42774
95656.251398,42775
95656.257601,42776
95656.263559,42777
95656.269545,42778
95656.275406,42779
95656.281832,42780
95656.288390,42781
95656.294750,42782
95656.300949,42783
95656.307327,42784
95656.313371,42785
95656.319705,42786
95656.325933,42787
95656.331981,42788
95656.337892,42789
95656.344014,42790
95656.349716,42791
95656.355856,42792
95656.361589,42793
95656.367584,42794
95656.373355,42795
95656.379454,42796
95656.385717,42797
95656.392346,42798
95656.398152,42799
95656.406380,42800
95656.412324,42801
95656.418498,42802
95656.424401,42803
95656.430528,42804
95656.436428,42805
95656.442440,42806
95656.448412,42807
95656.455397,42808
95656.461278,42809
95656.468099,42810
95656.474486,42811
95656.481035,42812
95656.487464,42813
95656.493979,42814
95656.500066,42815
95656.506402,42816
95656.512196,42817
95656.518488,42818
95656.525044,42819
95656.531312,42820
95656.537523,42821
95656.544192,42822
95656.550097,42823
95656.556607,42824
95656.562835,42825
95656.569471,42826
95656.575504,42827
95656.581870,42828
95656.588131,42829
95656.594910,42830
95656.600828,42831
95656.607237,42832
95656.613750,42833
95656.620572,42834
95656.627105,42835
95656.634090,42836
95656.640858,42837
95656.647726,42838
95656.654282,42839
95656.661339,42840
95656.668060,42841
95656.674533,42842
95656.680403,42843
95656.686831,42844
95656.693418,42845
95656.699865,42846
95656.706057,42847
95656.712477,42848
95656.718751,42849
95656.725458,42850
95656.731698,42851
95656.738509,42852
95656.744898,42853
95656.751911,42854
95656.758437,42855
95656.765335,42856
95656.771765,42857
95656.778497,42858
95656.784990,42859
95656.792030,42860
95656.798284,42861
95656.804761,42862
95656.811585,42863
95656.818520,42864
95656.825043,42865
95656.831620,42866
95656.837798,42867
95656.844314,42868
95656.850519,42869
95656.857704,42870
95656.864579,42871
95656.871481,42872
95656.877679,42873
95656.884521,42874
95656.891987,42875
95656.899571,42876
95656.906809,42877
95656.914639,42878
95656.921180,42879
95656.927667,42880
95656.933812,42881
95656.940445,42882
95656.946843,42883
95656.954057,42884
95656.960556,42885
95656.967199,42886
95656.973915,42887
95656.980707,42888
95656.986617,42889
95656.993048,42890
95656.998997,42891
95657.005885,42892
95657.011762,42893
95657.017976,42894
95657.024612,42895
95657.030890,42896
95657.036691,42897
95657.042873,42898
95657.048760,42899
95657.058371,42900
95657.064370,42901
95657.070628,42902
95657.076397,42903
95657.082686,42904
95657.088887,42905
95657.095566,42906
95657.101753,42907
95657.108155,42908
95657.114340,42909
95657.120712,42910
95657.126680,42911
95657.133038,42912
95657.139099,42913
95657.145388,42914
95657.151447,42915
95657.157817,42916
95657.163940,42917
95657.170063,42918
95657.175853,42919
95657.182255,42920
95657.188137,42921
95657.195006,42922
95657.202354,42923
95657.210225,42924
95657.217397,42925
95657.224789,42926
95657.231505,42927
95657.237753,42928
95657.243597,42929
95657.249954,42930
95657.256150,42931
95657.262567,42932
95657.268445,42933
95657.274615,42934
95657.280634,42935
95657.287109,42936
95657.293038,42937
95657.299916,42938
95657.305773,42939
95657.312171,42940
95657.318041,42941
95657.324519,42942
95657.330282,42943
95657.336464,42944
95657.342183,42945
95657.348302,42946
95657.354095,42947
95657.360469,42948
95657.366591,42949
95657.372802,42950
95657.378682,42951
95657.385057,42952
95657.391292,42953
95657.397853,42954
95657.403730,42955
95657.409884,42956
95657.415772,42957
95657.422012,42958
95657.427815,42959
95657.434513,42960
95657.440608,42961
95657.447332,42962
95657.453676,42963
95657.459983,42964
95657.465994,42965
95657.472289,42966
95657.478433,42967
95657.484891,42968
95657.490717,42969
95657.496923,42970
95657.503183,42971
95657.509394,42972
95657.515349,42973
95657.522674,42974
95657.528728,42975
95657.535126,42976
95657.541386,42977
95657.547477,42978
95657.553409,42979
95657.559543,42980
95657.565514,42981
95657.572435,42982
95657.578747,42983
95657.585812,42984
95657.591932,42985
95657.598457,42986
95657.604704,42987
95657.611423,42988
95657.617532,42989
95657.624115,42990
95657.630013,42991
95657.636285,42992
95657.642452,42993
95657.649036,42994
95657.655375,42995
95657.662142,42996
95657.667976,42997
95657.674238,42998
95657.680213,42999
95660.369161,43000
95660.378563,43001
95660.385503,43002
95660.392727,43003
95660.399638,43004
95660.406971,43005
95660.413784,43006
95660.420945,43007
95660.427901,43008
95660.434516,43009
95660.440773,43010
95660.446998,43011
95660.453604,43012
95660.460384,43013
95660.466833,43014
95660.474441,43015
95660.480897,43016
95660.487168,43017
95660.494524,43018
95660.501580,43019
95660.508226,43020
95660.514602,43021
95660.522589,43022
95660.530169,43023
95660.536946,43024
95660.543178,43025
95660.550167,43026
95660.556383,43027
95660.562710,43028
95660.570079,43029
95660.578040,43030
95660.586076,43031
95660.594048,43032
95660.600943,43033
95660.607286,43034
95660.615042,43035
95660.621471,43036
95660.628024,43037
95660.636026,43038
95660.642823,43039
95660.649978,43040
95660.657188,43041
95660.665582,43042
95660.671901,43043
95660.679251,43044
95660.685699,43045
95660.692080,43046
95660.698671,43047
95660.705575,43048
95660.711781,43049
95660.720762,43050
95660.728948,43051
95660.736668,43052
95660.744101,43053
95660.752163,43054
95660.758854,43055
95660.765602,43056
95660.772150,43057
95660.778505,43058
95660.784815,43059
95660.792859,43060
95660.800417,43061
95660.806939,43062
95660.813375,43063
95660.819985,43064
95660.827296,43065
95660.834440,43066
95660.841173,43067
95660.848705,43068
95660.855672,43069
95660.861908,43070
95660.868403,43071
95660.874759,43072
95660.881839,43073
95660.889630,43074
95660.896460,43075
95660.902787,43076
95660.909895,43077
95660.916205,43078
95660.922685,43079
95660.928909,43080
95660.937192,43081
95660.944276,43082
95660.951142,43083
95660.957910,43084
95660.964752,43085
95660.971124,43086
95660.977295,43087
95660.983292,43088
95660.990998,43089
95660.997722,43090
95661.005663,43091
95661.012464,43092
95661.019385,43093
95661.025437,43094
95661.032731,43095
95661.041305,43096
95661.048229,43097
95661.054875,43098
95661.061998,43099
95661.068223,43100
95661.074816,43101
95661.081242,43102
95661.088288,43103
95661.094579,43104
95661.101211,43105
95661.107445,43106
95661.114994,43107
95661.121605,43108
95661.129555,43109
95661.136703,43110
95661.143406,43111
95661.150567,43112
95661.158194,43113
95661.164361,43114
95661.171946,43115
95661.178377,43116
95661.185166,43117
95661.191798,43118
95661.199170,43119
95661.207918,43120
95661.215497,43121
95661.223401,43122
95661.230135,43123
95661.238214,43124
95661.246016,43125
95661.254316,43126
95661.261679,43127
95661.268274,43128
95661.276026,43129
95661.283644,43130
95661.290333,43131
95661.296968,43132
95661.303560,43133
95661.310235,43134
95661.316493,43135
95661.323465,43136
95661.331051,43137
95661.339389,43138
95661.345999,43139
95661.352493,43140
95661.359160,43141
95661.366745,43142
95661.373434,43143
95661.380082,43144
95661.387831,43145
95661.396538,43146
95661.404461,43147
95661.411839,43148
95661.419722,43149
95661.428876,43150
95661.435719,43151
95661.442589,43152
95661.450038,43153
95661.456411,43154
95661.462795,43155
95661.470377,43156
95661.476834,43157
95661.483152,43158
95661.489729,43159
95661.496007,43160
95661.502060,43161
95661.509325,43162
95661.515836,43163
95661.522297,43164
95661.530328,43165
95661.536520,43166
95661.543281,43167
95661.550707,43168
95661.556942,43169
95661.563530,43170
95661.570504,43171
95661.579256,43172
95661.585537,43173
95661.593785,43174
95661.602764,43175
95661.609294,43176
95661.615524,43177
95661.624857,43178
95661.631315,43179
95661.637554,43180
95661.643655,43181
95661.650626,43182
95661.656945,43183
95661.666785,43184
95661.672828,43185
95661.678964,43186
95661.685653,43187
95661.694431,43188
95661.701499,43189
95661.707815,43190
95661.713724,43191
95661.719902,43192
95661.726403,43193
95661.734058,43194
95661.740589,43195
95661.746750,43196
95661.756728,43197
95661.764303,43198
95661.774045,43199
95661.780397,43200
95661.786303,43201
95661.792454,43202
95661.799643,43203
95661.805843,43204
95661.812764,43205
95661.818689,43206
95661.824955,43207
95661.831948,43208
95661.840944,43209
95661.850358,43210
95661.856757,43211
95661.863050,43212
95661.869258,43213
95661.876223,43214
95661.882295,43215
95661.888316,43216
95661.895441,43217
95661.904166,43218
95661.910387,43219
95661.916582,43220
95661.924383,43221
95661.931737,43222
95661.939248,43223
95661.945679,43224
95661.951923,43225
95661.958309,43226
95661.965529,43227
95661.972169,43228
95661.978317,43229
95661.984267,43230
95661.990373,43231
95661.996328,43232
95662.002476,43233
95662.008968,43234
95662.015761,43235
95662.021925,43236
95662.029077,43237
95662.037072,43238
95662.044563,43239
95662.050494,43240
95662.056767,43241
95662.064731,43242
95662.071773,43243
95662.078643,43244
95662.084858,43245
95662.091137,43246
95662.097117,43247
95662.103052,43248
95662.108960,43249
95665.056102,43250
95665.063438,43251
95665.068287,43252
95665.073909,43253
95665.078977,43254
95665.085761,43255
95665.091622,43256
95665.096564,43257
95665.103973,43258
95665.110938,43259
95665.118641,43260
95665.126538,43261
95665.131037,43262
95665.135503,43263
95665.140792,43264
95665.146632,43265
95665.151273,43266
95665.157911,43267
95665.165628,43268
95665.170495,43269
95665.175570,43270
95665.180313,43271
95665.185200,43272
95665.191356,43273
95665.195997,43274
95665.200982,43275
95665.208619,43276
95665.213896,43277
95665.219239,43278
95665.224127,43279
95665.229189,43280
95665.234878,43281
95665.240834,43282
95665.245753,43283
95665.250473,43284
95665.258981,43285
95665.266044,43286
95665.271766,43287
95665.277007,43288
95665.281710,43289
95665.288479,43290
95665.294306,43291
95665.299452,43292
95665.306403,43293
95665.313267,43294
95665.320402,43295
95665.325421,43296
95665.330118,43297
95665.335560,43298
95665.342472,43299
95665.350275,43300
95665.355437,43301
95665.360997,43302
95665.366806,43303
95665.373354,43304
95665.380172,43305
95665.385858,43306
95665.390860,43307
95665.397668,43308
95665.403321,43309
95665.408844,43310
95665.413808,43311
95665.418479,43312
95665.423231,43313
95665.427942,43314
95665.432583,43315
95665.440564,43316
95665.446232,43317
95665.453816,43318
95665.461573,43319
95665.469169,43320
95665.477467,43321
95665.486233,43322
95665.491713,43323
95665.499694,43324
95665.506650,43325
95665.512801,43326
95665.520374,43327
95665.525397,43328
95665.530273,43329
95665.538788,43330
95665.545552,43331
95665.551354,43332
95665.558976,43333
95665.563872,43334
95665.571058,43335
95665.577040,43336
95665.583766,43337
95665.589265,43338
95665.596204,43339
95665.602287,43340
95665.607238,43341
95665.613890,43342
95665.620332,43343
95665.626008,43344
95665.632336,43345
95665.639732,43346
95665.644985,43347
95665.650734,43348
95665.656671,43349
95665.663415,43350
95665.669927,43351
95665.674826,43352
95665.679694,43353
95665.685600,43354
95665.690658,43355
95665.695523,43356
95665.701296,43357
95665.708322,43358
95665.714805,43359
95665.720017,43360
95665.727599,43361
95665.732325,43362
95665.738020,43363
95665.743340,43364
95665.748847,43365
95665.754031,43366
95665.759749,43367
95665.766830,43368
95665.772811,43369
95665.779552,43370
95665.785040,43371
95665.790352,43372
95665.795072,43373
95665.799919,43374
95665.804868,43375
95665.810100,43376
95665.815380,43377
95665.821207,43378
95665.826846,43379
95665.831960,43380
95665.837070,43381
95665.842245,43382
95665.847672,43383
95665.854495,43384
95665.861364,43385
95665.866028,43386
95665.870593,43387
95665.874993,43388
95665.881240,43389
95665.889780,43390
95665.897196,43391
95665.903062,43392
95665.907971,43393
95665.914855,43394
95665.921737,43395
95665.928538,43396
95665.933777,43397
95665.939016,43398
95665.944373,43399
95665.953941,43400
95665.960829,43401
95665.968659,43402
95665.975795,43403
95665.982706,43404
95665.988484,43405
95665.993713,43406
95665.998543,43407
95666.003326,43408
95666.009867,43409
95666.014842,43410
95666.021517,43411
95666.027599,43412
95666.033337,43413
95666.040322,43414
95666.046942,43415
95666.052725,43416
95666.059518,43417
95666.067548,43418
95666.072585,43419
95666.079285,43420
95666.086876,43421
95666.093598,43422
95666.100597,43423
95666.108170,43424
95666.114310,43425
95666.121779,43426
95666.130346,43427
95666.137210,43428
95666.143145,43429
95666.148751,43430
95666.156458,43431
95666.164417,43432
95666.169513,43433
95666.176788,43434
95666.182879,43435
95666.188132,43436
95666.192897,43437
95666.200256,43438
95666.205234,43439
95666.210401,43440
95666.216044,43441
95666.221936,43442
95666.227627,43443
95666.232561,43444
95666.239668,43445
95666.246977,43446
95666.251866,43447
95666.256710,43448
95666.263544,43449
95666.269377,43450
95666.274516,43451
95666.279838,43452
95666.285290,43453
95666.291048,43454
95666.295781,43455
95666.300444,43456
95666.305502,43457
95666.312957,43458
95666.321394,43459
95666.326613,43460
95666.334060,43461
95666.341604,43462
95666.348583,43463
95666.355495,43464
95666.362409,43465
95666.371818,43466
95666.379779,43467
95666.387278,43468
95666.393443,43469
95666.398401,43470
95666.403072,43471
95666.407686,43472
95666.414530,43473
95666.419263,43474
95666.424156,43475
95666.428820,43476
95666.436288,43477
95666.440912,43478
95666.446227,43479
95666.453345,43480
95666.458026,43481
95666.464731,43482
95666.470113,43483
95666.476148,43484
95666.481346,43485
95666.487930,43486
95666.494624,43487
95666.499543,43488
95666.504679,43489
95666.511728,43490
95666.518765,43491
95666.526705,43492
95666.531980,43493
95666.538420,43494
95666.543040,43495
95666.548509,43496
95666.554839,43497
95666.561865,43498
95666.568688,43499
95670.017376,43500
95670.030569,43501
95670.040683,43502
95670.049181,43503
95670.057960,43504
95670.066637,43505
95670.075531,43506
95670.084314,43507
95670.093332,43508
95670.103532,43509
95670.112251,43510
95670.120929,43511
95670.129321,43512
95670.137882,43513
95670.145954,43514
95670.154761,43515
95670.163209,43516
95670.173363,43517
95670.183082,43518
95670.192433,43519
95670.202708,43520
95670.212355,43521
95670.221339,43522
95670.230462,43523
95670.239047,43524
95670.248712,43525
95670.257025,43526
95670.264762,43527
95670.272763,43528
95670.280626,43529
95670.291575,43530
95670.302099,43531
95670.312447,43532
95670.322531,43533
95670.331200,43534
95670.340511,43535
95670.350260,43536
95670.360789,43537
95670.370043,43538
95670.379874,43539
95670.391387,43540
95670.401030,43541
95670.411586,43542
95670.420807,43543
95670.431354,43544
95670.440297,43545
95670.449353,43546
95670.458151,43547
95670.466354,43548
95670.476170,43549
95670.487936,43550
95670.497646,43551
95670.507632,43552
95670.518959,43553
95670.527960,43554
95670.537704,43555
95670.547010,43556
95670.557473,43557
95670.566086,43558
95670.574916,43559
95670.587511,43560
95670.595719,43561
95670.604831,43562
95670.615734,43563
95670.626405,43564
95670.636523,43565
95670.645131,43566
95670.654463,43567
95670.662038,43568
95670.670490,43569
95670.679892,43570
95670.689021,43571
95670.696902,43572
95670.704876,43573
95670.713093,43574
95670.723239,43575
95670.732350,43576
95670.742268,43577
95670.750012,43578
95670.758573,43579
95670.767782,43580
95670.776724,43581
95670.786188,43582
95670.794221,43583
95670.804399,43584
95670.814107,43585
95670.823734,43586
95670.832585,43587
95670.840800,43588
95670.849873,43589
95670.859898,43590
95670.868058,43591
95670.876162,43592
95670.886032,43593
95670.895385,43594
95670.903425,43595
95670.912256,43596
95670.922180,43597
95670.930272,43598
95670.939351,43599
95670.948118,43600
95670.958849,43601
95670.969414,43602
95670.979768,43603
95670.989318,43604
95670.997163,43605
95671.006634,43606
95671.016127,43607
95671.023830,43608
95671.034104,43609
95671.042694,43610
95671.053964,43611
95671.065152,43612
95671.073818,43613
95671.083088,43614
95671.093342,43615
95671.102067,43616
95671.109978,43617
95671.119013,43618
95671.129605,43619
95671.138326,43620
95671.149968,43621
95671.159049,43622
95671.167277,43623
95671.175447,43624
95671.184664,43625
95671.193094,43626
95671.202769,43627
95671.212203,43628
95671.221340,43629
95671.230211,43630
95671.238268,43631
95671.246504,43632
95671.255618,43633
95671.266021,43634
95671.275887,43635
95671.289254,43636
95671.300274,43637
95671.308871,43638
95671.318345,43639
95671.326347,43640
95671.335409,43641
95671.342908,43642
95671.353029,43643
95671.362805,43644
95671.370769,43645
95671.380685,43646
95671.389135,43647
95671.400293,43648
95671.409382,43649
95671.422087,43650
95671.431093,43651
95671.441678,43652
95671.452485,43653
95671.461243,43654
95671.468996,43655
95671.479249,43656
95671.487962,43657
95671.496767,43658
95671.505497,43659
95671.513981,43660
95671.523012,43661
95671.531269,43662
95671.540250,43663
95671.549800,43664
95671.559200,43665
95671.567183,43666
95671.575438,43667
95671.583054,43668
95671.592598,43669
95671.603140,43670
95671.611341,43671
95671.620516,43672
95671.628924,43673
95671.637531,43674
95671.647217,43675
95671.656408,43676
95671.665089,43677
95671.672906,43678
95671.680572,43679
95671.688981,43680
95671.696992,43681
95671.706305,43682
95671.715608,43683
95671.726039,43684
95671.734631,43685
95671.742790,43686
95671.751256,43687
95671.760853,43688
95671.769571,43689
95671.780139,43690
95671.788226,43691
95671.796374,43692
95671.804298,43693
95671.814368,43694
95671.823495,43695
95671.833264,43696
95671.842985,43697
95671.852277,43698
95671.860871,43699
95671.871287,43700
95671.879448,43701
95671.887227,43702
95671.895216,43703
95671.905145,43704
95671.913824,43705
95671.921685,43706
95671.929831,43707
95671.938954,43708
95671.948220,43709
95671.958335,43710
95671.966450,43711
95671.974363,43712
95671.982822,43713
95671.991311,43714
95671.998866,43715
95672.008281,43716
95672.019424,43717
95672.029154,43718
95672.041437,43719
95672.050242,43720
95672.058729,43721
95672.067047,43722
95672.076940,43723
95672.086731,43724
95672.094394,43725
95672.101767,43726
95672.110194,43727
95672.119774,43728
95672.130478,43729
95672.140377,43730
95672.149712,43731
95672.158943,43732
95672.169235,43733
95672.176763,43734
95672.186283,43735
95672.196439,43736
95672.204131,43737
95672.213639,43738
95672.222547,43739
95672.230487,43740
95672.238366,43741
95672.246385,43742
95672.256874,43743
95672.264811,43744
95672.274999,43745
95672.283188,43746
95672.293359,43747
95672.304935,43748
95672.316160,43749
95674.809675,43750
95674.859457,43751
95674.865440,43752
95674.871835,43753
95674.877749,43754
95674.884217,43755
95674.890052,43756
95674.895780,43757
95674.901965,43758
95674.907738,43759
95674.913755,43760
95674.919499,43761
95674.925182,43762
95674.930922,43763
95674.936863,43764
95674.943333,43765
95674.949599,43766
95674.955909,43767
95674.964033,43768
95674.973587,43769
95674.979621,43770
95674.985449,43771
95674.991281,43772
95674.997300,43773
95675.003369,43774
95675.009673,43775
95675.015643,43776
95675.021562,43777
95675.027584,43778
95675.033459,43779
95675.039519,43780
95675.045792,43781
95675.051833,43782
95675.057628,43783
95675.063352,43784
95675.069120,43785
95675.075227,43786
95675.081291,43787
95675.087923,43788
95675.093763,43789
95675.099899,43790
95675.105870,43791
95675.111691,43792
95675.117516,43793
95675.123273,43794
95675.129163,43795
95675.134905,43796
95675.140912,43797
95675.146776,43798
95675.152556,43799
95675.160637,43800
95675.166393,43801
95675.172770,43802
95675.178534,43803
95675.184748,43804
95675.190897,43805
95675.196877,43806
95675.202707,43807
95675.208576,43808
95675.214532,43809
95675.220267,43810
95675.225970,43811
95675.231758,43812
95675.237913,43813
95675.244418,43814
95675.250196,43815
95675.256051,43816
95675.262090,43817
95675.268161,43818
95675.273847,43819
95675.280702,43820
95675.291870,43821
95675.299308,43822
95675.305989,43823
95675.312136,43824
95675.318086,43825
95675.323878,43826
95675.329636,43827
95675.335595,43828
95675.341331,43829
95675.347052,43830
95675.352810,43831
95675.358552,43832
95675.364292,43833
95675.370035,43834
95675.375965,43835
95675.381922,43836
95675.387947,43837
95675.393862,43838
95675.399636,43839
95675.405343,43840
95675.411089,43841
95675.416836,43842
95675.422748,43843
95675.428792,43844
95675.434554,43845
95675.440356,43846
95675.446394,43847
95675.452553,43848
95675.458893,43849
95675.464930,43850
95675.471019,43851
95675.477541,43852
95675.483737,43853
95675.489705,43854
95675.495588,43855
95675.501563,43856
95675.507410,43857
95675.513284,43858
95675.519276,43859
95675.525426,43860
95675.531395,43861
95675.537287,43862
95675.543317,43863
95675.549287,43864
95675.555377,43865
95675.561313,43866
95675.567444,43867
95675.573706,43868
95675.580893,43869
95675.587130,43870
95675.593485,43871
95675.599403,43872
95675.605601,43873
95675.612232,43874
95675.618576,43875
95675.624785,43876
95675.630784,43877
95675.636604,43878
95675.642434,43879
95675.648226,43880
95675.654439,43881
95675.660482,43882
95675.666321,43883
95675.672750,43884
95675.678773,43885
95675.684746,43886
95675.690488,43887
95675.696333,43888
95675.702036,43889
95675.707790,43890
95675.713684,43891
95675.720275,43892
95675.726094,43893
95675.732062,43894
95675.737831,43895
95675.743617,43896
95675.749411,43897
95675.755292,43898
95675.761092,43899
95675.768937,43900
95675.774691,43901
95675.780664,43902
95675.786676,43903
95675.792492,43904
95675.798298,43905
95675.804434,43906
95675.810545,43907
95675.816569,43908
95675.822453,43909
95675.828415,43910
95675.834140,43911
95675.839965,43912
95675.846162,43913
95675.852007,43914
95675.857780,43915
95675.863601,43916
95675.869632,43917
95675.875805,43918
95675.881661,43919
95675.887382,43920
95675.893065,43921
95675.898752,43922
95675.904410,43923
95675.910315,43924
95675.916088,43925
95675.921984,43926
95675.927726,43927
95675.933725,43928
95675.939475,43929
95675.945569,43930
95675.951540,43931
95675.957468,43932
95675.963318,43933
95675.969212,43934
95675.975140,43935
95675.981352,43936
95675.987137,43937
95675.993221,43938
95675.999024,43939
95676.005025,43940
95676.010860,43941
95676.016974,43942
95676.022996,43943
95676.028763,43944
95676.034461,43945
95676.040259,43946
95676.046513,43947
95676.052325,43948
95676.058081,43949
95676.064058,43950
95676.069818,43951
95676.075915,43952
95676.082411,43953
95676.088808,43954
95676.094730,43955
95676.100591,43956
95676.106835,43957
95676.115243,43958
95676.121337,43959
95676.127222,43960
95676.133136,43961
95676.138994,43962
95676.144996,43963
95676.151250,43964
95676.157728,43965
95676.164282,43966
95676.170245,43967
95676.176284,43968
95676.182371,43969
95676.188299,43970
95676.194201,43971
95676.200173,43972
95676.208068,43973
95676.214277,43974
95676.220338,43975
95676.226517,43976
95676.232437,43977
95676.238731,43978
95676.244815,43979
95676.250751,43980
95676.256811,43981
95676.262940,43982
95676.269237,43983
95676.275315,43984
95676.281889,43985
95676.287922,43986
95676.294259,43987
95676.299982,43988
95676.305812,43989
95676.311732,43990
95676.317857,43991
95676.323765,43992
95676.329664,43993
95676.335763,43994
95676.342057,43995
95676.347935,43996
95676.353778,43997
95676.359719,43998
95676.365917,43999
95679.277184,44000
95679.286030,44001
95679.291659,44002
95679.298566,44003
95679.304343,44004
95679.311697,44005
95679.318659,44006
95679.324484,44007
95679.330831,44008
95679.336986,44009
95679.344512,44010
95679.350346,44011
95679.355917,44012
95679.360849,44013
95679.367611,44014
95679.374815,44015
95679.380912,44016
95679.387592,44017
95679.394160,44018
95679.400085,44019
95679.405632,44020
95679.412255,44021
95679.417848,44022
95679.423478,44023
95679.428834,44024
95679.436065,44025
95679.441733,44026
95679.447337,44027
95679.452548,44028
95679.459043,44029
95679.464888,44030
95679.471197,44031
95679.478902,44032
95679.485986,44033
95679.493510,44034
95679.501896,44035
95679.508643,44036
95679.514120,44037
95679.519293,44038
95679.526152,44039
95679.532487,44040
95679.537573,44041
95679.542674,44042
95679.549117,44043
95679.555153,44044
95679.561507,44045
95679.566613,44046
95679.572244,44047
95679.577836,44048
95679.584365,44049
95679.592728,44050
95679.599637,44051
95679.604941,44052
95679.610674,44053
95679.616521,44054
95679.621580,44055
95679.626645,44056
95679.631874,44057
95679.637686,44058
95679.644418,44059
95679.651511,44060
95679.657751,44061
95679.663299,44062
95679.669816,44063
95679.676968,44064
95679.682092,44065
95679.687643,44066
95679.692676,44067
95679.697944,44068
95679.703387,44069
95679.710920,44070
95679.717330,44071
95679.723017,44072
95679.728581,44073
95679.734700,44074
95679.739813,44075
95679.745057,44076
95679.750532,44077
95679.756371,44078
95679.761223,44079
95679.767766,44080
95679.773740,44081
95679.780061,44082
95679.785984,44083
95679.791410,44084
95679.797778,44085
95679.803658,44086
95679.809014,44087
95679.814843,44088
95679.820220,44089
95679.825353,44090
95679.830956,44091
95679.836295,44092
95679.842326,44093
95679.847482,44094
95679.852860,44095
95679.860186,44096
95679.866336,44097
95679.871835,44098
95679.878940,44099
95679.884302,44100
95679.890750,44101
95679.897328,44102
95679.902586,44103
95679.908279,44104
95679.915193,44105
95679.920889,44106
95679.927299,44107
95679.933513,44108
95679.938596,44109
95679.944390,44110
95679.949715,44111
95679.955654,44112
95679.961060,44113
95679.968376,44114
95679.973472,44115
95679.978919,44116
95679.984239,44117
95679.989077,44118
95679.995178,44119
95680.000040,44120
95680.006680,44121
95680.013382,44122
95680.020341,44123
95680.026791,44124
95680.033522,44125
95680.039533,44126
95680.045387,44127
95680.051110,44128
95680.057600,44129
95680.063118,44130
95680.069672,44131
95680.076936,44132
95680.082291,44133
95680.087692,44134
95680.094553,44135
95680.100401,44136
95680.105857,44137
95680.111497,44138
95680.116786,44139
95680.122707,44140
95680.129315,44141
95680.134650,44142
95680.139961,44143
95680.145075,44144
95680.150332,44145
95680.155907,44146
95680.162246,44147
95680.167587,44148
95680.172982,44149
95680.180605,44150
95680.185683,44151
95680.190965,44152
95680.196109,44153
95680.201772,44154
95680.206890,44155
95680.213194,44156
95680.219038,44157
95680.224029,44158
95680.229489,44159
95680.236773,44160
95680.242233,44161
95680.248462,44162
95680.255162,44163
95680.261038,44164
95680.267264,44165
95680.274976,44166
95680.281227,44167
95680.286969,44168
95680.293597,44169
95680.300448,44170
95680.305553,44171
95680.312227,44172
95680.318138,44173
95680.324971,44174
95680.330040,44175
95680.336291,44176
95680.342759,44177
95680.349765,44178
95680.355298,44179
95680.360410,44180
95680.365818,44181
95680.373228,44182
95680.380748,44183
95680.386388,44184
95680.392715,44185
95680.398088,44186
95680.404783,44187
95680.409824,44188
95680.416154,44189
95680.421705,44190
95680.426655,44191
95680.432364,44192
95680.439672,44193
95680.445528,44194
95680.450446,44195
95680.455711,44196
95680.460614,44197
95680.467397,44198
95680.474297,44199
95680.480506,44200
95680.485664,44201
95680.490934,44202
95680.495847,44203
95680.501357,44204
95680.506903,44205
95680.513406,44206
95680.519292,44207
95680.524766,44208
95680.532703,44209
95680.540040,44210
95680.547232,44211
95680.552879,44212
95680.560004,44213
95680.566569,44214
95680.574150,44215
95680.582758,44216
95680.590606,44217
95680.596162,44218
95680.602420,44219
95680.609390,44220
95680.615301,44221
95680.620750,44222
95680.625889,44223
95680.631895,44224
95680.637564,44225
95680.643884,44226
95680.649412,44227
95680.654476,44228
95680.659696,44229
95680.665608,44230
95680.670981,44231
95680.676059,44232
95680.682956,44233
95680.689950,44234
95680.695671,44235
95680.700566,44236
95680.708758,44237
95680.714922,44238
95680.720642,44239
95680.725641,44240
95680.733513,44241
95680.738981,44242
95680.748471,44243
95680.755261,44244
95680.760831,44245
95680.767353,44246
95680.772803,44247
95680.781300,44248
95680.786405,44249
95683.734887,44250
95683.744745,44251
95683.753481,44252
95683.762255,44253
95683.772199,44254
95683.781141,44255
95683.787516,44256
95683.793249,44257
95683.801502,44258
95683.808139,44259
95683.815872,44260
95683.825656,44261
95683.833743,44262
95683.839977,44263
95683.847904,44264
95683.854758,44265
95683.861239,44266
95683.868299,44267
95683.875933,44268
95683.882720,44269
95683.888884,44270
95683.894866,44271
95683.902170,44272
95683.910786,44273
95683.917329,44274
95683.924423,44275
95683.930554,44276
95683.938933,44277
95683.945263,44278
95683.951288,44279
95683.959804,44280
95683.967071,44281
95683.973467,44282
95683.979560,44283
95683.985607,44284
95683.993581,44285
95684.000704,44286
95684.007301,44287
95684.013285,44288
95684.019780,44289
95684.027476,44290
95684.033906,44291
95684.042286,44292
95684.052219,44293
95684.059510,44294
95684.066216,44295
95684.074746,44296
95684.083205,44297
95684.089350,44298
95684.096592,44299
95684.111131,44300
95684.120634,44301
95684.129177,44302
95684.135702,44303
95684.143591,44304
95684.150062,44305
95684.157573,44306
95684.165889,44307
95684.172311,44308
95684.178934,44309
95684.184748,44310
95684.191595,44311
95684.197643,44312
95684.204233,44313
95684.210470,44314
95684.217068,44315
95684.225844,44316
95684.232339,44317
95684.240275,44318
95684.249097,44319
95684.258470,44320
95684.265548,44321
95684.272265,44322
95684.280793,44323
95684.287710,44324
95684.295728,44325
95684.302836,44326
95684.311851,44327
95684.318291,44328
95684.327196,44329
95684.337797,44330
95684.346405,44331
95684.354714,44332
95684.361166,44333
95684.367140,44334
95684.376120,44335
95684.382034,44336
95684.389314,44337
95684.398671,44338
95684.405518,44339
95684.411577,44340
95684.420845,44341
95684.426706,44342
95684.433600,44343
95684.441496,44344
95684.450744,44345
95684.456666,44346
95684.463332,44347
95684.471036,44348
95684.477352,44349
95684.485226,44350
95684.491656,44351
95684.500498,44352
95684.508609,44353
95684.517789,44354
95684.524328,44355
95684.532448,44356
95684.539191,44357
95684.548456,44358
95684.554913,44359
95684.561938,44360
95684.570222,44361
95684.578402,44362
95684.588808,44363
95684.595650,44364
95684.603062,44365
95684.612934,44366
95684.620480,44367
95684.629389,44368
95684.636736,44369
95684.644913,44370
95684.652117,44371
95684.658908,44372
95684.667756,44373
95684.673878,44374
95684.682767,44375
95684.689784,44376
95684.698150,44377
95684.706470,44378
95684.714346,44379
95684.721573,44380
95684.730800,44381
95684.738405,44382
95684.744743,44383
95684.750655,44384
95684.758637,44385
95684.766559,44386
95684.774840,44387
95684.781401,44388
95684.789439,44389
95684.795919,44390
95684.803490,44391
95684.809620,44392
95684.815839,44393
95684.822904,44394
95684.829943,44395
95684.836556,44396
95684.843204,44397
95684.851691,44398
95684.858865,44399
95684.870052,44400
95684.876513,44401
95684.883611,44402
95684.889672,44403
95684.895664,44404
95684.903068,44405
95684.910729,44406
95684.919454,44407
95684.927601,44408
95684.935652,44409
95684.942105,44410
95684.948263,44411
95684.957411,44412
95684.965075,44413
95684.973291,44414
95684.981252,44415
95684.989800,44416
95684.998681,44417
95685.005293,44418
95685.012436,44419
95685.018556,44420
95685.025208,44421
95685.032333,44422
95685.038552,44423
95685.046995,44424
95685.055841,44425
95685.062623,44426
95685.070877,44427
95685.080696,44428
95685.092568,44429
95685.100696,44430
95685.107408,44431
95685.116189,44432
95685.123751,44433
95685.132079,44434
95685.140792,44435
95685.148859,44436
95685.155584,44437
95685.161384,44438
95685.167886,44439
95685.173794,44440
95685.180271,44441
95685.186069,44442
95685.194789,44443
95685.203155,44444
95685.211846,44445
95685.218925,44446
95685.225310,44447
95685.231129,44448
95685.239745,44449
95685.248256,44450
95685.256054,44451
95685.264224,44452
95685.270180,44453
95685.279332,44454
95685.287811,44455
95685.296539,44456
95685.303249,44457
95685.309516,44458
95685.316722,44459
95685.323931,44460
95685.332167,44461
95685.340308,44462
95685.348748,44463
95685.359498,44464
95685.366389,44465
95685.372764,44466
95685.379307,44467
95685.387034,44468
95685.393072,44469
95685.399244,44470
95685.405447,44471
95685.411808,44472
95685.421271,44473
95685.429256,44474
95685.437483,44475
95685.445775,44476
95685.457643,44477
95685.465852,44478
95685.472472,44479
95685.480848,44480
95685.489355,44481
95685.497573,44482
95685.509447,44483
95685.518525,44484
95685.524556,44485
95685.532554,44486
95685.538616,44487
95685.547758,44488
95685.554556,44489
95685.563288,44490
95685.570171,44491
95685.576582,44492
95685.583276,44493
95685.590556,44494
95685.596672,44495
95685.603154,44496
95685.610388,44497
95685.618492,44498
95685.626230,44499
95688.670861,44500
95688.684540,44501
95688.695941,44502
95688.707599,44503
95688.718994,44504
95688.728836,44505
95688.739483,44506
95688.750176,44507
95688.762977,44508
95688.773448,44509
95688.783991,44510
95688.793627,44511
95688.804233,44512
95688.814846,44513
95688.826656,44514
95688.836732,44515
95688.847169,44516
95688.857035,44517
95688.867135,44518
95688.878264,44519
95688.890317,44520
95688.900896,44521
95688.911761,44522
95688.922588,44523
95688.932678,44524
95688.941987,44525
95688.954235,44526
95688.965953,44527
95688.976774,44528
95688.987807,44529
95688.998479,44530
95689.010178,44531
95689.020500,44532
95689.033136,44533
95689.044147,44534
95689.055521,44535
95689.065927,44536
95689.075254,44537
95689.086736,44538
95689.099049,44539
95689.111521,44540
95689.122213,44541
95689.133568,44542
95689.145686,44543
95689.157265,44544
95689.168424,44545
95689.177780,44546
95689.189432,44547
95689.199561,44548
95689.210224,44549
95689.223038,44550
95689.232477,44551
95689.244483,44552
95689.254087,44553
95689.265579,44554
95689.276697,44555
95689.287035,44556
95689.296500,44557
95689.306702,44558
95689.319327,44559
95689.330769,44560
95689.341269,44561
95689.351779,44562
95689.361036,44563
95689.370110,44564
95689.378346,44565
95689.388684,44566
95689.397927,44567
95689.406699,44568
95689.415204,44569
95689.424539,44570
95689.434900,44571
95689.443853,44572
95689.453831,44573
95689.463929,44574
95689.473274,44575
95689.483180,44576
95689.494534,44577
95689.504553,44578
95689.515309,44579
95689.524781,44580
95689.535255,44581
95689.544762,44582
95689.557149,44583
95689.566877,44584
95689.576345,44585
95689.586488,44586
95689.595714,44587
95689.604838,44588
95689.614767,44589
95689.625229,44590
95689.634151,44591
95689.644587,44592
95689.655231,44593
95689.666290,44594
95689.675173,44595
95689.686170,44596
95689.695553,44597
95689.705933,44598
95689.716756,44599
95689.726443,44600
95689.735270,44601
95689.744752,44602
95689.755389,44603
95689.766074,44604
95689.776027,44605
95689.786190,44606
95689.795717,44607
95689.806257,44608
95689.814657,44609
95689.823887,44610
95689.832163,44611
95689.840369,44612
95689.848666,44613
95689.858571,44614
95689.867861,44615
95689.878125,44616
95689.886927,44617
95689.896262,44618
95689.904613,44619
95689.914063,44620
95689.923572,44621
95689.932175,44622
95689.941781,44623
95689.950653,44624
95689.960163,44625
95689.969277,44626
95689.977017,44627
95689.986859,44628
95689.996901,44629
95690.006738,44630
95690.017914,44631
95690.027460,44632
95690.036636,44633
95690.046010,44634
95690.055964,44635
95690.065059,44636
95690.073240,44637
95690.082757,44638
95690.092893,44639
95690.102268,44640
95690.110801,44641
95690.121029,44642
95690.130229,44643
95690.140505,44644
95690.150848,44645
95690.161366,44646
95690.170231,44647
95690.178853,44648
95690.188170,44649
95690.198956,44650
95690.208655,44651
95690.219939,44652
95690.229875,44653
95690.238495,44654
95690.248321,44655
95690.258397,44656
95690.267611,44657
95690.278019,44658
95690.287728,44659
95690.298733,44660
95690.308249,44661
95690.318853,44662
95690.329378,44663
95690.340637,44664
95690.350173,44665
95690.359373,44666
95690.367929,44667
95690.378589,44668
95690.389898,44669
95690.398646,44670
95690.406911,44671
95690.419783,44672
95690.430231,44673
95690.440905,44674
95690.450626,44675
95690.460449,44676
95690.469593,44677
95690.480177,44678
95690.491127,44679
95690.501349,44680
95690.511241,44681
95690.521178,44682
95690.529705,44683
95690.539953,44684
95690.550220,44685
95690.560766,44686
95690.570630,44687
95690.581558,44688
95690.590776,44689
95690.600325,44690
95690.610613,44691
95690.621918,44692
95690.631434,44693
95690.641636,44694
95690.652689,44695
95690.663326,44696
95690.672673,44697
95690.682514,44698
95690.691818,44699
95690.701324,44700
95690.710612,44701
95690.721030,44702
95690.731438,44703
95690.741211,44704
95690.750773,44705
95690.761578,44706
95690.770643,44707
95690.779750,44708
95690.789641,44709
95690.799507,44710
95690.808899,44711
95690.818444,44712
95690.826887,44713
95690.837113,44714
95690.848012,44715
95690.857589,44716
95690.865473,44717
95690.873871,44718
95690.883835,44719
95690.893937,44720
95690.903405,44721
95690.914399,44722
95690.923752,44723
95690.934424,44724
95690.943238,44725
95690.954022,44726
95690.964536,44727
95690.975047,44728
95690.985817,44729
95690.996290,44730
95691.006020,44731
95691.016402,44732
95691.026914,44733
95691.038632,44734
95691.048738,44735
95691.059727,44736
95691.070216,44737
95691.080600,44738
95691.091060,44739
95691.102295,44740
95691.113316,44741
95691.125924,44742
95691.135724,44743
95691.145432,44744
95691.156508,44745
95691.165735,44746
95691.175946,44747
95691.185132,44748
95691.193840,44749
