timestamp_s,ram_mb,vram_mb
0.007201,2006.45,386.00
0.107774,2161.45,472.00
0.208312,2164.87,472.00
0.308794,2164.89,472.00
0.409357,2217.51,472.00
0.509850,2218.15,472.00
0.610305,2218.15,472.00
0.710696,2218.15,472.00
0.811098,2218.15,472.00
0.911457,2218.15,472.00
1.012190,3207.96,472.00
1.112729,3894.41,472.00
1.213146,3906.38,472.00
1.313581,3919.41,472.00
1.414084,3962.52,472.00
1.514547,4235.25,530.00
1.615015,4235.27,550.00
1.715622,4230.63,530.00
1.816159,4233.06,550.00
1.916662,4230.60,550.00
2.017211,4231.23,550.00
2.117856,4244.49,550.00
2.218883,4258.41,550.00
2.319625,4267.68,550.00
2.420466,4272.32,550.00
2.521207,4272.32,550.00
2.621833,4272.33,510.00
2.722869,4272.33,550.00
2.823722,4411.41,530.00
2.924664,4576.66,530.00
3.025637,4734.63,530.00
3.126513,5531.84,550.00
3.227303,5527.20,550.00
3.328401,5527.21,550.00
3.429166,5536.47,550.00
3.529663,5536.48,510.00
3.630147,5541.11,550.00
3.730598,5541.11,550.00
3.831109,5541.11,550.00
3.931597,5541.11,530.00
4.032130,5541.11,550.00
4.132618,5541.12,550.00
4.233111,5541.12,550.00
4.333536,5541.12,550.00
4.434056,5541.12,550.00
4.534642,5541.14,550.00
4.635141,5536.52,550.00
4.735630,5522.61,530.00
4.836109,5504.06,550.00
4.936725,5490.15,530.00
5.037175,5480.88,550.00
5.137621,5480.88,550.00
5.238260,5480.89,550.00
5.338846,5480.89,550.00
5.439315,5480.89,550.00
5.539847,5480.89,550.00
5.640352,5480.89,550.00
5.740815,5480.89,550.00
5.841272,5480.89,550.00
5.941709,5480.90,550.00
6.042291,5480.90,550.00
6.142854,5480.90,550.00
6.243359,5480.90,550.00
6.343909,5480.91,550.00
6.444736,5480.93,550.00
6.545765,5796.18,550.00
6.646249,6462.24,550.00
6.746701,6457.60,550.00
6.847178,6462.23,550.00
6.947720,6462.23,550.00
7.048181,6462.23,550.00
7.148817,6462.23,550.00
7.249396,6462.23,550.00
7.350023,6462.22,550.00
7.450505,6462.22,552.00
7.550951,6457.59,530.00
7.651410,6462.22,530.00
7.751900,6462.22,530.00
7.852391,6462.22,550.00
7.952898,6462.23,552.00
8.053426,6462.23,550.00
8.153894,6462.23,550.00
8.254576,6462.23,550.00
8.355320,6462.23,550.00
8.456146,6462.25,550.00
8.556809,6462.27,550.00
8.657755,6462.30,550.00
8.758562,6462.30,550.00
8.859182,6678.64,550.00
8.959630,6678.65,550.00
9.060248,6678.65,550.00
9.160734,6678.65,550.00
9.261160,6678.66,530.00
9.361685,6678.66,550.00
9.462143,6678.66,550.00
9.562654,6674.03,550.00
9.663147,6674.03,550.00
9.763621,6674.03,550.00
9.864140,6674.04,550.00
9.964592,6674.04,550.00
10.065047,6674.04,530.00
10.165517,6674.04,550.00
10.266200,6674.05,550.00
10.367006,6674.08,550.00
10.467654,6674.11,550.00
10.569221,6674.11,550.00
10.669871,6674.11,550.00
10.771121,6660.20,550.00
10.871789,6650.93,550.00
10.972431,6627.75,550.00
11.073070,6618.48,530.00
11.173682,6604.57,550.00
11.274285,6604.57,550.00
11.374990,6604.57,550.00
11.475596,6604.58,550.00
11.576150,6604.58,550.00
11.676624,6604.58,550.00
11.777290,6604.58,550.00
11.877966,6604.58,550.00
11.978718,6604.58,550.00
12.079456,6604.58,550.00
12.180418,6604.59,550.00
12.281367,6604.59,550.00
12.382377,6799.31,550.00
12.482891,7170.21,550.00
12.583539,7170.21,550.00
12.684207,7165.57,550.00
12.784730,7165.57,550.00
12.885166,7165.57,550.00
12.985586,7165.57,550.00
13.086074,7165.57,550.00
13.186486,7165.57,550.00
13.287031,7165.57,530.00
13.387515,7165.57,550.00
13.488001,7165.57,550.00
13.588597,7165.57,550.00
13.689183,7165.58,550.00
13.789783,7165.60,550.00
13.890520,7224.35,550.00
13.991763,7224.35,550.00
14.092897,7224.35,550.00
14.194035,8157.73,550.00
14.294897,8695.51,550.00
14.395926,9210.11,550.00
14.496512,9594.90,550.00
14.596978,9571.72,550.00
14.697470,9553.18,530.00
14.797926,9539.27,550.00
14.898378,9525.36,550.00
14.998900,9526.89,550.00
15.099541,9526.89,550.00
15.200087,9526.89,550.00
15.300611,9540.79,550.00
15.401190,9545.43,550.00
15.501639,9545.42,550.00
15.602277,9545.42,510.00
15.702877,9545.42,550.00
15.803348,9545.41,530.00
15.903773,9545.41,550.00
16.004241,9545.41,530.00
16.104660,9550.04,550.00
16.205239,9554.68,550.00
16.305656,9554.68,550.00
16.406117,9574.18,550.00
16.506631,9663.25,550.00
16.607076,9760.62,550.00
16.707528,9857.36,550.00
16.808515,9862.65,550.00
16.909226,9862.65,550.00
17.010286,9862.65,550.00
17.110924,9862.65,550.00
17.211474,9862.66,530.00
17.311968,9862.66,550.00
17.412654,9862.66,550.00
17.513111,9862.66,550.00
17.613639,9862.66,550.00
17.714320,9862.66,550.00
17.814978,9862.66,530.00
17.915378,9862.66,550.00
18.015846,9862.66,550.00
18.116394,9862.66,550.00
18.216851,9862.66,550.00
18.317444,9862.66,550.00
18.418186,9862.66,550.00
18.518999,9862.67,550.00
18.620302,9862.67,550.00
18.722047,9862.67,550.00
18.823381,9862.67,550.00
18.924794,9862.67,550.00
19.025558,9862.69,550.00
19.126529,10332.47,550.00
19.227485,10717.27,550.00
19.327993,10717.27,554.00
19.428458,10717.27,554.00
19.529184,10717.27,532.00
19.629730,10717.27,552.00
19.730196,10717.27,552.00
19.830717,10717.27,532.00
19.931185,10717.27,552.00
20.031650,10717.27,554.00
20.132143,10717.27,554.00
20.232595,10717.27,552.00
20.333116,10717.27,552.00
20.433854,10717.27,534.00
20.534263,10717.27,554.00
20.634876,10717.27,552.00
20.735455,10717.27,552.00
20.836015,10717.27,554.00
20.936657,10717.27,552.00
21.037189,10717.28,552.00
21.137843,10717.30,552.00
21.238331,10717.32,552.00
21.338889,10737.04,552.00
21.439449,10818.95,552.00
21.540056,10909.75,552.00
21.641102,10922.23,574.00
21.742516,10922.23,574.00
21.843618,10922.23,574.00
21.944878,10922.23,574.00
22.045691,10922.23,574.00
22.146975,10922.25,574.00
22.248252,10922.25,574.00
22.349337,10922.25,574.00
22.450140,11123.07,574.00
22.550692,11252.88,666.00
22.651147,11252.88,732.00
22.751594,11252.88,732.00
22.852104,11252.89,728.00
22.952556,11252.89,686.00
23.053074,11252.89,686.00
23.153544,11252.89,712.00
23.254036,11252.89,682.00
23.354487,11252.89,732.00
23.454917,11252.89,706.00
23.555601,11252.89,662.00
23.656139,11252.89,732.00
23.756596,11252.89,730.00
23.857910,11252.89,644.00
23.959446,11252.89,732.00
24.062404,11252.89,712.00
24.163099,11252.89,668.00
24.263741,11252.89,728.00
24.364401,11252.89,732.00
24.465046,11252.89,732.00
24.565955,11252.89,732.00
24.666680,11252.89,724.00
24.767388,11252.89,706.00
24.868107,11252.89,732.00
24.968800,11252.89,732.00
25.069722,11252.89,752.00
25.170459,11252.89,686.00
25.271177,11252.89,686.00
25.371861,11252.91,686.00
25.472679,11284.98,686.00
25.573579,11358.81,686.00
25.674434,11439.93,686.00
25.775495,11519.14,686.00
25.876820,11598.76,686.00
25.978105,11598.76,686.00
26.078874,11598.76,686.00
26.180100,11598.76,686.00
26.281031,11598.76,686.00
26.382230,11598.76,686.00
26.483082,11598.76,686.00
26.584640,11598.76,686.00
26.685701,11598.76,686.00
26.786600,11598.77,686.00
26.887900,11598.77,686.00
26.989200,11598.77,686.00
27.090517,11839.84,686.00
27.191129,11886.20,550.00
27.291810,11886.20,530.00
27.392286,11886.20,550.00
27.492799,11886.20,510.00
27.593229,11886.20,550.00
27.694572,11886.20,530.00
27.795110,11886.20,550.00
27.896130,11886.20,550.00
27.997338,11886.20,550.00
28.098287,11886.20,550.00
28.198796,11886.20,550.00
28.299654,11886.20,550.00
28.400249,11886.20,550.00
28.500890,11939.91,550.00
28.601571,12028.40,550.00
28.702213,12123.43,550.00
28.802851,12207.68,550.00
28.903883,12251.73,550.00
29.004654,12251.73,550.00
29.106115,12251.73,550.00
29.207745,12251.73,550.00
29.308986,12251.73,550.00
29.409629,12251.73,530.00
29.510231,12251.73,552.00
29.610887,12251.73,530.00
29.711411,12251.73,552.00
29.812138,12251.73,550.00
29.912674,12251.73,532.00
30.013217,12251.73,552.00
30.113921,12251.73,552.00
30.214425,12251.73,552.00
30.314948,12251.73,552.00
30.415448,12251.73,552.00
30.515938,12251.73,552.00
30.616493,12251.73,552.00
30.717322,12251.73,550.00
30.818228,12251.73,552.00
30.919161,12251.73,552.00
31.020212,12251.74,552.00
31.121302,12251.74,552.00
31.222356,12251.74,552.00
31.323166,12251.74,552.00
31.423897,12251.74,552.00
31.524689,12251.74,552.00
31.626037,12251.74,552.00
31.726878,12251.74,552.00
31.827887,12251.74,552.00
31.928812,12251.74,552.00
32.030348,12251.74,552.00
32.131342,12251.74,552.00
32.232596,12342.91,552.00
32.333867,12653.52,552.00
32.435952,12914.67,552.00
32.536452,12995.02,556.00
32.637020,12995.02,536.00
32.737520,12995.02,554.00
32.838026,12995.02,556.00
32.938523,12995.02,556.00
33.039018,12995.02,534.00
33.139460,12995.02,556.00
33.240008,12995.02,534.00
33.340454,12995.02,534.00
33.441053,12995.02,534.00
33.541658,12995.02,554.00
33.642218,12995.02,556.00
33.742841,12995.02,554.00
33.843298,12995.02,534.00
33.943779,12995.02,534.00
34.044276,12995.02,534.00
34.144848,12995.03,534.00
34.245544,13064.19,534.00
34.346262,13156.37,534.00
34.447316,13255.17,534.00
34.548110,13255.17,534.00
34.649066,13255.17,534.00
34.750163,13255.17,534.00
34.851024,13255.17,534.00
34.951794,13255.17,534.00
35.053178,13255.17,534.00
35.154073,13255.17,534.00
35.255240,13255.17,534.00
35.355977,13255.17,534.00
35.457210,13255.17,534.00
35.558038,13255.17,534.00
35.659417,13255.17,534.00
35.760487,13255.17,534.00
35.861683,13255.17,534.00
35.962564,13255.17,534.00
36.063819,13255.17,534.00
36.164898,13464.40,534.00
36.265406,13533.94,692.00
36.365867,13533.94,612.00
36.466333,13533.94,692.00
36.566820,13533.94,672.00
36.667274,13533.94,672.00
36.767742,13533.94,692.00
36.868230,13533.94,694.00
36.968718,13533.94,694.00
37.069090,13533.94,692.00
37.169577,13533.94,692.00
37.270080,13533.94,694.00
37.370568,13533.94,692.00
37.471088,13533.94,694.00
37.571626,13533.94,652.00
37.672114,13533.94,652.00
37.772613,13533.95,654.00
37.873033,13533.95,652.00
37.973497,13533.95,712.00
38.074106,13533.95,672.00
38.174589,13533.95,672.00
38.275163,13533.95,672.00
38.375800,13533.96,672.00
38.476334,13533.98,672.00
38.576809,13591.70,672.00
38.677279,13674.25,672.00
38.777823,13762.73,672.00
38.878346,13848.51,672.00
38.979271,13895.46,672.00
39.079899,13895.46,672.00
39.180859,13895.46,672.00
39.282210,13895.46,672.00
39.382977,13895.46,672.00
39.483701,13895.46,548.00
39.584323,13895.46,550.00
39.684802,13895.46,550.00
39.785286,13895.46,530.00
39.885870,13895.46,550.00
39.986388,13895.46,550.00
40.086876,13895.47,552.00
40.187473,13895.48,550.00
40.288088,13895.49,550.00
40.388765,13895.49,552.00
40.489322,13895.50,532.00
40.590187,13895.51,532.00
40.691198,13895.51,532.00
40.792356,13895.51,532.00
40.893347,13895.51,532.00
40.994409,13895.51,532.00
41.095029,13895.52,550.00
41.195564,13895.52,550.00
41.296030,13895.52,550.00
41.396577,13895.52,530.00
41.497135,13895.53,530.00
41.597586,13895.53,550.00
41.698065,13895.53,530.00
41.798652,13895.54,550.00
41.899178,13895.54,530.00
41.999641,13895.54,550.00
42.100219,13895.54,552.00
42.201067,13895.55,552.00
42.302019,13895.55,552.00
42.403150,13895.55,552.00
42.504023,13895.55,552.00
42.604707,13895.55,552.00
42.705550,13895.55,552.00
42.807007,13895.55,552.00
42.908126,13895.55,552.00
43.008720,13895.55,552.00
43.109254,13895.55,550.00
43.209809,13895.55,530.00
43.310290,13895.55,530.00
43.410792,13895.55,530.00
43.511310,13895.55,530.00
43.611801,13895.55,552.00
43.712247,13895.55,530.00
43.812967,13895.55,552.00
43.913622,13895.55,530.00
44.014223,13895.55,552.00
44.114987,13895.55,552.00
44.215643,13895.55,552.00
44.317328,13895.55,552.00
44.418057,13895.55,552.00
44.519075,13895.55,552.00
44.620227,13895.55,552.00
44.721594,13895.55,552.00
44.822314,13895.55,552.00
44.923853,13895.55,552.00
45.025442,13895.55,552.00
45.126265,13895.55,552.00
45.226847,13895.56,552.00
45.327337,13895.56,530.00
45.427863,13895.56,552.00
45.528319,13895.56,552.00
45.628797,13895.56,550.00
45.729257,13895.56,532.00
45.829726,13895.56,552.00
45.930191,13895.56,552.00
46.031038,13895.56,552.00
46.131626,13895.56,552.00
46.232374,13895.56,552.00
46.332833,13895.56,552.00
46.433366,13895.56,552.00
46.533820,13895.56,552.00
46.634418,13895.56,552.00
46.735380,13895.56,552.00
46.836249,13895.56,552.00
46.937386,13895.56,552.00
47.038834,13895.56,552.00
47.139741,13895.56,552.00
47.240461,13895.56,552.00
47.341937,13895.56,552.00
47.442765,13895.56,552.00
47.543338,13895.57,552.00
47.643887,13895.57,550.00
47.744478,13895.57,552.00
47.845008,13895.57,552.00
47.945481,13895.57,532.00
48.046002,13895.57,550.00
48.146689,13895.57,550.00
48.247263,13895.57,552.00
48.347789,13895.57,530.00
48.448302,13895.57,552.00
48.549074,13895.57,552.00
48.649773,13895.57,550.00
48.750487,13895.57,552.00
48.851398,13895.57,552.00
48.952367,13895.57,552.00
49.053304,13895.57,552.00
49.154107,13895.57,552.00
49.255296,13895.57,552.00
49.356325,13895.57,552.00
49.457483,13895.57,552.00
49.558268,13895.57,552.00
49.658910,13895.57,552.00
49.759369,13895.57,572.00
49.859843,13895.57,552.00
49.960310,13895.57,552.00
50.060771,13895.57,552.00
50.161397,13895.57,552.00
50.262094,13895.57,530.00
50.362565,13895.57,552.00
50.463265,13895.57,530.00
50.563828,13895.57,552.00
50.664329,13895.57,552.00
50.764757,13895.57,552.00
50.865195,13895.57,552.00
50.965727,13895.57,552.00
51.066582,13895.57,532.00
51.167054,13895.57,552.00
51.267549,13895.57,552.00
51.368042,13895.57,552.00
51.468722,13895.57,552.00
51.570360,13895.57,552.00
51.671714,13895.57,552.00
51.773027,13895.57,552.00
51.873801,13895.57,552.00
51.975081,13895.57,552.00
52.076025,13895.57,552.00
52.177743,13895.57,552.00
52.279409,13895.57,552.00
52.380330,13895.57,552.00
52.481182,13895.57,552.00
52.581978,13895.57,552.00
52.683218,13895.57,552.00
52.784152,13895.57,552.00
52.885302,13895.58,552.00
52.986542,13895.59,552.00
53.087217,13895.59,552.00
53.187724,13895.59,552.00
53.288268,13895.59,550.00
53.388773,13895.59,552.00
53.489317,13895.59,552.00
53.589893,13895.59,552.00
53.690450,13895.59,552.00
53.791121,13895.59,552.00
53.891678,13895.59,550.00
53.992417,13895.59,552.00
54.093328,13895.59,552.00
54.193837,13895.59,552.00
54.294534,13895.59,552.00
54.395089,13895.59,532.00
54.495732,13895.59,552.00
54.596353,13895.59,552.00
54.696999,13895.59,552.00
54.797644,13895.59,552.00
54.898174,13895.59,532.00
54.998787,13895.59,552.00
55.099572,13895.59,552.00
55.200414,13895.59,552.00
55.301125,13895.59,552.00
55.401697,13895.59,552.00
55.502593,13895.59,552.00
55.603774,13895.59,552.00
55.704611,13895.59,552.00
55.805488,13895.59,552.00
55.906291,13895.59,552.00
56.007492,13895.59,552.00
56.108476,13895.59,552.00
56.211860,13895.59,552.00
56.313156,13895.59,552.00
56.414382,13895.59,552.00
56.516498,13895.59,552.00
56.617639,13895.59,552.00
56.718478,13895.59,552.00
56.821451,13895.59,552.00
56.922469,13895.59,550.00
57.023102,13895.59,550.00
57.123733,13895.59,550.00
57.224551,13895.59,550.00
57.325303,13895.59,550.00
57.425922,13895.59,552.00
57.526906,13895.59,530.00
57.627527,13895.59,550.00
57.728100,13895.59,552.00
57.828613,13895.59,552.00
57.929089,13895.59,552.00
58.029632,13895.59,552.00
58.130236,13895.59,552.00
58.230953,13895.59,552.00
58.331584,13895.59,552.00
58.432220,13895.59,552.00
58.533387,13895.60,552.00
58.634834,13895.60,552.00
58.736017,13895.60,552.00
58.837461,13895.60,552.00
58.938865,13895.60,552.00
59.039611,13895.60,552.00
59.140425,13895.60,552.00
59.241046,13895.60,532.00
59.341554,13895.60,550.00
59.442101,13895.60,550.00
59.542593,13895.60,550.00
59.643259,13895.60,552.00
59.743733,13895.60,550.00
59.844191,13895.60,552.00
59.944917,13895.60,550.00
60.045588,13895.60,530.00
60.146128,13895.60,550.00
60.246974,13895.60,552.00
60.347707,13895.60,552.00
60.448445,13895.60,552.00
60.549032,13895.60,552.00
60.649769,13895.60,552.00
60.751283,13895.60,552.00
60.852386,13895.60,552.00
60.954335,13895.60,552.00
61.055828,13895.60,552.00
61.156932,13895.60,552.00
61.257970,13895.60,552.00
61.368325,13895.60,552.00
61.469603,13895.60,552.00
61.570702,13895.60,552.00
61.671850,13895.60,552.00
61.773460,13895.60,552.00
61.874651,13895.60,552.00
61.976188,13895.60,552.00
62.076867,13895.61,550.00
62.177347,13895.61,552.00
62.277900,13895.61,552.00
62.378454,13895.61,552.00
62.479017,13895.61,552.00
62.579564,13895.61,552.00
62.680072,13895.61,552.00
62.780630,13895.61,550.00
62.881228,13895.61,552.00
62.981810,13895.61,552.00
63.082403,13895.61,530.00
63.182895,13895.61,550.00
63.283378,13895.61,552.00
63.384086,13895.61,530.00
63.484708,13895.61,530.00
63.585218,13895.61,552.00
63.685721,13895.61,552.00
63.786222,13895.61,552.00
63.886731,13895.61,552.00
63.987710,13895.61,552.00
64.088865,13895.61,552.00
64.189577,13895.61,552.00
64.290411,13895.61,552.00
64.391465,13895.61,552.00
64.492622,13895.61,552.00
64.593456,13895.61,552.00
64.694144,13895.61,552.00
64.795173,13895.61,552.00
64.896485,13895.61,552.00
64.997902,13895.61,552.00
65.099126,13895.61,552.00
65.200419,13895.61,552.00
65.305495,13895.62,552.00
65.406376,13895.63,552.00
65.507728,13988.35,552.00
65.608736,14210.88,552.00
65.710168,14441.46,552.00
65.811271,14632.71,552.00
65.912699,14878.46,552.00
66.013566,15073.18,552.00
66.114357,15258.62,552.00
66.216440,15234.02,552.00
66.317191,15234.02,550.00
66.417924,15234.02,552.00
66.518665,15234.02,530.00
66.619365,15234.02,552.00
66.720152,15234.02,550.00
66.820631,15234.02,552.00
66.921182,15234.02,552.00
67.021749,15234.02,552.00
67.122306,15234.02,550.00
67.222822,15234.02,552.00
67.323495,15234.02,552.00
67.424093,15234.02,552.00
67.524712,15234.02,550.00
67.625352,15234.02,552.00
67.725906,15234.02,550.00
67.826369,15234.02,552.00
67.926851,15234.02,552.00
68.027362,15234.02,552.00
68.128146,15234.02,552.00
68.228935,15234.02,552.00
68.329506,15234.02,552.00
68.430129,15234.02,552.00
68.530704,15234.02,552.00
68.631364,15234.02,552.00
68.731929,15234.02,552.00
68.833026,15234.02,552.00
68.934289,15234.02,552.00
69.035487,15234.02,552.00
69.136502,15234.02,552.00
69.237289,15234.02,552.00
69.338435,15234.02,552.00
69.439196,15234.02,552.00
69.540189,15234.02,552.00
69.640978,15234.02,552.00
69.742202,15234.02,552.00
69.843092,15234.02,552.00
69.943937,15234.02,552.00
70.045201,15234.02,552.00
70.145733,15234.02,552.00
70.246261,15234.02,550.00
70.346808,15234.02,550.00
70.448129,15234.02,550.00
70.548687,15234.02,550.00
70.649153,15234.02,552.00
70.749705,15234.02,552.00
70.850309,15234.02,552.00
70.950813,15234.02,552.00
71.051401,15234.02,550.00
71.152015,15234.02,552.00
71.252528,15234.02,550.00
71.353280,15234.02,512.00
71.454129,15234.02,532.00
71.554900,15234.02,552.00
71.655774,15234.02,552.00
71.756494,15234.02,552.00
71.857932,15234.03,552.00
71.958640,15234.03,552.00
72.059429,15234.03,552.00
72.160282,15234.03,552.00
72.261009,15234.03,552.00
72.361796,15234.03,552.00
72.463039,15234.03,552.00
72.564566,15234.03,552.00
72.666201,15234.03,552.00
72.766973,15234.03,552.00
72.868079,15234.03,552.00
72.969138,15234.03,552.00
73.070034,15234.03,552.00
73.171188,15234.03,552.00
73.272226,15234.03,552.00
73.373041,15234.03,552.00
73.473931,15234.03,552.00
73.574987,15234.03,552.00
73.675760,15234.03,552.00
73.776683,15234.03,552.00
73.877561,15234.03,552.00
73.978569,15234.03,552.00
74.079939,15234.03,552.00
74.180783,15234.03,552.00
74.281860,15234.03,552.00
74.383269,15284.90,552.00
74.483872,15374.65,552.00
74.584578,15374.65,552.00
74.685077,15374.65,554.00
74.785636,15374.65,532.00
74.886131,15374.65,552.00
74.986602,15374.65,554.00
75.087065,15374.65,554.00
75.187609,15374.65,554.00
75.288253,15374.65,554.00
75.388744,15374.65,554.00
75.489252,15374.65,552.00
75.589773,15374.65,554.00
75.690312,15374.65,554.00
75.790829,15374.65,554.00
75.891400,15374.65,554.00
75.991917,15374.65,552.00
76.092403,15374.65,554.00
76.192936,15374.65,552.00
76.293383,15374.65,534.00
76.393887,15374.65,534.00
76.494433,15374.65,534.00
76.595095,15374.65,534.00
76.695771,15374.65,534.00
76.796458,15374.65,534.00
76.897106,15374.65,534.00
76.998235,15374.65,556.00
77.099029,15374.65,556.00
77.200057,15374.65,556.00
77.300811,15374.65,556.00
77.401520,15374.65,556.00
77.502368,15374.65,556.00
77.603601,15374.65,556.00
77.704334,15374.65,556.00
77.805139,15374.65,556.00
77.906031,15374.65,556.00
78.007200,15374.65,556.00
78.108571,15374.65,556.00
78.209520,15374.65,556.00
78.310382,15374.65,556.00
78.411216,15374.65,556.00
78.512304,15374.65,556.00
78.612969,15374.65,556.00
78.714132,15374.65,556.00
78.815041,15374.65,556.00
78.915855,15374.65,556.00
79.017283,15374.65,556.00
79.118165,15374.65,556.00
79.219502,15374.65,556.00
79.320144,15374.65,732.00
79.420741,15374.65,708.00
79.521500,15374.65,724.00
79.622046,15374.65,686.00
79.722511,15374.65,732.00
79.822957,15374.65,732.00
79.923389,15374.65,642.00
80.023806,15374.65,732.00
80.124408,15374.65,708.00
80.224834,15374.65,728.00
80.325310,15374.65,732.00
80.425971,15374.65,668.00
80.526393,15374.65,732.00
80.626925,15374.65,692.00
80.727409,15374.65,686.00
80.827907,15374.65,708.00
80.928340,15374.65,728.00
81.028889,15374.65,684.00
81.129422,15374.65,728.00
81.229970,15374.65,728.00
81.330652,15374.65,708.00
81.431288,15374.65,730.00
81.531852,15374.65,708.00
81.632441,15374.65,708.00
81.733011,15374.65,708.00
81.833658,15374.65,708.00
81.934242,15374.65,708.00
82.034918,15374.65,708.00
82.135504,15374.65,708.00
82.236721,15374.66,708.00
82.337715,15374.66,708.00
82.438970,15374.66,708.00
82.539792,15374.66,708.00
82.640580,15374.66,708.00
82.741897,15374.66,708.00
82.842985,15374.66,708.00
82.943901,15374.66,708.00
83.045164,15374.66,708.00
83.146034,15374.66,708.00
83.247029,15374.66,708.00
83.348087,15374.66,708.00
83.449103,15374.66,708.00
83.550530,15374.66,708.00
83.651431,15374.66,708.00
83.752288,15374.66,708.00
83.853251,15374.66,708.00
83.954079,15374.66,708.00
84.055479,15374.66,708.00
84.156939,15374.66,708.00
84.257548,15483.87,552.00
84.358078,15483.87,552.00
84.458580,15483.87,552.00
84.559047,15483.87,552.00
84.659609,15483.87,550.00
84.760148,15483.87,552.00
84.860629,15483.87,530.00
84.961257,15483.87,530.00
85.061793,15483.87,550.00
85.162378,15483.87,550.00
85.262810,15483.87,552.00
85.363352,15483.87,532.00
85.464100,15483.87,532.00
85.564784,15483.87,532.00
85.665770,15483.87,532.00
85.766791,15483.87,532.00
85.867599,15434.54,532.00
85.968530,15434.54,532.00
86.069748,15434.54,532.00
86.171164,15434.54,532.00
86.271943,15434.54,532.00
86.373181,15434.54,532.00
86.474237,15434.54,532.00
86.575517,15434.54,532.00
86.676347,15434.54,552.00
86.777001,15434.54,552.00
86.877650,15434.54,552.00
86.978321,15434.54,552.00
87.079000,15434.54,552.00
87.179731,15434.54,550.00
87.280217,15434.54,552.00
87.380716,15434.54,552.00
87.481172,15434.54,552.00
87.581683,15434.54,550.00
87.682157,15434.54,552.00
87.782615,15434.54,552.00
87.883126,15434.54,530.00
87.983618,15434.54,552.00
88.084144,15434.54,552.00
88.184624,15434.54,552.00
88.285365,15434.55,552.00
88.386715,15434.55,552.00
88.488295,15434.55,552.00
88.589245,15434.55,552.00
88.690035,15434.55,552.00
88.790784,15434.55,552.00
88.891465,15434.55,552.00
88.992556,15434.55,552.00
89.093991,15434.55,552.00
89.194804,15434.55,552.00
89.296140,15434.55,552.00
89.397627,15434.55,552.00
89.498394,15434.55,552.00
89.599293,15434.55,552.00
89.700710,15434.55,552.00
89.801784,15434.55,552.00
89.903135,15434.55,552.00
90.004024,15434.55,552.00
90.105110,15434.55,552.00
90.206497,15434.55,552.00
90.307322,15578.14,552.00
90.407798,15578.14,556.00
90.508457,15578.14,556.00
90.608983,15578.14,554.00
90.709453,15578.14,556.00
90.809962,15578.14,556.00
90.910468,15578.14,556.00
91.010984,15578.14,554.00
91.111514,15578.14,536.00
91.212027,15578.14,556.00
91.312518,15578.14,556.00
91.413099,15578.14,536.00
91.513679,15578.14,556.00
91.614115,15578.14,556.00
91.714630,15578.14,554.00
91.815326,15578.14,554.00
91.915990,15578.14,554.00
92.016673,15578.14,554.00
92.117532,15578.14,554.00
92.218142,15578.14,554.00
92.318976,15578.14,554.00
92.420256,15511.81,554.00
92.521123,15511.81,554.00
92.621900,15511.81,554.00
92.723198,15511.81,554.00
92.824175,15511.81,554.00
92.924902,15511.81,554.00
93.026316,15511.81,554.00
93.127117,15511.81,554.00
93.227871,15511.81,554.00
93.328608,15511.81,554.00
93.429330,15511.81,554.00
93.530098,15511.81,554.00
93.631007,15511.81,554.00
93.731759,15511.81,554.00
93.832455,15511.81,554.00
93.933214,15511.81,554.00
94.034467,15511.81,554.00
94.135561,15511.81,554.00
94.237060,15511.81,554.00
94.338075,15511.81,554.00
94.438616,15511.81,674.00
94.539102,15511.81,654.00
94.639595,15511.81,654.00
94.740048,15511.81,676.00
94.840652,15511.81,696.00
94.941182,15511.81,696.00
95.041784,15511.81,696.00
95.142288,15511.81,654.00
95.242851,15511.81,674.00
95.343508,15511.81,696.00
95.444089,15511.81,696.00
95.544542,15511.81,676.00
95.645031,15511.81,696.00
95.745502,15511.81,696.00
95.846094,15511.81,674.00
95.946682,15511.81,696.00
96.047154,15511.81,654.00
96.147860,15511.81,674.00
96.248337,15511.81,654.00
96.349039,15511.81,696.00
96.449748,15511.81,654.00
96.550723,15511.81,654.00
96.651719,15511.81,654.00
96.752457,15511.81,654.00
96.853290,15511.81,654.00
96.953903,15511.81,654.00
97.054891,15511.82,654.00
97.156348,15511.82,654.00
97.257452,15511.82,654.00
97.358660,15511.82,654.00
97.460119,15511.82,654.00
97.560960,15511.82,654.00
97.661517,15511.82,552.00
97.762017,15511.82,552.00
97.862482,15511.82,552.00
97.962973,15511.82,552.00
98.063449,15511.82,552.00
98.163963,15511.82,532.00
98.264475,15511.82,552.00
98.364970,15511.82,552.00
98.465476,15511.82,552.00
98.566100,15511.82,552.00
98.666629,15511.82,552.00
98.767174,15511.82,532.00
98.868033,15511.82,532.00
98.969024,15511.82,532.00
99.069903,15511.82,532.00
99.171398,15511.82,532.00
99.272738,15511.82,532.00
99.373432,15511.82,552.00
99.473905,15511.82,552.00
99.574391,15511.82,572.00
99.674861,15511.82,552.00
99.775391,15511.82,552.00
99.875893,15511.82,552.00
99.976345,15511.83,552.00
100.076911,15511.83,552.00
100.177370,15511.83,552.00
100.277847,15511.83,552.00
100.378336,15511.83,552.00
100.479554,15511.83,552.00
100.580425,15511.83,552.00
100.681482,15511.83,552.00
100.782548,15511.83,552.00
100.883359,15511.83,552.00
100.984121,15511.83,552.00
101.084999,15511.83,552.00
101.185521,15511.83,532.00
101.286107,15511.83,552.00
101.386578,15511.83,552.00
101.487218,15511.83,552.00
101.587749,15511.83,552.00
101.688248,15511.83,552.00
101.788827,15511.83,532.00
101.889294,15511.83,552.00
101.989861,15511.83,552.00
102.090349,15511.83,572.00
102.190963,15511.83,552.00
102.291476,15511.83,552.00
102.392176,15511.83,552.00
102.493385,15511.83,552.00
102.594105,15511.83,552.00
102.695243,15511.83,552.00
102.796123,15511.83,552.00
102.896883,15511.83,552.00
102.997797,15511.83,552.00
103.098857,15511.83,552.00
103.199846,15511.83,552.00
103.300645,15511.83,552.00
103.401892,15511.83,552.00
103.502452,15511.83,552.00
103.603028,15511.83,552.00
103.703532,15511.83,552.00
103.804125,15511.83,552.00
103.904593,15511.83,552.00
104.005186,15511.83,552.00
104.105673,15523.79,582.00
104.206200,15523.79,562.00
104.306839,15523.79,582.00
104.407356,15523.79,582.00
104.508128,15523.79,562.00
104.608716,15523.79,582.00
104.709269,15523.79,582.00
104.809757,15523.79,582.00
104.910424,15523.79,582.00
105.011079,15523.79,562.00
105.111791,15523.79,562.00
105.212859,15523.80,562.00
105.313567,15523.80,562.00
105.414278,15523.80,562.00
105.515529,15523.80,562.00
105.616231,15523.80,562.00
105.717209,15523.80,562.00
105.817962,15523.80,562.00
105.919144,15523.80,562.00
106.019658,15523.80,582.00
106.120309,15523.80,582.00
106.220949,15523.80,582.00
106.321619,15523.80,582.00
106.422169,15523.80,562.00
106.522633,15523.80,582.00
106.623167,15523.80,562.00
106.723697,15523.80,562.00
106.824243,15523.80,562.00
106.924781,15523.80,562.00
107.025238,15523.80,582.00
107.125776,15523.80,582.00
107.226273,15523.80,562.00
107.326775,15523.80,562.00
107.427516,15523.80,562.00
107.528715,15523.80,562.00
107.629886,15523.80,562.00
107.730535,15523.80,562.00
107.831655,15523.80,562.00
107.932387,15523.80,562.00
108.033111,15523.80,562.00
108.133825,15523.80,562.00
108.234413,15523.80,582.00
108.334888,15523.80,582.00
108.435362,15523.80,582.00
108.535910,15523.80,582.00
108.636418,15523.80,582.00
108.736945,15523.80,582.00
108.837525,15523.80,582.00
108.938031,15523.80,562.00
109.038604,15523.80,562.00
109.139046,15523.80,582.00
109.239563,15523.80,582.00
109.340035,15523.80,582.00
109.440536,15523.80,582.00
109.541094,15523.80,562.00
109.641603,15523.80,582.00
109.742101,15523.80,582.00
109.842893,15523.80,582.00
109.943591,15523.80,582.00
110.044063,15523.80,562.00
110.145174,15523.80,562.00
110.245998,15523.80,562.00
110.347422,15523.80,562.00
110.448351,15523.80,562.00
110.549299,15523.80,562.00
110.650486,15523.80,562.00
110.751234,15523.80,562.00
110.851879,15523.80,562.00
110.952888,15523.80,562.00
111.054226,15523.80,562.00
111.155204,15523.80,562.00
111.256133,15523.80,562.00
111.356736,15523.80,582.00
111.457201,15523.80,582.00
111.557711,15523.80,582.00
111.658195,15523.80,582.00
111.758789,15523.80,582.00
111.859265,15523.80,582.00
111.959806,15523.80,582.00
112.060327,15523.80,582.00
112.160886,15523.80,582.00
112.261355,15523.80,582.00
112.361849,15523.80,582.00
112.462295,15523.80,582.00
112.562940,15523.80,582.00
112.663545,15523.80,582.00
112.764283,15523.80,582.00
112.865076,15523.80,582.00
112.965609,15523.80,562.00
113.066499,15523.80,562.00
113.167253,15523.80,562.00
113.268055,15523.80,562.00
113.369393,15523.80,562.00
113.470602,15523.80,562.00
113.571444,15523.80,562.00
113.672481,15523.80,562.00
113.773641,15523.80,562.00
113.874407,15523.80,562.00
113.975386,15523.80,562.00
114.076367,15523.80,562.00
114.177388,15523.80,562.00
114.278558,15523.80,562.00
114.379511,15523.80,562.00
114.480727,15523.80,562.00
114.581975,15523.80,562.00
114.682525,15523.80,582.00
114.783072,15523.81,562.00
114.883516,15523.81,582.00
114.984077,15523.81,582.00
115.084514,15523.81,582.00
115.185058,15523.81,582.00
115.285477,15523.81,582.00
115.386051,15523.81,582.00
115.486513,15523.81,582.00
115.587046,15523.81,582.00
115.687690,15523.81,562.00
115.788311,15523.81,582.00
115.889003,15523.81,582.00
115.989515,15523.81,562.00
116.090487,15523.81,562.00
116.191525,15523.81,562.00
116.292453,15523.81,562.00
116.393512,15523.81,562.00
116.494477,15523.81,562.00
116.595772,15523.81,562.00
116.696552,15523.81,562.00
116.797396,15523.81,562.00
116.898098,15523.81,562.00
116.998874,15523.81,562.00
117.100081,15523.81,562.00
117.200785,15523.81,582.00
117.301462,15523.81,582.00
117.401939,15523.81,562.00
117.502470,15523.81,582.00
117.602926,15523.81,562.00
117.703445,15523.81,582.00
117.803975,15523.81,582.00
117.904491,15523.81,582.00
118.005057,15523.81,582.00
118.105652,15523.81,582.00
118.206237,15523.81,562.00
118.306840,15523.81,562.00
118.407761,15523.81,562.00
118.508690,15523.81,562.00
118.609430,15523.81,562.00
118.710978,15523.81,562.00
118.811991,15523.81,562.00
118.912706,15523.81,562.00
119.013822,15523.81,562.00
119.114647,15523.81,562.00
119.215946,15523.81,562.00
119.316873,15523.81,562.00
119.417990,15523.81,562.00
119.519317,15523.81,562.00
119.620250,15523.81,582.00
119.720786,15523.81,562.00
119.821380,15523.81,582.00
119.921896,15523.81,582.00
120.022443,15523.81,582.00
120.122933,15523.81,582.00
120.223454,15523.81,582.00
120.324011,15523.81,582.00
120.424602,15523.81,582.00
120.525081,15523.81,562.00
120.625624,15523.81,582.00
120.726125,15523.81,582.00
120.826585,15523.81,582.00
120.927102,15523.81,562.00
121.027750,15523.81,562.00
121.128589,15523.81,562.00
121.230249,15523.81,562.00
121.331218,15523.81,562.00
121.432349,15523.81,562.00
121.533378,15523.81,562.00
121.634282,15523.81,562.00
121.735165,15523.81,562.00
121.836189,15523.81,562.00
121.937025,15523.81,562.00
122.037762,15523.81,562.00
122.139163,15523.81,562.00
122.240205,15523.81,562.00
122.341106,15523.81,562.00
122.442289,15603.66,562.00
122.543214,15789.09,562.00
122.644411,15918.89,562.00
122.745296,16062.61,562.00
122.846135,16187.78,562.00
122.947320,16354.67,562.00
123.048079,16465.93,562.00
123.148873,16581.82,562.00
123.249676,16544.87,562.00
123.350259,16549.38,582.00
123.450750,16572.55,582.00
123.551365,16600.37,582.00
123.651909,16632.82,582.00
123.752489,16656.00,582.00
123.853079,16679.18,582.00
123.953764,16688.45,582.00
124.054296,16711.63,582.00
124.155048,16744.08,582.00
124.255542,16767.26,582.00
124.356080,16795.08,582.00
124.456695,16818.26,582.00
124.557206,16841.39,582.00
124.657740,16855.34,582.00
124.758181,16859.98,562.00
124.858641,16859.98,562.00
124.959520,16860.07,562.00
125.060277,16878.52,562.00
125.161086,16901.70,562.00
125.262085,16906.34,562.00
125.363268,16906.34,562.00
125.464131,16906.34,562.00
125.565166,16906.34,562.00
125.666343,16906.34,562.00
125.767666,16906.34,562.00
125.868749,16906.34,562.00
125.969438,16906.34,562.00
126.070258,16906.34,562.00
126.171047,16906.34,562.00
126.272052,16906.34,562.00
126.373028,16906.34,562.00
126.473748,16906.34,582.00
126.574403,16906.34,582.00
126.674859,16906.34,582.00
126.775357,16906.34,582.00
126.876067,16906.34,562.00
126.976762,16906.34,582.00
127.077358,16906.34,582.00
127.177892,16906.34,582.00
127.278440,16906.34,582.00
127.379109,16906.34,582.00
127.479584,16906.34,582.00
127.580064,16906.34,562.00
127.680753,16906.34,562.00
127.782090,16906.34,562.00
127.883006,16906.34,562.00
127.984108,16906.34,562.00
128.085540,16906.34,562.00
128.186490,16906.34,562.00
128.287573,16906.34,562.00
128.388287,16906.34,562.00
128.489189,16906.34,562.00
128.590528,16906.34,562.00
128.691500,16906.34,562.00
128.792385,16906.34,562.00
128.893739,16906.34,562.00
128.994843,16906.34,562.00
129.096285,16906.34,562.00
129.197798,16906.34,562.00
129.299011,16906.34,562.00
129.399928,16906.34,562.00
129.501343,16906.34,562.00
129.602141,16906.34,562.00
129.702967,16906.34,562.00
129.803572,16906.35,584.00
129.904184,16906.35,584.00
130.004890,16906.35,564.00
130.105501,16906.35,584.00
130.206157,16906.35,564.00
130.306603,16906.35,584.00
130.407174,16906.35,562.00
130.507657,16906.35,564.00
130.608165,16906.35,584.00
130.708647,16906.35,584.00
130.809112,16906.35,584.00
130.909561,16906.35,586.00
131.010054,16906.35,584.00
131.110492,16906.35,584.00
131.210991,16906.35,586.00
131.311535,16906.35,584.00
131.414104,16906.35,584.00
131.514769,16906.35,564.00
131.615429,16906.35,564.00
131.716136,16906.35,564.00
131.816928,16906.35,564.00
131.917418,16906.35,564.00
132.018333,16906.35,564.00
132.119679,16906.36,586.00
132.220918,16906.36,586.00
132.321686,16906.36,586.00
132.422524,16906.36,586.00
132.523244,16906.36,586.00
132.624074,16906.36,586.00
132.724829,16906.36,586.00
132.826010,16906.36,586.00
132.926901,16906.36,586.00
133.027824,16906.36,586.00
133.128738,16906.36,586.00
133.229566,16906.36,586.00
133.330643,16906.36,586.00
133.431465,16906.36,586.00
133.532236,16906.36,586.00
133.633026,16906.36,586.00
133.733820,16906.36,586.00
133.834615,16906.36,586.00
133.935809,16906.36,586.00
134.036980,16906.36,586.00
134.137798,16906.36,586.00
134.239002,16906.36,586.00
134.340007,16906.36,586.00
134.440601,16924.90,698.00
134.541145,16924.90,718.00
134.641685,16924.90,702.00
134.742161,16924.90,742.00
134.842677,16924.90,652.00
134.943141,16924.90,758.00
135.043591,16924.90,742.00
135.144007,16924.90,698.00
135.244483,16924.90,734.00
135.344973,16924.90,718.00
135.445471,16924.90,722.00
135.546103,16924.90,748.00
135.646575,16924.90,746.00
135.747172,16924.90,700.00
135.847750,16924.90,748.00
135.948339,16924.90,746.00
136.048770,16924.90,748.00
136.149343,16924.91,748.00
136.249941,16924.91,722.00
136.350365,16924.91,700.00
136.450857,16924.91,744.00
136.551356,16924.91,700.00
136.651916,16924.91,744.00
136.752543,16924.91,744.00
136.853011,16924.91,744.00
136.953707,16924.91,744.00
137.054340,16924.91,744.00
137.155350,16924.91,744.00
137.256120,16924.91,744.00
137.356843,16924.91,744.00
137.457494,16924.91,744.00
137.558793,16924.91,744.00
137.659661,16924.91,744.00
137.760406,16924.91,744.00
137.861181,16924.91,744.00
137.961961,16924.91,744.00
138.062707,16924.91,744.00
138.163502,16924.91,744.00
138.264610,16924.91,744.00
138.365376,16924.91,744.00
138.466458,16924.91,744.00
138.567630,16924.91,744.00
138.668487,16924.91,744.00
138.769520,16924.91,744.00
138.870222,16924.91,744.00
138.971132,16924.91,744.00
139.072023,16924.91,744.00
139.172738,16924.91,744.00
139.273503,16924.91,744.00
139.374833,16924.91,744.00
139.475949,16924.91,744.00
139.576691,16924.91,744.00
139.677819,16924.91,744.00
139.778783,16957.36,744.00
139.879316,16980.67,586.00
139.979827,16980.67,586.00
140.080367,16980.67,566.00
140.180940,16980.67,566.00
140.281449,16980.67,566.00
140.381959,16980.67,586.00
140.482454,16980.67,586.00
140.582981,16980.67,586.00
140.683494,16989.82,566.00
140.784021,16994.46,566.00
140.884539,17003.73,546.00
140.985053,17003.73,546.00
141.085519,17003.73,546.00
141.186205,17003.73,546.00
141.286840,17003.73,546.00
141.387380,17003.73,546.00
141.488653,17003.73,546.00
141.590064,17003.73,546.00
141.690931,17003.73,546.00
141.791619,17003.73,546.00
141.892610,17003.73,546.00
141.993683,17003.73,546.00
142.094467,17003.73,546.00
142.195167,17003.73,546.00
142.295832,17003.73,566.00
142.396301,17003.73,586.00
142.496822,17003.73,586.00
142.597413,17003.73,586.00
142.697901,17003.73,586.00
142.798359,17003.73,586.00
142.898821,17003.73,586.00
142.999330,17003.73,566.00
143.099974,17003.73,586.00
143.200471,17003.73,586.00
143.301029,17003.73,566.00
143.401611,17003.73,546.00
143.502137,17003.73,566.00
143.602841,17003.73,566.00
143.703366,17003.73,586.00
143.804122,17003.73,586.00
143.905302,17003.73,586.00
144.006757,17003.73,586.00
144.108093,17003.73,586.00
144.208897,17003.73,586.00
144.310238,17003.73,586.00
144.411097,17003.73,586.00
144.511764,17003.73,586.00
144.612562,17003.73,586.00
144.713841,17003.73,586.00
144.814781,17003.73,586.00
144.916131,17003.73,586.00
145.016942,17003.73,586.00
145.118186,17003.73,586.00
145.219652,17003.73,586.00
145.320591,17003.73,586.00
145.421759,17003.73,586.00
145.522586,17003.73,586.00
145.623361,17003.73,586.00
145.724291,17003.73,586.00
145.825749,17059.36,586.00
145.926307,17101.09,590.00
146.026802,17101.09,590.00
146.127413,17101.09,590.00
146.228067,17101.09,570.00
146.328549,17101.09,590.00
146.429055,17101.09,590.00
146.529620,17101.09,572.00
146.630045,17101.09,572.00
146.730573,17101.09,572.00
146.831094,17101.09,572.00
146.931711,17101.09,592.00
147.032269,17101.10,572.00
147.132893,17101.10,572.00
147.233543,17101.10,592.00
147.334150,17101.10,592.00
147.434645,17101.10,570.00
147.535355,17101.10,570.00
147.636345,17101.10,570.00
147.737108,17101.10,570.00
147.837768,17101.10,570.00
147.938785,17101.10,570.00
148.040261,17101.10,570.00
148.141239,17101.10,570.00
148.242411,17101.10,570.00
148.343351,17101.10,570.00
148.444119,17101.10,570.00
148.545197,17101.10,570.00
148.645978,17101.10,570.00
148.746714,17101.10,570.00
148.847650,17101.10,570.00
148.949031,17101.10,570.00
149.050058,17101.10,570.00
149.151962,17101.10,570.00
149.252805,17101.10,570.00
149.354128,17101.10,570.00
149.455465,17101.10,570.00
149.556266,17101.10,570.00
149.657030,17101.10,570.00
149.757750,17101.10,570.00
149.858494,17101.10,570.00
149.959140,17101.10,688.00
150.059760,17101.10,688.00
150.160268,17101.10,710.00
150.260934,17101.10,688.00
150.361415,17101.10,710.00
150.461905,17101.10,690.00
150.562390,17101.10,648.00
150.662966,17101.10,688.00
150.763560,17101.10,706.00
150.864225,17101.10,726.00
150.964984,17101.10,726.00
151.065803,17101.10,706.00
151.166324,17101.10,726.00
151.266780,17101.10,726.00
151.367359,17101.10,686.00
151.467841,17101.10,726.00
151.568341,17101.10,684.00
151.668983,17101.10,684.00
151.769584,17054.87,684.00
151.869987,17054.87,706.00
151.970549,17054.87,684.00
152.071299,17054.87,684.00
152.172041,17054.87,684.00
152.272929,17054.87,684.00
152.373745,17054.87,684.00
152.474516,17054.87,684.00
152.575598,17054.88,684.00
152.676276,17054.88,684.00
152.777180,17054.88,684.00
152.878075,17054.88,684.00
152.978826,17054.88,684.00
153.079503,17054.88,684.00
153.180123,17054.88,684.00
153.280620,17054.88,566.00
153.381090,17054.88,566.00
153.481595,17054.88,566.00
153.582059,17054.88,566.00
153.682518,17054.88,566.00
153.783139,17054.88,566.00
153.883728,17054.88,586.00
153.984256,17054.88,586.00
154.084941,17054.88,566.00
154.185545,17054.88,566.00
154.286154,17054.88,586.00
154.386647,17054.88,566.00
154.488056,17054.88,566.00
154.588930,17054.88,566.00
154.689607,17054.88,566.00
154.790886,17054.88,566.00
154.891801,17054.88,566.00
154.992361,17054.88,546.00
155.092886,17054.88,566.00
155.193385,17054.88,566.00
155.293901,17054.88,566.00
155.394415,17054.88,566.00
155.495245,17054.88,566.00
155.595757,17054.88,566.00
155.696344,17054.88,566.00
155.796880,17054.88,566.00
155.897389,17054.88,566.00
155.997960,17054.88,566.00
156.099348,17054.88,566.00
156.200578,17054.88,566.00
156.301866,17054.88,566.00
156.403105,17054.88,566.00
156.503834,17054.88,566.00
156.604720,17054.88,566.00
156.705396,17054.88,566.00
156.805991,17054.88,586.00
156.906414,17054.88,566.00
157.006903,17054.88,546.00
157.107442,17054.88,586.00
157.207927,17054.88,566.00
157.308409,17054.88,566.00
157.408903,17054.88,566.00
157.509409,17054.88,566.00
157.609967,17054.88,546.00
157.710484,17054.88,566.00
157.810996,17054.88,566.00
157.911489,17054.88,566.00
158.012221,17054.88,566.00
158.113132,17054.89,566.00
158.214171,17054.89,566.00
158.315119,17054.89,566.00
158.415888,17054.89,566.00
158.516551,17054.89,566.00
158.617410,17054.89,566.00
158.718194,17054.89,566.00
158.818842,17054.89,566.00
158.919931,17054.89,566.00
159.021199,17054.89,566.00
159.121992,17054.89,566.00
159.222541,17054.89,566.00
159.323018,17054.89,566.00
159.423487,17054.89,566.00
159.524133,17054.89,566.00
159.624662,17054.89,586.00
159.725333,17054.89,566.00
159.826103,17054.89,566.00
159.926896,17054.90,586.00
160.027425,17054.90,566.00
160.127915,17054.91,586.00
160.228637,17054.91,566.00
160.329451,17054.91,566.00
160.430623,17054.91,566.00
160.531561,17054.91,566.00
160.632900,17054.91,566.00
160.733613,17054.91,566.00
160.834637,17054.91,566.00
160.936040,17054.91,566.00
161.036831,17054.91,566.00
161.137383,17054.91,566.00
161.237821,17054.91,566.00
161.338405,17054.91,566.00
161.438883,17054.91,566.00
161.539455,17054.91,546.00
161.639963,17054.91,586.00
161.740441,17054.91,566.00
161.841115,17054.91,566.00
161.941682,17054.91,566.00
162.042153,17054.91,566.00
162.142625,17054.91,546.00
162.243173,17054.91,566.00
162.343697,17054.91,566.00
162.445014,17054.91,566.00
162.546355,17054.91,566.00
162.647250,17054.91,566.00
162.748260,17054.91,566.00
162.849512,17054.91,566.00
162.951161,17054.91,566.00
163.052060,17054.91,566.00
163.152604,17054.91,586.00
163.253076,17054.91,566.00
163.353517,17054.91,566.00
163.454013,17054.91,586.00
163.554529,17054.91,546.00
163.655089,17054.91,566.00
163.755553,17054.91,566.00
163.856156,17054.91,566.00
163.956679,17054.91,586.00
164.057194,17054.91,566.00
164.157653,17054.91,566.00
164.258155,17054.91,566.00
164.358755,17054.91,566.00
164.459270,17054.91,566.00
164.559808,17054.91,586.00
164.660333,17054.91,566.00
164.760774,17054.91,566.00
164.861239,17054.91,566.00
164.961732,17054.91,566.00
165.062237,17054.91,566.00
165.162743,17054.91,566.00
165.263698,17054.91,566.00
165.364565,17054.91,566.00
165.465755,17054.91,566.00
165.567079,17054.91,566.00
165.667959,17054.91,566.00
165.768840,17054.91,566.00
165.869529,17054.91,566.00
165.970828,17054.91,566.00
166.072278,17054.91,566.00
166.173356,17054.91,566.00
166.274314,17054.91,566.00
166.375194,17054.91,566.00
166.475969,17054.91,566.00
166.576717,17054.91,566.00
166.677385,17054.91,586.00
166.777860,17054.91,566.00
166.878327,17054.91,586.00
166.978812,17054.91,566.00
167.079509,17054.91,566.00
167.180219,17054.91,586.00
167.280855,17054.91,566.00
167.381665,17054.91,566.00
167.482327,17054.91,566.00
167.583047,17054.91,586.00
167.683690,17054.91,546.00
167.784205,17054.91,566.00
167.884763,17054.91,586.00
167.985266,17054.91,566.00
168.086092,17054.91,566.00
168.186991,17054.91,566.00
168.288125,17054.91,566.00
168.388995,17054.91,566.00
168.489791,17054.91,566.00
168.590509,17054.91,566.00
168.691981,17054.91,566.00
168.792895,17054.91,566.00
168.893796,17054.91,566.00
168.994601,17054.91,566.00
169.096069,17054.91,566.00
169.197055,17054.91,566.00
169.297930,17054.91,566.00
169.399342,17054.91,566.00
169.499982,17054.91,566.00
169.600525,17054.91,566.00
169.701062,17054.91,566.00
169.801618,17054.91,566.00
169.902049,17054.91,586.00
170.002528,17054.91,566.00
170.103127,17054.91,586.00
170.203607,17054.91,566.00
170.304124,17054.91,566.00
170.404729,17054.91,546.00
170.505210,17054.91,586.00
170.605818,17054.91,586.00
170.706293,17054.91,566.00
170.806795,17054.91,566.00
170.907367,17054.91,566.00
171.008145,17054.91,566.00
171.109102,17054.91,566.00
171.210094,17054.91,566.00
171.310939,17054.91,566.00
171.415117,17054.91,566.00
171.516083,17054.91,566.00
171.617099,17054.91,566.00
171.718462,17054.91,566.00
171.819856,17054.91,566.00
171.920542,17054.91,566.00
172.021037,17054.91,586.00
172.121554,17054.91,566.00
172.222074,17054.91,566.00
172.322598,17054.91,566.00
172.423218,17054.91,566.00
172.523763,17054.91,566.00
172.624315,17054.91,566.00
172.724880,17054.91,566.00
172.825382,17054.91,566.00
172.925932,17054.91,566.00
173.026595,17054.91,566.00
173.127256,17054.91,566.00
173.228168,17054.91,566.00
173.328819,17054.91,566.00
173.429883,17054.91,566.00
173.530686,17054.91,566.00
173.631432,17054.91,566.00
173.732524,17054.91,566.00
173.833335,17054.91,566.00
173.934463,17054.91,566.00
174.035637,17054.91,566.00
174.136813,17054.91,566.00
174.237906,17054.91,566.00
174.338532,17054.91,566.00
174.439343,17054.91,566.00
174.540020,17054.92,566.00
174.640634,17054.92,566.00
174.741185,17054.92,566.00
174.841711,17054.92,586.00
174.942157,17054.92,566.00
175.042758,17054.92,566.00
175.143494,17054.92,566.00
175.244031,17054.92,566.00
175.344529,17054.92,566.00
175.444990,17054.92,566.00
175.545513,17054.92,566.00
175.646071,17054.92,566.00
175.746607,17054.92,586.00
175.847093,17054.92,566.00
175.947592,17054.92,566.00
176.048195,17054.92,566.00
176.148884,17054.92,566.00
176.249611,17054.92,566.00
176.350555,17054.92,566.00
176.451285,17054.92,566.00
176.552302,17054.92,566.00
176.653558,17054.92,566.00
176.754239,17054.92,566.00
176.855664,17054.92,566.00
176.956417,17054.92,566.00
177.057650,17054.92,566.00
177.158626,17054.92,566.00
177.259733,17054.92,566.00
177.361009,17054.92,566.00
177.461749,17054.92,566.00
177.562564,17054.92,566.00
177.663439,17054.92,566.00
177.764900,17054.92,566.00
177.865705,17054.92,566.00
177.966459,17054.92,566.00
178.067267,17054.92,566.00
178.168473,17064.06,566.00
178.269137,17129.09,566.00
178.369639,17129.09,566.00
178.470173,17129.09,566.00
178.570703,17133.60,566.00
178.671167,17166.05,566.00
178.771808,17179.96,586.00
178.872464,17189.23,566.00
178.973114,17212.41,566.00
179.073679,17226.32,586.00
179.174394,17254.13,566.00
179.275022,17277.31,566.00
179.375621,17300.49,566.00
179.476399,17300.49,566.00
179.576964,17300.49,566.00
179.677791,17300.49,566.00
179.778442,17300.49,566.00
179.879116,17300.49,566.00
179.979912,17300.50,566.00
180.080693,17300.50,566.00
180.181787,17300.50,566.00
180.283125,17300.50,566.00
180.384089,17300.50,566.00
180.484910,17300.50,566.00
180.586331,17300.50,566.00
180.687524,17300.50,566.00
180.788859,17300.50,566.00
180.890333,17300.50,566.00
180.991038,17300.50,566.00
181.091658,17300.50,566.00
181.192353,17300.50,566.00
181.293157,17300.50,566.00
181.393997,17300.50,586.00
181.494465,17300.50,566.00
181.595010,17300.50,566.00
181.695663,17300.50,586.00
181.796403,17300.50,546.00
181.897226,17300.50,566.00
181.997950,17300.51,566.00
182.098657,17300.51,566.00
182.199482,17300.51,566.00
182.300218,17300.51,566.00
182.400919,17300.51,566.00
182.502071,17300.51,566.00
182.602987,17300.51,566.00
182.704003,17300.51,566.00
182.805055,17300.51,566.00
182.905866,17300.51,566.00
183.007025,17300.51,566.00
183.107786,17300.51,566.00
183.208856,17300.51,566.00
183.309973,17300.51,566.00
183.410728,17300.51,566.00
183.511542,17300.51,566.00
183.612622,17300.51,566.00
183.713648,17300.51,566.00
183.814758,17300.51,566.00
183.915620,17300.51,566.00
184.016496,17300.51,566.00
184.117375,17300.51,566.00
184.218197,17300.51,566.00
184.319323,17300.51,566.00
184.420501,17300.51,566.00
184.521570,17300.51,566.00
184.622206,17300.51,588.00
184.722747,17300.51,588.00
184.823243,17300.51,568.00
184.923770,17300.51,566.00
185.024287,17300.51,568.00
185.124786,17300.51,548.00
185.225248,17300.51,568.00
185.325792,17300.51,568.00
185.426332,17300.51,568.00
185.526974,17300.51,568.00
185.627524,17300.51,588.00
185.728023,17300.51,590.00
185.828570,17300.51,570.00
185.929099,17300.51,588.00
186.029699,17300.51,568.00
186.130230,17300.51,588.00
186.230865,17300.51,570.00
186.331533,17300.51,588.00
186.432146,17300.51,588.00
186.532685,17300.51,588.00
186.633538,17300.51,588.00
186.734190,17300.51,588.00
186.835841,17300.52,588.00
186.937283,17300.52,588.00
187.037971,17300.52,588.00
187.138727,17300.52,588.00
187.239805,17300.52,588.00
187.340752,17300.52,588.00
187.441597,17300.52,588.00
187.542957,17300.52,588.00
187.644335,17300.52,588.00
187.745824,17300.52,588.00
187.846987,17300.52,588.00
187.947912,17300.52,588.00
188.049142,17300.52,588.00
188.150201,17300.52,588.00
188.251078,17300.52,588.00
188.352204,17300.52,588.00
188.453362,17300.52,588.00
188.554871,17300.52,588.00
188.655634,17300.52,588.00
188.756463,17300.52,588.00
188.857059,17300.52,748.00
188.957604,17300.52,748.00
189.058133,17300.52,744.00
189.158592,17300.52,748.00
189.259113,17300.52,748.00
189.359672,17300.52,752.00
189.460180,17300.52,704.00
189.560659,17300.52,728.00
189.661175,17300.52,724.00
189.761646,17300.52,754.00
189.862230,17300.52,752.00
189.962750,17300.52,728.00
190.063265,17300.52,752.00
190.163751,17300.52,752.00
190.264221,17300.52,742.00
190.364688,17300.52,740.00
190.467013,17300.52,744.00
190.567688,17300.52,720.00
190.669265,17300.52,674.00
190.769746,17300.52,742.00
190.870236,17300.52,740.00
190.970697,17300.52,744.00
191.071223,17300.52,740.00
191.171809,17300.52,744.00
191.272329,17300.52,700.00
191.372886,17300.52,700.00
191.473403,17300.52,700.00
191.574117,17300.52,700.00
191.674702,17300.52,700.00
191.775367,17300.52,700.00
191.876690,17300.52,700.00
191.977900,17300.52,700.00
192.079328,17300.52,700.00
192.180201,17300.52,700.00
192.280984,17300.52,700.00
192.382147,17300.52,700.00
192.482976,17300.52,700.00
192.584318,17300.52,700.00
192.685227,17300.52,700.00
192.786041,17300.52,700.00
192.886873,17300.52,700.00
192.987822,17300.52,700.00
193.089049,17300.52,700.00
193.190292,17300.52,700.00
193.291308,17300.52,700.00
193.392071,17300.52,700.00
193.492768,17300.52,700.00
193.593905,17300.52,700.00
193.695228,17300.52,700.00
193.796697,17300.52,700.00
193.897302,17300.52,566.00
193.997825,17300.52,566.00
194.098406,17254.28,566.00
194.199240,17254.28,566.00
194.299989,17254.28,566.00
194.400713,17254.28,566.00
194.501189,17254.28,566.00
194.601656,17254.28,566.00
194.702230,17254.28,546.00
194.802747,17254.28,566.00
194.903267,17254.28,566.00
195.003921,17254.28,566.00
195.104761,17254.28,566.00
195.205505,17254.28,566.00
195.306427,17254.28,566.00
195.407559,17254.28,566.00
195.508247,17254.28,566.00
195.609265,17254.28,566.00
195.710091,17254.28,566.00
195.810820,17254.28,566.00
195.911927,17254.28,566.00
196.012660,17254.28,566.00
196.113551,17254.28,566.00
196.214309,17254.28,566.00
196.315079,17254.28,566.00
196.415621,17254.28,566.00
196.516357,17254.28,566.00
196.617067,17254.28,566.00
196.717858,17254.28,566.00
196.818556,17254.28,566.00
196.919380,17254.28,566.00
197.020058,17254.28,566.00
197.121177,17254.28,566.00
197.221990,17254.28,566.00
197.322624,17254.28,566.00
197.423250,17254.28,566.00
197.523935,17254.28,566.00
197.624737,17254.28,586.00
197.725440,17254.28,586.00
197.826253,17254.28,546.00
197.927152,17254.28,566.00
198.027976,17254.28,566.00
198.129085,17254.28,566.00
198.230246,17254.28,566.00
198.331059,17254.28,566.00
198.431927,17254.28,566.00
198.533170,17254.28,566.00
198.634343,17254.28,566.00
198.735505,17254.28,566.00
198.836586,17254.28,566.00
198.937371,17254.28,566.00
199.038084,17254.28,566.00
199.139289,17254.28,566.00
199.240090,17254.28,566.00
199.340844,17254.28,566.00
199.441489,17254.28,566.00
199.542396,17254.28,566.00
199.643590,17254.28,566.00
199.744640,17254.28,566.00
199.845606,17254.28,566.00
199.946398,17254.28,566.00
200.047124,17254.28,566.00
200.148039,17254.28,566.00
200.248737,17254.28,566.00
200.349837,17254.28,566.00
200.450581,17332.97,566.00
200.551156,17332.98,568.00
200.651805,17332.98,590.00
200.752436,17332.98,590.00
200.853015,17332.98,592.00
200.953533,17332.98,572.00
201.054085,17332.98,570.00
201.154614,17332.98,570.00
201.255110,17332.98,590.00
201.355615,17332.98,572.00
201.456118,17332.98,570.00
201.556580,17332.98,590.00
201.657076,17332.98,570.00
201.758229,17332.98,588.00
201.858882,17332.98,570.00
201.959463,17332.98,572.00
202.060003,17332.98,568.00
202.160593,17332.98,568.00
202.261137,17332.98,568.00
202.362070,17332.98,568.00
202.462851,17332.98,568.00
202.563853,17332.98,568.00
202.664689,17332.98,568.00
202.765626,17332.98,568.00
202.866293,17332.98,568.00
202.967336,17332.98,568.00
203.068027,17332.98,568.00
203.168700,17332.98,568.00
203.269371,17332.98,568.00
203.370749,17332.98,568.00
203.472019,17332.98,568.00
203.573043,17332.98,568.00
203.673915,17332.98,568.00
203.774744,17332.98,568.00
203.875771,17332.98,568.00
203.976452,17332.98,568.00
204.077365,17332.98,568.00
204.178519,17332.98,568.00
204.279459,17332.98,568.00
204.380191,17332.98,568.00
204.481358,17332.98,568.00
204.582496,17332.98,568.00
204.683238,17332.98,568.00
204.784342,17332.98,568.00
204.885272,17332.98,568.00
204.985834,17332.98,690.00
205.086286,17332.98,688.00
205.186738,17332.98,708.00
205.287342,17332.98,668.00
205.387830,17332.98,706.00
205.488310,17332.98,706.00
205.588769,17332.98,706.00
205.689383,17332.98,726.00
205.789979,17332.98,726.00
205.890470,17332.98,706.00
205.991165,17332.98,686.00
206.091656,17332.98,666.00
206.192160,17332.98,666.00
206.292634,17332.98,666.00
206.393143,17332.98,666.00
206.493608,17332.98,706.00
206.594074,17332.98,686.00
206.694636,17332.98,706.00
206.795288,17332.98,686.00
206.896016,17332.98,686.00
206.996741,17332.98,686.00
207.097344,17332.98,686.00
207.198047,17332.98,686.00
207.298636,17332.98,686.00
207.399607,17332.98,686.00
207.500572,17332.98,686.00
207.601321,17332.98,686.00
207.701977,17332.98,686.00
207.802643,17332.98,686.00
207.903914,17332.98,686.00
208.004523,17332.98,566.00
208.105000,17332.98,586.00
208.205473,17332.98,546.00
208.305962,17332.98,566.00
208.406469,17332.98,566.00
208.506966,17332.98,566.00
208.607480,17332.98,566.00
208.707984,17332.98,586.00
208.808461,17332.98,586.00
208.908968,17332.98,586.00
209.009456,17332.98,566.00
209.110171,17332.98,566.00
209.211060,17332.98,566.00
209.311776,17332.98,566.00
209.412540,17332.98,566.00
209.513266,17332.98,566.00
209.613985,17332.98,566.00
209.714600,17332.98,566.00
209.815064,17332.98,566.00
209.915518,17332.98,586.00
210.015964,17332.98,586.00
210.116422,17332.98,586.00
210.216965,17332.98,586.00
210.317471,17332.98,566.00
210.418159,17332.98,566.00
210.518652,17332.98,566.00
210.635362,17332.98,566.00
210.735959,17332.98,566.00
210.836688,17332.98,566.00
210.937461,17332.98,566.00
211.038254,17332.98,566.00
211.139437,17332.98,566.00
211.240216,17332.98,566.00
211.341123,17332.98,566.00
211.441817,17332.98,566.00
211.542598,17332.98,566.00
211.643373,17332.98,566.00
211.743891,17332.98,586.00
211.844498,17332.98,586.00
211.945167,17332.98,566.00
212.045674,17332.98,566.00
212.146205,17332.98,566.00
212.246727,17332.98,586.00
212.347248,17332.98,566.00
212.447791,17332.98,566.00
212.548503,17332.98,566.00
212.648972,17332.98,566.00
212.749590,17332.98,566.00
212.850190,17332.98,566.00
212.950704,17332.98,566.00
213.051503,17332.98,566.00
213.152611,17332.98,566.00
213.253906,17332.98,566.00
213.354575,17332.98,566.00
213.455683,17332.98,566.00
213.557096,17332.98,566.00
213.657840,17332.98,566.00
213.759115,17332.98,566.00
213.859974,17332.98,566.00
213.961194,17332.98,566.00
214.061873,17332.98,566.00
214.162378,17332.98,546.00
214.262948,17332.98,586.00
214.363468,17332.98,566.00
214.463977,17332.98,566.00
214.564443,17332.98,566.00
214.665058,17332.98,566.00
214.765517,17332.98,586.00
214.865978,17332.98,566.00
214.966557,17332.98,566.00
215.067206,17332.98,546.00
215.167914,17332.98,566.00
215.268957,17332.98,566.00
215.370299,17332.99,566.00
215.471368,17332.99,566.00
215.572168,17332.99,566.00
215.672945,17332.99,566.00
215.774166,17332.99,566.00
215.874880,17332.99,566.00
215.975660,17332.99,566.00
216.076531,17332.99,566.00
216.177087,17332.99,566.00
216.277581,17332.99,566.00
216.378109,17332.99,566.00
216.478641,17332.99,566.00
216.579319,17332.99,566.00
216.679982,17332.99,566.00
216.780640,17332.99,586.00
216.881351,17332.99,566.00
216.982017,17332.99,566.00
217.082756,17332.99,586.00
217.183418,17332.99,566.00
217.284117,17332.99,566.00
217.384804,17332.99,566.00
217.485798,17332.99,566.00
217.586682,17332.99,566.00
217.688208,17332.99,566.00
217.789487,17332.99,566.00
217.891123,17332.99,566.00
217.991951,17332.99,566.00
218.092755,17333.00,586.00
218.193259,17333.00,566.00
218.293770,17333.00,566.00
218.394194,17333.00,586.00
218.494663,17333.00,566.00
218.595239,17333.00,586.00
218.695801,17333.00,566.00
218.796324,17333.00,586.00
218.896837,17333.00,566.00
218.997350,17333.00,566.00
219.097810,17333.00,586.00
219.198762,17333.00,566.00
219.299592,17333.00,566.00
219.400913,17333.00,566.00
219.501583,17333.00,566.00
219.602908,17333.00,566.00
219.703848,17333.00,566.00
219.805059,17333.00,566.00
219.905846,17333.00,566.00
220.007224,17333.00,566.00
220.108132,17333.00,566.00
220.208896,17333.00,566.00
220.310252,17333.00,566.00
220.411581,17333.00,566.00
220.513023,17333.00,566.00
220.613713,17333.00,566.00
220.714256,17333.00,586.00
220.814763,17333.00,566.00
220.915305,17333.00,566.00
221.016051,17333.00,566.00
221.116603,17333.00,566.00
221.217111,17333.00,586.00
221.317688,17333.00,586.00
221.418167,17333.00,566.00
221.518714,17333.00,566.00
221.619154,17333.00,566.00
221.719614,17333.00,566.00
221.820142,17333.00,566.00
221.920573,17333.00,566.00
222.021158,17333.00,586.00
222.121679,17333.00,566.00
222.222230,17333.00,566.00
222.322730,17333.00,566.00
222.424057,17333.00,566.00
222.524807,17333.00,566.00
222.625473,17333.00,566.00
222.726095,17333.00,566.00
222.826874,17333.00,566.00
222.927874,17333.00,566.00
223.029079,17333.00,566.00
223.130485,17333.00,566.00
223.231250,17333.00,566.00
223.332309,17333.00,566.00
223.433126,17333.00,566.00
223.534517,17333.00,566.00
223.635223,17333.00,566.00
223.735701,17333.00,566.00
223.836204,17333.00,546.00
223.936778,17333.00,566.00
224.037244,17333.00,586.00
224.137838,17333.00,586.00
224.238481,17333.00,586.00
224.339006,17333.00,566.00
224.439530,17333.00,586.00
224.540205,17333.00,566.00
224.640764,17333.00,566.00
224.741291,17333.00,586.00
224.841801,17333.00,566.00
224.942261,17333.00,566.00
225.042731,17333.00,566.00
225.143719,17333.00,566.00
225.244558,17333.00,566.00
225.346039,17333.00,566.00
225.447051,17333.00,566.00
225.547751,17333.00,566.00
225.648485,17333.00,566.00
225.749168,17333.00,566.00
225.850411,17333.00,566.00
225.951584,17333.00,566.00
226.052531,17333.00,566.00
226.153507,17333.00,566.00
226.254135,17333.00,566.00
226.354596,17333.00,566.00
226.455080,17333.00,566.00
226.555597,17333.00,566.00
226.656130,17333.00,566.00
226.756754,17333.00,586.00
226.857230,17333.00,566.00
226.957686,17333.00,546.00
227.058463,17333.00,566.00
227.158971,17333.00,566.00
227.259582,17333.00,566.00
227.360217,17333.00,566.00
227.461221,17333.01,566.00
227.561962,17333.01,566.00
227.663069,17333.01,566.00
227.763975,17333.01,566.00
227.864754,17333.01,566.00
227.965495,17333.01,566.00
228.066261,17333.01,566.00
228.167035,17333.01,566.00
228.267818,17333.01,566.00
228.369253,17333.01,566.00
228.470369,17333.01,566.00
228.571411,17333.01,566.00
228.672228,17333.01,566.00
228.772920,17333.01,566.00
228.873493,17333.01,566.00
228.974023,17333.01,566.00
229.074486,17333.01,586.00
229.174990,17333.01,566.00
229.275525,17333.01,566.00
229.375985,17333.01,586.00
229.476456,17333.01,566.00
229.576973,17333.01,586.00
229.677436,17333.01,586.00
229.777975,17333.01,566.00
229.878555,17333.01,566.00
229.979130,17333.01,566.00
230.079597,17333.01,566.00
230.180164,17333.01,586.00
230.280661,17333.01,566.00
230.381293,17333.01,586.00
230.481846,17333.01,566.00
230.582344,17333.01,566.00
230.682879,17333.01,566.00
230.784445,17333.01,566.00
230.885436,17333.01,566.00
230.986279,17333.01,566.00
231.087094,17333.01,566.00
231.188036,17333.01,566.00
231.288881,17333.01,566.00
231.389516,17333.01,566.00
231.490719,17333.01,566.00
231.591549,17333.01,566.00
231.692459,17333.01,566.00
231.793540,17333.01,566.00
231.894508,17333.01,566.00
231.995695,17333.01,566.00
232.096473,17333.01,566.00
232.197548,17333.01,566.00
232.298309,17333.01,566.00
232.399028,17333.01,566.00
232.499747,17333.01,566.00
232.600942,17333.01,566.00
232.702039,17333.01,566.00
232.802890,17333.01,566.00
232.904157,17333.01,566.00
233.004942,17333.01,566.00
233.105830,17364.50,566.00
233.206420,17396.95,566.00
233.306844,17396.95,586.00
233.407351,17396.95,586.00
233.507912,17410.86,566.00
233.608404,17429.41,586.00
233.708912,17452.55,586.00
233.809445,17461.86,566.00
233.910017,17466.49,566.00
234.010532,17489.67,566.00
234.111182,17526.76,566.00
234.211742,17545.30,566.00
234.312262,17545.30,566.00
234.412986,17545.30,566.00
234.513456,17545.30,566.00
234.614077,17545.30,566.00
234.715252,17545.30,566.00
234.816385,17545.30,566.00
234.917293,17545.30,566.00
235.018123,17545.30,566.00
235.119225,17545.30,566.00
235.220140,17545.30,566.00
235.321118,17545.30,566.00
235.422383,17545.30,566.00
235.523170,17545.30,566.00
235.624413,17545.30,566.00
235.725055,17545.30,566.00
235.825560,17545.30,566.00
235.926158,17545.30,566.00
236.026662,17545.30,566.00
236.127274,17545.30,566.00
236.227788,17545.30,566.00
236.328286,17545.30,586.00
236.428817,17545.30,566.00
236.529423,17545.30,566.00
236.629989,17545.30,566.00
236.730459,17545.30,566.00
236.831093,17545.30,566.00
236.931729,17545.30,566.00
237.032706,17545.30,566.00
237.133634,17545.30,566.00
237.234375,17545.30,566.00
237.335732,17545.30,566.00
237.437248,17545.30,566.00
237.538020,17545.30,566.00
237.641402,17545.30,566.00
237.742157,17545.30,566.00
237.843478,17545.30,566.00
237.944757,17545.30,566.00
238.046098,17545.30,566.00
238.147297,17545.30,566.00
238.248300,17545.30,566.00
238.349120,17545.30,566.00
238.450567,17545.30,566.00
238.551285,17545.30,566.00
238.652770,17545.30,566.00
238.754093,17545.30,566.00
238.855465,17545.30,566.00
238.956071,17545.31,568.00
239.056592,17545.31,568.00
239.157087,17545.31,568.00
239.257544,17545.31,568.00
239.358049,17545.31,568.00
239.458543,17545.31,568.00
239.559027,17545.31,548.00
239.659537,17545.31,568.00
239.760138,17545.31,588.00
239.860761,17545.31,568.00
239.961377,17545.31,568.00
240.061945,17545.32,568.00
240.162686,17545.32,570.00
240.263245,17545.32,568.00
240.363749,17545.32,588.00
240.464245,17545.32,568.00
240.564771,17545.32,548.00
240.665491,17545.32,548.00
240.766396,17545.32,548.00
240.867023,17545.32,548.00
240.967962,17499.09,548.00
241.068951,17499.09,548.00
241.170138,17499.10,548.00
241.271372,17499.10,548.00
241.372316,17499.10,548.00
241.473244,17499.10,548.00
241.574242,17499.10,548.00
241.674963,17499.10,548.00
241.775952,17499.10,548.00
241.877053,17499.10,548.00
241.977924,17499.10,548.00
242.078999,17499.10,548.00
242.179969,17499.10,548.00
242.280869,17499.10,548.00
242.381974,17499.10,548.00
242.482998,17499.10,548.00
242.584158,17499.10,548.00
242.685148,17499.10,548.00
242.785993,17499.10,548.00
242.886715,17499.10,548.00
242.987445,17499.10,548.00
243.088578,17499.10,548.00
243.189635,17499.10,548.00
243.290883,17499.10,548.00
243.391421,17499.10,696.00
243.492084,17499.10,744.00
243.592714,17499.10,700.00
243.693236,17499.10,742.00
243.793744,17499.10,720.00
243.894616,17499.10,740.00
243.995460,17499.10,696.00
244.096289,17499.10,744.00
244.197280,17499.10,746.00
244.298206,17499.10,702.00
244.399000,17499.10,726.00
244.499766,17499.10,744.00
244.600543,17499.10,716.00
244.701012,17499.10,744.00
244.801556,17499.10,720.00
244.902113,17499.10,746.00
245.002572,17499.10,742.00
245.103120,17499.10,676.00
245.203614,17499.10,702.00
245.304301,17499.10,748.00
245.404778,17499.10,750.00
245.505235,17499.10,748.00
245.605743,17499.10,748.00
245.706191,17499.10,704.00
245.806920,17499.10,704.00
245.907732,17499.10,704.00
246.008583,17499.10,704.00
246.109513,17499.10,704.00
246.210507,17499.10,704.00
246.311194,17499.10,704.00
246.412310,17499.11,704.00
246.513170,17499.11,704.00
246.614355,17499.11,704.00
246.715236,17499.11,704.00
246.815926,17499.11,704.00
246.917110,17499.11,704.00
247.018167,17499.11,704.00
247.119467,17499.11,704.00
247.220829,17499.11,704.00
247.321685,17499.11,704.00
247.422570,17499.11,704.00
247.523235,17499.11,704.00
247.624139,17499.11,704.00
247.725035,17499.11,704.00
247.825740,17499.11,704.00
247.926472,17499.11,704.00
248.027542,17499.11,704.00
248.128448,17499.11,704.00
248.229743,17499.11,704.00
248.331114,17499.11,704.00
248.432283,17499.11,704.00
248.533515,17499.11,704.00
248.634267,17499.11,704.00
248.734818,17499.11,564.00
248.835258,17499.11,564.00
248.935762,17499.11,584.00
249.036258,17499.11,584.00
249.136753,17499.11,564.00
249.237252,17499.11,584.00
249.337807,17499.11,584.00
249.438475,17499.11,584.00
249.539122,17499.11,584.00
249.639831,17499.11,544.00
249.740495,17499.11,584.00
249.841363,17499.11,584.00
249.942180,17499.11,584.00
250.042999,17499.11,584.00
250.143924,17499.11,584.00
250.244821,17499.11,584.00
250.346079,17499.11,584.00
250.447637,17499.11,584.00
250.550832,17499.11,584.00
250.651967,17499.11,584.00
250.752795,17499.11,584.00
250.853911,17499.11,584.00
250.954654,17499.11,584.00
251.055388,17499.11,584.00
251.155933,17499.11,584.00
251.256376,17452.75,584.00
251.356917,17452.75,584.00
251.458106,17452.75,584.00
251.558696,17452.75,584.00
251.660209,17452.75,584.00
251.760702,17452.75,584.00
251.861177,17452.75,584.00
251.961703,17452.75,584.00
252.062242,17452.75,564.00
252.162770,17452.75,584.00
252.263419,17452.75,584.00
252.363958,17452.75,564.00
252.464434,17452.75,584.00
252.565033,17452.75,564.00
252.665637,17452.75,584.00
252.766355,17452.75,564.00
252.866939,17452.75,564.00
252.967856,17452.75,564.00
253.068992,17452.75,564.00
253.169735,17452.75,564.00
253.270505,17452.75,564.00
253.371514,17452.75,564.00
253.472627,17452.75,564.00
253.573317,17452.75,564.00
253.674415,17452.75,564.00
253.775191,17452.75,564.00
253.875901,17452.75,564.00
253.976968,17452.75,564.00
254.077719,17452.75,564.00
254.178476,17452.75,564.00
254.279403,17452.75,564.00
254.380537,17452.75,564.00
254.481458,17452.75,564.00
254.582624,17452.75,564.00
254.683479,17452.75,564.00
254.784301,17452.75,564.00
254.884968,17452.75,564.00
254.985907,17452.75,564.00
255.086602,17452.75,564.00
255.187687,17452.75,564.00
255.288774,17526.80,564.00
255.389330,17568.52,586.00
255.489765,17568.52,586.00
255.590274,17568.52,586.00
255.690779,17568.52,546.00
255.791286,17568.52,586.00
255.891837,17568.52,586.00
255.992522,17568.52,588.00
256.093400,17568.52,588.00
256.194114,17568.52,568.00
256.294747,17568.52,588.00
256.395410,17568.52,588.00
256.496113,17568.52,588.00
256.596756,17568.52,588.00
256.697385,17568.52,568.00
256.798100,17568.52,588.00
256.898721,17568.52,588.00
256.999427,17568.52,588.00
257.100457,17568.52,588.00
257.201663,17568.52,588.00
257.302752,17568.52,588.00
257.403562,17568.52,588.00
257.505253,17568.52,588.00
257.606479,17568.52,588.00
257.707552,17568.52,588.00
257.808350,17568.52,588.00
257.909110,17568.52,588.00
258.009943,17568.52,588.00
258.110690,17568.52,588.00
258.211477,17568.52,588.00
258.312179,17568.52,588.00
258.413007,17568.52,588.00
258.514132,17568.52,588.00
258.615063,17568.52,588.00
258.715797,17568.52,588.00
258.816904,17568.52,588.00
258.918045,17568.52,588.00
259.018801,17568.52,588.00
259.119696,17568.52,588.00
259.220817,17568.52,588.00
259.321509,17568.52,588.00
259.422577,17568.52,588.00
259.523746,17568.52,588.00
259.624625,17568.52,588.00
259.725280,17568.52,588.00
259.825801,17568.52,684.00
259.926303,17568.52,726.00
260.026971,17568.52,726.00
260.127571,17522.29,706.00
260.228132,17522.29,726.00
260.328636,17522.29,706.00
260.429130,17522.29,704.00
260.529605,17522.29,706.00
260.630379,17522.29,706.00
260.731331,17522.29,684.00
260.831832,17522.29,726.00
260.932387,17522.29,706.00
261.032843,17522.29,706.00
261.133485,17522.29,664.00
261.234109,17522.29,684.00
261.334573,17522.29,724.00
261.435240,17522.29,724.00
261.535745,17522.29,662.00
261.636373,17522.29,682.00
261.736925,17522.29,702.00
261.837520,17522.29,702.00
261.938157,17522.29,702.00
262.038809,17522.29,702.00
262.139469,17522.29,702.00
262.240177,17522.29,702.00
262.341083,17522.30,702.00
262.442035,17522.30,702.00
262.542962,17522.30,702.00
262.644098,17522.30,702.00
262.745184,17522.30,702.00
262.845827,17522.30,562.00
262.946340,17522.30,584.00
263.046844,17522.30,584.00
263.147361,17522.30,564.00
263.247886,17522.30,584.00
263.348354,17522.30,564.00
263.448903,17522.30,564.00
263.549409,17522.30,584.00
263.649841,17522.30,584.00
263.750402,17522.30,544.00
263.850899,17522.30,584.00
263.951359,17522.30,584.00
264.052502,17522.30,584.00
264.154016,17522.30,584.00
264.254988,17522.30,584.00
264.355772,17522.30,584.00
264.456571,17522.30,584.00
264.557043,17522.30,584.00
264.657611,17522.30,584.00
264.758101,17522.30,584.00
264.858772,17522.30,584.00
264.959217,17522.30,584.00
265.059682,17522.30,584.00
265.160202,17522.30,564.00
265.260682,17522.30,584.00
265.361229,17522.30,584.00
265.461783,17522.30,564.00
265.562353,17522.30,564.00
265.663602,17522.30,564.00
265.765302,17522.30,564.00
265.866327,17522.30,564.00
265.967656,17522.30,564.00
266.068522,17522.30,564.00
266.169200,17522.30,564.00
266.269922,17522.30,564.00
266.370492,17522.30,564.00
266.471003,17522.30,584.00
266.571538,17522.30,564.00
266.672025,17522.30,564.00
266.772564,17522.30,564.00
266.873089,17522.30,584.00
266.973542,17522.30,564.00
267.074028,17522.30,584.00
267.174544,17522.30,584.00
267.275080,17522.30,584.00
267.375768,17522.30,584.00
267.476306,17522.30,584.00
267.577030,17522.30,584.00
267.677699,17522.30,584.00
267.778619,17522.30,584.00
267.879914,17522.30,584.00
267.980875,17522.30,584.00
268.082103,17522.30,584.00
268.183069,17522.30,584.00
268.283751,17522.30,584.00
268.384399,17522.30,584.00
268.485959,17522.30,584.00
268.586566,17522.30,582.00
268.687092,17522.30,582.00
268.787600,17522.30,582.00
268.888408,17522.30,582.00
268.988938,17522.30,582.00
269.089454,17522.30,582.00
269.189979,17522.30,582.00
269.290464,17522.30,582.00
269.390999,17522.30,562.00
269.491577,17522.30,582.00
269.592234,17522.30,562.00
269.692765,17522.30,562.00
269.793427,17522.30,562.00
269.894553,17522.30,562.00
269.995871,17522.30,562.00
270.097263,17522.30,562.00
270.198683,17522.30,562.00
270.299830,17522.30,562.00
270.400697,17522.30,562.00
270.501426,17522.30,562.00
270.602081,17522.30,582.00
270.702553,17522.30,582.00
270.803055,17522.30,562.00
270.903547,17522.30,582.00
271.004123,17522.30,582.00
271.104630,17522.30,582.00
271.205203,17522.30,562.00
271.305665,17522.30,582.00
271.406177,17522.30,582.00
271.506630,17522.30,582.00
271.607175,17522.30,582.00
271.707608,17522.30,582.00
271.808160,17522.30,582.00
271.908940,17522.30,582.00
272.009649,17522.30,582.00
272.110778,17522.30,582.00
272.211711,17522.30,582.00
272.312825,17522.30,582.00
272.413544,17522.30,582.00
272.514654,17522.30,582.00
272.615233,17522.30,582.00
272.715795,17522.30,562.00
272.816360,17522.30,582.00
272.916829,17522.30,582.00
273.017341,17522.30,562.00
273.117899,17522.30,562.00
273.218466,17522.30,562.00
273.319023,17522.30,582.00
273.419531,17522.30,582.00
273.519959,17522.30,562.00
273.620492,17522.30,582.00
273.721099,17522.30,582.00
273.821614,17522.30,562.00
273.922947,17522.30,562.00
274.024080,17522.30,562.00
274.125024,17522.30,562.00
274.226369,17522.30,562.00
274.327336,17522.30,562.00
274.428320,17522.30,562.00
274.531409,17522.30,562.00
274.632259,17522.30,562.00
274.733352,17522.30,562.00
274.836490,17522.30,562.00
274.937378,17522.30,562.00
275.038197,17522.30,562.00
275.138739,17522.30,582.00
275.239397,17522.30,582.00
275.340043,17522.30,582.00
275.440757,17522.30,582.00
275.541477,17522.30,582.00
275.642138,17522.30,582.00
275.742995,17466.67,582.00
275.843651,17466.67,582.00
275.944351,17466.67,582.00
276.044973,17466.67,562.00
276.145785,17466.67,562.00
276.246410,17466.67,582.00
276.347082,17466.67,562.00
276.447875,17466.67,562.00
276.548379,17466.67,562.00
276.650257,17466.67,562.00
276.751111,17466.67,562.00
276.854111,17466.67,562.00
276.954961,17466.67,562.00
277.056020,17466.67,562.00
277.157268,17466.67,562.00
277.258807,17466.67,562.00
277.359910,17466.67,562.00
277.460747,17466.67,562.00
277.561478,17466.67,562.00
277.662282,17466.67,562.00
277.762849,17466.67,562.00
277.863349,17466.67,582.00
277.963811,17466.67,582.00
278.064450,17466.67,562.00
278.164966,17466.67,562.00
278.265512,17466.67,582.00
278.366267,17466.67,562.00
278.466856,17466.67,582.00
278.567394,17466.67,582.00
278.667955,17466.67,582.00
278.768569,17466.67,582.00
278.869146,17466.67,582.00
278.969800,17466.67,582.00
279.070329,17466.67,582.00
279.170871,17466.67,582.00
279.271394,17466.67,582.00
279.372049,17466.67,582.00
279.472777,17466.67,582.00
279.574179,17466.67,582.00
279.675593,17466.67,582.00
279.776366,17466.67,582.00
279.877062,17466.67,582.00
279.977797,17466.67,582.00
280.078513,17466.67,582.00
280.179294,17466.67,582.00
280.280039,17466.67,582.00
280.381385,17466.67,582.00
280.481971,17466.67,562.00
280.582453,17466.67,582.00
280.683011,17466.67,562.00
280.783530,17466.67,582.00
280.884124,17466.67,582.00
280.984600,17466.67,582.00
281.085182,17466.67,582.00
281.185771,17466.67,562.00
281.286288,17466.67,582.00
281.386860,17466.67,582.00
281.487533,17466.67,562.00
281.588306,17466.67,562.00
281.689772,17466.67,562.00
281.790808,17466.67,562.00
281.891593,17466.67,562.00
281.992948,17466.67,562.00
282.094106,17466.67,562.00
282.195519,17466.67,562.00
282.296509,17466.67,562.00
282.397739,17466.67,562.00
282.498544,17466.67,562.00
282.599297,17466.67,562.00
282.700084,17466.67,562.00
282.801528,17466.67,562.00
282.902099,17466.67,582.00
283.002571,17466.67,582.00
283.103354,17466.67,582.00
283.203938,17466.67,582.00
283.304433,17466.67,582.00
283.405029,17466.67,582.00
283.505507,17466.67,562.00
283.606058,17466.67,582.00
283.706593,17466.67,582.00
283.807117,17466.67,582.00
283.907627,17466.67,582.00
284.008118,17466.67,582.00
284.108656,17466.67,582.00
284.209199,17466.67,582.00
284.309688,17466.67,582.00
284.410183,17466.67,582.00
284.510799,17466.67,562.00
284.611286,17466.67,582.00
284.711801,17466.67,582.00
284.812401,17466.67,582.00
284.913329,17466.68,582.00
285.014654,17466.68,582.00
285.115547,17466.68,582.00
285.216937,17466.68,582.00
285.318403,17466.68,582.00
285.419375,17466.68,582.00
285.520869,17466.68,582.00
285.622119,17466.68,582.00
285.722943,17466.68,582.00
285.824065,17466.68,582.00
285.924950,17466.68,582.00
286.025928,17466.68,582.00
286.127338,17466.68,582.00
286.228854,17466.68,582.00
286.329909,17466.68,582.00
286.431203,17466.68,582.00
286.532515,17466.68,582.00
286.633773,17466.68,582.00
286.734724,17466.68,582.00
286.835361,17466.68,562.00
286.935897,17466.68,582.00
287.036422,17466.68,562.00
287.136976,17466.68,562.00
287.237490,17466.68,582.00
287.337993,17466.68,562.00
287.438493,17466.68,582.00
287.539050,17480.46,582.00
287.639575,17512.91,582.00
287.740073,17536.09,562.00
287.840593,17563.91,562.00
287.941175,17563.91,562.00
288.041956,17563.91,562.00
288.142878,17563.91,562.00
288.243716,17563.91,562.00
288.344452,17563.91,562.00
288.445276,17563.91,562.00
288.546176,17563.91,562.00
288.647053,17563.91,562.00
288.748251,17563.91,562.00
288.849270,17563.91,562.00
288.950288,17563.91,562.00
289.051126,17563.91,562.00
289.152145,17563.91,562.00
289.252991,17563.91,562.00
289.353796,17563.91,562.00
289.454344,17563.91,582.00
289.555090,17563.91,582.00
289.655752,17563.91,562.00
289.756195,17563.91,562.00
289.856891,17563.91,582.00
289.957505,17563.91,562.00
290.058082,17563.91,582.00
290.158718,17563.91,582.00
290.259346,17563.91,582.00
290.359851,17563.91,582.00
290.460340,17563.91,562.00
290.560957,17563.91,582.00
290.661613,17563.91,582.00
290.762610,17563.91,582.00
290.863370,17563.91,582.00
290.964286,17563.91,582.00
291.065460,17563.91,582.00
291.166736,17563.91,582.00
291.267763,17563.91,582.00
291.369071,17563.91,582.00
291.470160,17563.91,582.00
291.570908,17563.91,582.00
291.671611,17563.91,582.00
291.772644,17563.91,582.00
291.873429,17563.91,582.00
291.974391,17563.91,582.00
292.075543,17563.91,582.00
292.176468,17563.91,582.00
292.277203,17563.91,582.00
292.378459,17563.91,582.00
292.479264,17563.91,582.00
292.579959,17563.91,582.00
292.681143,17563.91,582.00
292.782177,17563.91,582.00
292.883329,17563.91,582.00
292.984194,17563.91,582.00
293.084830,17563.91,564.00
293.185923,17563.91,582.00
293.286462,17563.91,584.00
293.386992,17563.91,584.00
293.487531,17563.91,584.00
293.588023,17563.91,584.00
293.689023,17563.91,584.00
293.789552,17563.91,584.00
293.890134,17563.91,584.00
293.990887,17563.91,584.00
294.091585,17563.91,586.00
294.192120,17563.91,584.00
294.292636,17563.91,564.00
294.393195,17563.91,584.00
294.493952,17563.91,584.00
294.594504,17563.91,566.00
294.695112,17563.91,584.00
294.795686,17563.91,564.00
294.896216,17563.91,564.00
294.996992,17563.91,564.00
295.097675,17563.91,564.00
295.198417,17563.91,564.00
295.299448,17563.91,586.00
295.400246,17563.91,586.00
295.501026,17563.91,586.00
295.602260,17563.91,586.00
295.703274,17563.91,586.00
295.804083,17563.91,586.00
295.904863,17563.91,586.00
296.005720,17563.91,586.00
296.106748,17563.91,586.00
296.207942,17563.91,586.00
296.308836,17563.91,586.00
296.409639,17563.91,586.00
296.510747,17563.91,586.00
296.611529,17563.91,586.00
296.712571,17563.91,586.00
296.813490,17563.91,586.00
296.914194,17563.91,586.00
297.015259,17563.91,586.00
297.116448,17563.91,586.00
297.217436,17563.91,586.00
297.318203,17563.91,586.00
297.419119,17563.91,586.00
297.520137,17563.91,586.00
297.620971,17563.91,586.00
297.721521,17563.91,740.00
297.821990,17563.91,744.00
297.922464,17563.91,720.00
298.023081,17563.91,740.00
298.123590,17563.91,714.00
298.224048,17563.91,760.00
298.324510,17563.91,676.00
298.424971,17563.91,740.00
298.525495,17563.91,714.00
298.626031,17563.91,760.00
298.726531,17563.91,714.00
298.827055,17563.91,740.00
298.927514,17563.91,696.00
299.028098,17563.91,716.00
299.128717,17563.91,716.00
299.229257,17563.91,696.00
299.329766,17563.91,690.00
299.430279,17563.91,740.00
299.530793,17563.91,742.00
299.631312,17563.91,742.00
299.731865,17563.91,742.00
299.832442,17563.91,716.00
299.933279,17563.91,716.00
300.033985,17563.91,716.00
300.134558,17563.91,716.00
300.235352,17563.91,716.00
300.336014,17563.91,716.00
300.436650,17563.91,716.00
300.537794,17563.91,716.00
300.639252,17563.91,716.00
300.740745,17563.91,716.00
300.841616,17563.91,716.00
300.943087,17563.91,716.00
301.044179,17563.91,716.00
301.145277,17563.91,716.00
301.246698,17563.91,716.00
301.348130,17563.91,716.00
301.449618,17563.91,716.00
301.551172,17563.91,716.00
301.652232,17563.91,716.00
301.753672,17563.91,716.00
301.855099,17563.91,716.00
301.956130,17563.91,716.00
302.057032,17563.91,716.00
302.158586,17563.91,716.00
302.259453,17563.91,716.00
302.360318,17563.91,716.00
302.460842,17563.91,566.00
302.561503,17563.91,566.00
302.661951,17563.91,586.00
302.762402,17563.91,566.00
302.862901,17563.91,566.00
302.963363,17563.91,566.00
303.063933,17563.91,586.00
303.164401,17563.91,566.00
303.264941,17563.91,566.00
303.365401,17563.91,566.00
303.465906,17563.91,566.00
303.566486,17563.91,566.00
303.667179,17563.91,566.00
303.768097,17563.91,566.00
303.868650,17563.91,566.00
303.969605,17563.91,566.00
304.070779,17563.91,566.00
304.171562,17563.91,566.00
304.272358,17563.91,566.00
304.373333,17563.91,566.00
304.474063,17563.91,566.00
304.574779,17563.91,566.00
304.675614,17563.91,566.00
304.776847,17563.91,566.00
304.877487,17563.91,586.00
304.978072,17563.91,566.00
305.078659,17563.91,568.00
305.179180,17563.91,566.00
305.279801,17563.91,566.00
305.380614,17563.91,566.00
305.481263,17563.91,546.00
305.581774,17563.91,566.00
305.682239,17563.91,586.00
305.782728,17563.91,566.00
305.883476,17563.91,566.00
305.984185,17563.91,528.00
306.085043,17563.91,528.00
306.186214,17563.91,528.00
306.287503,17563.91,528.00
306.388400,17563.91,528.00
306.489142,17563.91,528.00
306.590661,17563.91,528.00
306.691494,17563.91,528.00
306.792349,17563.91,528.00
306.893122,17563.91,528.00
306.994021,17563.91,528.00
307.094833,17563.91,528.00
307.196001,17563.91,528.00
307.297401,17563.91,528.00
307.398500,17563.91,528.00
307.499412,17563.91,528.00
307.600250,17563.91,528.00
307.701833,17563.91,528.00
307.802952,17563.91,528.00
307.903747,17563.91,528.00
308.004797,17563.91,528.00
308.105617,17563.91,570.00
308.206403,17563.91,570.00
308.306917,17563.91,570.00
308.407435,17517.68,570.00
308.507901,17517.68,570.00
308.608367,17517.68,570.00
308.709196,17517.68,570.00
308.809848,17517.68,570.00
308.910457,17517.68,570.00
309.010965,17517.68,572.00
309.111510,17517.68,570.00
309.212159,17531.46,572.00
309.313274,17540.74,572.00
309.414301,17545.37,570.00
309.514981,17545.37,572.00
309.615692,17550.01,572.00
309.716599,17550.01,570.00
309.817707,17550.01,570.00
309.918808,17550.01,570.00
310.019802,17550.01,570.00
310.120824,17550.01,570.00
310.221786,17550.01,570.00
310.322690,17550.01,570.00
310.423729,17550.01,570.00
310.525012,17550.01,570.00
310.626181,17550.01,570.00
310.726914,17550.01,570.00
310.828135,17550.01,570.00
310.929292,17550.01,570.00
311.030185,17550.01,570.00
311.131285,17550.01,570.00
311.233993,17550.01,570.00
311.335074,17550.01,570.00
311.436205,17550.01,570.00
311.537417,17550.01,570.00
311.638361,17550.01,570.00
311.739256,17550.01,570.00
311.840733,17550.01,570.00
311.941520,17550.01,570.00
312.042403,17550.01,570.00
312.143678,17550.01,570.00
312.244665,17550.01,570.00
312.345234,17550.01,688.00
312.445700,17550.01,710.00
312.546237,17550.01,668.00
312.646875,17550.01,668.00
312.747441,17550.01,690.00
312.848047,17550.01,690.00
312.948885,17550.01,710.00
313.049423,17550.01,690.00
313.149924,17550.01,710.00
313.250370,17550.01,702.00
313.350828,17550.01,710.00
313.451300,17550.01,710.00
313.551883,17550.01,710.00
313.652367,17550.01,688.00
313.752904,17550.01,690.00
313.853475,17550.01,710.00
313.953999,17550.01,710.00
314.054704,17550.01,668.00
314.155364,17550.01,668.00
314.256148,17550.01,668.00
314.357218,17550.01,668.00
314.457860,17550.01,668.00
314.558330,17550.01,668.00
314.659028,17550.01,668.00
314.759652,17550.01,668.00
314.860446,17550.01,668.00
314.961269,17550.01,668.00
315.062407,17550.01,668.00
315.163295,17550.01,668.00
315.264525,17550.01,668.00
315.365616,17550.01,668.00
315.466401,17550.01,546.00
315.567160,17550.01,566.00
315.667694,17550.01,586.00
315.768469,17550.01,566.00
315.868951,17550.01,566.00
315.969465,17550.01,546.00
316.070007,17550.01,566.00
316.170522,17550.01,566.00
316.271093,17550.01,586.00
316.371568,17550.01,566.00
316.472191,17550.01,586.00
316.573654,17550.01,586.00
316.674616,17550.01,586.00
316.775876,17550.01,586.00
316.877224,17550.01,586.00
316.978334,17550.01,586.00
317.078949,17550.01,566.00
317.179481,17550.01,566.00
317.279961,17550.01,586.00
317.380445,17550.01,566.00
317.481026,17550.01,586.00
317.581562,17550.01,566.00
317.682067,17550.01,566.00
317.782601,17550.01,566.00
317.883255,17550.01,566.00
317.983837,17550.01,566.00
318.084321,17550.01,586.00
318.184861,17550.01,586.00
318.286211,17550.01,586.00
318.386930,17550.01,586.00
318.488057,17550.01,586.00
318.588789,17550.01,586.00
318.689489,17550.01,586.00
318.790229,17550.01,586.00
318.890896,17550.01,586.00
318.991685,17550.01,586.00
319.092157,17550.01,566.00
319.192622,17550.01,566.00
319.293135,17550.01,566.00
319.393643,17550.01,566.00
319.494201,17550.01,586.00
319.594870,17550.01,566.00
319.695382,17550.01,566.00
319.795907,17550.01,546.00
319.896364,17550.01,586.00
319.996979,17550.01,566.00
320.097593,17550.01,566.00
320.198239,17550.01,586.00
320.299011,17550.01,586.00
320.399997,17550.01,586.00
320.500908,17550.01,586.00
320.601736,17550.01,586.00
320.702489,17550.01,586.00
320.803325,17550.01,586.00
320.904087,17550.01,586.00
321.005365,17550.01,586.00
321.106568,17550.01,586.00
321.207519,17550.01,586.00
321.308125,17550.01,586.00
321.408600,17550.01,546.00
321.509123,17550.01,586.00
321.609661,17550.01,546.00
321.710174,17550.01,566.00
321.810678,17550.01,586.00
321.911244,17550.01,586.00
322.011724,17550.01,566.00
322.112204,17550.01,586.00
322.212676,17550.01,566.00
322.313229,17550.01,586.00
322.413787,17550.01,586.00
322.514533,17550.01,586.00
322.615405,17550.01,586.00
322.716189,17550.01,586.00
322.817595,17550.01,586.00
322.918969,17550.01,586.00
323.020275,17550.01,586.00
323.121524,17550.01,586.00
323.222301,17550.01,566.00
323.322834,17550.01,566.00
323.423362,17550.01,566.00
323.524009,17550.01,566.00
323.624656,17550.01,566.00
323.725437,17550.01,566.00
323.826083,17550.01,566.00
323.926899,17550.01,566.00
324.027595,17550.01,566.00
324.128355,17550.01,566.00
324.228996,17550.01,566.00
324.329481,17550.01,586.00
324.430152,17550.01,586.00
324.531015,17550.01,586.00
324.631861,17550.01,586.00
324.733368,17550.01,586.00
324.834703,17550.01,586.00
324.936021,17550.01,586.00
325.036851,17550.01,586.00
325.137398,17550.01,566.00
325.238131,17550.01,586.00
325.338708,17550.01,566.00
325.439342,17550.01,566.00
325.539888,17550.01,566.00
325.640384,17550.01,586.00
325.740926,17550.01,566.00
325.841582,17550.01,586.00
325.942125,17550.01,566.00
326.042660,17550.01,566.00
326.143193,17550.01,586.00
326.243684,17550.01,566.00
326.344161,17550.01,546.00
326.444664,17550.01,586.00
326.545149,17550.01,586.00
326.646198,17550.01,586.00
326.746948,17550.01,586.00
326.848168,17550.01,586.00
326.949686,17550.01,586.00
327.050604,17550.01,586.00
327.151477,17550.01,586.00
327.252513,17550.01,586.00
327.353506,17550.01,586.00
327.454398,17550.01,586.00
327.555297,17550.01,586.00
327.656557,17550.01,586.00
327.757307,17550.01,566.00
327.857880,17550.01,546.00
327.958340,17550.01,566.00
328.058801,17550.01,566.00
328.159322,17550.01,566.00
328.260005,17550.01,566.00
328.360486,17550.01,566.00
328.461027,17503.39,566.00
328.561527,17503.39,566.00
328.662031,17503.39,586.00
328.762602,17503.39,546.00
328.863143,17503.39,566.00
328.963617,17503.39,586.00
329.064308,17503.39,588.00
329.165164,17503.39,588.00
329.266652,17503.39,588.00
329.368075,17503.39,588.00
329.469181,17503.39,588.00
329.570358,17503.39,588.00
329.671309,17503.39,588.00
329.772250,17503.39,588.00
329.873244,17503.39,588.00
329.974612,17503.39,588.00
330.076043,17503.39,588.00
330.177433,17503.39,588.00
330.278939,17503.39,588.00
330.379810,17503.39,588.00
330.480358,17503.39,546.00
330.581252,17503.39,566.00
330.681960,17503.39,566.00
330.782691,17503.39,566.00
330.883383,17503.39,566.00
330.984092,17503.39,566.00
331.085223,17503.39,566.00
331.186076,17503.39,586.00
331.287035,17503.39,566.00
331.387908,17503.39,566.00
331.488725,17503.39,566.00
331.589625,17503.39,566.00
331.690600,17503.39,566.00
331.791577,17503.39,566.00
331.892310,17503.39,586.00
331.993441,17503.39,586.00
332.094578,17503.39,586.00
332.196255,17503.39,586.00
332.298395,17503.39,586.00
332.399287,17503.39,586.00
332.500436,17503.39,586.00
332.601996,17503.39,586.00
332.702752,17503.39,586.00
332.803502,17503.39,586.00
332.904018,17503.39,566.00
333.004487,17503.39,566.00
333.104984,17503.39,566.00
333.205462,17503.39,586.00
333.305995,17503.39,586.00
333.406619,17503.39,566.00
333.507288,17503.39,586.00
333.607819,17503.39,566.00
333.708300,17503.39,566.00
333.808888,17503.39,566.00
333.909367,17503.39,586.00
334.010132,17503.39,586.00
334.111176,17503.39,586.00
334.212036,17503.39,586.00
334.313458,17503.39,586.00
334.414590,17503.39,586.00
334.515341,17503.39,586.00
334.616071,17503.39,586.00
334.717903,17503.39,586.00
334.818837,17503.39,586.00
334.920176,17503.39,586.00
335.020938,17503.39,586.00
335.121707,17503.39,586.00
335.222273,17503.39,586.00
335.322732,17503.39,586.00
335.423256,17503.39,566.00
335.523781,17503.39,566.00
335.624243,17503.39,566.00
335.724795,17503.39,586.00
335.825259,17503.39,566.00
335.925724,17503.39,566.00
336.026281,17503.39,566.00
336.126785,17503.39,586.00
336.227302,17503.39,566.00
336.327772,17503.39,566.00
336.428272,17503.39,566.00
336.528864,17503.39,586.00
336.629390,17503.39,586.00
336.729920,17503.39,566.00
336.830388,17503.39,566.00
336.930911,17503.39,586.00
337.031631,17503.39,586.00
337.132380,17503.39,586.00
337.233280,17503.39,586.00
337.334537,17503.39,586.00
337.435893,17503.39,586.00
337.536942,17503.39,586.00
337.637901,17503.39,586.00
337.738725,17503.39,586.00
337.839342,17503.39,586.00
337.940158,17503.39,586.00
338.040909,17503.39,586.00
338.141735,17503.39,586.00
338.242611,17503.39,586.00
338.343895,17503.39,586.00
338.444795,17503.39,586.00
338.545791,17503.39,586.00
338.646614,17503.39,586.00
338.747623,17503.39,586.00
338.848863,17503.39,586.00
338.950399,17503.39,586.00
339.051736,17503.39,586.00
339.153260,17503.39,586.00
339.253940,17503.39,586.00
339.354542,17503.39,566.00
339.455405,17503.39,586.00
339.556141,17503.39,566.00
339.656842,17503.39,566.00
339.757756,17503.39,586.00
339.858369,17503.39,566.00
339.959206,17503.39,586.00
340.059956,17521.81,566.00
340.160653,17554.26,566.00
340.261248,17554.26,586.00
340.361987,17554.26,586.00
340.462578,17554.26,586.00
340.563333,17554.26,586.00
340.664099,17554.26,586.00
340.765338,17554.26,586.00
340.866658,17554.26,586.00
340.967930,17554.26,586.00
341.069039,17554.26,586.00
341.170493,17554.26,586.00
341.271955,17554.26,586.00
341.373038,17554.26,586.00
341.474262,17554.26,586.00
341.575555,17554.26,586.00
341.676301,17554.26,586.00
341.776857,17554.26,586.00
341.877319,17554.26,566.00
341.977803,17554.26,586.00
342.078276,17554.26,566.00
342.178785,17554.26,566.00
342.279308,17554.26,566.00
342.379780,17554.26,566.00
342.480437,17554.26,566.00
342.581080,17554.26,566.00
342.681687,17554.26,566.00
342.782295,17554.26,586.00
342.882963,17554.26,586.00
342.984154,17554.26,586.00
343.085472,17554.26,586.00
343.186260,17554.26,586.00
343.287567,17554.26,586.00
343.388657,17554.26,586.00
343.489658,17554.26,586.00
343.590425,17554.26,586.00
343.691296,17554.26,586.00
343.792104,17554.26,586.00
343.892935,17554.26,586.00
343.994192,17554.26,586.00
344.095095,17554.26,586.00
344.196015,17554.26,586.00
344.296923,17554.26,586.00
344.398212,17554.26,586.00
344.499379,17554.26,586.00
344.600876,17554.26,586.00
344.701885,17554.26,586.00
344.803583,17554.26,586.00
344.904224,17554.26,586.00
345.004882,17554.26,568.00
345.105351,17554.26,568.00
345.205812,17554.26,568.00
345.306280,17554.26,568.00
345.406865,17554.26,568.00
345.507327,17554.26,588.00
345.607853,17554.26,568.00
345.708487,17554.26,588.00
345.808954,17554.26,568.00
345.909511,17554.26,588.00
346.010095,17554.26,588.00
346.110782,17554.26,568.00
346.211471,17554.26,568.00
346.311967,17554.26,568.00
346.412541,17554.26,588.00
346.513014,17554.26,568.00
346.613569,17554.26,568.00
346.714334,17554.26,568.00
346.814993,17554.26,568.00
346.915751,17554.26,568.00
347.016294,17554.26,568.00
347.117209,17554.26,568.00
347.218266,17554.26,568.00
347.319445,17554.26,568.00
347.420350,17554.26,568.00
347.521734,17554.26,568.00
347.623426,17554.26,568.00
347.724426,17554.26,568.00
347.825233,17554.26,568.00
347.926230,17554.26,568.00
348.027644,17554.26,568.00
348.128550,17554.26,568.00
348.229639,17554.26,568.00
348.332176,17554.26,568.00
348.432976,17554.26,568.00
348.534039,17554.26,568.00
348.635531,17554.26,568.00
348.736282,17554.26,568.00
348.837176,17554.26,568.00
348.938052,17554.26,568.00
349.038572,17554.26,748.00
349.139091,17554.26,748.00
349.239568,17554.26,704.00
349.340061,17554.26,748.00
349.440513,17554.26,748.00
349.541103,17554.26,748.00
349.641574,17554.26,704.00
349.742090,17554.26,748.00
349.842573,17554.26,754.00
349.943144,17554.26,688.00
350.043665,17554.26,734.00
350.144151,17554.26,734.00
350.244764,17554.26,708.00
350.345320,17554.26,688.00
350.445881,17554.26,708.00
350.546533,17554.26,734.00
350.647176,17554.26,668.00
350.747876,17554.26,738.00
350.848399,17554.26,738.00
350.949042,17554.26,738.00
351.049784,17554.26,714.00
351.150458,17554.26,712.00
351.250951,17554.26,712.00
351.351363,17554.26,712.00
351.451834,17554.26,712.00
351.552339,17554.26,712.00
351.652876,17554.26,712.00
351.753718,17554.26,712.00
351.855179,17554.26,712.00
351.956174,17554.26,712.00
352.057089,17554.26,712.00
352.157942,17554.26,712.00
352.258976,17554.26,712.00
352.360254,17554.26,712.00
352.461118,17554.26,712.00
352.562289,17554.26,712.00
352.663212,17554.26,712.00
352.764192,17554.26,712.00
352.865454,17554.26,712.00
352.966496,17554.26,712.00
353.067350,17554.26,712.00
353.168194,17554.26,712.00
353.269488,17554.26,712.00
353.370333,17554.26,712.00
353.471209,17554.26,712.00
353.572033,17554.26,712.00
353.672730,17554.26,712.00
353.773297,17554.26,566.00
353.873792,17554.26,566.00
353.974277,17554.26,566.00
354.074815,17554.26,566.00
354.175320,17554.26,566.00
354.275848,17554.26,566.00
354.376392,17554.26,566.00
354.476968,17508.02,586.00
354.577434,17508.02,566.00
354.677982,17517.17,566.00
354.778650,17521.81,566.00
354.879315,17521.81,566.00
354.980035,17521.81,566.00
355.080855,17521.81,566.00
355.181698,17521.81,566.00
355.282637,17521.81,566.00
355.383739,17521.81,566.00
355.484602,17521.81,566.00
355.585383,17521.81,566.00
355.686349,17521.81,566.00
355.787193,17521.81,566.00
355.888228,17521.81,566.00
355.989022,17521.81,566.00
356.089526,17521.81,568.00
356.190028,17521.81,588.00
356.290634,17521.81,566.00
356.391221,17521.81,566.00
356.491865,17521.81,568.00
356.592362,17521.81,586.00
356.692827,17521.81,568.00
356.793329,17521.81,566.00
356.893870,17521.81,588.00
356.994572,17521.81,546.00
357.095040,17521.81,586.00
357.195580,17521.81,586.00
357.296363,17521.81,588.00
357.397480,17521.81,588.00
357.499055,17521.81,588.00
357.600374,17521.81,588.00
357.701270,17521.81,588.00
357.802044,17521.81,588.00
357.902910,17521.81,588.00
358.003704,17521.81,588.00
358.104505,17521.81,588.00
358.205257,17521.81,588.00
358.306366,17521.81,588.00
358.407338,17521.81,588.00
358.508613,17521.81,588.00
358.609540,17521.81,588.00
358.710397,17521.81,588.00
358.811204,17521.81,588.00
358.912036,17521.81,588.00
359.013265,17521.81,588.00
359.114524,17521.81,588.00
359.215917,17521.81,588.00
359.316838,17554.26,588.00
359.417392,17572.80,568.00
359.517901,17572.80,570.00
359.618431,17572.80,570.00
359.718985,17572.80,570.00
359.819444,17572.80,570.00
359.919942,17572.80,590.00
360.020456,17572.80,570.00
360.120986,17572.80,570.00
360.221501,17572.80,570.00
360.322195,17572.80,570.00
360.422934,17572.80,570.00
360.523396,17572.80,590.00
360.623987,17572.80,552.00
360.724494,17572.80,570.00
360.825021,17572.80,572.00
360.925620,17577.44,550.00
361.026385,17577.44,550.00
361.127489,17577.44,550.00
361.228241,17577.44,550.00
361.328790,17577.44,550.00
361.429473,17577.44,550.00
361.530649,17577.44,550.00
361.631485,17577.44,550.00
361.732296,17577.44,550.00
361.833097,17577.44,550.00
361.933893,17577.44,550.00
362.035283,17577.44,550.00
362.136182,17577.44,550.00
362.237005,17577.44,550.00
362.338027,17577.44,550.00
362.439085,17577.44,550.00
362.540026,17577.44,550.00
362.641148,17577.44,550.00
362.741979,17577.44,550.00
362.842894,17577.44,550.00
362.943996,17577.44,550.00
363.044937,17577.44,550.00
363.146077,17577.44,550.00
363.247561,17577.44,550.00
363.349005,17577.44,550.00
363.449602,17577.44,708.00
363.550099,17577.44,708.00
363.650772,17577.44,686.00
363.751394,17577.44,708.00
363.852199,17577.44,666.00
363.952832,17577.44,708.00
364.053470,17577.44,688.00
364.154261,17577.44,708.00
364.254920,17577.44,664.00
364.355628,17577.44,684.00
364.456269,17577.44,706.00
364.557093,17577.44,706.00
364.657808,17577.44,664.00
364.758284,17577.44,706.00
364.858754,17577.44,706.00
364.959215,17577.44,726.00
365.059808,17577.44,726.00
365.160440,17577.44,706.00
365.261085,17577.44,706.00
365.361586,17577.44,684.00
365.462049,17577.44,684.00
365.562551,17577.44,684.00
365.663125,17577.44,684.00
365.763716,17577.44,684.00
365.864197,17577.44,684.00
365.965175,17577.44,684.00
366.066507,17577.44,684.00
366.167647,17577.44,684.00
366.268388,17577.44,684.00
366.369480,17577.44,684.00
366.470225,17577.44,544.00
366.570871,17577.44,586.00
366.671361,17577.44,566.00
366.771841,17577.44,586.00
366.872308,17577.44,586.00
366.972767,17577.44,586.00
367.073330,17577.44,566.00
367.173885,17577.44,566.00
367.274545,17577.44,586.00
367.375131,17577.44,566.00
367.475600,17577.44,566.00
367.576094,17577.44,546.00
367.677012,17577.44,546.00
367.778109,17577.44,546.00
367.879397,17577.44,546.00
367.980108,17577.44,546.00
368.080860,17577.44,546.00
368.181351,17577.44,586.00
368.281991,17577.44,586.00
368.382554,17577.44,586.00
368.483063,17577.44,566.00
368.583573,17577.44,546.00
368.684131,17577.44,586.00
368.784685,17577.44,586.00
368.885206,17577.44,586.00
368.985773,17577.44,566.00
369.086318,17577.44,586.00
369.187015,17577.44,566.00
369.288094,17577.44,566.00
369.389011,17577.44,566.00
369.489698,17577.44,566.00
369.590411,17577.44,566.00
369.691625,17577.44,566.00
369.792416,17577.44,566.00
369.893468,17577.44,566.00
369.994479,17577.44,566.00
370.095258,17577.44,566.00
370.195774,17577.44,566.00
370.296239,17577.44,566.00
370.396756,17577.44,586.00
370.498116,17577.44,546.00
370.598622,17577.44,586.00
370.699296,17577.44,586.00
370.799856,17577.44,586.00
370.900319,17577.44,566.00
371.000806,17577.44,566.00
371.101254,17577.44,586.00
371.201763,17577.44,566.00
371.302241,17577.44,566.00
371.402639,17577.44,566.00
371.503149,17577.44,566.00
371.604157,17577.44,566.00
371.705117,17577.44,566.00
371.805898,17577.44,566.00
371.906833,17577.44,566.00
372.007637,17577.44,566.00
372.108375,17577.44,566.00
372.209300,17577.44,566.00
372.310285,17577.44,566.00
372.411051,17577.44,566.00
372.511908,17577.44,566.00
372.612475,17577.44,586.00
372.712906,17577.44,566.00
372.813414,17577.44,566.00
372.913998,17526.57,586.00
373.014442,17526.57,586.00
373.114946,17526.57,586.00
373.215413,17526.57,586.00
373.316002,17526.57,586.00
373.416675,17526.57,566.00
373.517796,17526.57,586.00
373.618650,17526.57,566.00
373.719654,17526.57,566.00
373.820694,17526.57,566.00
373.921740,17526.57,566.00
374.022509,17526.57,566.00
374.123976,17526.57,566.00
374.224819,17526.57,566.00
374.325579,17526.57,566.00
374.426503,17526.57,566.00
374.527908,17526.57,566.00
374.628540,17526.57,546.00
374.729225,17526.57,566.00
374.829687,17526.57,566.00
374.930191,17526.57,586.00
375.030637,17526.57,586.00
375.131200,17526.57,566.00
375.231650,17526.57,586.00
375.332198,17526.57,586.00
375.432676,17526.57,586.00
375.533212,17526.57,566.00
375.633693,17526.57,566.00
375.734452,17526.57,566.00
375.835274,17526.57,566.00
375.935984,17526.57,566.00
376.037103,17526.57,566.00
376.138430,17526.57,566.00
376.239576,17526.57,566.00
376.340736,17526.57,566.00
376.441999,17526.57,566.00
376.542817,17526.57,566.00
376.643374,17526.57,586.00
376.744066,17526.57,566.00
376.844567,17526.57,566.00
376.945113,17526.57,586.00
377.045605,17526.57,586.00
377.146097,17526.57,546.00
377.246550,17526.57,586.00
377.347019,17526.57,566.00
377.447480,17526.57,586.00
377.548079,17526.57,566.00
377.648584,17526.57,586.00
377.749128,17526.57,566.00
377.849657,17526.57,586.00
377.950303,17526.57,586.00
378.050854,17526.57,586.00
378.151334,17526.57,566.00
378.251926,17526.57,566.00
378.352682,17526.57,566.00
378.453770,17526.57,566.00
378.554516,17526.57,566.00
378.655759,17526.57,566.00
378.756851,17526.57,566.00
378.857935,17526.57,566.00
378.958628,17526.57,566.00
379.059824,17526.57,566.00
379.160541,17526.57,566.00
379.261681,17526.57,566.00
379.362549,17526.57,566.00
379.463255,17526.57,566.00
379.564110,17526.57,566.00
379.664797,17526.57,566.00
379.765335,17526.57,546.00
379.865840,17526.57,566.00
379.966317,17526.57,586.00
380.066941,17526.57,586.00
380.167394,17526.57,586.00
380.267994,17526.57,586.00
380.368525,17526.57,586.00
380.469212,17526.57,566.00
380.569737,17526.57,586.00
380.670329,17526.57,586.00
380.770803,17526.57,586.00
380.871310,17526.57,586.00
380.971980,17526.57,586.00
381.072475,17526.57,566.00
381.173207,17526.57,566.00
381.273758,17526.57,566.00
381.375005,17526.57,566.00
381.476030,17526.57,566.00
381.577229,17526.57,566.00
381.678188,17526.57,566.00
381.778843,17526.57,566.00
381.879618,17526.57,566.00
381.980406,17526.57,566.00
382.081687,17526.57,566.00
382.182824,17526.57,566.00
382.283485,17526.57,566.00
382.384488,17526.57,566.00
382.485723,17526.57,566.00
382.586523,17526.57,566.00
382.687480,17526.57,566.00
382.788054,17526.57,586.00
382.888556,17526.57,586.00
382.989072,17526.57,566.00
383.089567,17526.57,586.00
383.190107,17526.57,586.00
383.290608,17526.57,586.00
383.391198,17526.57,546.00
383.491693,17526.57,586.00
383.592229,17526.57,586.00
383.692779,17526.57,566.00
383.793238,17526.57,586.00
383.893723,17526.57,566.00
383.994183,17526.57,586.00
384.094649,17526.57,586.00
384.195161,17526.57,586.00
384.295770,17526.57,566.00
384.396538,17526.57,566.00
384.497316,17526.57,566.00
384.598282,17526.57,566.00
384.700363,17526.57,566.00
384.801118,17526.57,566.00
384.901905,17526.57,566.00
385.002956,17526.57,566.00
385.104229,17526.57,566.00
385.205371,17526.57,566.00
385.306180,17526.57,566.00
385.406765,17526.57,566.00
385.507249,17526.57,566.00
385.607733,17526.57,586.00
385.708225,17526.57,566.00
385.808919,17526.57,566.00
385.909415,17526.57,586.00
386.009916,17526.57,566.00
386.110460,17526.57,566.00
386.210987,17526.57,566.00
386.311481,17526.57,566.00
386.412080,17526.57,566.00
386.512683,17526.57,566.00
386.613630,17526.57,566.00
386.714424,17526.57,566.00
386.815215,17526.57,566.00
386.916600,17526.57,566.00
387.017868,17526.57,566.00
387.119219,17526.57,566.00
387.220716,17526.57,566.00
387.321920,17526.57,566.00
387.422891,17526.57,566.00
387.524355,17526.57,566.00
387.625277,17526.57,566.00
387.725816,17526.57,586.00
387.826325,17526.57,546.00
387.926869,17526.57,586.00
388.027511,17526.57,586.00
388.128136,17526.57,566.00
388.228790,17526.57,586.00
388.329405,17526.57,566.00
388.430059,17526.57,586.00
388.530709,17526.57,586.00
388.631388,17526.57,586.00
388.732064,17526.57,566.00
388.832710,17526.57,566.00
388.933358,17526.57,566.00
389.034033,17526.57,566.00
389.134877,17526.57,566.00
389.235585,17526.57,566.00
389.337257,17526.57,566.00
389.437981,17526.57,566.00
389.542480,17526.57,566.00
389.643248,17526.57,566.00
389.744070,17526.57,566.00
389.845862,17526.57,566.00
389.946812,17526.57,566.00
390.047698,17526.57,566.00
390.148419,17526.57,566.00
390.249341,17526.57,566.00
390.350247,17526.57,566.00
390.451159,17526.57,566.00
390.552198,17526.57,566.00
390.653192,17526.57,566.00
390.754049,17526.57,566.00
390.854789,17526.57,566.00
390.955954,17526.57,566.00
391.056961,17526.57,566.00
391.157997,17526.57,566.00
391.259172,17526.57,566.00
391.359841,17526.57,566.00
391.461009,17526.57,566.00
391.562243,17526.57,566.00
391.662998,17526.57,566.00
391.763630,17526.57,566.00
391.864074,17526.57,586.00
391.964586,17526.57,546.00
392.065068,17526.57,566.00
392.165632,17526.57,586.00
392.266109,17549.62,586.00
392.366932,17568.17,586.00
392.467626,17591.34,586.00
392.568282,17619.16,566.00
392.669060,17628.43,566.00
392.769908,17633.07,566.00
392.870638,17633.07,566.00
392.971944,17633.07,566.00
393.073210,17633.07,566.00
393.174346,17633.07,566.00
393.275624,17633.07,566.00
393.376704,17633.07,566.00
393.478098,17633.07,566.00
393.579021,17633.07,566.00
393.679946,17633.07,566.00
393.781283,17633.07,566.00
393.882131,17633.07,566.00
393.982987,17633.07,566.00
394.084000,17633.07,566.00
394.184777,17633.07,566.00
394.285290,17633.07,566.00
394.386106,17633.07,586.00
394.486799,17633.07,586.00
394.587297,17633.07,566.00
394.687764,17633.07,586.00
394.788229,17633.07,566.00
394.888758,17633.07,586.00
394.989237,17633.07,586.00
395.089763,17633.07,566.00
395.190209,17633.07,568.00
395.290720,17633.07,568.00
395.391248,17633.07,566.00
395.491871,17633.07,566.00
395.592653,17633.07,566.00
395.693402,17633.07,566.00
395.794369,17633.07,566.00
395.895388,17633.07,566.00
395.996074,17633.07,566.00
396.097107,17633.07,566.00
396.197868,17633.07,566.00
396.298748,17633.07,566.00
396.399594,17633.07,566.00
396.500337,17633.07,566.00
396.601391,17633.07,566.00
396.702246,17633.07,566.00
396.803269,17633.07,566.00
396.904402,17633.07,566.00
397.005436,17633.07,566.00
397.106429,17633.07,566.00
397.207251,17633.07,566.00
397.308495,17633.07,566.00
397.409367,17633.07,566.00
397.510195,17633.07,566.00
397.610973,17633.07,566.00
397.711797,17633.07,566.00
397.813063,17633.07,566.00
397.914287,17633.07,566.00
398.014972,17633.07,568.00
398.115409,17633.07,568.00
398.215924,17633.07,568.00
398.316463,17633.07,568.00
398.417025,17633.07,588.00
398.517488,17633.07,588.00
398.618070,17633.07,568.00
398.718527,17633.07,588.00
398.819052,17633.07,588.00
398.919566,17633.07,588.00
399.020036,17633.07,568.00
399.120537,17633.07,548.00
399.221161,17633.07,570.00
399.321661,17633.07,588.00
399.422289,17633.07,588.00
399.522834,17633.07,588.00
399.623565,17633.07,588.00
399.724206,17633.07,588.00
399.824776,17633.07,588.00
399.925400,17633.07,588.00
400.025877,17633.07,588.00
400.126606,17633.07,610.00
400.228046,17633.07,610.00
400.329365,17633.07,610.00
400.430619,17633.07,610.00
400.531548,17633.07,610.00
400.632485,17633.07,610.00
400.733846,17633.07,610.00
400.834663,17633.07,610.00
400.935562,17633.07,610.00
401.036931,17633.07,610.00
401.138070,17633.07,610.00
401.239079,17633.07,610.00
401.340054,17633.07,610.00
401.440996,17633.07,610.00
401.542307,17633.07,610.00
401.643191,17633.07,610.00
401.744202,17633.07,610.00
401.845660,17633.07,610.00
401.946581,17633.07,610.00
402.047212,17633.07,660.00
402.147814,17633.07,750.00
402.248291,17633.07,748.00
402.348849,17633.07,706.00
402.449316,17633.07,750.00
402.549872,17633.07,706.00
402.650330,17633.07,748.00
402.750761,17633.07,684.00
402.851480,17633.07,726.00
402.952094,17633.07,682.00
403.052566,17633.07,712.00
403.153191,17633.07,750.00
403.253823,17633.07,750.00
403.354452,17633.07,750.00
403.455144,17633.07,712.00
403.555768,17633.07,708.00
403.656393,17633.07,746.00
403.757089,17633.07,748.00
403.857734,17633.07,750.00
403.958364,17633.07,708.00
404.059129,17633.07,712.00
404.159757,17633.07,750.00
404.260462,17633.07,750.00
404.361275,17633.07,706.00
404.462245,17633.07,706.00
404.562958,17633.07,706.00
404.663641,17633.07,706.00
404.764206,17633.07,706.00
404.864838,17633.07,706.00
404.965517,17586.84,706.00
405.067120,17586.84,706.00
405.167943,17586.84,706.00
405.269343,17586.84,706.00
405.370154,17586.84,706.00
405.471544,17586.84,706.00
405.572426,17586.84,706.00
405.673874,17586.84,706.00
405.774786,17586.84,706.00
405.875580,17586.84,706.00
405.976527,17586.84,706.00
406.077249,17586.84,706.00
406.178034,17586.84,706.00
406.278862,17586.84,706.00
406.380297,17586.84,706.00
406.481903,17586.84,706.00
406.582746,17586.84,706.00
406.683683,17586.84,706.00
406.784821,17586.84,706.00
406.886190,17586.84,706.00
406.987750,17586.84,706.00
407.088399,17586.84,570.00
407.188907,17586.84,570.00
407.289377,17586.84,570.00
407.389842,17586.84,550.00
407.490333,17586.84,570.00
407.590850,17586.84,570.00
407.691335,17586.84,570.00
407.791875,17586.84,570.00
407.892398,17586.84,570.00
407.992939,17586.84,570.00
408.093451,17586.84,570.00
408.193926,17586.84,570.00
408.294617,17586.84,570.00
408.395304,17586.84,570.00
408.495951,17586.84,570.00
408.597016,17586.84,570.00
408.697732,17586.84,570.00
408.798681,17586.84,570.00
408.899906,17586.84,570.00
409.001232,17586.84,570.00
409.101958,17586.84,570.00
409.202816,17586.84,570.00
409.303935,17586.84,570.00
409.404483,17586.84,570.00
409.505033,17586.84,570.00
409.605788,17586.84,552.00
409.706538,17586.84,570.00
409.807079,17586.84,572.00
409.907593,17586.84,552.00
410.008142,17586.84,570.00
410.108689,17586.84,550.00
410.209209,17586.84,572.00
410.309773,17586.84,570.00
410.410229,17586.84,572.00
410.510845,17586.84,570.00
410.611785,17586.84,572.00
410.712707,17586.84,572.00
410.813385,17586.84,572.00
410.914359,17586.84,572.00
411.015747,17586.84,572.00
411.116563,17586.84,572.00
411.218005,17586.84,572.00
411.318774,17586.84,572.00
411.420080,17586.84,572.00
411.521559,17586.84,572.00
411.622627,17586.84,572.00
411.723587,17586.84,572.00
411.824326,17586.84,572.00
411.925102,17586.84,572.00
412.026124,17586.84,572.00
412.126922,17586.84,572.00
412.227939,17586.84,572.00
412.329267,17586.84,572.00
412.430929,17586.84,572.00
412.532429,17586.84,572.00
412.633717,17586.84,572.00
412.734240,17586.84,574.00
412.834690,17586.84,574.00
412.935166,17586.84,574.00
413.035676,17586.84,576.00
413.136146,17586.84,576.00
413.236645,17586.84,576.00
413.337193,17586.84,576.00
413.437783,17586.84,574.00
413.538466,17586.84,576.00
413.639105,17586.84,576.00
413.739801,17586.84,574.00
413.840435,17591.35,574.00
413.941123,17595.99,594.00
414.041831,17605.26,556.00
414.142305,17619.17,574.00
414.242835,17619.17,574.00
414.343299,17628.44,574.00
414.443861,17628.44,574.00
414.544504,17628.44,574.00
414.645191,17628.44,574.00
414.745713,17628.44,574.00
414.847101,17628.44,574.00
414.948065,17628.44,574.00
415.049080,17628.44,574.00
415.150039,17628.44,574.00
415.251347,17628.44,574.00
415.352488,17628.44,574.00
415.453253,17628.44,574.00
415.553955,17628.44,574.00
415.654688,17628.44,574.00
415.755886,17628.44,574.00
415.856756,17628.44,574.00
415.957462,17628.44,574.00
416.058751,17628.44,574.00
416.159692,17628.44,574.00
416.260415,17628.44,574.00
416.361855,17628.44,574.00
416.462859,17628.44,574.00
416.563949,17628.44,574.00
416.664709,17628.44,574.00
416.766073,17628.44,574.00
416.866618,17628.44,692.00
416.967289,17628.44,672.00
417.067761,17628.44,714.00
417.168244,17628.44,674.00
417.268731,17628.44,714.00
417.369229,17628.44,714.00
417.470095,17628.44,672.00
417.570790,17628.44,714.00
417.671500,17628.44,672.00
417.772118,17628.44,714.00
417.872919,17628.44,714.00
417.973516,17628.44,732.00
418.074033,17628.44,712.00
418.174480,17628.44,708.00
418.274955,17628.44,708.00
418.375517,17628.44,708.00
418.476040,17628.44,688.00
418.576544,17628.44,708.00
418.677075,17628.44,708.00
418.777635,17628.44,668.00
418.878388,17628.44,668.00
418.979287,17628.44,668.00
419.079826,17628.44,668.00
419.180337,17628.44,668.00
419.280958,17628.44,668.00
419.383210,17628.44,668.00
419.484061,17628.44,668.00
419.585139,17628.44,668.00
419.686149,17628.44,668.00
419.787427,17628.44,668.00
419.888203,17628.44,584.00
419.988980,17628.44,586.00
420.089661,17628.44,586.00
420.190302,17628.44,566.00
420.290974,17628.44,566.00
420.391679,17628.44,566.00
420.492320,17628.44,586.00
420.592972,17628.44,566.00
420.693617,17628.44,566.00
420.794313,17628.44,566.00
420.894994,17628.44,586.00
420.995820,17628.44,586.00
421.097235,17628.44,586.00
421.198143,17628.44,586.00
421.299425,17628.44,586.00
421.400467,17628.44,586.00
421.501906,17628.44,586.00
421.602534,17628.44,586.00
421.703054,17628.44,566.00
421.803590,17628.44,566.00
421.904078,17628.44,566.00
422.004606,17628.44,566.00
422.105246,17628.44,566.00
422.205786,17628.44,566.00
422.306317,17628.44,566.00
422.406954,17628.44,586.00
422.507487,17628.44,566.00
422.607994,17628.44,566.00
422.708820,17628.44,566.00
422.809996,17628.44,566.00
422.910720,17628.44,566.00
423.011546,17628.44,566.00
423.112316,17628.44,566.00
423.213052,17628.44,566.00
423.314380,17628.44,566.00
423.415132,17628.44,566.00
423.515756,17628.44,566.00
423.616885,17628.44,546.00
423.717562,17628.44,586.00
423.818351,17628.44,586.00
423.918976,17628.44,566.00
424.019639,17628.44,586.00
424.120294,17628.44,586.00
424.220951,17628.44,566.00
424.321627,17628.44,566.00
424.422279,17628.44,566.00
424.522742,17628.44,586.00
424.623302,17628.44,566.00
424.723864,17628.44,566.00
424.824498,17628.44,566.00
424.925395,17628.44,566.00
425.026315,17628.44,566.00
425.127065,17628.44,566.00
425.228154,17628.44,566.00
425.329100,17628.44,566.00
425.429796,17628.44,566.00
425.530719,17628.44,566.00
425.631738,17628.44,566.00
425.732907,17628.44,566.00
425.833470,17628.44,546.00
425.934071,17628.44,566.00
426.034587,17628.44,546.00
426.135082,17628.44,586.00
426.235590,17628.44,566.00
426.336169,17628.44,566.00
426.436707,17628.44,546.00
426.537278,17628.44,566.00
426.637775,17628.44,566.00
426.738255,17628.44,566.00
426.838799,17628.44,566.00
426.939433,17628.44,566.00
427.040418,17628.44,566.00
427.141457,17628.44,566.00
427.242722,17628.44,566.00
427.344254,17628.44,566.00
427.445662,17628.44,566.00
427.546389,17628.44,566.00
427.647534,17628.44,566.00
427.748080,17628.44,586.00
427.848612,17628.44,566.00
427.949129,17628.44,586.00
428.049615,17628.44,546.00
428.150276,17628.44,566.00
428.250882,17628.44,586.00
428.351842,17628.44,586.00
428.452613,17628.44,586.00
428.553700,17628.44,566.00
428.654848,17628.44,566.00
428.755800,17628.44,566.00
428.856929,17628.44,566.00
428.958042,17628.44,566.00
429.058855,17628.44,566.00
429.159619,17628.44,566.00
429.260621,17628.44,566.00
429.362200,17628.44,566.00
429.479261,17628.44,566.00
429.580025,17628.44,566.00
429.680582,17628.44,566.00
429.781157,17628.44,586.00
429.881634,17628.44,586.00
429.982154,17628.44,566.00
430.082717,17628.44,566.00
430.183390,17628.44,586.00
430.284089,17628.44,546.00
430.384655,17628.44,566.00
430.485266,17628.44,546.00
430.585901,17628.44,586.00
430.686476,17628.44,566.00
430.787179,17628.44,566.00
430.888415,17628.44,566.00
430.989284,17628.44,566.00
431.090666,17628.44,566.00
431.191645,17628.44,566.00
431.293032,17628.44,566.00
431.393735,17628.44,566.00
431.495272,17628.44,566.00
431.597793,17628.44,566.00
431.699292,17628.44,566.00
431.802132,17628.44,566.00
431.903336,17628.44,566.00
432.004823,17628.44,566.00
432.105732,17628.44,566.00
432.206267,17628.44,566.00
432.306943,17628.44,586.00
432.407632,17628.44,566.00
432.508112,17628.44,568.00
432.608651,17628.44,586.00
432.709208,17628.44,566.00
432.809748,17628.44,568.00
432.910237,17628.44,566.00
433.010790,17628.44,566.00
433.111339,17628.44,566.00
433.211808,17628.44,566.00
433.312355,17628.44,586.00
433.412912,17628.44,566.00
433.513474,17628.44,568.00
433.614274,17628.44,586.00
433.715067,17628.44,586.00
433.815643,17628.44,586.00
433.916575,17628.44,586.00
434.017977,17628.44,586.00
434.119511,17628.44,586.00
434.220816,17628.44,586.00
434.321686,17628.44,586.00
434.422604,17628.44,586.00
434.523461,17628.44,586.00
434.624774,17628.44,586.00
434.726223,17628.44,586.00
434.827081,17628.44,586.00
434.928197,17628.44,586.00
435.028734,17628.44,566.00
435.129222,17628.44,586.00
435.229708,17628.44,566.00
435.330170,17628.44,586.00
435.430848,17628.44,566.00
435.531428,17628.44,566.00
435.632035,17628.44,546.00
435.732582,17628.44,566.00
435.833159,17628.44,566.00
435.933711,17628.44,566.00
436.034210,17628.44,566.00
436.134692,17628.44,546.00
436.235164,17628.44,566.00
436.335832,17628.44,566.00
436.436397,17628.44,566.00
436.536870,17628.44,566.00
436.637318,17628.44,566.00
436.737851,17628.44,566.00
436.839441,17628.44,566.00
436.940454,17628.44,566.00
437.041334,17628.44,566.00
437.142185,17628.44,566.00
437.243594,17628.44,566.00
437.344509,17628.44,566.00
437.445374,17628.44,566.00
437.546365,17628.44,566.00
437.646980,17628.44,566.00
437.747478,17628.44,566.00
437.847999,17628.44,586.00
437.948506,17628.44,566.00
438.049057,17628.44,566.00
438.149529,17628.44,546.00
438.250072,17628.44,586.00
438.350537,17628.44,566.00
438.451069,17628.44,566.00
438.551535,17628.44,566.00
438.652068,17628.44,566.00
438.753172,17628.44,566.00
438.854591,17628.44,566.00
438.956231,17628.44,566.00
439.057803,17628.44,566.00
439.159063,17628.44,566.00
439.260390,17628.44,566.00
439.361829,17628.44,566.00
439.462870,17628.44,566.00
439.564323,17628.44,566.00
439.665626,17628.44,566.00
439.766448,17628.44,566.00
439.867027,17628.44,566.00
439.967525,17628.44,586.00
440.068032,17628.44,566.00
440.168549,17628.44,566.00
440.269041,17628.44,586.00
440.369502,17628.44,566.00
440.470002,17628.44,566.00
440.570763,17628.44,566.00
440.671231,17628.44,586.00
440.771690,17628.44,586.00
440.872200,17628.44,586.00
440.972797,17628.44,566.00
441.073398,17628.44,566.00
441.173870,17628.44,566.00
441.274459,17628.44,566.00
441.375405,17628.44,566.00
441.476818,17628.44,566.00
441.577706,17628.44,566.00
441.678746,17628.44,566.00
441.779850,17628.44,566.00
441.881461,17628.44,566.00
441.983426,17628.44,566.00
442.084215,17628.44,566.00
442.185792,17628.44,566.00
442.287064,17628.44,566.00
442.388420,17628.44,566.00
442.489354,17628.44,566.00
442.590342,17628.44,566.00
442.691150,17628.44,566.00
442.792431,17628.44,566.00
442.893214,17628.44,566.00
442.994155,17628.44,566.00
443.095168,17628.44,566.00
443.195981,17628.44,566.00
443.296500,17628.44,566.00
443.397049,17628.44,566.00
443.497540,17628.44,586.00
443.598098,17628.44,566.00
443.698618,17628.44,566.00
443.799131,17628.44,566.00
443.899634,17628.44,566.00
444.000140,17628.44,566.00
444.100731,17628.44,566.00
444.201186,17628.44,566.00
444.301723,17642.35,566.00
444.402167,17642.35,566.00
444.502786,17642.35,566.00
444.603574,17642.35,566.00
444.704170,17642.35,566.00
444.805056,17642.35,566.00
444.906637,17642.35,566.00
445.007889,17642.35,566.00
445.109011,17642.35,566.00
445.209944,17642.35,566.00
445.310972,17642.35,566.00
445.411769,17642.35,566.00
445.512698,17642.35,566.00
445.614142,17642.35,566.00
445.715183,17642.35,566.00
445.815805,17642.35,566.00
445.916254,17642.35,586.00
446.016721,17642.35,566.00
446.117216,17642.35,586.00
446.217748,17642.35,546.00
446.318218,17642.35,568.00
446.418742,17642.35,566.00
446.519217,17642.35,586.00
446.619722,17642.35,586.00
446.720212,17642.35,588.00
446.820711,17642.35,566.00
446.921181,17642.35,566.00
447.021656,17642.35,568.00
447.122325,17642.35,568.00
447.223059,17642.35,568.00
447.324393,17642.35,568.00
447.425372,17642.35,568.00
447.526178,17642.35,568.00
447.627589,17642.35,568.00
447.728977,17642.35,568.00
447.829932,17642.35,568.00
447.930867,17642.35,568.00
448.031977,17642.35,568.00
448.132922,17642.35,568.00
448.233692,17642.35,568.00
448.335119,17642.35,568.00
448.435915,17642.35,568.00
448.537301,17642.35,568.00
448.638228,17642.35,568.00
448.739774,17642.35,568.00
448.840645,17642.35,568.00
448.941287,17642.35,568.00
449.041760,17642.35,588.00
449.142219,17642.35,588.00
449.242710,17642.35,568.00
449.343164,17642.35,588.00
449.443616,17642.35,568.00
449.544569,17642.35,568.00
449.645207,17642.35,568.00
449.745844,17642.35,588.00
449.846552,17642.35,568.00
449.947233,17642.35,568.00
450.047898,17642.35,568.00
450.148507,17642.35,568.00
450.249177,17642.35,588.00
450.349868,17642.35,590.00
450.450522,17642.35,588.00
450.551221,17642.35,568.00
450.652093,17642.35,568.00
450.752953,17642.35,568.00
450.853675,17642.35,568.00
450.954305,17642.35,568.00
451.054921,17642.35,568.00
451.156499,17642.35,568.00
451.257477,17642.35,568.00
451.358446,17642.35,568.00
451.459205,17642.35,568.00
451.560037,17642.35,568.00
451.661104,17642.35,568.00
451.761958,17642.35,568.00
451.862786,17642.35,568.00
451.963610,17642.35,568.00
452.064450,17642.35,568.00
452.165552,17642.35,568.00
452.266772,17642.35,568.00
452.367846,17642.35,568.00
452.469353,17642.35,568.00
452.570574,17642.35,568.00
452.672211,17642.35,568.00
452.773149,17642.35,568.00
452.873987,17642.35,568.00
452.974599,17642.35,740.00
453.075018,17642.35,718.00
453.175480,17642.35,744.00
453.275940,17642.35,746.00
453.376401,17642.35,744.00
453.476852,17642.35,742.00
453.577364,17642.35,718.00
453.677914,17642.35,720.00
453.778574,17642.35,746.00
453.879126,17596.11,724.00
453.979689,17596.11,724.00
454.080176,17596.11,750.00
454.180741,17596.11,724.00
454.281230,17596.11,750.00
454.381712,17596.11,720.00
454.482260,17596.11,750.00
454.582762,17596.11,726.00
454.683467,17596.11,724.00
454.783980,17596.11,754.00
454.884461,17596.11,752.00
454.984938,17596.11,752.00
455.085458,17596.11,708.00
455.186036,17596.11,684.00
455.286894,17596.11,684.00
455.387854,17596.11,684.00
455.489159,17596.11,684.00
455.589688,17596.11,684.00
455.690164,17596.11,684.00
455.791131,17596.11,684.00
455.891915,17596.11,684.00
455.993407,17596.11,684.00
456.094386,17596.11,684.00
456.195197,17596.11,684.00
456.296471,17596.11,684.00
456.397372,17596.11,684.00
456.498652,17596.11,684.00
456.599404,17596.11,684.00
456.700351,17596.11,684.00
456.801622,17596.11,684.00
456.902607,17596.11,684.00
457.003429,17596.11,684.00
457.104503,17596.11,684.00
457.205260,17596.11,684.00
457.306207,17596.11,684.00
457.407178,17596.11,684.00
457.508165,17596.11,684.00
457.609101,17596.11,684.00
457.709703,17596.11,642.00
457.810207,17596.11,570.00
457.910711,17596.11,550.00
458.011249,17596.11,550.00
458.111753,17596.11,570.00
458.212257,17596.11,570.00
458.312916,17596.11,570.00
458.413500,17596.11,570.00
458.513990,17596.11,570.00
458.614524,17596.11,570.00
458.715086,17596.11,570.00
458.815877,17596.11,570.00
458.916584,17596.11,570.00
459.017430,17596.11,570.00
459.118011,17596.11,570.00
459.219158,17596.11,570.00
459.319999,17596.11,570.00
459.420880,17596.11,570.00
459.521741,17596.11,570.00
459.623115,17596.11,570.00
459.724176,17596.11,570.00
459.825398,17596.11,570.00
459.926983,17596.11,570.00
460.027620,17596.11,572.00
460.127997,17596.11,572.00
460.228451,17596.11,592.00
460.328946,17596.11,572.00
460.429490,17596.11,572.00
460.529995,17596.11,572.00
460.630498,17596.11,572.00
460.731052,17596.11,572.00
460.831500,17596.11,572.00
460.932041,17596.11,570.00
461.032562,17596.11,570.00
461.133127,17596.11,572.00
461.233666,17596.11,572.00
461.334644,17596.11,572.00
461.435604,17596.11,572.00
461.536356,17596.11,572.00
461.637223,17596.11,572.00
461.738410,17596.11,572.00
461.839526,17596.11,572.00
461.940255,17596.11,572.00
462.040982,17596.11,572.00
462.141674,17596.11,572.00
462.242427,17596.11,572.00
462.343492,17596.11,572.00
462.444591,17596.11,572.00
462.545301,17596.11,572.00
462.646142,17596.11,572.00
462.746936,17596.11,572.00
462.847820,17596.11,572.00
462.948742,17596.11,572.00
463.049826,17596.11,572.00
463.150757,17596.11,572.00
463.251822,17596.11,572.00
463.352534,17596.11,572.00
463.453414,17596.11,572.00
463.554575,17596.11,572.00
463.655315,17613.78,574.00
463.755960,17613.78,574.00
463.856568,17613.78,574.00
463.957106,17613.78,574.00
464.057634,17613.78,574.00
464.158193,17613.78,576.00
464.258748,17613.78,574.00
464.359323,17613.78,574.00
464.459804,17613.78,574.00
464.560281,17613.78,574.00
464.660746,17613.78,576.00
464.761220,17613.78,574.00
464.861816,17613.78,574.00
464.962338,17613.78,574.00
465.062819,17618.41,574.00
465.163472,17627.68,574.00
465.264261,17627.68,574.00
465.365029,17627.68,574.00
465.465820,17627.68,574.00
465.566427,17627.68,574.00
465.667448,17627.68,574.00
465.768477,17627.68,574.00
465.869330,17627.68,574.00
465.970401,17627.68,574.00
466.071360,17627.68,574.00
466.172129,17627.68,574.00
466.273070,17627.68,574.00
466.374463,17627.68,574.00
466.475964,17627.68,574.00
466.576989,17627.68,574.00
466.678446,17627.68,574.00
466.779446,17627.68,574.00
466.880949,17627.68,574.00
466.981989,17627.68,574.00
467.083447,17627.68,574.00
467.184726,17627.68,574.00
467.285434,17627.68,574.00
467.386335,17627.68,574.00
467.487276,17646.23,574.00
467.587833,17655.50,672.00
467.688461,17655.50,714.00
467.789060,17655.50,694.00
467.889655,17655.50,714.00
467.990153,17655.50,714.00
468.090718,17655.50,694.00
468.191332,17655.50,714.00
468.291817,17655.50,712.00
468.392276,17655.50,712.00
468.492764,17655.50,712.00
468.593634,17655.50,712.00
468.694310,17655.50,712.00
468.795359,17655.50,712.00
468.896392,17655.50,692.00
468.997353,17655.50,632.00
469.098238,17655.50,710.00
469.199435,17655.50,690.00
469.300420,17655.50,710.00
469.401214,17655.50,690.00
469.502061,17655.50,690.00
469.603088,17655.50,690.00
469.704365,17655.50,690.00
469.805180,17655.50,690.00
469.905802,17655.50,690.00
470.007332,17655.50,690.00
470.108097,17655.50,690.00
470.209300,17655.50,690.00
470.310131,17655.50,690.00
470.410896,17655.50,690.00
470.511549,17655.50,544.00
470.612034,17655.50,586.00
470.712520,17655.50,546.00
470.813177,17655.50,586.00
470.913650,17655.50,566.00
471.014238,17655.50,566.00
471.114700,17655.50,566.00
471.215291,17655.50,566.00
471.316178,17655.50,566.00
471.416951,17655.50,566.00
471.517476,17655.50,546.00
471.617990,17655.50,546.00
471.718883,17655.50,546.00
471.819959,17655.50,546.00
471.921029,17655.50,546.00
472.021751,17655.50,546.00
472.122448,17655.50,546.00
472.223268,17655.50,566.00
472.323864,17655.50,566.00
472.424371,17655.50,586.00
472.524995,17655.50,566.00
472.625564,17655.50,566.00
472.726137,17655.50,566.00
472.826759,17655.50,566.00
472.927397,17655.50,566.00
473.027996,17655.50,566.00
473.128917,17655.50,566.00
473.229927,17655.50,566.00
473.331115,17655.50,566.00
473.432128,17655.50,566.00
473.533468,17655.50,566.00
473.634414,17655.50,566.00
473.735237,17655.50,566.00
473.836470,17655.50,566.00
473.937064,17655.50,566.00
474.037568,17655.50,566.00
474.138217,17655.50,566.00
474.238748,17655.50,566.00
474.339225,17655.50,586.00
474.439734,17655.50,586.00
474.540251,17655.50,566.00
474.640733,17655.50,566.00
474.741227,17655.50,546.00
474.841723,17655.50,566.00
474.942222,17655.50,566.00
475.042760,17655.50,566.00
475.143380,17655.50,586.00
475.244163,17655.50,586.00
475.345757,17655.50,586.00
475.446630,17655.50,586.00
475.547503,17655.50,586.00
475.648332,17655.50,586.00
475.749326,17655.50,586.00
475.850092,17655.50,586.00
475.951078,17655.50,586.00
476.052270,17655.50,586.00
476.152839,17655.50,566.00
476.253508,17655.50,566.00
476.354185,17655.50,566.00
476.454852,17655.50,566.00
476.555562,17655.50,566.00
476.656220,17655.50,586.00
476.756975,17655.50,566.00
476.857686,17655.50,566.00
476.958358,17655.50,566.00
477.059085,17655.50,568.00
477.159882,17655.50,586.00
477.260636,17655.50,586.00
477.361532,17655.50,586.00
477.462397,17655.50,586.00
477.563179,17655.50,586.00
477.663900,17655.50,586.00
477.764748,17655.50,586.00
477.865622,17655.50,586.00
477.966989,17655.50,586.00
478.067724,17655.50,586.00
478.168473,17655.50,586.00
478.269052,17655.50,566.00
478.369523,17655.50,566.00
478.470043,17655.50,586.00
478.570574,17655.50,566.00
478.671169,17655.50,566.00
478.771820,17655.50,586.00
478.872319,17655.50,586.00
478.973003,17655.50,566.00
479.073609,17655.50,566.00
479.174298,17655.50,566.00
479.274944,17655.50,566.00
479.375633,17655.50,586.00
479.476131,17655.50,586.00
479.577176,17655.50,586.00
479.678068,17655.50,586.00
479.778926,17655.50,586.00
479.879556,17655.50,586.00
479.980661,17655.50,586.00
480.081962,17655.50,586.00
480.182656,17655.50,586.00
480.283518,17655.50,586.00
480.384243,17655.50,566.00
480.484752,17655.50,546.00
480.585218,17655.50,586.00
480.685720,17655.50,566.00
480.786471,17655.50,546.00
480.887150,17655.50,566.00
480.987675,17655.50,566.00
481.088207,17655.50,566.00
481.188746,17655.50,566.00
481.289268,17655.50,566.00
481.389764,17655.50,586.00
481.490218,17655.50,586.00
481.591071,17655.50,586.00
481.692046,17655.50,586.00
481.793493,17655.50,586.00
481.894178,17655.50,586.00
481.995240,17655.50,586.00
482.096266,17655.50,586.00
482.197186,17655.50,586.00
482.298289,17655.50,586.00
482.399275,17655.50,586.00
482.500153,17655.50,586.00
482.601563,17655.50,586.00
482.702162,17655.50,566.00
482.802850,17655.50,566.00
482.903342,17655.50,566.00
483.003842,17655.50,586.00
483.104317,17655.50,586.00
483.204931,17655.50,586.00
483.305485,17655.50,568.00
483.406171,17655.50,566.00
483.506682,17655.50,568.00
483.607215,17655.50,566.00
483.707677,17655.50,566.00
483.808231,17655.50,586.00
483.908794,17655.50,566.00
484.009308,17655.50,566.00
484.109923,17655.50,566.00
484.210783,17655.50,566.00
484.312201,17655.50,566.00
484.413027,17655.50,566.00
484.514526,17655.50,566.00
484.615390,17655.50,566.00
484.716258,17655.50,566.00
484.817506,17655.50,566.00
484.918318,17655.50,566.00
485.019272,17655.50,566.00
485.120812,17655.50,566.00
485.222472,17655.50,566.00
485.323626,17655.50,566.00
485.424181,17655.50,566.00
485.524713,17655.50,566.00
485.625234,17655.50,586.00
485.725724,17655.50,586.00
485.826285,17655.50,566.00
485.926818,17655.50,566.00
486.027318,17655.50,566.00
486.127815,17655.50,566.00
486.228482,17655.50,566.00
486.329157,17655.50,586.00
486.429655,17655.50,546.00
486.530128,17655.50,566.00
486.630611,17655.50,566.00
486.731143,17655.50,566.00
486.831602,17655.50,546.00
486.932049,17655.50,566.00
487.032508,17655.50,586.00
487.133128,17655.50,586.00
487.233743,17655.50,586.00
487.335376,17655.50,586.00
487.436164,17655.50,586.00
487.537370,17655.50,586.00
487.638153,17655.50,586.00
487.739001,17655.50,586.00
487.840205,17655.50,586.00
487.941117,17655.50,586.00
488.042345,17655.50,586.00
488.143053,17655.50,566.00
488.243686,17655.50,566.00
488.344221,17655.50,566.00
488.444694,17655.50,586.00
488.545200,17655.50,586.00
488.645822,17655.50,566.00
488.746333,17655.50,566.00
488.846866,17655.50,566.00
488.947450,17655.50,566.00
489.048164,17655.50,586.00
489.148604,17655.50,586.00
489.249096,17655.50,586.00
489.350250,17655.50,586.00
489.451439,17655.50,586.00
489.552445,17655.50,586.00
489.653576,17655.50,586.00
489.754549,17655.50,586.00
489.855404,17655.50,586.00
489.956528,17655.50,586.00
490.057300,17655.50,586.00
490.158089,17655.50,586.00
490.259302,17655.50,586.00
490.360127,17655.50,586.00
490.461060,17655.50,586.00
490.561813,17655.50,586.00
490.662352,17655.50,566.00
490.762864,17655.50,546.00
490.863325,17655.50,566.00
490.963828,17655.50,566.00
491.064263,17655.50,586.00
491.164725,17655.50,566.00
491.265181,17655.50,566.00
491.365792,17655.50,566.00
491.467201,17655.50,566.00
491.570919,17655.50,566.00
491.671832,17655.50,566.00
491.774234,17655.50,566.00
491.874754,17655.50,586.00
491.975344,17655.50,586.00
492.075816,17655.50,586.00
492.177156,17655.50,586.00
492.277891,17655.50,586.00
492.380747,17655.50,586.00
492.481738,17655.50,586.00
492.582510,17655.50,586.00
492.683284,17655.50,586.00
492.784103,17655.50,586.00
492.884875,17655.50,586.00
492.986134,17655.50,586.00
493.087331,17655.50,586.00
493.188242,17655.50,586.00
493.289074,17655.50,586.00
493.389914,17655.50,586.00
493.490625,17655.50,586.00
493.591405,17655.50,586.00
493.692079,17655.50,586.00
493.792987,17655.50,586.00
493.894195,17655.50,586.00
493.995447,17655.50,586.00
494.096706,17655.50,586.00
494.198123,17655.50,586.00
494.299316,17655.50,586.00
494.400383,17655.50,586.00
494.501081,17655.50,586.00
494.601635,17655.50,566.00
494.702175,17655.50,566.00
494.802627,17655.50,548.00
494.903033,17655.50,568.00
495.003484,17655.50,568.00
495.104006,17655.50,588.00
495.204471,17687.95,566.00
495.305031,17711.13,546.00
495.405586,17734.31,566.00
495.506175,17748.21,566.00
495.606635,17762.12,586.00
495.707363,17762.12,586.00
495.808306,17762.12,586.00
495.909104,17762.12,586.00
496.009892,17762.12,586.00
496.110830,17762.12,586.00
496.211626,17762.12,586.00
496.312885,17762.12,586.00
496.413686,17762.12,586.00
496.514426,17762.12,586.00
496.615198,17762.12,586.00
496.716573,17762.12,586.00
496.817505,17762.12,586.00
496.918358,17762.12,586.00
497.019172,17762.12,586.00
497.119712,17762.12,566.00
497.220381,17762.12,546.00
497.320935,17762.12,586.00
497.421536,17762.12,566.00
497.522248,17762.12,546.00
497.622783,17762.12,568.00
497.723361,17762.12,566.00
497.823904,17762.12,568.00
497.924415,17762.12,548.00
498.025042,17762.12,566.00
498.125585,17762.12,566.00
498.226192,17762.12,566.00
498.326643,17762.12,566.00
498.427693,17762.12,566.00
498.528775,17762.12,566.00
498.629499,17762.12,566.00
498.730507,17762.12,566.00
498.831414,17762.12,566.00
498.932522,17762.12,566.00
499.033388,17762.12,566.00
499.134448,17762.12,566.00
499.235219,17762.12,566.00
499.336140,17762.12,566.00
499.437006,17762.12,566.00
499.537778,17762.12,566.00
499.638569,17762.12,566.00
499.739707,17762.12,566.00
499.840580,17762.12,566.00
499.941474,17762.12,566.00
500.042562,17762.12,566.00
500.143612,17762.12,566.00
500.244479,17762.12,566.00
500.345265,17762.12,566.00
500.446595,17762.12,566.00
500.547576,17762.12,566.00
500.648794,17762.12,566.00
500.749702,17762.12,566.00
500.850241,17762.12,568.00
500.950742,17762.12,568.00
501.051195,17762.12,568.00
501.151665,17762.12,568.00
501.252245,17762.12,570.00
501.352740,17762.12,568.00
501.453278,17762.12,568.00
501.553731,17762.12,550.00
501.654194,17762.12,548.00
501.754899,17762.12,590.00
501.855535,17762.12,568.00
501.956269,17762.12,588.00
502.057109,17762.12,568.00
502.157745,17762.12,568.00
502.258420,17762.12,568.00
502.359490,17762.12,588.00
502.460509,17762.12,568.00
502.561484,17762.12,568.00
502.662667,17762.12,568.00
502.763710,17762.12,568.00
502.864847,17762.12,568.00
502.966002,17762.12,568.00
503.067385,17762.12,568.00
503.168696,17762.12,568.00
503.269968,17762.12,568.00
503.370788,17762.12,568.00
503.471569,17762.12,568.00
503.572743,17762.12,568.00
503.673835,17762.12,568.00
503.774611,17762.12,568.00
503.875532,17762.12,568.00
503.976473,17762.12,568.00
504.077352,17762.12,568.00
504.178613,17762.12,568.00
504.279730,17762.12,568.00
504.380697,17762.12,568.00
504.481545,17762.12,568.00
504.582476,17762.12,568.00
504.683609,17762.12,568.00
504.784608,17762.12,568.00
504.886114,17762.12,568.00
504.986841,17762.12,658.00
505.087718,17762.12,722.00
505.188403,17762.12,704.00
505.288950,17762.12,748.00
505.389457,17762.12,724.00
505.489892,17762.12,720.00
505.590384,17762.12,742.00
505.690912,17762.12,720.00
505.791426,17762.12,738.00
505.891980,17762.12,720.00
505.992451,17762.12,740.00
506.092948,17762.12,744.00
506.193408,17762.12,722.00
506.293985,17762.12,766.00
506.394472,17762.12,720.00
506.495101,17762.12,744.00
506.595692,17762.12,742.00
506.696218,17762.12,744.00
506.796884,17762.12,702.00
506.897336,17762.12,702.00
506.997768,17762.12,744.00
507.098276,17762.12,700.00
507.198896,17762.12,700.00
507.299552,17762.12,700.00
507.400329,17762.12,700.00
507.501304,17762.12,700.00
507.601803,17762.12,700.00
507.702336,17762.12,700.00
507.803331,17762.12,700.00
507.904198,17762.12,700.00
508.005448,17762.12,700.00
508.106714,17762.12,700.00
508.207859,17762.12,700.00
508.309229,17762.12,700.00
508.410063,17762.12,700.00
508.510800,17762.12,700.00
508.611739,17762.12,700.00
508.713057,17762.12,700.00
508.814077,17762.12,700.00
508.915437,17762.12,700.00
509.016713,17762.12,700.00
509.118040,17762.12,700.00
509.219543,17762.12,700.00
509.320328,17762.12,700.00
509.421051,17762.12,700.00
509.522200,17762.12,700.00
509.622944,17762.12,700.00
509.723683,17762.12,700.00
509.824153,17762.12,582.00
509.924631,17762.12,582.00
510.025090,17762.12,582.00
510.125588,17762.12,582.00
510.226060,17762.12,582.00
510.326507,17715.89,582.00
510.426933,17715.89,582.00
510.527443,17715.89,582.00
510.627925,17715.89,582.00
510.728423,17715.89,582.00
510.828951,17715.89,542.00
510.929514,17715.89,542.00
511.030077,17715.89,542.00
511.130944,17715.89,542.00
511.231664,17715.89,542.00
511.332343,17715.89,542.00
511.433215,17715.89,542.00
511.534607,17715.89,542.00
511.635399,17715.89,542.00
511.736290,17715.89,542.00
511.837011,17715.89,542.00
511.937851,17715.89,542.00
512.038991,17715.89,542.00
512.139902,17715.89,542.00
512.240658,17715.89,542.00
512.341245,17715.89,582.00
512.441748,17715.89,562.00
512.542234,17715.89,582.00
512.642794,17715.89,562.00
512.743290,17715.89,584.00
512.843774,17715.89,584.00
512.944230,17715.89,584.00
513.044762,17715.89,584.00
513.145260,17715.89,584.00
513.245731,17715.89,564.00
513.346242,17715.89,584.00
513.446865,17715.89,564.00
513.547651,17715.89,564.00
513.648943,17715.89,564.00
513.750213,17715.89,564.00
513.851091,17715.89,564.00
513.952129,17715.89,564.00
514.053633,17715.89,564.00
514.154471,17715.89,564.00
514.255229,17715.89,564.00
514.356019,17715.89,564.00
514.456729,17715.89,564.00
514.557453,17715.89,564.00
514.658243,17715.89,564.00
514.759056,17715.89,564.00
514.859792,17715.89,564.00
514.961154,17715.89,564.00
515.062269,17715.89,564.00
515.163589,17715.89,564.00
515.264438,17715.89,564.00
515.365822,17715.89,564.00
515.466637,17715.89,564.00
515.567545,17715.89,564.00
515.668174,17715.89,586.00
515.768771,17715.89,588.00
515.869268,17715.89,588.00
515.969724,17715.89,588.00
516.070185,17715.89,588.00
516.170689,17715.89,588.00
516.271159,17715.89,566.00
516.371625,17715.89,588.00
516.472168,17715.89,588.00
516.572762,17715.89,588.00
516.673228,17715.89,568.00
516.773702,17715.89,588.00
516.874264,17715.89,588.00
516.974785,17715.89,588.00
517.075343,17715.89,568.00
517.175978,17715.89,568.00
517.276812,17715.89,568.00
517.377587,17715.89,568.00
517.478211,17715.89,568.00
517.578810,17715.89,568.00
517.679983,17715.89,568.00
517.780932,17715.89,568.00
517.881842,17715.89,568.00
517.982696,17715.89,568.00
518.083646,17715.89,568.00
518.184690,17715.89,568.00
518.285450,17715.89,568.00
518.386281,17715.89,568.00
518.487039,17715.89,568.00
518.587844,17715.89,568.00
518.689181,17715.89,568.00
518.790531,17715.89,568.00
518.891844,17715.89,568.00
518.992661,17715.89,568.00
519.093431,17715.89,568.00
519.194219,17715.89,568.00
519.295052,17715.89,568.00
519.396592,17715.89,568.00
519.497448,17715.89,568.00
519.598678,17715.89,568.00
519.699130,17715.89,704.00
519.799615,17715.89,682.00
519.900165,17715.89,702.00
520.000655,17715.89,704.00
520.101457,17715.89,722.00
520.202119,17715.89,702.00
520.302634,17715.89,702.00
520.403349,17715.89,702.00
520.504285,17715.89,682.00
520.604929,17715.89,702.00
520.705589,17715.89,682.00
520.806217,17715.89,662.00
520.906948,17715.89,682.00
521.007639,17715.89,684.00
521.108343,17715.89,704.00
521.208982,17715.89,682.00
521.309613,17715.89,704.00
521.410400,17715.89,702.00
521.511123,17715.89,702.00
521.611817,17715.89,662.00
521.712661,17715.89,662.00
521.813678,17669.53,662.00
521.914858,17669.53,662.00
522.015318,17669.53,662.00
522.115929,17669.53,662.00
522.216834,17669.53,662.00
522.317869,17669.53,662.00
522.418690,17669.53,662.00
522.519348,17669.53,662.00
522.620172,17669.53,662.00
522.720945,17669.53,662.00
522.821495,17669.53,582.00
522.921998,17669.53,582.00
523.022497,17669.53,582.00
523.123068,17669.53,562.00
523.223528,17669.53,582.00
523.324157,17669.53,582.00
523.424630,17669.53,582.00
523.525197,17669.53,562.00
523.625728,17669.53,582.00
523.726198,17669.53,582.00
523.826658,17669.53,582.00
523.927146,17669.53,582.00
524.028290,17669.53,582.00
524.129170,17669.53,582.00
524.229962,17669.53,582.00
524.330713,17669.53,582.00
524.431447,17669.53,582.00
524.531982,17669.53,582.00
524.632480,17669.53,582.00
524.733056,17669.53,582.00
524.833525,17669.53,582.00
524.934060,17669.53,562.00
525.034642,17669.53,582.00
525.135191,17669.53,582.00
525.235643,17669.53,582.00
525.336168,17669.53,582.00
525.436763,17669.53,582.00
525.537570,17669.53,562.00
525.638058,17669.53,562.00
525.738996,17669.53,562.00
525.839930,17669.53,562.00
525.940726,17669.53,562.00
526.041625,17669.53,562.00
526.142948,17669.53,562.00
526.243814,17669.53,562.00
526.345105,17669.53,562.00
526.445777,17669.53,582.00
526.546236,17669.53,582.00
526.646692,17669.53,582.00
526.747268,17669.53,542.00
526.847746,17669.53,582.00
526.948380,17669.53,562.00
527.048875,17669.53,582.00
527.149346,17669.53,582.00
527.249898,17669.53,562.00
527.350406,17669.53,582.00
527.451003,17669.53,582.00
527.551517,17669.53,582.00
527.652025,17669.53,562.00
527.752523,17669.53,562.00
527.853791,17669.53,562.00
527.955279,17669.53,562.00
528.056769,17669.53,562.00
528.157829,17669.53,562.00
528.259138,17669.53,562.00
528.362369,17669.53,562.00
528.469183,17669.53,562.00
528.570044,17669.53,562.00
528.670611,17669.54,562.00
528.771202,17669.54,582.00
528.871762,17669.54,562.00
528.972255,17669.54,582.00
529.072762,17669.54,582.00
529.173307,17669.54,542.00
529.273852,17669.54,582.00
529.374495,17669.54,582.00
529.475028,17669.54,582.00
529.575542,17669.54,582.00
529.676071,17669.54,582.00
529.776506,17669.54,562.00
529.876975,17669.54,562.00
529.977768,17669.54,562.00
530.078529,17669.54,562.00
530.179272,17669.54,562.00
530.279980,17669.54,562.00
530.381200,17669.54,562.00
530.482055,17669.54,562.00
530.583015,17669.54,562.00
530.683753,17669.54,562.00
530.784262,17669.54,542.00
530.884744,17669.54,562.00
530.985244,17669.54,562.00
531.085855,17669.54,582.00
531.186367,17669.54,582.00
531.286982,17669.54,582.00
531.387737,17669.54,582.00
531.488257,17669.54,582.00
531.588823,17669.54,582.00
531.689298,17669.54,582.00
531.789817,17669.54,582.00
531.890287,17669.54,562.00
531.990751,17669.54,562.00
532.092010,17669.54,562.00
532.192889,17669.54,562.00
532.294097,17669.54,562.00
532.395316,17669.54,562.00
532.496298,17669.54,562.00
532.597180,17669.54,562.00
532.697824,17669.54,562.00
532.798535,17669.54,562.00
532.899012,17669.54,582.00
532.999738,17669.54,562.00
533.100374,17669.54,582.00
533.201055,17669.54,582.00
533.301687,17669.54,582.00
533.402444,17669.54,562.00
533.503117,17669.54,582.00
533.603608,17669.54,582.00
533.704076,17669.54,582.00
533.804740,17669.54,582.00
533.905228,17669.54,562.00
534.005880,17669.54,562.00
534.106765,17669.54,562.00
534.207842,17669.54,562.00
534.309187,17669.54,562.00
534.410275,17669.54,562.00
534.511505,17669.54,562.00
534.612237,17669.54,562.00
534.713336,17669.54,562.00
534.814265,17669.54,562.00
534.915560,17669.54,562.00
535.016637,17669.54,562.00
535.117537,17669.54,562.00
535.218289,17669.54,562.00
535.319333,17669.54,562.00
535.419983,17669.54,562.00
535.520504,17669.54,584.00
535.621134,17669.54,582.00
535.721631,17669.54,582.00
535.822209,17669.54,582.00
535.922777,17669.54,582.00
536.023266,17669.54,584.00
536.123855,17669.54,582.00
536.224331,17669.54,584.00
536.324835,17669.54,584.00
536.425465,17669.54,582.00
536.526009,17669.54,582.00
536.626580,17669.54,582.00
536.727071,17669.54,562.00
536.827607,17669.54,542.00
536.928240,17669.54,542.00
537.028851,17669.54,542.00
537.129618,17669.54,542.00
537.230468,17669.54,542.00
537.331699,17669.54,542.00
537.432549,17669.54,542.00
537.533378,17669.54,542.00
537.634188,17669.54,542.00
537.735334,17669.54,542.00
537.836931,17669.54,542.00
537.937884,17669.54,542.00
538.040970,17669.54,542.00
538.141747,17669.54,542.00
538.242813,17669.54,542.00
538.343373,17669.54,562.00
538.443819,17669.54,582.00
538.544289,17669.54,582.00
538.644771,17669.54,582.00
538.745244,17669.54,582.00
538.845760,17669.54,582.00
538.946313,17669.54,582.00
539.046845,17669.54,582.00
539.147422,17669.54,562.00
539.248040,17669.54,582.00
539.348613,17669.54,582.00
539.449211,17669.54,562.00
539.549822,17669.54,582.00
539.650592,17669.54,582.00
539.751325,17669.54,582.00
539.852150,17669.54,582.00
539.952956,17669.54,582.00
540.053629,17669.54,562.00
540.154397,17669.54,562.00
540.255176,17669.54,562.00
540.356314,17669.54,562.00
540.458460,17669.54,562.00
540.559490,17669.54,562.00
540.660333,17669.54,562.00
540.761525,17669.54,562.00
540.862870,17669.54,562.00
540.964253,17669.54,562.00
541.065432,17669.54,562.00
541.166654,17669.54,562.00
541.267470,17669.54,582.00
541.368049,17669.54,582.00
541.468539,17669.54,582.00
541.569067,17669.54,562.00
541.669660,17669.54,562.00
541.770178,17669.54,562.00
541.870661,17669.54,582.00
541.971186,17669.54,582.00
542.071711,17669.54,582.00
542.172528,17669.54,562.00
542.273214,17669.54,582.00
542.373919,17669.54,562.00
542.474431,17669.54,562.00
542.575608,17669.54,562.00
542.676657,17669.54,562.00
542.777402,17669.54,562.00
542.878275,17669.54,562.00
542.979128,17669.54,562.00
543.079869,17669.54,562.00
543.180856,17669.54,562.00
543.281704,17669.54,562.00
543.382407,17669.54,562.00
543.483093,17669.54,562.00
543.584424,17669.54,562.00
543.685877,17669.54,562.00
543.787332,17669.54,562.00
543.888158,17669.54,562.00
543.988643,17669.54,582.00
544.089155,17669.54,582.00
544.189789,17669.54,562.00
544.290307,17669.54,582.00
544.390839,17669.54,582.00
544.491393,17669.54,582.00
544.591899,17669.54,582.00
544.692373,17669.54,582.00
544.793229,17669.54,522.00
544.894039,17669.54,582.00
544.994744,17669.54,562.00
545.095491,17669.54,582.00
545.196201,17669.54,582.00
545.296903,17669.54,562.00
545.397514,17669.54,562.00
545.498074,17669.54,562.00
545.599192,17669.54,562.00
545.700375,17669.54,562.00
545.802417,17669.54,562.00
545.903417,17669.54,562.00
546.004455,17669.54,562.00
546.108376,17669.54,562.00
546.209380,17669.54,562.00
546.310852,17669.54,562.00
546.412085,17669.54,562.00
546.512874,17669.54,562.00
546.613973,17669.54,562.00
546.716395,17669.54,562.00
546.817578,17669.54,562.00
546.918808,17669.54,562.00
547.019769,17669.54,562.00
547.121216,17669.54,562.00
547.222168,17669.54,562.00
547.323128,17669.54,562.00
547.424194,17669.54,562.00
547.525307,17669.54,562.00
547.626183,17669.54,562.00
547.726907,17669.54,582.00
547.827576,17669.54,582.00
547.928356,17669.54,582.00
548.029272,17669.54,562.00
548.129853,17669.54,542.00
548.230425,17669.54,582.00
548.330996,17669.54,582.00
548.431574,17683.32,562.00
548.532104,17711.14,584.00
548.632750,17734.32,582.00
548.733283,17771.41,562.00
548.833804,17771.41,562.00
548.934478,17771.41,562.00
549.035081,17771.41,562.00
549.135637,17771.41,562.00
549.236358,17771.41,562.00
549.337188,17771.41,562.00
549.438384,17771.41,562.00
549.539088,17771.41,562.00
549.639959,17771.41,562.00
549.741052,17771.41,562.00
549.842315,17771.41,562.00
549.943370,17771.41,562.00
550.044181,17771.41,562.00
550.145240,17771.41,562.00
550.246661,17771.41,562.00
550.347524,17771.41,584.00
550.448202,17771.41,584.00
550.548898,17771.41,562.00
550.649578,17771.41,582.00
550.750267,17771.41,562.00
550.851028,17771.41,584.00
550.951771,17771.41,562.00
551.052447,17771.41,584.00
551.153256,17771.41,584.00
551.253992,17771.41,584.00
551.354658,17771.41,584.00
551.455825,17771.41,562.00
551.556521,17771.41,562.00
551.657203,17771.41,562.00
551.758369,17771.41,562.00
551.864372,17771.41,562.00
551.965178,17771.41,562.00
552.065919,17771.41,562.00
552.166638,17771.41,562.00
552.268392,17771.41,562.00
552.369150,17771.41,562.00
552.469893,17771.41,562.00
552.571161,17771.41,562.00
552.671889,17771.41,562.00
552.772685,17771.41,562.00
552.873740,17771.41,562.00
552.974828,17771.41,562.00
553.075875,17771.41,562.00
553.176639,17771.41,562.00
553.277329,17771.41,562.00
553.379445,17771.41,562.00
553.480641,17771.41,562.00
553.581437,17771.41,562.00
553.682527,17771.41,562.00
553.783286,17771.41,562.00
553.884378,17771.41,562.00
553.985163,17771.41,562.00
554.086089,17771.41,562.00
554.186798,17771.41,562.00
554.287390,17771.41,584.00
554.387911,17771.41,584.00
554.488729,17771.41,586.00
554.589270,17771.41,564.00
554.689758,17771.41,584.00
554.790234,17771.41,584.00
554.890721,17771.41,586.00
554.991250,17771.41,584.00
555.091776,17771.41,584.00
555.192286,17771.41,584.00
555.292931,17771.41,584.00
555.393606,17771.41,586.00
555.494351,17771.41,564.00
555.595041,17771.41,586.00
555.695701,17771.41,586.00
555.796341,17771.41,586.00
555.897452,17771.41,566.00
555.998273,17771.41,566.00
556.099090,17771.41,566.00
556.200000,17771.41,566.00
556.300936,17771.41,566.00
556.401540,17771.41,566.00
556.502247,17771.41,588.00
556.603115,17771.41,588.00
556.704271,17771.41,588.00
556.805209,17771.41,588.00
556.906588,17771.41,588.00
557.008491,17771.41,588.00
557.109632,17771.41,588.00
557.211505,17771.41,588.00
557.312242,17771.41,588.00
557.413392,17771.41,588.00
557.514281,17771.41,588.00
557.615274,17771.41,588.00
557.716150,17771.41,588.00
557.817172,17771.41,588.00
557.918189,17771.41,588.00
558.019035,17771.41,588.00
558.119952,17771.41,588.00
558.220855,17771.41,588.00
558.322158,17771.41,588.00
558.423644,17771.41,588.00
558.524941,17771.41,588.00
558.625848,17771.41,588.00
558.726795,17771.41,588.00
558.827741,17771.41,588.00
558.928281,17771.41,738.00
559.028799,17771.41,738.00
559.129335,17771.41,734.00
559.229853,17771.41,676.00
559.330341,17771.41,676.00
559.430909,17771.41,692.00
559.531404,17771.41,738.00
559.632043,17771.41,674.00
559.732548,17771.41,738.00
559.833048,17771.41,736.00
559.933573,17771.41,740.00
560.034165,17771.41,718.00
560.134713,17771.41,740.00
560.235506,17771.41,740.00
560.336133,17771.41,736.00
560.436637,17771.41,698.00
560.537113,17771.41,740.00
560.637620,17771.41,718.00
560.738309,17771.41,742.00
560.838924,17771.41,742.00
560.939553,17771.41,742.00
561.040059,17771.41,700.00
561.140573,17771.41,678.00
561.241518,17771.41,678.00
561.342130,17771.41,678.00
561.443138,17771.41,678.00
561.544023,17771.41,678.00
561.644951,17771.41,678.00
561.746103,17771.41,678.00
561.847437,17771.41,678.00
561.948507,17771.41,678.00
562.052425,17771.41,678.00
562.153977,17771.41,678.00
562.254827,17771.41,678.00
562.356231,17771.41,678.00
562.457634,17771.41,678.00
562.559047,17771.41,678.00
562.659957,17771.41,678.00
562.761218,17771.41,678.00
562.862224,17771.41,678.00
562.963384,17771.41,678.00
563.064406,17771.41,678.00
563.165409,17771.41,678.00
563.266451,17771.41,678.00
563.367582,17771.41,678.00
563.468493,17771.41,678.00
563.570037,17771.41,678.00
563.671508,17771.41,678.00
563.772287,17771.41,656.00
563.872774,17771.41,584.00
563.973277,17771.41,582.00
564.073779,17771.41,562.00
564.174306,17771.41,562.00
564.274879,17771.41,562.00
564.375478,17771.41,582.00
564.476125,17771.41,582.00
564.576832,17771.41,582.00
564.677560,17771.41,562.00
564.778144,17771.41,582.00
564.878720,17771.41,582.00
564.979384,17771.41,582.00
565.080107,17771.41,582.00
565.181022,17771.41,582.00
565.281545,17725.18,582.00
565.383083,17725.18,582.00
565.484274,17725.18,582.00
565.588634,17725.18,582.00
565.689479,17725.18,582.00
565.790920,17725.18,582.00
565.891709,17725.18,582.00
565.992629,17725.18,582.00
566.094052,17725.18,582.00
566.194713,17725.18,584.00
566.295266,17725.18,564.00
566.395865,17725.18,582.00
566.496344,17725.18,564.00
566.596843,17725.18,562.00
566.697361,17725.18,584.00
566.797935,17725.18,584.00
566.898414,17725.18,584.00
566.999415,17725.18,564.00
567.100427,17725.18,584.00
567.201061,17725.18,584.00
567.301821,17725.18,564.00
567.402775,17725.18,584.00
567.503788,17725.18,584.00
567.605145,17725.18,584.00
567.706391,17725.18,584.00
567.807406,17725.18,584.00
567.908773,17725.18,584.00
568.009590,17725.18,584.00
568.111067,17725.18,584.00
568.212515,17725.18,584.00
568.313652,17725.18,584.00
568.414435,17725.18,584.00
568.515425,17725.18,584.00
568.616721,17725.18,584.00
568.717963,17725.18,584.00
568.818876,17725.18,584.00
568.920202,17725.18,584.00
569.021083,17725.18,584.00
569.122481,17725.18,584.00
569.223878,17725.18,584.00
569.324753,17725.18,584.00
569.426030,17725.18,584.00
569.526972,17725.18,584.00
569.627648,17725.18,588.00
569.728336,17725.18,586.00
569.828981,17725.18,586.00
569.929653,17725.18,566.00
570.030306,17725.18,586.00
570.131073,17725.18,566.00
570.231762,17725.18,568.00
570.332526,17725.18,568.00
570.433228,17725.18,568.00
570.533875,17725.18,588.00
570.634525,17725.18,568.00
570.735178,17725.18,588.00
570.835836,17725.18,588.00
570.936458,17725.18,588.00
571.037213,17725.18,568.00
571.137887,17725.18,568.00
571.238618,17725.18,568.00
571.339509,17725.18,568.00
571.440256,17725.18,568.00
571.541196,17725.18,568.00
571.642217,17725.18,568.00
571.742906,17725.18,568.00
571.843620,17725.18,568.00
571.944508,17725.18,568.00
572.045247,17725.18,568.00
572.145979,17725.18,568.00
572.246712,17725.18,568.00
572.347460,17725.18,568.00
572.448271,17725.18,568.00
572.549008,17725.18,568.00
572.650123,17725.18,568.00
572.750963,17725.18,568.00
572.851864,17725.18,568.00
572.952825,17725.18,568.00
573.053841,17725.18,568.00
573.154756,17725.18,568.00
573.255575,17725.18,568.00
573.356330,17725.18,568.00
573.457132,17725.18,568.00
573.557910,17725.18,568.00
573.658816,17725.18,568.00
573.759590,17725.18,568.00
573.860385,17725.18,568.00
573.960903,17725.18,706.00
574.061572,17725.18,684.00
574.162227,17725.18,666.00
574.262931,17725.18,706.00
574.363538,17725.18,706.00
574.464020,17725.18,686.00
574.564469,17725.18,706.00
574.665057,17725.18,664.00
574.765516,17725.18,686.00
574.866142,17725.18,646.00
574.966685,17725.18,666.00
575.067362,17725.18,706.00
575.167932,17725.18,706.00
575.268491,17725.18,666.00
575.369044,17725.18,666.00
575.469598,17725.18,688.00
575.570154,17725.18,666.00
575.670710,17725.18,686.00
575.771843,17725.18,686.00
575.872338,17725.18,686.00
575.972884,17725.18,686.00
576.073544,17725.18,686.00
576.174142,17725.18,686.00
576.274748,17725.18,686.00
576.375264,17725.18,686.00
576.475967,17725.18,686.00
576.577177,17725.18,686.00
576.678340,17725.18,686.00
576.779160,17725.18,686.00
576.880131,17725.18,686.00
576.980961,17725.18,686.00
577.081816,17725.18,686.00
577.182366,17725.18,582.00
577.282859,17725.18,582.00
577.383500,17725.18,582.00
577.484068,17725.18,582.00
577.584622,17725.18,582.00
577.685162,17725.18,582.00
577.785733,17725.18,582.00
577.886210,17725.18,582.00
577.986658,17725.18,582.00
578.087184,17725.18,542.00
578.187648,17725.18,562.00
578.288417,17725.18,562.00
578.389346,17725.18,562.00
578.490035,17725.18,562.00
578.590899,17725.18,562.00
578.691875,17725.18,562.00
578.793075,17725.18,562.00
578.893607,17725.18,562.00
578.994105,17725.18,562.00
579.094608,17725.18,582.00
579.195123,17725.18,582.00
579.295620,17725.18,562.00
579.396166,17725.18,582.00
579.496697,17725.18,562.00
579.597258,17725.18,562.00
579.697776,17725.18,582.00
579.798356,17725.18,582.00
579.898900,17725.18,562.00
580.000023,17725.18,562.00
580.101142,17725.18,562.00
580.201974,17725.18,562.00
580.303202,17725.18,562.00
580.404074,17725.18,562.00
580.505383,17725.18,562.00
580.606788,17725.18,562.00
580.707401,17725.18,582.00
580.807884,17725.18,542.00
580.908384,17725.18,582.00
581.008809,17725.18,582.00
581.109332,17725.18,582.00
581.209933,17725.18,582.00
581.310776,17725.18,582.00
581.411856,17725.18,582.00
581.512626,17725.18,562.00
581.613428,17725.18,582.00
581.714186,17725.18,582.00
581.814958,17725.18,582.00
581.915688,17725.18,562.00
582.016601,17725.18,562.00
582.117545,17725.18,562.00
582.218203,17725.18,562.00
582.318960,17725.18,562.00
582.419758,17725.18,562.00
582.520442,17725.18,562.00
582.621967,17725.18,562.00
582.723086,17725.18,562.00
582.824607,17725.18,562.00
582.925220,17725.18,582.00
583.025753,17725.18,582.00
583.126304,17725.18,582.00
583.226846,17725.18,582.00
583.327350,17725.18,582.00
583.427797,17725.18,582.00
583.528235,17725.18,582.00
583.628719,17725.18,582.00
583.729218,17725.18,562.00
583.829632,17725.18,582.00
583.930112,17725.18,582.00
584.030629,17725.18,562.00
584.131119,17725.18,562.00
584.231830,17725.18,562.00
584.332630,17725.18,562.00
584.433757,17725.18,562.00
584.534479,17725.18,562.00
584.635712,17725.18,562.00
584.736938,17725.18,562.00
584.837949,17725.18,562.00
584.938933,17725.18,562.00
585.039481,17725.18,582.00
585.139955,17725.18,542.00
585.240410,17725.18,582.00
585.340964,17725.18,582.00
585.441472,17725.18,562.00
585.542028,17725.18,582.00
585.642532,17725.18,582.00
585.743077,17725.18,582.00
585.843576,17725.18,582.00
585.944139,17725.18,582.00
586.044666,17725.18,582.00
586.145195,17725.18,582.00
586.245730,17725.18,562.00
586.346289,17725.18,562.00
586.447438,17725.18,562.00
586.548192,17725.18,562.00
586.649394,17725.18,562.00
586.750621,17725.18,562.00
586.851834,17725.18,562.00
586.953141,17725.18,562.00
587.053863,17725.18,562.00
587.154425,17725.18,582.00
587.254976,17725.18,582.00
587.355472,17725.18,582.00
587.455999,17725.18,582.00
587.556527,17725.18,582.00
587.657018,17725.18,582.00
587.757544,17725.18,582.00
587.858250,17725.18,562.00
587.958969,17725.18,582.00
588.059698,17725.18,582.00
588.160496,17725.18,562.00
588.261097,17725.18,562.00
588.361742,17725.18,562.00
588.462439,17725.18,562.00
588.563227,17725.18,562.00
588.664682,17725.18,562.00
588.765941,17725.18,562.00
588.867112,17725.18,562.00
588.967918,17725.18,562.00
589.068696,17725.18,562.00
589.169419,17725.18,562.00
589.270694,17725.18,562.00
589.375014,17725.18,562.00
589.476594,17725.18,562.00
589.577199,17725.18,582.00
589.677877,17725.18,582.00
589.778395,17725.18,582.00
589.878933,17678.44,542.00
589.979393,17678.44,582.00
590.079917,17678.44,582.00
590.180436,17678.44,582.00
590.280993,17678.44,582.00
590.381511,17678.44,582.00
590.481999,17678.44,582.00
590.582465,17678.44,582.00
590.682958,17678.44,562.00
590.783466,17678.44,582.00
590.884005,17678.44,582.00
590.984689,17678.44,582.00
591.085489,17678.44,582.00
591.186575,17678.44,582.00
591.287702,17678.44,582.00
591.388802,17678.44,582.00
591.489533,17678.44,582.00
591.590777,17678.44,582.00
591.692011,17678.44,582.00
591.793277,17678.44,582.00
591.894008,17678.44,582.00
591.995163,17678.44,582.00
592.096623,17678.44,582.00
592.197338,17678.44,582.00
592.297870,17678.44,582.00
592.398471,17678.44,582.00
592.498984,17678.44,582.00
592.599486,17678.44,582.00
592.700068,17678.44,582.00
592.800609,17678.44,582.00
592.901146,17678.44,582.00
593.001617,17678.44,582.00
593.102031,17678.44,582.00
593.202480,17678.44,582.00
593.303090,17678.44,582.00
593.403677,17678.44,582.00
593.504130,17678.44,562.00
593.604649,17678.44,582.00
593.705245,17678.44,582.00
593.805773,17678.44,582.00
593.906524,17678.44,562.00
594.007289,17678.44,562.00
594.108375,17678.44,562.00
594.209575,17678.44,562.00
594.310375,17678.44,562.00
594.411651,17678.44,562.00
594.512485,17678.44,562.00
594.613294,17678.44,562.00
594.714566,17678.44,562.00
594.815510,17678.44,562.00
594.916073,17678.44,582.00
595.016618,17678.44,582.00
595.117035,17678.44,582.00
595.217515,17678.44,582.00
595.318042,17678.44,582.00
595.418510,17678.44,582.00
595.519017,17678.44,562.00
595.619526,17678.44,582.00
595.720053,17678.44,582.00
595.820529,17678.44,562.00
595.921042,17678.44,562.00
596.021519,17678.44,562.00
596.122376,17678.44,562.00
596.223621,17678.44,562.00
596.324827,17678.44,562.00
596.425708,17678.44,562.00
596.527043,17678.44,562.00
596.627895,17678.44,562.00
596.728548,17678.44,562.00
596.829305,17678.44,562.00
596.930105,17678.44,562.00
597.030865,17678.44,562.00
597.132002,17678.44,562.00
597.233067,17678.44,562.00
597.334288,17678.44,562.00
597.435151,17678.44,562.00
597.535754,17678.44,582.00
597.636237,17678.44,562.00
597.736752,17678.44,582.00
597.837180,17678.44,582.00
597.937755,17678.44,582.00
598.038470,17678.44,582.00
598.139213,17678.44,582.00
598.240073,17678.44,582.00
598.340722,17678.44,562.00
598.441412,17678.44,582.00
598.542015,17678.44,582.00
598.642810,17678.44,562.00
598.743682,17678.44,562.00
598.844872,17678.44,562.00
598.946256,17678.44,562.00
599.048365,17678.44,562.00
599.149575,17678.44,562.00
599.250486,17678.44,562.00
599.351547,17678.44,562.00
599.454556,17678.44,562.00
599.555656,17678.44,562.00
599.657100,17678.44,562.00
599.758508,17678.44,562.00
599.859569,17678.44,562.00
599.960751,17678.44,562.00
600.061876,17678.44,562.00
600.162808,17678.44,562.00
600.264178,17678.44,562.00
600.365091,17678.44,562.00
600.465863,17678.44,562.00
600.566590,17678.44,562.00
600.667614,17678.44,562.00
600.768935,17678.44,562.00
600.869522,17678.44,584.00
600.970217,17678.44,582.00
601.070867,17678.44,584.00
601.171486,17678.44,564.00
601.272181,17678.44,582.00
601.372730,17678.44,582.00
601.473289,17678.44,562.00
601.573806,17678.44,582.00
601.674301,17682.95,582.00
601.775018,17715.40,582.00
601.875684,17743.22,582.00
601.976478,17757.12,562.00
602.077384,17757.12,562.00
602.178231,17757.12,562.00
602.279309,17757.12,562.00
602.380407,17757.12,562.00
602.481680,17757.12,562.00
602.582660,17757.12,562.00
602.684111,17757.12,562.00
602.785124,17757.12,562.00
602.885969,17757.12,562.00
602.986930,17757.12,562.00
603.087702,17757.12,562.00
603.188396,17757.12,562.00
603.289134,17757.12,562.00
603.389994,17757.12,562.00
603.490527,17757.12,584.00
603.591001,17757.12,582.00
603.691504,17757.12,564.00
603.792043,17757.12,562.00
603.892655,17757.12,584.00
603.993133,17757.12,584.00
604.093605,17757.12,584.00
604.194095,17757.12,584.00
604.294747,17757.12,582.00
604.395233,17757.12,582.00
604.495729,17757.12,564.00
604.596249,17757.12,562.00
604.696781,17757.12,562.00
604.797838,17757.12,562.00
604.898636,17757.12,562.00
604.999836,17757.12,562.00
605.100539,17757.12,562.00
605.201810,17757.12,562.00
605.302536,17757.12,562.00
605.403110,17757.12,562.00
605.504227,17757.12,562.00
605.605269,17757.12,562.00
605.706447,17757.12,562.00
605.807263,17757.12,562.00
605.908070,17757.12,562.00
606.009309,17757.12,562.00
606.110335,17757.12,562.00
606.211112,17757.12,562.00
606.312214,17757.12,562.00
606.413478,17757.12,562.00
606.514376,17757.12,562.00
606.615375,17757.12,562.00
606.716180,17757.12,562.00
606.817215,17757.12,562.00
606.918174,17757.12,562.00
607.019479,17757.12,562.00
607.120236,17757.12,562.00
607.220752,17757.12,584.00
607.321233,17757.12,584.00
607.421700,17757.12,564.00
607.522167,17757.12,584.00
607.622699,17757.12,564.00
607.723214,17757.12,584.00
607.823657,17757.12,584.00
607.924176,17757.12,584.00
608.024647,17757.12,586.00
608.125159,17757.12,586.00
608.225697,17757.12,566.00
608.326145,17757.12,586.00
608.427030,17757.12,586.00
608.527769,17757.12,586.00
608.628635,17757.12,586.00
608.729783,17757.12,566.00
608.830883,17757.12,566.00
608.931793,17757.12,566.00
609.033235,17757.12,566.00
609.133906,17757.12,566.00
609.234814,17757.12,566.00
609.336303,17757.12,588.00
609.437441,17757.12,588.00
609.538189,17757.12,588.00
609.638974,17757.12,588.00
609.739729,17757.12,588.00
609.840544,17757.12,588.00
609.942031,17757.12,588.00
610.043529,17757.12,588.00
610.144856,17757.12,588.00
610.246383,17757.12,588.00
610.347380,17757.12,588.00
610.448115,17757.12,588.00
610.548744,17757.12,588.00
610.649831,17757.12,588.00
610.750962,17757.12,588.00
610.854117,17757.12,588.00
610.954764,17757.12,588.00
611.055523,17757.12,588.00
611.156425,17757.12,588.00
611.257799,17757.12,588.00
611.358986,17757.12,588.00
611.459751,17757.12,588.00
611.560261,17757.12,736.00
611.660727,17757.12,736.00
611.761241,17757.12,736.00
611.861704,17757.12,754.00
611.962254,17757.12,716.00
612.063070,17757.13,718.00
612.163675,17757.13,740.00
612.264405,17757.13,742.00
612.365130,17757.13,742.00
612.465756,17757.13,718.00
612.566444,17757.13,740.00
612.667121,17757.13,740.00
612.767831,17757.13,696.00
612.868323,17757.13,700.00
612.969144,17757.13,744.00
613.069755,17757.13,744.00
613.170570,17757.13,722.00
613.271258,17757.13,744.00
613.371922,17757.13,744.00
613.472760,17757.13,722.00
613.573373,17757.13,722.00
613.674186,17757.13,700.00
613.775219,17757.13,700.00
613.876234,17757.13,700.00
613.977273,17757.13,700.00
614.078369,17757.13,700.00
614.179529,17757.13,700.00
614.280589,17757.13,700.00
614.381306,17757.13,700.00
614.482471,17757.13,700.00
614.583395,17757.13,700.00
614.684513,17757.13,700.00
614.785354,17757.13,700.00
614.886383,17757.13,700.00
614.987854,17757.13,700.00
615.088766,17757.13,700.00
615.189708,17757.13,700.00
615.290766,17757.13,700.00
615.392657,17757.13,700.00
615.494083,17757.13,700.00
615.595031,17757.13,700.00
615.695786,17757.13,700.00
615.796531,17757.13,700.00
615.897588,17757.13,700.00
615.998744,17757.13,700.00
616.099823,17757.13,700.00
616.200579,17757.13,700.00
616.301060,17757.13,584.00
616.401567,17757.13,584.00
616.502116,17757.13,584.00
616.602579,17757.13,584.00
616.703161,17757.13,584.00
616.803846,17757.13,584.00
616.904344,17757.13,584.00
617.004822,17757.13,564.00
617.105300,17757.13,544.00
617.205785,17757.13,564.00
617.306306,17757.13,564.00
617.407097,17757.13,564.00
617.507575,17757.13,564.00
617.608115,17757.13,564.00
617.708623,17757.13,564.00
617.809821,17757.13,564.00
617.910735,17757.13,564.00
618.011612,17757.13,564.00
618.112574,17757.13,564.00
618.213423,17757.13,564.00
618.314838,17757.13,564.00
618.416205,17757.13,564.00
618.517124,17757.13,564.00
618.617651,17757.13,586.00
618.718072,17757.13,586.00
618.818634,17757.13,586.00
618.919142,17757.13,566.00
619.019689,17757.13,586.00
619.120178,17757.13,586.00
619.220701,17757.13,586.00
619.321509,17757.13,566.00
619.422027,17757.13,546.00
619.522719,17757.13,586.00
619.623417,17757.13,586.00
619.724066,17757.13,566.00
619.824785,17757.13,566.00
619.925868,17757.13,566.00
620.026580,17757.13,566.00
620.127626,17757.13,566.00
620.228819,17757.13,566.00
620.329545,17757.13,566.00
620.430653,17757.13,566.00
620.531722,17757.13,566.00
620.632766,17757.13,566.00
620.733921,17757.13,566.00
620.835062,17757.13,566.00
620.935889,17757.13,566.00
621.036982,17757.13,566.00
621.138070,17757.13,566.00
621.239217,17757.13,566.00
621.340141,17757.13,566.00
621.441188,17757.13,566.00
621.542204,17757.13,566.00
621.643146,17757.13,566.00
621.744155,17757.13,566.00
621.844984,17757.13,566.00
621.945880,17757.13,566.00
622.047129,17757.13,566.00
622.148399,17757.13,566.00
622.249197,17757.13,566.00
622.349974,17757.13,588.00
622.450839,17757.13,568.00
622.551338,17757.13,586.00
622.651853,17757.13,570.00
622.752291,17757.13,590.00
622.852864,17757.13,590.00
622.953396,17757.13,588.00
623.053958,17757.13,590.00
623.154408,17757.13,590.00
623.254922,17757.13,568.00
623.355390,17757.13,590.00
623.455914,17757.13,568.00
623.556445,17761.77,590.00
623.656983,17766.40,588.00
623.757587,17766.40,588.00
623.858367,17766.40,588.00
623.958977,17766.40,588.00
624.059838,17766.40,588.00
624.160586,17766.40,588.00
624.261572,17766.40,588.00
624.362692,17766.40,588.00
624.463693,17766.40,588.00
624.564721,17766.40,588.00
624.665836,17766.40,588.00
624.766718,17766.40,588.00
624.867431,17766.40,588.00
624.968707,17766.40,588.00
625.069504,17766.40,588.00
625.170389,17766.40,588.00
625.271706,17766.40,588.00
625.372469,17766.40,588.00
625.473295,17766.40,588.00
625.574004,17766.40,588.00
625.674965,17766.40,588.00
625.775858,17766.40,588.00
625.876723,17766.40,588.00
625.977439,17766.40,588.00
626.078302,17766.40,588.00
626.179601,17766.40,588.00
626.280118,17766.40,666.00
626.380608,17766.40,706.00
626.481098,17766.40,706.00
626.581606,17766.40,684.00
626.682071,17766.40,706.00
626.782578,17766.40,706.00
626.883160,17766.40,704.00
626.983677,17766.40,706.00
627.084269,17766.40,686.00
627.184821,17766.40,706.00
627.285358,17766.40,706.00
627.385941,17766.40,706.00
627.486467,17766.40,684.00
627.586989,17766.40,706.00
627.687498,17766.40,686.00
627.788144,17766.40,726.00
627.888602,17766.40,686.00
627.989166,17766.40,666.00
628.089782,17766.40,686.00
628.190389,17766.40,684.00
628.291230,17766.40,684.00
628.392101,17766.40,684.00
628.492779,17766.40,684.00
628.593372,17766.40,684.00
628.694157,17766.40,684.00
628.795240,17766.40,684.00
628.895998,17766.40,684.00
628.996682,17766.40,684.00
629.097868,17766.40,684.00
629.198517,17766.40,684.00
629.299241,17766.40,684.00
629.399858,17766.40,684.00
629.500448,17766.40,564.00
629.601133,17766.40,584.00
629.701568,17766.40,584.00
629.802070,17766.40,584.00
629.902650,17766.40,584.00
630.003239,17766.40,584.00
630.103860,17766.40,564.00
630.204384,17766.40,564.00
630.304860,17766.40,564.00
630.405368,17766.40,564.00
630.505828,17766.40,584.00
630.606605,17766.40,584.00
630.707325,17766.40,584.00
630.808106,17766.40,584.00
630.908849,17766.40,584.00
631.009982,17766.40,584.00
631.110632,17766.40,584.00
631.211285,17766.40,564.00
631.311875,17766.40,584.00
631.412371,17766.40,584.00
631.513011,17766.40,584.00
631.613540,17766.40,564.00
631.714119,17766.40,584.00
631.814584,17766.40,564.00
631.915074,17766.40,564.00
632.015574,17766.40,584.00
632.116247,17766.40,564.00
632.217289,17766.40,564.00
632.318364,17766.40,564.00
632.419203,17766.40,564.00
632.520117,17766.40,564.00
632.620922,17766.40,564.00
632.722137,17766.40,564.00
632.823225,17766.40,564.00
632.923810,17766.40,584.00
633.024275,17766.40,584.00
633.124739,17766.40,584.00
633.225249,17766.40,564.00
633.325736,17766.40,564.00
633.426362,17766.40,584.00
633.527038,17766.40,584.00
633.627496,17766.40,584.00
633.727973,17766.40,564.00
633.828434,17766.40,584.00
633.928930,17766.40,584.00
634.029463,17766.40,564.00
634.130112,17766.40,564.00
634.231433,17766.40,564.00
634.332137,17766.40,564.00
634.433050,17766.40,564.00
634.533994,17766.40,564.00
634.634941,17766.40,564.00
634.735700,17766.40,564.00
634.836750,17766.40,564.00
634.937840,17766.40,564.00
635.038574,17766.40,564.00
635.139132,17766.46,564.00
635.239684,17766.46,564.00
635.340292,17766.46,564.00
635.440828,17766.46,584.00
635.541286,17766.46,564.00
635.641996,17766.46,584.00
635.742518,17766.46,564.00
635.843169,17766.46,584.00
635.943666,17766.46,564.00
636.044273,17766.46,584.00
636.144985,17766.46,564.00
636.245763,17766.46,564.00
636.347075,17766.46,564.00
636.447885,17766.46,564.00
636.548757,17766.46,564.00
636.649561,17766.46,564.00
636.750233,17766.46,564.00
636.850986,17766.46,564.00
636.951724,17766.46,564.00
637.052276,17766.46,584.00
637.152725,17766.46,584.00
637.253213,17766.46,584.00
637.353734,17766.46,584.00
637.454298,17766.46,584.00
637.554847,17766.46,584.00
637.655358,17766.46,584.00
637.755877,17766.46,584.00
637.856321,17766.46,564.00
637.956770,17766.46,584.00
638.057228,17766.46,584.00
638.157737,17766.46,564.00
638.258883,17766.46,564.00
638.359695,17766.46,564.00
638.473289,17766.46,564.00
638.574004,17766.46,564.00
638.674763,17766.46,564.00
638.775561,17766.46,564.00
638.876239,17766.46,564.00
638.976952,17766.46,564.00
639.077464,17766.46,564.00
639.177980,17766.46,584.00
639.278505,17766.46,584.00
639.379122,17766.46,584.00
639.479618,17766.46,584.00
639.580040,17766.46,584.00
639.680532,17766.46,584.00
639.781164,17766.46,564.00
639.881855,17766.46,564.00
639.982401,17766.46,584.00
640.083192,17766.46,564.00
640.184126,17766.46,564.00
640.284920,17766.46,564.00
640.385906,17766.46,564.00
640.486744,17766.46,564.00
640.587906,17766.46,564.00
640.688596,17766.46,564.00
640.789226,17766.46,564.00
640.890300,17766.46,564.00
640.991144,17766.46,564.00
641.092211,17766.46,564.00
641.193368,17766.46,564.00
641.294210,17766.46,564.00
641.395418,17766.46,564.00
641.496547,17766.46,564.00
641.597234,17766.46,564.00
641.697649,17766.46,584.00
641.798122,17766.46,586.00
641.898569,17766.46,584.00
641.999206,17766.46,584.00
642.099726,17766.46,564.00
642.200204,17766.46,564.00
642.300806,17766.46,564.00
642.401342,17766.46,584.00
642.501825,17766.46,584.00
642.602267,17766.46,564.00
642.702886,17766.46,564.00
642.803318,17766.46,564.00
642.904505,17766.46,564.00
643.005983,17766.46,564.00
643.106922,17766.46,564.00
643.208492,17766.46,564.00
643.309270,17766.46,564.00
643.410570,17766.46,564.00
643.511830,17766.46,564.00
643.612777,17766.46,564.00
643.714143,17766.46,564.00
643.815516,17766.46,564.00
643.916395,17766.46,564.00
644.017755,17766.46,564.00
644.118265,17766.46,584.00
644.218821,17766.46,564.00
644.319248,17766.46,584.00
644.419691,17766.46,564.00
644.520169,17766.46,564.00
644.620617,17766.46,584.00
644.721203,17766.46,584.00
644.821760,17766.46,564.00
644.922209,17766.46,564.00
645.022684,17766.46,584.00
645.123167,17766.46,564.00
645.223660,17766.46,584.00
645.324174,17766.46,564.00
645.424674,17766.46,564.00
645.525354,17766.46,564.00
645.626187,17766.46,564.00
645.726924,17766.46,564.00
645.827576,17766.46,564.00
645.928321,17766.46,564.00
646.028952,17766.46,564.00
646.129917,17766.46,564.00
646.230571,17766.46,564.00
646.331730,17766.46,564.00
646.432829,17766.46,564.00
646.533381,17766.46,544.00
646.633799,17766.46,564.00
646.734314,17766.46,584.00
646.834784,17766.46,544.00
646.935309,17766.46,584.00
647.035818,17766.46,564.00
647.136383,17766.46,584.00
647.236898,17766.46,564.00
647.337383,17766.46,584.00
647.438482,17766.46,584.00
647.539313,17766.46,564.00
647.640585,17766.46,564.00
647.741383,17766.46,564.00
647.842373,17766.46,564.00
647.943152,17766.46,564.00
648.044261,17766.46,564.00
648.145195,17766.46,564.00
648.246060,17766.46,564.00
648.346903,17766.46,564.00
648.448095,17766.46,564.00
648.548810,17766.46,564.00
648.649596,17766.46,564.00
648.750589,17766.46,564.00
648.851771,17766.46,564.00
648.952912,17766.46,564.00
649.053615,17766.46,564.00
649.154152,17766.46,564.00
649.254614,17766.46,564.00
649.355136,17766.46,584.00
649.455657,17766.46,584.00
649.556342,17766.46,584.00
649.656971,17766.46,584.00
649.757450,17766.47,564.00
649.857960,17766.46,564.00
649.958490,17766.46,584.00
650.059045,17766.46,584.00
650.159507,17766.46,564.00
650.260340,17766.46,564.00
650.361112,17766.46,564.00
650.461880,17766.46,564.00
650.563177,17766.46,564.00
650.664713,17766.46,564.00
650.765998,17766.46,564.00
650.867319,17766.46,564.00
650.968627,17766.46,564.00
651.069505,17766.46,564.00
651.170787,17766.46,564.00
651.271838,17766.46,564.00
651.372941,17766.46,564.00
651.473976,17766.46,564.00
651.574889,17766.46,564.00
651.675954,17766.46,564.00
651.777458,17766.46,564.00
651.878482,17766.46,564.00
651.979365,17766.46,564.00
652.080063,17766.46,564.00
652.180834,17766.46,564.00
652.282042,17766.46,564.00
652.382707,17766.46,584.00
652.483230,17766.46,584.00
652.583905,17766.46,584.00
652.684401,17766.46,544.00
652.785042,17766.46,564.00
652.885522,17766.46,586.00
652.986008,17766.46,566.00
653.086446,17766.46,586.00
653.186901,17789.64,586.00
653.287371,17803.55,564.00
653.387846,17822.09,586.00
653.488327,17822.09,564.00
653.589203,17822.09,564.00
653.689747,17822.09,564.00
653.790420,17822.09,564.00
653.891018,17822.09,564.00
653.992058,17831.37,564.00
654.093121,17831.37,564.00
654.194124,17831.37,564.00
654.294961,17831.37,564.00
654.395735,17831.37,564.00
654.496615,17831.37,564.00
654.598104,17831.37,564.00
654.699768,17831.37,564.00
654.800867,17831.37,564.00
654.901520,17831.37,564.00
655.002028,17831.37,584.00
655.102542,17831.37,584.00
655.203109,17831.37,584.00
655.303600,17831.37,584.00
655.404218,17831.37,586.00
655.504715,17831.37,584.00
655.605183,17831.37,586.00
655.705821,17831.37,584.00
655.806356,17831.37,566.00
655.906811,17831.37,564.00
656.007399,17831.37,544.00
656.108130,17831.37,544.00
656.209801,17831.37,544.00
656.310546,17831.37,544.00
656.411397,17831.37,544.00
656.512666,17831.37,544.00
656.613666,17831.37,544.00
656.714532,17831.37,544.00
656.815751,17831.37,544.00
656.917018,17831.37,544.00
657.018277,17831.37,544.00
657.119565,17831.37,544.00
657.220516,17831.37,544.00
657.321247,17831.37,544.00
657.422184,17831.37,544.00
657.523545,17831.37,544.00
657.624889,17831.37,544.00
657.725937,17831.37,544.00
657.827275,17831.37,544.00
657.928367,17831.37,544.00
658.029214,17831.37,544.00
658.130017,17831.37,544.00
658.230525,17831.37,586.00
658.331034,17831.37,566.00
658.431507,17831.37,586.00
658.531990,17831.37,586.00
658.632474,17831.37,566.00
658.732968,17831.37,586.00
658.833516,17831.37,586.00
658.934084,17831.37,586.00
659.034571,17831.37,566.00
659.135066,17831.37,586.00
659.235481,17831.37,586.00
659.335967,17831.37,586.00
659.436461,17831.37,586.00
659.536981,17831.37,566.00
659.637527,17831.37,566.00
659.738108,17831.37,566.00
659.838629,17831.37,566.00
659.939259,17831.37,566.00
660.040063,17831.37,566.00
660.141325,17831.37,566.00
660.242326,17831.37,566.00
660.343581,17831.37,566.00
660.444488,17831.37,566.00
660.545398,17831.37,566.00
660.646146,17831.37,566.00
660.747358,17831.37,566.00
660.848090,17831.37,566.00
660.948984,17831.37,566.00
661.049912,17831.37,566.00
661.150870,17831.37,566.00
661.252145,17831.37,566.00
661.352947,17831.37,566.00
661.454029,17831.37,566.00
661.554861,17831.37,566.00
661.656198,17831.37,566.00
661.757477,17831.37,566.00
661.858434,17831.37,566.00
661.959030,17831.37,740.00
662.059478,17831.37,740.00
662.160082,17831.37,718.00
662.260616,17831.37,740.00
662.361137,17831.37,698.00
662.461610,17831.37,718.00
662.562320,17831.37,698.00
662.663225,17831.37,718.00
662.764139,17831.37,740.00
662.864937,17831.37,740.00
662.965610,17831.37,696.00
663.066452,17831.37,738.00
663.167117,17831.37,738.00
663.267832,17831.37,740.00
663.368279,17831.37,740.00
663.468788,17831.37,738.00
663.569376,17831.37,746.00
663.669849,17831.37,738.00
663.770647,17831.37,696.00
663.871190,17831.37,786.00
663.971776,17831.37,742.00
664.072289,17831.37,676.00
664.172742,17831.37,764.00
664.273172,17831.37,764.00
664.373686,17831.37,702.00
664.474239,17831.37,702.00
664.574823,17831.37,702.00
664.675459,17831.37,702.00
664.776064,17831.37,702.00
664.876852,17831.37,702.00
664.977627,17831.37,702.00
665.079166,17831.37,702.00
665.180087,17831.37,702.00
665.281010,17831.37,702.00
665.389091,17831.37,702.00
665.491971,17831.37,702.00
665.592847,17831.37,702.00
665.693627,17831.37,702.00
665.794428,17831.37,702.00
665.895238,17831.37,702.00
665.996664,17831.37,702.00
666.098045,17831.37,702.00
666.199258,17831.37,702.00
666.300742,17831.37,702.00
666.401803,17831.37,702.00
666.503199,17831.37,702.00
666.604185,17831.37,702.00
666.705091,17831.37,702.00
666.805941,17831.37,702.00
666.907338,17831.37,702.00
667.008084,17803.68,562.00
667.108582,17803.68,582.00
667.209140,17803.68,582.00
667.309592,17803.68,582.00
667.410080,17803.68,582.00
667.510520,17803.68,582.00
667.611128,17803.68,562.00
667.711907,17803.68,582.00
667.812623,17803.68,582.00
667.913024,17803.68,582.00
668.013456,17803.68,582.00
668.114187,17803.68,582.00
668.214795,17803.68,582.00
668.315400,17803.68,582.00
668.415896,17803.68,582.00
668.516692,17803.68,582.00
668.617326,17803.68,582.00
668.718132,17803.68,582.00
668.818857,17803.68,582.00
668.919579,17803.68,582.00
669.020308,17803.68,582.00
669.121382,17803.68,582.00
669.222426,17803.68,582.00
669.323076,17803.68,584.00
669.423581,17803.68,584.00
669.524324,17803.68,584.00
669.624878,17803.68,584.00
669.725738,17803.68,584.00
669.826348,17803.68,584.00
669.927163,17803.68,564.00
670.027839,17803.68,584.00
670.128366,17803.68,584.00
670.228866,17803.68,584.00
670.329426,17803.68,584.00
670.430141,17803.68,582.00
670.531263,17803.68,582.00
670.632160,17803.68,582.00
670.734135,17803.68,582.00
670.835756,17803.68,582.00
670.937557,17803.68,582.00
671.041660,17803.68,582.00
671.142804,17803.68,582.00
671.243600,17803.68,582.00
671.344748,17803.68,582.00
671.445863,17803.68,582.00
671.546536,17803.68,582.00
671.647240,17803.68,582.00
671.748061,17803.68,582.00
671.849120,17803.68,582.00
671.950202,17803.68,582.00
672.050985,17803.68,582.00
672.151924,17803.68,582.00
672.252752,17803.68,582.00
672.353939,17803.68,582.00
672.454747,17803.68,582.00
672.555479,17803.68,582.00
672.656644,17803.68,582.00
672.757485,17803.68,582.00
672.858251,17803.68,582.00
672.958967,17803.68,582.00
673.059466,17803.68,586.00
673.160046,17803.68,586.00
673.260518,17803.68,586.00
673.361024,17803.68,586.00
673.461547,17803.68,586.00
673.562229,17803.68,566.00
673.662950,17803.68,588.00
673.763582,17803.68,586.00
673.864213,17803.68,588.00
673.964911,17803.68,588.00
674.065514,17812.82,588.00
674.166191,17831.37,588.00
674.266889,17836.00,586.00
674.367559,17840.64,586.00
674.468140,17840.64,586.00
674.568808,17840.64,586.00
674.669497,17840.64,586.00
674.770072,17840.64,586.00
674.871072,17840.64,586.00
674.972160,17840.64,586.00
675.072904,17840.64,586.00
675.173628,17840.64,586.00
675.274504,17840.64,586.00
675.375426,17840.64,586.00
675.476237,17840.64,586.00
675.577624,17840.64,586.00
675.678884,17840.64,586.00
675.780147,17840.64,586.00
675.881033,17840.64,586.00
675.982012,17840.64,586.00
676.082961,17840.64,586.00
676.184136,17840.64,586.00
676.285106,17840.64,586.00
676.386118,17840.64,586.00
676.486999,17840.64,586.00
676.588465,17840.64,586.00
676.689265,17840.64,586.00
676.789940,17840.64,646.00
676.890493,17840.64,686.00
676.991029,17840.64,664.00
677.091473,17840.64,706.00
677.192003,17840.64,706.00
677.292768,17840.64,706.00
677.393449,17840.64,678.00
677.494212,17840.64,664.00
677.595013,17840.64,686.00
677.695481,17840.64,706.00
677.795968,17840.64,708.00
677.896469,17840.64,666.00
677.997033,17840.64,706.00
678.097489,17840.64,686.00
678.197944,17840.64,706.00
678.298409,17840.64,724.00
678.398950,17840.64,704.00
678.499405,17840.64,724.00
678.599970,17840.64,684.00
678.700457,17840.64,684.00
678.801098,17840.64,684.00
678.901970,17840.64,684.00
679.002834,17840.64,684.00
679.103506,17840.64,684.00
679.204443,17840.64,684.00
679.305499,17840.64,684.00
679.406210,17840.64,684.00
679.507499,17840.64,684.00
679.608371,17840.64,684.00
679.709639,17840.64,684.00
679.810328,17840.64,562.00
679.910918,17840.64,582.00
680.011413,17840.64,562.00
680.111939,17840.64,582.00
680.212356,17840.64,582.00
680.312846,17840.64,542.00
680.413351,17840.64,582.00
680.514069,17840.64,582.00
680.614713,17840.64,562.00
680.715252,17840.64,562.00
680.815731,17840.64,582.00
680.916228,17840.64,582.00
681.016964,17840.64,582.00
681.117996,17840.64,582.00
681.219697,17840.64,582.00
681.320743,17840.64,582.00
681.421481,17840.64,582.00
681.522209,17840.64,562.00
681.622943,17840.64,562.00
681.723446,17840.64,582.00
681.824003,17840.64,582.00
681.924513,17840.64,582.00
682.025017,17840.64,562.00
682.125619,17840.64,582.00
682.226136,17840.64,582.00
682.326781,17840.64,582.00
682.427258,17840.64,562.00
682.527805,17840.64,582.00
682.628434,17840.64,582.00
682.729534,17840.64,582.00
682.830684,17840.64,582.00
682.931333,17840.64,582.00
683.032418,17840.64,582.00
683.133101,17840.64,582.00
683.234153,17840.64,582.00
683.335045,17840.64,582.00
683.435760,17840.64,582.00
683.536388,17840.64,582.00
683.636900,17840.64,582.00
683.737364,17840.64,582.00
683.837815,17840.64,582.00
683.938326,17840.64,562.00
684.039002,17840.64,582.00
684.139450,17840.64,582.00
684.240237,17840.64,582.00
684.340893,17840.64,582.00
684.441660,17840.64,542.00
684.542559,17840.64,582.00
684.643467,17840.64,582.00
684.743995,17840.64,582.00
684.845286,17840.64,582.00
684.946331,17840.64,582.00
685.047024,17840.64,582.00
685.147959,17840.64,582.00
685.248917,17840.64,582.00
685.350298,17840.64,582.00
685.451221,17840.64,582.00
685.552611,17840.64,582.00
685.653407,17840.64,582.00
685.754100,17840.64,582.00
685.854662,17840.64,582.00
685.955149,17840.64,582.00
686.055719,17840.64,562.00
686.156393,17840.64,562.00
686.256923,17794.40,562.00
686.357473,17794.40,582.00
686.457982,17794.40,542.00
686.558461,17794.40,582.00
686.659093,17794.40,582.00
686.759548,17794.40,582.00
686.860379,17794.40,582.00
686.961257,17794.40,582.00
687.061981,17794.40,582.00
687.162676,17794.40,582.00
687.263360,17794.40,582.00
687.364591,17794.40,582.00
687.465997,17794.40,582.00
687.567289,17794.40,582.00
687.668218,17794.40,582.00
687.768796,17794.40,562.00
687.869274,17794.40,582.00
687.969949,17794.40,582.00
688.070447,17794.40,582.00
688.170979,17794.40,582.00
688.271607,17794.40,582.00
688.372306,17794.40,582.00
688.472772,17794.40,562.00
688.573225,17794.40,582.00
688.673721,17794.40,562.00
688.774192,17794.40,582.00
688.874862,17794.40,582.00
688.975610,17794.40,582.00
689.076411,17794.40,582.00
689.177533,17794.40,582.00
689.278653,17794.40,582.00
689.379477,17794.40,582.00
689.480519,17794.40,582.00
689.581273,17794.40,582.00
689.682017,17794.40,582.00
689.782586,17794.40,582.00
689.883070,17794.40,582.00
689.983577,17794.40,582.00
690.084165,17794.40,582.00
690.184593,17794.40,562.00
690.285109,17794.40,582.00
690.385584,17794.40,582.00
690.486085,17794.40,582.00
690.586600,17794.40,582.00
690.687186,17794.40,582.00
690.787632,17794.40,582.00
690.888749,17794.40,582.00
690.990123,17794.40,582.00
691.091052,17794.40,582.00
691.192152,17794.40,582.00
691.292917,17794.40,582.00
691.394290,17794.40,582.00
691.495072,17794.40,582.00
691.596294,17794.40,582.00
691.697666,17794.40,582.00
691.798736,17794.40,582.00
691.899690,17794.40,582.00
692.000221,17794.40,582.00
692.100723,17794.40,582.00
692.201187,17794.40,584.00
692.301633,17794.40,582.00
692.402159,17794.40,562.00
692.502657,17794.40,562.00
692.603214,17794.40,582.00
692.703910,17794.40,582.00
692.804802,17794.40,582.00
692.905326,17794.40,582.00
693.005785,17794.40,584.00
693.106305,17794.40,562.00
693.207038,17794.40,562.00
693.307504,17794.40,562.00
693.409012,17794.40,562.00
693.510015,17794.40,562.00
693.610947,17794.40,562.00
693.712092,17794.40,562.00
693.813142,17794.40,562.00
693.914082,17794.40,562.00
694.014947,17794.40,562.00
694.115980,17794.40,562.00
694.217034,17794.40,562.00
694.317880,17794.40,562.00
694.418558,17794.40,562.00
694.519636,17794.40,562.00
694.620301,17794.40,562.00
694.721077,17794.40,562.00
694.821654,17794.40,582.00
694.922158,17794.40,562.00
695.022797,17794.40,582.00
695.123302,17794.40,562.00
695.223898,17794.40,562.00
695.324408,17794.40,582.00
695.424953,17794.40,582.00
695.525594,17794.40,582.00
695.626415,17794.40,582.00
695.726905,17794.40,562.00
695.827443,17794.40,582.00
695.928075,17794.40,582.00
696.028866,17794.40,582.00
696.129840,17794.40,582.00
696.230619,17794.40,582.00
696.331257,17794.40,582.00
696.432104,17794.40,582.00
696.533364,17794.40,582.00
696.634132,17794.40,582.00
696.734848,17794.40,582.00
696.835612,17794.40,582.00
696.936702,17794.40,582.00
697.037296,17794.40,582.00
697.137850,17794.40,562.00
697.238378,17794.40,582.00
697.338879,17794.40,562.00
697.439419,17794.40,582.00
697.539870,17794.40,582.00
697.640347,17794.40,562.00
697.740835,17794.40,582.00
697.841331,17794.40,582.00
697.941845,17794.40,562.00
698.042452,17794.40,582.00
698.143108,17794.40,582.00
698.244124,17794.40,582.00
698.345021,17794.40,582.00
698.445904,17794.40,582.00
698.547825,17794.40,582.00
698.648743,17794.40,582.00
698.749805,17794.40,582.00
698.850924,17794.40,582.00
698.952200,17794.40,582.00
699.053137,17794.40,582.00
699.154351,17794.40,582.00
699.255066,17794.40,582.00
699.355826,17794.40,582.00
699.456380,17794.40,582.00
699.556940,17794.40,582.00
699.657627,17794.40,562.00
699.758285,17794.40,562.00
699.858955,17794.40,582.00
699.959584,17794.40,562.00
700.060114,17794.40,562.00
700.160602,17794.40,582.00
700.261292,17794.40,582.00
700.361897,17794.40,562.00
700.462840,17794.40,582.00
700.563517,17794.40,582.00
700.664398,17794.40,582.00
700.765597,17794.40,582.00
700.866844,17794.40,582.00
700.967654,17794.40,582.00
701.068945,17794.40,582.00
701.170080,17794.40,582.00
701.271030,17794.40,582.00
701.371803,17794.40,582.00
701.472622,17794.40,582.00
701.573312,17794.40,582.00
701.674199,17794.40,582.00
701.775584,17794.40,582.00
701.876382,17794.40,582.00
701.977712,17794.40,582.00
702.078770,17794.40,582.00
702.180105,17794.40,582.00
702.280843,17794.40,582.00
702.382036,17794.40,582.00
702.483105,17794.40,582.00
702.584445,17794.40,582.00
702.685821,17794.40,582.00
702.786390,17794.40,584.00
702.886890,17794.40,582.00
702.987330,17794.40,584.00
703.087836,17794.40,584.00
703.188282,17794.40,584.00
703.288842,17794.40,584.00
703.389361,17794.40,584.00
703.489891,17812.82,562.00
703.590403,17840.64,582.00
703.690907,17873.09,582.00
703.791385,17919.45,582.00
703.891823,17919.45,582.00
703.992449,17919.45,582.00
704.093202,17919.45,582.00
704.193873,17919.45,582.00
704.294588,17919.45,582.00
704.395864,17919.45,582.00
704.496619,17919.45,582.00
704.597355,17919.45,582.00
704.698052,17919.45,582.00
704.799086,17919.45,582.00
704.899765,17919.45,582.00
705.000923,17919.45,582.00
705.101716,17919.45,582.00
705.202442,17919.45,582.00
705.303559,17919.45,582.00
705.404621,17919.45,582.00
705.505777,17919.45,582.00
705.606407,17919.45,582.00
705.706971,17919.45,562.00
705.807598,17919.45,584.00
705.908177,17919.45,584.00
706.008646,17919.45,582.00
706.109130,17919.45,584.00
706.209701,17919.45,584.00
706.310268,17919.45,584.00
706.410804,17919.45,584.00
706.511304,17919.45,582.00
706.611822,17919.45,584.00
706.712491,17919.45,562.00
706.813380,17919.45,562.00
706.914165,17919.45,562.00
707.015031,17919.45,562.00
707.116118,17919.45,562.00
707.216963,17919.45,562.00
707.317698,17919.45,562.00
707.418650,17919.45,562.00
707.519611,17919.45,562.00
707.620316,17919.45,562.00
707.721155,17919.45,562.00
707.822182,17919.45,562.00
707.923256,17919.45,562.00
708.024028,17919.45,562.00
708.124848,17919.45,562.00
708.225693,17919.45,562.00
708.326389,17919.45,562.00
708.427173,17919.45,562.00
708.528512,17919.45,562.00
708.629336,17919.45,562.00
708.730290,17919.45,562.00
708.831024,17919.45,562.00
708.932179,17919.45,562.00
709.033011,17919.45,562.00
709.133652,17919.45,562.00
709.234847,17919.45,562.00
709.335505,17919.45,562.00
709.436108,17919.45,564.00
709.536655,17919.45,584.00
709.637328,17919.45,584.00
709.737824,17919.45,564.00
709.838393,17919.45,584.00
709.938883,17919.45,584.00
710.039546,17919.45,564.00
710.140119,17919.45,584.00
710.240843,17919.45,584.00
710.341335,17919.45,544.00
710.441824,17919.45,584.00
710.542310,17919.45,564.00
710.643255,17919.45,564.00
710.744267,17919.45,564.00
710.845210,17919.45,564.00
710.945842,17919.45,564.00
711.046323,17919.45,586.00
711.147815,17919.45,586.00
711.248685,17919.45,586.00
711.349791,17919.45,586.00
711.450518,17919.45,586.00
711.551252,17919.45,586.00
711.652086,17919.45,586.00
711.752827,17919.45,586.00
711.854227,17919.45,586.00
711.954902,17919.45,586.00
712.055693,17919.45,586.00
712.156745,17919.45,586.00
712.257661,17919.45,586.00
712.358479,17919.45,586.00
712.459624,17919.45,586.00
712.560555,17919.45,586.00
712.661289,17919.45,586.00
712.762238,17919.45,586.00
712.863002,17919.45,586.00
712.964404,17919.45,586.00
713.065264,17919.45,714.00
713.165782,17919.45,694.00
713.266231,17919.45,746.00
713.366685,17919.45,674.00
713.467181,17919.45,700.00
713.567609,17919.45,762.00
713.668104,17919.45,720.00
713.768779,17919.45,722.00
713.869221,17919.45,744.00
713.969696,17919.45,742.00
714.070330,17919.45,742.00
714.170813,17919.45,766.00
714.271340,17919.45,744.00
714.372011,17919.45,742.00
714.472472,17919.45,742.00
714.573255,17919.45,720.00
714.673734,17919.45,722.00
714.774176,17919.45,748.00
714.874646,17919.45,744.00
714.975097,17919.45,700.00
715.075459,17919.45,742.00
715.176028,17919.45,742.00
715.276443,17919.45,720.00
715.376957,17919.45,764.00
715.477412,17919.45,726.00
715.578130,17919.45,726.00
715.678801,17919.45,726.00
715.779427,17919.45,726.00
715.879975,17919.45,726.00
715.980542,17919.45,726.00
716.081022,17919.45,726.00
716.182033,17873.21,726.00
716.283068,17873.21,726.00
716.384333,17873.21,726.00
716.485402,17873.21,726.00
716.586301,17873.21,726.00
716.687492,17873.21,726.00
716.788277,17873.21,726.00
716.889425,17873.21,726.00
716.990458,17873.21,726.00
717.091177,17873.21,726.00
717.191801,17873.21,726.00
717.292745,17873.21,726.00
717.393404,17873.21,726.00
717.494451,17873.21,726.00
717.595175,17873.21,726.00
717.696156,17873.21,726.00
717.796951,17873.21,726.00
717.898075,17873.21,726.00
717.998977,17873.21,726.00
718.099676,17873.21,726.00
718.200417,17873.21,726.00
718.301163,17873.21,726.00
718.402038,17873.21,726.00
718.503170,17873.21,726.00
718.603666,17873.21,582.00
718.704352,17873.21,582.00
718.804918,17873.21,542.00
718.905457,17873.21,562.00
719.005966,17873.21,562.00
719.106566,17873.21,582.00
719.207028,17873.21,582.00
719.307548,17873.21,582.00
719.408188,17873.21,582.00
719.508729,17873.21,582.00
719.609353,17873.21,562.00
719.709939,17873.21,582.00
719.810705,17873.21,582.00
719.911187,17873.21,582.00
720.011870,17873.21,582.00
720.112496,17873.21,582.00
720.213729,17873.21,582.00
720.314660,17873.21,582.00
720.415415,17873.21,582.00
720.516647,17873.21,582.00
720.617858,17873.21,582.00
720.719316,17873.21,582.00
720.820049,17873.21,582.00
720.920834,17873.21,582.00
721.021532,17873.21,562.00
721.122080,17873.21,584.00
721.222553,17873.21,586.00
721.323013,17873.21,584.00
721.423576,17873.21,584.00
721.524183,17873.21,564.00
721.624766,17873.21,584.00
721.725266,17873.21,564.00
721.825812,17873.21,584.00
721.926315,17873.21,584.00
722.026851,17873.21,564.00
722.127402,17873.21,564.00
722.228153,17873.21,564.00
722.329255,17873.21,564.00
722.430532,17873.21,564.00
722.531806,17873.21,564.00
722.632685,17873.21,564.00
722.733405,17873.21,564.00
722.834040,17873.21,564.00
722.934765,17873.21,564.00
723.035398,17873.21,564.00
723.136119,17873.21,564.00
723.237181,17873.21,564.00
723.338138,17873.21,564.00
723.439361,17873.21,564.00
723.540623,17873.21,564.00
723.641372,17873.21,564.00
723.742110,17873.21,564.00
723.842816,17873.21,564.00
723.943885,17873.21,564.00
724.045183,17873.21,564.00
724.146509,17873.21,564.00
724.247509,17873.21,564.00
724.348073,17873.21,586.00
724.448531,17873.21,544.00
724.549113,17873.21,588.00
724.649576,17873.21,588.00
724.750135,17873.21,586.00
724.850609,17873.21,566.00
724.951017,17873.21,588.00
725.051561,17873.21,588.00
725.152091,17873.21,588.00
725.252629,17873.21,588.00
725.353218,17873.21,588.00
725.453738,17873.21,566.00
725.554289,17873.21,566.00
725.654987,17873.21,566.00
725.755583,17873.21,566.00
725.856406,17873.21,566.00
725.957181,17873.21,566.00
726.058433,17873.21,566.00
726.159206,17873.21,566.00
726.259878,17873.21,566.00
726.360496,17873.21,566.00
726.461454,17873.21,566.00
726.562770,17873.21,566.00
726.663875,17873.21,566.00
726.764611,17873.21,566.00
726.865470,17873.21,566.00
726.966779,17873.21,566.00
727.067593,17873.21,566.00
727.168408,17873.21,566.00
727.269326,17873.21,566.00
727.371310,17873.21,566.00
727.472146,17873.21,566.00
727.572969,17873.21,566.00
727.673640,17873.21,566.00
727.774434,17873.21,566.00
727.875553,17873.21,566.00
727.976526,17873.21,566.00
728.077478,17873.21,566.00
728.178294,17873.21,566.00
728.279500,17873.21,566.00
728.380141,17873.21,704.00
728.480684,17873.21,684.00
728.581270,17873.21,704.00
728.681777,17873.21,724.00
728.782242,17873.21,684.00
728.882689,17873.21,706.00
728.983182,17873.21,706.00
729.083855,17873.21,686.00
729.184570,17873.21,664.00
729.285203,17873.21,684.00
729.385853,17873.21,706.00
729.486484,17873.21,664.00
729.587138,17873.21,706.00
729.687986,17873.21,686.00
729.788759,17873.21,706.00
729.889425,17873.21,684.00
729.990068,17873.21,706.00
730.090741,17873.21,726.00
730.191442,17873.21,664.00
730.292295,17873.21,664.00
730.393152,17873.21,664.00
730.494225,17873.21,664.00
730.596249,17873.21,664.00
730.698796,17826.86,664.00
730.799820,17826.86,664.00
730.901074,17826.86,664.00
731.002009,17826.86,664.00
731.103177,17826.86,664.00
731.204628,17826.86,664.00
731.305607,17826.86,664.00
731.406179,17826.86,582.00
731.506644,17826.86,582.00
731.607127,17826.86,582.00
731.707624,17826.86,582.00
731.808165,17826.86,582.00
731.908640,17826.86,582.00
732.009168,17826.86,582.00
732.109697,17826.86,582.00
732.210158,17826.86,582.00
732.310627,17826.86,562.00
732.411141,17826.86,562.00
732.511679,17826.86,562.00
732.613134,17826.86,562.00
732.714136,17826.86,562.00
732.814986,17826.86,562.00
732.916029,17826.86,562.00
733.016767,17826.86,562.00
733.117272,17826.86,582.00
733.217770,17826.86,582.00
733.318236,17826.86,582.00
733.418714,17826.86,562.00
733.519142,17826.86,582.00
733.619641,17826.86,582.00
733.720204,17826.86,562.00
733.820699,17826.86,582.00
733.921195,17826.86,582.00
734.021622,17826.86,562.00
734.122101,17826.86,562.00
734.222857,17826.86,562.00
734.323616,17826.86,562.00
734.424917,17826.86,562.00
734.525664,17826.86,562.00
734.626577,17826.86,562.00
734.728810,17826.86,562.00
734.829516,17826.86,562.00
734.930052,17826.86,582.00
735.030538,17826.86,562.00
735.130988,17826.86,582.00
735.231484,17826.86,582.00
735.331981,17826.86,582.00
735.432492,17826.86,582.00
735.532962,17826.86,582.00
735.633499,17826.86,582.00
735.734199,17826.86,582.00
735.834748,17826.86,562.00
735.935282,17826.86,582.00
736.036157,17826.86,582.00
736.137207,17826.86,582.00
736.238445,17826.86,582.00
736.339898,17826.86,582.00
736.441264,17826.86,582.00
736.542134,17826.86,582.00
736.642998,17826.86,582.00
736.744414,17826.86,582.00
736.845568,17826.86,582.00
736.946217,17826.86,582.00
737.046813,17826.86,582.00
737.147298,17826.86,582.00
737.247798,17826.86,562.00
737.348323,17826.86,582.00
737.448836,17826.86,582.00
737.549404,17826.86,582.00
737.649929,17826.86,582.00
737.750462,17826.86,582.00
737.851004,17826.86,582.00
737.951597,17826.86,582.00
738.052277,17826.86,582.00
738.152802,17826.86,582.00
738.253683,17826.86,582.00
738.354846,17826.86,582.00
738.455707,17826.86,582.00
738.556481,17826.86,582.00
738.657333,17826.86,582.00
738.758056,17826.86,582.00
738.859149,17826.86,582.00
738.959705,17826.86,582.00
739.060101,17826.86,582.00
739.160765,17826.86,562.00
739.261248,17826.86,582.00
739.361713,17826.86,582.00
739.462170,17826.86,582.00
739.562663,17826.86,582.00
739.663120,17826.86,582.00
739.763684,17826.86,582.00
739.864303,17826.86,562.00
739.965116,17826.86,582.00
740.066634,17826.86,582.00
740.167614,17826.86,582.00
740.268578,17826.86,582.00
740.369410,17826.86,582.00
740.470223,17826.86,582.00
740.570977,17826.86,582.00
740.671795,17826.86,582.00
740.772351,17826.86,582.00
740.872880,17826.86,562.00
740.973366,17826.86,562.00
741.073919,17826.86,582.00
741.174370,17826.86,582.00
741.274855,17826.86,582.00
741.375652,17826.86,582.00
741.476405,17826.86,582.00
741.577118,17826.86,582.00
741.677789,17826.86,582.00
741.778525,17826.86,582.00
741.879552,17826.86,582.00
741.980153,17826.86,582.00
742.081333,17826.86,582.00
742.182139,17826.86,582.00
742.283438,17826.86,582.00
742.384411,17826.86,582.00
742.485163,17826.86,582.00
742.585974,17826.86,582.00
742.687305,17826.86,582.00
742.788195,17826.86,582.00
742.889046,17826.86,582.00
742.989851,17826.86,582.00
743.090458,17826.86,562.00
743.190915,17826.86,582.00
743.291423,17826.86,582.00
743.391984,17826.86,582.00
743.492444,17826.86,582.00
743.592938,17826.86,582.00
743.693441,17826.86,584.00
743.793997,17826.86,562.00
743.894569,17826.86,582.00
743.995117,17826.86,582.00
744.095763,17826.86,582.00
744.196721,17826.86,582.00
744.297598,17826.86,582.00
744.401345,17826.86,582.00
744.502156,17826.86,582.00
744.602992,17826.86,582.00
744.704394,17826.86,582.00
744.805300,17826.86,582.00
744.906150,17826.86,582.00
745.006999,17826.86,582.00
745.108418,17826.86,582.00
745.210069,17826.86,582.00
745.311494,17826.86,582.00
745.412814,17826.86,582.00
745.513693,17826.86,582.00
745.614278,17826.86,582.00
745.714778,17826.86,582.00
745.815200,17826.86,582.00
745.915775,17826.86,562.00
746.016215,17826.86,562.00
746.116753,17826.86,582.00
746.217241,17826.86,582.00
746.317843,17826.86,582.00
746.418362,17826.86,562.00
746.518831,17826.86,582.00
746.619311,17826.86,582.00
746.719760,17826.86,582.00
746.820344,17826.86,582.00
746.921417,17826.86,582.00
747.022161,17826.86,582.00
747.122965,17826.86,582.00
747.223815,17826.86,582.00
747.324864,17826.86,582.00
747.425959,17826.86,582.00
747.526806,17826.86,582.00
747.628176,17826.86,582.00
747.728798,17826.86,542.00
747.829298,17826.86,582.00
747.929762,17826.86,582.00
748.030219,17826.86,582.00
748.130661,17826.86,582.00
748.231092,17826.86,562.00
748.331824,17826.86,582.00
748.432552,17826.86,582.00
748.533297,17826.86,582.00
748.634068,17826.86,582.00
748.734612,17826.86,582.00
748.836232,17826.86,582.00
748.938766,17826.86,582.00
749.039854,17826.86,582.00
749.140636,17826.86,582.00
749.241316,17826.86,582.00
749.342323,17826.86,582.00
749.443066,17826.86,582.00
749.544074,17826.86,582.00
749.644881,17826.86,582.00
749.745849,17826.86,582.00
749.846481,17826.86,582.00
749.947350,17826.86,582.00
750.048558,17826.86,582.00
750.149802,17826.86,582.00
750.250399,17826.86,582.00
750.350929,17826.86,582.00
750.451523,17826.86,582.00
750.552020,17826.86,562.00
750.652466,17826.86,582.00
750.752901,17826.86,582.00
750.853407,17826.86,582.00
750.953954,17826.86,582.00
751.054411,17826.86,582.00
751.154871,17826.86,562.00
751.255375,17826.86,582.00
751.355986,17826.86,582.00
751.456458,17826.86,582.00
751.557660,17826.86,582.00
751.658457,17826.86,582.00
751.759325,17826.86,582.00
751.860472,17826.86,582.00
751.961625,17826.86,582.00
752.062596,17826.86,582.00
752.163691,17826.86,582.00
752.264388,17826.86,582.00
752.365269,17826.86,582.00
752.466250,17826.86,582.00
752.567033,17826.86,582.00
752.667862,17826.86,582.00
752.769022,17826.86,582.00
752.870237,17826.86,582.00
752.970986,17826.86,582.00
753.072022,17826.86,582.00
753.173109,17826.86,582.00
753.274040,17826.86,582.00
753.374994,17826.86,582.00
753.475620,17826.86,582.00
753.576439,17826.86,582.00
753.677224,17826.86,582.00
753.777978,17826.86,582.00
753.878738,17826.86,562.00
753.979357,17826.86,584.00
754.079983,17826.86,584.00
754.180609,17826.86,582.00
754.281310,17826.86,584.00
754.381985,17826.86,562.00
754.482653,17826.86,582.00
754.583386,17840.64,582.00
754.684063,17873.09,584.00
754.784726,17887.00,584.00
754.885385,17891.63,582.00
754.986389,17891.63,582.00
755.087620,17891.63,582.00
755.188716,17891.63,582.00
755.289929,17891.63,582.00
755.391039,17891.63,582.00
755.491925,17891.63,582.00
755.592976,17891.63,582.00
755.693804,17891.63,582.00
755.794561,17891.63,582.00
755.895638,17891.63,582.00
755.996431,17891.63,582.00
756.097604,17891.63,582.00
756.198316,17891.63,582.00
756.299200,17891.63,582.00
756.400398,17891.63,582.00
756.501141,17891.63,582.00
756.601644,17891.63,584.00
756.702164,17891.63,562.00
756.802653,17891.63,584.00
756.903140,17891.63,542.00
757.003666,17891.63,584.00
757.104169,17891.64,564.00
757.204614,17891.63,584.00
757.305076,17891.63,584.00
757.405675,17891.63,584.00
757.506165,17891.63,564.00
757.606642,17891.63,584.00
757.707278,17891.63,584.00
757.808081,17891.63,584.00
757.909283,17891.63,584.00
758.010656,17891.63,584.00
758.111457,17891.63,584.00
758.212210,17891.63,584.00
758.313408,17891.63,584.00
758.414775,17891.63,584.00
758.516173,17891.63,584.00
758.617424,17891.63,584.00
758.718828,17891.63,584.00
758.819616,17891.63,584.00
758.920518,17891.63,584.00
759.021606,17891.63,584.00
759.122608,17891.63,584.00
759.223647,17891.63,584.00
759.324913,17891.63,584.00
759.425742,17891.63,584.00
759.526621,17891.63,584.00
759.627591,17891.63,584.00
759.728402,17891.63,584.00
759.829044,17891.63,584.00
759.929965,17891.63,584.00
760.030950,17891.63,584.00
760.131788,17891.63,584.00
760.232653,17891.63,584.00
760.333648,17891.63,584.00
760.434576,17891.63,584.00
760.535198,17891.63,586.00
760.635917,17891.63,584.00
760.736921,17891.63,586.00
760.837481,17891.63,584.00
760.938051,17891.63,586.00
761.038528,17891.63,564.00
761.139225,17891.63,564.00
761.239748,17891.63,564.00
761.340454,17891.63,564.00
761.441040,17891.63,564.00
761.541828,17891.63,586.00
761.642993,17891.63,586.00
761.743813,17891.63,586.00
761.844542,17891.63,586.00
761.945562,17891.63,586.00
762.046225,17891.63,586.00
762.146955,17891.63,586.00
762.247680,17891.63,586.00
762.348689,17891.63,586.00
762.449548,17891.63,586.00
762.550623,17891.63,586.00
762.651545,17891.63,586.00
762.752620,17891.63,586.00
762.853373,17891.63,586.00
762.954217,17891.63,586.00
763.055158,17891.63,586.00
763.155888,17891.63,586.00
763.256743,17891.63,586.00
763.357523,17891.63,586.00
763.458229,17891.63,586.00
763.559022,17891.63,586.00
763.659721,17891.63,586.00
763.760435,17891.63,586.00
763.861032,17891.63,718.00
763.961470,17891.63,740.00
764.061948,17891.63,744.00
764.162468,17891.63,738.00
764.263179,17891.63,676.00
764.363744,17891.63,742.00
764.464215,17891.63,696.00
764.564924,17891.63,738.00
764.665416,17891.63,718.00
764.765904,17891.63,740.00
764.866381,17891.63,744.00
764.967207,17891.63,762.00
765.067676,17891.63,716.00
765.168267,17891.63,738.00
765.268706,17891.63,758.00
765.369339,17891.63,742.00
765.469902,17891.63,720.00
765.570494,17891.63,716.00
765.670976,17891.63,716.00
765.771600,17891.63,742.00
765.872266,17891.63,742.00
765.973136,17891.63,744.00
766.073693,17891.63,722.00
766.174242,17891.63,742.00
766.274922,17845.40,724.00
766.375813,17845.40,724.00
766.476645,17845.40,724.00
766.577411,17845.40,724.00
766.678067,17845.40,724.00
766.778666,17845.40,724.00
766.879855,17845.40,724.00
766.981086,17845.40,724.00
767.081945,17845.40,724.00
767.182922,17845.40,724.00
767.283974,17845.40,724.00
767.385006,17845.40,724.00
767.486066,17845.40,724.00
767.586925,17845.40,724.00
767.688165,17845.40,724.00
767.789102,17845.40,724.00
767.889918,17845.40,724.00
767.990599,17845.40,724.00
768.091694,17845.40,724.00
768.192595,17845.40,724.00
768.293597,17845.40,724.00
768.394421,17845.40,724.00
768.495395,17845.40,724.00
768.596388,17845.40,724.00
768.697036,17845.40,724.00
768.798188,17845.40,724.00
768.898975,17845.40,724.00
768.999764,17845.40,724.00
769.100410,17845.40,724.00
769.201091,17845.40,724.00
769.301611,17845.40,582.00
769.402146,17845.40,582.00
769.502646,17845.40,582.00
769.603154,17845.40,562.00
769.703637,17845.40,582.00
769.804151,17845.40,582.00
769.904683,17845.40,582.00
770.005159,17845.40,542.00
770.105613,17845.40,582.00
770.206259,17845.40,582.00
770.306909,17845.40,582.00
770.407680,17845.40,582.00
770.508299,17845.40,582.00
770.608987,17845.40,582.00
770.709603,17845.40,582.00
770.811027,17845.40,582.00
770.912272,17845.40,582.00
771.013002,17845.40,582.00
771.113963,17845.40,582.00
771.214593,17845.40,582.00
771.315397,17845.40,582.00
771.416600,17845.40,582.00
771.517860,17845.40,582.00
771.618849,17845.40,582.00
771.719455,17845.40,562.00
771.819972,17845.40,584.00
771.920418,17845.40,584.00
772.020887,17845.40,584.00
772.121383,17845.40,586.00
772.221870,17845.40,564.00
772.322327,17845.40,584.00
772.422958,17845.40,564.00
772.523523,17845.40,584.00
772.624092,17845.40,564.00
772.724674,17845.40,584.00
772.825239,17845.40,584.00
772.925912,17845.40,584.00
773.027331,17845.40,584.00
773.128700,17845.40,584.00
773.229831,17845.40,584.00
773.330724,17845.40,584.00
773.432199,17845.40,584.00
773.533294,17845.40,584.00
773.634195,17845.40,584.00
773.735339,17845.40,584.00
773.836497,17845.40,584.00
773.937782,17845.40,584.00
774.038755,17845.40,584.00
774.139450,17845.40,584.00
774.240342,17845.40,584.00
774.341687,17845.40,584.00
774.442915,17845.40,584.00
774.543858,17845.40,584.00
774.645295,17845.40,584.00
774.746710,17845.40,584.00
774.848223,17845.40,584.00
774.949151,17845.40,564.00
775.049769,17845.40,584.00
775.150200,17845.40,586.00
775.251000,17845.40,586.00
775.351751,17845.40,586.00
775.452401,17845.40,588.00
775.552920,17845.40,568.00
775.653585,17845.40,588.00
775.754380,17845.40,588.00
775.855192,17845.40,586.00
775.955870,17845.40,586.00
776.056909,17845.40,566.00
776.157703,17845.40,566.00
776.258293,17845.40,566.00
776.359080,17845.40,566.00
776.459917,17845.40,566.00
776.560935,17845.40,566.00
776.662048,17845.40,566.00
776.763008,17845.40,566.00
776.863720,17845.40,566.00
776.964446,17845.40,566.00
777.065883,17845.40,566.00
777.167353,17845.40,566.00
777.268845,17845.40,566.00
777.370156,17845.40,566.00
777.471297,17845.40,566.00
777.572208,17845.40,566.00
777.673340,17845.40,566.00
777.774544,17845.40,566.00
777.875442,17845.40,566.00
777.976833,17845.40,566.00
778.078414,17845.40,566.00
778.179847,17845.40,566.00
778.280818,17845.40,566.00
778.382428,17845.40,566.00
778.483312,17845.40,684.00
778.583881,17845.40,702.00
778.684535,17845.40,704.00
778.785082,17845.40,684.00
778.885561,17845.40,684.00
778.986045,17845.40,682.00
779.086568,17845.40,704.00
779.187018,17845.40,704.00
779.287581,17845.40,706.00
779.388197,17845.40,686.00
779.488840,17845.40,706.00
779.589515,17845.40,686.00
779.690305,17845.40,726.00
779.791192,17845.40,666.00
779.891682,17845.40,706.00
779.992222,17845.40,666.00
780.092720,17845.40,666.00
780.193342,17845.40,646.00
780.293846,17845.40,686.00
780.394460,17845.40,686.00
780.495083,17845.40,686.00
780.595673,17845.40,686.00
780.696256,17845.40,686.00
780.797102,17845.40,686.00
780.898491,17845.40,686.00
780.999405,17845.40,686.00
781.100786,17845.40,686.00
781.201588,17845.40,686.00
781.302371,17845.40,686.00
781.403541,17845.40,686.00
781.504112,17845.40,582.00
781.604580,17845.40,562.00
781.705108,17845.40,582.00
781.805541,17845.40,582.00
781.906158,17845.40,582.00
782.006681,17845.40,582.00
782.107196,17845.40,582.00
782.207735,17845.40,582.00
782.308256,17845.40,582.00
782.408746,17845.40,582.00
782.509195,17845.40,542.00
782.610405,17845.40,542.00
782.711772,17845.40,542.00
782.812857,17845.40,542.00
782.913699,17845.40,542.00
783.014432,17845.40,542.00
783.114996,17845.40,562.00
783.215480,17845.40,582.00
783.315984,17845.40,562.00
783.416441,17845.40,582.00
783.517075,17845.40,562.00
783.617494,17845.40,542.00
783.718051,17845.40,582.00
783.818534,17845.40,562.00
783.919009,17845.40,562.00
784.019448,17845.40,582.00
784.120116,17845.40,562.00
784.220788,17845.40,562.00
784.321783,17845.40,562.00
784.422480,17845.40,562.00
784.523590,17845.40,562.00
784.624840,17845.40,562.00
784.725697,17845.40,562.00
784.826645,17845.40,562.00
784.927296,17845.40,562.00
785.027824,17845.40,582.00
785.128513,17845.40,582.00
785.229123,17845.40,582.00
785.329879,17845.40,562.00
785.430478,17845.40,562.00
785.531092,17845.40,582.00
785.631660,17845.40,562.00
785.732570,17845.40,582.00
785.833341,17845.40,562.00
785.933831,17845.40,582.00
786.034394,17845.40,582.00
786.135071,17845.40,582.00
786.236507,17845.40,582.00
786.337897,17845.40,582.00
786.438868,17845.40,582.00
786.539617,17845.40,582.00
786.640915,17845.40,582.00
786.741913,17845.40,582.00
786.842649,17845.40,582.00
786.943662,17845.40,582.00
787.044391,17845.40,582.00
787.144955,17845.40,582.00
787.245415,17799.04,562.00
787.346013,17799.04,582.00
787.446474,17799.04,582.00
787.546983,17799.04,582.00
787.647506,17799.04,582.00
787.748120,17799.04,562.00
787.848635,17799.04,562.00
787.949184,17799.04,582.00
788.049740,17799.04,582.00
788.150343,17799.04,542.00
788.251124,17799.04,542.00
788.351932,17799.04,542.00
788.452841,17799.04,542.00
788.554136,17799.04,542.00
788.655603,17799.04,542.00
788.756446,17799.04,542.00
788.857222,17799.04,542.00
788.958028,17799.04,542.00
789.058544,17799.04,582.00
789.159070,17799.04,582.00
789.259579,17799.04,582.00
789.360106,17799.04,582.00
789.460687,17799.04,582.00
789.561413,17799.04,582.00
789.661935,17799.04,582.00
789.762406,17799.04,582.00
789.862870,17799.04,562.00
789.963405,17799.04,582.00
790.063957,17799.04,562.00
790.164501,17799.04,562.00
790.266139,17799.04,562.00
790.367518,17799.04,562.00
790.468248,17799.04,562.00
790.569624,17799.04,562.00
790.670859,17799.04,562.00
790.772006,17799.04,562.00
790.872796,17799.04,562.00
790.973417,17799.04,562.00
791.073948,17799.04,582.00
791.174458,17799.04,562.00
791.274953,17799.04,562.00
791.375466,17799.04,562.00
791.476472,17799.04,582.00
791.577109,17799.04,582.00
791.678155,17799.04,562.00
791.781163,17799.04,562.00
791.881649,17799.04,582.00
791.982169,17799.04,582.00
792.082739,17799.04,582.00
792.184130,17799.04,582.00
792.285192,17799.04,582.00
792.386423,17799.04,582.00
792.487854,17799.04,582.00
792.589145,17799.04,582.00
792.690501,17799.04,582.00
792.791715,17799.04,582.00
792.892523,17799.04,582.00
792.993395,17799.04,582.00
793.094197,17799.04,582.00
793.195630,17799.04,582.00
793.296268,17799.04,584.00
793.396884,17799.04,582.00
793.497382,17799.04,582.00
793.597963,17799.04,582.00
793.698420,17799.04,584.00
793.799039,17799.04,582.00
793.899537,17799.04,582.00
794.000083,17799.04,562.00
794.100543,17799.04,582.00
794.201285,17799.04,562.00
794.301747,17799.04,584.00
794.402179,17799.04,584.00
794.502723,17799.04,584.00
794.603373,17799.04,584.00
794.704421,17799.04,584.00
794.805485,17799.04,584.00
794.906933,17799.04,584.00
795.008118,17799.04,584.00
795.108884,17799.04,584.00
795.209993,17799.04,584.00
795.310786,17799.04,584.00
795.411587,17799.04,584.00
795.512366,17799.04,584.00
795.613768,17799.04,584.00
795.714871,17799.04,584.00
795.815866,17799.04,584.00
795.916470,17799.04,582.00
796.016985,17799.04,582.00
796.117488,17799.04,542.00
796.218026,17799.04,582.00
796.318486,17799.04,582.00
796.418995,17799.04,582.00
796.519476,17799.04,582.00
796.619951,17799.04,582.00
796.720433,17799.04,562.00
796.820987,17799.04,562.00
796.921634,17799.04,542.00
797.022489,17799.04,542.00
797.123249,17799.04,542.00
797.224325,17799.04,542.00
797.325548,17799.04,542.00
797.426635,17799.04,542.00
797.528583,17799.04,542.00
797.629397,17799.04,542.00
797.730583,17799.04,542.00
797.831322,17799.04,542.00
797.932642,17799.04,542.00
798.033272,17799.04,562.00
798.133782,17799.04,562.00
798.234297,17799.04,582.00
798.334775,17799.04,582.00
798.435243,17799.04,582.00
798.535719,17799.04,582.00
798.636281,17799.04,582.00
798.736951,17799.04,582.00
798.837623,17799.04,562.00
798.938372,17799.04,582.00
799.039094,17799.04,562.00
799.139675,17799.04,562.00
799.241168,17799.04,562.00
799.341996,17799.04,562.00
799.442745,17799.04,562.00
799.543973,17799.04,562.00
799.644917,17799.04,562.00
799.745768,17799.04,562.00
799.846513,17799.04,562.00
799.947253,17799.04,562.00
800.048549,17799.04,562.00
800.149533,17799.04,562.00
800.250525,17799.04,562.00
800.351203,17799.04,582.00
800.451651,17799.04,562.00
800.552196,17799.04,582.00
800.652892,17799.04,582.00
800.753353,17799.04,582.00
800.853829,17799.04,582.00
800.954285,17799.04,582.00
801.054780,17799.04,562.00
801.155278,17799.04,582.00
801.255806,17799.04,562.00
801.356450,17799.04,582.00
801.457084,17799.04,582.00
801.558026,17799.04,582.00
801.659104,17799.04,582.00
801.759973,17799.04,582.00
801.860704,17799.04,582.00
801.961615,17799.04,582.00
802.062712,17799.04,582.00
802.163486,17799.04,582.00
802.264901,17799.04,582.00
802.365787,17799.04,582.00
802.467163,17799.04,582.00
802.568534,17799.04,582.00
802.669381,17799.04,582.00
802.770143,17799.04,582.00
802.871732,17799.04,582.00
802.972425,17799.04,582.00
803.073620,17799.04,582.00
803.174707,17799.04,582.00
803.275552,17799.04,582.00
803.376830,17799.04,582.00
803.478248,17799.04,582.00
803.579555,17799.04,582.00
803.680083,17799.04,584.00
803.780588,17799.04,582.00
803.881043,17799.04,562.00
803.981540,17799.04,562.00
804.082082,17799.04,564.00
804.182618,17799.04,584.00
804.283125,17799.04,564.00
804.383667,17799.04,582.00
804.484151,17799.04,562.00
804.584657,17799.04,564.00
804.685179,17812.83,542.00
804.786129,17812.83,542.00
804.886673,17812.83,542.00
804.987186,17812.83,542.00
805.087720,17812.83,542.00
805.188358,17812.83,542.00
805.289560,17812.83,542.00
805.390382,17812.83,542.00
805.491612,17812.83,542.00
805.592985,17812.83,542.00
805.693888,17812.83,542.00
805.795220,17812.83,542.00
805.896093,17812.83,542.00
805.997420,17812.83,542.00
806.098248,17812.83,542.00
806.199128,17812.83,542.00
806.299664,17812.83,584.00
806.400254,17812.83,562.00
806.500772,17812.83,584.00
806.601288,17812.83,582.00
806.701820,17812.83,582.00
806.802389,17812.83,584.00
806.903002,17812.83,584.00
807.003570,17812.83,564.00
807.104096,17812.83,584.00
807.204596,17812.83,584.00
807.305449,17812.83,584.00
807.406008,17812.83,584.00
807.506544,17812.83,584.00
807.607379,17812.83,584.00
807.708111,17812.83,584.00
807.809198,17812.83,584.00
807.910034,17812.83,584.00
808.010863,17812.83,584.00
808.112130,17812.83,584.00
808.213157,17812.83,584.00
808.314057,17812.83,584.00
808.415206,17812.83,584.00
808.516370,17812.83,584.00
808.617450,17812.83,584.00
808.718721,17812.83,584.00
808.819776,17812.83,584.00
808.920997,17812.83,584.00
809.022368,17812.83,584.00
809.123274,17812.83,584.00
809.224166,17812.83,584.00
809.325335,17812.83,584.00
809.426633,17812.83,584.00
809.528126,17812.83,584.00
809.628803,17812.83,564.00
809.729369,17812.83,584.00
809.829935,17812.83,564.00
809.930467,17812.83,586.00
810.031060,17812.83,586.00
810.131570,17812.83,584.00
810.232011,17812.83,586.00
810.332534,17812.83,584.00
810.433060,17812.83,584.00
810.533552,17812.83,586.00
810.634093,17812.83,584.00
810.734566,17812.83,584.00
810.835090,17812.83,584.00
810.935730,17812.83,584.00
811.036283,17812.83,584.00
811.136877,17812.83,584.00
811.237417,17812.83,584.00
811.338133,17812.83,606.00
811.439395,17812.83,606.00
811.540252,17812.83,606.00
811.641536,17812.83,606.00
811.742430,17812.83,606.00
811.843208,17812.83,606.00
811.943991,17812.83,606.00
812.044919,17812.83,606.00
812.145764,17812.83,606.00
812.247038,17812.83,606.00
812.348097,17812.83,606.00
812.448981,17812.83,606.00
812.549823,17812.83,606.00
812.651127,17812.83,606.00
812.752678,17812.83,606.00
812.853785,17812.83,606.00
812.954601,17812.83,606.00
813.055407,17812.83,606.00
813.156245,17812.83,606.00
813.257625,17812.83,606.00
813.358185,17812.83,740.00
813.458640,17812.83,744.00
813.559395,17812.83,738.00
813.659969,17812.83,718.00
813.760435,17812.83,786.00
813.860901,17812.83,742.00
813.961382,17812.83,658.00
814.061910,17812.83,742.00
814.162504,17812.83,748.00
814.263030,17812.83,742.00
814.363503,17812.83,678.00
814.464124,17812.83,720.00
814.564693,17812.83,748.00
814.665173,17812.83,724.00
814.765647,17812.83,742.00
814.866190,17812.83,698.00
814.966709,17812.83,720.00
815.067251,17812.83,744.00
815.167767,17812.83,746.00
815.268271,17812.83,744.00
815.368781,17812.83,766.00
815.469286,17812.83,746.00
815.569858,17728.74,720.00
815.670374,17728.74,704.00
815.770919,17728.74,704.00
815.871583,17728.74,704.00
815.972316,17728.74,704.00
816.072922,17728.74,704.00
816.173766,17728.74,704.00
816.274423,17728.74,704.00
816.375266,17744.30,704.00
816.476392,17744.30,704.00
816.577620,17744.30,704.00
816.678934,17744.30,704.00
816.780491,17744.30,704.00
816.881917,17744.30,704.00
816.982683,17744.30,704.00
817.083934,17744.30,704.00
817.184667,17744.30,704.00
817.286061,17744.30,704.00
817.387766,17744.30,704.00
817.489080,17744.30,704.00
817.590151,17744.30,704.00
817.691262,17744.30,704.00
817.792281,17744.30,704.00
817.893633,17744.30,704.00
817.995247,17744.30,704.00
818.096574,17744.30,704.00
818.197802,17744.30,704.00
818.299198,17781.39,704.00
818.400257,17786.15,564.00
818.501088,17786.15,582.00
818.602291,17786.15,562.00
818.703314,17786.15,584.00
818.804258,17786.15,582.00
818.904954,17786.15,582.00
819.005913,17795.30,562.00
819.106830,17795.30,562.00
819.207647,17804.57,584.00
819.308532,17809.20,582.00
819.409330,17823.11,562.00
819.510195,17823.11,582.00
819.610707,17823.11,582.00
819.711349,17823.11,582.00
819.812263,17823.11,582.00
819.913115,17823.11,582.00
820.014318,17823.11,582.00
820.115082,17823.11,582.00
820.216307,17823.11,582.00
820.317016,17823.11,582.00
820.418096,17823.11,582.00
820.519386,17823.11,582.00
820.620235,17823.11,582.00
820.721431,17823.11,582.00
820.821940,17823.11,562.00
820.922415,17823.11,584.00
821.022964,17823.11,564.00
821.123417,17823.11,584.00
821.223974,17823.11,584.00
821.324762,17823.11,564.00
821.425279,17823.11,564.00
821.525906,17823.11,584.00
821.626526,17823.11,584.00
821.727064,17823.11,564.00
821.827696,17823.11,564.00
821.928180,17823.11,584.00
822.028933,17823.11,584.00
822.130080,17823.11,584.00
822.230882,17823.11,584.00
822.331682,17823.11,584.00
822.432624,17823.11,584.00
822.533572,17823.11,584.00
822.634860,17823.11,584.00
822.736007,17823.11,584.00
822.837208,17823.11,584.00
822.938444,17823.11,584.00
823.039314,17823.11,584.00
823.140087,17823.11,584.00
823.240768,17823.11,584.00
823.341565,17823.11,584.00
823.442288,17823.11,584.00
823.543214,17823.11,584.00
823.644064,17823.11,584.00
823.744990,17823.11,584.00
823.845789,17823.11,584.00
823.946500,17823.11,584.00
824.047617,17823.11,584.00
824.148580,17823.11,584.00
824.249506,17823.11,584.00
824.350942,17823.11,584.00
824.451702,17823.11,584.00
824.552276,17855.56,564.00
824.652810,17855.56,586.00
824.753270,17855.56,588.00
824.853808,17855.56,586.00
824.954279,17855.56,588.00
825.054792,17855.56,566.00
825.155688,17855.56,586.00
825.256593,17855.56,586.00
825.357241,17855.56,586.00
825.457779,17855.56,586.00
825.558270,17880.95,586.00
825.658740,17892.65,586.00
825.759371,17892.65,586.00
825.859887,17892.65,586.00
825.960413,17892.66,586.00
826.061051,17892.66,586.00
826.161632,17892.66,586.00
826.263022,17892.66,586.00
826.363921,17892.66,586.00
826.464878,17892.66,586.00
826.566098,17892.66,586.00
826.666904,17892.66,586.00
826.767611,17892.66,586.00
826.868716,17892.66,586.00
826.969482,17892.66,586.00
827.070217,17892.66,586.00
827.170978,17892.66,586.00
827.272283,17892.66,586.00
827.374007,17892.66,586.00
827.474873,17892.66,586.00
827.575642,17892.66,586.00
827.677083,17892.66,586.00
827.778086,17892.66,586.00
827.879449,17892.66,586.00
827.980270,17892.66,586.00
828.081031,17892.66,586.00
828.181558,17892.66,666.00
828.282109,17892.66,664.00
828.382658,17892.66,666.00
828.483167,17892.66,706.00
828.583936,17892.66,664.00
828.684524,17892.66,686.00
828.785111,17892.66,664.00
828.885566,17892.66,686.00
828.986206,17892.66,706.00
829.086905,17892.66,666.00
829.187568,17892.66,644.00
829.288256,17892.66,704.00
829.388921,17892.66,696.00
829.489614,17892.66,684.00
829.590490,17892.66,682.00
829.691135,17892.66,704.00
829.791778,17892.66,676.00
829.892244,17892.66,704.00
829.992810,17892.66,682.00
830.093336,17892.66,682.00
830.193979,17892.66,682.00
830.294561,17892.66,682.00
830.395156,17892.66,682.00
830.495872,17892.66,682.00
830.596472,17892.66,682.00
830.697401,17892.66,682.00
830.798476,17892.66,682.00
830.899251,17892.66,682.00
830.999997,17892.66,682.00
831.101410,17892.66,682.00
831.202032,17892.66,582.00
831.302610,17892.66,582.00
831.403158,17892.66,582.00
831.503683,17892.66,582.00
831.604137,17892.66,582.00
831.704621,17892.66,582.00
831.805180,17892.66,582.00
831.905707,17892.66,562.00
832.006187,17892.66,582.00
832.106727,17892.66,582.00
832.207182,17892.66,562.00
832.308020,17892.66,562.00
832.409480,17892.66,562.00
832.510461,17892.66,562.00
832.611193,17892.66,562.00
832.712096,17892.66,562.00
832.813126,17892.66,562.00
832.913707,17892.66,582.00
833.014214,17892.66,582.00
833.114716,17892.66,582.00
833.215401,17892.66,582.00
833.315961,17892.66,582.00
833.416561,17892.66,582.00
833.517093,17892.66,582.00
833.617720,17892.66,562.00
833.718379,17892.66,582.00
833.818921,17892.66,582.00
833.919612,17892.66,582.00
834.020242,17892.66,582.00
834.121257,17892.66,582.00
834.222099,17892.66,582.00
834.323146,17892.66,582.00
834.424269,17892.66,582.00
834.525544,17892.66,582.00
834.626577,17892.66,582.00
834.727763,17892.66,582.00
834.828617,17892.66,582.00
834.929225,17892.66,582.00
835.029699,17892.66,562.00
835.130193,17892.66,582.00
835.230785,17892.66,582.00
835.331246,17892.66,582.00
835.431792,17892.66,582.00
835.532383,17892.66,582.00
835.632947,17892.66,582.00
835.733498,17892.66,582.00
835.833991,17892.66,582.00
835.934492,17892.66,582.00
836.035007,17892.66,582.00
836.135789,17892.66,582.00
836.236740,17892.66,582.00
836.337790,17892.66,582.00
836.439217,17892.66,582.00
836.540047,17892.66,582.00
836.640938,17892.66,582.00
836.742373,17892.66,582.00
836.843719,17892.66,582.00
836.944467,17892.66,582.00
837.045134,17892.66,582.00
837.145630,17892.66,582.00
837.246078,17892.66,582.00
837.346568,17892.66,582.00
837.447123,17892.66,582.00
837.547741,17892.66,562.00
837.648268,17892.66,582.00
837.748819,17892.66,582.00
837.849319,17892.66,582.00
837.949849,17892.66,562.00
838.050326,17892.66,582.00
838.150829,17892.66,582.00
838.251484,17892.66,582.00
838.352313,17892.66,582.00
838.453784,17892.66,582.00
838.554972,17892.66,582.00
838.655917,17892.66,582.00
838.756729,17892.66,582.00
838.857516,17892.66,582.00
838.958155,17892.66,582.00
839.059193,17892.66,582.00
839.159814,17892.66,582.00
839.260282,17892.66,582.00
839.360761,17892.66,582.00
839.461238,17892.66,582.00
839.561750,17892.66,562.00
839.662259,17892.66,582.00
839.762766,17892.66,582.00
839.863447,17892.66,562.00
839.963997,17892.66,582.00
840.064663,17892.66,582.00
840.165345,17892.66,582.00
840.265987,17892.66,582.00
840.367445,17892.66,582.00
840.468166,17892.66,582.00
840.569500,17892.66,582.00
840.671088,17892.66,582.00
840.772516,17892.66,582.00
840.874032,17892.66,582.00
840.974848,17892.66,582.00
841.075306,17892.66,582.00
841.175822,17892.66,582.00
841.276250,17892.66,582.00
841.376787,17892.66,562.00
841.477280,17892.66,582.00
841.577767,17892.66,582.00
841.678230,17892.66,582.00
841.778758,17892.66,582.00
841.879271,17892.66,582.00
841.979763,17892.66,582.00
842.080314,17892.66,582.00
842.181712,17892.66,582.00
842.282935,17892.66,582.00
842.384285,17892.66,582.00
842.485772,17892.66,582.00
842.586663,17892.66,582.00
842.687572,17892.66,582.00
842.788389,17892.66,582.00
842.889636,17892.66,582.00
842.991108,17892.66,582.00
843.092202,17892.66,582.00
843.193427,17892.66,582.00
843.294271,17892.66,582.00
843.395053,17892.66,582.00
843.495723,17892.66,582.00
843.596398,17892.66,582.00
843.697084,17892.66,582.00
843.797792,17892.66,562.00
843.898522,17892.66,584.00
843.999151,17892.66,564.00
844.099910,17892.66,582.00
844.200558,17892.66,582.00
844.301290,17892.66,584.00
844.401960,17892.66,582.00
844.502602,17892.66,584.00
844.603360,17892.66,584.00
844.704132,17892.66,584.00
844.805239,17892.66,584.00
844.908474,17892.66,584.00
845.009905,17892.66,584.00
845.110863,17892.66,584.00
845.212322,17892.66,584.00
845.313074,17892.66,584.00
845.413810,17892.66,584.00
845.515133,17892.66,584.00
845.615911,17892.66,584.00
845.716614,17892.66,584.00
845.818046,17892.66,584.00
845.918618,17892.66,582.00
846.019117,17892.66,562.00
846.119637,17892.66,582.00
846.220198,17892.66,582.00
846.320760,17892.66,582.00
846.421355,17892.66,582.00
846.521870,17892.66,562.00
846.622337,17892.66,582.00
846.722798,17892.66,582.00
846.823356,17892.66,582.00
846.924080,17892.66,582.00
847.024753,17892.66,582.00
847.125391,17892.66,582.00
847.226238,17892.66,582.00
847.330683,17892.66,582.00
847.431646,17892.66,582.00
847.532466,17892.66,582.00
847.633248,17892.66,582.00
847.734042,17892.66,582.00
847.835145,17892.66,582.00
847.935992,17892.66,582.00
848.036502,17892.66,562.00
848.137264,17892.66,582.00
848.237971,17892.66,562.00
848.338644,17892.66,562.00
848.439343,17892.66,582.00
848.539994,17892.66,582.00
848.640709,17892.66,562.00
848.741382,17892.66,582.00
848.842047,17892.66,582.00
848.942704,17892.66,582.00
849.043425,17892.66,582.00
849.144216,17892.66,582.00
849.245421,17892.66,582.00
849.346292,17892.66,582.00
849.447522,17892.66,582.00
849.548378,17892.66,582.00
849.649245,17892.66,582.00
849.750347,17892.66,582.00
849.851111,17892.66,582.00
849.952048,17892.66,582.00
850.053020,17892.66,582.00
850.154201,17892.66,582.00
850.255027,17892.66,582.00
850.355761,17892.66,582.00
850.457118,17892.66,582.00
850.558487,17892.66,582.00
850.660262,17892.66,562.00
850.761138,17892.66,582.00
850.865135,17892.66,582.00
850.965617,17892.66,582.00
851.066206,17892.66,582.00
851.166822,17892.66,562.00
851.267329,17892.66,562.00
851.367806,17892.66,582.00
851.468409,17892.66,582.00
851.568912,17892.66,582.00
851.669362,17892.66,582.00
851.769840,17892.66,582.00
851.870400,17892.66,582.00
851.971101,17892.66,582.00
852.072306,17892.66,582.00
852.173026,17892.66,582.00
852.274143,17892.66,582.00
852.375965,17892.66,582.00
852.476794,17892.66,582.00
852.577506,17892.66,582.00
852.678209,17892.66,582.00
852.779418,17892.66,582.00
852.880478,17892.66,582.00
852.981311,17892.66,582.00
853.082056,17892.66,582.00
853.182791,17892.66,582.00
853.283547,17892.66,582.00
853.384165,17892.66,582.00
853.489209,17892.66,582.00
853.590247,17892.66,582.00
853.691319,17892.66,582.00
853.792093,17892.66,582.00
853.893010,17892.66,582.00
853.994084,17892.66,582.00
854.094803,17892.66,582.00
854.195767,17892.66,582.00
854.296457,17892.66,582.00
854.397005,17892.66,562.00
854.497424,17892.66,582.00
854.597932,17892.66,562.00
854.698602,17892.66,562.00
854.799086,17892.66,582.00
854.899697,17892.66,584.00
855.000440,17892.66,562.00
855.100956,17892.66,582.00
855.201460,17892.66,582.00
855.302235,17897.29,584.00
855.402912,17915.84,564.00
855.503414,17929.74,584.00
855.604095,17929.74,584.00
855.704587,17929.74,584.00
855.805261,17929.74,584.00
855.905799,17929.74,584.00
856.006744,17929.74,584.00
856.107649,17929.74,584.00
856.208408,17929.74,584.00
856.309405,17929.74,584.00
856.410263,17929.74,584.00
856.510974,17929.74,584.00
856.612389,17929.74,584.00
856.713491,17929.74,584.00
856.814579,17929.74,584.00
856.915258,17929.74,584.00
857.015924,17929.74,584.00
857.116393,17929.74,584.00
857.216913,17929.74,584.00
857.317432,17929.74,584.00
857.417919,17929.74,584.00
857.518402,17929.74,584.00
857.618907,17929.74,544.00
857.719455,17929.74,584.00
857.820039,17929.74,584.00
857.920663,17929.74,564.00
858.021259,17929.74,564.00
858.121850,17929.74,584.00
858.222498,17929.74,584.00
858.323885,17929.74,584.00
858.424702,17929.74,584.00
858.525402,17929.74,584.00
858.626130,17929.74,584.00
858.726900,17929.74,584.00
858.828166,17929.74,584.00
858.929055,17929.74,584.00
859.029975,17929.74,584.00
859.131328,17929.74,584.00
859.232355,17929.74,584.00
859.333157,17929.74,584.00
859.434508,17929.74,584.00
859.535469,17929.74,584.00
859.636292,17929.74,584.00
859.737059,17929.74,584.00
859.838000,17929.74,584.00
859.939210,17929.74,584.00
860.040035,17929.74,584.00
860.141011,17929.74,584.00
860.241807,17929.74,584.00
860.342410,17929.74,564.00
860.442919,17929.74,544.00
860.543379,17929.74,586.00
860.643893,17929.74,586.00
860.744396,17929.74,584.00
860.844930,17929.74,584.00
860.945638,17929.74,586.00
861.046210,17929.74,586.00
861.146760,17929.74,566.00
861.247260,17929.74,586.00
861.347830,17929.74,586.00
861.448333,17929.74,566.00
861.548865,17929.74,586.00
861.649574,17929.74,586.00
861.750097,17929.74,586.00
861.850638,17929.74,586.00
861.951263,17929.74,586.00
862.052343,17929.74,608.00
862.153665,17929.74,608.00
862.254592,17929.74,608.00
862.355501,17929.74,608.00
862.456683,17929.74,608.00
862.557992,17929.74,608.00
862.659158,17929.74,608.00
862.760045,17929.74,608.00
862.860981,17929.74,608.00
862.962138,17929.74,608.00
863.063183,17929.74,608.00
863.164200,17929.74,608.00
863.265152,17929.74,608.00
863.366844,17929.74,608.00
863.468263,17929.74,608.00
863.569070,17929.74,608.00
863.669932,17929.74,608.00
863.770777,17929.74,608.00
863.872223,17929.74,608.00
863.972824,17929.74,680.00
864.073281,17929.74,742.00
864.173805,17929.74,760.00
864.274311,17929.74,740.00
864.374778,17929.74,766.00
864.475264,17929.74,740.00
864.575740,17929.74,740.00
864.676361,17929.74,718.00
864.776868,17929.74,742.00
864.877384,17929.74,740.00
864.977862,17929.74,718.00
865.078348,17929.74,740.00
865.178796,17929.74,764.00
865.279397,17929.74,742.00
865.379906,17929.74,718.00
865.480478,17929.74,718.00
865.581017,17929.74,696.00
865.681467,17929.74,746.00
865.781962,17929.74,770.00
865.882523,17929.74,744.00
865.983109,17929.74,722.00
866.083581,17929.74,746.00
866.184175,17929.74,766.00
866.284770,17929.74,724.00
866.385371,17929.74,724.00
866.485884,17929.74,724.00
866.586465,17929.74,724.00
866.686964,17883.51,724.00
866.787478,17883.51,724.00
866.888112,17883.51,724.00
866.989411,17883.51,724.00
867.090294,17883.51,724.00
867.191039,17883.51,724.00
867.292095,17883.51,724.00
867.393036,17883.51,724.00
867.494394,17883.51,724.00
867.596596,17883.51,724.00
867.698794,17883.51,724.00
867.799717,17883.51,724.00
867.900995,17883.51,724.00
868.002222,17883.51,724.00
868.103280,17883.51,724.00
868.204661,17883.51,724.00
868.306083,17883.51,724.00
868.407646,17883.51,724.00
868.509480,17883.51,724.00
868.610482,17883.51,724.00
868.711433,17883.51,724.00
868.812255,17883.51,724.00
868.913107,17883.51,724.00
869.013717,17883.51,562.00
869.114222,17883.51,582.00
869.214745,17883.51,582.00
869.315299,17883.51,582.00
869.415773,17883.51,582.00
869.516277,17883.51,582.00
869.617191,17883.51,582.00
869.717966,17883.51,562.00
869.818738,17883.51,562.00
869.919420,17883.51,562.00
870.020101,17883.51,562.00
870.120933,17883.51,582.00
870.222115,17883.51,582.00
870.322647,17883.51,582.00
870.423197,17883.51,582.00
870.523888,17883.51,582.00
870.624710,17883.51,582.00
870.725995,17883.51,582.00
870.826817,17883.51,582.00
870.928047,17883.51,582.00
871.029029,17883.51,582.00
871.129703,17883.51,582.00
871.230367,17883.51,582.00
871.333115,17883.51,582.00
871.434151,17883.51,582.00
871.535046,17883.51,582.00
871.635632,17883.51,584.00
871.736208,17883.51,584.00
871.836725,17883.51,584.00
871.937210,17883.51,584.00
872.037750,17883.51,584.00
872.138238,17883.51,584.00
872.238760,17883.51,544.00
872.339326,17883.51,584.00
872.439801,17883.51,586.00
872.540323,17883.51,584.00
872.640929,17883.51,584.00
872.741655,17883.51,584.00
872.842577,17883.51,584.00
872.943790,17883.51,584.00
873.045121,17883.51,584.00
873.146036,17883.51,584.00
873.247466,17883.51,584.00
873.348851,17883.51,584.00
873.449663,17883.51,584.00
873.550529,17883.51,584.00
873.651336,17883.51,584.00
873.752739,17883.51,584.00
873.853904,17883.51,584.00
873.954811,17883.51,584.00
874.056181,17883.51,584.00
874.157144,17883.51,584.00
874.258118,17883.51,584.00
874.358895,17883.51,584.00
874.459769,17883.51,584.00
874.561206,17883.51,584.00
874.662364,17883.51,584.00
874.763782,17883.51,584.00
874.864903,17883.51,584.00
874.965477,17883.51,566.00
875.066070,17883.51,566.00
875.166517,17883.51,586.00
875.267041,17883.51,586.00
875.367627,17883.51,586.00
875.468197,17883.51,588.00
875.568666,17883.51,588.00
875.669357,17906.56,588.00
875.770101,17925.11,588.00
875.870609,17934.38,584.00
875.971341,17962.20,566.00
876.071843,17977.39,588.00
876.172356,17985.38,564.00
876.273246,17985.38,564.00
876.373978,17985.38,564.00
876.474538,17985.38,564.00
876.575169,17985.38,564.00
876.675966,17985.38,564.00
876.776886,17985.38,564.00
876.878130,17985.38,564.00
876.979536,17985.38,564.00
877.080541,17985.38,564.00
877.181752,17985.38,564.00
877.282654,17985.38,564.00
877.383677,17985.38,564.00
877.484573,17985.38,564.00
877.585356,17985.38,564.00
877.686098,17985.38,564.00
877.787208,17985.38,564.00
877.888046,17985.38,564.00
877.989031,17985.38,564.00
878.090477,17985.38,564.00
878.191297,17985.38,564.00
878.292122,17985.38,564.00
878.393203,17985.38,564.00
878.494034,17985.38,564.00
878.594985,17985.38,564.00
878.696435,17985.38,564.00
878.797059,17985.38,682.00
878.897507,17985.38,704.00
878.998121,17985.38,684.00
879.098692,17985.38,704.00
879.199299,17985.38,684.00
879.299783,17985.38,684.00
879.400230,17985.38,704.00
879.500869,17985.38,704.00
879.601387,17985.38,664.00
879.702093,17985.38,684.00
879.802617,17985.38,684.00
879.903194,17985.38,684.00
880.003701,17985.38,664.00
880.104217,17985.38,684.00
880.204727,17985.38,684.00
880.305310,17985.38,666.00
880.405857,17985.38,706.00
880.506499,17985.38,686.00
880.607009,17985.38,684.00
880.707579,17985.38,684.00
880.808173,17985.38,684.00
880.908716,17985.38,684.00
881.009276,17985.38,684.00
881.109896,17985.38,684.00
881.210654,17985.38,684.00
881.311839,17985.38,684.00
881.412560,17985.38,684.00
881.513439,17985.38,684.00
881.614742,17985.38,684.00
881.715998,17985.38,684.00
881.816631,17985.38,582.00
881.917109,17985.38,582.00
882.017635,17985.38,562.00
882.118131,17985.38,562.00
882.218827,17985.38,562.00
882.319532,17985.38,562.00
882.420171,17985.38,562.00
882.520927,17985.38,562.00
882.621580,17985.38,562.00
882.722270,17985.38,562.00
882.822919,17985.38,562.00
882.923566,17985.38,562.00
883.024827,17985.38,562.00
883.125747,17985.38,562.00
883.226707,17985.38,562.00
883.327453,17985.38,562.00
883.428077,17985.38,562.00
883.529049,17985.38,562.00
883.629869,17985.38,582.00
883.730529,17985.38,562.00
883.831103,17985.38,562.00
883.931736,17985.38,562.00
884.032265,17985.38,562.00
884.132828,17985.38,562.00
884.233459,17985.38,562.00
884.334058,17985.38,562.00
884.434597,17985.38,562.00
884.535359,17985.38,562.00
884.635999,17985.38,562.00
884.736620,17985.38,562.00
884.837812,17985.38,562.00
884.938977,17985.38,562.00
885.040305,17985.38,562.00
885.141223,17985.38,562.00
885.242468,17985.38,562.00
885.343137,17985.38,562.00
885.443918,17985.38,562.00
885.545064,17985.38,562.00
885.645597,17985.38,582.00
885.746169,17985.38,562.00
885.846699,17985.38,562.00
885.947221,17985.38,562.00
886.047879,17985.38,562.00
886.148574,17985.38,562.00
886.249299,17985.38,562.00
886.350013,17985.38,562.00
886.450583,17985.38,562.00
886.551158,17985.38,564.00
886.651681,17985.38,562.00
886.752300,17985.38,562.00
886.852874,17985.38,562.00
886.953715,17985.38,562.00
887.054623,17985.38,562.00
887.155879,17985.38,562.00
887.256650,17985.38,562.00
887.357789,17985.38,562.00
887.458772,17985.38,562.00
887.559711,17985.38,562.00
887.660466,17985.38,562.00
887.761206,17985.38,562.00
887.861870,17985.38,562.00
887.962881,17985.38,562.00
888.063434,17985.38,582.00
888.163914,17985.38,582.00
888.264410,17985.38,562.00
888.364960,17985.38,562.00
888.465456,17985.38,562.00
888.566096,17985.38,562.00
888.666696,17985.38,562.00
888.767230,17985.38,562.00
888.867717,17985.38,562.00
888.968213,17985.38,562.00
889.068756,17985.38,562.00
889.169410,17985.38,562.00
889.270471,17985.38,562.00
889.371488,17985.38,562.00
889.472261,17985.38,562.00
889.573151,17985.38,562.00
889.674219,17985.38,562.00
889.775064,17985.38,562.00
889.875748,17985.38,562.00
889.976398,17985.38,562.00
890.077176,17985.38,542.00
890.177756,17985.38,562.00
890.278241,17985.38,562.00
890.378762,17985.38,562.00
890.479244,17985.38,562.00
890.579721,17985.38,562.00
890.680237,17985.38,562.00
890.780764,17985.38,562.00
890.881258,17985.38,562.00
890.981792,17985.38,562.00
891.082324,17985.38,562.00
891.183558,17985.38,562.00
891.284474,17985.38,562.00
891.385160,17985.38,562.00
891.485911,17985.38,562.00
891.586993,17985.38,562.00
891.688074,17985.38,562.00
891.789097,17985.38,562.00
891.890276,17985.38,562.00
891.990987,17985.38,562.00
892.091504,17985.38,582.00
892.192062,17985.38,582.00
892.292638,17985.38,562.00
892.393154,17985.38,562.00
892.493731,17985.38,562.00
892.594277,17985.38,562.00
892.694820,17985.38,562.00
892.795293,17985.38,562.00
892.895866,17985.38,562.00
892.996344,17985.38,562.00
893.096809,17985.38,562.00
893.197733,17985.38,562.00
893.298491,17985.38,562.00
893.399616,17985.38,562.00
893.506601,17985.38,562.00
893.607555,17985.38,562.00
893.708205,17985.38,562.00
893.809324,17985.38,562.00
893.910302,17985.38,562.00
894.011543,17985.38,562.00
894.112245,17985.38,562.00
894.213625,17985.38,562.00
894.314529,17985.38,562.00
894.415587,17985.38,562.00
894.516784,17985.38,562.00
894.617408,17985.38,584.00
894.717922,17985.38,562.00
894.818485,17985.38,584.00
894.919024,17985.38,562.00
895.019578,17985.38,562.00
895.120187,17985.38,542.00
895.220757,17985.38,562.00
895.321283,17985.38,584.00
895.421818,17985.38,584.00
895.522283,17985.38,584.00
895.622775,17985.38,584.00
895.723388,17985.38,584.00
895.823941,17985.38,584.00
895.924532,17985.38,584.00
896.025559,17985.38,584.00
896.126337,17985.38,584.00
896.227134,17985.38,584.00
896.328155,17985.38,584.00
896.428981,17985.38,584.00
896.529793,17985.38,584.00
896.630679,17985.38,584.00
896.732027,17985.38,584.00
896.833629,17985.38,584.00
896.934427,17985.38,584.00
897.035293,17985.38,584.00
897.136122,17985.38,584.00
897.236777,17985.38,584.00
897.337369,17985.38,562.00
897.437951,17985.38,562.00
897.538503,17985.38,562.00
897.639090,17985.38,562.00
897.739753,17985.38,562.00
897.840304,17985.38,562.00
897.940796,17985.38,562.00
898.041289,17985.38,562.00
898.141806,17985.38,562.00
898.242470,17985.38,562.00
898.343124,17985.38,562.00
898.443698,17985.38,562.00
898.544461,17985.38,562.00
898.645210,17985.38,562.00
898.746467,17985.38,562.00
898.847447,17985.38,562.00
898.948244,17985.38,562.00
899.049404,17985.38,562.00
899.150343,17985.38,562.00
899.251586,17985.38,562.00
899.352277,17985.38,582.00
899.452784,17985.38,582.00
899.553293,17985.38,562.00
899.653837,17985.38,562.00
899.754323,17985.38,562.00
899.854854,17985.38,562.00
899.955371,17985.38,562.00
900.056180,17985.38,562.00
900.156706,17985.38,562.00
900.257288,17985.38,562.00
900.357808,17985.38,562.00
900.458367,17985.38,562.00
900.559678,17985.38,562.00
900.661227,17985.38,562.00
900.762226,17985.38,562.00
900.863346,17985.38,562.00
900.964104,17985.38,562.00
901.065428,17985.38,562.00
901.167028,17985.38,562.00
901.268389,17985.38,562.00
901.369722,17985.38,562.00
901.470418,17985.38,562.00
901.571305,17985.38,562.00
901.671904,17985.38,582.00
901.772392,17985.38,582.00
901.872896,17985.38,562.00
901.973490,17985.38,562.00
902.074031,17985.38,562.00
902.174620,17985.38,562.00
902.275113,17985.38,562.00
902.375710,17985.38,562.00
902.476604,17985.38,562.00
902.577389,17985.38,562.00
902.678150,17985.38,562.00
902.778830,17985.38,562.00
902.879485,17985.38,562.00
902.980731,17985.38,562.00
903.081635,17985.38,562.00
903.182486,17985.38,562.00
903.283343,17985.38,562.00
903.384288,17985.38,562.00
903.485030,17985.38,562.00
903.585817,17985.38,562.00
903.686602,17985.38,562.00
903.787455,17985.38,562.00
903.888698,17985.38,562.00
903.989578,17985.38,562.00
904.090777,17985.38,562.00
904.191661,17985.38,562.00
904.292722,17985.38,562.00
904.393639,17985.38,562.00
904.494533,17985.38,562.00
904.595825,17985.38,562.00
904.696795,17985.38,562.00
904.797616,17985.38,562.00
904.898324,17985.38,562.00
904.999075,17985.38,562.00
905.100280,17985.38,562.00
905.201098,17985.38,562.00
905.301932,17985.38,562.00
905.402474,17985.38,584.00
905.502988,17985.38,564.00
905.603460,17985.38,564.00
905.703998,17985.38,562.00
905.804614,17985.38,564.00
905.905088,17985.38,562.00
906.005607,17985.38,564.00
906.106163,17985.38,564.00
906.206676,17985.38,564.00
906.307158,17985.38,564.00
906.407722,17985.38,562.00
906.508324,17985.38,562.00
906.608895,17985.38,562.00
906.709606,17985.38,562.00
906.810470,17985.38,562.00
906.911049,17985.38,562.00
907.011890,17985.38,562.00
907.113355,17985.38,562.00
907.214443,17985.38,562.00
907.315748,17985.38,562.00
907.416594,17985.38,562.00
907.517446,17985.38,562.00
907.618773,17985.38,562.00
907.719773,17985.38,562.00
907.821121,17985.38,562.00
907.922385,17985.38,562.00
908.023037,17985.38,584.00
908.123612,17985.38,564.00
908.224139,17985.38,564.00
908.324656,17939.14,564.00
908.425211,17939.14,564.00
908.525745,17939.14,566.00
908.626277,17939.14,584.00
908.727063,17939.14,564.00
908.827590,17939.14,564.00
908.928151,17939.14,564.00
909.028630,17939.14,584.00
909.129302,17939.14,564.00
909.229951,17939.14,564.00
909.330531,17939.14,564.00
909.431849,17939.14,564.00
909.532702,17939.14,564.00
909.633741,17939.14,564.00
909.734548,17939.14,564.00
909.835884,17939.14,564.00
909.937003,17939.14,564.00
910.038041,17939.14,564.00
910.138744,17939.14,564.00
910.239685,17939.14,564.00
910.340624,17939.14,564.00
910.444146,17939.14,564.00
910.544927,17939.14,564.00
910.646180,17939.14,564.00
910.747289,17939.14,564.00
910.848131,17939.14,564.00
910.952217,17939.14,564.00
911.053429,17939.14,564.00
911.157401,17939.14,564.00
911.258428,17939.14,564.00
911.359528,17939.14,564.00
911.460370,17939.14,564.00
911.561704,17939.14,564.00
911.662931,17939.14,564.00
911.763505,17939.14,586.00
911.864059,17939.14,586.00
911.964584,17939.14,568.00
912.065225,17939.14,586.00
912.165785,17939.14,588.00
912.266291,17939.14,546.00
912.366897,17939.14,566.00
912.467405,17939.14,566.00
912.567924,17939.14,566.00
912.668794,17939.14,566.00
912.769598,17939.14,586.00
912.870292,17939.14,586.00
912.971261,17939.14,586.00
913.071965,17939.14,586.00
913.172787,17939.14,586.00
913.273526,17939.14,586.00
913.374365,17939.14,586.00
913.475124,17939.14,586.00
913.576300,17939.14,608.00
913.678366,17939.14,608.00
913.779206,17939.14,608.00
913.881352,17939.14,608.00
913.982188,17939.14,608.00
914.082996,17939.14,608.00
914.183711,17939.14,608.00
914.284738,17939.14,608.00
914.387208,17939.14,608.00
914.490359,17939.14,608.00
914.591132,17939.14,608.00
914.691852,17939.14,608.00
914.792610,17939.14,608.00
914.893525,17939.14,608.00
914.997724,17939.14,608.00
915.098877,17939.14,608.00
915.200077,17939.14,608.00
915.301641,17939.14,608.00
915.402466,17939.14,608.00
915.503715,17939.14,608.00
915.604726,17939.14,608.00
915.705591,17939.14,608.00
915.806969,17939.14,608.00
915.907556,17939.14,746.00
916.008276,17939.14,740.00
916.109006,17939.14,700.00
916.209658,17939.14,742.00
916.310203,17939.14,742.00
916.410700,17939.14,702.00
916.511225,17939.14,660.00
916.611750,17939.14,742.00
916.712309,17939.14,720.00
916.812783,17939.14,700.00
916.913307,17939.14,746.00
917.013962,17939.14,742.00
917.114444,17939.14,744.00
917.215023,17939.14,680.00
917.315496,17939.14,746.00
917.416048,17939.14,768.00
917.516572,17939.14,720.00
917.617045,17939.14,702.00
917.717520,17939.14,748.00
917.818098,17939.14,768.00
917.918630,17939.14,748.00
918.019139,17939.14,748.00
918.119678,17939.14,768.00
918.220259,17939.14,704.00
918.320785,17939.14,704.00
918.421447,17939.14,704.00
918.522068,17939.14,704.00
918.622730,17939.14,704.00
918.723454,17939.14,704.00
918.824160,17939.14,704.00
918.925382,17939.14,704.00
919.026445,17939.14,704.00
919.127698,17939.14,704.00
919.228540,17939.14,704.00
919.329548,17939.14,704.00
919.430355,17939.14,704.00
919.531201,17939.14,704.00
919.631942,17939.14,704.00
919.732788,17939.14,704.00
919.833707,17939.14,704.00
919.934678,17939.14,704.00
920.035855,17939.14,704.00
920.137189,17939.14,704.00
920.238835,17939.14,704.00
920.341245,17939.14,704.00
920.442517,17939.14,704.00
920.543498,17939.14,704.00
920.644484,17939.14,704.00
920.745402,17939.14,704.00
920.846643,17939.14,704.00
920.947745,17939.14,704.00
921.049169,17939.14,704.00
921.149906,17939.14,582.00
921.250398,17939.14,582.00
921.350901,17939.14,582.00
921.451429,17939.14,582.00
921.551984,17939.14,582.00
921.652498,17939.14,562.00
921.753013,17939.14,582.00
921.853558,17939.14,582.00
921.954116,17939.14,582.00
922.054749,17939.14,582.00
922.155259,17939.14,562.00
922.255866,17939.14,562.00
922.356483,17939.14,562.00
922.457210,17939.14,562.00
922.558103,17939.14,562.00
922.658853,17939.14,562.00
922.760275,17939.14,562.00
922.861246,17939.14,562.00
922.962811,17939.14,562.00
923.064031,17939.14,562.00
923.164821,17939.14,562.00
923.266118,17939.14,562.00
923.367315,17939.14,562.00
923.468660,17939.14,562.00
923.569375,17939.14,584.00
923.670073,17939.14,566.00
923.770626,17939.14,584.00
923.871250,17939.14,586.00
923.971730,17939.14,586.00
924.072219,17939.14,566.00
924.172713,17939.14,586.00
924.273291,17939.14,566.00
924.373779,17939.14,586.00
924.474443,17939.14,586.00
924.574951,17939.14,586.00
924.675569,17939.14,586.00
924.776171,17939.14,586.00
924.877089,17939.14,586.00
924.977950,17939.14,586.00
925.078982,17939.14,586.00
925.179794,17939.14,586.00
925.280661,17939.14,586.00
925.387024,17939.14,586.00
925.487883,17939.14,586.00
925.588904,17939.14,586.00
925.689645,17939.14,586.00
925.790553,17939.14,586.00
925.891746,17939.14,586.00
925.992547,17939.14,586.00
926.093455,17939.14,586.00
926.194362,17939.14,586.00
926.295350,17939.14,586.00
926.396746,17939.14,586.00
926.497634,17939.14,586.00
926.598729,17939.14,586.00
926.699941,17939.14,586.00
926.800927,17939.14,586.00
926.901982,17939.14,586.00
927.003035,17939.14,586.00
927.104331,17939.14,586.00
927.205636,17939.14,586.00
927.306617,17939.14,586.00
927.407155,17939.14,586.00
927.507630,17939.14,588.00
927.608389,17939.14,566.00
927.709143,17939.14,586.00
927.809620,17939.14,588.00
927.910166,17939.14,588.00
928.010664,17939.14,588.00
928.111201,17939.14,588.00
928.211848,17939.14,566.00
928.312529,17939.14,586.00
928.413087,17939.14,588.00
928.513580,17939.14,566.00
928.614354,17939.14,586.00
928.714950,17939.14,586.00
928.815617,17939.14,586.00
928.916162,17939.14,586.00
929.016692,17939.14,586.00
929.117755,17939.14,586.00
929.219005,17939.14,586.00
929.319749,17939.14,586.00
929.420816,17939.14,586.00
929.521766,17939.14,586.00
929.622808,17939.14,586.00
929.723525,17939.14,586.00
929.824235,17939.14,586.00
929.925532,17939.14,586.00
930.026578,17939.14,586.00
930.127819,17939.14,586.00
930.228868,17939.14,586.00
930.330133,17939.14,586.00
930.431121,17939.14,586.00
930.532257,17939.14,586.00
930.633349,17939.14,586.00
930.734097,17939.14,586.00
930.835242,17939.14,586.00
930.936145,17939.14,586.00
931.036858,17939.14,586.00
931.137785,17939.14,586.00
931.238834,17939.14,586.00
931.339885,17939.14,586.00
931.440662,17939.14,586.00
931.541191,17939.14,682.00
931.641705,17939.14,684.00
931.742234,17939.14,682.00
931.842802,17939.14,704.00
931.943331,17939.14,662.00
932.043996,17939.14,662.00
932.144532,17939.14,724.00
932.245106,17939.14,682.00
932.346041,17939.14,684.00
932.446850,17939.14,642.00
932.547345,17939.14,704.00
932.647845,17939.14,704.00
932.748330,17939.14,724.00
932.848874,17939.14,658.00
932.949364,17939.14,704.00
933.050145,17939.14,662.00
933.150980,17939.14,642.00
933.251498,17939.14,682.00
933.352158,17939.14,662.00
933.452730,17939.14,662.00
933.553323,17939.14,662.00
933.653891,17892.55,662.00
933.754400,17892.55,662.00
933.855112,17892.55,662.00
933.956501,17892.55,662.00
934.057714,17892.55,662.00
934.159770,17892.55,662.00
934.260609,17892.55,662.00
934.361748,17892.55,662.00
934.462991,17892.55,662.00
934.563907,17892.55,662.00
934.664447,17892.55,582.00
934.764966,17892.55,582.00
934.865511,17892.55,584.00
934.966061,17892.55,584.00
935.066614,17892.55,582.00
935.167201,17892.55,582.00
935.267684,17892.55,562.00
935.368172,17892.55,582.00
935.468829,17892.55,562.00
935.569413,17892.55,562.00
935.670046,17892.55,584.00
935.770610,17892.55,584.00
935.871871,17892.55,584.00
935.972619,17892.55,584.00
936.073443,17892.55,584.00
936.174230,17892.55,584.00
936.275363,17892.55,584.00
936.376161,17892.55,584.00
936.476811,17892.55,582.00
936.577348,17892.55,562.00
936.678012,17892.55,582.00
936.778505,17892.55,582.00
936.879256,17892.55,582.00
936.979785,17892.55,582.00
937.080277,17892.55,582.00
937.181099,17892.55,582.00
937.281665,17892.55,562.00
937.382335,17892.55,582.00
937.483056,17892.55,584.00
937.584064,17892.55,584.00
937.685070,17892.55,584.00
937.786487,17892.55,584.00
937.887861,17892.55,584.00
937.989446,17892.55,584.00
938.091053,17892.55,584.00
938.192101,17892.55,584.00
938.293308,17892.55,584.00
938.394008,17892.55,582.00
938.494541,17892.55,562.00
938.595138,17892.55,562.00
938.695553,17892.55,582.00
938.796147,17892.55,582.00
938.896626,17892.55,562.00
938.997177,17892.55,582.00
939.097662,17892.55,582.00
939.198212,17892.55,562.00
939.298694,17892.55,582.00
939.399275,17892.55,584.00
939.499771,17892.55,584.00
939.600717,17892.55,584.00
939.701552,17892.55,584.00
939.802931,17892.55,584.00
939.903791,17892.55,584.00
940.004632,17892.55,584.00
940.106059,17892.55,584.00
940.207634,17892.55,584.00
940.309135,17892.55,584.00
940.409979,17892.55,584.00
940.510534,17892.55,582.00
940.611126,17892.55,582.00
940.711616,17892.55,582.00
940.812275,17892.55,582.00
940.912738,17892.55,582.00
941.013246,17892.55,582.00
941.113713,17892.55,584.00
941.214257,17892.55,582.00
941.314752,17892.55,582.00
941.415310,17892.55,584.00
941.515907,17892.55,584.00
941.616611,17892.55,584.00
941.717568,17892.55,584.00
941.818413,17892.55,584.00
941.919209,17892.55,584.00
942.020012,17892.55,584.00
942.121434,17892.55,584.00
942.222833,17892.55,584.00
942.323904,17892.55,584.00
942.424532,17892.55,562.00
942.525021,17892.55,562.00
942.625589,17892.55,584.00
942.726070,17892.55,582.00
942.826534,17892.55,582.00
942.927125,17892.55,584.00
943.027676,17892.55,584.00
943.128127,17892.55,584.00
943.228794,17892.55,582.00
943.329327,17892.55,584.00
943.429979,17892.55,584.00
943.531382,17892.55,584.00
943.632284,17892.55,584.00
943.733885,17892.55,584.00
943.834909,17892.55,584.00
943.936410,17892.55,584.00
944.037835,17892.55,584.00
944.138624,17892.55,584.00
944.239199,17892.55,562.00
944.339894,17892.55,582.00
944.440434,17892.55,582.00
944.541073,17892.55,562.00
944.641699,17892.55,582.00
944.742253,17892.55,562.00
944.842764,17892.55,582.00
944.943415,17892.55,582.00
945.044340,17892.55,582.00
945.144818,17892.55,584.00
945.245536,17892.55,584.00
945.347440,17892.55,584.00
945.448786,17892.55,584.00
945.549971,17892.55,584.00
945.650896,17892.55,584.00
945.751687,17892.55,584.00
945.852459,17892.55,584.00
945.953255,17892.55,584.00
946.054216,17892.55,584.00
946.155279,17892.55,584.00
946.256166,17892.55,584.00
946.357185,17892.55,584.00
946.458485,17892.55,584.00
946.559192,17892.55,582.00
946.659619,17892.55,584.00
946.760088,17892.55,584.00
946.860645,17892.55,584.00
946.961116,17892.55,584.00
947.061583,17892.55,584.00
947.162050,17892.55,584.00
947.262477,17892.55,584.00
947.362978,17892.55,582.00
947.463493,17892.55,584.00
947.563981,17892.55,564.00
947.664656,17892.55,564.00
947.765348,17892.55,564.00
947.866054,17892.55,564.00
947.966807,17892.55,564.00
948.067710,17892.55,564.00
948.168458,17892.55,564.00
948.269203,17892.55,564.00
948.370043,17892.55,564.00
948.471435,17892.55,564.00
948.572290,17892.55,564.00
948.673549,17892.55,564.00
948.775143,17892.55,564.00
948.876328,17892.55,564.00
948.977393,17892.55,564.00
949.077963,17892.55,562.00
949.178448,17892.55,582.00
949.278968,17892.55,542.00
949.379466,17892.55,582.00
949.480076,17892.55,562.00
949.580617,17892.55,582.00
949.681283,17892.55,582.00
949.781765,17892.55,582.00
949.882252,17892.55,582.00
949.982837,17892.55,562.00
950.083370,17892.55,584.00
950.184026,17892.55,584.00
950.284640,17892.55,584.00
950.385629,17892.55,584.00
950.486494,17892.55,584.00
950.587820,17892.55,584.00
950.688893,17892.55,584.00
950.789999,17892.55,584.00
950.890864,17892.55,584.00
950.991635,17892.55,584.00
951.093215,17892.55,584.00
951.193906,17770.08,582.00
951.294400,17770.08,542.00
951.394878,17770.08,582.00
951.495375,17770.08,582.00
951.595872,17770.08,582.00
951.696338,17770.08,542.00
951.796851,17770.08,582.00
951.897433,17770.08,582.00
951.997984,17770.08,582.00
952.098484,17770.08,584.00
952.199145,17770.08,584.00
952.299804,17770.08,584.00
952.401009,17770.08,584.00
952.501877,17770.08,584.00
952.603067,17770.08,584.00
952.703829,17770.08,584.00
952.805035,17770.08,584.00
952.905913,17770.08,584.00
953.007086,17770.08,584.00
953.107807,17770.08,584.00
953.208601,17770.08,584.00
953.309538,17770.08,584.00
953.411109,17770.08,584.00
953.512545,17770.08,584.00
953.613360,17770.08,584.00
953.713909,17770.08,562.00
953.814403,17770.08,582.00
953.915009,17770.08,582.00
954.015457,17770.08,582.00
954.115975,17770.08,582.00
954.216444,17770.08,582.00
954.316993,17770.08,562.00
954.417481,17770.08,582.00
954.517992,17770.08,582.00
954.618449,17770.08,582.00
954.718892,17770.08,584.00
954.819440,17770.08,584.00
954.920048,17770.08,584.00
955.020949,17770.08,584.00
955.122233,17770.08,584.00
955.223450,17770.08,584.00
955.324280,17770.08,584.00
955.424955,17770.08,584.00
955.525746,17770.08,584.00
955.626993,17770.08,584.00
955.728140,17770.08,584.00
955.829172,17770.08,584.00
955.930358,17770.08,584.00
956.031214,17770.08,584.00
956.132431,17770.08,584.00
956.233266,17770.08,584.00
956.334145,17770.08,584.00
956.436457,17770.08,584.00
956.537338,17770.08,584.00
956.638110,17770.08,584.00
956.738836,17770.08,584.00
956.839836,17770.08,584.00
956.940799,17770.08,584.00
957.041494,17770.08,584.00
957.142430,17770.08,584.00
957.243593,17770.08,584.00
957.344312,17779.23,584.00
957.444823,17779.23,584.00
957.545258,17779.23,584.00
957.645846,17779.23,584.00
957.746314,17779.23,584.00
957.847022,17788.50,582.00
957.947772,17797.77,542.00
958.048405,17825.59,584.00
958.149115,17858.04,562.00
958.249967,17885.85,584.00
958.350542,17899.76,584.00
958.451080,17909.03,584.00
958.551712,17909.03,584.00
958.652206,17909.03,584.00
958.752725,17909.03,584.00
958.853518,17909.03,584.00
958.954371,17909.03,584.00
959.055770,17909.03,584.00
959.156844,17909.03,584.00
959.257732,17909.03,584.00
959.358467,17909.03,584.00
959.459218,17909.03,584.00
959.560099,17909.03,584.00
959.661403,17909.03,584.00
959.762361,17909.03,584.00
959.863273,17909.03,584.00
959.964596,17909.03,584.00
960.065390,17909.03,584.00
960.165957,17909.03,564.00
960.266402,17909.03,584.00
960.366989,17909.03,584.00
960.467512,17909.03,564.00
960.568093,17909.03,564.00
960.668648,17909.03,564.00
960.769207,17909.03,586.00
960.869797,17909.03,586.00
960.970350,17909.03,586.00
961.071019,17909.03,586.00
961.171830,17909.03,566.00
961.272348,17909.03,586.00
961.372903,17909.03,586.00
961.473989,17909.03,586.00
961.575039,17909.03,586.00
961.676310,17909.03,586.00
961.777044,17909.03,586.00
961.878380,17909.03,586.00
961.979227,17909.03,586.00
962.080602,17909.03,586.00
962.181383,17909.03,586.00
962.282189,17909.03,586.00
962.383389,17909.03,586.00
962.485493,17909.03,586.00
962.586393,17909.03,586.00
962.687731,17909.03,586.00
962.789180,17909.03,586.00
962.889966,17909.03,586.00
962.990884,17909.03,586.00
963.092306,17909.03,586.00
963.193373,17909.03,586.00
963.294724,17909.03,586.00
963.395616,17909.03,586.00
963.496847,17909.03,586.00
963.597492,17909.03,584.00
963.698037,17909.03,586.00
963.798508,17909.03,586.00
963.899040,17909.03,586.00
963.999515,17909.03,584.00
964.100003,17909.03,588.00
964.200676,17909.03,588.00
964.301379,17909.03,568.00
964.401998,17909.03,568.00
964.502480,17909.03,586.00
964.603059,17909.03,586.00
964.703703,17909.03,586.00
964.804459,17909.03,586.00
964.905142,17909.03,586.00
965.005709,17909.03,586.00
965.106580,17909.03,586.00
965.207521,17909.03,586.00
965.308666,17909.03,608.00
965.409493,17909.03,608.00
965.510889,17909.03,608.00
965.611865,17909.03,608.00
965.712644,17909.03,608.00
965.814060,17909.03,608.00
965.915088,17909.03,608.00
966.016491,17909.03,608.00
966.117528,17909.03,608.00
966.218765,17909.03,608.00
966.320140,17909.03,608.00
966.420735,17909.03,608.00
966.521536,17909.03,608.00
966.623006,17909.03,608.00
966.724039,17909.03,608.00
966.825434,17909.03,608.00
966.926793,17909.03,608.00
967.027788,17909.03,608.00
967.128698,17909.03,608.00
967.230093,17909.03,608.00
967.331004,17909.03,608.00
967.431576,17909.03,696.00
967.532051,17909.03,740.00
967.632503,17909.03,716.00
967.732990,17909.03,702.00
967.833685,17909.03,694.00
967.934296,17909.03,716.00
968.034924,17909.03,696.00
968.135412,17909.03,720.00
968.235913,17909.03,746.00
968.336509,17909.03,744.00
968.437188,17909.03,744.00
968.537718,17909.03,768.00
968.638316,17909.03,700.00
968.738847,17909.03,722.00
968.839364,17909.03,678.00
968.939934,17909.03,726.00
969.040528,17909.03,744.00
969.141419,17909.03,766.00
969.242306,17909.03,718.00
969.343151,17909.03,696.00
969.443747,17909.03,746.00
969.544309,17909.03,702.00
969.644829,17909.03,702.00
969.745459,17909.03,702.00
969.846089,17909.03,702.00
969.946712,17909.03,702.00
970.047310,17909.03,702.00
970.147951,17909.03,702.00
970.248998,17909.03,702.00
970.350172,17909.03,702.00
970.451419,17909.03,702.00
970.552470,17909.03,702.00
970.653351,17909.03,702.00
970.754273,17909.03,702.00
970.855104,17909.03,702.00
970.956230,17909.03,702.00
971.057167,17909.03,702.00
971.158304,17909.03,702.00
971.259140,17909.03,702.00
971.359924,17909.03,702.00
971.462046,17909.03,702.00
971.564744,17909.03,702.00
971.665843,17909.03,702.00
971.766647,17909.03,702.00
971.868490,17909.03,702.00
971.971194,17909.03,702.00
972.071923,17909.03,702.00
972.174359,17909.03,702.00
972.275095,17909.03,702.00
972.379326,17909.03,702.00
972.480285,17909.03,702.00
972.581316,17909.03,702.00
972.682611,17909.03,702.00
972.783375,17909.03,702.00
972.884305,17909.03,702.00
972.984934,17909.03,562.00
973.085400,17909.03,582.00
973.185865,17909.03,582.00
973.286317,17909.03,582.00
973.386836,17909.03,582.00
973.487352,17909.03,582.00
973.587890,17909.03,582.00
973.688350,17909.03,564.00
973.788827,17909.03,584.00
973.889300,17909.03,584.00
973.989915,17909.03,584.00
974.090629,17909.03,584.00
974.191283,17909.03,584.00
974.291999,17909.03,584.00
974.392828,17909.03,584.00
974.494259,17909.03,584.00
974.595641,17909.03,584.00
974.696559,17909.03,584.00
974.797628,17909.03,584.00
974.899121,17909.03,584.00
975.000460,17909.03,584.00
975.101291,17909.03,584.00
975.202625,17909.03,584.00
975.304166,17909.03,586.00
975.404771,17909.03,584.00
975.505329,17909.03,586.00
975.605853,17909.03,586.00
975.706373,17909.03,586.00
975.806955,17909.03,586.00
975.907553,17909.03,586.00
976.008071,17909.03,586.00
976.108623,17909.03,586.00
976.209048,17909.03,586.00
976.309579,17909.03,586.00
976.410068,17909.03,544.00
976.510574,17909.03,544.00
976.611646,17909.03,544.00
976.712541,17909.03,544.00
976.813661,17909.03,544.00
976.914584,17909.03,544.00
977.015528,17909.03,544.00
977.116315,17909.03,544.00
977.217510,17909.03,544.00
977.318310,17909.03,544.00
977.419469,17909.03,544.00
977.520958,17909.03,544.00
977.622290,17909.03,544.00
977.723111,17909.03,544.00
977.824349,17909.03,544.00
977.925601,17909.03,544.00
978.026563,17909.03,544.00
978.127471,17909.03,544.00
978.228383,17909.03,544.00
978.329294,17909.03,544.00
978.430299,17909.03,544.00
978.531494,17909.03,544.00
978.634914,17909.03,544.00
978.735844,17909.03,586.00
978.836556,17909.03,566.00
978.937275,17909.03,566.00
979.037966,17909.03,586.00
979.138628,17909.03,586.00
979.239303,17909.03,586.00
979.340161,17909.03,586.00
979.440857,17909.03,566.00
979.541300,17913.67,568.00
979.641823,17936.85,588.00
979.742412,17950.75,566.00
979.843032,17950.75,566.00
979.943574,17950.75,566.00
980.044250,17950.75,566.00
980.144918,17950.75,566.00
980.245583,17950.75,566.00
980.349228,17950.75,566.00
980.449951,17950.75,566.00
980.550997,17950.75,566.00
980.651822,17950.75,566.00
980.753055,17950.75,566.00
980.854210,17950.75,566.00
980.955019,17950.75,566.00
981.055713,17950.75,566.00
981.156448,17950.75,566.00
981.257566,17950.75,566.00
981.358595,17950.75,566.00
981.459511,17950.75,566.00
981.560523,17950.75,566.00
981.661506,17950.75,566.00
981.762537,17950.75,566.00
981.863193,17950.75,566.00
981.963943,17950.75,566.00
982.064871,17950.75,566.00
982.165832,17950.75,566.00
982.266662,17950.75,566.00
982.368253,17950.75,566.00
982.481798,17950.75,566.00
982.582299,17950.75,706.00
982.682749,17950.75,706.00
982.783196,17950.75,706.00
982.883710,17950.75,706.00
982.984216,17950.75,686.00
983.084632,17950.75,706.00
983.185138,17950.75,686.00
983.285733,17950.75,684.00
983.386269,17950.75,664.00
983.486841,17950.75,704.00
983.587366,17950.75,704.00
983.687909,17950.75,704.00
983.788553,17950.75,704.00
983.889178,17950.75,722.00
983.989693,17950.75,722.00
984.090169,17950.75,722.00
984.190723,17950.75,700.00
984.291350,17950.75,700.00
984.392215,17950.75,700.00
984.493025,17950.75,700.00
984.593516,17950.75,700.00
984.694059,17950.75,700.00
984.794738,17950.75,700.00
984.896038,17950.75,700.00
984.997930,17950.75,700.00
985.099317,17950.75,700.00
985.200363,17950.75,700.00
985.301798,17950.75,700.00
985.402358,17950.75,560.00
985.502862,17950.75,582.00
985.603328,17950.75,562.00
985.704109,17950.75,582.00
985.804586,17950.75,584.00
985.905166,17950.75,562.00
986.005648,17950.75,564.00
986.106207,17950.75,584.00
986.206782,17950.75,542.00
986.307412,17950.75,582.00
986.408004,17950.75,582.00
986.508694,17950.75,582.00
986.609636,17950.75,582.00
986.710532,17950.75,582.00
986.811467,17950.75,582.00
986.912505,17950.75,582.00
987.013479,17950.75,582.00
987.114045,17950.75,562.00
987.214538,17950.75,582.00
987.315014,17950.75,582.00
987.415474,17950.75,582.00
987.516012,17950.75,562.00
987.616612,17950.75,582.00
987.717410,17950.75,582.00
987.818255,17950.75,582.00
987.918816,17950.75,582.00
988.019211,17950.75,562.00
988.119798,17950.75,582.00
988.220596,17950.75,582.00
988.321984,17950.75,582.00
988.422758,17950.75,582.00
988.523811,17950.75,582.00
988.624840,17950.75,582.00
988.725935,17950.75,582.00
988.827112,17950.75,582.00
988.927744,17950.75,582.00
989.028285,17950.75,562.00
989.128744,17950.75,582.00
989.229299,17950.75,584.00
989.329859,17950.75,562.00
989.430330,17950.75,582.00
989.530802,17950.75,584.00
989.631254,17950.75,562.00
989.731738,17950.75,562.00
989.832287,17950.75,582.00
989.932824,17950.75,582.00
990.033474,17950.75,582.00
990.134205,17950.75,582.00
990.235692,17950.75,582.00
990.336818,17950.75,582.00
990.438290,17950.75,582.00
990.539299,17950.75,582.00
990.640578,17950.75,582.00
990.741504,17950.75,582.00
990.842232,17950.75,582.00
990.943602,17950.75,582.00
991.044309,17950.75,582.00
991.144784,17950.75,582.00
991.245274,17950.75,582.00
991.345833,17950.75,582.00
991.446449,17950.75,562.00
991.547104,17950.75,542.00
991.647700,17950.75,562.00
991.748385,17950.75,582.00
991.848969,17950.75,562.00
991.949868,17950.75,562.00
992.050782,17950.75,582.00
992.151544,17950.75,582.00
992.252726,17950.75,582.00
992.353882,17950.75,582.00
992.455388,17950.75,582.00
992.556145,17950.75,582.00
992.656982,17950.75,582.00
992.758239,17950.75,582.00
992.859031,17950.75,582.00
992.960708,17950.75,582.00
993.061335,17950.75,584.00
993.161833,17950.75,562.00
993.262386,17950.75,564.00
993.362861,17950.75,584.00
993.463381,17950.75,582.00
993.563919,17950.75,584.00
993.664443,17950.75,582.00
993.765051,17950.75,582.00
993.865606,17950.75,582.00
993.966269,17950.75,562.00
994.066896,17950.75,582.00
994.167545,17950.75,582.00
994.268394,17950.75,582.00
994.369592,17950.75,582.00
994.470426,17950.75,582.00
994.571691,17950.75,582.00
994.672527,17950.75,582.00
994.773698,17950.75,582.00
994.874931,17950.75,582.00
994.975849,17950.75,582.00
995.076399,17950.75,582.00
995.177183,17950.75,542.00
995.277860,17950.75,542.00
995.378502,17950.75,582.00
995.479497,17950.75,562.00
995.580235,17950.75,582.00
995.680893,17950.75,562.00
995.781719,17950.75,562.00
995.882518,17950.75,582.00
995.983302,17950.75,582.00
996.084263,17950.75,582.00
996.185575,17950.75,582.00
996.286964,17950.75,582.00
996.388470,17950.75,582.00
996.489340,17950.75,582.00
996.590188,17950.75,582.00
996.691547,17950.75,582.00
996.792614,17950.75,582.00
996.893307,17950.75,582.00
996.994126,17950.75,582.00
997.095053,17950.75,582.00
997.196751,17950.75,582.00
997.297420,17950.75,584.00
997.397943,17885.98,584.00
997.498425,17885.98,584.00
997.598984,17885.98,564.00
997.699564,17885.98,584.00
997.800147,17885.98,584.00
997.900652,17885.98,584.00
998.001209,17885.98,564.00
998.101769,17885.98,564.00
998.202235,17885.98,564.00
998.302768,17885.98,564.00
998.403331,17885.98,564.00
998.503896,17885.98,564.00
998.605102,17885.98,564.00
998.706104,17885.98,564.00
998.807065,17885.98,564.00
998.908049,17885.98,564.00
999.008811,17885.98,564.00
999.109755,17885.98,564.00
999.210541,17885.98,564.00
999.311196,17885.98,564.00
999.412003,17885.98,564.00
999.513205,17885.98,564.00
999.614385,17885.98,564.00
999.715335,17885.98,564.00
999.816305,17885.98,564.00
999.917394,17885.98,564.00
1000.018104,17885.98,564.00
1000.118638,17885.98,582.00
1000.219138,17885.98,582.00
1000.319630,17885.98,582.00
1000.420205,17885.98,582.00
1000.520689,17885.98,582.00
1000.621122,17885.98,582.00
1000.721748,17885.98,582.00
1000.822342,17885.98,562.00
1000.922849,17885.98,582.00
1001.023465,17885.98,582.00
1001.124049,17885.98,582.00
1001.224708,17885.98,582.00
1001.325883,17885.98,582.00
1001.426872,17885.98,582.00
1001.527593,17885.98,582.00
1001.628368,17885.98,582.00
1001.729640,17885.98,582.00
1001.830571,17885.98,582.00
1001.932104,17885.98,582.00
1002.033388,17885.98,582.00
1002.133955,17885.98,582.00
1002.234402,17885.98,542.00
1002.334929,17885.98,582.00
1002.435583,17885.98,582.00
1002.536405,17885.98,562.00
1002.637104,17885.98,562.00
1002.737815,17885.98,582.00
1002.838528,17885.98,582.00
1002.939239,17885.98,582.00
1003.039909,17885.98,562.00
1003.140563,17885.98,582.00
1003.241296,17885.98,582.00
1003.342464,17885.98,582.00
1003.443524,17885.98,582.00
1003.544282,17885.98,582.00
1003.645074,17885.98,582.00
1003.746041,17885.98,582.00
1003.846783,17885.98,582.00
1003.947627,17885.98,582.00
1004.048869,17885.98,582.00
1004.149996,17885.98,582.00
1004.253047,17885.98,582.00
1004.353957,17885.98,582.00
1004.454956,17885.98,582.00
1004.555555,17885.98,582.00
1004.656177,17885.98,582.00
1004.756773,17885.98,562.00
1004.857334,17885.98,562.00
1004.957848,17885.98,562.00
1005.058377,17885.98,582.00
1005.158898,17885.98,582.00
1005.259457,17885.98,582.00
1005.360267,17885.98,582.00
1005.460839,17885.98,562.00
1005.561962,17885.98,582.00
1005.663056,17885.98,582.00
1005.763659,17885.98,582.00
1005.864862,17885.98,582.00
1005.965633,17885.98,582.00
1006.066459,17885.98,582.00
1006.167600,17885.98,582.00
1006.269079,17885.98,582.00
1006.369966,17885.98,582.00
1006.471384,17885.98,582.00
1006.572733,17885.98,582.00
1006.673731,17885.98,582.00
1006.774570,17885.98,582.00
1006.875823,17885.98,582.00
1006.977174,17885.98,582.00
1007.078041,17885.98,582.00
1007.179436,17885.98,582.00
1007.280981,17885.98,582.00
1007.381717,17885.98,582.00
1007.482452,17885.98,582.00
1007.583499,17885.98,582.00
1007.684245,17885.98,582.00
1007.785721,17885.98,582.00
1007.886520,17895.12,582.00
1007.987041,17895.12,564.00
1008.087610,17895.12,584.00
1008.188041,17895.12,584.00
1008.288517,17899.76,564.00
1008.388968,17946.12,584.00
1008.489434,17983.21,584.00
1008.589955,18015.66,584.00
1008.690446,18057.38,564.00
1008.790982,18094.47,584.00
1008.891524,18130.66,584.00
1008.992031,18145.46,584.00
1009.092561,18145.46,584.00
1009.193152,18145.46,584.00
1009.293952,18145.46,584.00
1009.394796,18145.46,584.00
1009.496336,18145.46,584.00
1009.597316,18145.46,584.00
1009.698030,18145.46,584.00
1009.798822,18145.46,584.00
1009.899746,18145.46,584.00
1010.000737,18145.46,584.00
1010.101499,18145.46,584.00
1010.202421,18145.46,584.00
1010.303142,18145.46,584.00
1010.404015,18145.46,584.00
1010.505360,18145.46,584.00
1010.606013,18145.46,584.00
1010.706626,18145.46,584.00
1010.807190,18145.46,584.00
1010.907683,18145.46,586.00
1011.008148,18145.46,584.00
1011.108647,18145.46,564.00
1011.209177,18145.46,586.00
1011.309644,18145.46,586.00
1011.410176,18145.46,564.00
1011.510696,18145.46,584.00
1011.611183,18145.46,584.00
1011.711737,18145.46,584.00
1011.812278,18145.46,584.00
1011.913538,18145.46,584.00
1012.015037,18145.46,584.00
1012.116619,18145.46,584.00
1012.218507,18145.46,584.00
1012.319914,18145.46,584.00
1012.420712,18145.46,584.00
1012.521479,18145.46,584.00
1012.622197,18145.46,584.00
1012.723533,18145.46,584.00
1012.825459,18145.46,584.00
1012.926360,18145.46,584.00
1013.027366,18145.46,584.00
1013.128625,18145.46,584.00
1013.229625,18145.46,584.00
1013.330464,18145.46,584.00
1013.431945,18145.46,584.00
1013.533364,18145.46,584.00
1013.635154,18145.46,584.00
1013.736525,18145.46,584.00
1013.837528,18145.46,584.00
1013.938334,18145.46,584.00
1014.038901,18145.46,564.00
1014.139389,18145.46,586.00
1014.239866,18145.46,586.00
1014.340337,18145.46,586.00
1014.440849,18145.46,586.00
1014.541417,18145.46,586.00
1014.642074,18145.46,546.00
1014.742584,18145.46,586.00
1014.843124,18145.46,566.00
1014.943624,18145.46,566.00
1015.044104,18145.46,566.00
1015.144840,18145.46,566.00
1015.245605,18145.46,566.00
1015.346700,18145.46,566.00
1015.447324,18145.46,566.00
1015.547855,18145.46,566.00
1015.649110,18145.46,588.00
1015.750121,18145.46,588.00
1015.850932,18145.46,588.00
1015.951628,18145.46,588.00
1016.052575,18145.46,588.00
1016.153850,18145.46,588.00
1016.255007,18145.46,588.00
1016.355704,18145.46,588.00
1016.456549,18145.46,588.00
1016.557437,18145.46,588.00
1016.658145,18145.46,588.00
1016.759196,18145.46,588.00
1016.860283,18145.46,588.00
1016.961236,18145.46,588.00
1017.062342,18145.46,588.00
1017.163210,18145.46,588.00
1017.264194,18145.46,588.00
1017.365223,18145.46,588.00
1017.466105,18145.46,588.00
1017.566829,18145.46,588.00
1017.667509,18145.46,588.00
1017.768464,18145.46,588.00
1017.869191,18145.46,588.00
1017.970008,18145.46,588.00
1018.070541,18145.46,742.00
1018.171027,18145.46,740.00
1018.271504,18145.46,740.00
1018.372217,18145.46,742.00
1018.472730,18145.46,744.00
1018.573250,18145.46,768.00
1018.673921,18145.46,720.00
1018.774417,18145.46,764.00
1018.875122,18145.46,742.00
1018.975593,18145.46,746.00
1019.076285,18145.46,744.00
1019.177015,18145.46,746.00
1019.277571,18145.46,744.00
1019.378067,18145.46,786.00
1019.478791,18145.46,744.00
1019.579380,18145.46,698.00
1019.680019,18145.46,744.00
1019.780613,18145.46,720.00
1019.881198,18099.23,678.00
1019.981937,18099.23,722.00
1020.082464,18099.23,744.00
1020.183078,18099.23,724.00
1020.283528,18099.23,724.00
1020.384238,18099.23,724.00
1020.485036,18099.23,724.00
1020.585745,18099.23,724.00
1020.686322,18099.23,724.00
1020.786943,18099.23,724.00
1020.887602,18099.23,724.00
1020.988440,18099.23,724.00
1021.089299,18099.23,724.00
1021.190155,18099.23,724.00
1021.291530,18099.23,724.00
1021.393523,18099.23,724.00
1021.494762,18099.23,724.00
1021.595794,18099.23,724.00
1021.696495,18099.23,724.00
1021.797252,18099.23,724.00
1021.897975,18099.23,724.00
1021.998886,18099.23,724.00
1022.100092,18099.23,724.00
1022.201012,18099.23,724.00
1022.301958,18099.23,724.00
1022.402938,18099.23,724.00
1022.504249,18099.23,724.00
1022.605308,18099.23,724.00
1022.706081,18099.23,724.00
1022.808169,18099.23,724.00
1022.908875,18099.23,724.00
1023.009502,18099.23,724.00
1023.110035,18099.23,582.00
1023.210575,18099.23,582.00
1023.311159,18099.23,562.00
1023.411702,18099.23,582.00
1023.512176,18099.23,582.00
1023.612596,18099.23,582.00
1023.713057,18099.23,582.00
1023.813572,18099.23,582.00
1023.914133,18099.23,582.00
1024.014619,18099.23,582.00
1024.115214,18099.23,582.00
1024.215793,18099.23,582.00
1024.316351,18099.23,582.00
1024.416866,18099.23,582.00
1024.517417,18099.23,582.00
1024.618416,18099.23,582.00
1024.719370,18099.23,582.00
1024.820208,18099.23,582.00
1024.921056,18099.23,582.00
1025.022355,18099.23,582.00
1025.123675,18099.23,582.00
1025.224415,18099.23,582.00
1025.325721,18099.23,582.00
1025.426513,18099.23,584.00
1025.527225,18099.23,564.00
1025.627770,18099.23,544.00
1025.728432,18099.23,584.00
1025.829138,18099.23,584.00
1025.929665,18099.23,584.00
1026.030144,18099.23,586.00
1026.130698,18099.23,586.00
1026.231177,18099.23,586.00
1026.331840,18099.23,566.00
1026.432412,18099.23,564.00
1026.532954,18099.23,564.00
1026.633814,18099.23,564.00
1026.734695,18099.23,564.00
1026.835709,18099.23,564.00
1026.936856,18099.23,564.00
1027.038032,18099.23,564.00
1027.138762,18099.23,564.00
1027.239516,18099.23,564.00
1027.340327,18099.23,564.00
1027.441283,18099.23,564.00
1027.542225,18099.23,564.00
1027.643326,18099.23,564.00
1027.744416,18099.23,564.00
1027.845720,18099.23,564.00
1027.946981,18099.23,564.00
1028.048035,18099.23,564.00
1028.149187,18099.23,564.00
1028.249983,18099.23,564.00
1028.350986,18099.23,564.00
1028.452230,18099.23,564.00
1028.553585,18099.23,564.00
1028.654685,18099.23,564.00
1028.755485,18099.23,564.00
1028.856574,18099.23,564.00
1028.957320,18099.23,564.00
1029.058162,18099.23,564.00
1029.158865,18099.23,588.00
1029.259321,18099.23,566.00
1029.359962,18099.23,566.00
1029.460633,18099.23,586.00
1029.561142,18099.23,588.00
1029.661652,18099.23,566.00
1029.762205,18099.23,588.00
1029.862729,18099.23,566.00
1029.963259,18099.23,588.00
1030.063784,18099.23,588.00
1030.164502,18099.23,568.00
1030.265190,18099.23,566.00
1030.365815,18099.23,566.00
1030.466730,18099.23,566.00
1030.569131,18099.23,566.00
1030.673144,18099.23,566.00
1030.773872,18099.23,566.00
1030.875062,18099.23,566.00
1030.976129,18099.23,566.00
1031.077077,18099.23,566.00
1031.177957,18099.23,566.00
1031.278620,18099.23,566.00
1031.379412,18099.23,566.00
1031.480773,18099.23,566.00
1031.581524,18099.23,566.00
1031.682544,18099.23,566.00
1031.783259,18099.23,566.00
1031.884072,18099.23,566.00
1031.985039,18099.23,566.00
1032.085927,18099.23,566.00
1032.186917,18099.23,566.00
1032.287619,18099.23,566.00
1032.388460,18099.23,566.00
1032.489653,18099.23,566.00
1032.590622,18099.23,566.00
1032.691621,18099.23,566.00
1032.792882,18099.23,566.00
1032.893832,18099.23,566.00
1032.994655,18099.23,566.00
1033.095870,18103.74,566.00
1033.196523,18154.74,684.00
1033.297105,18154.74,684.00
1033.397649,18154.74,684.00
1033.498199,18154.74,698.00
1033.598679,18154.74,704.00
1033.699251,18154.74,642.00
1033.799766,18154.74,662.00
1033.900523,18154.74,684.00
1034.001204,18154.74,682.00
1034.101673,18154.74,682.00
1034.202212,18154.74,682.00
1034.302741,18154.74,662.00
1034.403244,18154.74,704.00
1034.503715,18154.74,664.00
1034.604232,18154.74,662.00
1034.704724,18154.74,704.00
1034.805329,18154.74,662.00
1034.905908,18154.74,682.00
1035.006411,18154.74,682.00
1035.106989,18154.74,682.00
1035.207605,18154.74,682.00
1035.308219,18154.74,682.00
1035.408817,18154.74,682.00
1035.509291,18154.74,682.00
1035.610045,18085.32,682.00
1035.710931,18085.32,682.00
1035.811735,18085.32,682.00
1035.913069,18085.32,682.00
1036.014466,18085.32,682.00
1036.115236,18085.32,584.00
1036.215709,18085.32,582.00
1036.316210,18085.32,564.00
1036.416711,18085.32,562.00
1036.517204,18085.32,582.00
1036.617701,18085.32,582.00
1036.718227,18085.32,582.00
1036.818748,18085.32,562.00
1036.919200,18085.32,584.00
1037.019775,18085.32,542.00
1037.120290,18085.32,562.00
1037.220852,18085.32,562.00
1037.321607,18085.32,562.00
1037.422871,18085.32,562.00
1037.524139,18085.32,562.00
1037.625061,18085.32,562.00
1037.726031,18085.32,562.00
1037.826723,18085.32,562.00
1037.927223,18085.32,582.00
1038.027714,18085.32,582.00
1038.128233,18085.32,582.00
1038.228936,18085.32,582.00
1038.329649,18085.32,582.00
1038.430608,18085.32,582.00
1038.531208,18085.32,562.00
1038.631779,18085.32,582.00
1038.732243,18085.32,582.00
1038.832868,18085.32,562.00
1038.933348,18085.32,562.00
1039.034173,18085.32,562.00
1039.135047,18085.32,562.00
1039.235848,18085.32,562.00
1039.336500,18085.32,562.00
1039.437663,18085.32,562.00
1039.538784,18085.32,562.00
1039.639805,18085.32,562.00
1039.740548,18085.32,562.00
1039.841094,18085.32,582.00
1039.941620,18085.32,562.00
1040.042062,18085.32,582.00
1040.142565,18085.32,582.00
1040.243022,18085.32,582.00
1040.343860,18085.32,582.00
1040.444559,18085.32,584.00
1040.545398,18085.32,582.00
1040.646158,18085.32,582.00
1040.746865,18085.32,562.00
1040.847610,18085.32,582.00
1040.948316,18085.32,562.00
1041.049148,18085.32,562.00
