timestamp_s,ram_mb,vram_mb
0.007289,3000.99,386.00
0.107842,3093.04,472.00
0.208361,3140.59,472.00
0.308914,3140.60,472.00
0.409406,3157.42,472.00
0.509929,3165.43,472.00
0.610477,3173.81,472.00
0.711029,3345.18,576.00
0.811586,3570.03,582.00
0.912094,3727.41,582.00
1.012596,3886.45,582.00
1.113158,4042.70,582.00
1.213713,4203.62,498.00
1.314240,4340.79,582.00
1.414742,4490.41,582.00
1.515546,4515.34,582.00
1.616082,4515.36,582.00
1.716599,4527.82,512.00
1.817080,4527.84,582.00
1.917674,4540.31,498.00
2.018224,4540.32,568.00
2.118725,4540.33,540.00
2.219226,4540.34,582.00
2.319846,4540.34,540.00
2.420341,4616.23,600.00
2.520863,4715.99,600.00
2.621485,4821.33,600.00
2.722012,4915.48,600.00
2.822589,5015.23,514.00
2.923211,5102.55,600.00
3.023744,5189.79,600.00
3.124302,5277.07,600.00
3.224867,5396.65,600.00
3.325378,5489.03,530.00
3.425975,5576.32,514.00
3.527007,5683.44,600.00
3.627680,5763.34,600.00
3.728266,5869.63,600.00
3.828781,5962.84,600.00
3.929449,6050.12,530.00
4.030045,6124.93,600.00
4.130737,6212.20,600.00
4.231306,6311.96,514.00
4.331855,6399.23,600.00
4.432469,6497.85,600.00
4.533046,6598.73,600.00
4.633545,6686.01,600.00
4.734222,6785.76,600.00
4.834715,6835.64,600.00
4.935288,6835.64,530.00
5.035792,6835.64,600.00
5.136370,6835.64,600.00
5.236946,6835.64,600.00
5.337528,6835.65,600.00
5.438089,6835.66,600.00
5.538634,6835.67,584.00
5.639324,6835.67,538.00
5.739805,6835.67,572.00
5.840397,6835.68,608.00
5.940982,6835.68,516.00
6.042168,6835.68,614.00
6.146402,6835.69,614.00
6.247116,6835.69,608.00
6.347876,6835.69,628.00
6.448807,6835.69,516.00
6.549493,6835.69,532.00
6.650164,6835.70,614.00
6.750908,6835.70,608.00
6.851988,6835.70,516.00
6.952821,6835.71,600.00
7.053611,6835.71,608.00
7.154335,6835.71,538.00
7.255015,6835.71,608.00
7.355706,6835.71,608.00
7.456507,6835.71,614.00
7.557107,6835.72,608.00
7.657679,6835.73,580.00
7.758227,6835.73,628.00
7.858905,6835.73,516.00
7.959622,6835.73,518.00
8.060271,6835.73,608.00
8.160792,6835.74,614.00
8.261385,6835.74,608.00
8.361894,6835.74,608.00
8.462406,6835.74,620.00
8.562929,6835.75,516.00
8.663458,6835.77,628.00
8.764038,6835.77,628.00
8.864559,6835.77,628.00
8.965100,6835.77,580.00
9.065626,6835.77,628.00
9.166210,6835.77,642.00
9.266738,6835.78,628.00
9.367215,6835.78,586.00
9.467782,6835.78,628.00
9.568504,6835.78,642.00
9.669355,6835.78,642.00
9.769937,6835.78,534.00
9.870496,6835.78,580.00
9.971195,6835.79,636.00
10.071803,6835.79,642.00
10.172329,6835.79,642.00
10.272821,6835.79,628.00
10.373302,6835.79,642.00
10.473798,6835.80,636.00
10.574330,6835.80,642.00
10.674964,6835.80,636.00
10.775587,6835.80,634.00
10.876194,6835.80,582.00
10.976699,6835.80,634.00
11.077250,6835.80,634.00
11.177762,6835.81,548.00
11.278256,6835.81,642.00
11.378748,6835.81,628.00
11.479318,6835.81,642.00
11.579973,6835.81,636.00
11.680627,6835.82,628.00
11.781287,6835.82,628.00
11.881851,6835.82,628.00
11.982345,6835.82,634.00
12.083149,6835.82,534.00
12.183769,6835.82,628.00
12.284391,6835.82,628.00
12.384928,6835.83,534.00
12.485469,6835.83,628.00
12.586325,6835.83,562.00
12.687042,6835.83,642.00
12.787621,6835.83,586.00
12.888306,6835.83,642.00
12.988973,6835.84,492.00
13.089552,6835.84,554.00
13.190180,6835.84,582.00
13.290683,6835.85,492.00
13.391184,6835.85,498.00
13.491652,6835.85,498.00
13.592091,6835.86,554.00
13.692566,6835.86,568.00
13.793049,6835.86,526.00
13.893542,6835.86,492.00
13.994071,6835.86,512.00
14.094829,6835.87,582.00
14.195363,6835.87,582.00
14.295871,6835.88,606.00
14.396408,6835.88,606.00
14.496949,6835.88,606.00
14.597505,6835.88,564.00
14.698079,6835.88,606.00
14.798656,6835.88,606.00
14.899239,6835.88,606.00
14.999911,6835.88,606.00
15.100399,6835.89,606.00
15.200892,6835.89,606.00
15.301380,6835.89,606.00
15.402073,6835.89,592.00
15.502600,6835.89,606.00
15.603265,6835.89,606.00
15.703806,6835.89,592.00
15.804429,6835.90,606.00
15.905107,6835.90,606.00
16.005658,6835.90,592.00
16.106251,6835.90,592.00
16.206811,6835.91,606.00
16.307420,6835.91,592.00
16.408099,6835.91,606.00
16.508698,6835.91,606.00
16.609385,6835.91,606.00
16.709970,6835.91,578.00
16.810559,6835.91,606.00
16.911174,6835.91,536.00
17.011780,6835.91,520.00
17.112359,6835.91,606.00
17.212910,6835.91,606.00
17.313546,6835.91,606.00
17.414358,6835.93,558.00
17.515055,6835.93,552.00
17.615736,6835.93,610.00
17.716554,6835.93,614.00
17.817356,6835.93,532.00
17.918076,6835.93,620.00
18.018792,6835.93,610.00
18.119499,6835.93,532.00
18.220360,6835.94,608.00
18.321129,6835.94,614.00
18.421881,6835.94,628.00
18.522712,6835.94,518.00
18.623451,6835.95,580.00
18.724120,6835.95,610.00
18.824794,6835.95,614.00
18.925466,6835.95,518.00
19.026302,6835.95,614.00
19.126990,6835.95,610.00
19.227748,6835.95,628.00
19.328426,6835.95,608.00
19.429145,6835.96,538.00
19.529812,6835.96,610.00
19.630632,6835.96,620.00
19.731521,6835.96,518.00
19.832268,6835.96,608.00
19.932927,6835.96,608.00
20.033653,6835.96,614.00
20.134337,6835.96,614.00
20.235053,6835.96,620.00
20.335814,6835.96,610.00
20.436348,6835.96,628.00
20.537083,6835.97,626.00
20.638013,6835.99,586.00
20.738787,6835.99,636.00
20.839659,6835.99,558.00
20.940560,6835.99,636.00
21.041406,6835.99,642.00
21.142148,6836.00,650.00
21.242858,6836.00,650.00
21.343552,6836.00,644.00
21.444402,6836.00,650.00
21.545395,6836.00,602.00
21.646271,6836.00,580.00
21.747003,6836.00,650.00
21.848277,6836.00,644.00
21.948876,6836.00,642.00
22.049442,6836.01,644.00
22.150008,6836.01,642.00
22.250517,6836.01,650.00
22.351086,6836.01,642.00
22.451630,6836.01,644.00
22.552315,6836.01,650.00
22.652969,6836.01,650.00
22.753546,6836.01,636.00
22.854302,6836.01,650.00
22.954991,6836.02,634.00
23.055834,6836.02,546.00
23.156468,6836.02,558.00
23.256963,6836.02,544.00
23.357495,6836.02,616.00
23.458066,6836.02,544.00
23.558573,6836.02,644.00
23.659102,6836.02,636.00
23.759703,6836.02,642.00
23.860227,6836.02,650.00
23.960767,6836.02,650.00
24.061284,6836.02,650.00
24.161765,6836.03,582.00
24.262385,6836.03,582.00
24.362953,6836.03,582.00
24.463492,6836.03,554.00
24.564284,6836.03,526.00
24.665028,6836.03,512.00
24.765736,6836.03,540.00
24.866470,6836.03,582.00
24.967351,6836.03,582.00
25.068026,6836.03,554.00
25.168804,6836.03,498.00
25.269675,6836.03,512.00
25.370386,6836.03,498.00
25.471361,6836.03,606.00
25.572237,6836.03,606.00
25.672771,6836.03,500.00
25.773240,6836.03,606.00
25.873763,6836.03,592.00
25.974271,6836.03,536.00
26.074746,6836.03,550.00
26.175235,6836.03,606.00
26.275715,6836.03,606.00
26.376397,6836.03,592.00
26.477036,6836.03,502.00
26.577552,6836.03,606.00
26.678166,6836.03,606.00
26.778682,6836.03,606.00
26.879183,6836.03,592.00
26.979727,6836.03,606.00
27.080261,6836.03,606.00
27.180779,6836.03,564.00
27.281251,6836.03,606.00
27.381732,6836.03,606.00
27.482214,6836.03,606.00
27.582705,6836.03,520.00
27.683304,6836.03,550.00
27.783817,6836.03,606.00
27.884394,6836.03,592.00
27.984991,6836.03,592.00
28.085520,6836.03,606.00
28.186128,6836.03,592.00
28.286622,6836.04,592.00
28.387319,6836.04,586.00
28.488061,6836.04,614.00
28.588594,6836.04,586.00
28.689169,6836.04,614.00
28.789770,6836.04,600.00
28.890346,6836.05,614.00
28.990986,6836.05,614.00
29.091489,6836.05,600.00
29.192082,6836.05,614.00
29.292638,6836.05,584.00
29.393099,6836.05,600.00
29.493716,6836.05,614.00
29.594465,6836.05,530.00
29.695050,6836.05,614.00
29.795715,6836.05,586.00
29.896246,6836.05,614.00
29.996789,6836.05,600.00
30.097293,6836.05,614.00
30.197817,6836.05,600.00
30.298356,6836.05,600.00
30.398917,6836.05,600.00
30.499668,6836.05,502.00
30.600350,6836.05,530.00
30.700866,6836.05,544.00
30.801354,6836.05,600.00
30.901939,6836.05,614.00
31.002582,6836.05,614.00
31.103249,6836.05,572.00
31.203919,6836.05,614.00
31.304724,6836.05,626.00
31.405588,6836.05,638.00
31.506164,6836.05,624.00
31.606741,6836.05,630.00
31.707420,6836.05,624.00
31.808245,6836.05,630.00
31.908885,6836.05,624.00
32.009477,6836.05,624.00
32.110235,6836.05,526.00
32.210875,6836.05,624.00
32.311449,6836.05,624.00
32.412180,6836.05,632.00
32.512902,6836.05,638.00
32.613605,6836.05,528.00
32.714426,6836.05,632.00
32.815127,6836.05,624.00
32.915843,6836.05,624.00
33.016598,6836.05,624.00
33.117262,6836.05,630.00
33.218082,6836.05,624.00
33.318927,6836.05,630.00
33.419847,6836.05,624.00
33.520521,6836.05,624.00
33.621197,6836.05,624.00
33.721923,6836.05,630.00
33.822604,6836.05,630.00
33.923409,6836.05,630.00
34.024090,6836.05,624.00
34.124787,6836.05,630.00
34.225657,6836.05,638.00
34.326402,6836.05,624.00
34.427102,6836.05,624.00
34.527859,6836.05,624.00
34.628568,6836.05,638.00
34.729345,6836.05,630.00
34.830041,6836.05,624.00
34.930838,6836.05,624.00
35.031530,6836.05,560.00
35.132368,6836.05,624.00
35.233138,6836.05,638.00
35.334090,6836.05,610.00
35.434807,6836.05,630.00
35.535387,6836.05,498.00
35.635998,6836.05,498.00
35.736566,6836.05,526.00
35.837158,6836.05,540.00
35.937929,6836.05,526.00
36.038930,6836.05,540.00
36.139799,6836.05,568.00
36.240965,6836.05,484.00
36.341811,6836.05,484.00
36.442576,6836.05,498.00
36.543154,6836.05,582.00
36.643678,6836.05,554.00
36.744298,6836.05,498.00
36.844875,6836.05,512.00
36.945361,6836.06,606.00
37.046017,6836.06,530.00
37.146528,6836.06,600.00
37.247220,6836.06,572.00
37.347707,6836.06,564.00
37.448326,6836.06,620.00
37.548932,6836.06,544.00
37.649435,6836.06,600.00
37.750218,6836.06,516.00
37.850812,6836.06,600.00
37.951381,6836.06,530.00
38.051981,6848.53,600.00
38.152539,6848.53,600.00
38.253077,6848.53,612.00
38.353679,6848.53,600.00
38.454294,6848.53,600.00
38.554838,6848.53,620.00
38.655479,6848.53,600.00
38.756061,6848.53,600.00
38.856748,6848.53,516.00
38.957325,6848.53,620.00
39.058040,6848.53,600.00
39.158628,6848.53,600.00
39.259434,6848.53,600.00
39.359990,6848.53,606.00
39.460509,6848.53,600.00
39.561136,6848.53,536.00
39.661662,6848.53,600.00
39.762254,6848.53,600.00
39.862903,6848.54,620.00
39.963515,6848.54,600.00
40.064043,6848.54,628.00
40.164604,6848.54,608.00
40.265226,6848.54,614.00
40.365917,6848.54,614.00
40.466452,6848.54,558.00
40.567087,6848.54,628.00
40.667740,6848.54,628.00
40.768357,6848.54,628.00
40.869060,6848.54,540.00
40.969746,6848.54,538.00
41.070325,6848.54,628.00
41.170823,6848.54,608.00
41.271443,6848.54,518.00
41.371952,6848.54,628.00
41.472451,6848.54,628.00
41.572918,6848.54,610.00
41.673428,6848.54,620.00
41.774154,6848.54,558.00
41.874671,6848.54,608.00
41.975328,6848.54,620.00
42.075997,6848.54,614.00
42.176677,6848.54,566.00
42.277229,6848.54,608.00
42.377921,6848.54,572.00
42.478516,6848.54,586.00
42.579018,6848.54,612.00
42.679512,6848.54,614.00
42.780252,6848.54,608.00
42.880941,6848.54,608.00
42.981544,6848.54,628.00
43.082257,6848.55,614.00
43.182964,6848.55,628.00
43.283657,6848.55,628.00
43.384646,6848.55,636.00
43.485219,6848.55,646.00
43.585875,6848.55,650.00
43.686457,6848.55,650.00
43.787275,6848.55,630.00
43.887797,6848.55,542.00
43.988406,6848.55,644.00
44.089128,6848.55,556.00
44.189792,6848.55,560.00
44.290398,6848.55,644.00
44.390879,6848.55,650.00
44.491448,6848.55,644.00
44.592085,6848.55,560.00
44.692795,6848.55,650.00
44.793603,6848.55,650.00
44.894202,6848.55,556.00
44.994984,6848.55,646.00
45.095737,6848.55,646.00
45.196501,6848.55,650.00
45.297280,6848.55,646.00
45.398413,6848.55,630.00
45.499421,6848.55,542.00
45.600408,6848.55,644.00
45.701202,6848.55,646.00
45.802168,6848.55,570.00
45.903340,6848.55,542.00
46.004201,6848.55,542.00
46.105045,6848.55,546.00
46.205686,6848.55,542.00
46.306251,6848.55,642.00
46.406837,6848.55,642.00
46.507592,6848.56,574.00
46.608118,6848.56,642.00
46.708781,6848.56,644.00
46.809538,6848.56,650.00
46.910278,6823.62,584.00
47.011113,6836.09,500.00
47.111617,6836.09,584.00
47.212097,6836.09,556.00
47.312580,6836.09,500.00
47.413204,6836.09,542.00
47.513747,6922.95,530.00
47.614794,7079.52,600.00
47.715351,7236.03,600.00
47.815928,7396.74,600.00
47.916454,7558.83,586.00
48.017160,7671.04,572.00
48.117731,7720.91,600.00
48.218272,7733.38,600.00
48.318882,7820.66,600.00
48.419480,7858.06,600.00
48.520365,7858.06,618.00
48.621157,7920.41,604.00
48.722272,7970.28,616.00
48.823090,8007.68,616.00
48.924026,8070.02,512.00
49.024830,8132.36,616.00
49.125385,8194.70,580.00
49.226002,8257.05,602.00
49.326634,8294.45,622.00
49.427260,8341.16,618.00
49.527866,8394.20,560.00
49.628452,8419.13,616.00
49.729158,8446.13,618.00
49.829971,8493.94,616.00
49.930635,8543.82,616.00
50.031394,8606.16,622.00
50.132079,8643.56,622.00
50.232914,8693.43,616.00
50.333621,8705.90,616.00
50.434381,8743.30,622.00
50.535227,8805.65,512.00
50.635971,8830.58,616.00
50.736652,8867.99,616.00
50.837439,8892.93,616.00
50.938276,8934.44,616.00
51.039115,8992.67,616.00
51.139894,9030.07,622.00
51.240660,9067.48,594.00
51.341426,9092.41,622.00
51.442232,9117.35,616.00
51.542916,9129.82,622.00
51.643674,9129.82,616.00
51.744388,9129.82,560.00
51.845095,9129.82,616.00
51.945819,9129.82,616.00
52.046638,9129.82,618.00
52.147373,9129.82,574.00
52.248129,9129.82,622.00
52.348752,9129.82,616.00
52.449340,9129.82,622.00
52.549858,9129.82,622.00
52.650533,9129.82,616.00
52.751099,9129.82,616.00
52.851735,9129.82,636.00
52.952244,9129.82,618.00
53.052784,9129.83,532.00
53.153554,9129.83,618.00
53.254266,9129.83,630.00
53.355143,9129.83,596.00
53.455834,9129.83,618.00
53.556528,9129.83,638.00
53.657094,9129.83,618.00
53.757588,9129.83,624.00
53.858569,9129.83,546.00
53.959360,9129.83,532.00
54.060290,9129.83,532.00
54.161053,9129.83,636.00
54.261870,9129.83,624.00
54.362629,9129.83,568.00
54.463139,9129.83,624.00
54.563637,9129.83,644.00
54.664199,9129.83,644.00
54.764783,9129.83,630.00
54.865519,9129.83,534.00
54.966093,9129.83,554.00
55.066608,9129.83,582.00
55.167230,9129.83,624.00
55.267765,9129.83,520.00
55.368287,9129.83,624.00
55.468777,9129.83,554.00
55.569266,9129.83,636.00
55.669805,9129.83,624.00
55.770322,9129.83,624.00
55.871069,9129.83,624.00
55.971637,9129.83,554.00
56.072248,9129.83,540.00
56.173110,9129.83,624.00
56.273971,9129.83,644.00
56.374580,9129.83,648.00
56.475231,9129.83,658.00
56.575925,9129.83,650.00
56.676447,9129.83,598.00
56.777097,9129.83,642.00
56.877603,9129.83,650.00
56.978643,9129.83,652.00
57.079350,9129.83,658.00
57.180047,9129.83,650.00
57.280852,9129.83,642.00
57.381658,9129.83,644.00
57.482371,9129.83,644.00
57.583182,9129.83,644.00
57.683844,9129.83,656.00
57.784887,9129.83,580.00
57.885654,9129.83,644.00
57.986427,9129.83,644.00
58.087146,9142.30,644.00
58.187980,9142.30,644.00
58.288752,9142.30,574.00
58.389568,9142.30,574.00
58.490337,9142.30,644.00
58.591076,9142.30,644.00
58.691780,9142.30,644.00
58.792505,9142.30,630.00
58.893428,9142.30,602.00
58.994219,9142.30,644.00
59.094761,9142.30,644.00
59.195267,9142.30,644.00
59.295882,9142.30,644.00
59.396395,9142.30,644.00
59.497012,9142.30,656.00
59.597609,9142.30,642.00
59.698192,9142.30,648.00
59.798721,9142.30,648.00
59.899224,9142.30,642.00
59.999836,9142.30,546.00
60.100350,9142.30,648.00
60.200944,9142.30,642.00
60.301648,9142.30,546.00
60.402387,9142.30,604.00
60.502961,9142.30,514.00
60.603592,9142.30,576.00
60.704223,9142.30,604.00
60.804779,9142.30,562.00
60.905489,9142.30,604.00
61.006190,9142.30,604.00
61.106715,9142.30,604.00
61.207295,9142.30,548.00
61.307857,9142.30,534.00
61.408410,9142.30,604.00
61.509114,9142.30,590.00
61.609749,9142.30,562.00
61.710237,9142.30,604.00
61.810867,9142.30,604.00
61.911429,9142.30,604.00
62.012142,9142.30,604.00
62.112713,9142.30,604.00
62.213208,9142.30,604.00
62.313857,9142.30,614.00
62.414510,9142.30,634.00
62.515144,9142.30,614.00
62.615915,9142.30,524.00
62.716719,9142.30,614.00
62.817466,9142.30,614.00
62.918148,9142.30,558.00
63.018845,9142.30,542.00
63.119438,9142.30,614.00
63.220171,9142.30,510.00
63.320646,9142.30,614.00
63.421370,9142.30,614.00
63.521990,9142.30,628.00
63.622664,9142.30,628.00
63.723471,9142.30,614.00
63.824198,9142.30,628.00
63.924788,9142.30,628.00
64.025375,9142.30,614.00
64.125898,9142.30,628.00
64.226657,9142.30,628.00
64.327461,9142.30,614.00
64.427960,9142.30,544.00
64.528477,9142.30,600.00
64.628999,9142.30,628.00
64.729503,9142.30,628.00
64.830180,9142.30,544.00
64.930886,9142.30,628.00
65.031396,9142.30,628.00
65.131902,9142.30,628.00
65.232419,9142.30,622.00
65.332999,9142.30,622.00
65.433576,9142.30,622.00
65.534291,9142.30,622.00
65.634807,9142.30,622.00
65.735320,9142.30,538.00
65.835827,9142.30,642.00
65.936345,9142.30,642.00
66.037145,9142.31,524.00
66.137918,9142.31,538.00
66.238613,9142.31,644.00
66.339367,9142.31,542.00
66.440282,9142.31,624.00
66.540819,9142.31,624.00
66.641369,9142.31,624.00
66.742006,9142.31,624.00
66.842610,9142.31,636.00
66.943239,9142.31,624.00
67.043763,9142.31,636.00
67.144320,9142.31,540.00
67.245198,9142.31,630.00
67.345848,9142.31,630.00
67.446451,9142.31,624.00
67.547101,9142.31,638.00
67.647793,9142.31,624.00
67.748494,9142.31,548.00
67.849422,9142.31,638.00
67.950236,9142.31,638.00
68.051146,9142.31,624.00
68.151987,9142.31,548.00
68.252785,9142.31,638.00
68.353251,9142.31,638.00
68.453845,9142.31,638.00
68.554459,9142.31,638.00
68.654935,9142.31,638.00
68.755399,9142.31,638.00
68.855989,9142.31,638.00
68.956682,9142.31,636.00
69.057232,9142.31,644.00
69.157707,9142.31,636.00
69.258346,9142.31,636.00
69.358873,9142.31,636.00
69.459407,9142.31,534.00
69.559905,9142.31,624.00
69.660509,9142.31,644.00
69.761045,9142.31,644.00
69.861707,9142.31,544.00
69.962349,9142.31,648.00
70.062919,9142.31,656.00
70.163554,9142.31,630.00
70.264358,9142.31,552.00
70.364919,9142.31,656.00
70.465428,9142.31,662.00
70.566054,9142.31,656.00
70.666738,9142.31,548.00
70.767262,9142.31,656.00
70.867811,9142.31,656.00
70.968312,9142.31,662.00
71.068840,9142.31,552.00
71.169366,9142.31,564.00
71.270026,9142.31,660.00
71.370585,9142.31,666.00
71.471405,9142.31,660.00
71.572150,9142.31,590.00
71.672716,9142.31,660.00
71.773300,9142.31,660.00
71.873849,9142.31,658.00
71.974372,9142.31,658.00
72.074897,9142.31,658.00
72.175515,9142.31,666.00
72.276348,9142.31,576.00
72.376910,9142.31,658.00
72.477514,9142.31,660.00
72.578118,9142.31,660.00
72.678942,9092.56,660.00
72.779709,9092.56,660.00
72.880444,9092.56,668.00
72.981259,9092.56,668.00
73.081997,9092.56,666.00
73.182598,9092.56,670.00
73.283244,9092.56,668.00
73.383865,9092.56,668.00
73.484349,9092.56,584.00
73.584889,9092.57,530.00
73.685562,9104.91,544.00
73.786279,9104.91,530.00
73.886814,9104.91,600.00
73.987459,9104.91,600.00
74.088105,9104.91,600.00
74.188650,9117.38,516.00
74.289232,9117.38,586.00
74.389880,9117.38,572.00
74.490621,9117.38,586.00
74.591318,9117.38,530.00
74.692134,9117.38,530.00
74.792910,9117.38,544.00
74.893638,9117.38,600.00
74.994377,9117.38,600.00
75.095116,9117.38,610.00
75.195921,9117.38,568.00
75.296444,9117.38,540.00
75.397014,9117.38,574.00
75.497577,9117.38,574.00
75.598193,9117.38,616.00
75.698810,9117.38,616.00
75.799423,9117.38,616.00
75.899922,9117.38,560.00
76.000575,9117.38,622.00
76.101155,9117.38,616.00
76.201772,9117.38,616.00
76.302303,9117.38,622.00
76.402859,9117.38,616.00
76.503537,9117.38,616.00
76.604065,9117.38,532.00
76.704650,9117.38,616.00
76.805362,9117.38,616.00
76.906280,9117.38,610.00
77.007032,9117.38,616.00
77.107591,9117.38,588.00
77.208162,9117.38,616.00
77.308917,9117.38,540.00
77.409644,9117.38,616.00
77.510311,9117.38,616.00
77.610920,9117.38,612.00
77.711450,9117.38,610.00
77.812053,9117.38,612.00
77.912586,9117.38,616.00
78.013167,9117.38,612.00
78.113753,9117.38,616.00
78.215615,9117.38,582.00
78.316278,9117.38,528.00
78.416975,9117.38,562.00
78.517565,9117.38,626.00
78.619188,9117.38,554.00
78.720098,9117.38,626.00
78.820811,9117.38,632.00
78.921592,9117.38,542.00
79.022177,9117.38,632.00
79.122804,9117.38,632.00
79.223437,9117.38,556.00
79.324078,9117.38,556.00
79.424816,9117.38,632.00
79.525453,9117.38,632.00
79.625979,9117.38,556.00
79.726544,9117.38,590.00
79.827295,9117.38,644.00
79.927906,9117.38,624.00
80.028499,9117.38,568.00
80.129272,9117.38,630.00
80.229904,9117.38,630.00
80.330641,9117.38,616.00
80.431395,9117.38,624.00
80.532032,9117.38,630.00
80.632711,9117.38,596.00
80.733344,9117.39,642.00
80.834067,9117.39,642.00
80.934869,9117.39,570.00
81.035839,9117.39,586.00
81.136394,9117.39,586.00
81.237081,9117.39,654.00
81.337738,9117.39,580.00
81.438554,9117.39,552.00
81.539137,9117.39,650.00
81.639732,9117.39,648.00
81.740314,9117.39,572.00
81.841063,9117.39,642.00
81.941741,9117.39,650.00
82.042305,9117.39,642.00
82.142888,9117.39,642.00
82.243540,9129.86,644.00
82.344380,9129.86,656.00
82.444981,9142.33,560.00
82.545674,9154.80,642.00
82.646564,9154.80,654.00
82.747131,9154.80,620.00
82.847719,9154.80,648.00
82.948457,9154.80,648.00
83.049269,9154.80,564.00
83.149874,9154.80,612.00
83.250492,9154.80,646.00
83.351108,9154.80,662.00
83.451717,9154.80,626.00
83.552334,9154.80,660.00
83.653035,9154.80,654.00
83.753744,9154.80,662.00
83.854332,9154.80,646.00
83.954978,9154.80,578.00
84.055556,9154.80,606.00
84.156297,9154.80,578.00
84.257267,9154.80,606.00
84.357837,9154.80,606.00
84.458381,9154.80,522.00
84.559168,9154.80,522.00
84.659925,9154.80,522.00
84.760572,9154.80,606.00
84.861255,9154.80,606.00
84.962093,9154.80,522.00
85.062659,9154.80,550.00
85.163277,9154.80,606.00
85.263939,9154.80,606.00
85.364914,9154.80,602.00
85.465577,9154.80,544.00
85.566234,9154.80,616.00
85.666919,9154.80,616.00
85.767619,9154.80,616.00
85.868170,9154.80,616.00
85.968810,9154.80,636.00
86.069401,9154.80,532.00
86.170091,9154.80,616.00
86.270832,9154.80,616.00
86.371477,9154.80,616.00
86.472201,9154.80,560.00
86.572851,9154.80,636.00
86.673556,9154.80,616.00
86.774242,9154.80,616.00
86.874969,9154.80,622.00
86.975842,9154.80,552.00
87.076496,9154.80,616.00
87.177202,9154.80,616.00
87.277927,9154.80,538.00
87.378620,9154.80,622.00
87.479412,9154.80,616.00
87.580035,9154.80,616.00
87.680681,9154.80,616.00
87.781465,9154.80,616.00
87.882163,9154.80,616.00
87.982956,9154.80,616.00
88.083647,9154.80,616.00
88.184337,9154.80,556.00
88.285012,9154.80,626.00
88.385794,9154.80,632.00
88.486439,9154.80,542.00
88.587153,9154.80,540.00
88.687884,9154.80,626.00
88.788560,9154.80,632.00
88.889208,9154.80,646.00
88.990117,9154.80,626.00
89.090700,9154.80,528.00
89.191318,9154.80,646.00
89.291921,9154.80,556.00
89.392560,9154.80,632.00
89.493161,9154.80,612.00
89.593822,9154.80,646.00
89.694426,9154.80,626.00
89.795133,9154.80,626.00
89.895680,9154.80,624.00
89.996389,9154.80,630.00
90.096949,9105.05,624.00
90.197651,9105.05,554.00
90.298364,9105.05,554.00
90.398964,9105.05,624.00
90.499460,9105.05,624.00
90.600130,9105.05,624.00
90.700670,9105.05,630.00
90.801294,9105.05,554.00
90.902043,9105.05,630.00
91.002753,9105.05,616.00
91.103291,9105.06,668.00
91.204007,9105.06,666.00
91.304809,9105.06,658.00
91.405498,9105.06,658.00
91.506123,9105.06,666.00
91.606698,9105.06,666.00
91.707263,9105.06,662.00
91.807889,9105.06,578.00
91.908502,9105.06,660.00
92.009262,9105.06,660.00
92.110024,9105.06,662.00
92.210872,9105.06,664.00
92.311459,9105.06,662.00
92.412135,9105.06,662.00
92.513205,9105.06,662.00
92.614163,9105.06,664.00
92.715272,9105.06,664.00
92.816479,9105.06,664.00
92.917423,9105.06,660.00
93.018226,9105.06,660.00
93.118993,9105.06,662.00
93.219816,9105.06,662.00
93.320608,9105.06,660.00
93.421516,9105.06,662.00
93.522537,9105.06,660.00
93.623368,9129.87,660.00
93.724431,9129.87,660.00
93.825406,9129.87,658.00
93.926166,9129.87,634.00
94.027147,9129.87,658.00
94.128241,9142.34,662.00
94.229029,9142.34,662.00
94.329775,9142.34,658.00
94.430614,9142.34,666.00
94.531741,9142.34,646.00
94.632661,9142.34,660.00
94.733921,9142.34,602.00
94.834929,9142.34,574.00
94.936120,9142.34,588.00
95.037362,9142.34,532.00
95.138439,9142.34,602.00
95.239413,9142.34,574.00
95.340544,9142.34,602.00
95.441885,9142.34,518.00
95.542601,9142.34,602.00
95.643295,9142.34,574.00
95.743816,9142.34,560.00
95.844361,9142.34,560.00
95.944987,9142.34,518.00
96.045652,9142.34,602.00
96.146283,9142.34,622.00
96.246883,9142.34,616.00
96.347536,9142.34,616.00
96.448168,9142.34,574.00
96.548907,9142.34,538.00
96.649640,9142.34,616.00
96.750439,9142.34,530.00
96.851308,9142.34,530.00
96.952125,9142.34,616.00
97.053238,9142.34,622.00
97.153854,9142.34,590.00
97.254409,9142.34,616.00
97.355111,9142.34,526.00
97.455780,9142.34,618.00
97.556348,9142.34,576.00
97.657016,9142.34,622.00
97.757644,9142.34,588.00
97.858151,9142.34,594.00
97.958834,9142.34,618.00
98.059510,9142.34,616.00
98.160112,9142.34,616.00
98.260752,9142.34,636.00
98.361409,9142.34,616.00
98.462120,9142.34,616.00
98.562841,9142.35,632.00
98.663630,9142.35,596.00
98.764178,9142.35,632.00
98.864852,9142.35,582.00
98.965804,9142.35,542.00
99.066558,9142.35,632.00
99.167507,9142.35,632.00
99.268639,9142.35,632.00
99.369540,9142.35,584.00
99.470504,9142.35,626.00
99.571427,9142.35,626.00
99.672320,9142.35,646.00
99.773258,9142.35,590.00
99.874084,9142.35,626.00
99.974970,9142.35,646.00
100.075904,9142.35,626.00
100.176884,9142.35,632.00
100.277850,9142.35,626.00
100.379420,9142.35,570.00
100.480661,9142.35,626.00
100.581959,9142.35,632.00
100.683068,9142.35,626.00
100.783973,9142.35,542.00
100.884975,9142.35,632.00
100.985992,9142.35,528.00
101.087073,9142.35,590.00
101.188128,9142.35,632.00
101.289222,9142.35,632.00
101.390486,9142.35,632.00
101.491477,9142.36,650.00
101.592377,9142.36,544.00
101.693269,9142.36,642.00
101.793965,9142.36,614.00
101.894681,9142.36,642.00
101.995433,9142.36,656.00
102.096059,9142.36,656.00
102.196887,9142.36,600.00
102.297776,9142.36,656.00
102.398520,9142.36,656.00
102.499180,9142.36,642.00
102.599727,9142.36,614.00
102.700280,9142.36,650.00
102.800972,9142.36,656.00
102.901591,9142.36,656.00
103.002228,9142.36,664.00
103.102791,9142.36,664.00
103.203381,9142.36,658.00
103.304003,9142.36,656.00
103.404560,9142.36,588.00
103.505204,9142.36,656.00
103.605869,9142.36,650.00
103.706465,9142.36,656.00
103.807409,9142.36,568.00
103.908126,9142.36,664.00
104.008895,9142.36,664.00
104.109779,9142.36,650.00
104.210726,9142.36,650.00
104.311437,9142.36,650.00
104.412006,9142.36,650.00
104.512580,9142.36,636.00
104.613106,9142.36,650.00
104.713653,9142.36,650.00
104.814266,9142.36,592.00
104.915077,9142.36,536.00
105.015666,9142.36,606.00
105.116370,9142.36,606.00
105.217383,9142.36,606.00
105.317973,9142.36,508.00
105.418510,9142.36,522.00
105.519155,9142.36,550.00
105.619921,9142.36,522.00
105.720865,9142.36,564.00
105.821564,9142.36,606.00
105.922183,9142.36,606.00
106.022950,9142.36,606.00
106.123806,9142.36,536.00
106.224622,9142.36,550.00
106.325524,9142.36,536.00
106.426547,9142.36,544.00
106.527662,9142.36,616.00
106.628616,9142.36,616.00
106.729309,9142.36,616.00
106.830281,9142.36,616.00
106.931173,9142.36,636.00
107.032165,9092.61,616.00
107.133293,9092.61,616.00
107.234080,9092.61,616.00
107.334819,9092.61,586.00
107.435604,9104.96,616.00
107.536481,9104.96,622.00
107.637382,9104.96,530.00
107.738084,9104.96,536.00
107.838764,9104.96,552.00
107.939495,9104.96,622.00
108.040399,9104.96,622.00
108.141147,9117.43,608.00
108.242088,9117.43,622.00
108.343174,9117.43,622.00
108.443849,9117.43,622.00
108.544457,9117.43,628.00
108.644950,9117.43,546.00
108.745714,9117.43,610.00
108.846371,9117.43,582.00
108.947040,9117.43,610.00
109.047576,9129.89,588.00
109.148209,9129.89,616.00
109.248923,9129.89,598.00
109.349472,9129.89,632.00
109.450207,9129.89,632.00
109.550902,9129.89,626.00
109.651614,9129.89,590.00
109.752214,9129.89,632.00
109.852780,9129.89,626.00
109.953462,9129.89,646.00
110.054053,9129.89,626.00
110.154893,9129.89,612.00
110.255631,9129.89,626.00
110.356392,9129.89,542.00
110.457135,9129.89,632.00
110.557672,9129.89,562.00
110.658254,9129.89,528.00
110.758861,9129.89,632.00
110.859566,9129.89,626.00
110.960135,9129.89,632.00
111.060857,9129.89,626.00
111.161493,9129.89,626.00
111.262185,9129.89,632.00
111.362920,9129.89,548.00
111.463585,9129.89,626.00
111.564307,9129.89,660.00
111.664906,9129.89,660.00
111.765527,9129.89,660.00
111.866239,9129.89,560.00
111.967248,9129.89,604.00
112.068019,9129.89,666.00
112.168805,9129.89,660.00
112.269619,9129.89,662.00
112.370630,9129.89,662.00
112.471620,9129.89,606.00
112.572785,9129.89,660.00
112.673496,9129.89,662.00
112.774178,9129.89,634.00
112.874669,9129.89,664.00
112.975385,9129.89,570.00
113.076001,9129.89,662.00
113.176660,9129.89,662.00
113.277254,9129.89,662.00
113.377858,9129.89,662.00
113.478481,9129.89,664.00
113.579142,9129.89,620.00
113.679845,9129.89,650.00
113.780630,9129.89,662.00
113.881508,9129.89,662.00
113.982137,9129.89,652.00
114.082888,9129.89,648.00
114.183834,9129.89,676.00
114.284399,9129.89,634.00
114.384934,9129.89,664.00
114.485562,9129.89,584.00
114.586326,9129.89,666.00
114.686959,9129.89,552.00
114.787451,9129.89,666.00
114.888107,9129.90,604.00
114.988661,9129.90,534.00
115.089142,9129.90,520.00
115.189699,9129.90,560.00
115.290360,9129.90,518.00
115.391142,9129.90,546.00
115.491719,9129.90,560.00
115.592610,9129.90,602.00
115.693339,9129.90,560.00
115.794180,9129.90,588.00
115.895077,9129.90,602.00
115.995976,9129.90,588.00
116.096786,9129.90,518.00
116.197739,9129.90,510.00
116.298269,9129.90,588.00
116.398946,9129.90,530.00
116.499707,9129.90,616.00
116.600645,9129.90,532.00
116.701517,9129.90,532.00
116.802358,9129.90,532.00
116.903091,9129.90,540.00
117.003893,9129.90,594.00
117.104668,9129.90,616.00
117.205577,9129.90,602.00
117.306185,9129.90,546.00
117.406741,9129.90,540.00
117.507328,9129.90,622.00
117.607881,9129.90,628.00
117.708726,9129.90,622.00
117.809484,9129.90,552.00
117.910065,9129.90,624.00
118.010742,9129.90,538.00
118.111300,9129.90,642.00
118.211919,9092.50,532.00
118.312937,9104.96,622.00
118.413800,9104.97,632.00
118.514352,9104.97,528.00
118.614974,9104.97,632.00
118.715536,9104.97,540.00
118.816148,9104.97,626.00
118.916703,9104.97,632.00
119.017265,9104.97,626.00
119.117865,9104.97,584.00
119.218404,9104.97,626.00
119.318982,9104.97,556.00
119.419635,9104.97,646.00
119.520250,9104.97,570.00
119.620841,9104.97,646.00
119.721496,9104.97,556.00
119.822135,9117.44,624.00
119.922666,9117.44,596.00
120.023372,9117.44,618.00
120.124367,9117.44,632.00
120.225204,9117.44,632.00
120.325984,9117.44,556.00
120.426591,9117.44,656.00
120.527329,9117.44,648.00
120.628113,9117.44,642.00
120.728861,9117.44,538.00
120.829447,9117.44,648.00
120.930467,9117.44,574.00
121.031202,9117.44,616.00
121.131718,9117.44,616.00
121.232334,9117.44,646.00
121.332906,9117.44,560.00
121.433554,9117.44,540.00
121.534216,9117.44,646.00
121.634797,9129.91,644.00
121.735463,9129.91,548.00
121.836102,9142.38,562.00
121.937081,9167.31,632.00
122.037982,9167.31,650.00
122.138797,9167.31,650.00
122.239675,9167.31,644.00
122.340477,9167.31,658.00
122.441608,9167.31,650.00
122.542684,9167.31,554.00
122.643449,9167.31,650.00
122.744304,9167.31,658.00
122.845369,9167.31,548.00
122.946176,9167.31,594.00
123.046998,9167.31,654.00
123.147548,9167.31,644.00
123.248252,9167.31,536.00
123.348967,9167.31,522.00
123.449751,9167.31,606.00
123.550559,9167.31,592.00
123.651409,9167.31,592.00
123.752371,9167.31,606.00
123.853478,9167.31,606.00
123.954630,9167.31,606.00
124.055741,9167.31,606.00
124.156585,9167.31,606.00
124.257530,9167.31,592.00
124.358355,9167.31,522.00
124.459266,9167.31,592.00
124.559798,9167.31,592.00
124.660337,9167.31,606.00
124.760949,9167.32,530.00
124.861527,9167.32,572.00
124.962279,9167.32,616.00
125.063227,9167.32,560.00
125.167238,9167.32,616.00
125.268014,9167.32,594.00
125.368780,9167.32,636.00
125.469568,9167.32,544.00
125.570337,9167.32,622.00
125.671114,9167.32,616.00
125.771957,9167.32,622.00
125.872700,9167.32,616.00
125.973454,9167.32,622.00
126.074194,9167.32,530.00
126.174958,9167.32,608.00
126.275730,9167.32,616.00
126.376530,9167.32,616.00
126.477347,9167.32,622.00
126.578253,9167.32,622.00
126.679068,9167.32,622.00
126.779810,9167.32,616.00
126.880532,9167.32,616.00
126.981308,9167.32,622.00
127.082045,9167.32,622.00
127.182922,9167.32,622.00
127.283676,9167.32,616.00
127.384236,9167.32,646.00
127.484904,9167.32,632.00
127.585844,9167.32,626.00
127.686817,9167.32,646.00
127.787547,9167.32,526.00
127.888193,9167.32,632.00
127.988889,9167.32,632.00
128.089513,9167.32,632.00
128.190070,9167.32,632.00
128.290692,9167.32,632.00
128.392035,9167.32,618.00
128.492955,9167.32,632.00
128.593762,9167.32,632.00
128.694948,9117.57,632.00
128.795721,9117.57,634.00
128.896664,9129.92,654.00
128.997725,9129.92,634.00
129.098475,9129.92,654.00
129.199221,9129.92,578.00
129.300117,9129.92,634.00
129.400957,9129.92,654.00
129.502032,9129.92,634.00
129.602825,9129.92,564.00
129.703583,9129.92,564.00
129.804386,9129.92,550.00
129.905262,9129.92,546.00
130.006179,9129.92,660.00
130.107046,9129.92,660.00
130.208089,9129.92,656.00
130.309196,9129.92,658.00
130.410404,9129.92,656.00
130.511394,9129.92,658.00
130.612312,9129.92,658.00
130.713212,9129.92,660.00
130.814254,9129.92,660.00
130.915304,9129.92,588.00
131.015949,9129.92,546.00
131.116726,9129.92,566.00
131.217674,9129.92,546.00
131.318244,9129.92,658.00
131.418944,9129.92,656.00
131.519473,9129.92,660.00
131.620082,9129.92,656.00
131.720704,9129.92,658.00
131.821341,9129.92,664.00
131.922004,9129.92,664.00
132.022658,9129.92,582.00
132.123336,9129.92,666.00
132.223978,9129.92,666.00
132.324650,9129.92,664.00
132.425204,9129.92,636.00
132.525953,9129.92,652.00
132.626764,9129.92,606.00
132.727714,9129.92,666.00
132.828454,9129.92,596.00
132.929263,9129.92,608.00
133.030114,9129.92,662.00
133.131036,9129.92,662.00
133.231989,9129.93,574.00
133.332821,9129.93,574.00
133.433637,9129.93,588.00
133.534186,9129.93,518.00
133.634828,9129.93,518.00
133.735395,9129.93,532.00
133.836096,9129.93,574.00
133.936726,9129.93,532.00
134.037321,9129.93,532.00
134.138017,9129.93,532.00
134.238729,9129.93,518.00
134.339303,9129.93,602.00
134.439916,9129.93,546.00
134.540504,9129.93,616.00
134.641206,9129.93,616.00
134.741924,9129.93,532.00
134.842774,9129.93,588.00
134.943728,9129.93,616.00
135.044306,9129.93,574.00
135.144931,9129.93,616.00
135.245498,9129.93,618.00
135.346159,9129.93,622.00
135.446763,9129.93,616.00
135.547389,9129.93,616.00
135.648105,9129.93,616.00
135.748736,9129.93,588.00
135.849335,9129.93,616.00
135.950007,9131.09,618.00
136.050797,9167.33,526.00
136.151412,9167.33,618.00
136.252080,9167.33,622.00
136.352685,9167.33,534.00
136.453291,9167.33,562.00
136.553851,9167.33,618.00
136.654455,9167.33,622.00
136.755144,9167.33,526.00
136.855730,9167.33,616.00
136.956415,9167.33,622.00
137.057095,9167.33,616.00
137.157889,9167.33,622.00
137.258681,9179.80,602.00
137.359240,9179.80,570.00
137.459780,9179.80,646.00
137.560498,9179.80,626.00
137.661363,9179.80,646.00
137.762276,9179.80,626.00
137.863005,9179.80,632.00
137.963665,9179.80,584.00
138.064237,9179.80,626.00
138.164909,9179.80,632.00
138.265474,9179.80,626.00
138.366101,9179.80,632.00
138.466689,9179.80,640.00
138.567219,9179.80,646.00
138.667793,9179.80,632.00
138.768400,9179.80,590.00
138.869171,9179.80,542.00
138.969900,9179.80,626.00
139.070841,9179.80,632.00
139.172143,9179.80,632.00
139.273195,9179.80,590.00
139.374012,9179.80,618.00
139.475031,9179.80,618.00
139.576149,9179.80,648.00
139.676707,9179.80,626.00
139.777323,9179.80,656.00
139.877969,9179.80,656.00
139.978522,9179.80,656.00
140.079024,9179.80,546.00
140.180013,9179.80,650.00
140.280595,9179.80,532.00
140.381638,9130.06,656.00
140.482903,9130.06,656.00
140.584128,9130.06,648.00
140.685079,9130.06,648.00
140.786073,9130.06,642.00
140.887027,9130.06,642.00
140.988204,9130.06,568.00
141.089192,9130.06,652.00
141.190227,9130.06,568.00
141.291098,9130.06,650.00
141.392207,9130.06,650.00
141.493330,9130.06,644.00
141.594241,9130.06,658.00
141.695041,9142.40,574.00
141.796003,9142.40,644.00
141.896777,9142.40,644.00
141.997774,9142.40,658.00
142.098648,9142.40,658.00
142.199494,9142.40,652.00
142.300649,9142.40,540.00
142.401436,9154.87,654.00
142.502389,9154.87,658.00
142.603502,9154.87,600.00
142.704310,9154.87,652.00
142.805711,9154.87,638.00
142.906815,9154.87,644.00
143.007702,9154.87,554.00
143.108600,9154.87,592.00
143.209419,9154.87,578.00
143.310204,9154.87,550.00
143.411090,9154.87,606.00
143.512152,9154.87,592.00
143.612950,9154.87,606.00
143.713825,9154.87,592.00
143.814875,9154.87,522.00
143.915636,9154.87,606.00
144.016452,9154.87,536.00
144.117326,9154.87,536.00
144.218257,9154.87,592.00
144.318822,9154.87,592.00
144.419350,9154.87,508.00
144.519940,9154.87,606.00
144.620701,9154.87,592.00
144.721556,9154.88,616.00
144.822346,9154.88,560.00
144.923093,9154.88,616.00
145.023851,9154.88,544.00
145.124577,9154.88,616.00
145.225441,9154.88,552.00
145.326679,9154.88,616.00
145.427900,9154.88,616.00
145.528679,9154.88,616.00
145.629561,9154.88,616.00
145.730343,9154.88,616.00
145.831095,9154.88,616.00
145.931914,9154.88,550.00
146.032779,9154.88,622.00
146.133563,9154.88,622.00
146.234161,9154.88,564.00
146.334843,9154.88,622.00
146.435447,9154.88,608.00
146.536195,9154.88,642.00
146.636932,9154.88,538.00
146.737472,9154.88,616.00
146.838028,9154.88,622.00
146.938762,9154.88,622.00
147.039780,9154.88,616.00
147.140310,9154.88,578.00
147.240955,9154.88,622.00
147.341573,9154.88,622.00
147.442289,9154.88,552.00
147.542830,9154.88,628.00
147.643746,9154.88,642.00
147.744528,9154.88,622.00
147.845443,9154.88,624.00
147.946243,9154.88,624.00
148.047059,9154.88,524.00
148.148017,9154.88,630.00
148.248765,9154.88,630.00
148.349499,9105.13,560.00
148.450284,9105.13,524.00
148.551015,9105.13,630.00
148.651981,9105.13,630.00
148.752722,9117.47,524.00
148.853513,9117.47,624.00
148.954351,9117.47,650.00
149.055094,9117.47,566.00
149.156066,9117.47,630.00
149.256666,9117.47,636.00
149.357302,9117.47,642.00
149.457962,9117.47,560.00
149.558590,9117.47,574.00
149.659331,9117.47,642.00
149.760071,9117.47,636.00
149.860910,9117.47,630.00
149.961598,9117.47,554.00
150.062278,9117.47,650.00
150.163067,9117.47,650.00
150.263963,9117.47,650.00
150.364842,9117.47,630.00
150.465546,9117.47,594.00
150.566272,9117.47,650.00
150.666930,9117.48,582.00
150.767566,9117.48,552.00
150.868231,9117.48,552.00
150.968885,9117.48,660.00
151.069567,9117.48,662.00
151.170225,9117.48,664.00
151.270797,9117.48,576.00
151.371461,9129.95,662.00
151.472066,9129.95,662.00
151.572701,9129.95,662.00
151.673482,9129.95,590.00
151.774066,9129.95,662.00
151.874690,9129.95,634.00
151.975290,9129.95,556.00
152.075870,9129.95,634.00
152.176543,9129.95,660.00
152.277165,9129.95,662.00
152.377724,9129.95,664.00
152.478399,9129.95,664.00
152.579010,9129.95,562.00
152.679576,9129.95,592.00
152.780283,9129.95,662.00
152.880996,9129.95,578.00
152.981567,9129.95,662.00
153.082121,9129.95,664.00
153.182825,9129.95,664.00
153.283390,9129.95,672.00
153.384128,9129.95,674.00
153.484675,9129.95,668.00
153.585519,9129.95,674.00
153.686155,9129.95,544.00
153.787103,9129.95,674.00
153.887821,9129.95,608.00
153.988388,9129.95,580.00
154.088980,9142.42,538.00
154.189607,9142.42,524.00
154.290372,9142.42,608.00
154.391097,9142.42,608.00
154.491698,9142.42,524.00
154.592355,9142.42,524.00
154.692983,9142.42,524.00
154.793591,9154.89,524.00
154.894289,9154.89,538.00
154.994812,9154.89,580.00
155.095423,9154.89,608.00
155.196004,9154.89,538.00
155.296506,9154.89,624.00
155.397089,9154.89,624.00
155.497624,9154.89,568.00
155.598278,9154.89,624.00
155.698847,9154.89,624.00
155.799429,9154.89,588.00
155.900015,9154.89,616.00
156.000567,9154.89,630.00
156.101164,9154.89,630.00
156.201795,9154.89,630.00
156.302301,9154.89,618.00
156.402826,9154.89,616.00
156.503350,9154.89,630.00
156.603979,9154.89,630.00
156.704582,9154.89,526.00
156.805194,9154.89,624.00
156.906012,9154.89,618.00
157.006962,9154.89,618.00
157.107503,9154.89,618.00
157.208202,9154.89,638.00
157.308755,9154.89,618.00
157.409359,9154.89,618.00
157.509923,9154.89,540.00
157.610677,9154.89,532.00
157.711530,9154.89,618.00
157.812071,9154.89,590.00
157.913010,9117.49,532.00
158.013831,9117.49,624.00
158.114501,9117.49,548.00
158.215360,9129.96,624.00
158.316427,9142.43,534.00
158.417280,9142.43,624.00
158.517912,9142.43,534.00
158.618871,9142.43,638.00
158.719604,9142.43,638.00
158.820523,9154.89,582.00
158.921520,9154.89,638.00
159.022315,9154.89,638.00
159.123137,9154.89,548.00
159.223945,9154.89,626.00
159.324442,9154.89,632.00
159.425070,9154.89,542.00
159.525657,9154.89,542.00
159.626305,9154.89,640.00
159.726933,9154.89,632.00
159.827549,9154.89,542.00
159.928167,9154.89,632.00
160.028703,9154.89,556.00
160.129199,9154.89,638.00
160.229880,9154.89,656.00
160.330611,9154.89,558.00
160.431126,9154.89,546.00
160.531835,9154.89,656.00
160.632504,9154.89,648.00
160.733042,9154.89,648.00
160.833681,9154.89,656.00
160.934251,9154.89,610.00
161.034832,9154.89,652.00
161.135551,9154.89,666.00
161.236158,9154.89,626.00
161.336661,9154.89,652.00
161.437252,9154.89,652.00
161.538322,9154.89,638.00
161.639289,9154.89,562.00
161.740396,9154.89,652.00
161.841346,9154.89,568.00
161.942182,9154.89,652.00
162.043079,9154.89,638.00
162.143871,9154.89,642.00
162.244813,9154.89,652.00
162.345549,9154.89,600.00
162.446301,9154.89,650.00
162.547258,9154.89,560.00
162.647991,9154.89,648.00
162.748758,9154.89,652.00
162.849667,9154.89,546.00
162.950628,9154.89,532.00
163.051304,9154.89,552.00
163.152096,9154.89,648.00
163.253043,9154.89,650.00
163.353975,9154.90,522.00
163.455114,9154.90,550.00
163.556212,9154.90,606.00
163.656925,9154.90,592.00
163.757615,9154.90,606.00
163.858980,9154.90,606.00
163.959916,9154.90,592.00
164.060613,9154.90,522.00
164.161169,9154.90,508.00
164.261714,9154.90,606.00
164.362301,9154.90,522.00
164.462874,9154.90,606.00
164.563396,9154.90,606.00
164.663946,9154.90,606.00
164.764494,9154.90,592.00
164.865034,9154.90,606.00
164.965746,9154.90,606.00
165.066510,9154.90,606.00
165.167329,9154.90,578.00
165.268162,9154.90,578.00
165.368978,9154.90,606.00
165.469736,9154.90,616.00
165.570533,9154.90,544.00
165.671338,9154.90,530.00
165.772091,9154.90,616.00
165.872819,9154.90,616.00
165.973740,9154.90,622.00
166.074496,9154.90,622.00
166.175282,9154.90,546.00
166.276109,9154.90,602.00
166.376865,9154.90,616.00
166.477612,9154.90,636.00
166.578351,9154.90,616.00
166.679112,9154.90,574.00
166.779859,9154.90,616.00
166.880830,9105.15,546.00
166.981367,9105.15,622.00
167.082014,9105.15,560.00
167.182659,9105.15,616.00
167.283295,9105.15,616.00
167.383906,9105.15,622.00
167.484525,9105.15,616.00
167.585145,9105.15,616.00
167.685770,9105.15,526.00
167.786312,9105.15,622.00
167.886859,9105.15,622.00
167.987464,9105.15,616.00
168.088017,9105.16,610.00
168.188560,9105.16,576.00
168.289106,9105.16,618.00
168.389738,9105.16,638.00
168.490391,9105.16,532.00
168.591018,9105.16,554.00
168.691611,9105.16,638.00
168.792220,9105.16,638.00
168.892763,9117.50,638.00
168.993439,9117.50,638.00
169.094143,9117.50,638.00
169.194689,9117.50,596.00
169.295227,9117.50,638.00
169.396192,9117.50,554.00
169.496980,9117.50,652.00
169.597554,9117.50,632.00
169.698210,9117.50,638.00
169.798762,9117.50,646.00
169.899379,9117.50,632.00
170.000063,9117.50,632.00
170.100644,9117.50,576.00
170.201208,9117.50,542.00
170.302280,9117.50,556.00
170.403374,9117.50,660.00
170.504271,9117.50,662.00
170.605404,9117.50,554.00
170.706333,9117.50,662.00
170.807338,9117.50,660.00
170.908500,9117.50,662.00
171.009310,9117.50,670.00
171.110514,9117.50,672.00
171.211639,9117.50,670.00
171.312494,9117.50,670.00
171.413672,9117.50,640.00
171.514921,9117.50,672.00
171.615765,9117.50,672.00
171.716628,9117.50,674.00
171.817242,9117.50,674.00
171.917922,9117.50,672.00
172.018642,9117.50,590.00
172.119300,9117.50,672.00
172.220266,9117.50,674.00
172.320913,9117.50,664.00
172.421606,9117.50,576.00
172.522320,9117.50,666.00
172.622881,9117.50,668.00
172.723517,9117.50,664.00
172.824441,9117.50,570.00
172.925254,9117.50,666.00
173.026031,9117.50,636.00
173.127024,9117.50,652.00
173.227807,9117.50,668.00
173.328560,9117.50,666.00
173.429231,9117.50,578.00
173.529892,9117.50,618.00
173.630378,9117.50,566.00
173.730907,9117.50,580.00
173.831443,9117.50,608.00
173.932125,9117.50,594.00
174.032638,9117.50,538.00
174.133317,9117.50,608.00
174.233888,9117.50,566.00
174.334528,9117.50,524.00
174.435145,9117.50,524.00
174.535768,9117.50,524.00
174.636284,9117.50,538.00
174.737154,9117.50,524.00
174.838025,9117.50,594.00
174.938773,9117.51,624.00
175.039510,9117.51,610.00
175.140256,9117.51,624.00
175.241218,9117.51,624.00
175.342174,9117.51,624.00
175.442898,9117.51,624.00
175.543613,9117.51,540.00
175.644389,9117.51,574.00
175.745153,9117.51,616.00
175.845894,9117.51,560.00
175.946685,9117.51,616.00
176.047515,9117.51,622.00
176.148255,9117.51,506.00
176.249186,9117.51,532.00
176.349838,9117.51,644.00
176.450397,9117.51,598.00
176.551034,9117.51,568.00
176.651846,9117.51,540.00
176.752443,9117.51,632.00
176.853166,9117.51,632.00
176.953929,9117.51,626.00
177.054571,9117.51,632.00
177.155413,9117.51,542.00
177.256159,9117.51,640.00
177.356968,9117.51,556.00
177.457731,9117.51,626.00
177.558553,9117.51,598.00
177.659172,9117.51,632.00
177.759747,9117.51,530.00
177.860372,9117.51,646.00
177.961087,9117.51,542.00
178.061835,9117.51,584.00
178.162411,9117.51,626.00
178.263172,9117.51,612.00
178.363930,9117.51,632.00
178.464650,9129.98,626.00
178.565600,9129.98,618.00
178.666351,9129.98,638.00
178.767133,9129.98,626.00
178.867842,9129.98,634.00
178.968628,9129.98,578.00
179.069396,9129.98,634.00
179.170211,9129.98,654.00
179.271232,9129.98,550.00
179.371952,9129.98,656.00
179.472667,9129.98,642.00
179.573523,9129.98,656.00
179.674333,9129.98,650.00
179.775048,9129.98,656.00
179.875788,9129.98,648.00
179.976515,9129.98,532.00
180.077259,9129.98,530.00
180.178068,9129.98,648.00
180.279089,9129.98,652.00
180.379937,9129.98,530.00
180.480486,9129.98,650.00
180.581131,9129.98,650.00
180.681848,9129.98,666.00
180.782414,9129.98,654.00
180.883034,9129.98,552.00
180.983565,9129.98,650.00
181.084202,9129.98,658.00
181.184836,9129.98,644.00
181.285392,9129.98,624.00
181.385975,9129.98,652.00
181.486496,9129.98,652.00
181.587130,9129.98,624.00
181.687827,9129.98,658.00
181.788485,9129.98,596.00
181.889361,9129.98,650.00
181.990094,9129.98,658.00
182.090708,9129.98,654.00
182.191412,9129.98,650.00
182.292319,9129.98,542.00
182.393015,9129.98,652.00
182.493660,9129.98,554.00
182.594225,9129.98,596.00
182.696311,9129.98,508.00
182.796943,9129.98,578.00
182.897519,9129.98,592.00
182.998168,9129.98,606.00
183.098748,9129.98,522.00
183.199297,9129.98,522.00
183.299958,9129.98,522.00
183.400610,9129.98,606.00
183.501211,9129.98,606.00
183.601774,9129.98,606.00
183.702308,9129.98,606.00
183.802969,9129.98,606.00
183.903554,9129.98,508.00
184.004316,9129.98,536.00
184.104837,9129.98,606.00
184.205421,9129.98,606.00
184.306437,9129.98,592.00
184.407151,9129.98,606.00
184.507975,9129.98,522.00
184.608582,9129.98,606.00
184.709282,9129.98,606.00
184.809880,9129.98,508.00
184.910449,9129.98,606.00
185.011173,9129.98,616.00
185.112318,9129.98,622.00
185.214369,9129.98,616.00
185.317237,9129.98,544.00
185.417805,9129.98,616.00
185.518342,9129.98,616.00
185.618906,9129.98,616.00
185.719652,9129.98,602.00
185.820216,9129.98,616.00
185.920940,9129.98,530.00
186.021518,9129.98,572.00
186.122309,9129.98,530.00
186.223059,9129.98,616.00
186.323741,9129.98,524.00
186.424401,9129.98,574.00
186.524986,9129.98,622.00
186.625568,9129.98,616.00
186.726215,9129.98,538.00
186.826871,9129.98,616.00
186.927535,9129.98,622.00
187.028262,9129.98,636.00
187.128999,9129.98,616.00
187.229556,9129.98,616.00
187.330233,9129.98,616.00
187.430921,9129.98,622.00
187.531491,9129.98,580.00
187.632256,9129.98,622.00
187.732836,9129.98,622.00
187.833439,9129.98,628.00
187.934043,9129.98,642.00
188.034661,9129.98,594.00
188.135264,9129.99,636.00
188.235836,9129.99,596.00
188.336433,9129.99,624.00
188.437012,9129.99,548.00
188.537545,9129.99,644.00
188.638214,9129.99,638.00
188.738853,9129.99,630.00
188.839488,9129.99,630.00
188.940111,9130.00,602.00
189.040689,9130.00,548.00
189.141302,9130.00,634.00
189.241962,9130.00,590.00
189.342545,9130.00,634.00
189.443225,9130.00,548.00
189.543803,9130.00,590.00
189.644393,9130.00,634.00
189.744970,9130.00,602.00
189.845568,9130.00,634.00
189.946210,9130.00,534.00
190.046754,9130.00,632.00
190.147413,9130.00,550.00
190.248122,9130.00,564.00
190.348890,9130.00,578.00
190.449476,9130.00,640.00
190.550064,9130.00,640.00
190.650929,9130.00,666.00
190.752021,9130.00,664.00
190.853084,9130.00,554.00
190.954196,9130.00,548.00
191.054962,9130.00,664.00
191.155946,9130.00,608.00
191.257130,9130.00,652.00
191.357806,9130.00,548.00
191.458370,9130.00,556.00
191.558923,9130.00,590.00
191.659468,9130.00,664.00
191.760024,9130.00,666.00
191.860603,9130.00,668.00
191.961228,9130.00,568.00
192.061778,9130.00,666.00
192.162322,9130.00,666.00
192.262873,9130.00,666.00
192.363420,9130.00,668.00
192.464001,9130.00,666.00
192.564546,9130.00,588.00
192.665112,9130.00,666.00
192.765706,9130.00,668.00
192.866270,9130.00,566.00
192.966843,9130.00,660.00
193.067508,9130.00,664.00
193.168207,9130.00,664.00
193.268786,9130.00,666.00
193.369435,9130.00,636.00
193.470182,9130.00,668.00
193.570774,9130.00,670.00
193.671585,9130.00,668.00
193.772405,9130.00,674.00
193.873337,9130.00,580.00
193.973939,9130.00,672.00
194.074520,9130.00,674.00
194.175126,9130.00,674.00
194.275922,9130.00,622.00
194.376558,9130.00,534.00
194.477300,9130.00,604.00
194.577967,9130.00,604.00
194.678593,9130.00,534.00
194.779536,9130.00,604.00
194.880309,9130.00,548.00
194.981152,9130.00,520.00
195.082001,9130.00,576.00
195.182625,9130.00,534.00
195.283230,9130.00,604.00
195.383817,9130.00,534.00
195.484388,9130.00,576.00
195.585068,9130.00,604.00
195.685833,9130.00,622.00
195.786413,9130.00,580.00
195.886968,9130.00,616.00
195.987836,9130.00,588.00
196.088573,9130.00,622.00
196.189705,9130.00,532.00
196.290707,9130.00,588.00
196.391549,9130.00,622.00
196.492468,9130.00,616.00
196.593432,9130.00,574.00
196.694308,9130.00,548.00
196.795143,9130.00,590.00
196.895822,9130.00,632.00
196.996417,9130.00,548.00
197.096954,9130.00,632.00
197.197604,9130.00,562.00
197.298263,9130.00,618.00
197.398841,9130.00,632.00
197.499561,9130.00,624.00
197.600243,9130.00,600.00
197.700877,9130.00,624.00
197.801509,9130.00,624.00
197.902085,9130.00,624.00
198.002940,9130.00,624.00
198.103681,9130.00,626.00
198.204326,9130.00,632.00
198.305184,9130.00,640.00
198.406088,9130.00,612.00
198.506644,9130.00,626.00
198.607319,9130.00,638.00
198.708033,9130.00,556.00
198.808600,9130.00,562.00
198.909446,9130.00,556.00
199.010318,9130.00,632.00
199.110876,9130.00,564.00
199.211452,9130.00,628.00
199.312038,9130.00,648.00
199.412917,9130.00,544.00
199.513485,9130.00,628.00
199.614042,9130.00,550.00
199.714661,9130.00,648.00
199.815282,9130.00,648.00
199.916026,9130.00,648.00
200.016637,9130.00,648.00
200.117269,9130.00,634.00
200.217928,9130.00,648.00
200.318557,9130.01,650.00
200.419208,9130.01,650.00
200.519762,9130.01,650.00
200.620576,9130.01,624.00
200.721421,9130.01,652.00
200.857348,9130.01,650.00
200.958007,9130.01,636.00
201.058666,9130.01,526.00
201.159216,9130.01,650.00
201.259830,9130.01,654.00
201.360462,9130.01,650.00
201.461050,9130.01,664.00
201.561619,9130.01,664.00
201.662211,9130.01,666.00
201.762790,9130.01,666.00
201.863376,9130.01,662.00
201.963938,9130.01,664.00
202.064653,9130.01,654.00
202.165192,9130.01,652.00
202.265869,9130.01,610.00
202.366541,9130.01,652.00
202.467225,9130.01,548.00
202.567974,9130.01,654.00
202.668641,9130.01,654.00
202.769326,9130.01,656.00
202.870021,9130.01,554.00
202.970613,9130.01,554.00
203.071248,9130.01,612.00
203.171918,9130.01,598.00
203.272669,9130.01,550.00
203.373405,9130.01,606.00
203.474080,9130.01,606.00
203.575010,9130.01,606.00
203.675592,9130.01,606.00
203.776258,9130.01,606.00
203.876883,9130.01,606.00
203.977491,9130.01,564.00
204.078129,9130.01,606.00
204.178852,9130.01,606.00
204.279891,9130.01,606.00
204.380563,9130.01,606.00
204.481290,9130.01,536.00
204.581865,9130.01,536.00
204.682436,9130.01,606.00
204.782982,9130.01,606.00
204.883635,9130.01,522.00
204.984303,9130.01,606.00
205.084948,9130.01,606.00
205.185549,9130.01,508.00
205.286151,9130.01,536.00
205.386757,9130.01,606.00
205.487502,9130.01,606.00
205.588136,9130.01,606.00
205.688786,9130.01,606.00
205.789357,9130.01,606.00
205.889901,9130.01,606.00
205.990451,9130.01,606.00
206.090971,9130.01,516.00
206.191565,9130.01,636.00
206.292214,9130.01,616.00
206.392827,9130.01,616.00
206.493392,9130.01,540.00
206.593939,9130.01,532.00
206.694637,9130.01,616.00
206.795307,9130.01,636.00
206.895890,9130.01,616.00
206.997002,9130.01,616.00
207.098007,9130.01,526.00
207.198990,9130.01,622.00
207.299960,9130.01,616.00
207.400688,9130.01,594.00
207.501523,9130.01,616.00
207.602536,9130.01,532.00
207.703545,9130.01,622.00
207.804323,9130.01,588.00
207.905263,9130.02,624.00
208.006145,9130.02,624.00
208.106779,9130.02,644.00
208.207705,9130.02,636.00
208.308797,9130.02,624.00
208.409368,9130.02,638.00
208.509972,9130.02,638.00
208.610946,9130.02,542.00
208.711986,9130.02,632.00
208.812931,9130.02,638.00
208.913866,9130.02,562.00
209.014926,9130.02,596.00
209.115826,9130.02,638.00
209.216808,9130.02,652.00
209.317928,9130.02,638.00
209.418807,9130.02,638.00
209.519687,9130.02,638.00
209.620806,9130.02,646.00
209.722081,9130.02,624.00
209.823453,9130.02,604.00
209.924414,9130.02,644.00
210.025580,9130.02,652.00
210.126424,9130.02,638.00
210.227272,9130.02,646.00
210.328130,9130.02,644.00
210.429116,9130.02,548.00
210.530172,9130.02,646.00
210.631215,9130.02,562.00
210.732095,9130.02,638.00
210.833120,9130.02,638.00
210.934032,9130.02,652.00
211.034925,9130.02,610.00
211.135960,9130.02,666.00
211.237048,9130.02,588.00
211.338047,9130.02,664.00
211.439065,9130.02,548.00
211.540086,9130.02,620.00
211.641114,9130.02,586.00
211.742266,9130.02,610.00
211.843731,9130.02,660.00
211.944999,9130.02,674.00
212.046108,9130.02,660.00
212.147093,9130.02,648.00
212.248233,9130.02,608.00
212.348814,9130.02,676.00
212.449459,9130.02,664.00
212.550207,9130.02,676.00
212.650878,9130.02,578.00
212.751585,9130.02,662.00
212.852163,9130.02,674.00
212.952847,9130.02,670.00
213.053465,9130.02,664.00
213.153990,9130.02,630.00
213.254701,9130.02,674.00
213.355642,9130.02,670.00
213.456534,9130.02,670.00
213.557339,9130.02,670.00
213.658145,9130.02,672.00
213.758924,9130.02,670.00
213.859733,9130.02,572.00
213.960602,9130.02,670.00
214.061608,9130.02,672.00
214.162426,9130.02,670.00
214.263337,9130.02,538.00
214.364072,9130.02,670.00
214.464902,9130.02,668.00
214.565724,9130.02,670.00
214.666537,9130.02,626.00
214.767135,9130.02,672.00
214.867730,9130.02,552.00
214.968378,9142.49,538.00
215.068976,9154.96,594.00
215.169841,9167.43,524.00
215.270393,9167.43,608.00
215.370984,9167.43,538.00
215.471930,9167.43,566.00
215.572760,9167.43,552.00
215.673907,9167.43,580.00
215.774533,9167.43,608.00
215.875130,9167.43,608.00
215.976006,9167.43,606.00
216.076761,9167.43,592.00
216.177548,9167.43,610.00
216.278275,9167.43,596.00
216.379004,9167.43,624.00
216.479731,9167.43,624.00
216.580715,9167.43,624.00
216.681594,9167.43,624.00
216.782322,9167.43,626.00
216.883148,9167.43,624.00
216.983971,9167.43,638.00
217.084727,9167.43,584.00
217.185535,9167.43,542.00
217.286309,9167.43,626.00
217.387043,9167.43,638.00
217.488002,9167.43,556.00
217.588861,9167.43,598.00
217.689706,9167.43,626.00
217.790596,9167.43,626.00
217.891430,9167.43,618.00
217.992379,9167.43,618.00
218.093187,9167.43,618.00
218.194045,9167.43,618.00
218.294845,9167.43,646.00
218.395649,9167.43,646.00
218.496603,9167.43,632.00
218.597357,9167.43,556.00
218.698106,9167.43,536.00
218.798798,9167.43,638.00
218.899509,9167.43,584.00
219.000207,9167.43,534.00
219.100732,9167.43,556.00
219.201286,9117.68,632.00
219.302173,9117.68,544.00
219.402906,9117.68,646.00
219.503739,9130.03,640.00
219.604713,9130.03,640.00
219.705683,9130.03,550.00
219.806497,9130.03,640.00
219.907108,9130.03,592.00
220.007882,9130.03,634.00
220.108449,9130.03,640.00
220.209324,9130.03,544.00
220.310085,9130.03,544.00
220.410865,9130.03,648.00
220.511478,9130.03,626.00
220.612064,9130.03,634.00
220.712754,9130.03,536.00
220.813342,9142.50,654.00
220.913931,9142.50,640.00
221.014526,9142.50,648.00
221.115267,9142.50,650.00
221.215999,9142.50,550.00
221.316817,9142.50,650.00
221.417712,9142.50,648.00
221.518294,9142.50,650.00
221.619206,9142.50,650.00
221.720177,9142.50,648.00
221.821011,9142.50,582.00
221.921946,9142.50,648.00
222.022956,9142.50,650.00
222.123869,9142.50,650.00
222.224847,9142.50,544.00
222.325705,9142.50,654.00
222.426634,9142.50,656.00
222.527718,9142.50,654.00
222.628580,9142.50,652.00
222.729577,9142.50,626.00
222.830534,9142.50,654.00
222.931433,9142.50,624.00
223.032230,9142.50,654.00
223.133095,9142.50,654.00
223.234459,9142.50,530.00
223.335506,9142.50,658.00
223.436443,9142.50,658.00
223.537163,9142.50,658.00
223.638042,9142.50,662.00
223.738661,9142.50,632.00
223.839256,9142.50,590.00
223.939927,9142.50,600.00
224.040825,9142.50,530.00
224.141612,9142.50,606.00
224.242359,9142.50,522.00
224.342898,9142.50,606.00
224.443587,9142.50,544.00
224.544191,9142.50,564.00
224.644825,9142.50,606.00
224.745569,9142.50,516.00
224.846341,9142.50,600.00
224.946977,9142.50,606.00
225.047574,9142.50,606.00
225.148355,9142.50,592.00
225.248898,9142.50,606.00
225.349673,9142.50,516.00
225.450372,9142.50,516.00
225.551059,9142.50,606.00
225.651772,9142.50,600.00
225.752563,9142.50,606.00
225.853555,9142.50,516.00
225.954289,9142.50,620.00
226.055563,9142.50,592.00
226.156574,9142.50,606.00
226.257640,9142.50,606.00
226.358913,9142.50,550.00
226.459861,9142.50,606.00
226.560956,9142.50,620.00
226.661752,9142.50,616.00
226.762529,9142.50,544.00
226.863307,9142.50,616.00
226.964070,9142.50,594.00
227.064675,9142.50,622.00
227.165328,9142.50,588.00
227.265892,9142.50,622.00
227.366498,9142.50,530.00
227.467128,9142.50,622.00
227.567665,9142.50,628.00
227.668546,9142.50,532.00
227.769472,9142.50,608.00
227.870108,9142.50,622.00
227.971143,9167.44,622.00
228.071685,9179.91,628.00
228.172222,9192.38,628.00
228.272854,9192.38,534.00
228.373440,9192.38,642.00
228.474059,9192.38,642.00
228.574618,9192.38,532.00
228.675228,9192.38,634.00
228.775784,9192.38,634.00
228.876472,9192.38,634.00
228.977411,9192.38,550.00
229.078065,9192.38,528.00
229.178677,9192.38,514.00
229.279262,9192.38,590.00
229.379920,9192.38,634.00
229.480626,9192.38,548.00
229.581488,9192.38,634.00
229.682243,9192.38,562.00
229.783057,9192.38,620.00
229.883709,9192.38,650.00
229.984280,9192.38,650.00
230.084964,9192.38,634.00
230.185953,9192.38,634.00
230.286495,9192.38,640.00
230.387094,9192.38,578.00
230.487744,9192.38,644.00
230.588366,9192.38,648.00
230.689063,9192.38,634.00
230.789802,9192.38,544.00
230.914076,9192.38,634.00
231.014699,9192.38,634.00
231.115387,9192.38,604.00
231.216199,9192.38,634.00
231.316737,9192.38,642.00
231.417368,9192.38,648.00
231.518054,9192.38,642.00
231.618674,9192.38,642.00
231.719181,9192.38,662.00
231.819970,9192.38,642.00
231.920662,9192.38,654.00
232.021302,9192.38,642.00
232.121838,9192.38,670.00
232.222438,9192.38,614.00
232.323030,9192.38,670.00
232.423706,9192.38,672.00
232.524351,9192.38,668.00
232.625137,9192.38,658.00
232.725751,9192.38,670.00
232.826435,9192.38,670.00
232.927111,9192.38,670.00
233.027810,9192.38,672.00
233.128365,9192.38,670.00
233.229062,9192.38,670.00
233.329930,9192.38,668.00
233.430553,9192.38,672.00
233.531359,9192.38,642.00
233.632111,9192.38,668.00
233.732868,9192.38,668.00
233.833627,9192.38,670.00
233.934749,9192.38,672.00
234.035555,9192.38,670.00
234.136334,9192.38,614.00
234.237314,9192.38,672.00
234.338030,9192.38,672.00
234.438753,9192.38,670.00
234.539319,9192.38,576.00
234.639808,9192.38,672.00
234.740450,9192.38,672.00
234.841163,9192.38,672.00
234.941832,9192.38,672.00
235.042556,9192.38,686.00
235.143200,9192.38,686.00
235.243783,9192.38,682.00
235.344437,9192.38,688.00
235.445206,9192.38,682.00
235.545902,9192.38,684.00
235.646622,9192.38,684.00
235.747215,9192.38,602.00
235.847837,9192.38,602.00
235.948433,9192.38,518.00
236.049212,9192.38,588.00
236.149793,9192.38,602.00
236.250407,9192.38,602.00
236.351012,9192.38,532.00
236.451699,9192.38,532.00
236.552474,9192.38,518.00
236.652979,9192.38,504.00
236.753553,9192.38,602.00
236.854284,9192.38,602.00
236.955170,9192.38,574.00
237.055885,9192.38,560.00
237.156692,9192.38,616.00
237.257489,9192.38,512.00
237.358147,9192.38,622.00
237.458892,9192.38,632.00
237.559565,9192.38,632.00
237.660248,9192.38,618.00
237.761031,9192.38,590.00
237.862022,9192.38,632.00
237.963265,9192.38,604.00
238.064433,9192.38,632.00
238.165577,9142.63,618.00
238.266556,9142.63,624.00
238.367656,9142.63,638.00
238.468807,9142.63,632.00
238.569744,9142.63,624.00
238.670794,9142.63,548.00
238.771882,9142.63,528.00
238.872979,9142.63,618.00
238.974228,9142.63,640.00
239.074816,9142.64,626.00
239.175344,9142.64,638.00
239.276120,9142.64,646.00
239.376690,9142.64,584.00
239.477309,9142.64,634.00
239.577918,9142.64,634.00
239.678521,9142.64,634.00
239.779218,9142.64,592.00
239.879750,9142.64,620.00
239.980486,9142.64,592.00
240.081225,9142.64,634.00
240.181902,9142.64,634.00
240.282641,9142.64,634.00
240.383315,9142.64,634.00
240.484096,9142.64,640.00
240.584638,9142.64,650.00
240.685232,9142.64,640.00
240.785926,9142.64,558.00
240.886471,9142.64,550.00
240.987050,9142.64,654.00
241.087750,9142.64,570.00
241.188487,9142.64,640.00
241.289289,9142.64,558.00
241.390242,9142.64,640.00
241.491144,9142.64,646.00
241.591873,9142.64,652.00
241.692658,9142.64,650.00
241.793398,9142.64,610.00
241.894097,9142.64,544.00
241.994860,9142.64,654.00
242.095474,9142.64,566.00
242.195973,9142.64,662.00
242.296636,9142.64,662.00
242.397249,9142.64,662.00
242.497850,9142.64,634.00
242.598501,9142.64,666.00
242.699081,9142.64,664.00
242.799612,9142.64,666.00
242.900475,9142.64,666.00
243.001382,9142.64,664.00
243.102165,9142.64,576.00
243.203246,9142.64,658.00
243.304006,9142.64,662.00
243.404879,9142.64,560.00
243.505598,9142.64,660.00
243.606296,9142.64,632.00
243.707029,9142.64,566.00
243.807771,9142.64,546.00
243.908838,9142.64,660.00
244.009709,9142.64,660.00
244.110552,9142.64,660.00
244.211419,9142.64,660.00
244.312279,9142.64,536.00
244.413020,9142.64,606.00
244.513740,9142.64,606.00
244.614644,9142.64,606.00
244.715407,9142.64,536.00
244.816299,9142.64,606.00
244.917181,9142.64,606.00
245.017987,9142.64,606.00
245.119212,9142.64,606.00
245.219757,9142.64,606.00
245.320370,9142.64,606.00
245.423345,9142.64,606.00
245.523945,9142.64,606.00
245.624524,9142.64,578.00
245.725125,9142.64,550.00
245.825796,9142.64,606.00
245.926405,9142.64,606.00
246.027030,9142.64,606.00
246.127574,9142.64,606.00
246.228142,9142.64,606.00
246.328740,9142.64,606.00
246.429822,9142.64,626.00
246.530705,9142.64,542.00
246.631271,9142.64,606.00
246.731804,9142.64,626.00
246.832369,9142.64,626.00
246.933196,9142.64,606.00
247.033880,9142.64,624.00
247.134469,9142.64,524.00
247.235237,9142.64,624.00
247.335775,9142.64,538.00
247.436395,9142.64,526.00
247.537020,9142.64,632.00
247.637644,9142.64,540.00
247.738296,9142.64,546.00
247.838981,9142.64,540.00
247.939616,9142.64,632.00
248.040396,9142.64,604.00
248.141145,9142.64,618.00
248.241975,9142.64,628.00
248.342683,9142.64,630.00
248.443501,9142.64,546.00
248.544250,9142.64,622.00
248.644980,9142.64,574.00
248.746072,9142.64,618.00
248.846710,9142.64,616.00
248.947287,9142.64,618.00
249.047867,9142.64,646.00
249.148452,9142.64,548.00
249.249071,9142.64,634.00
249.349720,9142.64,634.00
249.450507,9142.64,622.00
249.551472,9142.64,642.00
249.652131,9142.64,600.00
249.752663,9142.64,642.00
249.853399,9154.99,642.00
249.954104,9154.99,600.00
250.054930,9154.99,642.00
250.155637,9154.99,642.00
250.256461,9154.99,616.00
250.357237,9154.99,642.00
250.458097,9154.99,642.00
250.558824,9154.99,658.00
250.659562,9154.99,652.00
250.760409,9154.99,624.00
250.861189,9154.99,652.00
250.961981,9154.99,554.00
251.062611,9154.99,540.00
251.163196,9154.99,652.00
251.263910,9154.99,658.00
251.364622,9154.99,644.00
251.465253,9154.99,654.00
251.565941,9154.99,654.00
251.666628,9154.99,670.00
251.767509,9154.99,672.00
251.868090,9154.99,624.00
251.968672,9154.99,668.00
252.069248,9154.99,668.00
252.169843,9154.99,588.00
252.270408,9154.99,672.00
252.371140,9154.99,668.00
252.471806,9154.99,672.00
252.572378,9154.99,606.00
252.672952,9154.99,566.00
252.773560,9154.99,580.00
252.874219,9154.99,580.00
252.974847,9154.99,594.00
253.075564,9154.99,658.00
253.176162,9154.99,674.00
253.276901,9154.99,672.00
253.377727,9154.99,676.00
253.478272,9154.99,674.00
253.578803,9154.99,648.00
253.679337,9154.99,676.00
253.780049,9154.99,670.00
253.880653,9154.99,686.00
253.981601,9154.99,570.00
254.082319,9154.99,688.00
254.182819,9154.99,688.00
254.283516,9154.99,686.00
254.384374,9154.99,570.00
254.485259,9154.99,690.00
254.586055,9154.99,684.00
254.686594,9154.99,564.00
254.787318,9154.99,690.00
254.887914,9154.99,686.00
254.988820,9154.99,690.00
255.089623,9154.99,690.00
255.190500,9167.45,558.00
255.291407,9167.45,686.00
255.392430,9167.45,688.00
255.493554,9167.52,586.00
255.594565,9167.52,516.00
255.695682,9167.52,602.00
255.796519,9167.52,600.00
255.897261,9167.52,572.00
255.997954,9167.52,602.00
256.098604,9167.52,600.00
256.199272,9167.52,600.00
256.299890,9167.52,502.00
256.400503,9167.52,516.00
256.501257,9167.52,588.00
256.601810,9167.52,574.00
256.702544,9167.52,602.00
256.803111,9167.52,528.00
256.903708,9167.52,624.00
257.004304,9167.52,602.00
257.104862,9167.52,540.00
257.205398,9167.52,632.00
257.306114,9167.52,626.00
257.406743,9167.52,642.00
257.507312,9167.52,624.00
257.607976,9167.52,638.00
257.708598,9167.52,618.00
257.809292,9167.52,624.00
257.910011,9167.52,548.00
258.010762,9167.52,624.00
258.111342,9167.52,622.00
258.211942,9167.52,622.00
258.312499,9167.52,628.00
258.413104,9167.52,650.00
258.513739,9167.52,542.00
258.614459,9167.52,634.00
258.715091,9167.52,542.00
258.815653,9167.52,564.00
258.916405,9167.52,634.00
259.016923,9167.52,634.00
259.117499,9167.52,562.00
259.218123,9167.52,648.00
259.318641,9167.52,530.00
259.419193,9167.52,606.00
259.519780,9167.52,648.00
259.620448,9167.52,544.00
259.721041,9167.52,642.00
259.821639,9167.52,640.00
259.922393,9167.52,544.00
260.023137,9167.52,544.00
260.123762,9167.52,642.00
260.224309,9167.52,562.00
260.325117,9167.52,634.00
260.425709,9167.52,648.00
260.526441,9117.78,644.00
260.627071,9117.78,634.00
260.727726,9117.78,584.00
260.828422,9117.78,532.00
260.929172,9117.78,662.00
261.075940,9117.78,618.00
261.176593,9117.78,604.00
261.277429,9117.78,548.00
261.378054,9117.78,664.00
261.478782,9117.78,594.00
261.579478,9117.78,546.00
261.680499,9117.78,668.00
261.781189,9117.78,654.00
261.881876,9117.78,662.00
261.982649,9117.78,652.00
262.083346,9117.78,642.00
262.183897,9117.78,618.00
262.284489,9117.78,656.00
262.385342,9117.78,662.00
262.486182,9117.78,656.00
262.586981,9117.78,546.00
262.687646,9117.78,660.00
262.788251,9117.78,666.00
262.888935,9117.78,658.00
262.989681,9130.12,672.00
263.090282,9130.12,660.00
263.190819,9130.12,546.00
263.291460,9130.12,632.00
263.392170,9130.12,662.00
263.492943,9130.12,562.00
263.593605,9130.12,532.00
263.694222,9130.12,606.00
263.794887,9130.12,522.00
263.895433,9130.12,522.00
263.995966,9130.12,606.00
264.096556,9130.12,606.00
264.197164,9130.12,606.00
264.297768,9130.12,606.00
264.398339,9130.12,606.00
264.499093,9130.12,522.00
264.599956,9130.12,564.00
264.700818,9130.12,536.00
264.801425,9130.12,564.00
264.902238,9130.12,606.00
265.002887,9130.12,522.00
265.103488,9130.12,606.00
265.204176,9130.12,578.00
265.305275,9130.12,606.00
265.406083,9130.12,610.00
265.506979,9130.12,506.00
265.607834,9130.12,596.00
265.708363,9130.12,610.00
265.808905,9130.12,624.00
265.909569,9130.12,624.00
266.010197,9130.12,624.00
266.110737,9130.12,624.00
266.211372,9130.12,540.00
266.311931,9130.12,582.00
266.412674,9130.12,624.00
266.513674,9130.12,624.00
266.614317,9130.12,624.00
266.715380,9130.12,582.00
266.816168,9130.12,624.00
266.916813,9130.12,526.00
267.017566,9130.12,624.00
267.118104,9130.12,526.00
267.218782,9130.12,540.00
267.319560,9130.12,540.00
267.420417,9130.12,540.00
267.520953,9130.12,648.00
267.621582,9130.12,604.00
267.722183,9130.12,644.00
267.822914,9130.12,650.00
267.923579,9130.12,648.00
268.024328,9130.12,540.00
268.124920,9130.12,644.00
268.225856,9130.12,644.00
268.326655,9130.12,640.00
268.427704,9130.12,544.00
268.528719,9130.12,634.00
268.629688,9130.12,550.00
268.730666,9130.12,544.00
268.831632,9130.12,592.00
268.932706,9130.12,572.00
269.033641,9130.12,644.00
269.134518,9130.12,574.00
269.235342,9130.12,644.00
269.336320,9130.12,544.00
269.437016,9130.12,544.00
269.537719,9130.12,644.00
269.638472,9130.12,648.00
269.739104,9130.12,644.00
269.839796,9130.12,648.00
269.940512,9130.12,682.00
270.041211,9130.12,642.00
270.141733,9130.12,686.00
270.242262,9130.12,578.00
270.342892,9130.12,688.00
270.443586,9130.12,584.00
270.544271,9130.12,694.00
270.644909,9130.12,692.00
270.745561,9130.12,692.00
270.846363,9130.12,694.00
270.947165,9130.12,664.00
271.047720,9130.12,698.00
271.148510,9130.12,694.00
271.249226,9130.12,694.00
271.349846,9130.12,624.00
271.450476,9130.12,680.00
271.551215,9130.12,676.00
271.652007,9130.12,678.00
271.752647,9130.12,678.00
271.853342,9130.12,680.00
271.953938,9130.12,678.00
272.054613,9130.12,684.00
272.155570,9130.12,680.00
272.256413,9130.12,658.00
272.357115,9130.12,678.00
272.457804,9130.12,678.00
272.558433,9130.12,682.00
272.659001,9130.12,548.00
272.759679,9130.12,672.00
272.860414,9130.12,628.00
272.961028,9130.12,688.00
273.061599,9130.12,626.00
273.162241,9130.12,688.00
273.262831,9130.12,688.00
273.363397,9130.12,686.00
273.464133,9130.12,688.00
273.564756,9130.12,608.00
273.665518,9130.12,524.00
273.766099,9130.12,522.00
273.866808,9142.59,578.00
273.967471,9142.59,522.00
274.068212,9142.59,608.00
274.168811,9155.06,564.00
274.269404,9155.06,606.00
274.369977,9155.06,578.00
274.470598,9155.06,522.00
274.571195,9155.06,606.00
274.672564,9155.06,578.00
274.773754,9155.06,606.00
274.874902,9155.07,566.00
274.975609,9155.07,552.00
275.076257,9155.07,546.00
275.177031,9155.07,602.00
275.277679,9155.07,602.00
275.378263,9155.07,622.00
275.479335,9155.07,546.00
275.579912,9155.07,622.00
275.680503,9155.07,622.00
275.781106,9155.07,548.00
275.881848,9155.07,624.00
275.982759,9155.07,630.00
276.083468,9155.07,624.00
276.184214,9155.07,630.00
276.284993,9155.07,582.00
276.385874,9155.07,548.00
276.486585,9155.07,644.00
276.587165,9155.07,638.00
276.687856,9155.07,630.00
276.788478,9155.07,638.00
276.889042,9155.07,644.00
276.989698,9155.07,542.00
277.090264,9155.07,646.00
277.190914,9155.07,576.00
277.291511,9155.07,646.00
277.392410,9155.07,646.00
277.492938,9155.07,646.00
277.593491,9155.07,590.00
277.694221,9155.07,646.00
277.794830,9155.07,646.00
277.895446,9155.07,644.00
277.995996,9155.07,638.00
278.096529,9155.07,652.00
278.197264,9155.07,608.00
278.298071,9155.07,540.00
278.398851,9155.07,644.00
278.499722,9155.07,540.00
278.600665,9155.07,638.00
278.701409,9155.07,542.00
278.802281,9155.07,646.00
278.903019,9155.07,660.00
279.003804,9155.07,656.00
279.104569,9155.07,658.00
279.205318,9155.07,550.00
279.305895,9155.07,660.00
279.406478,9155.07,662.00
279.507197,9155.07,542.00
279.607850,9155.07,668.00
279.708527,9155.07,666.00
279.809108,9155.07,668.00
279.909689,9155.07,670.00
280.010315,9155.07,666.00
280.110867,9155.07,668.00
280.211460,9155.07,668.00
280.312252,9155.07,654.00
280.413143,9155.07,562.00
280.513684,9155.07,674.00
280.614300,9155.07,670.00
280.714944,9155.07,542.00
280.815484,9155.07,664.00
280.916163,9155.07,588.00
281.017001,9155.07,656.00
281.117544,9155.07,672.00
281.218209,9155.07,668.00
281.319081,9155.07,548.00
281.419889,9155.07,668.00
281.520437,9155.07,666.00
281.621162,9155.07,634.00
281.721747,9155.07,672.00
281.822638,9155.07,668.00
281.923499,9155.07,578.00
282.024262,9155.07,664.00
282.124805,9155.07,564.00
282.225424,9155.07,522.00
282.326043,9155.07,606.00
282.426757,9155.07,522.00
282.527288,9155.07,606.00
282.627818,9155.07,564.00
282.728472,9155.07,536.00
282.829076,9155.07,522.00
282.929612,9155.07,606.00
283.030230,9155.07,550.00
283.130920,9117.66,606.00
283.231715,9130.13,536.00
283.332316,9130.13,606.00
283.433000,9130.13,606.00
283.533657,9130.13,616.00
283.634435,9130.13,616.00
283.735063,9130.13,616.00
283.835658,9130.13,588.00
283.936403,9142.60,532.00
284.037259,9142.60,532.00
284.138060,9142.60,622.00
284.238808,9142.60,532.00
284.339565,9142.60,526.00
284.440383,9142.60,622.00
284.541101,9142.60,588.00
284.641722,9142.60,526.00
284.742307,9142.60,616.00
284.842837,9142.60,512.00
284.943399,9142.60,540.00
285.043934,9142.60,560.00
285.144662,9142.60,512.00
285.245317,9142.60,582.00
285.345894,9142.60,650.00
285.446618,9142.60,650.00
285.547393,9142.60,562.00
285.648212,9142.60,646.00
285.748986,9142.60,654.00
285.849877,9142.60,646.00
285.950656,9142.60,634.00
286.051526,9142.60,562.00
286.152519,9142.60,534.00
286.253259,9142.60,556.00
286.354020,9142.60,654.00
286.454792,9142.60,646.00
286.555336,9142.60,652.00
286.656008,9142.60,648.00
286.756555,9142.60,642.00
286.857132,9142.60,652.00
286.957663,9142.60,652.00
287.058256,9142.60,532.00
287.158844,9142.60,546.00
287.259447,9142.60,560.00
287.360037,9142.60,648.00
287.460584,9142.60,614.00
287.561144,9142.60,648.00
287.661788,9142.60,652.00
287.762335,9142.60,652.00
287.862967,9142.60,678.00
287.963508,9142.60,680.00
288.064026,9142.60,620.00
288.164544,9142.60,672.00
288.265177,9142.60,678.00
288.365825,9142.60,678.00
288.466756,9142.60,678.00
288.567601,9142.60,692.00
288.668653,9142.60,676.00
288.769441,9142.60,680.00
288.870478,9142.60,674.00
288.971203,9142.60,678.00
289.072059,9142.60,550.00
289.172812,9142.60,676.00
289.273460,9142.60,674.00
289.374002,9142.60,676.00
289.474568,9142.60,676.00
289.575088,9142.60,676.00
289.675638,9142.60,678.00
289.776233,9142.60,686.00
289.876877,9142.60,680.00
289.977583,9142.60,662.00
290.078177,9142.60,682.00
290.178737,9142.60,682.00
290.279338,9142.60,544.00
290.379867,9142.60,638.00
290.480434,9142.60,686.00
290.581148,9142.60,686.00
290.683017,9142.60,682.00
290.783545,9142.60,680.00
290.884115,9142.60,682.00
290.984670,9142.60,686.00
291.085190,9142.60,686.00
291.185753,9142.60,682.00
291.286443,9142.60,582.00
291.386979,9142.60,684.00
291.487614,9142.60,656.00
291.588292,9142.61,608.00
291.688875,9142.61,594.00
291.789490,9142.61,538.00
291.890167,9142.61,608.00
291.990862,9142.61,608.00
292.091386,9142.61,538.00
292.191977,9142.61,608.00
292.292982,9142.61,580.00
292.393530,9142.61,608.00
292.494090,9142.61,608.00
292.594810,9142.61,608.00
292.695467,9142.61,608.00
292.796046,9142.61,580.00
292.896579,9142.61,566.00
292.997388,9142.61,534.00
293.098205,9142.61,610.00
293.199259,9142.61,582.00
293.300081,9142.61,526.00
293.401003,9142.61,610.00
293.501768,9142.61,610.00
293.602932,9142.61,542.00
293.703942,9142.61,626.00
293.805004,9142.61,556.00
293.905963,9142.61,542.00
294.006857,9142.61,598.00
294.107651,9142.61,626.00
294.208547,9142.61,626.00
294.309462,9142.61,626.00
294.410537,9142.61,556.00
294.511808,9142.61,624.00
294.613145,9142.61,644.00
294.714335,9142.61,642.00
294.814935,9142.61,558.00
294.915573,9142.61,644.00
295.016210,9142.61,640.00
295.116809,9142.61,638.00
295.217619,9142.61,646.00
295.318192,9142.61,638.00
295.418699,9142.61,534.00
295.519322,9142.61,542.00
295.619868,9142.61,542.00
295.720446,9142.61,644.00
295.821005,9142.61,644.00
295.921947,9142.61,542.00
296.022719,9142.61,638.00
296.123588,9142.61,652.00
296.224349,9142.61,652.00
296.325291,9142.61,638.00
296.426057,9142.61,576.00
296.526772,9142.61,650.00
296.627501,9142.61,644.00
296.728298,9142.61,654.00
296.829129,9142.61,658.00
296.929933,9142.61,548.00
297.030669,9142.61,662.00
297.131434,9142.61,550.00
297.232159,9142.61,656.00
297.333129,9142.61,656.00
297.433955,9142.61,654.00
297.534903,9142.61,658.00
297.635625,9142.61,654.00
297.736483,9142.61,654.00
297.837216,9142.61,658.00
297.937822,9142.61,662.00
298.038462,9142.61,656.00
298.139002,9142.61,658.00
298.239555,9142.61,664.00
298.340267,9142.61,658.00
298.440821,9142.61,538.00
298.541364,9142.61,662.00
298.642279,9142.61,660.00
298.743312,9142.61,658.00
298.844123,9142.61,552.00
298.944871,9142.61,658.00
299.045777,9142.61,620.00
299.146903,9142.61,662.00
299.248053,9142.61,566.00
299.348667,9142.61,668.00
299.449410,9142.61,660.00
299.550230,9142.61,664.00
299.650894,9142.61,662.00
299.751561,9142.61,630.00
299.852378,9142.61,664.00
299.953067,9142.61,662.00
300.053787,9142.61,650.00
300.154400,9142.62,604.00
300.255225,9142.62,590.00
300.355898,9142.62,604.00
300.456610,9142.62,528.00
300.557308,9142.62,604.00
300.658060,9142.62,514.00
300.758704,9142.62,604.00
300.859245,9142.62,576.00
300.959936,9142.62,604.00
301.060557,9142.62,520.00
301.161192,9142.62,604.00
301.261828,9142.62,520.00
301.362377,9142.62,604.00
301.463149,9142.62,520.00
301.563785,9092.87,620.00
301.664333,9092.87,620.00
301.764942,9092.87,614.00
301.865488,9105.21,620.00
301.966212,9117.68,620.00
302.066818,9130.15,614.00
302.167485,9130.15,572.00
302.268160,9130.15,524.00
302.368835,9130.15,614.00
302.469459,9130.15,592.00
302.570223,9152.25,614.00
302.670884,9155.09,538.00
302.771491,9155.09,538.00
302.872102,9155.09,622.00
302.972799,9155.09,566.00
303.073345,9155.09,622.00
303.174059,9155.09,650.00
303.274961,9155.09,548.00
303.375570,9155.09,548.00
303.476122,9155.09,640.00
303.576667,9155.09,652.00
303.677231,9155.09,530.00
303.777890,9155.09,654.00
303.878617,9155.09,646.00
303.979563,9155.09,548.00
304.080100,9155.09,640.00
304.180810,9155.09,576.00
304.281424,9155.09,552.00
304.382111,9155.09,606.00
304.482742,9155.09,614.00
304.583412,9155.09,648.00
304.684106,9155.09,552.00
304.784784,9155.09,656.00
304.885548,9155.09,546.00
304.986294,9155.09,546.00
305.089227,9155.09,648.00
305.189864,9155.09,546.00
305.290460,9155.09,644.00
305.391043,9155.09,638.00
305.491600,9155.09,648.00
305.592266,9155.09,652.00
305.692876,9155.09,646.00
305.793607,9155.09,606.00
305.894321,9155.09,676.00
305.995117,9155.09,676.00
306.095687,9155.09,674.00
306.196340,9155.09,676.00
306.297107,9155.09,592.00
306.397940,9155.09,676.00
306.498855,9155.09,676.00
306.599439,9155.09,560.00
306.700025,9155.09,570.00
306.800578,9155.09,672.00
306.901162,9155.09,676.00
307.001743,9155.09,678.00
307.102297,9155.09,548.00
307.202861,9155.09,680.00
307.303473,9155.09,682.00
307.404177,9155.09,676.00
307.504818,9155.09,678.00
307.605479,9155.09,680.00
307.706103,9155.09,576.00
307.806869,9155.09,680.00
307.907546,9155.09,680.00
308.008419,9155.09,680.00
308.109243,9155.09,674.00
308.210020,9117.68,548.00
308.310856,9117.68,682.00
308.411630,9117.68,676.00
308.512480,9117.68,676.00
308.613297,9117.68,548.00
308.714025,9117.68,634.00
308.814811,9117.68,678.00
308.915358,9117.68,680.00
309.015926,9117.68,634.00
309.116544,9117.68,680.00
309.217200,9117.68,674.00
309.317807,9117.68,686.00
309.418486,9117.68,564.00
309.519331,9117.68,504.00
309.619928,9117.68,532.00
309.720457,9117.68,546.00
309.821057,9117.68,546.00
309.921564,9117.68,602.00
310.022169,9117.68,504.00
310.122789,9117.68,546.00
310.223397,9117.68,588.00
310.324001,9117.68,546.00
310.424496,9117.68,546.00
310.525100,9117.68,532.00
310.625704,9117.68,602.00
310.726506,9117.68,560.00
310.827371,9117.68,602.00
310.928190,9117.69,546.00
311.028808,9117.69,532.00
311.129365,9117.69,622.00
311.230038,9117.69,632.00
311.330742,9117.69,514.00
311.431331,9117.69,632.00
311.531904,9117.69,514.00
311.632425,9117.69,548.00
311.733549,9117.69,618.00
311.834567,9117.69,632.00
311.935253,9117.69,632.00
312.036093,9117.69,626.00
312.136901,9117.69,612.00
312.237817,9117.69,632.00
312.338538,9117.69,570.00
312.439561,9117.69,634.00
312.540521,9117.69,640.00
312.641514,9117.69,606.00
312.742238,9117.69,634.00
312.842848,9117.69,524.00
312.943377,9117.69,650.00
313.043975,9117.69,546.00
313.144518,9117.69,650.00
313.245062,9117.69,578.00
313.345599,9117.69,642.00
313.446140,9117.69,650.00
313.546674,9117.69,646.00
313.647265,9117.69,650.00
313.747870,9117.69,650.00
313.848483,9117.69,664.00
313.949053,9117.69,650.00
314.049608,9117.69,650.00
314.150155,9117.69,562.00
314.250764,9117.69,648.00
314.351369,9117.69,650.00
314.451955,9117.69,642.00
314.552667,9117.69,646.00
314.653301,9117.69,546.00
314.753871,9117.69,608.00
314.854442,9117.69,660.00
314.955516,9117.69,574.00
315.056079,9117.69,658.00
315.156632,9117.69,658.00
315.257270,9117.69,554.00
315.357816,9117.69,532.00
315.458385,9117.69,668.00
315.559079,9117.69,600.00
315.659811,9117.69,560.00
315.760442,9117.69,654.00
315.861026,9117.69,656.00
315.961713,9117.69,668.00
316.062295,9117.69,668.00
316.162923,9117.69,670.00
316.263517,9117.69,670.00
316.364123,9117.69,672.00
316.464659,9117.69,548.00
316.565334,9117.69,676.00
316.666219,9117.69,666.00
316.767039,9117.69,594.00
316.867923,9117.69,670.00
316.968728,9117.69,670.00
317.069526,9117.69,670.00
317.170470,9117.69,556.00
317.271291,9117.69,598.00
317.372105,9117.69,556.00
317.472953,9117.69,658.00
317.573840,9117.69,556.00
317.674594,9117.69,570.00
317.775463,9117.69,556.00
317.876518,9117.69,676.00
317.977739,9117.69,606.00
318.078517,9117.69,592.00
318.179275,9117.69,564.00
318.280082,9117.69,606.00
318.380912,9117.69,578.00
318.481715,9117.69,606.00
318.582474,9130.16,606.00
318.683459,9142.63,578.00
318.784410,9142.63,606.00
318.885203,9142.63,522.00
318.985896,9142.63,578.00
319.086621,9142.63,592.00
319.187253,9142.63,578.00
319.287837,9142.63,564.00
319.388388,9142.63,616.00
319.489075,9142.63,602.00
319.589628,9142.63,512.00
319.690414,9142.63,512.00
319.791096,9142.63,532.00
319.891855,9142.63,532.00
319.992457,9142.63,532.00
320.093157,9142.63,622.00
320.193785,9142.63,616.00
320.294335,9142.63,622.00
320.395016,9142.63,546.00
320.495592,9142.63,532.00
320.596316,9142.63,526.00
320.696982,9142.63,602.00
320.797527,9142.63,616.00
320.898206,9142.63,602.00
320.998896,9142.63,622.00
321.099709,9142.63,640.00
321.200274,9142.63,624.00
321.300930,9142.63,660.00
321.401661,9142.63,514.00
321.502452,9142.63,640.00
321.603284,9142.63,640.00
321.704182,9142.63,630.00
321.805176,9142.63,640.00
321.906002,9142.63,642.00
322.006811,9142.63,646.00
322.107519,9142.63,558.00
322.208482,9142.63,642.00
322.309289,9142.63,648.00
322.409877,9142.63,642.00
322.510534,9142.63,646.00
322.611085,9142.63,644.00
322.711680,9142.63,650.00
322.812367,9142.63,600.00
322.913204,9142.63,644.00
323.013761,9142.63,648.00
323.114319,9142.63,546.00
323.214893,9142.63,646.00
323.315821,9142.63,644.00
323.416500,9142.63,650.00
323.517214,9142.63,644.00
323.617837,9142.63,546.00
323.718431,9142.63,672.00
323.819029,9142.63,676.00
323.919626,9142.63,674.00
324.020307,9142.63,548.00
324.120869,9142.63,546.00
324.221653,9142.63,560.00
324.322275,9142.63,676.00
324.422931,9142.63,680.00
324.523481,9142.63,676.00
324.624184,9142.63,544.00
324.724997,9142.63,690.00
324.825525,9142.63,678.00
324.926123,9142.63,678.00
325.026811,9142.63,678.00
325.127574,9142.63,674.00
325.228334,9142.63,678.00
325.328902,9142.63,674.00
325.429654,9142.63,578.00
325.530459,9142.63,678.00
325.631068,9142.63,678.00
325.731635,9142.63,686.00
325.832310,9142.63,680.00
325.933167,9142.63,684.00
326.033769,9142.63,684.00
326.134542,9142.63,686.00
326.235336,9142.63,686.00
326.336292,9142.63,560.00
326.437068,9142.63,686.00
326.537844,9142.63,678.00
326.638710,9142.63,560.00
326.739769,9142.63,682.00
326.840587,9142.63,684.00
326.941292,9142.63,560.00
327.041881,9142.63,686.00
327.142432,9142.63,690.00
327.243308,9142.63,682.00
327.344189,9142.63,684.00
327.444766,9142.63,532.00
327.545361,9142.63,518.00
327.646076,9142.63,518.00
327.746686,9142.63,602.00
327.847354,9142.63,532.00
327.947945,9142.63,560.00
328.048472,9142.63,518.00
328.149150,9142.63,602.00
328.249729,9142.63,602.00
328.350420,9142.63,602.00
328.451019,9142.63,574.00
328.551674,9142.63,602.00
328.652352,9142.63,602.00
328.752966,9142.63,604.00
328.853621,9142.63,528.00
328.954402,9142.63,540.00
329.055145,9142.63,540.00
329.155824,9142.63,604.00
329.256461,9142.63,526.00
329.357097,9142.63,540.00
329.457742,9142.63,632.00
329.558370,9142.63,536.00
329.658918,9142.63,584.00
329.759477,9092.88,626.00
329.860216,9092.88,522.00
329.960760,9092.88,604.00
330.061453,9092.88,578.00
330.162129,9092.88,538.00
330.262899,9092.88,538.00
330.363440,9092.89,544.00
330.463993,9105.23,644.00
330.564620,9105.23,642.00
330.665202,9105.23,648.00
330.765752,9105.23,648.00
330.866609,9105.23,648.00
330.967327,9117.70,640.00
331.067891,9117.70,640.00
331.168506,9117.70,642.00
331.269267,9130.17,648.00
331.369999,9130.17,650.00
331.470667,9130.17,642.00
331.571486,9130.17,644.00
331.672173,9130.17,644.00
331.773248,9130.17,540.00
331.873898,9130.17,636.00
331.974516,9130.17,650.00
332.075149,9130.17,650.00
332.175929,9130.17,650.00
332.276770,9130.17,638.00
332.377482,9130.17,560.00
332.478307,9130.17,644.00
332.579048,9130.17,642.00
332.679843,9130.17,644.00
332.780641,9130.17,650.00
332.881486,9130.17,666.00
332.982179,9130.17,670.00
333.082753,9130.17,670.00
333.183355,9130.17,668.00
333.283942,9130.17,670.00
333.384601,9130.17,670.00
333.485315,9130.17,668.00
333.586033,9130.17,670.00
333.686690,9130.17,670.00
333.787397,9130.17,672.00
333.888150,9130.17,642.00
333.988742,9130.17,656.00
334.089647,9130.17,668.00
334.190347,9130.17,672.00
334.291087,9130.17,676.00
334.391806,9130.17,674.00
334.492469,9130.17,584.00
334.593157,9130.17,674.00
334.693939,9130.17,552.00
334.794567,9130.17,668.00
334.895225,9130.17,674.00
334.995837,9130.17,668.00
335.096446,9130.17,676.00
335.197155,9130.17,668.00
335.297824,9130.17,666.00
335.398436,9130.17,682.00
335.498980,9130.17,556.00
335.599770,9130.17,680.00
335.700333,9130.17,680.00
335.800956,9130.17,682.00
335.901507,9130.17,640.00
336.002154,9130.17,606.00
336.102731,9130.17,578.00
336.203274,9130.17,550.00
336.303976,9130.17,536.00
336.404633,9130.17,522.00
336.505299,9130.17,536.00
336.605947,9130.17,522.00
336.706624,9130.17,606.00
336.807374,9130.17,606.00
336.908081,9130.17,606.00
337.008669,9130.17,606.00
337.109316,9130.17,522.00
337.210018,9130.17,522.00
337.310571,9130.18,538.00
337.411475,9130.18,554.00
337.512261,9130.18,524.00
337.612942,9130.18,624.00
337.713500,9130.18,524.00
337.814438,9130.18,624.00
337.915285,9130.18,596.00
338.015908,9130.18,532.00
338.116516,9130.18,616.00
338.217247,9130.18,616.00
338.318404,9130.18,562.00
338.419326,9130.18,616.00
338.520065,9130.18,580.00
338.620643,9130.18,616.00
338.721481,9130.18,562.00
338.822040,9130.18,638.00
338.922595,9130.18,624.00
339.023368,9130.18,624.00
339.124015,9130.18,644.00
339.224627,9130.18,648.00
339.325263,9130.18,646.00
339.425817,9130.18,644.00
339.526488,9130.18,648.00
339.627111,9130.18,616.00
339.727776,9130.18,644.00
339.828328,9130.18,646.00
339.928923,9130.18,574.00
340.029533,9130.18,650.00
340.130407,9130.18,540.00
340.231232,9130.18,634.00
340.331936,9130.18,608.00
340.432962,9130.18,630.00
340.533517,9130.18,644.00
340.634120,9130.18,646.00
340.734769,9130.18,540.00
340.835597,9130.18,642.00
340.936259,9130.18,644.00
341.036835,9130.18,560.00
341.137545,9130.18,616.00
341.238223,9130.18,594.00
341.338791,9130.18,650.00
341.439381,9130.18,650.00
341.540008,9130.18,652.00
341.640707,9130.18,554.00
341.741271,9130.18,678.00
341.841873,9130.18,676.00
341.942579,9130.18,676.00
342.043581,9130.18,606.00
342.144561,9130.18,672.00
342.245431,9130.18,676.00
342.346058,9130.18,674.00
342.446759,9130.18,634.00
342.547460,9130.18,676.00
342.648091,9130.18,678.00
342.748729,9130.18,672.00
342.849288,9130.18,550.00
342.949876,9130.18,676.00
343.050478,9130.18,680.00
343.151105,9130.18,680.00
343.251684,9130.18,688.00
343.352348,9130.18,674.00
343.452925,9130.18,646.00
343.553522,9130.18,644.00
343.654182,9130.18,678.00
343.754776,9130.18,682.00
343.855418,9130.18,678.00
343.956155,9130.18,548.00
344.056894,9130.18,568.00
344.157476,9130.18,678.00
344.258093,9130.18,680.00
344.358711,9130.18,550.00
344.459294,9130.18,686.00
344.559863,9130.18,678.00
344.660385,9130.18,654.00
344.761064,9130.18,578.00
344.861663,9130.18,676.00
344.962503,9130.18,678.00
345.063433,9130.18,680.00
345.164201,9130.18,596.00
345.264977,9130.18,684.00
345.365778,9130.18,678.00
345.466537,9130.18,548.00
345.567337,9130.18,576.00
345.668070,9130.18,520.00
345.768885,9130.18,534.00
345.869717,9130.18,548.00
345.970560,9130.18,562.00
346.071294,9130.18,548.00
346.172137,9130.18,604.00
346.273053,9130.18,602.00
346.373724,9130.18,560.00
346.474275,9130.18,602.00
346.574844,9130.18,602.00
346.675409,9130.18,602.00
346.775980,9130.18,602.00
346.876554,9130.18,556.00
346.977164,9130.18,626.00
347.077783,9130.18,528.00
347.178398,9130.18,570.00
347.279218,9130.18,542.00
347.379873,9130.18,542.00
347.480562,9130.18,542.00
347.581125,9130.18,632.00
347.681675,9130.18,628.00
347.782341,9130.18,558.00
347.882943,9130.18,570.00
347.983624,9130.18,598.00
348.084152,9130.18,640.00
348.184872,9130.18,640.00
348.285476,9130.18,598.00
348.386065,9130.18,626.00
348.486876,9130.18,650.00
348.587663,9130.18,632.00
348.688296,9130.18,604.00
348.788938,9130.18,612.00
348.889628,9130.18,542.00
348.990222,9130.18,650.00
349.090822,9130.18,642.00
349.191400,9130.18,636.00
349.292016,9130.18,644.00
349.392628,9130.18,636.00
349.493262,9130.18,588.00
349.593836,9130.18,646.00
349.694355,9130.18,646.00
349.795478,9130.18,644.00
349.896408,9130.18,652.00
349.997385,9130.18,570.00
350.098271,9130.18,556.00
350.198895,9130.18,654.00
350.299532,9130.18,660.00
350.400230,9130.18,656.00
350.501049,9130.18,658.00
350.601731,9130.18,660.00
350.702418,9130.18,654.00
350.803152,9130.18,652.00
350.903848,9130.18,526.00
351.004469,9130.18,662.00
351.105113,9130.18,634.00
351.205787,9130.18,544.00
351.306359,9130.18,592.00
351.407105,9130.18,664.00
351.507756,9130.18,668.00
351.608471,9130.18,666.00
351.709116,9130.18,668.00
351.809843,9130.18,666.00
351.910657,9130.18,556.00
352.011378,9130.18,644.00
352.111941,9130.18,556.00
352.212609,9130.18,612.00
352.313265,9130.18,666.00
352.414041,9130.18,670.00
352.514773,9130.18,556.00
352.615574,9130.18,612.00
352.716304,9130.18,582.00
352.817030,9130.18,672.00
352.917596,9130.18,672.00
353.018349,9130.18,676.00
353.118944,9130.18,674.00
353.219549,9130.18,672.00
353.320151,9130.18,674.00
353.420891,9130.18,676.00
353.521567,9130.18,674.00
353.622205,9130.18,672.00
353.722771,9130.18,670.00
353.823280,9130.18,674.00
353.923917,9130.18,674.00
354.024595,9130.18,548.00
354.125247,9130.18,606.00
354.225885,9130.18,522.00
354.326391,9130.18,606.00
354.426962,9130.18,592.00
354.527515,9130.18,606.00
354.628136,9130.18,564.00
354.728947,9130.18,606.00
354.829584,9130.18,606.00
354.930297,9130.18,608.00
355.030874,9130.18,608.00
355.131461,9130.18,538.00
355.232124,9130.18,566.00
355.332744,9130.18,608.00
355.433310,9130.18,624.00
355.533932,9130.18,624.00
355.634600,9130.18,610.00
355.735303,9130.18,610.00
355.835911,9130.18,616.00
355.936517,9130.18,610.00
356.037136,9130.18,602.00
356.137707,9130.18,540.00
356.238313,9130.18,624.00
356.338872,9130.18,630.00
356.439399,9130.18,548.00
356.540062,9130.18,542.00
356.640701,9130.18,556.00
356.741295,9130.18,542.00
356.841839,9130.18,626.00
356.942386,9130.18,626.00
357.042991,9130.18,570.00
357.143543,9130.19,544.00
357.244091,9130.19,650.00
357.344608,9130.19,650.00
357.445251,9130.19,648.00
357.545828,9130.19,646.00
357.646488,9130.19,650.00
357.747036,9130.19,594.00
357.847686,9130.19,648.00
357.948769,9130.19,552.00
358.049462,9130.19,652.00
358.150015,9130.19,584.00
358.250754,9130.19,566.00
358.351408,9130.19,552.00
358.452015,9130.19,566.00
358.552555,9130.19,650.00
358.653157,9130.19,568.00
358.753683,9130.19,656.00
358.854264,9130.19,652.00
358.954812,9130.19,650.00
359.055398,9130.19,584.00
359.156078,9130.19,598.00
359.256782,9130.19,648.00
359.357362,9130.19,652.00
359.457926,9130.19,650.00
359.558682,9130.19,566.00
359.659313,9130.19,654.00
359.759919,9130.19,674.00
359.860475,9130.19,678.00
359.961092,9130.19,676.00
360.061715,9130.19,676.00
360.162432,9130.19,680.00
360.263060,9130.19,678.00
360.363626,9130.19,676.00
360.464151,9130.19,680.00
360.564867,9130.19,686.00
360.665427,9130.19,564.00
360.766073,9130.19,680.00
360.866620,9130.19,680.00
360.967264,9130.19,596.00
361.067830,9130.19,576.00
361.168413,9130.19,556.00
361.269261,9130.19,680.00
361.369965,9130.19,680.00
361.470529,9130.19,600.00
361.571140,9130.19,674.00
361.671731,9130.19,564.00
361.772307,9130.19,678.00
361.872916,9130.19,648.00
361.973809,9130.19,688.00
362.074558,9130.19,688.00
362.175318,9130.19,688.00
362.276281,9130.19,690.00
362.377026,9130.19,688.00
362.477562,9130.19,690.00
362.578302,9130.19,686.00
362.678867,9130.19,694.00
362.779517,9130.19,566.00
362.880245,9130.19,650.00
362.980836,9130.19,686.00
363.081340,9130.19,690.00
363.182002,9130.19,694.00
363.282665,9130.19,602.00
363.383232,9130.19,574.00
363.483793,9130.19,574.00
363.584440,9130.19,602.00
363.684983,9130.19,560.00
363.785606,9130.19,602.00
363.886223,9130.19,588.00
363.986924,9130.19,602.00
364.087586,9130.19,602.00
364.188291,9130.19,588.00
364.288814,9130.19,518.00
364.389335,9130.19,546.00
364.489912,9130.19,546.00
364.590467,9130.19,602.00
364.691201,9130.19,632.00
364.791987,9130.19,536.00
364.892638,9130.19,584.00
364.993336,9130.19,626.00
365.095215,9130.19,612.00
365.195893,9130.19,542.00
365.297267,9130.19,628.00
365.398011,9130.19,564.00
365.498757,9130.19,640.00
365.599497,9130.19,584.00
365.700272,9130.19,530.00
365.801031,9130.19,598.00
365.901815,9130.19,634.00
366.002613,9130.19,620.00
366.103505,9130.19,640.00
366.204703,9130.19,536.00
366.305608,9130.19,648.00
366.406421,9130.19,656.00
366.507439,9130.19,662.00
366.608532,9130.19,656.00
366.709382,9130.19,660.00
366.810323,9130.19,648.00
366.911074,9130.19,542.00
367.011952,9130.19,654.00
367.112599,9130.19,556.00
367.213449,9130.19,656.00
367.314256,9130.19,550.00
367.415296,9130.19,566.00
367.516116,9130.19,640.00
367.616911,9130.19,648.00
367.717709,9130.19,652.00
367.818652,9130.19,598.00
367.919435,9130.19,572.00
368.020289,9130.19,596.00
368.121193,9130.19,640.00
368.222128,9130.19,544.00
368.322890,9130.19,554.00
368.423974,9130.19,652.00
368.524962,9130.19,654.00
368.625691,9130.19,652.00
368.726832,9130.19,532.00
368.827563,9130.20,668.00
368.928595,9130.20,546.00
369.029334,9130.20,678.00
369.130111,9130.20,670.00
369.231238,9130.20,628.00
369.332131,9130.20,672.00
369.432898,9130.20,670.00
369.533831,9130.20,670.00
369.634546,9130.20,672.00
369.735363,9130.20,554.00
369.836099,9130.20,672.00
369.937099,9130.20,676.00
370.038093,9130.20,674.00
370.138861,9130.20,632.00
370.239609,9130.20,612.00
370.340323,9130.20,676.00
370.441102,9130.20,676.00
370.542216,9130.20,582.00
370.643275,9130.20,662.00
370.744043,9130.20,584.00
370.844862,9130.20,678.00
370.945799,9130.20,554.00
371.046563,9130.20,642.00
371.147320,9130.20,648.00
371.248173,9130.20,636.00
371.349276,9130.20,568.00
371.449949,9130.20,686.00
371.550580,9130.20,682.00
371.651317,9130.20,686.00
371.751909,9130.20,690.00
371.852585,9130.20,684.00
371.953165,9130.20,688.00
372.053736,9130.20,550.00
372.154421,9130.20,606.00
372.255097,9142.66,564.00
372.355746,9142.66,522.00
372.456511,9155.13,606.00
372.557255,9155.13,594.00
372.658015,9155.13,524.00
372.758658,9167.60,510.00
372.859300,9167.60,608.00
372.959928,9167.60,524.00
373.060803,9167.60,594.00
373.161400,9180.07,524.00
373.262004,9180.07,566.00
373.362651,9180.07,522.00
373.463223,9180.07,624.00
373.563784,9180.07,624.00
373.664313,9180.07,624.00
373.764963,9180.07,540.00
373.865512,9180.07,596.00
373.966243,9180.07,610.00
374.066809,9180.07,624.00
374.167443,9180.07,612.00
374.268027,9180.07,554.00
374.368587,9180.07,584.00
374.469199,9180.07,616.00
374.569913,9180.07,630.00
374.670619,9180.07,630.00
374.771508,9180.07,632.00
374.872253,9180.07,626.00
374.972866,9180.07,626.00
375.073433,9180.07,576.00
375.174199,9180.07,566.00
375.274768,9180.07,650.00
375.375406,9180.07,596.00
375.475994,9180.07,654.00
375.576585,9180.07,652.00
375.677350,9180.07,538.00
375.778009,9180.07,652.00
375.878622,9180.07,654.00
375.979286,9180.07,594.00
376.079946,9180.07,640.00
376.180670,9180.07,650.00
376.281486,9180.07,654.00
376.382112,9180.07,650.00
376.482697,9180.07,652.00
376.583459,9180.07,654.00
376.684099,9180.07,652.00
376.784675,9180.07,568.00
376.885224,9180.07,654.00
376.985868,9180.07,638.00
377.086519,9130.32,660.00
377.187098,9130.32,656.00
377.287810,9130.32,656.00
377.388377,9130.32,654.00
377.489030,9130.32,654.00
377.589616,9130.32,658.00
377.690231,9130.32,658.00
377.793292,9130.32,656.00
377.893904,9130.32,660.00
377.994478,9130.32,682.00
378.095066,9130.32,682.00
378.195682,9130.32,684.00
378.297561,9130.32,666.00
378.398166,9130.32,624.00
378.498839,9130.32,682.00
378.599457,9130.32,686.00
378.700166,9130.32,678.00
378.800838,9130.32,680.00
378.901465,9130.32,682.00
379.002153,9130.32,606.00
379.102798,9130.32,562.00
379.203475,9130.32,682.00
379.304155,9130.32,676.00
379.404826,9130.32,682.00
379.505443,9130.32,656.00
379.606186,9130.32,686.00
379.706804,9130.32,686.00
379.807477,9130.32,576.00
379.908195,9130.32,686.00
380.008875,9130.32,690.00
380.109485,9130.32,686.00
380.210167,9130.32,686.00
380.311109,9130.32,688.00
380.411770,9130.32,690.00
380.512560,9130.32,562.00
380.613352,9130.32,688.00
380.714055,9130.32,686.00
380.814823,9130.32,684.00
380.915461,9130.32,694.00
381.016197,9130.32,562.00
381.116932,9130.32,688.00
381.217654,9130.32,688.00
381.318392,9130.32,686.00
381.419055,9130.32,580.00
381.519937,9130.32,560.00
381.620769,9130.32,690.00
381.721777,9130.32,694.00
381.822661,9130.32,678.00
381.923479,9130.32,694.00
382.024375,9130.32,534.00
382.125324,9130.32,520.00
382.226511,9130.32,520.00
382.327680,9130.32,604.00
382.428665,9130.32,548.00
382.529560,9130.32,548.00
382.630392,9130.32,534.00
382.731432,9130.32,604.00
382.832420,9130.32,520.00
382.933549,9130.32,520.00
383.034683,9130.32,520.00
383.135495,9130.32,520.00
383.236370,9130.32,604.00
383.337462,9130.32,548.00
383.438287,9130.32,604.00
383.539161,9130.32,604.00
383.640167,9130.32,534.00
383.740983,9130.32,634.00
383.841795,9130.32,626.00
383.942749,9130.32,632.00
384.043610,9130.32,570.00
384.144524,9130.32,634.00
384.245576,9130.32,634.00
384.346585,9130.32,634.00
384.447408,9130.32,550.00
384.548026,9130.32,634.00
384.648814,9130.32,550.00
384.749416,9130.32,634.00
384.850396,9130.32,634.00
384.951277,9130.32,634.00
385.051934,9130.32,558.00
385.152568,9130.32,628.00
385.253449,9130.32,628.00
385.354085,9130.32,600.00
385.454747,9130.32,634.00
385.555320,9130.32,592.00
385.655969,9130.32,644.00
385.756954,9130.32,654.00
385.857720,9130.32,558.00
385.958407,9130.32,558.00
386.058971,9130.32,650.00
386.159605,9130.32,650.00
386.260411,9130.32,658.00
386.361096,9130.32,560.00
386.461765,9130.32,662.00
386.562494,9130.32,608.00
386.663352,9130.32,658.00
386.764208,9130.32,664.00
386.865278,9130.32,656.00
386.966442,9130.32,660.00
387.067639,9130.32,658.00
387.168900,9130.32,630.00
387.270130,9130.32,592.00
387.371060,9130.32,660.00
387.472268,9130.32,554.00
387.573193,9130.32,628.00
387.674002,9130.32,558.00
387.774894,9130.32,650.00
387.875753,9130.32,652.00
387.976613,9130.32,652.00
388.077528,9130.32,658.00
388.178669,9130.32,594.00
388.279520,9130.32,656.00
388.380708,9130.32,660.00
388.481997,9130.32,650.00
388.583061,9130.32,638.00
388.683872,9130.33,668.00
388.784686,9130.33,664.00
388.885622,9130.33,534.00
388.986465,9130.33,666.00
389.087324,9130.33,668.00
389.188450,9130.33,670.00
389.289460,9130.33,608.00
389.390408,9130.33,670.00
389.491319,9130.33,630.00
389.592229,9130.33,670.00
389.693445,9130.33,670.00
389.794285,9130.33,672.00
389.895101,9130.33,668.00
389.995718,9130.33,672.00
390.096443,9130.33,660.00
390.197132,9130.33,676.00
390.297802,9130.33,680.00
390.398461,9130.33,676.00
390.499386,9130.33,588.00
390.600177,9130.33,568.00
390.700847,9130.33,672.00
390.801580,9130.33,586.00
390.902300,9130.33,678.00
391.002955,9130.33,554.00
391.103618,9130.33,670.00
391.204541,9130.33,678.00
391.305361,9130.33,674.00
391.406117,9130.33,660.00
391.507269,9130.33,674.00
391.608290,9130.33,680.00
391.709482,9130.33,678.00
391.810625,9130.33,622.00
391.911437,9130.33,600.00
392.012512,9130.33,600.00
392.113189,9130.33,602.00
392.213873,9130.33,518.00
392.314476,9130.33,532.00
392.415116,9130.33,560.00
392.515773,9130.33,574.00
392.616347,9130.33,602.00
392.717103,9130.33,588.00
392.817916,9130.33,518.00
392.919037,9130.33,602.00
393.020242,9130.33,602.00
393.121386,9130.33,518.00
393.222214,9130.33,574.00
393.323131,9130.33,518.00
393.423964,9130.33,540.00
393.524817,9130.33,582.00
393.625594,9130.33,618.00
393.726406,9130.33,534.00
393.827133,9130.33,632.00
393.927930,9130.33,522.00
394.028871,9130.33,624.00
394.129754,9130.33,522.00
394.230627,9130.33,618.00
394.331512,9130.33,618.00
394.432373,9130.33,624.00
394.533228,9130.33,548.00
394.634128,9130.33,542.00
394.735296,9130.33,626.00
394.836373,9130.33,618.00
394.937466,9130.33,618.00
395.038365,9130.33,542.00
395.139163,9130.33,556.00
395.239846,9130.33,632.00
395.340413,9130.33,632.00
395.441082,9130.33,648.00
395.541675,9130.33,650.00
395.642539,9130.33,652.00
395.743178,9130.33,652.00
395.843976,9130.33,654.00
395.944632,9130.33,656.00
396.045359,9130.33,652.00
396.146039,9130.33,652.00
396.246811,9130.33,548.00
396.347735,9130.33,656.00
396.448631,9130.33,568.00
396.549250,9130.33,582.00
396.649916,9130.33,642.00
396.750691,9130.33,668.00
396.851421,9130.33,668.00
396.952307,9130.33,670.00
397.053268,9130.33,644.00
397.154055,9130.33,656.00
397.254860,9130.33,656.00
397.355714,9130.33,652.00
397.456741,9130.33,534.00
397.557912,9130.33,656.00
397.658705,9130.33,560.00
397.759908,9130.33,644.00
397.861131,9130.33,534.00
397.961783,9130.33,654.00
398.062466,9130.33,656.00
398.163153,9130.33,628.00
398.263795,9130.33,650.00
398.364528,9130.33,656.00
398.465181,9130.33,678.00
398.565898,9130.33,680.00
398.666506,9130.33,638.00
398.767191,9130.33,684.00
398.867879,9130.33,680.00
398.968721,9130.33,676.00
399.069381,9130.33,686.00
399.170043,9130.33,678.00
399.270810,9130.33,578.00
399.371460,9130.33,696.00
399.472106,9130.33,696.00
399.573018,9130.33,692.00
399.673903,9130.33,576.00
399.774886,9130.33,666.00
399.875792,9130.33,692.00
399.976659,9130.33,694.00
400.077481,9130.33,620.00
400.178311,9130.33,690.00
400.279186,9130.33,692.00
400.380132,9130.33,696.00
400.480953,9130.33,694.00
400.581848,9130.33,590.00
400.682752,9130.33,698.00
400.783569,9130.33,706.00
400.884496,9130.33,676.00
400.985997,9130.33,698.00
401.086709,9130.33,580.00
401.187304,9130.33,566.00
401.287945,9130.33,690.00
401.388617,9130.33,690.00
401.489300,9130.33,694.00
401.589981,9130.33,690.00
401.690781,9130.33,690.00
401.791418,9130.33,688.00
401.892004,9130.33,692.00
401.992789,9130.33,606.00
402.093441,9130.33,694.00
402.194095,9130.33,696.00
402.294835,9130.33,692.00
402.395680,9130.33,698.00
402.496363,9130.33,598.00
402.597133,9130.33,688.00
402.697871,9163.05,546.00
