timestamp_s,iteration
94488.363455,0
94488.371726,1
94488.379547,2
94488.388164,3
94488.396907,4
94488.405299,5
94488.413715,6
94488.422689,7
94488.430946,8
94488.439530,9
94488.447479,10
94488.455395,11
94488.465671,12
94488.473541,13
94488.481476,14
94488.489161,15
94488.496634,16
94488.504180,17
94488.513152,18
94488.521044,19
94488.528570,20
94488.536088,21
94488.543736,22
94488.551394,23
94488.558863,24
94488.566581,25
94488.575527,26
94488.583545,27
94488.591214,28
94488.598962,29
94488.606857,30
94488.614706,31
94488.622374,32
94488.630969,33
94488.638675,34
94488.646400,35
94488.654324,36
94488.662028,37
94488.669517,38
94488.676994,39
94488.684606,40
94488.692211,41
94488.700531,42
94488.708927,43
94488.716501,44
94488.724637,45
94488.732176,46
94488.739789,47
94488.747245,48
94488.754653,49
94488.762527,50
94488.770322,51
94488.777839,52
94488.785582,53
94488.793415,54
94488.800907,55
94488.812704,56
94488.820389,57
94488.828297,58
94488.836414,59
94488.844282,60
94488.852138,61
94488.860575,62
94488.869348,63
94488.877442,64
94488.885387,65
94488.893051,66
94488.902297,67
94488.910780,68
94488.918632,69
94488.926580,70
94488.934617,71
94488.944363,72
94488.952770,73
94488.960801,74
94488.968703,75
94488.978587,76
94488.986432,77
94488.994394,78
94489.002397,79
94489.010422,80
94489.018289,81
94489.027108,82
94489.036021,83
94489.041662,84
94489.047382,85
94489.052823,86
94489.059085,87
94489.064394,88
94489.069712,89
94489.075180,90
94489.080409,91
94489.085652,92
94489.090914,93
94489.096250,94
94489.101703,95
94489.107751,96
94489.113151,97
94489.118357,98
94489.124227,99
94489.134534,100
94489.144212,101
94489.153461,102
94489.158780,103
94489.163848,104
94489.168829,105
94489.174175,106
94489.179201,107
94489.184151,108
94489.189006,109
94489.194088,110
94489.199111,111
94489.204597,112
94489.209483,113
94489.214488,114
94489.220070,115
94489.225622,116
94489.230543,117
94489.235930,118
94489.241440,119
94489.247360,120
94489.252625,121
94489.257800,122
94489.262797,123
94489.268052,124
94489.272975,125
94489.278171,126
94489.283112,127
94489.288321,128
94489.293210,129
94489.298308,130
94489.303299,131
94489.311682,132
94489.316860,133
94489.321776,134
94489.327054,135
94489.332191,136
94489.337406,137
94489.342328,138
94489.347640,139
94489.352624,140
94489.358110,141
94489.363077,142
94489.368048,143
94489.373395,144
94489.379126,145
94489.383935,146
94489.388930,147
94489.394217,148
94489.399514,149
94489.404731,150
94489.409690,151
94489.415009,152
94489.420375,153
94489.425394,154
94489.430332,155
94489.435739,156
94489.441392,157
94489.446400,158
94489.451313,159
94489.456436,160
94489.461899,161
94489.467178,162
94489.474797,163
94489.479985,164
94489.485064,165
94489.492804,166
94489.498349,167
94489.503590,168
94489.508816,169
94489.513790,170
94489.518751,171
94489.524329,172
94489.529324,173
94489.534768,174
94489.540091,175
94489.545312,176
94489.550219,177
94489.555202,178
94489.560231,179
94489.565905,180
94489.571091,181
94489.576217,182
94489.581795,183
94489.586960,184
94489.592040,185
94489.597185,186
94489.604800,187
94489.610038,188
94489.615088,189
94489.621199,190
94489.626161,191
94489.631252,192
94489.636811,193
94489.642485,194
94489.647453,195
94489.652503,196
94489.657562,197
94489.663330,198
94489.668340,199
94489.673454,200
94489.678585,201
94489.684163,202
94489.689033,203
94489.694064,204
94489.699289,205
94489.704878,206
94489.709962,207
94489.715132,208
94489.721105,209
94489.726246,210
94489.731171,211
94489.736133,212
94489.741397,213
94489.746562,214
94489.751481,215
94489.756961,216
94489.762749,217
94489.768321,218
94489.774360,219
94489.779246,220
94489.784753,221
94489.790054,222
94489.795917,223
94489.802496,224
94489.809367,225
94489.816150,226
94489.821663,227
94489.827330,228
94489.832714,229
94489.837714,230
94489.843806,231
94489.848821,232
94489.853985,233
94489.859112,234
94489.864716,235
94489.869734,236
94489.874872,237
94489.879867,238
94489.885533,239
94489.890471,240
94489.895661,241
94489.900724,242
94489.906195,243
94489.911266,244
94489.916435,245
94489.921845,246
94489.927223,247
94489.932345,248
94489.937538,249
94489.953631,250
94489.966243,251
94489.981187,252
94489.994244,253
94490.006451,254
94490.014499,255
94490.022670,256
94490.035918,257
94490.049927,258
94490.063535,259
94490.077624,260
94490.089364,261
94490.102754,262
94490.111020,263
94490.124580,264
94490.136847,265
94490.149453,266
94490.157533,267
94490.170725,268
94490.184034,269
94490.197605,270
94490.210967,271
94490.223703,272
94490.231734,273
94490.245546,274
94490.253695,275
94490.267669,276
94490.281330,277
94490.295370,278
94490.308780,279
94490.321758,280
94490.335446,281
94490.348776,282
94490.363343,283
94490.376946,284
94490.390375,285
94490.405709,286
94490.413694,287
94490.427752,288
94490.441538,289
94490.455201,290
94490.470114,291
94490.484172,292
94490.492578,293
94490.506355,294
94490.520911,295
94490.534934,296
94490.548488,297
94490.561695,298
94490.576812,299
94490.591871,300
94490.605066,301
94490.622545,302
94490.635818,303
94490.652117,304
94490.669074,305
94490.684301,306
94490.692550,307
94490.708267,308
94490.723417,309
94490.738526,310
94490.746626,311
94490.754674,312
94490.763007,313
94490.770868,314
94490.779182,315
94490.788684,316
94490.805225,317
94490.819166,318
94490.834706,319
94490.849280,320
94490.863541,321
94490.871728,322
94490.888076,323
94490.904182,324
94490.918636,325
94490.932169,326
94490.946936,327
94490.961850,328
94490.969779,329
94490.983897,330
94490.999580,331
94491.014595,332
94491.031639,333
94491.039588,334
94491.047530,335
94491.061218,336
94491.074998,337
94491.083378,338
94491.099028,339
94491.107404,340
94491.120979,341
94491.136610,342
94491.153591,343
94491.168801,344
94491.182211,345
94491.197841,346
94491.211444,347
94491.225740,348
94491.240360,349
94491.254652,350
94491.262831,351
94491.277975,352
94491.292925,353
94491.308306,354
94491.322197,355
94491.330200,356
94491.338266,357
94491.346800,358
94491.361209,359
94491.376754,360
94491.390810,361
94491.405586,362
94491.413534,363
94491.430368,364
94491.447218,365
94491.462853,366
94491.478100,367
94491.491060,368
94491.504419,369
94491.518178,370
94491.534555,371
94491.550888,372
94491.564881,373
94491.580024,374
94491.595500,375
94491.611834,376
94491.626870,377
94491.642799,378
94491.658847,379
94491.674757,380
94491.685728,381
94491.699766,382
94491.712536,383
94491.729271,384
94491.743448,385
94491.752139,386
94491.760847,387
94491.775365,388
94491.790941,389
94491.804778,390
94491.821309,391
94491.837219,392
94491.846063,393
94491.853946,394
94491.869517,395
94491.885756,396
94491.900298,397
94491.914384,398
94491.928017,399
94491.944337,400
94491.960564,401
94491.974911,402
94491.988887,403
94492.006122,404
94492.014097,405
94492.025811,406
94492.041296,407
94492.051582,408
94492.059566,409
94492.067546,410
94492.083390,411
94492.097201,412
94492.105209,413
94492.120910,414
94492.134355,415
94492.147410,416
94492.163583,417
94492.178084,418
94492.187279,419
94492.201975,420
94492.218044,421
94492.233550,422
94492.246817,423
94492.254718,424
94492.271107,425
94492.279774,426
94492.293690,427
94492.308885,428
94492.319427,429
94492.335940,430
94492.346376,431
94492.361576,432
94492.376804,433
94492.391934,434
94492.403638,435
94492.415436,436
94492.421015,437
94492.432507,438
94492.445717,439
94492.457362,440
94492.462833,441
94492.474411,442
94492.486669,443
94492.494411,444
94492.505399,445
94492.513790,446
94492.527857,447
94492.542231,448
94492.555537,449
94492.567466,450
94492.579291,451
94492.584725,452
94492.598403,453
94492.610976,454
94492.622445,455
94492.634039,456
94492.646360,457
94492.658024,458
94492.663600,459
94492.674773,460
94492.688244,461
94492.701600,462
94492.710044,463
94492.715709,464
94492.728430,465
94492.738019,466
94492.749010,467
94492.756792,468
94492.768132,469
94492.782394,470
94492.796424,471
94492.810857,472
94492.823934,473
94492.835913,474
94492.841298,475
94492.853049,476
94492.865546,477
94492.870818,478
94492.883937,479
94492.896575,480
94492.909495,481
94492.921939,482
94492.933457,483
94492.946050,484
94492.957237,485
94492.969834,486
94492.975722,487
94492.987709,488
94492.999575,489
94493.012261,490
94493.023756,491
94493.035771,492
94493.048590,493
94493.054394,494
94493.059863,495
94493.072205,496
94493.084981,497
94493.097642,498
94493.111181,499
94493.128386,500
94493.143075,501
94493.155072,502
94493.165807,503
94493.176354,504
94493.186493,505
94493.196993,506
94493.209087,507
94493.222259,508
94493.233319,509
94493.245952,510
94493.258608,511
94493.269399,512
94493.279878,513
94493.291215,514
94493.301995,515
94493.312369,516
94493.323334,517
94493.335244,518
94493.347273,519
94493.357975,520
94493.371846,521
94493.382499,522
94493.393766,523
94493.404083,524
94493.414700,525
94493.427014,526
94493.438709,527
94493.450431,528
94493.462121,529
94493.476600,530
94493.488728,531
94493.499996,532
94493.514308,533
94493.525537,534
94493.536375,535
94493.546812,536
94493.557777,537
94493.571760,538
94493.582764,539
94493.594280,540
94493.607388,541
94493.618901,542
94493.631417,543
94493.644907,544
94493.658814,545
94493.672805,546
94493.685518,547
94493.696844,548
94493.715565,549
94493.728989,550
94493.742223,551
94493.755956,552
94493.766492,553
94493.776948,554
94493.789474,555
94493.800816,556
94493.811767,557
94493.823188,558
94493.833347,559
94493.847202,560
94493.858370,561
94493.870329,562
94493.890070,563
94493.904764,564
94493.923068,565
94493.942608,566
94493.957700,567
94493.969246,568
94493.981672,569
94493.993182,570
94494.004355,571
94494.016540,572
94494.029927,573
94494.042957,574
94494.054708,575
94494.066994,576
94494.080350,577
94494.092892,578
94494.106357,579
94494.118351,580
94494.130269,581
94494.143724,582
94494.154736,583
94494.167263,584
94494.179520,585
94494.191931,586
94494.203860,587
94494.214713,588
94494.226365,589
94494.237317,590
94494.248336,591
94494.259820,592
94494.270999,593
94494.282199,594
94494.292558,595
94494.303461,596
94494.315106,597
94494.327337,598
94494.339737,599
94494.350281,600
94494.361585,601
94494.374446,602
94494.386644,603
94494.399289,604
94494.409895,605
94494.421245,606
94494.432215,607
94494.445299,608
94494.457915,609
94494.472090,610
94494.484187,611
94494.497673,612
94494.510847,613
94494.523755,614
94494.536229,615
94494.547652,616
94494.560650,617
94494.572073,618
94494.582929,619
94494.593416,620
94494.606376,621
94494.619668,622
94494.632586,623
94494.645030,624
94494.656814,625
94494.667255,626
94494.678253,627
94494.689626,628
94494.701962,629
94494.712868,630
94494.725239,631
94494.736132,632
94494.748202,633
94494.761150,634
94494.774629,635
94494.788748,636
94494.799810,637
94494.813573,638
94494.828739,639
94494.839893,640
94494.852456,641
94494.864550,642
94494.877721,643
94494.888784,644
94494.898965,645
94494.911986,646
94494.923251,647
94494.933415,648
94494.944476,649
94494.957443,650
94494.967656,651
94494.979493,652
94494.993807,653
94495.005615,654
94495.016164,655
94495.026767,656
94495.038690,657
94495.049618,658
94495.060926,659
94495.073332,660
94495.085846,661
94495.098739,662
94495.110265,663
94495.122652,664
94495.133565,665
94495.145654,666
94495.156753,667
94495.167931,668
94495.181714,669
94495.193743,670
94495.205811,671
94495.216907,672
94495.228621,673
94495.242831,674
94495.253958,675
94495.265220,676
94495.278430,677
94495.293715,678
94495.305825,679
94495.317436,680
94495.330888,681
94495.343933,682
94495.354953,683
94495.369254,684
94495.381991,685
94495.394523,686
94495.405847,687
94495.418785,688
94495.429400,689
94495.439993,690
94495.451258,691
94495.464483,692
94495.475345,693
94495.486333,694
94495.496938,695
94495.508578,696
94495.520177,697
94495.531699,698
94495.542428,699
94495.555403,700
94495.565549,701
94495.577468,702
94495.589640,703
94495.602604,704
94495.618197,705
94495.632732,706
94495.646546,707
94495.657692,708
94495.671456,709
94495.682618,710
94495.693864,711
94495.705250,712
94495.715489,713
94495.727165,714
94495.738050,715
94495.752646,716
94495.763424,717
94495.775339,718
94495.786492,719
94495.799063,720
94495.812523,721
94495.827847,722
94495.839753,723
94495.852064,724
94495.865346,725
94495.877623,726
94495.893562,727
94495.907677,728
94495.921853,729
94495.936074,730
94495.948321,731
94495.959801,732
94495.971825,733
94495.985174,734
94495.998613,735
94496.009689,736
94496.022757,737
94496.034200,738
94496.047995,739
94496.059941,740
94496.075656,741
94496.087179,742
94496.099074,743
94496.110394,744
94496.121290,745
94496.133975,746
94496.145299,747
94496.156754,748
94496.168087,749
94496.184671,750
94496.202278,751
94496.217250,752
94496.229833,753
94496.242467,754
94496.259582,755
94496.278963,756
94496.292729,757
94496.305690,758
94496.319811,759
94496.336246,760
94496.352429,761
94496.367756,762
94496.381729,763
94496.400731,764
94496.414780,765
94496.428169,766
94496.440400,767
94496.455342,768
94496.472962,769
94496.488396,770
94496.502264,771
94496.516724,772
94496.529183,773
94496.542935,774
94496.557617,775
94496.572084,776
94496.586357,777
94496.600200,778
94496.614016,779
94496.630407,780
94496.645178,781
94496.662510,782
94496.681613,783
94496.697136,784
94496.711446,785
94496.726250,786
94496.746457,787
94496.760562,788
94496.774804,789
94496.793759,790
94496.808902,791
94496.823717,792
94496.840742,793
94496.859875,794
94496.875403,795
94496.893082,796
94496.909498,797
94496.925361,798
94496.941451,799
94496.956664,800
94496.974470,801
94496.993613,802
94497.009825,803
94497.025232,804
94497.041555,805
94497.057672,806
94497.077263,807
94497.096096,808
94497.111266,809
94497.126720,810
94497.144112,811
94497.161839,812
94497.177835,813
94497.194199,814
94497.213441,815
94497.230567,816
94497.247896,817
94497.268302,818
94497.284389,819
94497.303267,820
94497.321983,821
94497.341728,822
94497.358762,823
94497.374886,824
94497.390734,825
94497.407568,826
94497.426942,827
94497.442218,828
94497.460229,829
94497.477652,830
94497.496264,831
94497.512181,832
94497.530562,833
94497.546949,834
94497.567913,835
94497.585890,836
94497.604145,837
94497.625013,838
94497.644567,839
94497.665214,840
94497.681730,841
94497.699799,842
94497.719753,843
94497.737377,844
94497.753791,845
94497.772017,846
94497.789132,847
94497.808249,848
94497.826371,849
94497.843805,850
94497.862188,851
94497.881029,852
94497.896637,853
94497.914428,854
94497.933537,855
94497.949354,856
94497.966582,857
94497.984689,858
94498.000704,859
94498.017385,860
94498.036285,861
94498.055161,862
94498.072307,863
94498.089504,864
94498.106319,865
94498.122310,866
94498.141594,867
94498.159541,868
94498.175633,869
94498.192937,870
94498.210616,871
94498.230267,872
94498.247335,873
94498.266856,874
94498.284286,875
94498.300840,876
94498.319575,877
94498.336761,878
94498.356455,879
94498.374827,880
94498.391732,881
94498.410807,882
94498.425898,883
94498.444348,884
94498.460319,885
94498.480564,886
94498.499635,887
94498.518142,888
94498.537566,889
94498.553388,890
94498.570082,891
94498.587535,892
94498.604366,893
94498.620997,894
94498.638471,895
94498.656057,896
94498.674052,897
94498.691543,898
94498.710057,899
94498.728488,900
94498.746624,901
94498.763670,902
94498.782768,903
94498.802046,904
94498.819567,905
94498.838261,906
94498.858966,907
94498.875377,908
94498.893791,909
94498.911073,910
94498.927962,911
94498.945196,912
94498.963322,913
94498.981401,914
94499.000666,915
94499.018030,916
94499.036532,917
94499.053403,918
94499.073499,919
94499.090249,920
94499.108290,921
94499.126232,922
94499.144478,923
94499.163036,924
94499.180149,925
94499.197577,926
94499.216131,927
94499.234535,928
94499.253249,929
94499.271493,930
94499.290614,931
94499.308521,932
94499.326213,933
94499.343934,934
94499.361279,935
94499.378656,936
94499.397887,937
94499.416249,938
94499.433396,939
94499.451793,940
94499.471142,941
94499.489853,942
94499.508420,943
94499.525914,944
94499.543481,945
94499.562712,946
94499.581794,947
94499.598803,948
94499.616705,949
94499.633992,950
94499.652090,951
94499.668266,952
94499.687947,953
94499.705188,954
94499.723873,955
94499.740269,956
94499.757308,957
94499.776180,958
94499.794794,959
94499.812296,960
94499.829035,961
94499.846373,962
94499.865495,963
94499.882782,964
94499.900293,965
94499.918871,966
94499.937636,967
94499.954566,968
94499.972259,969
94499.989802,970
94500.009053,971
94500.026810,972
94500.045487,973
94500.062723,974
94500.080826,975
94500.100162,976
94500.118321,977
94500.135611,978
94500.153634,979
94500.171822,980
94500.190700,981
94500.209867,982
94500.228866,983
94500.246806,984
94500.266433,985
94500.283178,986
94500.302242,987
94500.321062,988
94500.338930,989
94500.356682,990
94500.376184,991
94500.394927,992
94500.414234,993
94500.432731,994
94500.450907,995
94500.468867,996
94500.487596,997
94500.506347,998
94500.522997,999
94500.532154,1000
94500.537675,1001
94500.542468,1002
94500.547607,1003
94500.552935,1004
94500.557976,1005
94500.562890,1006
94500.568400,1007
94500.573312,1008
94500.578659,1009
94500.583420,1010
94500.589221,1011
94500.594674,1012
94500.600119,1013
94500.605169,1014
94500.610536,1015
94500.616009,1016
94500.621316,1017
94500.626306,1018
94500.632263,1019
94500.637183,1020
94500.642364,1021
94500.647288,1022
94500.652617,1023
94500.658096,1024
94500.663424,1025
94500.668362,1026
94500.673602,1027
94500.678868,1028
94500.684146,1029
94500.689250,1030
94500.694576,1031
94500.699759,1032
94500.704999,1033
94500.710772,1034
94500.716357,1035
94500.721307,1036
94500.727223,1037
94500.731960,1038
94500.737462,1039
94500.742853,1040
94500.748559,1041
94500.753277,1042
94500.758621,1043
94500.763883,1044
94500.769633,1045
94500.774319,1046
94500.779514,1047
94500.784296,1048
94500.789844,1049
94500.794517,1050
94500.800293,1051
94500.805477,1052
94500.811217,1053
94500.815956,1054
94500.821249,1055
94500.826496,1056
94500.831775,1057
94500.836443,1058
94500.841589,1059
94500.846440,1060
94500.852285,1061
94500.857045,1062
94500.862219,1063
94500.866899,1064
94500.872159,1065
94500.876875,1066
94500.882120,1067
94500.886937,1068
94500.891909,1069
94500.896578,1070
94500.901699,1071
94500.906349,1072
94500.911523,1073
94500.916479,1074
94500.922162,1075
94500.927022,1076
94500.932099,1077
94500.936887,1078
94500.942263,1079
94500.946928,1080
94500.952254,1081
94500.957415,1082
94500.963188,1083
94500.967818,1084
94500.973068,1085
94500.977744,1086
94500.982743,1087
94500.987493,1088
94500.992852,1089
94500.997850,1090
94501.002979,1091
94501.007665,1092
94501.012739,1093
94501.017339,1094
94501.022927,1095
94501.027773,1096
94501.033096,1097
94501.037680,1098
94501.042794,1099
94501.047570,1100
94501.052897,1101
94501.057464,1102
94501.063622,1103
94501.068344,1104
94501.073801,1105
94501.078520,1106
94501.083905,1107
94501.088622,1108
94501.093688,1109
94501.098437,1110
94501.103699,1111
94501.108671,1112
94501.113679,1113
94501.118432,1114
94501.123484,1115
94501.128022,1116
94501.133286,1117
94501.138158,1118
94501.143790,1119
94501.148409,1120
94501.153678,1121
94501.158301,1122
94501.163393,1123
94501.168243,1124
94501.173693,1125
94501.178806,1126
94501.184103,1127
94501.188926,1128
94501.194112,1129
94501.199321,1130
94501.205380,1131
94501.210649,1132
94501.216196,1133
94501.220958,1134
94501.226471,1135
94501.231112,1136
94501.236407,1137
94501.241236,1138
94501.246328,1139
94501.251212,1140
94501.256207,1141
94501.260796,1142
94501.265865,1143
94501.270746,1144
94501.275966,1145
94501.280806,1146
94501.286090,1147
94501.290640,1148
94501.295920,1149
94501.300573,1150
94501.305890,1151
94501.310556,1152
94501.315615,1153
94501.320339,1154
94501.325443,1155
94501.330091,1156
94501.340383,1157
94501.349786,1158
94501.358941,1159
94501.364025,1160
94501.369427,1161
94501.374256,1162
94501.379455,1163
94501.384120,1164
94501.389488,1165
94501.394978,1166
94501.400230,1167
94501.405065,1168
94501.411139,1169
94501.415952,1170
94501.421735,1171
94501.426297,1172
94501.431310,1173
94501.436116,1174
94501.441176,1175
94501.446066,1176
94501.451170,1177
94501.456282,1178
94501.461521,1179
94501.466533,1180
94501.473084,1181
94501.478033,1182
94501.483811,1183
94501.488548,1184
94501.494927,1185
94501.499718,1186
94501.505100,1187
94501.509819,1188
94501.515315,1189
94501.519995,1190
94501.525257,1191
94501.530029,1192
94501.535317,1193
94501.540199,1194
94501.545213,1195
94501.551072,1196
94501.556203,1197
94501.561765,1198
94501.567391,1199
94501.572259,1200
94501.577956,1201
94501.582790,1202
94501.588358,1203
94501.593645,1204
94501.599493,1205
94501.604806,1206
94501.610091,1207
94501.615195,1208
94501.620544,1209
94501.625268,1210
94501.630572,1211
94501.635787,1212
94501.640992,1213
94501.645978,1214
94501.651253,1215
94501.656121,1216
94501.661405,1217
94501.666328,1218
94501.671807,1219
94501.676593,1220
94501.681795,1221
94501.686953,1222
94501.693248,1223
94501.698756,1224
94501.704295,1225
94501.709584,1226
94501.715341,1227
94501.720448,1228
94501.725633,1229
94501.730381,1230
94501.735402,1231
94501.739917,1232
94501.744953,1233
94501.749686,1234
94501.755033,1235
94501.760627,1236
94501.765866,1237
94501.770669,1238
94501.777974,1239
94501.783176,1240
94501.788284,1241
94501.793050,1242
94501.798657,1243
94501.803723,1244
94501.808901,1245
94501.813737,1246
94501.818809,1247
94501.823838,1248
94501.830342,1249
94501.845343,1250
94501.858835,1251
94501.870695,1252
94501.881444,1253
94501.891672,1254
94501.904311,1255
94501.914907,1256
94501.931808,1257
94501.945371,1258
94501.958009,1259
94501.969936,1260
94501.982564,1261
94501.996289,1262
94502.007875,1263
94502.020342,1264
94502.034568,1265
94502.048603,1266
94502.060174,1267
94502.070857,1268
94502.081871,1269
94502.092517,1270
94502.105541,1271
94502.115766,1272
94502.126648,1273
94502.137981,1274
94502.148835,1275
94502.159258,1276
94502.169671,1277
94502.179886,1278
94502.192684,1279
94502.204864,1280
94502.215911,1281
94502.227456,1282
94502.238024,1283
94502.250816,1284
94502.263774,1285
94502.274338,1286
94502.284654,1287
94502.295250,1288
94502.306749,1289
94502.319483,1290
94502.329720,1291
94502.343244,1292
94502.356353,1293
94502.368200,1294
94502.378782,1295
94502.390794,1296
94502.402482,1297
94502.414831,1298
94502.428448,1299
94502.440335,1300
94502.451101,1301
94502.463042,1302
94502.476330,1303
94502.491057,1304
94502.507169,1305
94502.517991,1306
94502.528399,1307
94502.542503,1308
94502.558603,1309
94502.569127,1310
94502.582809,1311
94502.596698,1312
94502.608257,1313
94502.622656,1314
94502.633972,1315
94502.645376,1316
94502.655586,1317
94502.667677,1318
94502.680285,1319
94502.692310,1320
94502.709155,1321
94502.723020,1322
94502.733944,1323
94502.743983,1324
94502.757314,1325
94502.771286,1326
94502.785125,1327
94502.795504,1328
94502.809674,1329
94502.819914,1330
94502.834267,1331
94502.844906,1332
94502.857506,1333
94502.868235,1334
94502.878430,1335
94502.888611,1336
94502.903964,1337
94502.917430,1338
94502.933739,1339
94502.944913,1340
94502.957850,1341
94502.970063,1342
94502.980773,1343
94502.991438,1344
94503.002093,1345
94503.013315,1346
94503.024019,1347
94503.040068,1348
94503.052677,1349
94503.066503,1350
94503.078966,1351
94503.093846,1352
94503.106598,1353
94503.120340,1354
94503.132782,1355
94503.147127,1356
94503.160815,1357
94503.170766,1358
94503.180896,1359
94503.191370,1360
94503.204782,1361
94503.218010,1362
94503.230383,1363
94503.241445,1364
94503.255370,1365
94503.270750,1366
94503.282318,1367
94503.292707,1368
94503.306350,1369
94503.317289,1370
94503.328907,1371
94503.339565,1372
94503.350067,1373
94503.365111,1374
94503.378996,1375
94503.393305,1376
94503.406745,1377
94503.422384,1378
94503.434605,1379
94503.447317,1380
94503.458659,1381
94503.469674,1382
94503.484507,1383
94503.500379,1384
94503.513952,1385
94503.527487,1386
94503.538567,1387
94503.550572,1388
94503.561667,1389
94503.571926,1390
94503.582714,1391
94503.597207,1392
94503.609561,1393
94503.619786,1394
94503.631923,1395
94503.642321,1396
94503.656582,1397
94503.667334,1398
94503.679861,1399
94503.689881,1400
94503.703355,1401
94503.714712,1402
94503.725108,1403
94503.739272,1404
94503.754945,1405
94503.767240,1406
94503.778378,1407
94503.789850,1408
94503.802840,1409
94503.818377,1410
94503.830085,1411
94503.842565,1412
94503.853287,1413
94503.867526,1414
94503.877986,1415
94503.891599,1416
94503.904873,1417
94503.917853,1418
94503.932218,1419
94503.947033,1420
94503.961989,1421
94503.972704,1422
94503.983402,1423
94503.993662,1424
94504.009635,1425
94504.021635,1426
94504.032956,1427
94504.045265,1428
94504.055871,1429
94504.068450,1430
94504.084215,1431
94504.098385,1432
94504.111968,1433
94504.124530,1434
94504.135229,1435
94504.146483,1436
94504.160161,1437
94504.170342,1438
94504.181290,1439
94504.196155,1440
94504.207933,1441
94504.222031,1442
94504.236464,1443
94504.250967,1444
94504.262873,1445
94504.278671,1446
94504.292298,1447
94504.305006,1448
94504.317585,1449
94504.328242,1450
94504.342075,1451
94504.355534,1452
94504.366560,1453
94504.381122,1454
94504.392209,1455
94504.403520,1456
94504.413939,1457
94504.425404,1458
94504.436734,1459
94504.451101,1460
94504.465734,1461
94504.476263,1462
94504.489684,1463
94504.502412,1464
94504.516262,1465
94504.527960,1466
94504.542549,1467
94504.554841,1468
94504.565568,1469
94504.579525,1470
94504.592468,1471
94504.602743,1472
94504.617444,1473
94504.630351,1474
94504.644596,1475
94504.658053,1476
94504.670810,1477
94504.683726,1478
94504.694750,1479
94504.709839,1480
94504.721253,1481
94504.735816,1482
94504.749702,1483
94504.762791,1484
94504.778611,1485
94504.789713,1486
94504.800996,1487
94504.811768,1488
94504.823743,1489
94504.834734,1490
94504.849305,1491
94504.862252,1492
94504.875587,1493
94504.888851,1494
94504.902821,1495
94504.915546,1496
94504.929233,1497
94504.942549,1498
94504.958266,1499
94504.974270,1500
94504.985721,1501
94504.996047,1502
94505.008598,1503
94505.020931,1504
94505.031933,1505
94505.044515,1506
94505.056324,1507
94505.068031,1508
94505.079059,1509
94505.090312,1510
94505.100707,1511
94505.111728,1512
94505.121901,1513
94505.133506,1514
94505.145450,1515
94505.156295,1516
94505.167343,1517
94505.179863,1518
94505.193449,1519
94505.204402,1520
94505.217136,1521
94505.227647,1522
94505.239997,1523
94505.251894,1524
94505.263480,1525
94505.274377,1526
94505.285826,1527
94505.299893,1528
94505.311365,1529
94505.325707,1530
94505.337047,1531
94505.349897,1532
94505.362337,1533
94505.373461,1534
94505.385636,1535
94505.399011,1536
94505.411548,1537
94505.422432,1538
94505.434023,1539
94505.444823,1540
94505.457862,1541
94505.470786,1542
94505.482177,1543
94505.495532,1544
94505.506643,1545
94505.520720,1546
94505.535478,1547
94505.547013,1548
94505.558731,1549
94505.569997,1550
94505.580784,1551
94505.592691,1552
94505.604136,1553
94505.616480,1554
94505.628585,1555
94505.642193,1556
94505.653294,1557
94505.668505,1558
94505.681408,1559
94505.696617,1560
94505.710987,1561
94505.724756,1562
94505.736611,1563
94505.749715,1564
94505.761567,1565
94505.774990,1566
94505.785669,1567
94505.797039,1568
94505.807742,1569
94505.821794,1570
94505.833839,1571
94505.847430,1572
94505.858100,1573
94505.871823,1574
94505.884816,1575
94505.897728,1576
94505.908354,1577
94505.923948,1578
94505.937727,1579
94505.951074,1580
94505.966598,1581
94505.980285,1582
94505.994581,1583
94506.007431,1584
94506.017769,1585
94506.032378,1586
94506.047357,1587
94506.058787,1588
94506.072473,1589
94506.083499,1590
94506.096443,1591
94506.107146,1592
94506.118682,1593
94506.128988,1594
94506.142543,1595
94506.154263,1596
94506.164780,1597
94506.177273,1598
94506.190207,1599
94506.202484,1600
94506.214328,1601
94506.227908,1602
94506.239224,1603
94506.250712,1604
94506.264737,1605
94506.277408,1606
94506.288057,1607
94506.302974,1608
94506.314502,1609
94506.327763,1610
94506.337793,1611
94506.349787,1612
94506.362271,1613
94506.375486,1614
94506.389070,1615
94506.402352,1616
94506.413213,1617
94506.426526,1618
94506.439028,1619
94506.453538,1620
94506.466618,1621
94506.480624,1622
94506.493514,1623
94506.506835,1624
94506.519434,1625
94506.531945,1626
94506.545056,1627
94506.559960,1628
94506.574295,1629
94506.589445,1630
94506.600393,1631
94506.613866,1632
94506.626412,1633
94506.641266,1634
94506.653586,1635
94506.665290,1636
94506.676400,1637
94506.689935,1638
94506.701305,1639
94506.712088,1640
94506.724568,1641
94506.737238,1642
94506.750785,1643
94506.765185,1644
94506.776430,1645
94506.787966,1646
94506.803615,1647
94506.816728,1648
94506.829663,1649
94506.844909,1650
94506.857210,1651
94506.868636,1652
94506.881681,1653
94506.892679,1654
94506.905386,1655
94506.918860,1656
94506.932597,1657
94506.944043,1658
94506.957780,1659
94506.968952,1660
94506.981258,1661
94506.994453,1662
94507.007412,1663
94507.022597,1664
94507.035617,1665
94507.047168,1666
94507.057405,1667
94507.068572,1668
94507.081007,1669
94507.094840,1670
94507.107620,1671
94507.122213,1672
94507.132753,1673
94507.145706,1674
94507.160987,1675
94507.175366,1676
94507.188042,1677
94507.198886,1678
94507.210651,1679
94507.224677,1680
94507.239466,1681
94507.253763,1682
94507.269665,1683
94507.280348,1684
94507.294341,1685
94507.309212,1686
94507.322778,1687
94507.337172,1688
94507.348888,1689
94507.364979,1690
94507.381714,1691
94507.396371,1692
94507.410847,1693
94507.420816,1694
94507.433017,1695
94507.445945,1696
94507.459858,1697
94507.474164,1698
94507.485356,1699
94507.495686,1700
94507.510013,1701
94507.520802,1702
94507.533619,1703
94507.546026,1704
94507.556398,1705
94507.566848,1706
94507.579620,1707
94507.593626,1708
94507.605523,1709
94507.616608,1710
94507.629351,1711
94507.641968,1712
94507.655751,1713
94507.669046,1714
94507.682619,1715
94507.695347,1716
94507.709228,1717
94507.719567,1718
94507.732270,1719
94507.744688,1720
94507.757296,1721
94507.773185,1722
94507.785629,1723
94507.797423,1724
94507.809655,1725
94507.823513,1726
94507.834511,1727
94507.849600,1728
94507.863266,1729
94507.877885,1730
94507.888759,1731
94507.900957,1732
94507.914485,1733
94507.926834,1734
94507.940333,1735
94507.953486,1736
94507.966954,1737
94507.980366,1738
94507.992463,1739
94508.006337,1740
94508.021236,1741
94508.034030,1742
94508.049562,1743
94508.063613,1744
94508.078318,1745
94508.091505,1746
94508.106432,1747
94508.118370,1748
94508.131570,1749
94508.149383,1750
94508.161996,1751
94508.175205,1752
94508.188777,1753
94508.202682,1754
94508.216299,1755
94508.228595,1756
94508.242499,1757
94508.256230,1758
94508.269677,1759
94508.283243,1760
94508.296322,1761
94508.310041,1762
94508.323465,1763
94508.336185,1764
94508.348386,1765
94508.362847,1766
94508.375977,1767
94508.388462,1768
94508.403081,1769
94508.416762,1770
94508.430726,1771
94508.444610,1772
94508.457837,1773
94508.471353,1774
94508.486506,1775
94508.500952,1776
94508.513877,1777
94508.528235,1778
94508.542987,1779
94508.556088,1780
94508.570434,1781
94508.584635,1782
94508.598962,1783
94508.613506,1784
94508.627412,1785
94508.640959,1786
94508.655315,1787
94508.669821,1788
94508.683500,1789
94508.698601,1790
94508.712446,1791
94508.726335,1792
94508.740309,1793
94508.754240,1794
94508.769635,1795
94508.784422,1796
94508.799702,1797
94508.813597,1798
94508.828416,1799
94508.842828,1800
94508.857681,1801
94508.871456,1802
94508.885453,1803
94508.899447,1804
94508.913776,1805
94508.926836,1806
94508.941352,1807
94508.955414,1808
94508.968811,1809
94508.982328,1810
94508.996317,1811
94509.010448,1812
94509.024674,1813
94509.039194,1814
94509.052679,1815
94509.067352,1816
94509.081050,1817
94509.095105,1818
94509.109132,1819
94509.122646,1820
94509.137766,1821
94509.152611,1822
94509.166735,1823
94509.180363,1824
94509.194711,1825
94509.210165,1826
94509.225059,1827
94509.239508,1828
94509.253331,1829
94509.268343,1830
94509.282525,1831
94509.296577,1832
94509.310450,1833
94509.324167,1834
94509.339470,1835
94509.355009,1836
94509.370241,1837
94509.385374,1838
94509.399730,1839
94509.414403,1840
94509.429233,1841
94509.444061,1842
94509.457771,1843
94509.472551,1844
94509.487551,1845
94509.502578,1846
94509.517413,1847
94509.531746,1848
94509.545630,1849
94509.559931,1850
94509.573792,1851
94509.588306,1852
94509.603751,1853
94509.618490,1854
94509.633871,1855
94509.648306,1856
94509.662783,1857
94509.677592,1858
94509.691556,1859
94509.705391,1860
94509.719425,1861
94509.733092,1862
94509.748112,1863
94509.762576,1864
94509.777531,1865
94509.792714,1866
94509.807337,1867
94509.822343,1868
94509.837430,1869
94509.850993,1870
94509.865876,1871
94509.879796,1872
94509.893681,1873
94509.908418,1874
94509.923501,1875
94509.937794,1876
94509.952604,1877
94509.966745,1878
94509.981334,1879
94509.996391,1880
94510.011459,1881
94510.025468,1882
94510.039347,1883
94510.054461,1884
94510.068704,1885
94510.082746,1886
94510.097036,1887
94510.111805,1888
94510.127517,1889
94510.142056,1890
94510.156418,1891
94510.170999,1892
94510.185068,1893
94510.199622,1894
94510.213387,1895
94510.226891,1896
94510.240842,1897
94510.254781,1898
94510.268832,1899
94510.283417,1900
94510.297691,1901
94510.311777,1902
94510.325690,1903
94510.338966,1904
94510.353678,1905
94510.367690,1906
94510.382796,1907
94510.396443,1908
94510.411888,1909
94510.425730,1910
94510.440652,1911
94510.455881,1912
94510.471435,1913
94510.486275,1914
94510.501221,1915
94510.517278,1916
94510.531771,1917
94510.545473,1918
94510.559417,1919
94510.573792,1920
94510.588061,1921
94510.602402,1922
94510.616398,1923
94510.632633,1924
94510.647525,1925
94510.662250,1926
94510.675985,1927
94510.690368,1928
94510.704300,1929
94510.718579,1930
94510.732760,1931
94510.746793,1932
94510.761486,1933
94510.775341,1934
94510.789324,1935
94510.804375,1936
94510.819075,1937
94510.833339,1938
94510.848680,1939
94510.862785,1940
94510.877814,1941
94510.891625,1942
94510.906181,1943
94510.921789,1944
94510.936243,1945
94510.950986,1946
94510.965200,1947
94510.979382,1948
94510.993631,1949
94511.008050,1950
94511.021924,1951
94511.035880,1952
94511.049973,1953
94511.064135,1954
94511.080075,1955
94511.094591,1956
94511.108830,1957
94511.122968,1958
94511.136941,1959
94511.152234,1960
94511.166616,1961
94511.181249,1962
94511.195029,1963
94511.209438,1964
94511.223939,1965
94511.239180,1966
94511.253173,1967
94511.267235,1968
94511.280559,1969
94511.294513,1970
94511.309623,1971
94511.324258,1972
94511.338532,1973
94511.353247,1974
94511.367911,1975
94511.382176,1976
94511.396471,1977
94511.411190,1978
94511.425383,1979
94511.439708,1980
94511.455208,1981
94511.470036,1982
94511.485261,1983
94511.500903,1984
94511.515730,1985
94511.530754,1986
94511.545130,1987
94511.558277,1988
94511.574023,1989
94511.588611,1990
94511.603563,1991
94511.617757,1992
94511.633793,1993
94511.648967,1994
94511.663383,1995
94511.677501,1996
94511.691755,1997
94511.705915,1998
94511.719775,1999
94511.728873,2250
94511.734897,2251
94511.740227,2252
94511.745377,2253
94511.749975,2254
94511.755216,2255
94511.759845,2256
94511.765305,2257
94511.770055,2258
94511.775271,2259
94511.779996,2260
94511.785708,2261
94511.790667,2262
94511.795695,2263
94511.800438,2264
94511.805522,2265
94511.810353,2266
94511.815408,2267
94511.820437,2268
94511.825690,2269
94511.830521,2270
94511.835929,2271
94511.841419,2272
94511.846585,2273
94511.851368,2274
94511.856463,2275
94511.861178,2276
94511.866438,2277
94511.871027,2278
94511.877021,2279
94511.881844,2280
94511.886786,2281
94511.891702,2282
94511.897161,2283
94511.901981,2284
94511.907087,2285
94511.911687,2286
94511.917117,2287
94511.921906,2288
94511.927088,2289
94511.932020,2290
94511.937189,2291
94511.941949,2292
94511.947554,2293
94511.952571,2294
94511.957681,2295
94511.962602,2296
94511.967563,2297
94511.972294,2298
94511.977274,2299
94511.982129,2300
94511.987341,2301
94511.992254,2302
94511.997320,2303
94512.002718,2304
94512.008185,2305
94512.013052,2306
94512.018709,2307
94512.024934,2308
94512.031807,2309
94512.037928,2310
94512.044840,2311
94512.050641,2312
94512.056851,2313
94512.062083,2314
94512.068367,2315
94512.073781,2316
94512.079096,2317
94512.084096,2318
94512.089275,2319
94512.094238,2320
94512.099318,2321
94512.103904,2322
94512.108974,2323
94512.113938,2324
94512.119494,2325
94512.124259,2326
94512.129291,2327
94512.134282,2328
94512.139984,2329
94512.145299,2330
94512.150471,2331
94512.155351,2332
94512.160949,2333
94512.166042,2334
94512.171146,2335
94512.176773,2336
94512.182063,2337
94512.187739,2338
94512.193918,2339
94512.198772,2340
94512.204037,2341
94512.209570,2342
94512.214876,2343
94512.219734,2344
94512.225532,2345
94512.230655,2346
94512.236262,2347
94512.241080,2348
94512.246143,2349
94512.251501,2350
94512.256737,2351
94512.261814,2352
94512.266864,2353
94512.271790,2354
94512.277100,2355
94512.281659,2356
94512.286667,2357
94512.291241,2358
94512.296372,2359
94512.301388,2360
94512.306895,2361
94512.311575,2362
94512.316501,2363
94512.321188,2364
94512.326130,2365
94512.330723,2366
94512.335938,2367
94512.340790,2368
94512.346063,2369
94512.350686,2370
94512.356090,2371
94512.360724,2372
94512.365789,2373
94512.370417,2374
94512.376449,2375
94512.381967,2376
94512.387724,2377
94512.393116,2378
94512.398847,2379
94512.404150,2380
94512.409157,2381
94512.413846,2382
94512.419034,2383
94512.423666,2384
94512.428638,2385
94512.433618,2386
94512.438712,2387
94512.444721,2388
94512.450136,2389
94512.454752,2390
94512.459841,2391
94512.464599,2392
94512.469707,2393
94512.474548,2394
94512.480514,2395
94512.485068,2396
94512.490052,2397
94512.494886,2398
94512.499833,2399
94512.504370,2400
94512.509604,2401
94512.515049,2402
94512.520068,2403
94512.524653,2404
94512.529776,2405
94512.534380,2406
94512.539401,2407
94512.543986,2408
94512.550166,2409
94512.554881,2410
94512.559862,2411
94512.565293,2412
94512.571083,2413
94512.576284,2414
94512.581523,2415
94512.586584,2416
94512.592241,2417
94512.597205,2418
94512.602439,2419
94512.607149,2420
94512.612917,2421
94512.617484,2422
94512.623308,2423
94512.628123,2424
94512.633301,2425
94512.638038,2426
94512.643187,2427
94512.647854,2428
94512.653053,2429
94512.657912,2430
94512.663051,2431
94512.667945,2432
94512.673045,2433
94512.678012,2434
94512.683330,2435
94512.688498,2436
94512.693610,2437
94512.698162,2438
94512.703180,2439
94512.707779,2440
94512.712825,2441
94512.717584,2442
94512.723309,2443
94512.728305,2444
94512.734038,2445
94512.739261,2446
94512.744504,2447
94512.749243,2448
94512.754298,2449
94512.759159,2450
94512.764396,2451
94512.769038,2452
94512.774748,2453
94512.779696,2454
94512.784818,2455
94512.789360,2456
94512.794952,2457
94512.799981,2458
94512.805181,2459
94512.809960,2460
94512.815364,2461
94512.820760,2462
94512.826061,2463
94512.831091,2464
94512.836466,2465
94512.841382,2466
94512.846423,2467
94512.851047,2468
94512.856196,2469
94512.861038,2470
94512.866098,2471
94512.870977,2472
94512.876446,2473
94512.881377,2474
94512.886622,2475
94512.892216,2476
94512.898090,2477
94512.902707,2478
94512.907751,2479
94512.912569,2480
94512.917952,2481
94512.922709,2482
94512.927693,2483
94512.932297,2484
94512.937198,2485
94512.942563,2486
94512.947637,2487
94512.952617,2488
94512.957632,2489
94512.962256,2490
94512.967352,2491
94512.972044,2492
94512.976991,2493
94512.982041,2494
94512.987363,2495
94512.992237,2496
94512.997416,2497
94513.002169,2498
94513.007130,2499
94513.022553,2500
94513.031577,2501
94513.042206,2502
94513.047722,2503
94513.053032,2504
94513.058647,2505
94513.070655,2506
94513.082377,2507
94513.095601,2508
94513.107888,2509
94513.119603,2510
94513.130844,2511
94513.141931,2512
94513.147414,2513
94513.156389,2514
94513.167923,2515
94513.173272,2516
94513.184375,2517
94513.189522,2518
94513.202920,2519
94513.216022,2520
94513.228806,2521
94513.234420,2522
94513.246840,2523
94513.259690,2524
94513.273495,2525
94513.279105,2526
94513.291510,2527
94513.304916,2528
94513.317181,2529
94513.322613,2530
94513.336792,2531
94513.347439,2532
94513.359520,2533
94513.371823,2534
94513.384316,2535
94513.397660,2536
94513.403790,2537
94513.413976,2538
94513.427100,2539
94513.437749,2540
94513.450196,2541
94513.463384,2542
94513.475523,2543
94513.486389,2544
94513.498824,2545
94513.510523,2546
94513.521999,2547
94513.532759,2548
94513.543851,2549
94513.557535,2550
94513.570559,2551
94513.581364,2552
94513.593712,2553
94513.606616,2554
94513.617722,2555
94513.630688,2556
94513.643477,2557
94513.656021,2558
94513.668557,2559
94513.681850,2560
94513.694639,2561
94513.707586,2562
94513.720072,2563
94513.731234,2564
94513.740580,2565
94513.753711,2566
94513.765923,2567
94513.776714,2568
94513.788615,2569
94513.800803,2570
94513.811606,2571
94513.825596,2572
94513.837927,2573
94513.850708,2574
94513.864522,2575
94513.875179,2576
94513.886907,2577
94513.898525,2578
94513.912703,2579
94513.927381,2580
94513.936979,2581
94513.949706,2582
94513.961717,2583
94513.972384,2584
94513.978440,2585
94513.990687,2586
94514.003122,2587
94514.008571,2588
94514.021271,2589
94514.034750,2590
94514.047771,2591
94514.058707,2592
94514.071721,2593
94514.083722,2594
94514.094712,2595
94514.106515,2596
94514.120025,2597
94514.133634,2598
94514.147876,2599
94514.158436,2600
94514.163937,2601
94514.175740,2602
94514.188857,2603
94514.199678,2604
94514.210253,2605
94514.221936,2606
94514.227226,2607
94514.239256,2608
94514.244753,2609
94514.256748,2610
94514.267759,2611
94514.278545,2612
94514.290914,2613
94514.303283,2614
94514.315679,2615
94514.327362,2616
94514.338313,2617
94514.351195,2618
94514.364961,2619
94514.375327,2620
94514.389666,2621
94514.399923,2622
94514.411150,2623
94514.424770,2624
94514.430375,2625
94514.441678,2626
94514.454402,2627
94514.466745,2628
94514.480140,2629
94514.491405,2630
94514.502573,2631
94514.513929,2632
94514.526269,2633
94514.536867,2634
94514.549796,2635
94514.563220,2636
94514.576172,2637
94514.581230,2638
94514.594243,2639
94514.599351,2640
94514.610427,2641
94514.620659,2642
94514.633274,2643
94514.645272,2644
94514.656410,2645
94514.667111,2646
94514.678981,2647
94514.693152,2648
94514.704549,2649
94514.716977,2650
94514.728545,2651
94514.739289,2652
94514.752490,2653
94514.763643,2654
94514.775466,2655
94514.788226,2656
94514.801959,2657
94514.812774,2658
94514.824183,2659
94514.835194,2660
94514.848059,2661
94514.860119,2662
94514.871257,2663
94514.882210,2664
94514.895285,2665
94514.907943,2666
94514.920173,2667
94514.932746,2668
94514.944711,2669
94514.958280,2670
94514.970504,2671
94514.981193,2672
94514.994794,2673
94515.007120,2674
94515.020161,2675
94515.030998,2676
94515.043456,2677
94515.055213,2678
94515.067580,2679
94515.080120,2680
94515.092730,2681
94515.104724,2682
94515.118579,2683
94515.131793,2684
94515.140293,2685
94515.153024,2686
94515.165537,2687
94515.176779,2688
94515.188980,2689
94515.203265,2690
94515.217733,2691
94515.223093,2692
94515.235589,2693
94515.248185,2694
94515.259901,2695
94515.272349,2696
94515.278294,2697
94515.290271,2698
94515.302215,2699
94515.314837,2700
94515.327787,2701
94515.340060,2702
94515.353721,2703
94515.366049,2704
94515.376870,2705
94515.382075,2706
94515.395635,2707
94515.400687,2708
94515.406072,2709
94515.418729,2710
94515.431457,2711
94515.444818,2712
94515.458506,2713
94515.470754,2714
94515.483007,2715
94515.494816,2716
94515.506371,2717
94515.519500,2718
94515.531544,2719
94515.544407,2720
94515.557371,2721
94515.568375,2722
94515.580403,2723
94515.593624,2724
94515.606986,2725
94515.619795,2726
94515.632809,2727
94515.638603,2728
94515.652032,2729
94515.662416,2730
94515.673324,2731
94515.684524,2732
94515.696621,2733
94515.709970,2734
94515.722013,2735
94515.734416,2736
94515.745508,2737
94515.758727,2738
94515.770501,2739
94515.784520,2740
94515.790521,2741
94515.802909,2742
94515.808722,2743
94515.821807,2744
94515.836362,2745
94515.849785,2746
94515.861210,2747
94515.872024,2748
94515.884795,2749
94515.901138,2750
94515.912317,2751
94515.923007,2752
94515.934526,2753
94515.947615,2754
94515.961683,2755
94515.973818,2756
94515.984668,2757
94515.994951,2758
94516.008583,2759
94516.020444,2760
94516.032593,2761
94516.044238,2762
94516.056306,2763
94516.066639,2764
94516.078843,2765
94516.091232,2766
94516.104555,2767
94516.115214,2768
94516.128321,2769
94516.139019,2770
94516.151718,2771
94516.162857,2772
94516.174394,2773
94516.185577,2774
94516.196193,2775
94516.207125,2776
94516.218898,2777
94516.229974,2778
94516.240591,2779
94516.251567,2780
94516.265541,2781
94516.276270,2782
94516.287210,2783
94516.300457,2784
94516.312424,2785
94516.328536,2786
94516.343323,2787
94516.353974,2788
94516.364961,2789
94516.375931,2790
94516.386727,2791
94516.397594,2792
94516.409851,2793
94516.421762,2794
94516.433683,2795
94516.446009,2796
94516.456787,2797
94516.467843,2798
94516.479772,2799
94516.493751,2800
94516.505102,2801
94516.519032,2802
94516.530192,2803
94516.542376,2804
94516.555494,2805
94516.566324,2806
94516.577386,2807
94516.588170,2808
94516.599382,2809
94516.609512,2810
94516.620487,2811
94516.630531,2812
94516.641660,2813
94516.653328,2814
94516.665442,2815
94516.676888,2816
94516.690736,2817
94516.701911,2818
94516.713816,2819
94516.724962,2820
94516.737206,2821
94516.749824,2822
94516.761160,2823
94516.771918,2824
94516.784758,2825
94516.795623,2826
94516.807673,2827
94516.818117,2828
94516.829105,2829
94516.840508,2830
94516.851674,2831
94516.863482,2832
94516.875282,2833
94516.885787,2834
94516.897419,2835
94516.907847,2836
94516.920636,2837
94516.932107,2838
94516.945617,2839
94516.956731,2840
94516.968339,2841
94516.979282,2842
94516.990247,2843
94517.001437,2844
94517.014271,2845
94517.026205,2846
94517.039590,2847
94517.051112,2848
94517.063259,2849
94517.073796,2850
94517.085101,2851
94517.096216,2852
94517.108879,2853
94517.120854,2854
94517.132462,2855
94517.144661,2856
94517.156336,2857
94517.166997,2858
94517.178635,2859
94517.189826,2860
94517.200932,2861
94517.211760,2862
94517.222675,2863
94517.233085,2864
94517.246880,2865
94517.258715,2866
94517.269484,2867
94517.280573,2868
94517.293541,2869
94517.306410,2870
94517.317657,2871
94517.328792,2872
94517.342682,2873
94517.356288,2874
94517.368300,2875
94517.379903,2876
94517.391142,2877
94517.403220,2878
94517.417602,2879
94517.428709,2880
94517.439838,2881
94517.450218,2882
94517.460772,2883
94517.471627,2884
94517.483324,2885
94517.493788,2886
94517.506774,2887
94517.517752,2888
94517.528828,2889
94517.542509,2890
94517.554779,2891
94517.565246,2892
94517.576681,2893
94517.587507,2894
94517.599571,2895
94517.610094,2896
94517.620550,2897
94517.630925,2898
94517.641426,2899
94517.651928,2900
94517.663422,2901
94517.674130,2902
94517.685698,2903
94517.697496,2904
94517.709014,2905
94517.719933,2906
94517.731397,2907
94517.744698,2908
94517.755786,2909
94517.766089,2910
94517.776739,2911
94517.787385,2912
94517.801505,2913
94517.812408,2914
94517.823469,2915
94517.835133,2916
94517.846208,2917
94517.856782,2918
94517.870958,2919
94517.883010,2920
94517.894835,2921
94517.906461,2922
94517.920656,2923
94517.935208,2924
94517.947294,2925
94517.960663,2926
94517.972411,2927
94517.984299,2928
94517.996975,2929
94518.008827,2930
94518.021731,2931
94518.032630,2932
94518.046345,2933
94518.058609,2934
94518.069897,2935
94518.081733,2936
94518.093742,2937
94518.105291,2938
94518.116265,2939
94518.127362,2940
94518.138022,2941
94518.149715,2942
94518.162243,2943
94518.173547,2944
94518.184943,2945
94518.195626,2946
94518.206903,2947
94518.217537,2948
94518.230065,2949
94518.240513,2950
94518.251591,2951
94518.261893,2952
94518.274052,2953
94518.285879,2954
94518.297217,2955
94518.307776,2956
94518.318392,2957
94518.328785,2958
94518.338985,2959
94518.349528,2960
94518.360055,2961
94518.371043,2962
94518.382624,2963
94518.393819,2964
94518.405453,2965
94518.415944,2966
94518.427276,2967
94518.439894,2968
94518.451817,2969
94518.463987,2970
94518.476886,2971
94518.488601,2972
94518.500362,2973
94518.512894,2974
94518.525266,2975
94518.536406,2976
94518.547793,2977
94518.558565,2978
94518.570891,2979
94518.582422,2980
94518.593977,2981
94518.606548,2982
94518.622132,2983
94518.634747,2984
94518.648322,2985
94518.661702,2986
94518.674355,2987
94518.686478,2988
94518.698773,2989
94518.710671,2990
94518.722214,2991
94518.735112,2992
94518.748881,2993
94518.760746,2994
94518.771737,2995
94518.783209,2996
94518.796696,2997
94518.807794,2998
94518.821281,2999
94518.840184,3000
94518.857845,3001
94518.876172,3002
94518.895955,3003
94518.913321,3004
94518.931187,3005
94518.950091,3006
94518.969242,3007
94518.986280,3008
94519.000313,3009
94519.016717,3010
94519.033577,3011
94519.050231,3012
94519.069758,3013
94519.086561,3014
94519.102527,3015
94519.120612,3016
94519.137113,3017
94519.154761,3018
94519.171577,3019
94519.188762,3020
94519.206306,3021
94519.222887,3022
94519.239717,3023
94519.257739,3024
94519.274238,3025
94519.291898,3026
94519.310332,3027
94519.328849,3028
94519.345838,3029
94519.364545,3030
94519.381694,3031
94519.400089,3032
94519.417031,3033
94519.435405,3034
94519.453635,3035
94519.470418,3036
94519.487033,3037
94519.504822,3038
94519.522683,3039
94519.539450,3040
94519.557957,3041
94519.574987,3042
94519.592185,3043
94519.610524,3044
94519.627511,3045
94519.645499,3046
94519.662612,3047
94519.680668,3048
94519.698534,3049
94519.715957,3050
94519.733367,3051
94519.750649,3052
94519.768243,3053
94519.787036,3054
94519.803892,3055
94519.822709,3056
94519.838303,3057
94519.855090,3058
94519.873442,3059
94519.891441,3060
94519.908012,3061
94519.925979,3062
94519.942701,3063
94519.961563,3064
94519.977969,3065
94519.995995,3066
94520.012893,3067
94520.029989,3068
94520.047417,3069
94520.065211,3070
94520.081173,3071
94520.099199,3072
94520.115231,3073
94520.132715,3074
94520.150582,3075
94520.167717,3076
94520.185303,3077
94520.202401,3078
94520.219389,3079
94520.237535,3080
94520.254513,3081
94520.272115,3082
94520.290534,3083
94520.308364,3084
94520.323772,3085
94520.340847,3086
94520.355904,3087
94520.373480,3088
94520.392104,3089
94520.408581,3090
94520.424837,3091
94520.441375,3092
94520.459612,3093
94520.477565,3094
94520.494681,3095
94520.510896,3096
94520.527787,3097
94520.545112,3098
94520.560708,3099
94520.577913,3100
94520.594267,3101
94520.611509,3102
94520.630446,3103
94520.647077,3104
94520.663512,3105
94520.680174,3106
94520.696908,3107
94520.714495,3108
94520.730413,3109
94520.748246,3110
94520.764616,3111
94520.781289,3112
94520.798241,3113
94520.815816,3114
94520.833902,3115
94520.851242,3116
94520.866786,3117
94520.884224,3118
94520.900161,3119
94520.916631,3120
94520.933601,3121
94520.950592,3122
94520.968043,3123
94520.983937,3124
94521.001479,3125
94521.018315,3126
94521.036835,3127
94521.052874,3128
94521.069571,3129
94521.086327,3130
94521.102963,3131
94521.121576,3132
94521.138351,3133
94521.155427,3134
94521.170977,3135
94521.187819,3136
94521.205411,3137
94521.222319,3138
94521.240269,3139
94521.256655,3140
94521.272276,3141
94521.289342,3142
94521.307396,3143
94521.324354,3144
94521.339680,3145
94521.356982,3146
94521.374119,3147
94521.389798,3148
94521.405681,3149
94521.422403,3150
94521.437898,3151
94521.454400,3152
94521.471772,3153
94521.487975,3154
94521.504279,3155
94521.521591,3156
94521.537221,3157
94521.554348,3158
94521.571730,3159
94521.587547,3160
94521.602717,3161
94521.619509,3162
94521.637554,3163
94521.655496,3164
94521.672216,3165
94521.688844,3166
94521.704221,3167
94521.720859,3168
94521.737067,3169
94521.753729,3170
94521.769959,3171
94521.786522,3172
94521.802722,3173
94521.818842,3174
94521.835304,3175
94521.854598,3176
94521.869983,3177
94521.887393,3178
94521.904723,3179
94521.921368,3180
94521.939225,3181
94521.956525,3182
94521.973335,3183
94521.989532,3184
94522.005851,3185
94522.023867,3186
94522.040536,3187
94522.057499,3188
94522.073962,3189
94522.091521,3190
94522.107609,3191
94522.124597,3192
94522.141391,3193
94522.157576,3194
94522.174791,3195
94522.190754,3196
94522.206107,3197
94522.223786,3198
94522.240714,3199
94522.259670,3200
94522.274925,3201
94522.292625,3202
94522.308413,3203
94522.324863,3204
94522.340772,3205
94522.357875,3206
94522.375750,3207
94522.392610,3208
94522.407798,3209
94522.425897,3210
94522.442913,3211
94522.459295,3212
94522.476523,3213
94522.494855,3214
94522.511710,3215
94522.528679,3216
94522.547630,3217
94522.564710,3218
94522.581227,3219
94522.600472,3220
94522.619384,3221
94522.635904,3222
94522.653641,3223
94522.670821,3224
94522.689451,3225
94522.707324,3226
94522.724371,3227
94522.740972,3228
94522.758748,3229
94522.776327,3230
94522.793147,3231
94522.810217,3232
94522.826804,3233
94522.843036,3234
94522.858516,3235
94522.874664,3236
94522.891288,3237
94522.907024,3238
94522.924710,3239
94522.941811,3240
94522.957113,3241
94522.975095,3242
94522.991921,3243
94523.008000,3244
94523.022825,3245
94523.038700,3246
94523.054566,3247
94523.071467,3248
94523.088845,3249
94523.098706,3250
94523.104678,3251
94523.109807,3252
94523.115111,3253
94523.120578,3254
94523.126071,3255
94523.131662,3256
94523.136718,3257
94523.141844,3258
94523.146934,3259
94523.152346,3260
94523.157423,3261
94523.162672,3262
94523.167896,3263
94523.172822,3264
94523.177969,3265
94523.183311,3266
94523.189057,3267
94523.193993,3268
94523.199214,3269
94523.204642,3270
94523.209909,3271
94523.216229,3272
94523.221229,3273
94523.226431,3274
94523.231518,3275
94523.237007,3276
94523.241946,3277
94523.247160,3278
94523.252378,3279
94523.257700,3280
94523.262656,3281
94523.267939,3282
94523.273095,3283
94523.278461,3284
94523.283546,3285
94523.288931,3286
94523.294067,3287
94523.299558,3288
94523.304540,3289
94523.309731,3290
94523.314873,3291
94523.320198,3292
94523.325266,3293
94523.330498,3294
94523.336583,3295
94523.341656,3296
94523.347438,3297
94523.354605,3298
94523.359700,3299
94523.364859,3300
94523.370141,3301
94523.375325,3302
94523.380285,3303
94523.385392,3304
94523.390504,3305
94523.395563,3306
94523.401189,3307
94523.406366,3308
94523.411300,3309
94523.416305,3310
94523.421477,3311
94523.426476,3312
94523.431743,3313
94523.437144,3314
94523.442067,3315
94523.447905,3316
94523.452883,3317
94523.457919,3318
94523.462859,3319
94523.468175,3320
94523.473575,3321
94523.478562,3322
94523.483574,3323
94523.488975,3324
94523.494473,3325
94523.499414,3326
94523.504780,3327
94523.509645,3328
94523.516696,3329
94523.521878,3330
94523.527548,3331
94523.532547,3332
94523.537712,3333
94523.542888,3334
94523.548122,3335
94523.554429,3336
94523.560108,3337
94523.565343,3338
94523.570929,3339
94523.576096,3340
94523.581236,3341
94523.586301,3342
94523.591611,3343
94523.597014,3344
94523.602544,3345
94523.609071,3346
94523.617797,3347
94523.623794,3348
94523.629348,3349
94523.634769,3350
94523.640749,3351
94523.646286,3352
94523.651823,3353
94523.657383,3354
94523.662836,3355
94523.667881,3356
94523.672897,3357
94523.679051,3358
94523.684687,3359
94523.691916,3360
94523.697589,3361
94523.702722,3362
94523.707746,3363
94523.712844,3364
94523.718332,3365
94523.723718,3366
94523.730269,3367
94523.735368,3368
94523.742268,3369
94523.747482,3370
94523.753371,3371
94523.758935,3372
94523.764416,3373
94523.769719,3374
94523.775147,3375
94523.780672,3376
94523.786123,3377
94523.791368,3378
94523.796919,3379
94523.802175,3380
94523.807376,3381
94523.812782,3382
94523.818170,3383
94523.825341,3384
94523.830962,3385
94523.836435,3386
94523.841768,3387
94523.847204,3388
94523.852621,3389
94523.857778,3390
94523.862865,3391
94523.868629,3392
94523.873819,3393
94523.878991,3394
94523.885903,3395
94523.892554,3396
94523.898060,3397
94523.903908,3398
94523.909423,3399
94523.914800,3400
94523.920085,3401
94523.925698,3402
94523.931463,3403
94523.937258,3404
94523.942940,3405
94523.948164,3406
94523.955869,3407
94523.962926,3408
94523.970512,3409
94523.977516,3410
94523.983422,3411
94523.990321,3412
94523.996282,3413
94524.001459,3414
94524.006798,3415
94524.011961,3416
94524.016938,3417
94524.022012,3418
94524.027256,3419
94524.032502,3420
94524.037743,3421
94524.042863,3422
94524.047849,3423
94524.053347,3424
94524.058587,3425
94524.063608,3426
94524.068630,3427
94524.074272,3428
94524.079474,3429
94524.084712,3430
94524.090099,3431
94524.095159,3432
94524.101634,3433
94524.107143,3434
94524.112306,3435
94524.117447,3436
94524.122567,3437
94524.128559,3438
94524.133762,3439
94524.138949,3440
94524.146274,3441
94524.152559,3442
94524.158436,3443
94524.163530,3444
94524.169872,3445
94524.175402,3446
94524.181225,3447
94524.186718,3448
94524.192338,3449
94524.197504,3450
94524.202704,3451
94524.208838,3452
94524.213832,3453
94524.218860,3454
94524.224478,3455
94524.231633,3456
94524.238038,3457
94524.243463,3458
94524.248505,3459
94524.256278,3460
94524.261347,3461
94524.268041,3462
94524.273492,3463
94524.279081,3464
94524.285839,3465
94524.291492,3466
94524.298949,3467
94524.304840,3468
94524.309994,3469
94524.316025,3470
94524.321452,3471
94524.327178,3472
94524.332687,3473
94524.338388,3474
94524.343340,3475
94524.350911,3476
94524.356244,3477
94524.362047,3478
94524.369131,3479
94524.379477,3480
94524.385185,3481
94524.390237,3482
94524.395226,3483
94524.400264,3484
94524.405550,3485
94524.411342,3486
94524.416317,3487
94524.421369,3488
94524.427117,3489
94524.432134,3490
94524.438166,3491
94524.443677,3492
94524.450146,3493
94524.456246,3494
94524.464089,3495
94524.470832,3496
94524.476041,3497
94524.482154,3498
94524.490438,3499
94524.506206,3500
94524.519634,3501
94524.530402,3502
94524.541568,3503
94524.554802,3504
94524.566799,3505
94524.578830,3506
94524.591024,3507
94524.601942,3508
94524.613747,3509
94524.628639,3510
94524.640444,3511
94524.652587,3512
94524.663827,3513
94524.675948,3514
94524.688050,3515
94524.700367,3516
94524.711614,3517
94524.723760,3518
94524.735862,3519
94524.749782,3520
94524.760731,3521
94524.772477,3522
94524.782800,3523
94524.795315,3524
94524.806373,3525
94524.817204,3526
94524.829272,3527
94524.843511,3528
94524.854760,3529
94524.865496,3530
94524.876160,3531
94524.890289,3532
94524.903726,3533
94524.916818,3534
94524.929043,3535
94524.940693,3536
94524.954788,3537
94524.966710,3538
94524.979442,3539
94524.990797,3540
94525.001442,3541
94525.012077,3542
94525.022710,3543
94525.035273,3544
94525.046409,3545
94525.058762,3546
94525.071204,3547
94525.084227,3548
94525.095934,3549
94525.107252,3550
94525.120620,3551
94525.132412,3552
94525.144273,3553
94525.155851,3554
94525.167915,3555
94525.180491,3556
94525.191730,3557
94525.202256,3558
94525.215173,3559
94525.227643,3560
94525.239598,3561
94525.249816,3562
94525.261790,3563
94525.272569,3564
94525.283646,3565
94525.294553,3566
94525.304718,3567
94525.319010,3568
94525.331431,3569
94525.343765,3570
94525.356782,3571
94525.369254,3572
94525.379511,3573
94525.390104,3574
94525.401907,3575
94525.414298,3576
94525.425458,3577
94525.437200,3578
94525.451282,3579
94525.464846,3580
94525.475717,3581
94525.487543,3582
94525.499104,3583
94525.512535,3584
94525.526485,3585
94525.537314,3586
94525.547715,3587
94525.558231,3588
94525.568824,3589
94525.582621,3590
94525.599719,3591
94525.612491,3592
94525.626628,3593
94525.640870,3594
94525.651187,3595
94525.662258,3596
94525.676853,3597
94525.687671,3598
94525.701604,3599
94525.715281,3600
94525.726353,3601
94525.736844,3602
94525.751584,3603
94525.765208,3604
94525.775869,3605
94525.789811,3606
94525.804559,3607
94525.818794,3608
94525.830605,3609
94525.840878,3610
94525.853672,3611
94525.867772,3612
94525.880766,3613
94525.892684,3614
94525.905335,3615
94525.920566,3616
94525.937941,3617
94525.952944,3618
94525.966657,3619
94525.980889,3620
94525.992756,3621
94526.006705,3622
94526.017256,3623
94526.030737,3624
94526.041021,3625
94526.053667,3626
94526.064368,3627
94526.076057,3628
94526.089285,3629
94526.102031,3630
94526.114101,3631
94526.124725,3632
94526.138429,3633
94526.151930,3634
94526.165826,3635
94526.179520,3636
94526.191773,3637
94526.205613,3638
94526.217770,3639
94526.231381,3640
94526.244655,3641
94526.258466,3642
94526.270877,3643
94526.282650,3644
94526.293306,3645
94526.305824,3646
94526.318519,3647
94526.331234,3648
94526.343594,3649
94526.356845,3650
94526.367350,3651
94526.378480,3652
94526.388708,3653
94526.400403,3654
94526.414321,3655
94526.428446,3656
94526.439944,3657
94526.452341,3658
94526.463377,3659
94526.476379,3660
94526.489228,3661
94526.500040,3662
94526.511076,3663
94526.522526,3664
94526.533651,3665
94526.545882,3666
94526.556276,3667
94526.569297,3668
94526.581583,3669
94526.593493,3670
94526.604449,3671
94526.618292,3672
94526.632530,3673
94526.644839,3674
94526.656671,3675
94526.669885,3676
94526.680610,3677
94526.693094,3678
94526.704981,3679
94526.718238,3680
94526.732307,3681
94526.745765,3682
94526.757297,3683
94526.769740,3684
94526.784366,3685
94526.795548,3686
94526.807551,3687
94526.820395,3688
94526.831824,3689
94526.843741,3690
94526.855588,3691
94526.867516,3692
94526.879735,3693
94526.891360,3694
94526.905550,3695
94526.917868,3696
94526.930269,3697
94526.942478,3698
94526.954426,3699
94526.967778,3700
94526.982568,3701
94526.994398,3702
94527.008262,3703
94527.020020,3704
94527.033923,3705
94527.044432,3706
94527.056651,3707
94527.070064,3708
94527.082130,3709
94527.093289,3710
94527.105608,3711
94527.116604,3712
94527.129224,3713
94527.142424,3714
94527.154420,3715
94527.167735,3716
94527.179071,3717
94527.191838,3718
94527.204889,3719
94527.217485,3720
94527.228573,3721
94527.241318,3722
94527.253922,3723
94527.265718,3724
94527.277864,3725
94527.288436,3726
94527.301285,3727
94527.314451,3728
94527.326662,3729
94527.337274,3730
94527.350692,3731
94527.362695,3732
94527.374485,3733
94527.386378,3734
94527.399551,3735
94527.410196,3736
94527.423114,3737
94527.435860,3738
94527.448516,3739
94527.461177,3740
94527.476238,3741
94527.489164,3742
94527.501593,3743
94527.512917,3744
94527.524313,3745
94527.536630,3746
94527.547878,3747
94527.560539,3748
94527.571669,3749
94527.590730,3750
94527.605990,3751
94527.621284,3752
94527.637841,3753
94527.651474,3754
94527.664629,3755
94527.677838,3756
94527.692476,3757
94527.704379,3758
94527.717262,3759
94527.731037,3760
94527.744786,3761
94527.756896,3762
94527.772462,3763
94527.787402,3764
94527.799896,3765
94527.810937,3766
94527.822884,3767
94527.838052,3768
94527.852109,3769
94527.866873,3770
94527.881065,3771
94527.895222,3772
94527.909198,3773
94527.923440,3774
94527.937796,3775
94527.952808,3776
94527.964945,3777
94527.978756,3778
94527.994826,3779
94528.008807,3780
94528.023820,3781
94528.037277,3782
94528.048578,3783
94528.059740,3784
94528.073220,3785
94528.086856,3786
94528.100466,3787
94528.114570,3788
94528.126295,3789
94528.142740,3790
94528.157879,3791
94528.169343,3792
94528.184424,3793
94528.199019,3794
94528.211748,3795
94528.228018,3796
94528.242584,3797
94528.256441,3798
94528.270714,3799
94528.284379,3800
94528.298745,3801
94528.314344,3802
94528.328586,3803
94528.343254,3804
94528.357097,3805
94528.368378,3806
94528.380846,3807
94528.395514,3808
94528.408668,3809
94528.422049,3810
94528.435639,3811
94528.448221,3812
94528.461570,3813
94528.475269,3814
94528.490286,3815
94528.504236,3816
94528.518619,3817
94528.533611,3818
94528.548308,3819
94528.562837,3820
94528.576406,3821
94528.590689,3822
94528.604780,3823
94528.619644,3824
94528.634450,3825
94528.648679,3826
94528.660864,3827
94528.672983,3828
94528.686874,3829
94528.700831,3830
94528.711551,3831
94528.725945,3832
94528.738811,3833
94528.751361,3834
94528.765902,3835
94528.780473,3836
94528.793649,3837
94528.808591,3838
94528.822852,3839
94528.835849,3840
94528.849518,3841
94528.864370,3842
94528.877828,3843
94528.891009,3844
94528.903441,3845
94528.917119,3846
94528.931683,3847
94528.946937,3848
94528.960278,3849
94528.971384,3850
94528.985452,3851
94528.999866,3852
94529.010422,3853
94529.023692,3854
94529.038381,3855
94529.052399,3856
94529.063836,3857
94529.075448,3858
94529.089510,3859
94529.100975,3860
94529.113894,3861
94529.127791,3862
94529.142043,3863
94529.156940,3864
94529.170839,3865
94529.183273,3866
94529.197694,3867
94529.210688,3868
94529.223493,3869
94529.235841,3870
94529.247968,3871
94529.261664,3872
94529.274162,3873
94529.288880,3874
94529.303104,3875
94529.316278,3876
94529.328345,3877
94529.342971,3878
94529.356249,3879
94529.367228,3880
94529.380783,3881
94529.394757,3882
94529.405782,3883
94529.419951,3884
94529.433849,3885
94529.448358,3886
94529.462237,3887
94529.477399,3888
94529.491370,3889
94529.505625,3890
94529.518359,3891
94529.531816,3892
94529.545683,3893
94529.558813,3894
94529.573401,3895
94529.587416,3896
94529.601178,3897
94529.615746,3898
94529.628019,3899
94529.642734,3900
94529.656028,3901
94529.669857,3902
94529.683940,3903
94529.697515,3904
94529.711883,3905
94529.725873,3906
94529.740082,3907
94529.754157,3908
94529.768214,3909
94529.781516,3910
94529.795270,3911
94529.808825,3912
94529.822730,3913
94529.836982,3914
94529.851649,3915
94529.864786,3916
94529.877807,3917
94529.890878,3918
94529.902628,3919
94529.916773,3920
94529.930565,3921
94529.943860,3922
94529.957344,3923
94529.971197,3924
94529.984893,3925
94529.997144,3926
94530.009506,3927
94530.023393,3928
94530.035251,3929
94530.048545,3930
94530.059906,3931
94530.072055,3932
94530.086216,3933
94530.099850,3934
94530.114253,3935
94530.128717,3936
94530.142844,3937
94530.155390,3938
94530.169494,3939
94530.183039,3940
94530.197523,3941
94530.210932,3942
94530.225203,3943
94530.237538,3944
94530.250679,3945
94530.263304,3946
94530.276834,3947
94530.289426,3948
94530.300707,3949
94530.312814,3950
94530.326604,3951
94530.338539,3952
94530.351734,3953
94530.364101,3954
94530.377768,3955
94530.390353,3956
94530.403423,3957
94530.415511,3958
94530.428928,3959
94530.441593,3960
94530.456633,3961
94530.470076,3962
94530.481986,3963
94530.493483,3964
94530.506569,3965
94530.519397,3966
94530.532871,3967
94530.545214,3968
94530.559738,3969
94530.571854,3970
94530.585751,3971
94530.599030,3972
94530.610587,3973
94530.624631,3974
94530.638028,3975
94530.650354,3976
94530.664247,3977
94530.676940,3978
94530.691021,3979
94530.704303,3980
94530.718798,3981
94530.732097,3982
94530.743507,3983
94530.756367,3984
94530.769852,3985
94530.781842,3986
94530.795833,3987
94530.808985,3988
94530.823027,3989
94530.836054,3990
94530.850766,3991
94530.863722,3992
94530.875211,3993
94530.887761,3994
94530.901371,3995
94530.914367,3996
94530.927266,3997
94530.939741,3998
94530.953769,3999
94530.976328,4000
94530.992380,4001
94531.007493,4002
94531.021787,4003
94531.035525,4004
94531.049026,4005
94531.063403,4006
94531.078729,4007
94531.093804,4008
94531.108377,4009
94531.123368,4010
94531.138216,4011
94531.154166,4012
94531.169359,4013
94531.183981,4014
94531.198689,4015
94531.212454,4016
94531.225873,4017
94531.239967,4018
94531.255825,4019
94531.270368,4020
94531.284540,4021
94531.297545,4022
94531.311835,4023
94531.325656,4024
94531.339379,4025
94531.353572,4026
94531.367718,4027
94531.381399,4028
94531.395099,4029
94531.409478,4030
94531.423364,4031
94531.436892,4032
94531.450784,4033
94531.465149,4034
94531.479388,4035
94531.493869,4036
94531.507836,4037
94531.522400,4038
94531.537184,4039
94531.552504,4040
94531.567347,4041
94531.582560,4042
94531.596281,4043
94531.610620,4044
94531.624618,4045
94531.637979,4046
94531.651460,4047
94531.665799,4048
94531.679523,4049
94531.693561,4050
94531.709206,4051
94531.724698,4052
94531.739461,4053
94531.754276,4054
94531.768645,4055
94531.782710,4056
94531.796306,4057
94531.809774,4058
94531.823791,4059
94531.838267,4060
94531.853408,4061
94531.867178,4062
94531.880200,4063
94531.894650,4064
94531.907723,4065
94531.921777,4066
94531.935916,4067
94531.949507,4068
94531.963963,4069
94531.978334,4070
94531.992076,4071
94532.006851,4072
94532.021060,4073
94532.034066,4074
94532.047542,4075
94532.060943,4076
94532.075188,4077
94532.089138,4078
94532.102701,4079
94532.115394,4080
94532.128851,4081
94532.142955,4082
94532.156782,4083
94532.170635,4084
94532.184478,4085
94532.198510,4086
94532.213452,4087
94532.227166,4088
94532.241499,4089
94532.254582,4090
94532.267866,4091
94532.280903,4092
94532.294265,4093
94532.309782,4094
94532.323751,4095
94532.338422,4096
94532.354497,4097
94532.367425,4098
94532.381089,4099
94532.394967,4100
94532.409746,4101
94532.424620,4102
94532.439316,4103
94532.452595,4104
94532.467665,4105
94532.483591,4106
94532.498498,4107
94532.512583,4108
94532.526253,4109
94532.540638,4110
94532.555147,4111
94532.568755,4112
94532.582856,4113
94532.595959,4114
94532.610324,4115
94532.624782,4116
94532.638321,4117
94532.651838,4118
94532.665807,4119
94532.680102,4120
94532.694914,4121
94532.709239,4122
94532.725107,4123
94532.740331,4124
94532.756323,4125
94532.770739,4126
94532.784723,4127
94532.798578,4128
94532.813641,4129
94532.827842,4130
94532.841985,4131
94532.855575,4132
94532.868734,4133
94532.881791,4134
94532.895526,4135
94532.909741,4136
94532.923496,4137
94532.937154,4138
94532.950819,4139
94532.964473,4140
94532.978521,4141
94532.992350,4142
94533.006104,4143
94533.020076,4144
94533.033902,4145
94533.049300,4146
94533.063369,4147
94533.077521,4148
94533.091733,4149
94533.104944,4150
94533.118693,4151
94533.132268,4152
94533.146350,4153
94533.159270,4154
94533.173943,4155
94533.187079,4156
94533.200586,4157
94533.214121,4158
94533.227839,4159
94533.240990,4160
94533.254770,4161
94533.268400,4162
94533.281695,4163
94533.295248,4164
94533.309330,4165
94533.323123,4166
94533.337347,4167
94533.351351,4168
94533.365680,4169
94533.379305,4170
94533.393799,4171
94533.406623,4172
94533.420973,4173
94533.436216,4174
94533.450553,4175
94533.464892,4176
94533.479089,4177
94533.493903,4178
94533.509269,4179
94533.524462,4180
94533.538755,4181
94533.552221,4182
94533.567201,4183
94533.581084,4184
94533.595789,4185
94533.610213,4186
94533.625253,4187
94533.638841,4188
94533.653611,4189
94533.666961,4190
94533.681259,4191
94533.697103,4192
94533.711263,4193
94533.725709,4194
94533.740279,4195
94533.755727,4196
94533.769334,4197
94533.782847,4198
94533.796777,4199
94533.810713,4200
94533.825228,4201
94533.838822,4202
94533.851959,4203
94533.865808,4204
94533.879106,4205
94533.893465,4206
94533.907696,4207
94533.921330,4208
94533.934878,4209
94533.948949,4210
94533.963025,4211
94533.977449,4212
94533.990770,4213
94534.003787,4214
94534.018217,4215
94534.032310,4216
94534.045411,4217
94534.059354,4218
94534.072837,4219
94534.086310,4220
94534.100962,4221
94534.114488,4222
94534.128044,4223
94534.143013,4224
94534.156809,4225
94534.170298,4226
94534.184947,4227
94534.197789,4228
94534.211267,4229
94534.224800,4230
94534.238508,4231
94534.252748,4232
94534.266221,4233
94534.280039,4234
94534.294933,4235
94534.310362,4236
94534.324334,4237
94534.338021,4238
94534.351754,4239
94534.366240,4240
94534.380300,4241
94534.394239,4242
94534.407712,4243
94534.421260,4244
94534.439698,4245
94534.452881,4246
94534.466297,4247
94534.480447,4248
94534.496777,4249
94534.507524,4500
94534.513981,4501
94534.519023,4502
94534.525390,4503
94534.530307,4504
94534.536980,4505
94534.542156,4506
94534.547286,4507
94534.552362,4508
94534.558340,4509
94534.563255,4510
94534.572730,4511
94534.578063,4512
94534.583631,4513
94534.588542,4514
94534.593894,4515
94534.599694,4516
94534.605209,4517
94534.611369,4518
94534.616945,4519
94534.622115,4520
94534.627808,4521
94534.633028,4522
94534.638230,4523
94534.643039,4524
94534.648913,4525
94534.653741,4526
94534.658968,4527
94534.663893,4528
94534.669209,4529
94534.674285,4530
94534.679542,4531
94534.684808,4532
94534.690138,4533
94534.694878,4534
94534.700122,4535
94534.704793,4536
94534.710784,4537
94534.715382,4538
94534.721111,4539
94534.726650,4540
94534.732236,4541
94534.736936,4542
94534.742719,4543
94534.747417,4544
94534.752701,4545
94534.758159,4546
94534.763526,4547
94534.768248,4548
94534.774283,4549
94534.779185,4550
94534.784253,4551
94534.788955,4552
94534.794358,4553
94534.798985,4554
94534.804466,4555
94534.809337,4556
94534.814986,4557
94534.819822,4558
94534.825193,4559
94534.830505,4560
94534.835861,4561
94534.840779,4562
94534.845958,4563
94534.850760,4564
94534.856688,4565
94534.862764,4566
94534.867895,4567
94534.872681,4568
94534.877893,4569
94534.882697,4570
94534.887703,4571
94534.892572,4572
94534.898363,4573
94534.902987,4574
94534.908479,4575
94534.913304,4576
94534.919252,4577
94534.924020,4578
94534.929714,4579
94534.934704,4580
94534.940142,4581
94534.944867,4582
94534.949982,4583
94534.954978,4584
94534.961053,4585
94534.965561,4586
94534.970993,4587
94534.975748,4588
94534.981607,4589
94534.986250,4590
94534.991430,4591
94534.996635,4592
94535.003512,4593
94535.008194,4594
94535.013317,4595
94535.018165,4596
94535.023464,4597
94535.028117,4598
94535.033072,4599
94535.067789,4600
94535.073426,4601
94535.081280,4602
94535.089200,4603
94535.096799,4604
94535.104504,4605
94535.112455,4606
94535.120312,4607
94535.128456,4608
94535.136664,4609
94535.144804,4610
94535.153188,4611
94535.161186,4612
94535.168786,4613
94535.177119,4614
94535.185382,4615
94535.192919,4616
94535.200880,4617
94535.208729,4618
94535.216614,4619
94535.224281,4620
94535.232167,4621
94535.239875,4622
94535.248343,4623
94535.256208,4624
94535.263987,4625
94535.271630,4626
94535.279621,4627
94535.287393,4628
94535.294857,4629
94535.302335,4630
94535.310406,4631
94535.318785,4632
94535.326638,4633
94535.334279,4634
94535.342389,4635
94535.350208,4636
94535.358470,4637
94535.366365,4638
94535.374680,4639
94535.382249,4640
94535.390411,4641
94535.397845,4642
94535.405268,4643
94535.412750,4644
94535.420199,4645
94535.428691,4646
94535.436438,4647
94535.444215,4648
94535.451906,4649
94535.459707,4650
94535.467453,4651
94535.475150,4652
94535.482598,4653
94535.490946,4654
94535.498678,4655
94535.506307,4656
94535.513684,4657
94535.521167,4658
94535.528990,4659
94535.538090,4660
94535.547422,4661
94535.556724,4662
94535.564711,4663
94535.572339,4664
94535.579873,4665
94535.588408,4666
94535.595887,4667
94535.601009,4668
94535.606584,4669
94535.611595,4670
94535.616817,4671
94535.621943,4672
94535.627784,4673
94535.632729,4674
94535.638085,4675
94535.643337,4676
94535.651176,4677
94535.656712,4678
94535.662368,4679
94535.669836,4680
94535.675021,4681
94535.680043,4682
94535.687686,4683
94535.692770,4684
94535.697848,4685
94535.705820,4686
94535.711115,4687
94535.716699,4688
94535.721755,4689
94535.726786,4690
94535.734566,4691
94535.739928,4692
94535.746185,4693
94535.752884,4694
94535.758150,4695
94535.763357,4696
94535.768414,4697
94535.774779,4698
94535.780888,4699
94535.788403,4700
94535.794335,4701
94535.799735,4702
94535.805096,4703
94535.810674,4704
94535.816383,4705
94535.822356,4706
94535.827708,4707
94535.835484,4708
94535.840563,4709
94535.845702,4710
94535.851080,4711
94535.856810,4712
94535.861790,4713
94535.869617,4714
94535.877534,4715
94535.885754,4716
94535.891504,4717
94535.899201,4718
94535.907841,4719
94535.913740,4720
94535.922015,4721
94535.927763,4722
94535.933476,4723
94535.938498,4724
94535.943559,4725
94535.948604,4726
94535.956572,4727
94535.961832,4728
94535.967271,4729
94535.972378,4730
94535.978107,4731
94535.984907,4732
94535.990811,4733
94535.996519,4734
94536.002003,4735
94536.007213,4736
94536.014900,4737
94536.022709,4738
94536.028037,4739
94536.036362,4740
94536.043954,4741
94536.049154,4742
94536.054450,4743
94536.059831,4744
94536.065714,4745
94536.070833,4746
94536.076012,4747
94536.081243,4748
94536.086510,4749
94536.101154,4750
94536.117042,4751
94536.129497,4752
94536.146642,4753
94536.161625,4754
94536.175446,4755
94536.188754,4756
94536.199969,4757
94536.215311,4758
94536.228784,4759
94536.236869,4760
94536.252774,4761
94536.269321,4762
94536.282457,4763
94536.297816,4764
94536.309809,4765
94536.322523,4766
94536.333896,4767
94536.345006,4768
94536.359643,4769
94536.375647,4770
94536.392374,4771
94536.407759,4772
94536.419057,4773
94536.436855,4774
94536.450356,4775
94536.458379,4776
94536.474588,4777
94536.482699,4778
94536.496660,4779
94536.502174,4780
94536.516251,4781
94536.530048,4782
94536.543652,4783
94536.554695,4784
94536.572355,4785
94536.585652,4786
94536.604859,4787
94536.620014,4788
94536.637348,4789
94536.651569,4790
94536.667645,4791
94536.681542,4792
94536.700621,4793
94536.716022,4794
94536.732261,4795
94536.745330,4796
94536.759079,4797
94536.771690,4798
94536.785390,4799
94536.800234,4800
94536.817466,4801
94536.833561,4802
94536.850637,4803
94536.868499,4804
94536.882546,4805
94536.895444,4806
94536.906046,4807
94536.922949,4808
94536.938929,4809
94536.949754,4810
94536.960931,4811
94536.974998,4812
94536.990049,4813
94537.005069,4814
94537.020385,4815
94537.036527,4816
94537.051821,4817
94537.063981,4818
94537.080013,4819
94537.095308,4820
94537.108995,4821
94537.119533,4822
94537.134795,4823
94537.146836,4824
94537.160590,4825
94537.171524,4826
94537.178284,4827
94537.186305,4828
94537.200530,4829
94537.213807,4830
94537.225746,4831
94537.236234,4832
94537.248884,4833
94537.262874,4834
94537.275674,4835
94537.285890,4836
94537.301409,4837
94537.313636,4838
94537.325489,4839
94537.340034,4840
94537.354271,4841
94537.364845,4842
94537.382200,4843
94537.396942,4844
94537.411409,4845
94537.423647,4846
94537.429096,4847
94537.440175,4848
94537.451729,4849
94537.462266,4850
94537.482207,4851
94537.496635,4852
94537.508485,4853
94537.530206,4854
94537.541433,4855
94537.564112,4856
94537.584024,4857
94537.600891,4858
94537.618548,4859
94537.634469,4860
94537.658104,4861
94537.679466,4862
94537.703627,4863
94537.725657,4864
94537.749891,4865
94537.765607,4866
94537.785853,4867
94537.806599,4868
94537.827850,4869
94537.843992,4870
94537.864771,4871
94537.882629,4872
94537.900515,4873
94537.920906,4874
94537.934711,4875
94537.959351,4876
94537.979940,4877
94537.994551,4878
94538.007203,4879
94538.024938,4880
94538.047828,4881
94538.070496,4882
94538.086700,4883
94538.104885,4884
94538.121142,4885
94538.141375,4886
94538.166480,4887
94538.190841,4888
94538.212469,4889
94538.229858,4890
94538.250400,4891
94538.271367,4892
94538.289396,4893
94538.304625,4894
94538.325500,4895
94538.338609,4896
94538.351776,4897
94538.366863,4898
94538.382878,4899
94538.402307,4900
94538.417439,4901
94538.434783,4902
94538.453727,4903
94538.474059,4904
94538.488779,4905
94538.511327,4906
94538.527805,4907
94538.548710,4908
94538.569758,4909
94538.591826,4910
94538.604475,4911
94538.619766,4912
94538.642476,4913
94538.655217,4914
94538.675071,4915
94538.698316,4916
94538.721820,4917
94538.736967,4918
94538.760322,4919
94538.780767,4920
94538.804835,4921
94538.822116,4922
94538.845636,4923
94538.868929,4924
94538.892628,4925
94538.913408,4926
94538.935238,4927
94538.958399,4928
94538.982102,4929
94538.999820,4930
94539.023586,4931
94539.041444,4932
94539.061575,4933
94539.077253,4934
94539.094011,4935
94539.111711,4936
94539.130032,4937
94539.146428,4938
94539.164263,4939
94539.179694,4940
94539.198513,4941
94539.210618,4942
94539.228200,4943
94539.243229,4944
94539.265778,4945
94539.279827,4946
94539.297740,4947
94539.313024,4948
94539.334609,4949
94539.351557,4950
94539.368066,4951
94539.392758,4952
94539.407547,4953
94539.426562,4954
94539.453150,4955
94539.471296,4956
94539.489552,4957
94539.516699,4958
94539.546638,4959
94539.567192,4960
94539.592831,4961
94539.615755,4962
94539.640466,4963
94539.659197,4964
94539.681455,4965
94539.706552,4966
94539.732916,4967
94539.754528,4968
94539.783745,4969
94539.808572,4970
94539.837204,4971
94539.861314,4972
94539.881154,4973
94539.908011,4974
94539.933495,4975
94539.959786,4976
94539.983544,4977
94540.009244,4978
94540.035237,4979
94540.065496,4980
94540.089328,4981
94540.116868,4982
94540.143323,4983
94540.168503,4984
94540.193585,4985
94540.216792,4986
94540.243751,4987
94540.264894,4988
94540.289859,4989
94540.317302,4990
94540.344284,4991
94540.368439,4992
94540.390316,4993
94540.411413,4994
94540.436443,4995
94540.465121,4996
94540.487173,4997
94540.511801,4998
94540.539274,4999
94540.553473,5000
94540.564140,5001
94540.576333,5002
94540.587780,5003
94540.599316,5004
94540.611229,5005
94540.623583,5006
94540.635750,5007
94540.646860,5008
94540.658347,5009
94540.668712,5010
94540.681183,5011
94540.692162,5012
94540.703180,5013
94540.714040,5014
94540.727480,5015
94540.739307,5016
94540.750214,5017
94540.762148,5018
94540.774550,5019
94540.786422,5020
94540.797291,5021
94540.808562,5022
94540.819974,5023
94540.831698,5024
94540.844012,5025
94540.857235,5026
94540.870636,5027
94540.881601,5028
94540.893408,5029
94540.904068,5030
94540.915126,5031
94540.925820,5032
94540.936720,5033
94540.948437,5034
94540.962553,5035
94540.973625,5036
94540.986230,5037
94540.996953,5038
94541.011414,5039
94541.023564,5040
94541.034428,5041
94541.047481,5042
94541.060034,5043
94541.070809,5044
94541.082573,5045
94541.093275,5046
94541.103957,5047
94541.114711,5048
94541.125765,5049
94541.138546,5050
94541.152230,5051
94541.164634,5052
94541.178308,5053
94541.190329,5054
94541.201026,5055
94541.212264,5056
94541.224913,5057
94541.235765,5058
94541.248254,5059
94541.258872,5060
94541.269741,5061
94541.280735,5062
94541.293786,5063
94541.305711,5064
94541.316573,5065
94541.327914,5066
94541.338652,5067
94541.349946,5068
94541.361315,5069
94541.373455,5070
94541.383802,5071
94541.394600,5072
94541.405775,5073
94541.417297,5074
94541.428664,5075
94541.439346,5076
94541.451810,5077
94541.463759,5078
94541.475300,5079
94541.487313,5080
94541.499700,5081
94541.510838,5082
94541.521706,5083
94541.532208,5084
94541.543076,5085
94541.554264,5086
94541.564786,5087
94541.575901,5088
94541.587036,5089
94541.598155,5090
94541.610213,5091
94541.620421,5092
94541.631781,5093
94541.643977,5094
94541.654985,5095
94541.665863,5096
94541.678292,5097
94541.689077,5098
94541.699783,5099
94541.713507,5100
94541.724098,5101
94541.735360,5102
94541.747235,5103
94541.762063,5104
94541.777655,5105
94541.793023,5106
94541.808839,5107
94541.821280,5108
94541.833431,5109
94541.847395,5110
94541.861895,5111
94541.876013,5112
94541.888576,5113
94541.899502,5114
94541.912624,5115
94541.925888,5116
94541.943473,5117
94541.956593,5118
94541.969483,5119
94541.982404,5120
94541.995921,5121
94542.008468,5122
94542.025390,5123
94542.036932,5124
94542.049225,5125
94542.061032,5126
94542.072897,5127
94542.084679,5128
94542.105795,5129
94542.121369,5130
94542.134855,5131
94542.144805,5132
94542.157116,5133
94542.173354,5134
94542.187227,5135
94542.199357,5136
94542.215534,5137
94542.231213,5138
94542.248253,5139
94542.267465,5140
94542.283555,5141
94542.296535,5142
94542.312684,5143
94542.326776,5144
94542.342483,5145
94542.353450,5146
94542.368602,5147
94542.387504,5148
94542.400775,5149
94542.416523,5150
94542.429960,5151
94542.445171,5152
94542.457626,5153
94542.471013,5154
94542.487374,5155
94542.499082,5156
94542.515274,5157
94542.531707,5158
94542.546452,5159
94542.558689,5160
94542.572597,5161
94542.588974,5162
94542.601345,5163
94542.613380,5164
94542.629305,5165
94542.644598,5166
94542.656880,5167
94542.673741,5168
94542.687658,5169
94542.702324,5170
94542.719328,5171
94542.732933,5172
94542.748360,5173
94542.764397,5174
94542.776392,5175
94542.792395,5176
94542.805954,5177
94542.819132,5178
94542.832129,5179
94542.847409,5180
94542.861129,5181
94542.874111,5182
94542.892077,5183
94542.906163,5184
94542.917940,5185
94542.933831,5186
94542.950533,5187
94542.961796,5188
94542.976839,5189
94542.988028,5190
94543.003061,5191
94543.020081,5192
94543.036917,5193
94543.048411,5194
94543.060582,5195
94543.075497,5196
94543.087246,5197
94543.102412,5198
94543.118589,5199
94543.132812,5200
94543.144393,5201
94543.159741,5202
94543.170911,5203
94543.189275,5204
94543.201231,5205
94543.213876,5206
94543.225905,5207
94543.236942,5208
94543.253131,5209
94543.267385,5210
94543.279313,5211
94543.298673,5212
94543.310755,5213
94543.328696,5214
94543.340920,5215
94543.353965,5216
94543.372338,5217
94543.389018,5218
94543.400985,5219
94543.415309,5220
94543.434635,5221
94543.445817,5222
94543.457934,5223
94543.472061,5224
94543.493698,5225
94543.508592,5226
94543.526558,5227
94543.545248,5228
94543.562611,5229
94543.578388,5230
94543.590597,5231
94543.608925,5232
94543.626115,5233
94543.645226,5234
94543.661409,5235
94543.677709,5236
94543.689095,5237
94543.701509,5238
94543.713324,5239
94543.729606,5240
94543.742273,5241
94543.755288,5242
94543.774120,5243
94543.788528,5244
94543.800934,5245
94543.814541,5246
94543.826714,5247
94543.838403,5248
94543.853256,5249
94543.872244,5250
94543.887059,5251
94543.903875,5252
94543.923223,5253
94543.937972,5254
94543.953695,5255
94543.967761,5256
94543.982752,5257
94543.997414,5258
94544.013439,5259
94544.029770,5260
94544.045520,5261
94544.061575,5262
94544.076697,5263
94544.093731,5264
94544.108829,5265
94544.125122,5266
94544.141293,5267
94544.157793,5268
94544.173663,5269
94544.188682,5270
94544.203919,5271
94544.219543,5272
94544.235454,5273
94544.250378,5274
94544.264755,5275
94544.281086,5276
94544.295756,5277
94544.311729,5278
94544.327801,5279
94544.342151,5280
94544.356644,5281
94544.371027,5282
94544.386254,5283
94544.401813,5284
94544.416388,5285
94544.431786,5286
94544.446461,5287
94544.462352,5288
94544.477807,5289
94544.493124,5290
94544.510017,5291
94544.526220,5292
94544.542317,5293
94544.557336,5294
94544.573115,5295
94544.588959,5296
94544.605384,5297
94544.621269,5298
94544.637170,5299
94544.653406,5300
94544.670879,5301
94544.687183,5302
94544.703281,5303
94544.719372,5304
94544.735608,5305
94544.750833,5306
94544.766476,5307
94544.782154,5308
94544.797410,5309
94544.812639,5310
94544.826970,5311
94544.842225,5312
94544.858236,5313
94544.874371,5314
94544.889552,5315
94544.903725,5316
94544.918997,5317
94544.936370,5318
94544.952226,5319
94544.966826,5320
94544.982441,5321
94544.998996,5322
94545.016361,5323
94545.033278,5324
94545.049345,5325
94545.064639,5326
94545.081725,5327
94545.096894,5328
94545.112913,5329
94545.128411,5330
94545.144615,5331
94545.159560,5332
94545.175021,5333
94545.190921,5334
94545.206381,5335
94545.222558,5336
94545.237316,5337
94545.252509,5338
94545.267648,5339
94545.283663,5340
94545.298907,5341
94545.316265,5342
94545.331217,5343
94545.346251,5344
94545.361784,5345
94545.376633,5346
94545.391385,5347
94545.407621,5348
94545.423408,5349
94545.440686,5350
94545.455394,5351
94545.471763,5352
94545.487775,5353
94545.502858,5354
94545.516609,5355
94545.532586,5356
94545.548885,5357
94545.564767,5358
94545.581455,5359
94545.596051,5360
94545.611151,5361
94545.626470,5362
94545.644603,5363
94545.659086,5364
94545.675771,5365
94545.689385,5366
94545.705639,5367
94545.721440,5368
94545.736887,5369
94545.751779,5370
94545.766519,5371
94545.781776,5372
94545.796652,5373
94545.813906,5374
94545.831010,5375
94545.847423,5376
94545.862056,5377
94545.878479,5378
94545.894623,5379
94545.909237,5380
94545.925599,5381
94545.943823,5382
94545.961235,5383
94545.977763,5384
94545.995058,5385
94546.013181,5386
94546.031164,5387
94546.049228,5388
94546.066765,5389
94546.083444,5390
94546.098718,5391
94546.115097,5392
94546.133509,5393
94546.151565,5394
94546.169894,5395
94546.186080,5396
94546.202589,5397
94546.219375,5398
94546.237514,5399
94546.254853,5400
94546.272362,5401
94546.291262,5402
94546.310788,5403
94546.328958,5404
94546.347746,5405
94546.366473,5406
94546.381858,5407
94546.399886,5408
94546.416814,5409
94546.432133,5410
94546.448684,5411
94546.465362,5412
94546.484397,5413
94546.500748,5414
94546.516808,5415
94546.532865,5416
94546.550691,5417
94546.568212,5418
94546.585346,5419
94546.602333,5420
94546.619350,5421
94546.637601,5422
94546.654214,5423
94546.672106,5424
94546.688785,5425
94546.707038,5426
94546.723119,5427
94546.738272,5428
94546.755675,5429
94546.772151,5430
94546.789780,5431
94546.804964,5432
94546.821774,5433
94546.838747,5434
94546.855793,5435
94546.872046,5436
94546.888657,5437
94546.904982,5438
94546.921996,5439
94546.937568,5440
94546.955431,5441
94546.973517,5442
94546.990757,5443
94547.008775,5444
94547.026389,5445
94547.044415,5446
94547.061309,5447
94547.079024,5448
94547.096453,5449
94547.116491,5450
94547.136844,5451
94547.160635,5452
94547.177485,5453
94547.191795,5454
94547.210101,5455
94547.227234,5456
94547.245541,5457
94547.263630,5458
94547.279413,5459
94547.293053,5460
94547.311348,5461
94547.328687,5462
94547.345662,5463
94547.363020,5464
94547.380926,5465
94547.395770,5466
94547.413361,5467
94547.428990,5468
94547.444059,5469
94547.466298,5470
94547.484108,5471
94547.502099,5472
94547.522439,5473
94547.538855,5474
94547.555345,5475
94547.572314,5476
94547.589132,5477
94547.605112,5478
94547.626105,5479
94547.642061,5480
94547.659753,5481
94547.677958,5482
94547.696812,5483
94547.715208,5484
94547.733998,5485
94547.749213,5486
94547.768290,5487
94547.784331,5488
94547.798596,5489
94547.817681,5490
94547.838770,5491
94547.858203,5492
94547.875533,5493
94547.892306,5494
94547.907453,5495
94547.922957,5496
94547.945085,5497
94547.964617,5498
94547.980860,5499
94547.991275,5500
94547.997901,5501
94548.005097,5502
94548.011502,5503
94548.016557,5504
94548.026099,5505
94548.035304,5506
94548.045104,5507
94548.055155,5508
94548.061222,5509
94548.069120,5510
94548.077656,5511
94548.083809,5512
94548.089762,5513
94548.096959,5514
94548.103340,5515
94548.108861,5516
94548.113945,5517
94548.119440,5518
94548.124530,5519
94548.129846,5520
94548.134884,5521
94548.139789,5522
94548.146485,5523
94548.153264,5524
94548.158909,5525
94548.164440,5526
94548.170422,5527
94548.176520,5528
94548.181976,5529
94548.188113,5530
94548.193247,5531
94548.200480,5532
94548.206535,5533
94548.211278,5534
94548.217142,5535
94548.223519,5536
94548.229038,5537
94548.235772,5538
94548.241361,5539
94548.246952,5540
94548.252706,5541
94548.257447,5542
94548.262489,5543
94548.268634,5544
94548.275987,5545
94548.281414,5546
94548.286831,5547
94548.291971,5548
94548.297432,5549
94548.302505,5550
94548.308095,5551
94548.312887,5552
94548.319566,5553
94548.324486,5554
94548.332422,5555
94548.339532,5556
94548.346121,5557
94548.352760,5558
94548.360920,5559
94548.367259,5560
94548.372941,5561
94548.377734,5562
94548.385793,5563
94548.395911,5564
94548.404119,5565
94548.409618,5566
94548.415539,5567
94548.420502,5568
94548.425598,5569
94548.431886,5570
94548.439121,5571
94548.445992,5572
94548.452952,5573
94548.462212,5574
94548.468185,5575
94548.473383,5576
94548.479292,5577
94548.484723,5578
94548.490405,5579
94548.495142,5580
94548.502709,5581
94548.509410,5582
94548.514697,5583
94548.521419,5584
94548.527048,5585
94548.532217,5586
94548.537541,5587
94548.544245,5588
94548.549687,5589
94548.556575,5590
94548.565037,5591
94548.569929,5592
94548.575454,5593
94548.583218,5594
94548.589063,5595
94548.594443,5596
94548.599699,5597
94548.607986,5598
94548.616519,5599
94548.624343,5600
94548.630190,5601
94548.638368,5602
94548.644868,5603
94548.649756,5604
94548.658207,5605
94548.663428,5606
94548.672293,5607
94548.680984,5608
94548.689204,5609
94548.694242,5610
94548.701038,5611
94548.706326,5612
94548.715167,5613
94548.720445,5614
94548.727728,5615
94548.735496,5616
94548.741836,5617
94548.747071,5618
94548.752217,5619
94548.757282,5620
94548.762884,5621
94548.769817,5622
94548.775243,5623
94548.779922,5624
94548.786751,5625
94548.791482,5626
94548.798651,5627
94548.803694,5628
94548.809478,5629
94548.814298,5630
94548.819921,5631
94548.825309,5632
94548.831525,5633
94548.837214,5634
94548.845278,5635
94548.854213,5636
94548.862965,5637
94548.873548,5638
94548.881377,5639
94548.890780,5640
94548.898477,5641
94548.905647,5642
94548.914767,5643
94548.922755,5644
94548.928700,5645
94548.934558,5646
94548.941517,5647
94548.946187,5648
94548.951299,5649
94548.960182,5650
94548.965244,5651
94548.970224,5652
94548.975255,5653
94548.980242,5654
94548.985119,5655
94548.990015,5656
94548.997182,5657
94549.002089,5658
94549.007416,5659
94549.012516,5660
94549.021864,5661
94549.030049,5662
94549.038748,5663
94549.047726,5664
94549.057582,5665
94549.064883,5666
94549.070704,5667
94549.076629,5668
94549.084230,5669
94549.089481,5670
94549.097696,5671
94549.106160,5672
94549.111772,5673
94549.116893,5674
94549.122968,5675
94549.131852,5676
94549.137339,5677
94549.142062,5678
94549.147296,5679
94549.152164,5680
94549.158353,5681
94549.166854,5682
94549.172313,5683
94549.179900,5684
94549.189736,5685
94549.202467,5686
94549.209609,5687
94549.214628,5688
94549.222524,5689
94549.231457,5690
94549.238905,5691
94549.243717,5692
94549.255385,5693
94549.264675,5694
94549.270417,5695
94549.279017,5696
94549.287920,5697
94549.299405,5698
94549.308773,5699
94549.320641,5700
94549.331413,5701
94549.341556,5702
94549.347511,5703
94549.357197,5704
94549.366914,5705
94549.376844,5706
94549.387794,5707
94549.398896,5708
94549.404705,5709
94549.414875,5710
94549.425069,5711
94549.430646,5712
94549.441292,5713
94549.451406,5714
94549.456577,5715
94549.466609,5716
94549.479756,5717
94549.484835,5718
94549.498235,5719
94549.509431,5720
94549.520459,5721
94549.531389,5722
94549.541561,5723
94549.552509,5724
94549.563223,5725
94549.574542,5726
94549.588461,5727
94549.599186,5728
94549.611692,5729
94549.622811,5730
94549.634485,5731
94549.648286,5732
94549.659985,5733
94549.671026,5734
94549.681815,5735
94549.692525,5736
94549.703733,5737
94549.715183,5738
94549.728129,5739
94549.739086,5740
94549.750781,5741
94549.761854,5742
94549.772925,5743
94549.783864,5744
94549.794644,5745
94549.805423,5746
94549.816874,5747
94549.827504,5748
94549.833449,5749
94549.848107,5750
94549.861784,5751
94549.876193,5752
94549.889143,5753
94549.901762,5754
94549.914233,5755
94549.925217,5756
94549.936489,5757
94549.950291,5758
94549.961953,5759
94549.975069,5760
94549.986681,5761
94550.000104,5762
94550.012103,5763
94550.025213,5764
94550.037057,5765
94550.049700,5766
94550.063505,5767
94550.076121,5768
94550.089641,5769
94550.100546,5770
94550.113267,5771
94550.125048,5772
94550.138987,5773
94550.149218,5774
94550.162448,5775
94550.175429,5776
94550.187309,5777
94550.197850,5778
94550.211489,5779
94550.221362,5780
94550.236038,5781
94550.249848,5782
94550.261628,5783
94550.272297,5784
94550.284675,5785
94550.295400,5786
94550.307837,5787
94550.318409,5788
94550.328643,5789
94550.341306,5790
94550.354905,5791
94550.367600,5792
94550.379186,5793
94550.390910,5794
94550.401958,5795
94550.412921,5796
94550.426400,5797
94550.438918,5798
94550.450696,5799
94550.463408,5800
94550.474658,5801
94550.487961,5802
94550.502224,5803
94550.513414,5804
94550.523618,5805
94550.534240,5806
94550.547959,5807
94550.560931,5808
94550.575561,5809
94550.589451,5810
94550.603271,5811
94550.613879,5812
94550.625543,5813
94550.635318,5814
94550.649245,5815
94550.660159,5816
94550.673767,5817
94550.684000,5818
94550.694930,5819
94550.704731,5820
94550.716772,5821
94550.728350,5822
94550.738779,5823
94550.749298,5824
94550.763198,5825
94550.773511,5826
94550.786373,5827
94550.797743,5828
94550.811806,5829
94550.826363,5830
94550.839896,5831
94550.849689,5832
94550.860894,5833
94550.874731,5834
94550.888509,5835
94550.898569,5836
94550.910337,5837
94550.921569,5838
94550.933191,5839
94550.945951,5840
94550.959591,5841
94550.970271,5842
94550.981465,5843
94550.993638,5844
94551.007432,5845
94551.018802,5846
94551.030621,5847
94551.042259,5848
94551.055427,5849
94551.070801,5850
94551.086809,5851
94551.096658,5852
94551.112303,5853
94551.120509,5854
94551.137414,5855
94551.155918,5856
94551.172740,5857
94551.188713,5858
94551.208230,5859
94551.217702,5860
94551.233886,5861
94551.249077,5862
94551.265402,5863
94551.282587,5864
94551.294261,5865
94551.310999,5866
94551.324562,5867
94551.334937,5868
94551.351392,5869
94551.363566,5870
94551.373317,5871
94551.393994,5872
94551.413734,5873
94551.423679,5874
94551.433367,5875
94551.454541,5876
94551.474259,5877
94551.486323,5878
94551.505710,5879
94551.523177,5880
94551.547494,5881
94551.569048,5882
94551.581981,5883
94551.600353,5884
94551.618495,5885
94551.636999,5886
94551.655735,5887
94551.679908,5888
94551.700500,5889
94551.715731,5890
94551.728843,5891
94551.747499,5892
94551.767356,5893
94551.785645,5894
94551.798794,5895
94551.817375,5896
94551.841733,5897
94551.865194,5898
94551.884432,5899
94551.902903,5900
94551.920852,5901
94551.939994,5902
94551.959729,5903
94551.972766,5904
94551.986165,5905
94552.002480,5906
94552.021225,5907
94552.034859,5908
94552.051494,5909
94552.069787,5910
94552.086022,5911
94552.105637,5912
94552.119257,5913
94552.136029,5914
94552.152327,5915
94552.173499,5916
94552.192727,5917
94552.203888,5918
94552.220400,5919
94552.232702,5920
94552.249304,5921
94552.262535,5922
94552.282955,5923
94552.301501,5924
94552.321783,5925
94552.340889,5926
94552.357496,5927
94552.375322,5928
94552.395567,5929
94552.416450,5930
94552.436461,5931
94552.455704,5932
94552.474313,5933
94552.491374,5934
94552.508544,5935
94552.528303,5936
94552.548463,5937
94552.561647,5938
94552.573447,5939
94552.590072,5940
94552.606678,5941
94552.627195,5942
94552.647667,5943
94552.667491,5944
94552.684085,5945
94552.695209,5946
94552.714879,5947
94552.730971,5948
94552.742704,5949
94552.768012,5950
94552.779011,5951
94552.797576,5952
94552.809020,5953
94552.826140,5954
94552.845109,5955
94552.862318,5956
94552.876021,5957
94552.896090,5958
94552.914639,5959
94552.935885,5960
94552.951339,5961
94552.970919,5962
94552.990334,5963
94553.005440,5964
94553.019464,5965
94553.032660,5966
94553.054571,5967
94553.073094,5968
94553.096047,5969
94553.108081,5970
94553.126170,5971
94553.146996,5972
94553.163042,5973
94553.177771,5974
94553.189348,5975
94553.212514,5976
94553.232434,5977
94553.249418,5978
94553.266100,5979
94553.287105,5980
94553.301884,5981
94553.321072,5982
94553.341864,5983
94553.359276,5984
94553.381934,5985
94553.399311,5986
94553.415471,5987
94553.432123,5988
94553.452657,5989
94553.476996,5990
94553.493905,5991
94553.509095,5992
94553.523598,5993
94553.539417,5994
94553.562357,5995
94553.585367,5996
94553.606980,5997
94553.621063,5998
94553.638402,5999
94553.656607,6000
94553.669488,6001
94553.683340,6002
94553.697744,6003
94553.712706,6004
94553.728493,6005
94553.742845,6006
94553.755539,6007
94553.767466,6008
94553.779520,6009
94553.793644,6010
94553.805145,6011
94553.817547,6012
94553.829467,6013
94553.842662,6014
94553.856487,6015
94553.870999,6016
94553.884751,6017
94553.896098,6018
94553.909470,6019
94553.927065,6020
94553.945495,6021
94553.965063,6022
94553.981833,6023
94553.996091,6024
94554.010046,6025
94554.023756,6026
94554.037623,6027
94554.049366,6028
94554.062530,6029
94554.076883,6030
94554.090099,6031
94554.100649,6032
94554.113853,6033
94554.127802,6034
94554.140361,6035
94554.154319,6036
94554.168771,6037
94554.183354,6038
94554.197143,6039
94554.211255,6040
94554.224591,6041
94554.238956,6042
94554.251871,6043
94554.264419,6044
94554.277831,6045
94554.290526,6046
94554.302426,6047
94554.315744,6048
94554.328138,6049
94554.340666,6050
94554.350807,6051
94554.361482,6052
94554.373361,6053
94554.387863,6054
94554.400555,6055
94554.410937,6056
94554.424748,6057
94554.437977,6058
94554.451491,6059
94554.464397,6060
94554.479030,6061
94554.491176,6062
94554.503535,6063
94554.514057,6064
94554.527943,6065
94554.542205,6066
94554.553343,6067
94554.567814,6068
94554.580034,6069
94554.592503,6070
94554.606315,6071
94554.620295,6072
94554.632394,6073
94554.645792,6074
94554.659691,6075
94554.670397,6076
94554.683529,6077
94554.694433,6078
94554.708198,6079
94554.722749,6080
94554.736300,6081
94554.750069,6082
94554.762682,6083
94554.775701,6084
94554.788439,6085
94554.802394,6086
94554.815491,6087
94554.829696,6088
94554.841803,6089
94554.855854,6090
94554.868593,6091
94554.883140,6092
94554.895129,6093
94554.908649,6094
94554.921453,6095
94554.934192,6096
94554.948905,6097
94554.963331,6098
94554.977306,6099
94554.991379,6100
94555.004924,6101
94555.022015,6102
94555.042448,6103
94555.060165,6104
94555.076808,6105
94555.093502,6106
94555.106105,6107
94555.118368,6108
94555.132499,6109
94555.148013,6110
94555.164937,6111
94555.179644,6112
94555.189348,6113
94555.203330,6114
94555.220347,6115
94555.234573,6116
94555.247900,6117
94555.260688,6118
94555.278021,6119
94555.293881,6120
94555.308533,6121
94555.326450,6122
94555.340930,6123
94555.353245,6124
94555.370818,6125
94555.391079,6126
94555.404468,6127
94555.421759,6128
94555.435254,6129
94555.450206,6130
94555.468040,6131
94555.479496,6132
94555.496439,6133
94555.513767,6134
94555.525436,6135
94555.536504,6136
94555.551757,6137
94555.567608,6138
94555.585130,6139
94555.598910,6140
94555.611312,6141
94555.628586,6142
94555.646079,6143
94555.659194,6144
94555.676872,6145
94555.692921,6146
94555.710269,6147
94555.728710,6148
94555.739638,6149
94555.756767,6150
94555.774771,6151
94555.791257,6152
94555.802624,6153
94555.817488,6154
94555.832377,6155
94555.843973,6156
94555.857232,6157
94555.873877,6158
94555.885556,6159
94555.898862,6160
94555.911624,6161
94555.923695,6162
94555.943803,6163
94555.955513,6164
94555.973051,6165
94555.988305,6166
94556.006856,6167
94556.022390,6168
94556.038902,6169
94556.053575,6170
94556.069626,6171
94556.086402,6172
94556.099902,6173
94556.115823,6174
94556.130621,6175
94556.147921,6176
94556.165271,6177
94556.186163,6178
94556.202500,6179
94556.222183,6180
94556.237297,6181
94556.256434,6182
94556.268624,6183
94556.287641,6184
94556.299825,6185
94556.315302,6186
94556.332854,6187
94556.353940,6188
94556.368299,6189
94556.385244,6190
94556.402979,6191
94556.422269,6192
94556.435280,6193
94556.449262,6194
94556.466697,6195
94556.482237,6196
94556.494173,6197
94556.509673,6198
94556.527942,6199
94556.544861,6200
94556.573947,6201
94556.593824,6202
94556.605157,6203
94556.617746,6204
94556.631813,6205
94556.648065,6206
94556.669253,6207
94556.687071,6208
94556.703426,6209
94556.720523,6210
94556.739673,6211
94556.755143,6212
94556.774303,6213
94556.790647,6214
94556.807710,6215
94556.825631,6216
94556.839534,6217
94556.855364,6218
94556.876539,6219
94556.891708,6220
94556.910351,6221
94556.924344,6222
94556.940908,6223
94556.955618,6224
94556.974777,6225
94556.992944,6226
94557.009512,6227
94557.027606,6228
94557.047503,6229
94557.064639,6230
94557.080120,6231
94557.095880,6232
94557.112176,6233
94557.127188,6234
94557.144257,6235
94557.161337,6236
94557.179421,6237
94557.197380,6238
94557.215325,6239
94557.234545,6240
94557.253327,6241
94557.272481,6242
94557.288719,6243
94557.303864,6244
94557.321672,6245
94557.340675,6246
94557.355737,6247
94557.374467,6248
94557.395147,6249
94557.411699,6250
94557.424957,6251
94557.439387,6252
94557.453739,6253
94557.466707,6254
94557.480429,6255
94557.493356,6256
94557.506344,6257
94557.520529,6258
94557.534040,6259
94557.548911,6260
94557.563101,6261
94557.576288,6262
94557.590285,6263
94557.604890,6264
94557.619370,6265
94557.632752,6266
94557.646419,6267
94557.660006,6268
94557.672790,6269
94557.687866,6270
94557.701725,6271
94557.715706,6272
94557.729529,6273
94557.742773,6274
94557.756695,6275
94557.771026,6276
94557.785226,6277
94557.798866,6278
94557.812715,6279
94557.826747,6280
94557.840753,6281
94557.855660,6282
94557.869964,6283
94557.883714,6284
94557.899028,6285
94557.912519,6286
94557.925576,6287
94557.940214,6288
94557.953974,6289
94557.966986,6290
94557.980528,6291
94557.993740,6292
94558.007468,6293
94558.021683,6294
94558.036312,6295
94558.049886,6296
94558.063769,6297
94558.077226,6298
94558.091664,6299
94558.106663,6300
94558.120344,6301
94558.134114,6302
94558.146915,6303
94558.160701,6304
94558.174737,6305
94558.189291,6306
94558.203686,6307
94558.216764,6308
94558.230415,6309
94558.244471,6310
94558.258297,6311
94558.272769,6312
94558.287181,6313
94558.300527,6314
94558.314771,6315
94558.327462,6316
94558.340857,6317
94558.355581,6318
94558.369940,6319
94558.383268,6320
94558.397026,6321
94558.410516,6322
94558.425020,6323
94558.440486,6324
94558.455355,6325
94558.468873,6326
94558.482406,6327
94558.495248,6328
94558.509294,6329
94558.524186,6330
94558.537535,6331
94558.550843,6332
94558.564524,6333
94558.578614,6334
94558.592542,6335
94558.606949,6336
94558.620881,6337
94558.634458,6338
94558.647844,6339
94558.661596,6340
94558.675235,6341
94558.689578,6342
94558.703712,6343
94558.717264,6344
94558.732258,6345
94558.745596,6346
94558.759295,6347
94558.773913,6348
94558.788087,6349
94558.805893,6350
94558.818242,6351
94558.831828,6352
94558.844283,6353
94558.858555,6354
94558.870294,6355
94558.884821,6356
94558.899278,6357
94558.912770,6358
94558.925583,6359
94558.938241,6360
94558.952456,6361
94558.966885,6362
94558.981871,6363
94558.996028,6364
94559.009826,6365
94559.024487,6366
94559.040433,6367
94559.056163,6368
94559.070528,6369
94559.086071,6370
94559.101380,6371
94559.117376,6372
94559.133468,6373
94559.149162,6374
94559.162918,6375
94559.178869,6376
94559.194588,6377
94559.209900,6378
94559.227400,6379
94559.243409,6380
94559.259607,6381
94559.276808,6382
94559.292312,6383
94559.306399,6384
94559.321135,6385
94559.337151,6386
94559.351828,6387
94559.367793,6388
94559.383310,6389
94559.398496,6390
94559.412764,6391
94559.427437,6392
94559.444787,6393
94559.459729,6394
94559.474316,6395
94559.490720,6396
94559.505247,6397
94559.522295,6398
94559.538086,6399
94559.553360,6400
94559.571567,6401
94559.587601,6402
94559.604452,6403
94559.621444,6404
94559.639677,6405
94559.657995,6406
94559.676157,6407
94559.694706,6408
94559.711548,6409
94559.729687,6410
94559.745249,6411
94559.760912,6412
94559.778027,6413
94559.795833,6414
94559.814007,6415
94559.830426,6416
94559.846335,6417
94559.864072,6418
94559.882798,6419
94559.899210,6420
94559.915447,6421
94559.932791,6422
94559.948506,6423
94559.964679,6424
94559.980779,6425
94559.995844,6426
94560.012597,6427
94560.028072,6428
94560.045059,6429
94560.061393,6430
94560.078745,6431
94560.096275,6432
94560.112723,6433
94560.129296,6434
94560.144582,6435
94560.162231,6436
94560.180267,6437
94560.195525,6438
94560.210049,6439
94560.225797,6440
94560.241885,6441
94560.259264,6442
94560.277637,6443
94560.294495,6444
94560.310173,6445
94560.327099,6446
94560.343029,6447
94560.357227,6448
94560.373433,6449
94560.391568,6450
94560.403739,6451
94560.417433,6452
94560.430921,6453
94560.446428,6454
94560.460922,6455
94560.479465,6456
94560.494483,6457
94560.510210,6458
94560.524442,6459
94560.539676,6460
94560.554787,6461
94560.570562,6462
94560.584245,6463
94560.600605,6464
94560.615336,6465
94560.632330,6466
94560.649990,6467
94560.667587,6468
94560.682354,6469
94560.699060,6470
94560.713148,6471
94560.729855,6472
94560.746458,6473
94560.765580,6474
94560.781596,6475
94560.801225,6476
94560.817380,6477
94560.832615,6478
94560.849377,6479
94560.867744,6480
94560.885481,6481
94560.902683,6482
94560.922217,6483
94560.938817,6484
94560.957126,6485
94560.976115,6486
94560.993286,6487
94561.008248,6488
94561.024214,6489
94561.040968,6490
94561.057248,6491
94561.073337,6492
94561.088840,6493
94561.105354,6494
94561.124300,6495
94561.140990,6496
94561.156964,6497
94561.172121,6498
94561.188813,6499
94561.199177,6750
94561.208697,6751
94561.214700,6752
94561.220514,6753
94561.226550,6754
94561.232026,6755
94561.237864,6756
94561.243621,6757
94561.249785,6758
94561.255675,6759
94561.261032,6760
94561.266254,6761
94561.271692,6762
94561.277180,6763
94561.282310,6764
94561.287499,6765
94561.292689,6766
94561.298844,6767
94561.304542,6768
94561.310224,6769
94561.315569,6770
94561.321068,6771
94561.326666,6772
94561.332549,6773
94561.338226,6774
94561.344303,6775
94561.349979,6776
94561.355851,6777
94561.361702,6778
94561.368104,6779
94561.374026,6780
94561.379743,6781
94561.385699,6782
94561.391321,6783
94561.396997,6784
94561.402941,6785
94561.408328,6786
94561.413705,6787
94561.418999,6788
94561.424719,6789
94561.430693,6790
94561.436804,6791
94561.442384,6792
94561.447782,6793
94561.453743,6794
94561.459053,6795
94561.464758,6796
94561.470029,6797
94561.475409,6798
94561.481086,6799
94561.489164,6800
94561.494900,6801
94561.500768,6802
94561.506518,6803
94561.511938,6804
94561.517484,6805
94561.522817,6806
94561.528696,6807
94561.534460,6808
94561.539937,6809
94561.545492,6810
94561.551372,6811
94561.556959,6812
94561.563185,6813
94561.569111,6814
94561.574577,6815
94561.579716,6816
94561.585803,6817
94561.591202,6818
94561.597331,6819
94561.602719,6820
94561.607996,6821
94561.613603,6822
94561.619237,6823
94561.625424,6824
94561.630984,6825
94561.636369,6826
94561.641801,6827
94561.647170,6828
94561.652702,6829
94561.658698,6830
94561.663886,6831
94561.669170,6832
94561.674572,6833
94561.680638,6834
94561.686780,6835
94561.692096,6836
94561.697889,6837
94561.704085,6838
94561.709292,6839
94561.714487,6840
94561.719658,6841
94561.724776,6842
94561.729732,6843
94561.734897,6844
94561.740181,6845
94561.745411,6846
94561.750793,6847
94561.756281,6848
94561.761457,6849
94561.766704,6850
94561.771812,6851
94561.777216,6852
94561.782380,6853
94561.787364,6854
94561.794866,6855
94561.800088,6856
94561.805518,6857
94561.810477,6858
94561.815507,6859
94561.820935,6860
94561.826565,6861
94561.832678,6862
94561.837949,6863
94561.843263,6864
94561.848762,6865
94561.854514,6866
94561.860299,6867
94561.866093,6868
94561.871923,6869
94561.878081,6870
94561.883969,6871
94561.890029,6872
94561.896792,6873
94561.905131,6874
94561.911489,6875
94561.918379,6876
94561.924422,6877
94561.931474,6878
94561.937783,6879
94561.944358,6880
94561.951345,6881
94561.959307,6882
94561.967470,6883
94561.973720,6884
94561.980637,6885
94561.987500,6886
94561.994394,6887
94562.000601,6888
94562.007292,6889
94562.013384,6890
94562.018764,6891
94562.024160,6892
94562.029604,6893
94562.035431,6894
94562.040927,6895
94562.046135,6896
94562.051774,6897
94562.057013,6898
94562.062649,6899
94562.070972,6900
94562.076701,6901
94562.082406,6902
94562.087485,6903
94562.092840,6904
94562.098358,6905
94562.104559,6906
94562.110536,6907
94562.115665,6908
94562.120812,6909
94562.125979,6910
94562.131460,6911
94562.136679,6912
94562.141690,6913
94562.146758,6914
94562.152235,6915
94562.157139,6916
94562.162115,6917
94562.167291,6918
94562.173746,6919
94562.179506,6920
94562.185024,6921
94562.190691,6922
94562.196358,6923
94562.202347,6924
94562.208687,6925
94562.215276,6926
94562.221593,6927
94562.227161,6928
94562.232700,6929
94562.237968,6930
94562.243902,6931
94562.249969,6932
94562.255749,6933
94562.261270,6934
94562.266620,6935
94562.272293,6936
94562.278234,6937
94562.285168,6938
94562.291683,6939
94562.297343,6940
94562.303053,6941
94562.308407,6942
94562.313963,6943
94562.319715,6944
94562.325375,6945
94562.330683,6946
94562.336451,6947
94562.341792,6948
94562.347590,6949
94562.353437,6950
94562.358663,6951
94562.363886,6952
94562.369360,6953
94562.375207,6954
94562.380881,6955
94562.386749,6956
94562.393296,6957
94562.399903,6958
94562.406298,6959
94562.412477,6960
94562.419142,6961
94562.425068,6962
94562.430915,6963
94562.437839,6964
94562.443729,6965
94562.448956,6966
94562.454380,6967
94562.459576,6968
94562.465231,6969
94562.470383,6970
94562.475436,6971
94562.480506,6972
94562.486086,6973
94562.491593,6974
94562.496656,6975
94562.501701,6976
94562.507223,6977
94562.512871,6978
94562.518215,6979
94562.523531,6980
94562.528731,6981
94562.534808,6982
94562.540848,6983
94562.546077,6984
94562.551377,6985
94562.556901,6986
94562.562182,6987
94562.568000,6988
94562.573296,6989
94562.578770,6990
94562.584228,6991
94562.591295,6992
94562.597504,6993
94562.604157,6994
94562.610149,6995
94562.615462,6996
94562.620705,6997
94562.625878,6998
94562.631054,6999
94562.644905,7000
94562.655779,7001
94562.669385,7002
94562.683059,7003
94562.695221,7004
94562.706056,7005
94562.719953,7006
94562.732424,7007
94562.744555,7008
94562.756206,7009
94562.767016,7010
94562.778787,7011
94562.791335,7012
94562.803027,7013
94562.815015,7014
94562.827060,7015
94562.842009,7016
94562.853987,7017
94562.866669,7018
94562.878475,7019
94562.891273,7020
94562.903280,7021
94562.914572,7022
94562.927523,7023
94562.939350,7024
94562.952362,7025
94562.964288,7026
94562.977764,7027
94562.992406,7028
94563.004447,7029
94563.015834,7030
94563.026933,7031
94563.038654,7032
94563.050761,7033
94563.063965,7034
94563.074462,7035
94563.088115,7036
94563.104975,7037
94563.118578,7038
94563.129830,7039
94563.140489,7040
94563.154430,7041
94563.165249,7042
94563.175885,7043
94563.188568,7044
94563.198970,7045
94563.211726,7046
94563.223690,7047
94563.234263,7048
94563.247461,7049
94563.260593,7050
94563.272181,7051
94563.282663,7052
94563.293279,7053
94563.301975,7054
94563.312836,7055
94563.323494,7056
94563.333726,7057
94563.344531,7058
94563.355259,7059
94563.365873,7060
94563.374714,7061
94563.388528,7062
94563.399888,7063
94563.411049,7064
94563.421426,7065
94563.432310,7066
94563.443731,7067
94563.454645,7068
94563.465485,7069
94563.475234,7070
94563.485924,7071
94563.496084,7072
94563.506964,7073
94563.516233,7074
94563.527412,7075
94563.537610,7076
94563.547723,7077
94563.558211,7078
94563.569711,7079
94563.580887,7080
94563.592234,7081
94563.603652,7082
94563.617558,7083
94563.628877,7084
94563.640613,7085
94563.650966,7086
94563.661756,7087
94563.673098,7088
94563.684424,7089
94563.695780,7090
94563.705675,7091
94563.716483,7092
94563.727296,7093
94563.737288,7094
94563.748101,7095
94563.759065,7096
94563.770666,7097
94563.781805,7098
94563.793377,7099
94563.804326,7100
94563.815939,7101
94563.828348,7102
94563.839862,7103
94563.851307,7104
94563.862538,7105
94563.874567,7106
94563.886581,7107
94563.897603,7108
94563.912144,7109
94563.925599,7110
94563.937595,7111
94563.950925,7112
94563.962860,7113
94563.975519,7114
94563.986600,7115
94563.998970,7116
94564.011551,7117
94564.025440,7118
94564.037216,7119
94564.049913,7120
94564.062605,7121
94564.075566,7122
94564.087815,7123
94564.098789,7124
94564.112500,7125
94564.124447,7126
94564.137762,7127
94564.151947,7128
94564.164600,7129
94564.177132,7130
94564.188661,7131
94564.199107,7132
94564.210295,7133
94564.222579,7134
94564.235724,7135
94564.246350,7136
94564.260600,7137
94564.273433,7138
94564.286405,7139
94564.300849,7140
94564.312937,7141
94564.323665,7142
94564.335375,7143
94564.347154,7144
94564.358325,7145
94564.369921,7146
94564.381289,7147
94564.393660,7148
94564.405742,7149
94564.418768,7150
94564.431939,7151
94564.445279,7152
94564.454453,7153
94564.463707,7154
94564.474024,7155
94564.484539,7156
94564.495870,7157
94564.506800,7158
94564.520749,7159
94564.536213,7160
94564.549958,7161
94564.565036,7162
94564.576596,7163
94564.592458,7164
94564.603419,7165
94564.620333,7166
94564.632996,7167
94564.643930,7168
94564.654578,7169
94564.666828,7170
94564.680889,7171
94564.695771,7172
94564.711712,7173
94564.730260,7174
94564.743140,7175
94564.753220,7176
94564.766863,7177
94564.778624,7178
94564.793629,7179
94564.807097,7180
94564.823563,7181
94564.836751,7182
94564.850821,7183
94564.863601,7184
94564.874673,7185
94564.889264,7186
94564.903297,7187
94564.915804,7188
94564.930782,7189
94564.946747,7190
94564.963482,7191
94564.980704,7192
94564.996429,7193
94565.012118,7194
94565.027553,7195
94565.040796,7196
94565.056857,7197
94565.068930,7198
94565.080496,7199
94565.097599,7200
94565.109054,7201
94565.126413,7202
94565.142110,7203
94565.154256,7204
94565.170754,7205
94565.182670,7206
94565.198709,7207
94565.212249,7208
94565.224903,7209
94565.239806,7210
94565.251645,7211
94565.268397,7212
94565.285901,7213
94565.299327,7214
94565.315785,7215
94565.330656,7216
94565.344869,7217
94565.357951,7218
94565.375800,7219
94565.387776,7220
94565.399175,7221
94565.416143,7222
94565.430833,7223
94565.447997,7224
94565.467426,7225
94565.483317,7226
94565.497844,7227
94565.513336,7228
94565.530942,7229
94565.546072,7230
94565.562105,7231
94565.576562,7232
94565.591376,7233
94565.605279,7234
94565.621260,7235
94565.638592,7236
94565.651826,7237
94565.671682,7238
94565.687214,7239
94565.704968,7240
94565.725885,7241
94565.740378,7242
94565.758751,7243
94565.776820,7244
94565.789569,7245
94565.802929,7246
94565.821081,7247
94565.842463,7248
94565.866439,7249
94565.877101,7250
94565.883924,7251
94565.898520,7252
94565.905360,7253
94565.912335,7254
94565.921304,7255
94565.938072,7256
94565.944750,7257
94565.951282,7258
94565.959304,7259
94565.975801,7260
94565.983019,7261
94565.996308,7262
94566.007114,7263
94566.023623,7264
94566.031572,7265
94566.047535,7266
94566.065600,7267
94566.082050,7268
94566.088600,7269
94566.104650,7270
94566.120311,7271
94566.134336,7272
94566.148842,7273
94566.157676,7274
94566.164551,7275
94566.178830,7276
94566.192930,7277
94566.208819,7278
94566.215764,7279
94566.234806,7280
94566.242355,7281
94566.258243,7282
94566.264779,7283
94566.281337,7284
94566.288547,7285
94566.294725,7286
94566.301750,7287
94566.308027,7288
94566.315078,7289
94566.321700,7290
94566.328260,7291
94566.337856,7292
94566.352813,7293
94566.358931,7294
94566.365656,7295
94566.380351,7296
94566.395382,7297
94566.412253,7298
94566.428116,7299
94566.441465,7300
94566.453567,7301
94566.459999,7302
94566.472927,7303
94566.479265,7304
94566.487589,7305
94566.493781,7306
94566.505756,7307
94566.521175,7308
94566.527155,7309
94566.538053,7310
94566.544470,7311
94566.555693,7312
94566.568714,7313
94566.576763,7314
94566.588668,7315
94566.597028,7316
94566.608425,7317
94566.617797,7318
94566.623434,7319
94566.634658,7320
94566.640620,7321
94566.646416,7322
94566.653526,7323
94566.665066,7324
94566.675028,7325
94566.687980,7326
94566.694780,7327
94566.705357,7328
94566.710729,7329
94566.724052,7330
94566.737615,7331
94566.743429,7332
94566.749941,7333
94566.756219,7334
94566.761721,7335
94566.767722,7336
94566.773400,7337
94566.779072,7338
94566.791225,7339
94566.801039,7340
94566.814274,7341
94566.823009,7342
94566.828548,7343
94566.834350,7344
94566.841835,7345
94566.852073,7346
94566.859013,7347
94566.868463,7348
94566.882269,7349
94566.892970,7350
94566.905511,7351
94566.918918,7352
94566.930718,7353
94566.945986,7354
94566.951556,7355
94566.966258,7356
94566.978925,7357
94566.992902,7358
94566.998517,7359
94567.007500,7360
94567.022914,7361
94567.028250,7362
94567.043962,7363
94567.049198,7364
94567.064656,7365
94567.070702,7366
94567.081789,7367
94567.092814,7368
94567.105785,7369
94567.119267,7370
94567.125181,7371
94567.137490,7372
94567.149007,7373
94567.155143,7374
94567.165799,7375
94567.171283,7376
94567.176759,7377
94567.181957,7378
94567.192027,7379
94567.203622,7380
94567.209137,7381
94567.220574,7382
94567.226624,7383
94567.232970,7384
94567.245684,7385
94567.251313,7386
94567.263503,7387
94567.268808,7388
94567.274621,7389
94567.280010,7390
94567.285455,7391
94567.291596,7392
94567.297318,7393
94567.302985,7394
94567.314585,7395
94567.320041,7396
94567.333895,7397
94567.340483,7398
94567.346474,7399
94567.354618,7400
94567.359738,7401
94567.369866,7402
94567.375063,7403
94567.388240,7404
94567.393347,7405
94567.397869,7406
94567.402923,7407
94567.409412,7408
94567.414372,7409
94567.419389,7410
94567.424164,7411
94567.437715,7412
94567.443041,7413
94567.448581,7414
94567.459861,7415
94567.464786,7416
94567.469537,7417
94567.474404,7418
94567.479698,7419
94567.484289,7420
94567.489341,7421
94567.494304,7422
94567.499234,7423
94567.503943,7424
94567.518620,7425
94567.532738,7426
94567.542675,7427
94567.554705,7428
94567.559776,7429
94567.570659,7430
94567.582794,7431
94567.587536,7432
94567.599977,7433
94567.605654,7434
94567.611310,7435
94567.616420,7436
94567.621581,7437
94567.626660,7438
94567.633822,7439
94567.639360,7440
94567.650343,7441
94567.655030,7442
94567.666362,7443
94567.680415,7444
94567.695939,7445
94567.707971,7446
94567.712691,7447
94567.717369,7448
94567.732260,7449
94567.744349,7450
94567.755208,7451
94567.760249,7452
94567.765622,7453
94567.775773,7454
94567.791388,7455
94567.800334,7456
94567.806464,7457
94567.811037,7458
94567.824673,7459
94567.829967,7460
94567.843733,7461
94567.858324,7462
94567.873627,7463
94567.885771,7464
94567.901046,7465
94567.908026,7466
94567.924343,7467
94567.938299,7468
94567.953602,7469
94567.958918,7470
94567.971127,7471
94567.986801,7472
94568.003863,7473
94568.009562,7474
94568.025896,7475
94568.039908,7476
94568.045070,7477
94568.050335,7478
94568.063656,7479
94568.069225,7480
94568.083013,7481
94568.095118,7482
94568.100616,7483
94568.105706,7484
94568.120663,7485
94568.125887,7486
94568.131135,7487
94568.135971,7488
94568.149727,7489
94568.164846,7490
94568.179414,7491
94568.184478,7492
94568.199748,7493
94568.210710,7494
94568.227617,7495
94568.239844,7496
94568.254893,7497
94568.269376,7498
94568.282311,7499
94568.297571,7500
94568.309016,7501
94568.322969,7502
94568.334104,7503
94568.349763,7504
94568.360957,7505
94568.374823,7506
94568.386028,7507
94568.398270,7508
94568.409606,7509
94568.423807,7510
94568.436410,7511
94568.449499,7512
94568.460938,7513
94568.474263,7514
94568.488093,7515
94568.500864,7516
94568.513402,7517
94568.525922,7518
94568.538738,7519
94568.552807,7520
94568.564743,7521
94568.578801,7522
94568.591492,7523
94568.604709,7524
94568.616877,7525
94568.629853,7526
94568.642848,7527
94568.655510,7528
94568.668061,7529
94568.681117,7530
94568.693672,7531
94568.706391,7532
94568.719090,7533
94568.731924,7534
94568.743401,7535
94568.756684,7536
94568.768208,7537
94568.782203,7538
94568.793986,7539
94568.806957,7540
94568.819435,7541
94568.833521,7542
94568.846983,7543
94568.862261,7544
94568.874561,7545
94568.889378,7546
94568.901054,7547
94568.914698,7548
94568.927236,7549
94568.944224,7550
94568.956311,7551
94568.967620,7552
94568.977822,7553
94568.988390,7554
94569.000750,7555
94569.012595,7556
94569.023667,7557
94569.031693,7558
94569.043704,7559
94569.055047,7560
94569.067479,7561
94569.079124,7562
94569.093704,7563
94569.106790,7564
94569.120626,7565
94569.131910,7566
94569.143485,7567
94569.155902,7568
94569.168696,7569
94569.179819,7570
94569.192962,7571
94569.204543,7572
94569.215716,7573
94569.226496,7574
94569.238528,7575
94569.249983,7576
94569.262222,7577
94569.273263,7578
94569.285495,7579
94569.298507,7580
94569.310510,7581
94569.322592,7582
94569.335325,7583
94569.346913,7584
94569.359445,7585
94569.370450,7586
94569.382743,7587
94569.394325,7588
94569.406282,7589
94569.418654,7590
94569.430701,7591
94569.443080,7592
94569.455494,7593
94569.467743,7594
94569.482253,7595
94569.494475,7596
94569.506831,7597
94569.518841,7598
94569.531231,7599
94569.543649,7600
94569.557272,7601
94569.569855,7602
94569.580978,7603
94569.594017,7604
94569.606731,7605
94569.617718,7606
94569.631573,7607
94569.643760,7608
94569.656506,7609
94569.669536,7610
94569.682068,7611
94569.693546,7612
94569.707362,7613
94569.718199,7614
94569.730767,7615
94569.743739,7616
94569.757219,7617
94569.769345,7618
94569.782511,7619
94569.794277,7620
94569.809408,7621
94569.822047,7622
94569.834386,7623
94569.847399,7624
94569.859934,7625
94569.871794,7626
94569.884255,7627
94569.897546,7628
94569.910121,7629
94569.921745,7630
94569.933630,7631
94569.946407,7632
94569.958262,7633
94569.970787,7634
94569.983589,7635
94569.995661,7636
94570.008419,7637
94570.020586,7638
94570.033747,7639
94570.049585,7640
94570.062707,7641
94570.075271,7642
94570.089193,7643
94570.102783,7644
94570.115688,7645
94570.129673,7646
94570.142299,7647
94570.154028,7648
94570.168098,7649
94570.183482,7650
94570.196279,7651
94570.206907,7652
94570.219576,7653
94570.229793,7654
94570.242697,7655
94570.254739,7656
94570.265871,7657
94570.277586,7658
94570.290989,7659
94570.303893,7660
94570.317160,7661
94570.329499,7662
94570.342811,7663
94570.354718,7664
94570.367932,7665
94570.381784,7666
94570.395602,7667
94570.409580,7668
94570.422361,7669
94570.435286,7670
94570.448315,7671
94570.460589,7672
94570.473014,7673
94570.485210,7674
94570.497933,7675
94570.510977,7676
94570.523175,7677
94570.534478,7678
94570.547805,7679
94570.560007,7680
94570.574253,7681
94570.587189,7682
94570.601099,7683
94570.613692,7684
94570.626699,7685
94570.639984,7686
94570.654318,7687
94570.667586,7688
94570.680417,7689
94570.692894,7690
94570.706197,7691
94570.719188,7692
94570.732223,7693
94570.744467,7694
94570.757196,7695
94570.769961,7696
94570.783391,7697
94570.796984,7698
94570.810993,7699
94570.824867,7700
94570.839875,7701
94570.853884,7702
94570.867399,7703
94570.880361,7704
94570.893356,7705
94570.906779,7706
94570.921312,7707
94570.933494,7708
94570.946949,7709
94570.959818,7710
94570.973407,7711
94570.986826,7712
94571.000353,7713
94571.014598,7714
94571.028776,7715
94571.042104,7716
94571.056227,7717
94571.070621,7718
94571.084497,7719
94571.098512,7720
94571.112029,7721
94571.126079,7722
94571.140188,7723
94571.153920,7724
94571.167679,7725
94571.181572,7726
94571.196770,7727
94571.210384,7728
94571.224771,7729
94571.238201,7730
94571.251275,7731
94571.264525,7732
94571.278305,7733
94571.291428,7734
94571.305546,7735
94571.318412,7736
94571.330624,7737
94571.343090,7738
94571.357268,7739
94571.370898,7740
94571.384120,7741
94571.397496,7742
94571.412341,7743
94571.426061,7744
94571.439271,7745
94571.452578,7746
94571.467785,7747
94571.481708,7748
94571.494828,7749
94571.503157,7750
94571.510262,7751
94571.516998,7752
94571.523689,7753
94571.530511,7754
94571.537457,7755
94571.543024,7756
94571.549017,7757
94571.554356,7758
94571.559726,7759
94571.565795,7760
94571.572862,7761
94571.580356,7762
94571.586144,7763
94571.591888,7764
94571.598459,7765
94571.604554,7766
94571.609717,7767
94571.615095,7768
94571.620504,7769
94571.625978,7770
94571.632223,7771
94571.637851,7772
94571.642863,7773
94571.648309,7774
94571.653420,7775
94571.659836,7776
94571.665011,7777
94571.670887,7778
94571.676412,7779
94571.683098,7780
94571.688531,7781
94571.694386,7782
94571.699722,7783
94571.706721,7784
94571.712243,7785
94571.718572,7786
94571.724973,7787
94571.730824,7788
94571.736142,7789
94571.741286,7790
94571.746901,7791
94571.752220,7792
94571.757788,7793
94571.763995,7794
94571.769983,7795
94571.775636,7796
94571.780858,7797
94571.786366,7798
94571.792009,7799
94571.800023,7800
94571.805908,7801
94571.811040,7802
94571.816186,7803
94571.821764,7804
94571.826924,7805
94571.831968,7806
94571.837331,7807
94571.842889,7808
94571.849842,7809
94571.855290,7810
94571.861474,7811
94571.866811,7812
94571.872479,7813
94571.877888,7814
94571.883743,7815
94571.889068,7816
94571.894233,7817
94571.899546,7818
94571.905203,7819
94571.910585,7820
94571.917040,7821
94571.923920,7822
94571.929587,7823
94571.934768,7824
94571.939899,7825
94571.945385,7826
94571.951844,7827
94571.956882,7828
94571.962097,7829
94571.967602,7830
94571.972674,7831
94571.977614,7832
94571.982784,7833
94571.988290,7834
94571.993487,7835
94571.998515,7836
94572.003664,7837
94572.009188,7838
94572.015067,7839
94572.020862,7840
94572.026266,7841
94572.031357,7842
94572.036979,7843
94572.042160,7844
94572.048995,7845
94572.053949,7846
94572.059280,7847
94572.064543,7848
94572.070071,7849
94572.075375,7850
94572.080418,7851
94572.085964,7852
94572.091511,7853
94572.097833,7854
94572.103381,7855
94572.108604,7856
94572.114511,7857
94572.120681,7858
94572.125702,7859
94572.131839,7860
94572.136889,7861
94572.141850,7862
94572.148554,7863
94572.153946,7864
94572.159059,7865
94572.164685,7866
94572.169936,7867
94572.175898,7868
94572.181038,7869
94572.185955,7870
94572.191041,7871
94572.196488,7872
94572.202446,7873
94572.208016,7874
94572.212992,7875
94572.218548,7876
94572.224835,7877
94572.229945,7878
94572.235385,7879
94572.240677,7880
94572.246341,7881
94572.252737,7882
94572.258315,7883
94572.265088,7884
94572.272317,7885
94572.278354,7886
94572.284359,7887
94572.290836,7888
94572.297048,7889
94572.302741,7890
94572.308578,7891
94572.314189,7892
94572.320527,7893
94572.325542,7894
94572.330742,7895
94572.335807,7896
94572.341293,7897
94572.346235,7898
94572.351152,7899
94572.358885,7900
94572.364781,7901
94572.369993,7902
94572.375672,7903
94572.381099,7904
94572.386356,7905
94572.391581,7906
94572.397218,7907
94572.403015,7908
94572.408520,7909
94572.414223,7910
94572.420503,7911
94572.426072,7912
94572.431675,7913
94572.436767,7914
94572.442845,7915
94572.448154,7916
94572.453683,7917
94572.459188,7918
94572.464468,7919
94572.469918,7920
94572.475396,7921
94572.480526,7922
94572.486527,7923
94572.491554,7924
94572.498097,7925
94572.504270,7926
94572.509546,7927
94572.515215,7928
94572.521307,7929
94572.526531,7930
94572.532461,7931
94572.538607,7932
94572.543962,7933
94572.549329,7934
94572.555386,7935
94572.560817,7936
94572.567106,7937
94572.572976,7938
94572.579539,7939
94572.585437,7940
94572.591888,7941
94572.598695,7942
94572.605544,7943
94572.611516,7944
94572.621130,7945
94572.627362,7946
94572.632967,7947
94572.639393,7948
94572.644775,7949
94572.650832,7950
94572.657136,7951
94572.663638,7952
94572.669674,7953
94572.676045,7954
94572.683013,7955
94572.690027,7956
94572.694991,7957
94572.699904,7958
94572.705805,7959
94572.712279,7960
94572.717564,7961
94572.722714,7962
94572.727720,7963
94572.733379,7964
94572.739854,7965
94572.744783,7966
94572.751536,7967
94572.757051,7968
94572.762553,7969
94572.767855,7970
94572.773942,7971
94572.778896,7972
94572.785099,7973
94572.790718,7974
94572.797507,7975
94572.803830,7976
94572.809784,7977
94572.816242,7978
94572.822435,7979
94572.829405,7980
94572.834641,7981
94572.841784,7982
94572.848283,7983
94572.853487,7984
94572.859988,7985
94572.866683,7986
94572.872908,7987
94572.879255,7988
94572.886510,7989
94572.893930,7990
94572.900931,7991
94572.909117,7992
94572.916192,7993
94572.921732,7994
94572.927627,7995
94572.934932,7996
94572.943342,7997
94572.950352,7998
94572.957898,7999
94572.974174,8000
94572.988237,8001
94572.994089,8002
94573.000809,8003
94573.013889,8004
94573.019396,8005
94573.030734,8006
94573.043324,8007
94573.051242,8008
94573.056476,8009
94573.070267,8010
94573.084221,8011
94573.092613,8012
94573.104717,8013
94573.116267,8014
94573.122096,8015
94573.133035,8016
94573.138284,8017
94573.150888,8018
94573.162510,8019
94573.174196,8020
94573.179534,8021
94573.188228,8022
94573.199692,8023
94573.211333,8024
94573.216900,8025
94573.222389,8026
94573.234665,8027
94573.245733,8028
94573.257485,8029
94573.269118,8030
94573.280298,8031
94573.286195,8032
94573.295827,8033
94573.303920,8034
94573.317364,8035
94573.331585,8036
94573.337348,8037
94573.349670,8038
94573.356419,8039
94573.368793,8040
94573.381037,8041
94573.386505,8042
94573.396795,8043
94573.408593,8044
94573.420407,8045
94573.431997,8046
94573.444950,8047
94573.458438,8048
94573.470333,8049
94573.478515,8050
94573.489265,8051
94573.499535,8052
94573.511974,8053
94573.518135,8054
94573.525757,8055
94573.531783,8056
94573.537445,8057
94573.551554,8058
94573.563727,8059
94573.569633,8060
94573.582907,8061
94573.588832,8062
94573.599501,8063
94573.610235,8064
94573.620284,8065
94573.627850,8066
94573.632944,8067
94573.644099,8068
94573.649243,8069
94573.654961,8070
94573.665008,8071
94573.676101,8072
94573.689309,8073
94573.699390,8074
94573.704853,8075
94573.716205,8076
94573.725417,8077
94573.734941,8078
94573.746356,8079
94573.753776,8080
94573.766927,8081
94573.778723,8082
94573.792326,8083
94573.806504,8084
94573.817615,8085
94573.832365,8086
94573.843922,8087
94573.851510,8088
94573.859865,8089
94573.871503,8090
94573.882320,8091
94573.895246,8092
94573.906933,8093
94573.919528,8094
94573.930874,8095
94573.941797,8096
94573.949605,8097
94573.961409,8098
94573.969726,8099
94573.980726,8100
94573.991883,8101
94573.999304,8102
94574.007328,8103
94574.015626,8104
94574.026641,8105
94574.039416,8106
94574.050211,8107
94574.061366,8108
94574.073449,8109
94574.079320,8110
94574.087535,8111
94574.100269,8112
94574.111708,8113
94574.123964,8114
94574.133978,8115
94574.145084,8116
94574.157008,8117
94574.171445,8118
94574.185565,8119
94574.194815,8120
94574.203982,8121
94574.217469,8122
94574.222812,8123
94574.235468,8124
94574.248292,8125
94574.261521,8126
94574.267444,8127
94574.276878,8128
94574.285864,8129
94574.300952,8130
94574.312025,8131
94574.325217,8132
94574.337796,8133
94574.349943,8134
94574.364269,8135
94574.376643,8136
94574.386611,8137
94574.398767,8138
94574.413300,8139
94574.426933,8140
94574.442000,8141
94574.456910,8142
94574.465956,8143
94574.476964,8144
94574.491241,8145
94574.505370,8146
94574.520449,8147
94574.532935,8148
94574.543521,8149
94574.559166,8150
94574.569924,8151
94574.582581,8152
94574.591560,8153
94574.602299,8154
94574.611425,8155
94574.623088,8156
94574.631254,8157
94574.641053,8158
94574.653010,8159
94574.664892,8160
94574.676586,8161
94574.685341,8162
94574.690726,8163
94574.702081,8164
94574.709380,8165
94574.715593,8166
94574.723487,8167
94574.735073,8168
94574.746270,8169
94574.760547,8170
94574.769841,8171
94574.781038,8172
94574.792532,8173
94574.803435,8174
94574.815568,8175
94574.827222,8176
94574.838565,8177
94574.845609,8178
94574.857077,8179
94574.868877,8180
94574.882338,8181
94574.892097,8182
94574.904139,8183
94574.917554,8184
94574.928189,8185
94574.938326,8186
94574.946726,8187
94574.955280,8188
94574.966733,8189
94574.979658,8190
94574.993957,8191
94575.006479,8192
94575.020791,8193
94575.031071,8194
94575.040242,8195
94575.052327,8196
94575.066143,8197
94575.079415,8198
94575.090561,8199
94575.103671,8200
94575.113286,8201
94575.126306,8202
94575.135911,8203
94575.148646,8204
94575.162414,8205
94575.177725,8206
94575.190900,8207
94575.205519,8208
94575.218274,8209
94575.232299,8210
94575.245453,8211
94575.254810,8212
94575.264896,8213
94575.279276,8214
94575.291247,8215
94575.304317,8216
94575.317033,8217
94575.329989,8218
94575.341278,8219
94575.354049,8220
94575.367187,8221
94575.380419,8222
94575.392733,8223
94575.406170,8224
94575.417397,8225
94575.430262,8226
94575.440969,8227
94575.452937,8228
94575.465659,8229
94575.476526,8230
94575.481745,8231
94575.494830,8232
94575.506586,8233
94575.519880,8234
94575.530796,8235
94575.545408,8236
94575.556351,8237
94575.571240,8238
94575.583878,8239
94575.594429,8240
94575.606254,8241
94575.620402,8242
94575.634033,8243
94575.648194,8244
94575.662599,8245
94575.668729,8246
94575.681728,8247
94575.693333,8248
94575.705903,8249
94575.721250,8250
94575.731952,8251
94575.742643,8252
94575.754780,8253
94575.765877,8254
94575.777771,8255
94575.791251,8256
94575.801988,8257
94575.814856,8258
94575.827484,8259
94575.839945,8260
94575.851815,8261
94575.862865,8262
94575.874749,8263
94575.886307,8264
94575.898593,8265
94575.911740,8266
94575.923390,8267
94575.938422,8268
94575.950812,8269
94575.964888,8270
94575.975958,8271
94575.987684,8272
94575.999371,8273
94576.011076,8274
94576.023179,8275
94576.035693,8276
94576.046764,8277
94576.058543,8278
94576.069950,8279
94576.081955,8280
94576.092770,8281
94576.104238,8282
94576.117013,8283
94576.130025,8284
94576.141346,8285
94576.156037,8286
94576.167524,8287
94576.181841,8288
94576.192966,8289
94576.206243,8290
94576.217261,8291
94576.231449,8292
94576.244673,8293
94576.259259,8294
94576.272581,8295
94576.286044,8296
94576.297775,8297
94576.312361,8298
94576.325333,8299
94576.342891,8300
94576.349978,8301
94576.356387,8302
94576.368688,8303
94576.380627,8304
94576.392042,8305
94576.404610,8306
94576.415952,8307
94576.426949,8308
94576.433152,8309
94576.443760,8310
94576.450603,8311
94576.461946,8312
94576.474131,8313
94576.480796,8314
94576.486920,8315
94576.499370,8316
94576.511773,8317
94576.524426,8318
94576.538195,8319
94576.550477,8320
94576.561797,8321
94576.568581,8322
94576.580714,8323
94576.587836,8324
94576.600718,8325
94576.612026,8326
94576.624273,8327
94576.635845,8328
94576.648475,8329
94576.656435,8330
94576.668999,8331
94576.681688,8332
94576.689181,8333
94576.696951,8334
94576.704814,8335
94576.717472,8336
94576.724408,8337
94576.731054,8338
94576.743125,8339
94576.755910,8340
94576.768406,8341
94576.778868,8342
94576.791150,8343
94576.804027,8344
94576.816865,8345
94576.828558,8346
94576.839698,8347
94576.847780,8348
94576.857330,8349
94576.864421,8350
94576.871653,8351
94576.885018,8352
94576.898534,8353
94576.911474,8354
94576.923028,8355
94576.929780,8356
94576.942426,8357
94576.954866,8358
94576.967374,8359
94576.975728,8360
94576.987596,8361
94577.000690,8362
94577.013484,8363
94577.022448,8364
94577.031596,8365
94577.044384,8366
94577.051774,8367
94577.063273,8368
94577.074750,8369
94577.087735,8370
94577.100782,8371
94577.110200,8372
94577.122583,8373
94577.136034,8374
94577.148738,8375
94577.156694,8376
94577.165761,8377
94577.174091,8378
94577.182791,8379
94577.190231,8380
94577.203515,8381
94577.218317,8382
94577.230237,8383
94577.242787,8384
94577.254788,8385
94577.267035,8386
94577.280311,8387
94577.293396,8388
94577.305407,8389
94577.313260,8390
94577.325768,8391
94577.336516,8392
94577.349747,8393
94577.362242,8394
94577.373913,8395
94577.382051,8396
94577.395493,8397
94577.407667,8398
94577.418956,8399
94577.434515,8400
94577.447429,8401
94577.459709,8402
94577.471269,8403
94577.485257,8404
94577.497079,8405
94577.510573,8406
94577.526130,8407
94577.538312,8408
94577.549633,8409
94577.562454,8410
94577.573374,8411
94577.585525,8412
94577.600625,8413
94577.615178,8414
94577.629622,8415
94577.641409,8416
94577.652819,8417
94577.663128,8418
94577.673997,8419
94577.685666,8420
94577.701082,8421
94577.712535,8422
94577.725486,8423
94577.738355,8424
94577.751625,8425
94577.765798,8426
94577.777730,8427
94577.790804,8428
94577.803863,8429
94577.815060,8430
94577.828339,8431
94577.839586,8432
94577.854090,8433
94577.864889,8434
94577.875226,8435
94577.890508,8436
94577.904388,8437
94577.917892,8438
94577.931659,8439
94577.945468,8440
94577.959869,8441
94577.972118,8442
94577.984520,8443
94577.997347,8444
94578.008432,8445
94578.021482,8446
94578.033981,8447
94578.046276,8448
94578.058731,8449
94578.069990,8450
94578.080221,8451
94578.091505,8452
94578.102008,8453
94578.114654,8454
94578.125515,8455
94578.137936,8456
94578.151679,8457
94578.163241,8458
94578.174415,8459
94578.185881,8460
94578.196638,8461
94578.208868,8462
94578.224567,8463
94578.238228,8464
94578.252760,8465
94578.266971,8466
94578.280557,8467
94578.294303,8468
94578.305508,8469
94578.317946,8470
94578.330526,8471
94578.343382,8472
94578.356135,8473
94578.370576,8474
94578.384261,8475
94578.395329,8476
94578.407824,8477
94578.420690,8478
94578.433744,8479
94578.447172,8480
94578.458374,8481
94578.469056,8482
94578.481605,8483
94578.492880,8484
94578.504221,8485
94578.517512,8486
94578.531599,8487
94578.544547,8488
94578.557925,8489
94578.569239,8490
94578.582018,8491
94578.596890,8492
94578.610081,8493
94578.624946,8494
94578.637723,8495
94578.648562,8496
94578.659471,8497
94578.671839,8498
94578.685417,8499
94578.702591,8500
94578.715243,8501
94578.730332,8502
94578.745631,8503
94578.759376,8504
94578.772072,8505
94578.786533,8506
94578.800411,8507
94578.816478,8508
94578.830653,8509
94578.844777,8510
94578.857603,8511
94578.871516,8512
94578.886883,8513
94578.900536,8514
94578.913764,8515
94578.929317,8516
94578.942720,8517
94578.957072,8518
94578.970706,8519
94578.984522,8520
94578.998865,8521
94579.013383,8522
94579.026874,8523
94579.043600,8524
94579.058820,8525
94579.072955,8526
94579.086983,8527
94579.100741,8528
94579.116696,8529
94579.130848,8530
94579.144819,8531
94579.159343,8532
94579.175404,8533
94579.190722,8534
94579.205284,8535
94579.220446,8536
94579.235033,8537
94579.250365,8538
94579.263998,8539
94579.278791,8540
94579.292915,8541
94579.309910,8542
94579.324913,8543
94579.339623,8544
94579.352870,8545
94579.370390,8546
94579.384967,8547
94579.399614,8548
94579.414258,8549
94579.433406,8550
94579.446092,8551
94579.458643,8552
94579.470654,8553
94579.482749,8554
94579.494996,8555
94579.506370,8556
94579.518728,8557
94579.531654,8558
94579.544747,8559
94579.556208,8560
94579.568882,8561
94579.580562,8562
94579.592733,8563
94579.605290,8564
94579.619049,8565
94579.630344,8566
94579.642560,8567
94579.655636,8568
94579.668010,8569
94579.679633,8570
94579.692740,8571
94579.705257,8572
94579.718953,8573
94579.731026,8574
94579.744222,8575
94579.755464,8576
94579.768651,8577
94579.781305,8578
94579.793863,8579
94579.808225,8580
94579.825995,8581
94579.841602,8582
94579.856406,8583
94579.869685,8584
94579.883952,8585
94579.897309,8586
94579.910041,8587
94579.922458,8588
94579.935224,8589
94579.949310,8590
94579.962050,8591
94579.975279,8592
94579.989516,8593
94580.001973,8594
94580.015486,8595
94580.027987,8596
94580.041028,8597
94580.054348,8598
94580.068043,8599
94580.081086,8600
94580.095566,8601
94580.108255,8602
94580.121881,8603
94580.135553,8604
94580.150298,8605
94580.164907,8606
94580.180353,8607
94580.195057,8608
94580.209965,8609
94580.224542,8610
94580.238395,8611
94580.252937,8612
94580.267774,8613
94580.282386,8614
94580.296046,8615
94580.311527,8616
94580.326254,8617
94580.340791,8618
94580.355237,8619
94580.370684,8620
94580.384795,8621
94580.399044,8622
94580.412919,8623
94580.428334,8624
94580.443323,8625
94580.455938,8626
94580.470364,8627
94580.484046,8628
94580.500096,8629
94580.513876,8630
94580.527864,8631
94580.541400,8632
94580.554686,8633
94580.570802,8634
94580.585228,8635
94580.598529,8636
94580.611430,8637
94580.626183,8638
94580.642566,8639
94580.656446,8640
94580.670188,8641
94580.683932,8642
94580.698252,8643
94580.713240,8644
94580.728461,8645
94580.742250,8646
94580.757433,8647
94580.772902,8648
94580.787243,8649
94580.803608,8650
94580.816221,8651
94580.829792,8652
94580.844277,8653
94580.857879,8654
94580.872610,8655
94580.887497,8656
94580.901365,8657
94580.915981,8658
94580.930725,8659
94580.945031,8660
94580.959033,8661
94580.974253,8662
94580.988302,8663
94581.002011,8664
94581.017854,8665
94581.031554,8666
94581.044875,8667
94581.058396,8668
94581.071125,8669
94581.082844,8670
94581.096287,8671
94581.109414,8672
94581.122727,8673
94581.139712,8674
94581.157726,8675
94581.170674,8676
94581.183617,8677
94581.196897,8678
94581.211974,8679
94581.227137,8680
94581.241755,8681
94581.256849,8682
94581.270005,8683
94581.284172,8684
94581.297039,8685
94581.311379,8686
94581.326944,8687
94581.341917,8688
94581.356678,8689
94581.372244,8690
94581.386913,8691
94581.400426,8692
94581.413786,8693
94581.428796,8694
94581.443185,8695
94581.458784,8696
94581.473815,8697
94581.487248,8698
94581.502522,8699
94581.517605,8700
94581.533735,8701
94581.549400,8702
94581.562230,8703
94581.576250,8704
94581.591882,8705
94581.606570,8706
94581.621853,8707
94581.635776,8708
94581.650482,8709
94581.665568,8710
94581.679612,8711
94581.696092,8712
94581.710611,8713
94581.727487,8714
94581.743795,8715
94581.760698,8716
94581.776318,8717
94581.791785,8718
94581.808185,8719
94581.822765,8720
94581.838745,8721
94581.853584,8722
94581.868873,8723
94581.884612,8724
94581.900747,8725
94581.916506,8726
94581.933045,8727
94581.950524,8728
94581.966540,8729
94581.983095,8730
94581.998643,8731
94582.015110,8732
94582.031305,8733
94582.045267,8734
94582.059586,8735
94582.073757,8736
94582.089476,8737
94582.105906,8738
94582.123214,8739
94582.139093,8740
94582.155875,8741
94582.172721,8742
94582.187755,8743
94582.205776,8744
94582.220221,8745
94582.234587,8746
94582.250316,8747
94582.264740,8748
94582.281274,8749
94582.295735,9000
94582.302414,9001
94582.308770,9002
94582.315050,9003
94582.321649,9004
94582.327190,9005
94582.332507,9006
94582.337593,9007
94582.342809,9008
94582.347773,9009
94582.352750,9010
94582.358165,9011
94582.363295,9012
94582.368157,9013
94582.373144,9014
94582.378714,9015
94582.384196,9016
94582.389581,9017
94582.394910,9018
94582.400197,9019
94582.405445,9020
94582.411134,9021
94582.416073,9022
94582.421293,9023
94582.426740,9024
94582.432352,9025
94582.437407,9026
94582.442494,9027
94582.448075,9028
94582.456022,9029
94582.464323,9030
94582.470593,9031
94582.476921,9032
94582.482769,9033
94582.488706,9034
94582.495318,9035
94582.500600,9036
94582.505677,9037
94582.511309,9038
94582.516518,9039
94582.521703,9040
94582.526988,9041
94582.532461,9042
94582.538159,9043
94582.543753,9044
94582.549198,9045
94582.554276,9046
94582.559277,9047
94582.564906,9048
94582.570283,9049
94582.578939,9050
94582.584567,9051
94582.589559,9052
94582.594625,9053
94582.599861,9054
94582.605300,9055
94582.610284,9056
94582.615271,9057
94582.620505,9058
94582.626386,9059
94582.631443,9060
94582.637146,9061
94582.642518,9062
94582.647882,9063
94582.653051,9064
94582.658087,9065
94582.663244,9066
94582.668687,9067
94582.673665,9068
94582.678665,9069
94582.683595,9070
94582.689308,9071
94582.694377,9072
94582.700013,9073
94582.705005,9074
94582.710472,9075
94582.715392,9076
94582.720479,9077
94582.725980,9078
94582.731261,9079
94582.736513,9080
94582.741552,9081
94582.747050,9082
94582.752190,9083
94582.757183,9084
94582.762136,9085
94582.767535,9086
94582.773841,9087
94582.779731,9088
94582.784862,9089
94582.790077,9090
94582.795302,9091
94582.800972,9092
94582.806339,9093
94582.811580,9094
94582.816784,9095
94582.822405,9096
94582.828499,9097
94582.833668,9098
94582.839178,9099
94582.846895,9100
94582.852639,9101
94582.857906,9102
94582.863410,9103
94582.868632,9104
94582.873723,9105
94582.878722,9106
94582.883998,9107
94582.889058,9108
94582.894222,9109
94582.899339,9110
94582.905691,9111
94582.911982,9112
94582.917035,9113
94582.922461,9114
94582.927563,9115
94582.932771,9116
94582.937981,9117
94582.943555,9118
94582.948912,9119
94582.954322,9120
94582.959746,9121
94582.964890,9122
94582.970479,9123
94582.975896,9124
94582.981629,9125
94582.986720,9126
94582.991840,9127
94582.997450,9128
94583.003097,9129
94583.008893,9130
94583.014546,9131
94583.020178,9132
94583.025764,9133
94583.031024,9134
94583.036597,9135
94583.041715,9136
94583.046795,9137
94583.052477,9138
94583.057756,9139
94583.063074,9140
94583.068292,9141
94583.073585,9142
94583.078766,9143
94583.083926,9144
94583.089084,9145
94583.094195,9146
94583.099557,9147
94583.104677,9148
94583.109900,9149
94583.115109,9150
94583.120296,9151
94583.125453,9152
94583.130541,9153
94583.135625,9154
94583.141075,9155
94583.146159,9156
94583.151127,9157
94583.156382,9158
94583.161796,9159
94583.166947,9160
94583.171983,9161
94583.177479,9162
94583.182665,9163
94583.188015,9164
94583.193243,9165
94583.201382,9166
94583.210123,9167
94583.218798,9168
94583.227158,9169
94583.233988,9170
94583.242652,9171
94583.250643,9172
94583.258470,9173
94583.263630,9174
94583.268825,9175
94583.273846,9176
94583.279772,9177
94583.284736,9178
94583.289785,9179
94583.294695,9180
94583.300415,9181
94583.305425,9182
94583.310274,9183
94583.315212,9184
94583.320102,9185
94583.325145,9186
94583.330151,9187
94583.335638,9188
94583.340709,9189
94583.345847,9190
94583.351213,9191
94583.356980,9192
94583.362860,9193
94583.368052,9194
94583.373272,9195
94583.378904,9196
94583.384613,9197
94583.390859,9198
94583.396482,9199
94583.404780,9200
94583.410034,9201
94583.415793,9202
94583.421135,9203
94583.426546,9204
94583.432518,9205
94583.438049,9206
94583.443655,9207
94583.449034,9208
94583.454870,9209
94583.461838,9210
94583.467601,9211
94583.472578,9212
94583.477586,9213
94583.482617,9214
94583.487990,9215
94583.493065,9216
94583.498271,9217
94583.503843,9218
94583.509023,9219
94583.513992,9220
94583.519293,9221
94583.524418,9222
94583.529998,9223
94583.535444,9224
94583.540484,9225
94583.545616,9226
94583.550951,9227
94583.556073,9228
94583.561220,9229
94583.566541,9230
94583.572091,9231
94583.577536,9232
94583.582896,9233
94583.588704,9234
94583.594523,9235
94583.600650,9236
94583.606633,9237
94583.612358,9238
94583.617410,9239
94583.622695,9240
94583.627852,9241
94583.633839,9242
94583.638903,9243
94583.644022,9244
94583.649243,9245
94583.654852,9246
94583.659841,9247
94583.665043,9248
94583.670423,9249
94583.685897,9250
94583.694291,9251
94583.702669,9252
94583.707921,9253
94583.713789,9254
94583.721691,9255
94583.727641,9256
94583.736074,9257
94583.741676,9258
94583.747175,9259
94583.755776,9260
94583.763885,9261
94583.769536,9262
94583.779762,9263
94583.787834,9264
94583.797643,9265
94583.806879,9266
94583.815414,9267
94583.825284,9268
94583.830618,9269
94583.840418,9270
94583.850375,9271
94583.856459,9272
94583.861947,9273
94583.872423,9274
94583.877782,9275
94583.888923,9276
94583.896681,9277
94583.907180,9278
94583.918925,9279
94583.930676,9280
94583.939238,9281
94583.950683,9282
94583.956369,9283
94583.962730,9284
94583.972398,9285
94583.981983,9286
94583.991671,9287
94584.004569,9288
94584.014283,9289
94584.024288,9290
94584.035899,9291
94584.043036,9292
94584.048397,9293
94584.055485,9294
94584.065808,9295
94584.074752,9296
94584.083744,9297
94584.089458,9298
94584.099732,9299
94584.109755,9300
94584.115410,9301
94584.123433,9302
94584.133345,9303
94584.146442,9304
94584.153632,9305
94584.163713,9306
94584.169273,9307
94584.178842,9308
94584.189787,9309
94584.202624,9310
94584.212456,9311
94584.218063,9312
94584.229487,9313
94584.236509,9314
94584.248797,9315
94584.260205,9316
94584.266469,9317
94584.276221,9318
94584.284490,9319
94584.295634,9320
94584.304471,9321
94584.315494,9322
94584.326898,9323
94584.338590,9324
94584.349831,9325
94584.356386,9326
94584.364540,9327
94584.370396,9328
94584.381581,9329
94584.393793,9330
94584.405097,9331
94584.415353,9332
94584.426699,9333
94584.434130,9334
94584.444419,9335
94584.456812,9336
94584.468741,9337
94584.480031,9338
94584.490478,9339
94584.501774,9340
94584.513793,9341
94584.519347,9342
94584.530383,9343
94584.538209,9344
94584.550892,9345
94584.561624,9346
94584.573835,9347
94584.584080,9348
94584.595026,9349
94584.610878,9350
94584.620788,9351
94584.629504,9352
94584.636073,9353
94584.645829,9354
94584.656756,9355
94584.666682,9356
94584.675307,9357
94584.686887,9358
94584.694619,9359
94584.704879,9360
94584.714966,9361
94584.724065,9362
94584.729043,9363
94584.736632,9364
94584.742179,9365
94584.752536,9366
94584.761200,9367
94584.767864,9368
94584.777074,9369
94584.783813,9370
94584.788791,9371
94584.798543,9372
94584.804551,9373
94584.814368,9374
94584.819265,9375
94584.825214,9376
94584.830673,9377
94584.839240,9378
94584.849222,9379
94584.857801,9380
94584.867092,9381
94584.877946,9382
94584.886224,9383
94584.896880,9384
94584.902473,9385
94584.914333,9386
94584.924633,9387
94584.935184,9388
94584.940110,9389
94584.950817,9390
94584.960624,9391
94584.971411,9392
94584.979733,9393
94584.985406,9394
94584.994834,9395
94585.004328,9396
94585.014744,9397
94585.025504,9398
94585.034224,9399
94585.043878,9400
94585.054393,9401
94585.066785,9402
94585.076352,9403
94585.087708,9404
94585.097302,9405
94585.108718,9406
94585.118661,9407
94585.124740,9408
94585.134592,9409
94585.140973,9410
94585.151152,9411
94585.163765,9412
94585.176020,9413
94585.187590,9414
94585.198365,9415
94585.209099,9416
94585.214547,9417
94585.225376,9418
94585.235909,9419
94585.248229,9420
94585.258979,9421
94585.270878,9422
94585.281308,9423
94585.292365,9424
94585.305495,9425
94585.316988,9426
94585.327672,9427
94585.333707,9428
94585.345992,9429
94585.359201,9430
94585.365278,9431
94585.377412,9432
94585.388755,9433
94585.400317,9434
94585.411626,9435
94585.424285,9436
94585.434987,9437
94585.446452,9438
94585.457565,9439
94585.463309,9440
94585.474719,9441
94585.486177,9442
94585.497049,9443
94585.507639,9444
94585.515940,9445
94585.521334,9446
94585.532253,9447
94585.543642,9448
94585.554881,9449
94585.569574,9450
94585.578676,9451
94585.590787,9452
94585.601811,9453
94585.613369,9454
94585.622583,9455
94585.631334,9456
94585.639832,9457
94585.650146,9458
94585.659591,9459
94585.671217,9460
94585.680484,9461
94585.691766,9462
94585.700087,9463
94585.711487,9464
94585.719743,9465
94585.729338,9466
94585.740945,9467
94585.751102,9468
94585.762660,9469
94585.772961,9470
94585.781809,9471
94585.792931,9472
94585.804213,9473
94585.815476,9474
94585.826451,9475
94585.839296,9476
94585.850492,9477
94585.861864,9478
94585.874665,9479
94585.886832,9480
94585.897657,9481
94585.910857,9482
94585.922549,9483
94585.935061,9484
94585.947874,9485
94585.960922,9486
94585.971509,9487
94585.985825,9488
94586.000712,9489
94586.012727,9490
94586.024240,9491
94586.035550,9492
94586.047346,9493
94586.059722,9494
94586.070242,9495
94586.082019,9496
94586.093478,9497
94586.106009,9498
94586.117846,9499
94586.129341,9500
94586.134333,9501
94586.144593,9502
94586.150272,9503
94586.163909,9504
94586.178301,9505
94586.191712,9506
94586.197485,9507
94586.211785,9508
94586.224907,9509
94586.238931,9510
94586.253813,9511
94586.268143,9512
94586.281788,9513
94586.287697,9514
94586.293560,9515
94586.299641,9516
94586.311010,9517
94586.317153,9518
94586.323027,9519
94586.337847,9520
94586.353641,9521
94586.367522,9522
94586.381441,9523
94586.387527,9524
94586.393276,9525
94586.399245,9526
94586.414278,9527
94586.420890,9528
94586.435706,9529
94586.449923,9530
94586.463629,9531
94586.469738,9532
94586.475872,9533
94586.490473,9534
94586.504929,9535
94586.511180,9536
94586.525899,9537
94586.532487,9538
94586.537678,9539
94586.543641,9540
94586.557906,9541
94586.572261,9542
94586.588600,9543
94586.603383,9544
94586.616783,9545
94586.630562,9546
94586.636759,9547
94586.650723,9548
94586.664434,9549
94586.678420,9550
94586.689890,9551
94586.703686,9552
94586.714362,9553
94586.729307,9554
94586.735180,9555
94586.748770,9556
94586.763289,9557
94586.776721,9558
94586.791289,9559
94586.804652,9560
94586.817916,9561
94586.824576,9562
94586.830744,9563
94586.837573,9564
94586.849852,9565
94586.865423,9566
94586.879445,9567
94586.892973,9568
94586.906330,9569
94586.920360,9570
94586.933738,9571
94586.949196,9572
94586.963225,9573
94586.976736,9574
94586.988205,9575
94587.003249,9576
94587.016947,9577
94587.023611,9578
94587.029147,9579
94587.042349,9580
94587.047945,9581
94587.061599,9582
94587.073140,9583
94587.086922,9584
94587.100328,9585
94587.115106,9586
94587.128500,9587
94587.144433,9588
94587.150514,9589
94587.164507,9590
94587.170544,9591
94587.184383,9592
94587.197756,9593
94587.211655,9594
94587.225812,9595
94587.239739,9596
94587.255763,9597
94587.271278,9598
94587.286616,9599
94587.300444,9600
94587.305786,9601
94587.311612,9602
94587.325397,9603
94587.336321,9604
94587.341881,9605
94587.357203,9606
94587.363539,9607
94587.380287,9608
94587.394048,9609
94587.399672,9610
94587.410037,9611
94587.425244,9612
94587.436027,9613
94587.441993,9614
94587.456376,9615
94587.472011,9616
94587.486798,9617
94587.501043,9618
94587.517206,9619
94587.527862,9620
94587.538786,9621
94587.544407,9622
94587.555396,9623
94587.567596,9624
94587.573060,9625
94587.589367,9626
94587.605480,9627
94587.620774,9628
94587.630046,9629
94587.635904,9630
94587.652367,9631
94587.667338,9632
94587.680354,9633
94587.686534,9634
94587.700307,9635
94587.715566,9636
94587.721707,9637
94587.727624,9638
94587.744193,9639
94587.750029,9640
94587.768851,9641
94587.775747,9642
94587.791319,9643
94587.797289,9644
94587.808632,9645
94587.819502,9646
94587.825362,9647
94587.837829,9648
94587.843401,9649
94587.854074,9650
94587.865915,9651
94587.871390,9652
94587.887807,9653
94587.893771,9654
94587.905792,9655
94587.917340,9656
94587.923444,9657
94587.940280,9658
94587.952506,9659
94587.965781,9660
94587.971811,9661
94587.983748,9662
94587.995994,9663
94588.002851,9664
94588.014227,9665
94588.025540,9666
94588.044997,9667
94588.052059,9668
94588.063932,9669
94588.075361,9670
94588.081449,9671
94588.092451,9672
94588.108802,9673
94588.126240,9674
94588.139394,9675
94588.159546,9676
94588.173791,9677
94588.179821,9678
94588.198902,9679
94588.206311,9680
94588.217586,9681
94588.226796,9682
94588.241271,9683
94588.257713,9684
94588.274007,9685
94588.285473,9686
94588.291919,9687
94588.306601,9688
94588.322863,9689
94588.339451,9690
94588.350846,9691
94588.362521,9692
94588.373438,9693
94588.388642,9694
94588.400883,9695
94588.414146,9696
94588.429198,9697
94588.441805,9698
94588.455846,9699
94588.470945,9700
94588.476582,9701
94588.486232,9702
94588.496263,9703
94588.505830,9704
94588.516569,9705
94588.523252,9706
94588.535326,9707
94588.548219,9708
94588.558913,9709
94588.569594,9710
94588.580888,9711
94588.590992,9712
94588.602009,9713
94588.613874,9714
94588.627824,9715
94588.638715,9716
94588.644774,9717
94588.655514,9718
94588.666468,9719
94588.678821,9720
94588.694050,9721
94588.705116,9722
94588.716618,9723
94588.728850,9724
94588.742534,9725
94588.754942,9726
94588.766223,9727
94588.777125,9728
94588.791680,9729
94588.805499,9730
94588.812640,9731
94588.823980,9732
94588.836289,9733
94588.847097,9734
94588.861157,9735
94588.867340,9736
94588.880255,9737
94588.891473,9738
94588.906552,9739
94588.917967,9740
94588.931951,9741
94588.943230,9742
94588.954025,9743
94588.964864,9744
94588.975828,9745
94588.991081,9746
94589.003511,9747
94589.015088,9748
94589.027363,9749
94589.044615,9750
94589.056623,9751
94589.070038,9752
94589.079462,9753
94589.089575,9754
94589.101931,9755
94589.112561,9756
94589.124854,9757
94589.136035,9758
94589.148779,9759
94589.160561,9760
94589.172923,9761
94589.185552,9762
94589.197618,9763
94589.209507,9764
94589.221067,9765
94589.234610,9766
94589.243975,9767
94589.255679,9768
94589.268373,9769
94589.281736,9770
94589.293277,9771
94589.303471,9772
94589.315230,9773
94589.326261,9774
94589.338789,9775
94589.350398,9776
94589.363555,9777
94589.377192,9778
94589.389708,9779
94589.401184,9780
94589.413048,9781
94589.426197,9782
94589.439041,9783
94589.451744,9784
94589.464222,9785
94589.477188,9786
94589.490654,9787
94589.503999,9788
94589.516977,9789
94589.530075,9790
94589.540764,9791
94589.553270,9792
94589.565624,9793
94589.578909,9794
94589.590328,9795
94589.603309,9796
94589.615953,9797
94589.629636,9798
94589.642054,9799
94589.652578,9800
94589.664554,9801
94589.678535,9802
94589.691444,9803
94589.704396,9804
94589.716625,9805
94589.729238,9806
94589.741667,9807
94589.755489,9808
94589.768256,9809
94589.779904,9810
94589.792840,9811
94589.804129,9812
94589.817533,9813
94589.831941,9814
94589.843403,9815
94589.856632,9816
94589.869697,9817
94589.881314,9818
94589.895351,9819
94589.909290,9820
94589.922105,9821
94589.935923,9822
94589.947615,9823
94589.961157,9824
94589.973333,9825
94589.985502,9826
94589.997722,9827
94590.012844,9828
94590.025474,9829
94590.039384,9830
94590.052408,9831
94590.064998,9832
94590.076812,9833
94590.090423,9834
94590.102764,9835
94590.117213,9836
94590.129837,9837
94590.142081,9838
94590.155696,9839
94590.167788,9840
94590.180453,9841
94590.193729,9842
94590.207040,9843
94590.219914,9844
94590.232806,9845
94590.246934,9846
94590.260017,9847
94590.274531,9848
94590.288935,9849
94590.304726,9850
94590.317070,9851
94590.328899,9852
94590.342853,9853
94590.355518,9854
94590.367697,9855
94590.382272,9856
94590.395628,9857
94590.409619,9858
94590.422111,9859
94590.435494,9860
94590.449014,9861
94590.463271,9862
94590.476018,9863
94590.489015,9864
94590.502535,9865
94590.516745,9866
94590.529364,9867
94590.542224,9868
94590.554713,9869
94590.567282,9870
94590.579545,9871
94590.593243,9872
94590.605979,9873
94590.619088,9874
94590.631030,9875
94590.645082,9876
94590.657292,9877
94590.671390,9878
94590.684327,9879
94590.697766,9880
94590.710919,9881
94590.723875,9882
94590.737374,9883
94590.749626,9884
94590.763386,9885
94590.777744,9886
94590.789765,9887
94590.801844,9888
94590.815597,9889
94590.829832,9890
94590.842965,9891
94590.856024,9892
94590.868426,9893
94590.880348,9894
94590.893363,9895
94590.905809,9896
94590.919476,9897
94590.931600,9898
94590.944491,9899
94590.956563,9900
94590.969755,9901
94590.983321,9902
94590.997095,9903
94591.009661,9904
94591.023561,9905
94591.038388,9906
94591.050273,9907
94591.063956,9908
94591.078790,9909
94591.091874,9910
94591.104309,9911
94591.116125,9912
94591.128602,9913
94591.143526,9914
94591.156671,9915
94591.170482,9916
94591.183361,9917
94591.196353,9918
94591.209304,9919
94591.223916,9920
94591.236550,9921
94591.251238,9922
94591.264997,9923
94591.277916,9924
94591.291015,9925
94591.305168,9926
94591.318984,9927
94591.331725,9928
94591.343791,9929
94591.356895,9930
94591.370519,9931
94591.383679,9932
94591.396236,9933
94591.412702,9934
94591.427315,9935
94591.442151,9936
94591.454653,9937
94591.468275,9938
94591.482664,9939
94591.497173,9940
94591.510493,9941
94591.525888,9942
94591.540384,9943
94591.554084,9944
94591.567300,9945
94591.580782,9946
94591.595724,9947
94591.609403,9948
94591.625142,9949
94591.640979,9950
94591.654377,9951
94591.666882,9952
94591.681287,9953
94591.694638,9954
94591.708602,9955
94591.722997,9956
94591.737313,9957
94591.751388,9958
94591.765603,9959
94591.778530,9960
94591.793352,9961
94591.805837,9962
94591.822335,9963
94591.837750,9964
94591.851047,9965
94591.865532,9966
94591.880469,9967
94591.896966,9968
94591.911149,9969
94591.926226,9970
94591.940620,9971
94591.954379,9972
94591.968242,9973
94591.983504,9974
94591.997556,9975
94592.012388,9976
94592.027974,9977
94592.043407,9978
94592.059195,9979
94592.073270,9980
94592.089043,9981
94592.105388,9982
94592.120032,9983
94592.135083,9984
94592.151497,9985
94592.167316,9986
94592.181608,9987
94592.199730,9988
94592.216939,9989
94592.232938,9990
94592.248375,9991
94592.264447,9992
94592.280548,9993
94592.296259,9994
94592.312637,9995
94592.330690,9996
94592.346029,9997
94592.364618,9998
94592.380686,9999
94592.392537,10000
94592.399175,10001
94592.405275,10002
94592.410628,10003
94592.416552,10004
94592.422132,10005
94592.427929,10006
94592.434163,10007
94592.441083,10008
94592.447058,10009
94592.452434,10010
94592.458299,10011
94592.463599,10012
94592.471122,10013
94592.476811,10014
94592.483151,10015
94592.489260,10016
94592.496803,10017
94592.503098,10018
94592.508832,10019
94592.515049,10020
94592.521778,10021
94592.527993,10022
94592.533697,10023
94592.539488,10024
94592.545303,10025
94592.551423,10026
94592.556810,10027
94592.563433,10028
94592.569966,10029
94592.576232,10030
94592.581856,10031
94592.588031,10032
94592.594053,10033
94592.600087,10034
94592.605792,10035
94592.611477,10036
94592.618143,10037
94592.623967,10038
94592.629811,10039
94592.635901,10040
94592.643421,10041
94592.649264,10042
94592.654802,10043
94592.660158,10044
94592.666675,10045
94592.672044,10046
94592.677888,10047
94592.683528,10048
94592.689893,10049
94592.695314,10050
94592.701744,10051
94592.708583,10052
94592.714218,10053
94592.720125,10054
94592.726630,10055
94592.732221,10056
94592.737626,10057
94592.743736,10058
94592.749149,10059
94592.755403,10060
94592.761035,10061
94592.766704,10062
94592.771978,10063
94592.777946,10064
94592.783351,10065
94592.790201,10066
94592.797585,10067
94592.807041,10068
94592.814049,10069
94592.819863,10070
94592.825764,10071
94592.832361,10072
94592.838505,10073
94592.845764,10074
94592.852102,10075
94592.857681,10076
94592.863927,10077
94592.869774,10078
94592.876645,10079
94592.882225,10080
94592.889548,10081
94592.896062,10082
94592.901818,10083
94592.907171,10084
94592.913047,10085
94592.918202,10086
94592.924262,10087
94592.930891,10088
94592.937367,10089
94592.942413,10090
94592.948557,10091
94592.954578,10092
94592.961209,10093
94592.966272,10094
94592.971376,10095
94592.977169,10096
94592.983554,10097
94592.990075,10098
94592.995157,10099
94593.003607,10100
94593.008773,10101
94593.013981,10102
94593.019504,10103
94593.025061,10104
94593.030697,10105
94593.035767,10106
94593.042510,10107
94593.049408,10108
94593.055723,10109
94593.062397,10110
94593.068472,10111
94593.073655,10112
94593.079140,10113
94593.084596,10114
94593.090886,10115
94593.096945,10116
94593.102477,10117
94593.108317,10118
94593.114654,10119
94593.120497,10120
94593.126262,10121
94593.132094,10122
94593.139190,10123
94593.144461,10124
94593.150029,10125
94593.155678,10126
94593.161223,10127
94593.167270,10128
94593.172588,10129
94593.178734,10130
94593.184333,10131
94593.189589,10132
94593.195533,10133
94593.201753,10134
94593.209166,10135
94593.214535,10136
94593.219881,10137
94593.225338,10138
94593.231298,10139
94593.236652,10140
94593.241974,10141
94593.247260,10142
94593.252677,10143
94593.258516,10144
94593.264937,10145
94593.270784,10146
94593.276399,10147
94593.281612,10148
94593.286940,10149
94593.292148,10150
94593.298719,10151
94593.304580,10152
94593.310298,10153
94593.316435,10154
94593.321855,10155
94593.327813,10156
94593.334070,10157
94593.340673,10158
94593.347984,10159
94593.354684,10160
94593.360256,10161
94593.366961,10162
94593.373278,10163
94593.379764,10164
94593.386602,10165
94593.392321,10166
94593.399396,10167
94593.404686,10168
94593.410695,10169
94593.418247,10170
94593.423818,10171
94593.429690,10172
94593.436415,10173
94593.441691,10174
94593.448621,10175
94593.455303,10176
94593.461836,10177
94593.467026,10178
94593.473370,10179
94593.480637,10180
94593.487770,10181
94593.494287,10182
94593.500052,10183
94593.506737,10184
94593.517918,10185
94593.526039,10186
94593.532744,10187
94593.538603,10188
94593.544785,10189
94593.551594,10190
94593.559168,10191
94593.566959,10192
94593.574103,10193
94593.581715,10194
94593.589255,10195
94593.594904,10196
94593.602903,10197
94593.608849,10198
94593.616529,10199
94593.631704,10200
94593.640315,10201
94593.647422,10202
94593.655838,10203
94593.661317,10204
94593.667598,10205
94593.673751,10206
94593.679971,10207
94593.685129,10208
94593.692044,10209
94593.698644,10210
94593.704623,10211
94593.710318,10212
94593.715530,10213
94593.721173,10214
94593.728399,10215
94593.735198,10216
94593.742068,10217
94593.748044,10218
94593.754396,10219
94593.760570,10220
94593.768185,10221
94593.775171,10222
94593.781138,10223
94593.788733,10224
94593.795078,10225
94593.802622,10226
94593.810371,10227
94593.817954,10228
94593.824899,10229
94593.831692,10230
94593.838774,10231
94593.846201,10232
94593.851755,10233
94593.858875,10234
94593.866941,10235
94593.874782,10236
94593.880476,10237
94593.889371,10238
94593.897133,10239
94593.903742,10240
94593.910845,10241
94593.918936,10242
94593.925357,10243
94593.932329,10244
94593.939586,10245
94593.945384,10246
94593.954486,10247
94593.963843,10248
94593.970277,10249
94593.988897,10250
94594.001644,10251
94594.014190,10252
94594.020487,10253
94594.031584,10254
94594.043759,10255
94594.055477,10256
94594.067309,10257
94594.079478,10258
94594.090645,10259
94594.101546,10260
94594.114959,10261
94594.127682,10262
94594.137656,10263
94594.148989,10264
94594.160363,10265
94594.171045,10266
94594.182253,10267
94594.194407,10268
94594.205091,10269
94594.215181,10270
94594.220286,10271
94594.227204,10272
94594.232902,10273
94594.243990,10274
94594.249413,10275
94594.261523,10276
94594.269115,10277
94594.275305,10278
94594.286392,10279
94594.297265,10280
94594.307945,10281
94594.320221,10282
94594.325364,10283
94594.330716,10284
94594.342661,10285
94594.354885,10286
94594.366624,10287
94594.378721,10288
94594.390043,10289
94594.400925,10290
94594.407215,10291
94594.417564,10292
94594.429303,10293
94594.439859,10294
94594.449819,10295
94594.461015,10296
94594.472075,10297
94594.477255,10298
94594.488946,10299
94594.496764,10300
94594.507807,10301
94594.521105,10302
94594.526833,10303
94594.539687,10304
94594.553624,10305
94594.565926,10306
94594.577600,10307
94594.590665,10308
94594.604521,10309
94594.620587,10310
94594.634242,10311
94594.640196,10312
94594.652203,10313
94594.664859,10314
94594.676538,10315
94594.687847,10316
94594.698513,10317
94594.711649,10318
94594.719679,10319
94594.730826,10320
94594.742383,10321
94594.753644,10322
94594.759197,10323
94594.767477,10324
94594.781625,10325
94594.792974,10326
94594.803979,10327
94594.816085,10328
94594.830089,10329
94594.842255,10330
94594.854423,10331
94594.865470,10332
94594.871897,10333
94594.885536,10334
94594.896255,10335
94594.901399,10336
94594.913949,10337
94594.924787,10338
94594.939178,10339
94594.948212,10340
94594.953322,10341
94594.958859,10342
94594.969594,10343
94594.982395,10344
94594.994529,10345
94595.008637,10346
94595.019560,10347
94595.025100,10348
94595.036445,10349
94595.045690,10350
94595.058931,10351
94595.071589,10352
94595.082832,10353
94595.095707,10354
94595.107299,10355
94595.117522,10356
94595.127460,10357
94595.138040,10358
94595.148656,10359
94595.160139,10360
94595.170313,10361
94595.180373,10362
94595.191277,10363
94595.200892,10364
94595.211027,10365
94595.222740,10366
94595.233173,10367
94595.243337,10368
94595.254255,10369
94595.266736,10370
94595.278473,10371
94595.290268,10372
94595.301332,10373
94595.311512,10374
94595.322641,10375
94595.332355,10376
94595.344450,10377
94595.356176,10378
94595.368180,10379
94595.378824,10380
94595.388921,10381
94595.402231,10382
94595.413753,10383
94595.424430,10384
94595.436331,10385
94595.445911,10386
94595.458251,10387
94595.469552,10388
94595.480362,10389
94595.491715,10390
94595.504200,10391
94595.516332,10392
94595.526819,10393
94595.536910,10394
94595.549091,10395
94595.560858,10396
94595.570760,10397
94595.583702,10398
94595.593893,10399
94595.603555,10400
94595.613290,10401
94595.622842,10402
94595.632096,10403
94595.641561,10404
94595.650885,10405
94595.660422,10406
94595.671437,10407
94595.681803,10408
94595.690935,10409
94595.703242,10410
94595.713706,10411
94595.729385,10412
94595.740777,10413
94595.753309,10414
94595.763881,10415
94595.779137,10416
94595.789815,10417
94595.800968,10418
94595.810651,10419
94595.820128,10420
94595.829444,10421
94595.841411,10422
94595.852820,10423
94595.864300,10424
94595.873901,10425
94595.884497,10426
94595.895281,10427
94595.905428,10428
94595.915118,10429
94595.925741,10430
94595.936000,10431
94595.945825,10432
94595.956387,10433
94595.969784,10434
94595.980194,10435
94595.993438,10436
94596.004216,10437
94596.014661,10438
94596.024761,10439
94596.036019,10440
94596.047444,10441
94596.058218,10442
94596.068231,10443
94596.077757,10444
94596.089800,10445
94596.099573,10446
94596.111715,10447
94596.122829,10448
94596.134250,10449
94596.146885,10450
94596.159522,10451
94596.171614,10452
94596.181602,10453
94596.191294,10454
94596.202189,10455
94596.216492,10456
94596.226465,10457
94596.236741,10458
94596.251437,10459
94596.263757,10460
94596.275548,10461
94596.286220,10462
94596.297740,10463
94596.309721,10464
94596.321831,10465
94596.333713,10466
94596.345759,10467
94596.356874,10468
94596.368599,10469
94596.380915,10470
94596.391709,10471
94596.403928,10472
94596.416008,10473
94596.429218,10474
94596.441659,10475
94596.453592,10476
94596.467209,10477
94596.478768,10478
94596.492484,10479
94596.505258,10480
94596.515788,10481
94596.527946,10482
94596.542777,10483
94596.555452,10484
94596.571410,10485
94596.586338,10486
94596.599202,10487
94596.610059,10488
94596.625252,10489
94596.641475,10490
94596.652278,10491
94596.665418,10492
94596.678661,10493
94596.690937,10494
94596.706156,10495
94596.720340,10496
94596.733442,10497
94596.745466,10498
94596.758260,10499
94596.769409,10500
94596.774968,10501
94596.780442,10502
94596.785959,10503
94596.792133,10504
94596.800344,10505
94596.806125,10506
94596.811513,10507
94596.819427,10508
94596.827262,10509
94596.833882,10510
94596.843259,10511
94596.850832,10512
94596.856559,10513
94596.864961,10514
94596.874167,10515
94596.881817,10516
94596.888248,10517
94596.897618,10518
94596.905424,10519
94596.912170,10520
94596.920096,10521
94596.928420,10522
94596.934092,10523
94596.940025,10524
94596.945476,10525
94596.952272,10526
94596.959969,10527
94596.966470,10528
94596.972623,10529
94596.978776,10530
94596.985674,10531
94596.995274,10532
94597.001160,10533
94597.010728,10534
94597.017456,10535
94597.023805,10536
94597.031591,10537
94597.039369,10538
94597.048531,10539
94597.054761,10540
94597.063240,10541
94597.071913,10542
94597.079291,10543
94597.085330,10544
94597.094857,10545
94597.103021,10546
94597.111302,10547
94597.120446,10548
94597.126519,10549
94597.132533,10550
94597.138334,10551
94597.144229,10552
94597.153829,10553
94597.159905,10554
94597.165823,10555
94597.171638,10556
94597.179665,10557
94597.186230,10558
94597.195288,10559
94597.201479,10560
94597.210925,10561
94597.218322,10562
94597.226685,10563
94597.235221,10564
94597.241369,10565
94597.250093,10566
94597.259087,10567
94597.269154,10568
94597.277338,10569
94597.287731,10570
94597.297670,10571
94597.306330,10572
94597.315521,10573
94597.325353,10574
94597.332943,10575
94597.343565,10576
94597.352577,10577
94597.363500,10578
94597.373865,10579
94597.381312,10580
94597.390633,10581
94597.398963,10582
94597.410522,10583
94597.422037,10584
94597.433381,10585
94597.442810,10586
94597.450197,10587
94597.457208,10588
94597.465487,10589
94597.475868,10590
94597.486875,10591
94597.497092,10592
94597.506214,10593
94597.514097,10594
94597.524173,10595
94597.535586,10596
94597.544733,10597
94597.554733,10598
94597.565874,10599
94597.578668,10600
94597.584174,10601
94597.590084,10602
94597.599386,10603
94597.608258,10604
94597.616087,10605
94597.622463,10606
94597.630919,10607
94597.637927,10608
94597.645712,10609
94597.655316,10610
94597.666422,10611
94597.675778,10612
94597.685202,10613
94597.695025,10614
94597.705319,10615
94597.714514,10616
94597.723555,10617
94597.730391,10618
94597.736810,10619
94597.744600,10620
94597.755257,10621
94597.762704,10622
94597.772875,10623
94597.783232,10624
94597.790292,10625
94597.797045,10626
94597.805808,10627
94597.815307,10628
94597.823301,10629
94597.832340,10630
94597.841274,10631
94597.850989,10632
94597.859700,10633
94597.867926,10634
94597.877158,10635
94597.885983,10636
94597.893094,10637
94597.903148,10638
94597.912746,10639
94597.922995,10640
94597.932974,10641
94597.941353,10642
94597.951769,10643
94597.961937,10644
94597.972608,10645
94597.982472,10646
94597.993638,10647
94598.003847,10648
94598.013847,10649
94598.023432,10650
94598.033259,10651
94598.040043,10652
94598.050906,10653
94598.059586,10654
94598.070554,10655
94598.077862,10656
94598.089517,10657
94598.102214,10658
94598.110232,10659
94598.120279,10660
94598.131702,10661
94598.142697,10662
94598.153915,10663
94598.164639,10664
94598.175725,10665
94598.186758,10666
94598.195348,10667
94598.205570,10668
94598.215759,10669
94598.224625,10670
94598.235062,10671
94598.245464,10672
94598.256378,10673
94598.264457,10674
94598.275016,10675
94598.285662,10676
94598.297463,10677
94598.308459,10678
94598.319551,10679
94598.330350,10680
94598.340888,10681
94598.351106,10682
94598.360790,10683
94598.371303,10684
94598.382297,10685
94598.392879,10686
94598.404041,10687
94598.416447,10688
94598.428884,10689
94598.437476,10690
94598.448999,10691
94598.460745,10692
94598.469702,10693
94598.480948,10694
94598.491240,10695
94598.503267,10696
94598.514544,10697
94598.527261,10698
94598.538266,10699
94598.555471,10700
94598.563841,10701
94598.572757,10702
94598.581825,10703
94598.592262,10704
94598.600034,10705
94598.609279,10706
94598.619364,10707
94598.628841,10708
94598.636731,10709
94598.648251,10710
94598.657811,10711
94598.669749,10712
94598.680331,10713
94598.693230,10714
94598.700908,10715
94598.712834,10716
94598.721230,10717
94598.732083,10718
94598.739248,10719
94598.749818,10720
94598.762890,10721
94598.770675,10722
94598.781892,10723
94598.792978,10724
94598.802686,10725
94598.814030,10726
94598.825579,10727
94598.837594,10728
94598.848768,10729
94598.860895,10730
94598.872984,10731
94598.886392,10732
94598.898808,10733
94598.910329,10734
94598.921577,10735
94598.932641,10736
94598.944739,10737
94598.956645,10738
94598.968946,10739
94598.981538,10740
94598.993715,10741
94599.006059,10742
94599.017869,10743
94599.030128,10744
94599.038656,10745
94599.051619,10746
94599.061493,10747
94599.073838,10748
94599.085433,10749
94599.103300,10750
94599.113926,10751
94599.125221,10752
94599.138254,10753
94599.150335,10754
94599.162125,10755
94599.175795,10756
94599.187767,10757
94599.199217,10758
94599.210116,10759
94599.221369,10760
94599.232941,10761
94599.244231,10762
94599.255651,10763
94599.267894,10764
94599.280240,10765
94599.292419,10766
94599.305045,10767
94599.316718,10768
94599.331387,10769
94599.342317,10770
94599.353405,10771
94599.365748,10772
94599.377869,10773
94599.389708,10774
94599.400936,10775
94599.412007,10776
94599.424310,10777
94599.436363,10778
94599.448445,10779
94599.460246,10780
94599.471759,10781
94599.485157,10782
94599.496942,10783
94599.509123,10784
94599.523238,10785
94599.536672,10786
94599.548811,10787
94599.561229,10788
94599.573959,10789
94599.587741,10790
94599.603945,10791
94599.617168,10792
94599.629596,10793
94599.641828,10794
94599.654463,10795
94599.668755,10796
94599.680904,10797
94599.693721,10798
94599.706366,10799
94599.718133,10800
94599.731759,10801
94599.742427,10802
94599.755942,10803
94599.768230,10804
94599.780822,10805
94599.792869,10806
94599.805621,10807
94599.817831,10808
94599.831134,10809
94599.843748,10810
94599.856737,10811
94599.869529,10812
94599.882897,10813
94599.895082,10814
94599.908017,10815
94599.920027,10816
94599.933734,10817
94599.945072,10818
94599.959652,10819
94599.970993,10820
94599.984995,10821
94599.998918,10822
94600.012207,10823
94600.026729,10824
94600.039968,10825
94600.053051,10826
94600.065225,10827
94600.078400,10828
94600.093851,10829
94600.108590,10830
94600.121636,10831
94600.133946,10832
94600.146315,10833
94600.159226,10834
94600.172242,10835
94600.185311,10836
94600.197241,10837
94600.208995,10838
94600.221358,10839
94600.232067,10840
94600.245609,10841
94600.258376,10842
94600.271377,10843
94600.284070,10844
94600.298291,10845
94600.311648,10846
94600.325538,10847
94600.337140,10848
94600.352112,10849
94600.368894,10850
94600.381861,10851
94600.395572,10852
94600.408772,10853
94600.421417,10854
94600.432820,10855
94600.446919,10856
94600.459669,10857
94600.472020,10858
94600.486752,10859
94600.499715,10860
94600.513827,10861
94600.527250,10862
94600.539709,10863
94600.554226,10864
94600.566542,10865
94600.579986,10866
94600.595621,10867
94600.607995,10868
94600.621461,10869
94600.636325,10870
94600.648990,10871
94600.663424,10872
94600.676399,10873
94600.692506,10874
94600.704092,10875
94600.715933,10876
94600.729856,10877
94600.744799,10878
94600.757859,10879
94600.772703,10880
94600.785474,10881
94600.799695,10882
94600.813763,10883
94600.827140,10884
94600.845188,10885
94600.859176,10886
94600.872342,10887
94600.889687,10888
94600.902387,10889
94600.916045,10890
94600.930881,10891
94600.948728,10892
94600.962349,10893
94600.976503,10894
94600.990760,10895
94601.008109,10896
94601.021573,10897
94601.036076,10898
94601.050182,10899
94601.062070,10900
94601.076351,10901
94601.090388,10902
94601.103832,10903
94601.117231,10904
94601.130314,10905
94601.145754,10906
94601.158535,10907
94601.172609,10908
94601.186570,10909
94601.201870,10910
94601.216016,10911
94601.229944,10912
94601.244163,10913
94601.256933,10914
94601.270485,10915
94601.287440,10916
94601.301988,10917
94601.316872,10918
94601.330755,10919
94601.349834,10920
94601.362253,10921
94601.375013,10922
94601.389616,10923
94601.404398,10924
94601.418481,10925
94601.433526,10926
94601.448503,10927
94601.460999,10928
94601.476410,10929
94601.492170,10930
94601.506230,10931
94601.519933,10932
94601.534064,10933
94601.548941,10934
94601.561349,10935
94601.575327,10936
94601.589854,10937
94601.604849,10938
94601.618841,10939
94601.632848,10940
94601.648401,10941
94601.661681,10942
94601.675836,10943
94601.690488,10944
94601.705182,10945
94601.719711,10946
94601.735376,10947
94601.749691,10948
94601.763825,10949
94601.779493,10950
94601.793105,10951
94601.806785,10952
94601.818923,10953
94601.834218,10954
94601.847881,10955
94601.861622,10956
94601.874757,10957
94601.888498,10958
94601.902154,10959
94601.916539,10960
94601.929827,10961
94601.944200,10962
94601.957142,10963
94601.969614,10964
94601.982324,10965
94601.995547,10966
94602.009612,10967
94602.022397,10968
94602.035033,10969
94602.050335,10970
94602.064296,10971
94602.078305,10972
94602.092134,10973
94602.107244,10974
94602.122215,10975
94602.138537,10976
94602.151905,10977
94602.166073,10978
94602.180050,10979
94602.194932,10980
94602.210065,10981
94602.224638,10982
94602.237821,10983
94602.251739,10984
94602.265751,10985
94602.279748,10986
94602.292885,10987
94602.306274,10988
94602.319912,10989
94602.335240,10990
94602.349681,10991
94602.364059,10992
94602.377314,10993
94602.390332,10994
94602.404236,10995
94602.419339,10996
94602.432635,10997
94602.447414,10998
94602.460446,10999
94602.470011,11250
94602.475632,11251
94602.480719,11252
94602.485675,11253
94602.491043,11254
94602.496160,11255
94602.501389,11256
94602.506505,11257
94602.511673,11258
94602.516818,11259
94602.522209,11260
94602.527276,11261
94602.532515,11262
94602.537968,11263
94602.543077,11264
94602.548338,11265
94602.553643,11266
94602.558762,11267
94602.563927,11268
94602.569181,11269
94602.574391,11270
94602.579503,11271
94602.584721,11272
94602.589806,11273
94602.595584,11274
94602.601489,11275
94602.607101,11276
94602.612268,11277
94602.617669,11278
94602.623054,11279
94602.628151,11280
94602.633528,11281
94602.638661,11282
94602.643909,11283
94602.649212,11284
94602.654269,11285
94602.659420,11286
94602.664842,11287
94602.669943,11288
94602.675471,11289
94602.680678,11290
94602.685750,11291
94602.690852,11292
94602.695890,11293
94602.701238,11294
94602.706699,11295
94602.712451,11296
94602.717590,11297
94602.722743,11298
94602.728041,11299
94602.736039,11300
94602.741450,11301
94602.747692,11302
94602.752810,11303
94602.758233,11304
94602.763287,11305
94602.768684,11306
94602.773783,11307
94602.778822,11308
94602.784042,11309
94602.789509,11310
94602.794613,11311
94602.800161,11312
94602.805355,11313
94602.810645,11314
94602.816763,11315
94602.821870,11316
94602.827249,11317
94602.832985,11318
94602.838541,11319
94602.843700,11320
94602.848764,11321
94602.853852,11322
94602.859297,11323
94602.864351,11324
94602.869566,11325
94602.874869,11326
94602.880496,11327
94602.886509,11328
94602.891470,11329
94602.896597,11330
94602.902032,11331
94602.907805,11332
94602.912971,11333
94602.918229,11334
94602.923259,11335
94602.928394,11336
94602.933585,11337
94602.938573,11338
94602.943746,11339
94602.949280,11340
94602.954853,11341
94602.959956,11342
94602.965146,11343
94602.970225,11344
94602.975149,11345
94602.980339,11346
94602.985413,11347
94602.990989,11348
94602.996149,11349
94603.001550,11350
94603.006566,11351
94603.011705,11352
94603.016850,11353
94603.022372,11354
94603.027430,11355
94603.032786,11356
94603.038011,11357
94603.043223,11358
94603.048315,11359
94603.053473,11360
94603.058626,11361
94603.064187,11362
94603.069707,11363
94603.075093,11364
94603.080892,11365
94603.085917,11366
94603.091335,11367
94603.096505,11368
94603.102390,11369
94603.107545,11370
94603.112849,11371
94603.117899,11372
94603.122979,11373
94603.128009,11374
94603.132879,11375
94603.137895,11376
94603.143688,11377
94603.148740,11378
94603.153834,11379
94603.159114,11380
94603.164329,11381
94603.169298,11382
94603.174398,11383
94603.179416,11384
94603.185015,11385
94603.190136,11386
94603.195276,11387
94603.200835,11388
94603.206497,11389
94603.211602,11390
94603.216729,11391
94603.221725,11392
94603.227493,11393
94603.233598,11394
94603.238510,11395
94603.243546,11396
94603.248733,11397
94603.254393,11398
94603.259403,11399
94603.267485,11400
94603.272713,11401
94603.277733,11402
94603.282924,11403
94603.287887,11404
94603.292818,11405
94603.298076,11406
94603.303475,11407
94603.308616,11408
94603.313584,11409
94603.318916,11410
94603.324589,11411
94603.329712,11412
94603.334867,11413
94603.339934,11414
94603.345133,11415
94603.350115,11416
94603.355133,11417
94603.360544,11418
94603.366152,11419
94603.371398,11420
94603.376612,11421
94603.381657,11422
94603.386835,11423
94603.391999,11424
94603.397055,11425
94603.402046,11426
94603.407637,11427
94603.412697,11428
94603.417674,11429
94603.423137,11430
94603.428740,11431
94603.433888,11432
94603.438939,11433
94603.443952,11434
94603.449183,11435
94603.454185,11436
94603.459194,11437
94603.464353,11438
94603.470065,11439
94603.475219,11440
94603.480741,11441
94603.486343,11442
94603.491809,11443
94603.497704,11444
94603.503339,11445
94603.508692,11446
94603.513725,11447
94603.518804,11448
94603.523735,11449
94603.528868,11450
94603.533921,11451
94603.539473,11452
94603.544631,11453
94603.549650,11454
94603.555311,11455
94603.560417,11456
94603.565397,11457
94603.570625,11458
94603.575966,11459
94603.581262,11460
94603.586565,11461
94603.592110,11462
94603.597908,11463
94603.603556,11464
94603.609156,11465
94603.614193,11466
94603.619376,11467
94603.624447,11468
94603.629797,11469
94603.634846,11470
94603.640114,11471
94603.645167,11472
94603.650604,11473
94603.655827,11474
94603.660919,11475
94603.665930,11476
94603.671446,11477
94603.676453,11478
94603.681509,11479
94603.686912,11480
94603.692230,11481
94603.697219,11482
94603.702290,11483
94603.708076,11484
94603.713188,11485
94603.718181,11486
94603.723188,11487
94603.728533,11488
94603.733888,11489
94603.738851,11490
94603.744182,11491
94603.750860,11492
94603.757232,11493
94603.764580,11494
94603.771142,11495
94603.777337,11496
94603.782763,11497
94603.787868,11498
94603.792788,11499
94603.803956,11500
94603.810217,11501
94603.817814,11502
94603.826156,11503
94603.831438,11504
94603.838961,11505
94603.848755,11506
94603.858911,11507
94603.864321,11508
94603.873969,11509
94603.884707,11510
94603.891211,11511
94603.898619,11512
94603.905738,11513
94603.912018,11514
94603.918212,11515
94603.926377,11516
94603.932135,11517
94603.942530,11518
94603.951092,11519
94603.956230,11520
94603.961902,11521
94603.967052,11522
94603.976780,11523
94603.982106,11524
94603.991438,11525
94603.999027,11526
94604.004961,11527
94604.011965,11528
94604.019356,11529
94604.024730,11530
94604.033963,11531
94604.042087,11532
94604.048341,11533
94604.053876,11534
94604.061802,11535
94604.068368,11536
94604.077010,11537
94604.082800,11538
94604.089934,11539
94604.097011,11540
94604.104015,11541
94604.110833,11542
94604.119259,11543
94604.127524,11544
94604.136422,11545
94604.143776,11546
94604.149405,11547
94604.156352,11548
94604.164127,11549
94604.174458,11550
94604.185007,11551
94604.195638,11552
94604.206772,11553
94604.217239,11554
94604.225617,11555
94604.234827,11556
94604.241770,11557
94604.250540,11558
94604.259549,11559
94604.265665,11560
94604.273868,11561
94604.283740,11562
94604.294513,11563
94604.300822,11564
94604.307545,11565
94604.317187,11566
94604.324246,11567
94604.331206,11568
94604.339159,11569
94604.348223,11570
94604.359496,11571
94604.365679,11572
94604.375358,11573
94604.385405,11574
94604.390681,11575
94604.397182,11576
94604.408166,11577
94604.415300,11578
94604.422153,11579
94604.428741,11580
94604.437451,11581
94604.443668,11582
94604.451474,11583
94604.458345,11584
94604.466964,11585
94604.474787,11586
94604.481397,11587
94604.491974,11588
94604.500021,11589
94604.507890,11590
94604.515845,11591
94604.525869,11592
94604.533428,11593
94604.540391,11594
94604.548703,11595
94604.560290,11596
94604.571303,11597
94604.578374,11598
94604.589377,11599
94604.600874,11600
94604.611364,11601
94604.618836,11602
94604.625080,11603
94604.632926,11604
94604.641494,11605
94604.647648,11606
94604.658716,11607
94604.668311,11608
94604.675998,11609
94604.686675,11610
94604.695576,11611
94604.706623,11612
94604.714152,11613
94604.721135,11614
94604.728534,11615
94604.738874,11616
94604.746633,11617
94604.756713,11618
94604.764747,11619
94604.775311,11620
94604.782566,11621
94604.792337,11622
94604.801447,11623
94604.807941,11624
94604.813359,11625
94604.821142,11626
94604.828134,11627
94604.838526,11628
94604.845765,11629
94604.854189,11630
94604.861397,11631
94604.870203,11632
94604.877323,11633
94604.884017,11634
94604.894736,11635
94604.905412,11636
94604.912911,11637
94604.921241,11638
94604.928990,11639
94604.939032,11640
94604.949686,11641
94604.958379,11642
94604.967303,11643
94604.974927,11644
94604.985813,11645
94604.993148,11646
94605.002832,11647
94605.011676,11648
94605.020667,11649
94605.029956,11650
94605.036571,11651
94605.044579,11652
94605.051473,11653
94605.058762,11654
94605.066856,11655
94605.076476,11656
94605.084255,11657
94605.091804,11658
94605.100891,11659
94605.111414,11660
94605.122233,11661
94605.128263,11662
94605.138841,11663
94605.145987,11664
94605.152967,11665
94605.160906,11666
94605.173561,11667
94605.183746,11668
94605.191751,11669
94605.200220,11670
94605.211483,11671
94605.218070,11672
94605.228037,11673
94605.234439,11674
94605.244193,11675
94605.252771,11676
94605.259914,11677
94605.266902,11678
94605.278903,11679
94605.287767,11680
94605.296674,11681
94605.303796,11682
94605.311373,11683
94605.321327,11684
94605.329240,11685
94605.340808,11686
94605.348527,11687
94605.357742,11688
94605.366501,11689
94605.373517,11690
94605.384243,11691
94605.390548,11692
94605.398809,11693
94605.407823,11694
94605.416186,11695
94605.424283,11696
94605.432974,11697
94605.440571,11698
94605.451530,11699
94605.458442,11700
94605.468658,11701
94605.475187,11702
94605.485642,11703
94605.492806,11704
94605.503561,11705
94605.513790,11706
94605.521243,11707
94605.533184,11708
94605.544328,11709
94605.554861,11710
94605.565212,11711
94605.573886,11712
94605.585074,11713
94605.593855,11714
94605.605786,11715
94605.617096,11716
94605.626699,11717
94605.636743,11718
94605.647700,11719
94605.657989,11720
94605.668348,11721
94605.680660,11722
94605.691339,11723
94605.701293,11724
94605.711955,11725
94605.722642,11726
94605.731626,11727
94605.738253,11728
94605.746675,11729
94605.755710,11730
94605.764289,11731
94605.774567,11732
94605.783674,11733
94605.797523,11734
94605.807689,11735
94605.817643,11736
94605.826012,11737
94605.835823,11738
94605.849760,11739
94605.859338,11740
94605.868414,11741
94605.878715,11742
94605.890024,11743
94605.900591,11744
94605.913448,11745
94605.923907,11746
94605.934949,11747
94605.942574,11748
94605.951665,11749
94605.961062,11750
94605.970134,11751
94605.976000,11752
94605.982110,11753
94605.989132,11754
94605.994913,11755
94606.006615,11756
94606.014232,11757
94606.027381,11758
94606.038041,11759
94606.046835,11760
94606.052431,11761
94606.058478,11762
94606.064352,11763
94606.069971,11764
94606.079726,11765
94606.085998,11766
94606.093914,11767
94606.104763,11768
94606.110896,11769
94606.120305,11770
94606.126813,11771
94606.136404,11772
94606.142389,11773
94606.155399,11774
94606.166345,11775
94606.175730,11776
94606.183452,11777
94606.194586,11778
94606.202494,11779
94606.214615,11780
94606.223972,11781
94606.229897,11782
94606.239336,11783
94606.250008,11784
94606.259330,11785
94606.265416,11786
94606.272257,11787
94606.284535,11788
94606.295473,11789
94606.301575,11790
94606.307637,11791
94606.320831,11792
94606.327656,11793
94606.333607,11794
94606.339927,11795
94606.345745,11796
94606.351817,11797
94606.358889,11798
94606.372716,11799
94606.382985,11800
94606.389091,11801
94606.396241,11802
94606.402387,11803
94606.411571,11804
94606.419724,11805
94606.425282,11806
94606.430837,11807
94606.437251,11808
94606.447669,11809
94606.453607,11810
94606.463213,11811
94606.468739,11812
94606.474231,11813
94606.485628,11814
94606.492667,11815
94606.498969,11816
94606.506081,11817
94606.513457,11818
94606.520426,11819
94606.529255,11820
94606.539783,11821
94606.545223,11822
94606.550822,11823
94606.557769,11824
94606.567415,11825
94606.575423,11826
94606.581461,11827
94606.591241,11828
94606.599554,11829
94606.608088,11830
94606.613750,11831
94606.619605,11832
94606.625569,11833
94606.634216,11834
94606.639701,11835
94606.651300,11836
94606.662516,11837
94606.670461,11838
94606.676331,11839
94606.686517,11840
94606.692728,11841
94606.704769,11842
94606.710947,11843
94606.717748,11844
94606.725197,11845
94606.736634,11846
94606.742682,11847
94606.748334,11848
94606.756474,11849
94606.762706,11850
94606.769402,11851
94606.775583,11852
94606.781092,11853
94606.789621,11854
94606.797258,11855
94606.803547,11856
94606.815658,11857
94606.822865,11858
94606.828558,11859
94606.834201,11860
94606.840598,11861
94606.846938,11862
94606.852697,11863
94606.858957,11864
94606.864629,11865
94606.870947,11866
94606.877291,11867
94606.883314,11868
94606.893450,11869
94606.902407,11870
94606.909245,11871
94606.918274,11872
94606.923964,11873
94606.937368,11874
94606.944142,11875
94606.952731,11876
94606.958740,11877
94606.964264,11878
94606.972956,11879
94606.981476,11880
94606.990522,11881
94607.002412,11882
94607.009039,11883
94607.017041,11884
94607.028650,11885
94607.037670,11886
94607.043639,11887
94607.052412,11888
94607.057900,11889
94607.063596,11890
94607.074569,11891
94607.084856,11892
94607.091078,11893
94607.098626,11894
94607.104524,11895
94607.110613,11896
94607.120210,11897
94607.127375,11898
94607.138206,11899
94607.146754,11900
94607.152504,11901
94607.157759,11902
94607.162681,11903
94607.173291,11904
94607.183271,11905
94607.194288,11906
94607.199815,11907
94607.208341,11908
94607.215070,11909
94607.220673,11910
94607.225567,11911
94607.235942,11912
94607.245620,11913
94607.257398,11914
94607.269438,11915
94607.274712,11916
94607.282646,11917
94607.287729,11918
94607.292989,11919
94607.298223,11920
94607.308816,11921
94607.314712,11922
94607.319807,11923
94607.327265,11924
94607.332887,11925
94607.341703,11926
94607.347425,11927
94607.353068,11928
94607.360989,11929
94607.371908,11930
94607.377304,11931
94607.384653,11932
94607.396382,11933
94607.402651,11934
94607.411019,11935
94607.418511,11936
94607.429631,11937
94607.439206,11938
94607.445898,11939
94607.451214,11940
94607.456865,11941
94607.464646,11942
94607.474962,11943
94607.486721,11944
94607.492638,11945
94607.498072,11946
94607.508390,11947
94607.518842,11948
94607.529663,11949
94607.540189,11950
94607.548781,11951
94607.555568,11952
94607.561070,11953
94607.566334,11954
94607.576757,11955
94607.582300,11956
94607.587315,11957
94607.592855,11958
94607.601144,11959
94607.606462,11960
94607.619113,11961
94607.625198,11962
94607.630950,11963
94607.640567,11964
94607.653746,11965
94607.660497,11966
94607.670029,11967
94607.678799,11968
94607.684070,11969
94607.689051,11970
94607.699548,11971
94607.711983,11972
94607.719481,11973
94607.727812,11974
94607.732967,11975
94607.743416,11976
94607.749756,11977
94607.758124,11978
94607.763879,11979
94607.769654,11980
94607.777521,11981
94607.785739,11982
94607.795582,11983
94607.809510,11984
94607.816455,11985
94607.826622,11986
94607.833711,11987
94607.842458,11988
94607.850882,11989
94607.860848,11990
94607.866531,11991
94607.871780,11992
94607.881752,11993
94607.891202,11994
94607.900894,11995
94607.909475,11996
94607.916283,11997
94607.921635,11998
94607.929460,11999
94607.942485,12000
94607.952655,12001
94607.961982,12002
94607.972951,12003
94607.984378,12004
94607.996266,12005
94608.007223,12006
94608.016529,12007
94608.026898,12008
94608.037252,12009
94608.048608,12010
94608.061295,12011
94608.073629,12012
94608.083594,12013
94608.093243,12014
94608.103182,12015
94608.113300,12016
94608.125095,12017
94608.135173,12018
94608.146957,12019
94608.156249,12020
94608.166714,12021
94608.176740,12022
94608.187677,12023
94608.197767,12024
94608.209837,12025
94608.220698,12026
94608.231706,12027
94608.242853,12028
94608.254818,12029
94608.265386,12030
94608.277473,12031
94608.288086,12032
94608.299592,12033
94608.312045,12034
94608.323971,12035
94608.334488,12036
94608.347093,12037
94608.357732,12038
94608.368848,12039
94608.379088,12040
94608.391162,12041
94608.402557,12042
94608.414612,12043
94608.425859,12044
94608.437779,12045
94608.447939,12046
94608.459440,12047
94608.470899,12048
94608.482473,12049
94608.495757,12050
94608.505695,12051
94608.515087,12052
94608.524607,12053
94608.535408,12054
94608.544621,12055
94608.554190,12056
94608.564191,12057
94608.575147,12058
94608.585710,12059
94608.596759,12060
94608.607017,12061
94608.617725,12062
94608.628483,12063
94608.638774,12064
94608.649713,12065
94608.661918,12066
94608.670698,12067
94608.680689,12068
94608.693182,12069
94608.704840,12070
94608.715504,12071
94608.725880,12072
94608.735897,12073
94608.746518,12074
94608.756602,12075
94608.767123,12076
94608.779594,12077
94608.791257,12078
94608.800568,12079
94608.811261,12080
94608.822450,12081
94608.834477,12082
94608.844470,12083
94608.855603,12084
94608.865388,12085
94608.875182,12086
94608.885779,12087
94608.896494,12088
94608.906260,12089
94608.916751,12090
94608.928825,12091
94608.938893,12092
94608.951362,12093
94608.963598,12094
94608.974785,12095
94608.985951,12096
94608.996910,12097
94609.007810,12098
94609.016902,12099
94609.029000,12100
94609.038397,12101
94609.049202,12102
94609.059452,12103
94609.071461,12104
94609.081722,12105
94609.093479,12106
94609.103260,12107
94609.114376,12108
94609.124342,12109
94609.134733,12110
94609.145596,12111
94609.156361,12112
94609.166447,12113
94609.176600,12114
94609.187818,12115
94609.200492,12116
94609.210540,12117
94609.223197,12118
94609.233452,12119
94609.244621,12120
94609.255161,12121
94609.265601,12122
94609.278206,12123
94609.290034,12124
94609.299665,12125
94609.309968,12126
94609.321495,12127
94609.331577,12128
94609.341818,12129
94609.355344,12130
94609.366267,12131
94609.381618,12132
94609.393551,12133
94609.405964,12134
94609.418029,12135
94609.429697,12136
94609.442524,12137
94609.459006,12138
94609.471519,12139
94609.484658,12140
94609.496313,12141
94609.510751,12142
94609.521754,12143
94609.532817,12144
94609.544788,12145
94609.555889,12146
94609.566825,12147
94609.578857,12148
94609.590365,12149
94609.603914,12150
94609.613551,12151
94609.623426,12152
94609.636794,12153
94609.646469,12154
94609.655775,12155
94609.666559,12156
94609.676460,12157
94609.684676,12158
94609.694881,12159
94609.706749,12160
94609.719142,12161
94609.731552,12162
94609.740887,12163
94609.750625,12164
94609.761244,12165
94609.770958,12166
94609.781409,12167
94609.793746,12168
94609.803656,12169
94609.813337,12170
94609.822937,12171
94609.833294,12172
94609.843273,12173
94609.852950,12174
94609.866681,12175
94609.878721,12176
94609.889722,12177
94609.903271,12178
94609.917034,12179
94609.927227,12180
94609.937806,12181
94609.949575,12182
94609.961567,12183
94609.973008,12184
94609.982838,12185
94609.994129,12186
94610.005405,12187
94610.017080,12188
94610.028920,12189
94610.040434,12190
94610.050489,12191
94610.063058,12192
94610.072831,12193
94610.084073,12194
94610.096510,12195
94610.110752,12196
94610.123684,12197
94610.135221,12198
94610.147248,12199
94610.158578,12200
94610.169392,12201
94610.181827,12202
94610.193490,12203
94610.207904,12204
94610.220149,12205
94610.232942,12206
94610.244333,12207
94610.254236,12208
94610.265876,12209
94610.277601,12210
94610.290786,12211
94610.301456,12212
94610.314286,12213
94610.326822,12214
94610.340578,12215
94610.354522,12216
94610.366826,12217
94610.378538,12218
94610.391905,12219
94610.403417,12220
94610.415493,12221
94610.426774,12222
94610.437857,12223
94610.450276,12224
94610.463980,12225
94610.475678,12226
94610.486879,12227
94610.499736,12228
94610.511112,12229
94610.525893,12230
94610.539124,12231
94610.550634,12232
94610.562097,12233
94610.574966,12234
94610.587581,12235
94610.599656,12236
94610.611620,12237
94610.623677,12238
94610.634486,12239
94610.648914,12240
94610.661575,12241
94610.674131,12242
94610.685117,12243
94610.696721,12244
94610.709739,12245
94610.720913,12246
94610.732772,12247
94610.744925,12248
94610.758893,12249
94610.768724,12250
94610.775756,12251
94610.781120,12252
94610.786567,12253
94610.792760,12254
94610.798044,12255
94610.803718,12256
94610.809324,12257
94610.816269,12258
94610.822598,12259
94610.829330,12260
94610.835932,12261
94610.842571,12262
94610.849314,12263
94610.855065,12264
94610.860626,12265
94610.866724,12266
94610.873806,12267
94610.880962,12268
94610.886237,12269
94610.891655,12270
94610.897013,12271
94610.902210,12272
94610.907968,12273
94610.913602,12274
94610.919528,12275
94610.924757,12276
94610.930941,12277
94610.936444,12278
94610.942925,12279
94610.948459,12280
94610.954784,12281
94610.961102,12282
94610.967378,12283
94610.972639,12284
94610.978588,12285
94610.985271,12286
94610.990501,12287
94610.996571,12288
94611.001915,12289
94611.008117,12290
94611.013333,12291
94611.019369,12292
94611.024903,12293
94611.030441,12294
94611.035839,12295
94611.041685,12296
94611.047439,12297
94611.052865,12298
94611.059279,12299
94611.068674,12300
94611.074716,12301
94611.080331,12302
94611.085697,12303
94611.091061,12304
94611.097434,12305
94611.102972,12306
94611.108246,12307
94611.113363,12308
94611.118787,12309
94611.124221,12310
94611.129421,12311
94611.135411,12312
94611.141189,12313
94611.146831,12314
94611.152584,12315
94611.158210,12316
94611.163863,12317
94611.168973,12318
94611.174413,12319
94611.179458,12320
94611.184874,12321
94611.190177,12322
94611.195418,12323
94611.200774,12324
94611.206638,12325
94611.212498,12326
94611.218514,12327
94611.223761,12328
94611.229389,12329
94611.235510,12330
94611.241666,12331
94611.247582,12332
94611.253398,12333
94611.259044,12334
94611.265264,12335
94611.271038,12336
94611.276663,12337
94611.281895,12338
94611.287230,12339
94611.292560,12340
94611.297831,12341
94611.303716,12342
94611.308955,12343
94611.314524,12344
94611.321041,12345
94611.326320,12346
94611.332076,12347
94611.338656,12348
94611.344495,12349
94611.350209,12350
94611.356079,12351
94611.361520,12352
94611.367097,12353
94611.372269,12354
94611.377828,12355
94611.383048,12356
94611.388341,12357
94611.394283,12358
94611.399593,12359
94611.405403,12360
94611.410680,12361
94611.416605,12362
94611.421963,12363
94611.427362,12364
94611.432496,12365
94611.439187,12366
94611.444627,12367
94611.450420,12368
94611.456316,12369
94611.461529,12370
94611.467953,12371
94611.473625,12372
94611.479582,12373
94611.484859,12374
94611.491000,12375
94611.496177,12376
94611.501175,12377
94611.506275,12378
94611.511278,12379
94611.517288,12380
94611.522211,12381
94611.527810,12382
94611.533042,12383
94611.539173,12384
94611.545512,12385
94611.550731,12386
94611.557266,12387
94611.564052,12388
94611.569856,12389
94611.575547,12390
94611.583066,12391
94611.590262,12392
94611.595810,12393
94611.603279,12394
94611.610095,12395
94611.616827,12396
94611.623651,12397
94611.630595,12398
94611.636168,12399
94611.645422,12400
94611.651803,12401
94611.658033,12402
94611.665073,12403
94611.672361,12404
94611.677960,12405
94611.684569,12406
94611.691103,12407
94611.697981,12408
94611.703484,12409
94611.709456,12410
94611.714769,12411
94611.722962,12412
94611.728373,12413
94611.735290,12414
94611.740827,12415
94611.747036,12416
94611.753619,12417
94611.758965,12418
94611.764367,12419
94611.770449,12420
94611.776318,12421
94611.781484,12422
94611.786675,12423
94611.792807,12424
94611.797854,12425
94611.804947,12426
94611.810709,12427
94611.816130,12428
94611.821464,12429
94611.828588,12430
94611.834843,12431
94611.840107,12432
94611.845605,12433
94611.850670,12434
94611.855747,12435
94611.864987,12436
94611.875435,12437
94611.886092,12438
94611.895759,12439
94611.904708,12440
94611.911069,12441
94611.916737,12442
94611.923783,12443
94611.930139,12444
94611.936696,12445
94611.941762,12446
94611.946767,12447
94611.951742,12448
94611.959234,12449
94611.964358,12450
94611.970410,12451
94611.976050,12452
94611.981203,12453
94611.987394,12454
94611.994050,12455
94611.999343,12456
94612.004451,12457
94612.010895,12458
94612.017746,12459
94612.022910,12460
94612.028032,12461
94612.035739,12462
94612.041128,12463
94612.046809,12464
94612.053914,12465
94612.061742,12466
94612.067052,12467
94612.073690,12468
94612.079932,12469
94612.087724,12470
94612.093666,12471
94612.101472,12472
94612.109705,12473
94612.115237,12474
94612.123663,12475
94612.131067,12476
94612.136320,12477
94612.142130,12478
94612.147706,12479
94612.154966,12480
94612.159927,12481
94612.167815,12482
94612.172963,12483
94612.178040,12484
94612.186116,12485
94612.193586,12486
94612.199875,12487
94612.205482,12488
94612.211491,12489
94612.219677,12490
94612.228831,12491
94612.237360,12492
94612.242572,12493
94612.247604,12494
94612.253165,12495
94612.263675,12496
94612.271772,12497
94612.278890,12498
94612.286116,12499
94612.301116,12500
94612.312727,12501
94612.324128,12502
94612.332329,12503
94612.342448,12504
94612.354505,12505
94612.366398,12506
94612.377296,12507
94612.387971,12508
94612.393469,12509
94612.405817,12510
94612.417251,12511
94612.428400,12512
94612.434178,12513
94612.445118,12514
94612.450707,12515
94612.455936,12516
94612.466442,12517
94612.478204,12518
94612.489759,12519
94612.495334,12520
94612.506302,12521
94612.517516,12522
94612.529295,12523
94612.540648,12524
94612.551335,12525
94612.559281,12526
94612.570537,12527
94612.581840,12528
94612.592108,12529
94612.603923,12530
94612.614626,12531
94612.620077,12532
94612.631504,12533
94612.637664,12534
94612.648204,12535
94612.658637,12536
94612.670216,12537
94612.675874,12538
94612.686635,12539
94612.698506,12540
94612.706221,12541
94612.720859,12542
94612.734817,12543
94612.746810,12544
94612.758577,12545
94612.769795,12546
94612.780854,12547
94612.792803,12548
94612.802963,12549
94612.816887,12550
94612.822511,12551
94612.828448,12552
94612.834433,12553
94612.842298,12554
94612.854910,12555
94612.864170,12556
94612.872230,12557
94612.885496,12558
94612.892794,12559
94612.901176,12560
94612.909238,12561
94612.917715,12562
94612.927408,12563
94612.944488,12564
94612.958439,12565
94612.977006,12566
94612.983557,12567
94612.995210,12568
94613.008121,12569
94613.019796,12570
94613.031139,12571
94613.038856,12572
94613.044516,12573
94613.056062,12574
94613.061632,12575
94613.074364,12576
94613.080983,12577
94613.090989,12578
94613.096585,12579
94613.108077,12580
94613.115434,12581
94613.125987,12582
94613.133091,12583
94613.139838,12584
94613.148832,12585
94613.161601,12586
94613.167994,12587
94613.179860,12588
94613.185758,12589
94613.195733,12590
94613.204807,12591
94613.218817,12592
94613.229596,12593
94613.240446,12594
94613.246338,12595
94613.259504,12596
94613.271942,12597
94613.280570,12598
94613.292800,12599
94613.299882,12600
94613.310312,12601
94613.316047,12602
94613.325790,12603
94613.336404,12604
94613.346833,12605
94613.352627,12606
94613.363935,12607
94613.374952,12608
94613.386586,12609
94613.397471,12610
94613.409377,12611
94613.420772,12612
94613.433288,12613
94613.439310,12614
94613.450305,12615
94613.464219,12616
94613.471837,12617
94613.483584,12618
94613.496859,12619
94613.508818,12620
94613.521824,12621
94613.535455,12622
94613.545959,12623
94613.558255,12624
94613.564194,12625
94613.577236,12626
94613.588918,12627
94613.600198,12628
94613.612178,12629
94613.627568,12630
94613.641840,12631
94613.654898,12632
94613.667943,12633
94613.680209,12634
94613.691264,12635
94613.702278,12636
94613.714481,12637
94613.726976,12638
94613.737646,12639
94613.749762,12640
94613.760340,12641
94613.767743,12642
94613.778659,12643
94613.791287,12644
94613.803080,12645
94613.814478,12646
94613.826210,12647
94613.839942,12648
94613.853762,12649
94613.868280,12650
94613.873846,12651
94613.879912,12652
94613.885560,12653
94613.898182,12654
94613.903554,12655
94613.908737,12656
94613.913945,12657
94613.924438,12658
94613.935813,12659
94613.947732,12660
94613.957882,12661
94613.963886,12662
94613.975849,12663
94613.987827,12664
94613.998616,12665
94614.004508,12666
94614.015360,12667
94614.027370,12668
94614.037775,12669
94614.049647,12670
94614.055159,12671
94614.061020,12672
94614.067286,12673
94614.080950,12674
94614.093511,12675
94614.105715,12676
94614.115934,12677
94614.126697,12678
94614.139264,12679
94614.151631,12680
94614.164281,12681
94614.176239,12682
94614.187478,12683
94614.193239,12684
94614.204429,12685
94614.216642,12686
94614.221645,12687
94614.232880,12688
94614.243596,12689
94614.256380,12690
94614.268712,12691
94614.281367,12692
94614.294072,12693
94614.308916,12694
94614.320514,12695
94614.332570,12696
94614.343736,12697
94614.356903,12698
94614.368925,12699
94614.381565,12700
94614.391997,12701
94614.398311,12702
94614.408820,12703
94614.414513,12704
94614.419422,12705
94614.428636,12706
94614.439738,12707
94614.445486,12708
94614.456032,12709
94614.469219,12710
94614.480756,12711
94614.492551,12712
94614.504819,12713
94614.516778,12714
94614.530853,12715
94614.543756,12716
94614.555812,12717
94614.568248,12718
94614.579845,12719
94614.592007,12720
94614.605371,12721
94614.619249,12722
94614.630606,12723
94614.642430,12724
94614.649808,12725
94614.660510,12726
94614.671440,12727
94614.684333,12728
94614.697212,12729
94614.708118,12730
94614.719716,12731
94614.731721,12732
94614.744421,12733
94614.757430,12734
94614.770527,12735
94614.781462,12736
94614.794416,12737
94614.807292,12738
94614.819160,12739
94614.832639,12740
94614.846069,12741
94614.858147,12742
94614.870870,12743
94614.884330,12744
94614.896835,12745
94614.911076,12746
94614.925269,12747
94614.937871,12748
94614.950231,12749
94614.964915,12750
94614.974023,12751
94614.985772,12752
94614.996710,12753
94615.005822,12754
94615.015491,12755
94615.026729,12756
94615.034117,12757
94615.043216,12758
94615.054658,12759
94615.065611,12760
94615.074357,12761
94615.083337,12762
94615.093569,12763
94615.101426,12764
94615.110361,12765
94615.120263,12766
94615.131523,12767
94615.143449,12768
94615.153791,12769
94615.164756,12770
94615.176385,12771
94615.186008,12772
94615.197314,12773
94615.208404,12774
94615.219368,12775
94615.228119,12776
94615.237338,12777
94615.246763,12778
94615.256675,12779
94615.266532,12780
94615.276898,12781
94615.286143,12782
94615.295843,12783
94615.305777,12784
94615.315689,12785
94615.325950,12786
94615.336438,12787
94615.346964,12788
94615.357247,12789
94615.364090,12790
94615.375080,12791
94615.383334,12792
94615.393376,12793
94615.404741,12794
94615.413882,12795
94615.422689,12796
94615.429860,12797
94615.437364,12798
94615.444254,12799
94615.453803,12800
94615.462140,12801
94615.470102,12802
94615.479440,12803
94615.489120,12804
94615.496928,12805
94615.507360,12806
94615.518067,12807
94615.525579,12808
94615.535949,12809
94615.542697,12810
94615.550234,12811
94615.556894,12812
94615.566893,12813
94615.576835,12814
94615.584868,12815
94615.591966,12816
94615.599195,12817
94615.610004,12818
94615.620046,12819
94615.632091,12820
94615.639101,12821
94615.647500,12822
94615.656695,12823
94615.666347,12824
94615.678803,12825
94615.687784,12826
94615.697942,12827
94615.705230,12828
94615.712428,12829
94615.720672,12830
94615.731373,12831
94615.738625,12832
94615.746425,12833
94615.756011,12834
94615.763805,12835
94615.774355,12836
94615.786079,12837
94615.793330,12838
94615.804346,12839
94615.814684,12840
94615.824625,12841
94615.831650,12842
94615.840000,12843
94615.849317,12844
94615.860429,12845
94615.870956,12846
94615.879013,12847
94615.886895,12848
94615.894182,12849
94615.902523,12850
94615.913729,12851
94615.923704,12852
94615.933436,12853
94615.942601,12854
94615.953557,12855
94615.963267,12856
94615.973094,12857
94615.985043,12858
94615.993518,12859
94616.001034,12860
94616.013044,12861
94616.024569,12862
94616.032422,12863
94616.044216,12864
94616.051516,12865
94616.062840,12866
94616.072206,12867
94616.079674,12868
94616.086993,12869
94616.094210,12870
94616.102820,12871
94616.113043,12872
94616.120931,12873
94616.132521,12874
94616.142464,12875
94616.151708,12876
94616.162580,12877
94616.173363,12878
94616.185402,12879
94616.194914,12880
94616.205981,12881
94616.217286,12882
94616.225377,12883
94616.233044,12884
94616.240293,12885
94616.251896,12886
94616.264664,12887
94616.276069,12888
94616.284555,12889
94616.293569,12890
94616.303649,12891
94616.313748,12892
94616.324628,12893
94616.333677,12894
94616.344981,12895
94616.356740,12896
94616.368535,12897
94616.378253,12898
94616.388922,12899
94616.399772,12900
94616.409176,12901
94616.419697,12902
94616.427329,12903
94616.438319,12904
94616.447274,12905
94616.455383,12906
94616.466531,12907
94616.479875,12908
94616.489175,12909
94616.496909,12910
94616.507352,12911
94616.515326,12912
94616.525425,12913
94616.534991,12914
94616.543706,12915
94616.551234,12916
94616.561626,12917
94616.570663,12918
94616.582436,12919
94616.591946,12920
94616.600848,12921
94616.611816,12922
94616.623871,12923
94616.631817,12924
94616.643128,12925
94616.654467,12926
94616.662179,12927
94616.669784,12928
94616.680257,12929
94616.690971,12930
94616.701450,12931
94616.711791,12932
94616.721092,12933
94616.732107,12934
94616.741341,12935
94616.749843,12936
94616.757886,12937
94616.768376,12938
94616.777202,12939
94616.788809,12940
94616.798215,12941
94616.806057,12942
94616.817325,12943
94616.828907,12944
94616.837423,12945
94616.848756,12946
94616.860207,12947
94616.871093,12948
94616.880410,12949
94616.890630,12950
94616.899552,12951
94616.908711,12952
94616.919325,12953
94616.927482,12954
94616.938976,12955
94616.948431,12956
94616.959858,12957
94616.968611,12958
94616.980664,12959
94616.992308,12960
94617.000514,12961
94617.011265,12962
94617.023273,12963
94617.032923,12964
94617.043337,12965
94617.052148,12966
94617.063094,12967
94617.074417,12968
94617.086226,12969
94617.097122,12970
94617.110324,12971
94617.121769,12972
94617.130887,12973
94617.142419,12974
94617.151071,12975
94617.159833,12976
94617.169333,12977
94617.178331,12978
94617.190198,12979
94617.199194,12980
94617.208189,12981
94617.219742,12982
94617.229145,12983
94617.239717,12984
94617.250576,12985
94617.261625,12986
94617.273802,12987
94617.284706,12988
94617.296698,12989
94617.308365,12990
94617.321226,12991
94617.330774,12992
94617.340790,12993
94617.351405,12994
94617.363736,12995
94617.374770,12996
94617.385650,12997
94617.397623,12998
94617.408519,12999
94617.424626,13000
94617.435170,13001
94617.449116,13002
94617.460375,13003
94617.473556,13004
94617.485428,13005
94617.500543,13006
94617.510906,13007
94617.523000,13008
94617.536438,13009
94617.548630,13010
94617.561472,13011
94617.576614,13012
94617.589682,13013
94617.606645,13014
94617.620055,13015
94617.634152,13016
94617.649684,13017
94617.665068,13018
94617.678936,13019
94617.691617,13020
94617.707738,13021
94617.720486,13022
94617.732608,13023
94617.743993,13024
94617.757320,13025
94617.768987,13026
94617.780772,13027
94617.794581,13028
94617.810699,13029
94617.823823,13030
94617.839304,13031
94617.850513,13032
94617.861567,13033
94617.874547,13034
94617.886032,13035
94617.896845,13036
94617.910427,13037
94617.923193,13038
94617.936547,13039
94617.947671,13040
94617.960989,13041
94617.973685,13042
94617.990546,13043
94618.006112,13044
94618.021482,13045
94618.033842,13046
94618.046602,13047
94618.059281,13048
94618.071819,13049
94618.089191,13050
94618.099504,13051
94618.111618,13052
94618.124497,13053
94618.137489,13054
94618.149484,13055
94618.163236,13056
94618.177184,13057
94618.189598,13058
94618.202897,13059
94618.215164,13060
94618.227559,13061
94618.240223,13062
94618.252313,13063
94618.264881,13064
94618.277435,13065
94618.287481,13066
94618.300141,13067
94618.313133,13068
94618.325764,13069
94618.337280,13070
94618.349338,13071
94618.361319,13072
94618.374709,13073
94618.386944,13074
94618.399276,13075
94618.411451,13076
94618.423530,13077
94618.435869,13078
94618.447924,13079
94618.460844,13080
94618.474358,13081
94618.487717,13082
94618.498494,13083
94618.509051,13084
94618.521894,13085
94618.534964,13086
94618.547107,13087
94618.558614,13088
94618.571087,13089
94618.584783,13090
94618.596590,13091
94618.607015,13092
94618.621120,13093
94618.634368,13094
94618.646122,13095
94618.657771,13096
94618.670157,13097
94618.684283,13098
94618.695519,13099
94618.708669,13100
94618.721718,13101
94618.733326,13102
94618.746245,13103
94618.760329,13104
94618.772932,13105
94618.786921,13106
94618.797896,13107
94618.811179,13108
94618.822706,13109
94618.833749,13110
94618.846226,13111
94618.859496,13112
94618.869644,13113
94618.883563,13114
94618.895753,13115
94618.907784,13116
94618.921090,13117
94618.932896,13118
94618.946068,13119
94618.960707,13120
94618.972420,13121
94618.985956,13122
94618.997605,13123
94619.009410,13124
94619.022304,13125
94619.036596,13126
94619.048836,13127
94619.059681,13128
94619.073562,13129
94619.087334,13130
94619.100037,13131
94619.113970,13132
94619.127649,13133
94619.142599,13134
94619.154341,13135
94619.169792,13136
94619.183630,13137
94619.197573,13138
94619.210400,13139
94619.223538,13140
94619.237582,13141
94619.250418,13142
94619.265202,13143
94619.277694,13144
94619.291908,13145
94619.307211,13146
94619.319803,13147
94619.333410,13148
94619.345350,13149
94619.360315,13150
94619.371363,13151
94619.382294,13152
94619.394523,13153
94619.408359,13154
94619.421652,13155
94619.433583,13156
94619.446295,13157
94619.459759,13158
94619.474830,13159
94619.486830,13160
94619.500219,13161
94619.512612,13162
94619.525907,13163
94619.537223,13164
94619.548933,13165
94619.560937,13166
94619.576837,13167
94619.590131,13168
94619.602584,13169
94619.614963,13170
94619.629214,13171
94619.642665,13172
94619.655886,13173
94619.669717,13174
94619.682629,13175
94619.697174,13176
94619.710391,13177
94619.723803,13178
94619.737694,13179
94619.751379,13180
94619.765318,13181
94619.779395,13182
94619.793657,13183
94619.808689,13184
94619.823542,13185
94619.838328,13186
94619.850889,13187
94619.864956,13188
94619.877141,13189
94619.892192,13190
94619.906040,13191
94619.919684,13192
94619.933075,13193
94619.946434,13194
94619.960504,13195
94619.974545,13196
94619.987869,13197
94620.002294,13198
94620.017184,13199
94620.032612,13200
94620.046797,13201
94620.060462,13202
94620.076031,13203
94620.090780,13204
94620.106637,13205
94620.120345,13206
94620.133537,13207
94620.146992,13208
94620.161433,13209
94620.175589,13210
94620.189558,13211
94620.205540,13212
94620.220403,13213
94620.233652,13214
94620.247264,13215
94620.262608,13216
94620.278020,13217
94620.294026,13218
94620.308049,13219
94620.323730,13220
94620.338330,13221
94620.353964,13222
94620.366362,13223
94620.379926,13224
94620.392480,13225
94620.404600,13226
94620.420460,13227
94620.435124,13228
94620.449869,13229
94620.463847,13230
94620.478854,13231
94620.491425,13232
94620.507205,13233
94620.522483,13234
94620.536263,13235
94620.551857,13236
94620.567141,13237
94620.582318,13238
94620.599094,13239
94620.615270,13240
94620.631408,13241
94620.646010,13242
94620.661847,13243
94620.676851,13244
94620.692935,13245
94620.708599,13246
94620.726321,13247
94620.743456,13248
94620.761234,13249
94620.773126,13500
94620.780008,13501
94620.786925,13502
94620.793768,13503
94620.799892,13504
94620.806690,13505
94620.812202,13506
94620.817666,13507
94620.823023,13508
94620.828484,13509
94620.833891,13510
94620.839462,13511
94620.844901,13512
94620.850723,13513
94620.856183,13514
94620.861615,13515
94620.867492,13516
94620.872882,13517
94620.879352,13518
94620.885353,13519
94620.891072,13520
94620.896259,13521
94620.901512,13522
94620.906793,13523
94620.912310,13524
94620.918194,13525
94620.923545,13526
94620.928963,13527
94620.934624,13528
94620.940173,13529
94620.946389,13530
94620.951669,13531
94620.956969,13532
94620.962283,13533
94620.968301,13534
94620.974128,13535
94620.979178,13536
94620.984227,13537
94620.989292,13538
94620.994587,13539
94621.000219,13540
94621.005262,13541
94621.010346,13542
94621.015607,13543
94621.020770,13544
94621.025912,13545
94621.031114,13546
94621.036411,13547
94621.041423,13548
94621.046659,13549
94621.051779,13550
94621.057075,13551
94621.062207,13552
94621.067220,13553
94621.072854,13554
94621.078246,13555
94621.083231,13556
94621.088181,13557
94621.093518,13558
94621.098798,13559
94621.104018,13560
94621.109025,13561
94621.114451,13562
94621.119823,13563
94621.125238,13564
94621.130181,13565
94621.135403,13566
94621.140921,13567
94621.145836,13568
94621.150926,13569
94621.156042,13570
94621.161363,13571
94621.166427,13572
94621.171920,13573
94621.177598,13574
94621.183146,13575
94621.188918,13576
94621.194294,13577
94621.199801,13578
94621.205456,13579
94621.210687,13580
94621.215678,13581
94621.220765,13582
94621.225820,13583
94621.231133,13584
94621.236277,13585
94621.241452,13586
94621.246818,13587
94621.252438,13588
94621.257998,13589
94621.263499,13590
94621.268692,13591
94621.274377,13592
94621.280152,13593
94621.285249,13594
94621.290398,13595
94621.295855,13596
94621.300934,13597
94621.306028,13598
94621.311011,13599
94621.318700,13600
94621.323987,13601
94621.329928,13602
94621.335190,13603
94621.340476,13604
94621.346030,13605
94621.351559,13606
94621.356956,13607
94621.362616,13608
94621.367912,13609
94621.373188,13610
94621.378446,13611
94621.383809,13612
94621.388923,13613
94621.394143,13614
94621.399225,13615
94621.404853,13616
94621.409944,13617
94621.414975,13618
94621.420729,13619
94621.425892,13620
94621.431015,13621
94621.436017,13622
94621.440991,13623
94621.446445,13624
94621.451727,13625
94621.457096,13626
94621.462251,13627
94621.467612,13628
94621.472803,13629
94621.478042,13630
94621.483279,13631
94621.489055,13632
94621.494531,13633
94621.499910,13634
94621.504941,13635
94621.510363,13636
94621.515727,13637
94621.520769,13638
94621.525888,13639
94621.531210,13640
94621.536575,13641
94621.541871,13642
94621.547916,13643
94621.552980,13644
94621.558244,13645
94621.563410,13646
94621.568803,13647
94621.574111,13648
94621.579308,13649
94621.585270,13650
94621.590333,13651
94621.595447,13652
94621.600703,13653
94621.606027,13654
94621.611232,13655
94621.616371,13656
94621.621563,13657
94621.627093,13658
94621.632151,13659
94621.637446,13660
94621.642443,13661
94621.648200,13662
94621.653205,13663
94621.658265,13664
94621.663599,13665
94621.668847,13666
94621.674100,13667
94621.679226,13668
94621.684447,13669
94621.690035,13670
94621.696272,13671
94621.701598,13672
94621.706609,13673
94621.711853,13674
94621.716897,13675
94621.722250,13676
94621.727488,13677
94621.732769,13678
94621.737865,13679
94621.743077,13680
94621.748698,13681
94621.753775,13682
94621.759012,13683
94621.764538,13684
94621.769583,13685
94621.774775,13686
94621.780332,13687
94621.785486,13688
94621.790657,13689
94621.795886,13690
94621.801510,13691
94621.806867,13692
94621.812256,13693
94621.817404,13694
94621.822862,13695
94621.828095,13696
94621.833688,13697
94621.838933,13698
94621.844458,13699
94621.851881,13700
94621.857283,13701
94621.863060,13702
94621.868496,13703
94621.873660,13704
94621.879039,13705
94621.884511,13706
94621.889906,13707
94621.895428,13708
94621.901104,13709
94621.906322,13710
94621.911597,13711
94621.916857,13712
94621.921869,13713
94621.927065,13714
94621.932352,13715
94621.937636,13716
94621.942702,13717
94621.947830,13718
94621.953155,13719
94621.958613,13720
94621.963727,13721
94621.969472,13722
94621.974654,13723
94621.979820,13724
94621.984909,13725
94621.990044,13726
94621.995332,13727
94622.000507,13728
94622.005721,13729
94622.011023,13730
94622.016245,13731
94622.021400,13732
94622.026434,13733
94622.031470,13734
94622.036834,13735
94622.042022,13736
94622.047129,13737
94622.052343,13738
94622.057790,13739
94622.062813,13740
94622.067810,13741
94622.072959,13742
94622.078398,13743
94622.083974,13744
94622.089355,13745
94622.094795,13746
94622.100103,13747
94622.105844,13748
94622.111010,13749
94622.126850,13750
94622.133047,13751
94622.142832,13752
94622.154153,13753
94622.163430,13754
94622.175819,13755
94622.190840,13756
94622.201503,13757
94622.212636,13758
94622.222221,13759
94622.235791,13760
94622.243620,13761
94622.251695,13762
94622.264423,13763
94622.272073,13764
94622.283215,13765
94622.291429,13766
94622.301341,13767
94622.312373,13768
94622.323497,13769
94622.334200,13770
94622.347633,13771
94622.356837,13772
94622.364042,13773
94622.370877,13774
94622.384951,13775
94622.396815,13776
94622.409557,13777
94622.419265,13778
94622.435500,13779
94622.449832,13780
94622.460090,13781
94622.470941,13782
94622.487047,13783
94622.498689,13784
94622.506762,13785
94622.518083,13786
94622.528920,13787
94622.540676,13788
94622.553047,13789
94622.565870,13790
94622.574786,13791
94622.583601,13792
94622.594376,13793
94622.604300,13794
94622.621771,13795
94622.630099,13796
94622.641559,13797
94622.651441,13798
94622.663210,13799
94622.674050,13800
94622.688744,13801
94622.702931,13802
94622.713663,13803
94622.724298,13804
94622.733470,13805
94622.744814,13806
94622.759801,13807
94622.768702,13808
94622.780445,13809
94622.794254,13810
94622.807655,13811
94622.817227,13812
94622.828344,13813
94622.841578,13814
94622.856105,13815
94622.867069,13816
94622.876083,13817
94622.885862,13818
94622.900325,13819
94622.908490,13820
94622.924503,13821
94622.938619,13822
94622.949231,13823
94622.959634,13824
94622.973528,13825
94622.983600,13826
94622.994227,13827
94623.006686,13828
94623.019016,13829
94623.030175,13830
94623.042373,13831
94623.050782,13832
94623.065964,13833
94623.076311,13834
94623.087839,13835
94623.096384,13836
94623.106971,13837
94623.119885,13838
94623.132885,13839
94623.148053,13840
94623.163437,13841
94623.172697,13842
94623.188678,13843
94623.199128,13844
94623.209041,13845
94623.223277,13846
94623.234156,13847
94623.244708,13848
94623.260379,13849
94623.274288,13850
94623.283265,13851
94623.291398,13852
94623.300936,13853
94623.311612,13854
94623.321584,13855
94623.332301,13856
94623.345123,13857
94623.353181,13858
94623.363421,13859
94623.372377,13860
94623.384352,13861
94623.394372,13862
94623.407023,13863
94623.418576,13864
94623.428377,13865
94623.442685,13866
94623.453654,13867
94623.463879,13868
94623.472940,13869
94623.481261,13870
94623.491639,13871
94623.498937,13872
94623.511532,13873
94623.519080,13874
94623.529162,13875
94623.543936,13876
94623.561464,13877
94623.574936,13878
94623.587728,13879
94623.598394,13880
94623.608392,13881
94623.615915,13882
94623.626289,13883
94623.635338,13884
94623.643912,13885
94623.655696,13886
94623.664733,13887
94623.679232,13888
94623.688335,13889
94623.697265,13890
94623.710697,13891
94623.722681,13892
94623.733929,13893
94623.744459,13894
94623.754842,13895
94623.767138,13896
94623.779537,13897
94623.790808,13898
94623.802271,13899
94623.810796,13900
94623.821452,13901
94623.830436,13902
94623.841318,13903
94623.851802,13904
94623.861929,13905
94623.872682,13906
94623.883717,13907
94623.893129,13908
94623.903226,13909
94623.915884,13910
94623.926041,13911
94623.934651,13912
94623.943811,13913
94623.959245,13914
94623.969456,13915
94623.980534,13916
94623.991952,13917
94624.004179,13918
94624.016728,13919
94624.026019,13920
94624.036481,13921
94624.046382,13922
94624.060329,13923
94624.071587,13924
94624.084511,13925
94624.097264,13926
94624.107329,13927
94624.119087,13928
94624.133126,13929
94624.144738,13930
94624.154816,13931
94624.165659,13932
94624.180205,13933
94624.191073,13934
94624.205629,13935
94624.215719,13936
94624.232193,13937
94624.242529,13938
94624.254348,13939
94624.265315,13940
94624.276637,13941
94624.287802,13942
94624.301646,13943
94624.311776,13944
94624.323705,13945
94624.334504,13946
94624.347382,13947
94624.360420,13948
94624.372314,13949
94624.385556,13950
94624.394387,13951
94624.403649,13952
94624.414874,13953
94624.426608,13954
94624.435504,13955
94624.447596,13956
94624.456817,13957
94624.467994,13958
94624.480449,13959
94624.493081,13960
94624.505316,13961
94624.513833,13962
94624.525708,13963
94624.536123,13964
94624.546748,13965
94624.559055,13966
94624.568740,13967
94624.577923,13968
94624.588810,13969
94624.601664,13970
94624.612533,13971
94624.624295,13972
94624.634743,13973
94624.646204,13974
94624.658000,13975
94624.670086,13976
94624.682052,13977
94624.691535,13978
94624.704160,13979
94624.717326,13980
94624.728771,13981
94624.736154,13982
94624.750364,13983
94624.762124,13984
94624.772025,13985
94624.782475,13986
94624.794324,13987
94624.808578,13988
94624.820574,13989
94624.831991,13990
94624.843537,13991
94624.855129,13992
94624.866206,13993
94624.877576,13994
94624.892360,13995
94624.904102,13996
94624.915696,13997
94624.925954,13998
94624.936249,13999
94624.947611,14000
94624.953655,14001
94624.960277,14002
94624.966389,14003
94624.973104,14004
94624.985056,14005
94624.991797,14006
94624.997709,14007
94625.010253,14008
94625.016708,14009
94625.023385,14010
94625.029467,14011
94625.036560,14012
94625.042962,14013
94625.049882,14014
94625.056273,14015
94625.067994,14016
94625.080332,14017
94625.087281,14018
94625.093899,14019
94625.100330,14020
94625.109260,14021
94625.118223,14022
94625.131345,14023
94625.137567,14024
94625.143571,14025
94625.157527,14026
94625.163586,14027
94625.169701,14028
94625.175307,14029
94625.189970,14030
94625.203910,14031
94625.210884,14032
94625.216383,14033
94625.222828,14034
94625.228434,14035
94625.234594,14036
94625.245622,14037
94625.251866,14038
94625.258585,14039
94625.271306,14040
94625.277962,14041
94625.290680,14042
94625.299012,14043
94625.307929,14044
94625.319778,14045
94625.329516,14046
94625.336110,14047
94625.342273,14048
94625.349489,14049
94625.358420,14050
94625.365268,14051
94625.371510,14052
94625.377897,14053
94625.387978,14054
94625.399868,14055
94625.406845,14056
94625.413352,14057
94625.419685,14058
94625.430185,14059
94625.442360,14060
94625.448894,14061
94625.462335,14062
94625.473607,14063
94625.486261,14064
94625.498891,14065
94625.505517,14066
94625.514899,14067
94625.526597,14068
94625.532697,14069
94625.538873,14070
94625.545188,14071
94625.551429,14072
94625.563759,14073
94625.570796,14074
94625.582886,14075
94625.589541,14076
94625.601399,14077
94625.613722,14078
94625.620084,14079
94625.632014,14080
94625.643813,14081
94625.650438,14082
94625.656585,14083
94625.662985,14084
94625.673319,14085
94625.680019,14086
94625.691070,14087
94625.697785,14088
94625.703965,14089
94625.718243,14090
94625.732550,14091
94625.739135,14092
94625.751843,14093
94625.765246,14094
94625.776532,14095
94625.782993,14096
94625.795020,14097
94625.808567,14098
94625.815217,14099
94625.823515,14100
94625.829515,14101
94625.840745,14102
94625.849548,14103
94625.855569,14104
94625.869220,14105
94625.876292,14106
94625.887880,14107
94625.894103,14108
94625.904395,14109
94625.912945,14110
94625.919591,14111
94625.926571,14112
94625.938055,14113
94625.950729,14114
94625.959933,14115
94625.968358,14116
94625.979745,14117
94625.989620,14118
94626.000993,14119
94626.007798,14120
94626.019281,14121
94626.026469,14122
94626.032262,14123
94626.038226,14124
94626.047859,14125
94626.058450,14126
94626.065352,14127
94626.080385,14128
94626.087261,14129
94626.101500,14130
94626.109998,14131
94626.118972,14132
94626.130446,14133
94626.137005,14134
94626.151339,14135
94626.165745,14136
94626.178892,14137
94626.185264,14138
94626.192882,14139
94626.198751,14140
94626.205371,14141
94626.215756,14142
94626.228475,14143
94626.236619,14144
94626.243436,14145
94626.249603,14146
94626.255322,14147
94626.266430,14148
94626.279244,14149
94626.288149,14150
94626.300659,14151
94626.310875,14152
94626.317026,14153
94626.324652,14154
94626.336242,14155
94626.342878,14156
94626.357252,14157
94626.363875,14158
94626.375619,14159
94626.382356,14160
94626.389545,14161
94626.400823,14162
94626.407226,14163
94626.415678,14164
94626.421437,14165
94626.432916,14166
94626.444896,14167
94626.455360,14168
94626.461477,14169
94626.467978,14170
94626.474834,14171
94626.480608,14172
94626.490172,14173
94626.496316,14174
94626.501959,14175
94626.508198,14176
94626.517407,14177
94626.523933,14178
94626.530261,14179
94626.543045,14180
94626.553724,14181
94626.565827,14182
94626.572250,14183
94626.582646,14184
94626.589628,14185
94626.600209,14186
94626.607658,14187
94626.620516,14188
94626.634754,14189
94626.644800,14190
94626.657889,14191
94626.668587,14192
94626.681695,14193
94626.693735,14194
94626.699776,14195
94626.712330,14196
94626.718419,14197
94626.731055,14198
94626.738550,14199
94626.751950,14200
94626.758367,14201
94626.767869,14202
94626.780262,14203
94626.793598,14204
94626.806969,14205
94626.818121,14206
94626.824061,14207
94626.831573,14208
94626.837605,14209
94626.850149,14210
94626.858796,14211
94626.865301,14212
94626.873858,14213
94626.880208,14214
94626.893516,14215
94626.900202,14216
94626.913422,14217
94626.919468,14218
94626.925069,14219
94626.935926,14220
94626.941713,14221
94626.948650,14222
94626.958461,14223
94626.964732,14224
94626.975741,14225
94626.981829,14226
94626.987764,14227
94626.998806,14228
94627.004852,14229
94627.010929,14230
94627.024269,14231
94627.031530,14232
94627.037844,14233
94627.043934,14234
94627.050660,14235
94627.063494,14236
94627.076783,14237
94627.082474,14238
94627.088970,14239
94627.094740,14240
94627.102132,14241
94627.107749,14242
94627.114054,14243
94627.120309,14244
94627.132712,14245
94627.139556,14246
94627.146365,14247
94627.152106,14248
94627.158223,14249
94627.177302,14250
94627.190014,14251
94627.202798,14252
94627.214654,14253
94627.228647,14254
94627.240805,14255
94627.253658,14256
94627.267424,14257
94627.280806,14258
94627.292690,14259
94627.304235,14260
94627.316548,14261
94627.329635,14262
94627.345633,14263
94627.356329,14264
94627.368550,14265
94627.381203,14266
94627.392572,14267
94627.403619,14268
94627.417658,14269
94627.429042,14270
94627.440305,14271
94627.453391,14272
94627.469717,14273
94627.481294,14274
94627.492883,14275
94627.506532,14276
94627.519983,14277
94627.533946,14278
94627.543938,14279
94627.556168,14280
94627.569406,14281
94627.581739,14282
94627.594794,14283
94627.607253,14284
94627.620650,14285
94627.632415,14286
94627.646780,14287
94627.660383,14288
94627.672892,14289
94627.685173,14290
94627.697825,14291
94627.710465,14292
94627.723682,14293
94627.735858,14294
94627.751941,14295
94627.766527,14296
94627.779319,14297
94627.792994,14298
94627.807898,14299
94627.821521,14300
94627.834954,14301
94627.846949,14302
94627.859609,14303
94627.873003,14304
94627.886365,14305
94627.900195,14306
94627.913600,14307
94627.926415,14308
94627.940475,14309
94627.956912,14310
94627.970308,14311
94627.983759,14312
94627.996293,14313
94628.010407,14314
94628.025646,14315
94628.038425,14316
94628.051486,14317
94628.064590,14318
94628.076257,14319
94628.091565,14320
94628.104354,14321
94628.116879,14322
94628.130147,14323
94628.143765,14324
94628.156574,14325
94628.170550,14326
94628.184346,14327
94628.196741,14328
94628.209842,14329
94628.224540,14330
94628.238623,14331
94628.254311,14332
94628.269632,14333
94628.283283,14334
94628.294320,14335
94628.310214,14336
94628.324152,14337
94628.338027,14338
94628.350368,14339
94628.365462,14340
94628.379956,14341
94628.394696,14342
94628.407490,14343
94628.421082,14344
94628.434256,14345
94628.448573,14346
94628.460692,14347
94628.473514,14348
94628.486032,14349
94628.505634,14350
94628.516713,14351
94628.527724,14352
94628.540183,14353
94628.551933,14354
94628.564833,14355
94628.579245,14356
94628.592778,14357
94628.606297,14358
94628.621751,14359
94628.634987,14360
94628.646660,14361
94628.658902,14362
94628.670998,14363
94628.682032,14364
94628.693309,14365
94628.706253,14366
94628.718473,14367
94628.731921,14368
94628.744700,14369
94628.760029,14370
94628.772666,14371
94628.783862,14372
94628.794834,14373
94628.807099,14374
94628.820484,14375
94628.833808,14376
94628.847029,14377
94628.860818,14378
94628.873617,14379
94628.889659,14380
94628.902553,14381
94628.915887,14382
94628.929962,14383
94628.945756,14384
94628.961948,14385
94628.974526,14386
94628.989226,14387
94629.003300,14388
94629.016699,14389
94629.028915,14390
94629.041445,14391
94629.056996,14392
94629.072267,14393
94629.086024,14394
94629.101048,14395
94629.114317,14396
94629.127715,14397
94629.142577,14398
94629.156508,14399
94629.169556,14400
94629.184789,14401
94629.203353,14402
94629.217877,14403
94629.230718,14404
94629.244572,14405
94629.256334,14406
94629.269429,14407
94629.283711,14408
94629.301028,14409
94629.315293,14410
94629.331347,14411
94629.346955,14412
94629.360246,14413
94629.375764,14414
94629.388833,14415
94629.403677,14416
94629.418946,14417
94629.434231,14418
94629.451291,14419
94629.464775,14420
94629.480320,14421
94629.497909,14422
94629.511942,14423
94629.526343,14424
94629.541211,14425
94629.552808,14426
94629.565961,14427
94629.580843,14428
94629.595597,14429
94629.609691,14430
94629.624306,14431
94629.639755,14432
94629.654511,14433
94629.668425,14434
94629.684274,14435
94629.697282,14436
94629.712041,14437
94629.727271,14438
94629.740018,14439
94629.753278,14440
94629.766496,14441
94629.781665,14442
94629.796743,14443
94629.809917,14444
94629.822184,14445
94629.837033,14446
94629.850717,14447
94629.863818,14448
94629.878287,14449
94629.894254,14450
94629.906215,14451
94629.923714,14452
94629.939582,14453
94629.953879,14454
94629.968011,14455
94629.983138,14456
94629.997482,14457
94630.012054,14458
94630.024826,14459
94630.043187,14460
94630.057575,14461
94630.070889,14462
94630.083781,14463
94630.098576,14464
94630.114504,14465
94630.129388,14466
94630.146300,14467
94630.162583,14468
94630.177481,14469
94630.192846,14470
94630.207899,14471
94630.224774,14472
94630.240462,14473
94630.256147,14474
94630.269606,14475
94630.285711,14476
94630.296995,14477
94630.314068,14478
94630.328920,14479
94630.350391,14480
94630.364717,14481
94630.381088,14482
94630.395625,14483
94630.413120,14484
94630.428618,14485
94630.443518,14486
94630.459579,14487
94630.474352,14488
94630.489725,14489
94630.504753,14490
94630.518413,14491
94630.533617,14492
94630.552446,14493
94630.569148,14494
94630.582887,14495
94630.598219,14496
94630.613838,14497
94630.630826,14498
94630.646928,14499
94630.659464,14500
94630.665283,14501
94630.670777,14502
94630.676392,14503
94630.682301,14504
94630.688313,14505
94630.693486,14506
94630.699038,14507
94630.704997,14508
94630.710223,14509
94630.715966,14510
94630.722375,14511
94630.727610,14512
94630.733174,14513
94630.739272,14514
94630.744721,14515
94630.749759,14516
94630.755268,14517
94630.760627,14518
94630.765784,14519
94630.771361,14520
94630.776783,14521
94630.781983,14522
94630.788192,14523
94630.793928,14524
94630.799926,14525
94630.805595,14526
94630.811094,14527
94630.816907,14528
94630.822875,14529
94630.828573,14530
94630.834577,14531
94630.840238,14532
94630.845671,14533
94630.851068,14534
94630.857645,14535
94630.863454,14536
94630.868960,14537
94630.874395,14538
94630.881985,14539
94630.888612,14540
94630.894959,14541
94630.904979,14542
94630.914831,14543
94630.920882,14544
94630.927061,14545
94630.933600,14546
94630.939063,14547
94630.944418,14548
94630.949701,14549
94630.956154,14550
94630.961873,14551
94630.967273,14552
94630.973351,14553
94630.978708,14554
94630.984456,14555
94630.990695,14556
94630.996797,14557
94631.003332,14558
94631.008612,14559
94631.014052,14560
94631.019829,14561
94631.025709,14562
94631.031805,14563
94631.038232,14564
94631.044281,14565
94631.049820,14566
94631.055014,14567
94631.061184,14568
94631.066930,14569
94631.072930,14570
94631.078015,14571
94631.083882,14572
94631.089142,14573
94631.095519,14574
94631.101020,14575
94631.107693,14576
94631.113747,14577
94631.119737,14578
94631.126950,14579
94631.132190,14580
94631.137265,14581
94631.143435,14582
94631.150095,14583
94631.156110,14584
94631.163019,14585
94631.169305,14586
94631.175036,14587
94631.180329,14588
94631.186597,14589
94631.192026,14590
94631.198707,14591
94631.204905,14592
94631.210605,14593
94631.216628,14594
94631.222110,14595
94631.227417,14596
94631.233365,14597
94631.239493,14598
94631.244729,14599
94631.258430,14600
94631.264135,14601
94631.269631,14602
94631.275078,14603
94631.281269,14604
94631.286420,14605
94631.292176,14606
94631.297370,14607
94631.302561,14608
94631.312163,14609
94631.321525,14610
94631.331029,14611
94631.339971,14612
94631.346154,14613
94631.351745,14614
94631.358806,14615
94631.364943,14616
94631.370271,14617
94631.376485,14618
94631.381635,14619
94631.387323,14620
94631.393098,14621
94631.398557,14622
94631.404141,14623
94631.409754,14624
94631.414943,14625
94631.421323,14626
94631.427143,14627
94631.432419,14628
94631.437696,14629
94631.443622,14630
94631.449444,14631
94631.455230,14632
94631.460971,14633
94631.467988,14634
94631.473935,14635
94631.479293,14636
94631.485294,14637
94631.491790,14638
94631.497910,14639
94631.505077,14640
94631.510969,14641
94631.517464,14642
94631.523702,14643
94631.533258,14644
94631.540141,14645
94631.546167,14646
94631.552230,14647
94631.558643,14648
94631.564728,14649
94631.571839,14650
94631.578201,14651
94631.584705,14652
94631.590939,14653
94631.596574,14654
94631.602928,14655
94631.608897,14656
94631.615072,14657
94631.621298,14658
94631.627325,14659
94631.633956,14660
94631.642198,14661
94631.649800,14662
94631.655924,14663
94631.661340,14664
94631.668515,14665
94631.675677,14666
94631.681215,14667
94631.687280,14668
94631.695999,14669
94631.703482,14670
94631.711341,14671
94631.718179,14672
94631.723964,14673
94631.730853,14674
94631.737450,14675
94631.742592,14676
94631.748975,14677
94631.754669,14678
94631.760968,14679
94631.767991,14680
94631.775938,14681
94631.783213,14682
94631.790211,14683
94631.795508,14684
94631.800917,14685
94631.808129,14686
94631.814366,14687
94631.822687,14688
94631.829984,14689
94631.835596,14690
94631.843286,14691
94631.850713,14692
94631.857906,14693
94631.864897,14694
94631.872267,14695
94631.880929,14696
94631.888137,14697
94631.898088,14698
94631.906643,14699
94631.917356,14700
94631.923496,14701
94631.929731,14702
94631.935758,14703
94631.942582,14704
94631.948582,14705
94631.954861,14706
94631.961985,14707
94631.968639,14708
94631.977288,14709
94631.983751,14710
94631.990864,14711
94631.997940,14712
94632.004398,14713
94632.011327,14714
94632.018695,14715
94632.025655,14716
94632.032669,14717
94632.039511,14718
94632.046681,14719
94632.053533,14720
94632.061597,14721
94632.067994,14722
94632.075703,14723
94632.082872,14724
94632.088891,14725
94632.094871,14726
94632.100937,14727
94632.109786,14728
94632.116767,14729
94632.122868,14730
94632.129641,14731
94632.137039,14732
94632.147620,14733
94632.156601,14734
94632.163571,14735
94632.169910,14736
94632.177658,14737
94632.186201,14738
94632.193315,14739
94632.201653,14740
94632.208240,14741
94632.214763,14742
94632.221550,14743
94632.228611,14744
94632.235962,14745
94632.243263,14746
94632.251933,14747
94632.259605,14748
94632.267375,14749
94632.283136,14750
94632.295725,14751
94632.308406,14752
94632.319696,14753
94632.330197,14754
94632.344427,14755
94632.357549,14756
94632.368195,14757
94632.373791,14758
94632.387604,14759
94632.402431,14760
94632.414784,14761
94632.429213,14762
94632.441240,14763
94632.453363,14764
94632.463894,14765
94632.481400,14766
94632.493243,14767
94632.498645,14768
94632.513048,14769
94632.524868,14770
94632.536092,14771
94632.547412,14772
94632.559324,14773
94632.569579,14774
94632.581288,14775
94632.593540,14776
94632.607937,14777
94632.618420,14778
94632.623702,14779
94632.628798,14780
94632.641431,14781
94632.651692,14782
94632.666613,14783
94632.678497,14784
94632.692617,14785
94632.707636,14786
94632.718275,14787
94632.728585,14788
94632.742708,14789
94632.748016,14790
94632.763578,14791
94632.774103,14792
94632.779839,14793
94632.794344,14794
94632.804634,14795
94632.815032,14796
94632.831689,14797
94632.845926,14798
94632.860399,14799
94632.875531,14800
94632.888093,14801
94632.899469,14802
94632.909357,14803
94632.925232,14804
94632.935533,14805
94632.940942,14806
94632.946269,14807
94632.963222,14808
94632.975712,14809
94632.990271,14810
94633.001760,14811
94633.011902,14812
94633.025634,14813
94633.036841,14814
94633.048917,14815
94633.067562,14816
94633.085134,14817
94633.097281,14818
94633.111541,14819
94633.126062,14820
94633.137874,14821
94633.151958,14822
94633.157903,14823
94633.171549,14824
94633.183276,14825
94633.194659,14826
94633.207254,14827
94633.218040,14828
94633.229593,14829
94633.243273,14830
94633.257111,14831
94633.267594,14832
94633.282509,14833
94633.293158,14834
94633.303467,14835
94633.309121,14836
94633.319282,14837
94633.333252,14838
94633.344041,14839
94633.356548,14840
94633.370882,14841
94633.382486,14842
94633.398599,14843
94633.404564,14844
94633.415788,14845
94633.431511,14846
94633.444452,14847
94633.455994,14848
94633.471766,14849
94633.488981,14850
94633.502260,14851
94633.515998,14852
94633.529158,14853
94633.537640,14854
94633.549540,14855
94633.563057,14856
94633.572172,14857
94633.585722,14858
94633.595212,14859
94633.607280,14860
94633.621898,14861
94633.630714,14862
94633.644202,14863
94633.657810,14864
94633.670720,14865
94633.682715,14866
94633.695392,14867
94633.708166,14868
94633.722031,14869
94633.732996,14870
94633.746318,14871
94633.759411,14872
94633.773206,14873
94633.787373,14874
94633.800619,14875
94633.813951,14876
94633.827097,14877
94633.839646,14878
94633.852211,14879
94633.865235,14880
94633.878882,14881
94633.893009,14882
94633.906354,14883
94633.916776,14884
94633.929827,14885
94633.943703,14886
94633.957302,14887
94633.970212,14888
94633.983724,14889
94633.996918,14890
94634.009049,14891
94634.019577,14892
94634.030411,14893
94634.043964,14894
94634.057749,14895
94634.071850,14896
94634.082805,14897
94634.093598,14898
94634.108441,14899
94634.121942,14900
94634.132042,14901
94634.147446,14902
94634.160182,14903
94634.176529,14904
94634.191235,14905
94634.203788,14906
94634.216697,14907
94634.232913,14908
94634.243415,14909
94634.258242,14910
94634.272669,14911
94634.288845,14912
94634.302025,14913
94634.315475,14914
94634.325992,14915
94634.342048,14916
94634.355792,14917
94634.368280,14918
94634.381807,14919
94634.395378,14920
94634.406301,14921
94634.417024,14922
94634.429771,14923
94634.440798,14924
94634.453780,14925
94634.464482,14926
94634.475492,14927
94634.486735,14928
94634.500396,14929
94634.514263,14930
94634.524493,14931
94634.537357,14932
94634.550941,14933
94634.565098,14934
94634.578937,14935
94634.585847,14936
94634.598493,14937
94634.612735,14938
94634.626425,14939
94634.639068,14940
94634.651692,14941
94634.668365,14942
94634.682196,14943
94634.696530,14944
94634.709477,14945
94634.720323,14946
94634.731194,14947
94634.745649,14948
94634.760221,14949
94634.776474,14950
94634.788614,14951
94634.802289,14952
94634.812820,14953
94634.824849,14954
94634.837354,14955
94634.845733,14956
94634.853239,14957
94634.860752,14958
94634.873449,14959
94634.883845,14960
94634.895185,14961
94634.902886,14962
94634.914262,14963
94634.926354,14964
94634.939630,14965
94634.951300,14966
94634.964940,14967
94634.976478,14968
94634.989483,14969
94635.003763,14970
94635.012716,14971
94635.027600,14972
94635.040187,14973
94635.048223,14974
94635.055579,14975
94635.064564,14976
94635.078594,14977
94635.092094,14978
94635.101161,14979
94635.111035,14980
94635.127202,14981
94635.142720,14982
94635.158093,14983
94635.172395,14984
94635.186354,14985
94635.197420,14986
94635.212291,14987
94635.227623,14988
94635.242880,14989
94635.259399,14990
94635.272083,14991
94635.283070,14992
94635.293765,14993
94635.304128,14994
94635.318302,14995
94635.330809,14996
94635.344438,14997
94635.358774,14998
94635.374218,14999
94635.390926,15000
94635.400439,15001
94635.411127,15002
94635.420480,15003
94635.429030,15004
94635.437369,15005
94635.448224,15006
94635.460800,15007
94635.469812,15008
94635.478946,15009
94635.488284,15010
94635.497403,15011
94635.507427,15012
94635.517396,15013
94635.526822,15014
94635.537039,15015
94635.547301,15016
94635.561047,15017
94635.574590,15018
94635.587390,15019
94635.597570,15020
94635.607307,15021
94635.617533,15022
94635.627870,15023
94635.640335,15024
94635.652833,15025
94635.662618,15026
94635.674195,15027
94635.684120,15028
94635.693545,15029
94635.704756,15030
94635.717587,15031
94635.727454,15032
94635.735880,15033
94635.746595,15034
94635.756564,15035
94635.767369,15036
94635.776522,15037
94635.784055,15038
94635.796718,15039
94635.806352,15040
94635.815042,15041
94635.825763,15042
94635.838164,15043
94635.849504,15044
94635.859465,15045
94635.870695,15046
94635.882369,15047
94635.893547,15048
94635.903131,15049
94635.914342,15050
94635.924070,15051
94635.933695,15052
94635.944826,15053
94635.956016,15054
94635.967099,15055
94635.976643,15056
94635.988313,15057
94635.999429,15058
94636.011331,15059
94636.022541,15060
94636.033639,15061
94636.045019,15062
94636.056051,15063
94636.066761,15064
94636.076035,15065
94636.087072,15066
94636.097265,15067
94636.108581,15068
94636.118641,15069
94636.128259,15070
94636.141386,15071
94636.151288,15072
94636.162417,15073
94636.173378,15074
94636.184680,15075
94636.195369,15076
94636.206574,15077
94636.217795,15078
94636.229724,15079
94636.240040,15080
94636.250300,15081
94636.260425,15082
94636.271388,15083
94636.281869,15084
94636.290376,15085
94636.304125,15086
94636.315515,15087
94636.325600,15088
94636.336780,15089
94636.347084,15090
94636.358333,15091
94636.369064,15092
94636.380649,15093
94636.392443,15094
94636.402706,15095
94636.413685,15096
94636.425565,15097
94636.436494,15098
94636.450519,15099
94636.464305,15100
94636.474688,15101
94636.483788,15102
94636.491421,15103
94636.500923,15104
94636.512186,15105
94636.523143,15106
94636.533924,15107
94636.543763,15108
94636.555425,15109
94636.566602,15110
94636.575854,15111
94636.586263,15112
94636.595650,15113
94636.607884,15114
94636.619839,15115
94636.630963,15116
94636.641790,15117
94636.650028,15118
94636.661838,15119
94636.673314,15120
94636.686690,15121
94636.695047,15122
94636.705281,15123
94636.717974,15124
94636.731714,15125
94636.744939,15126
94636.758447,15127
94636.770780,15128
94636.784669,15129
94636.797783,15130
94636.808913,15131
94636.819957,15132
94636.833763,15133
94636.845840,15134
94636.858337,15135
94636.871098,15136
94636.883098,15137
94636.891674,15138
94636.902689,15139
94636.914471,15140
94636.926267,15141
94636.939306,15142
94636.951595,15143
94636.959437,15144
94636.971485,15145
94636.979732,15146
94636.993233,15147
94637.002369,15148
94637.013100,15149
94637.027633,15150
94637.039687,15151
94637.050484,15152
94637.062873,15153
94637.076014,15154
94637.089613,15155
94637.103055,15156
94637.112990,15157
94637.127185,15158
94637.137937,15159
94637.151801,15160
94637.165344,15161
94637.176853,15162
94637.187883,15163
94637.204932,15164
94637.220047,15165
94637.235177,15166
94637.248766,15167
94637.260145,15168
94637.273952,15169
94637.284068,15170
94637.297777,15171
94637.310717,15172
94637.325947,15173
94637.339193,15174
94637.350627,15175
94637.362746,15176
94637.376736,15177
94637.386620,15178
94637.398764,15179
94637.411760,15180
94637.424895,15181
94637.436350,15182
94637.450322,15183
94637.463736,15184
94637.477260,15185
94637.488223,15186
94637.501760,15187
94637.515781,15188
94637.527891,15189
94637.541330,15190
94637.554783,15191
94637.566177,15192
94637.581767,15193
94637.593192,15194
94637.607046,15195
94637.620123,15196
94637.634728,15197
94637.648748,15198
94637.662847,15199
94637.678496,15200
94637.691218,15201
94637.702853,15202
94637.711187,15203
94637.719176,15204
94637.728826,15205
94637.741225,15206
94637.749639,15207
94637.760214,15208
94637.771928,15209
94637.782341,15210
94637.794197,15211
94637.805758,15212
94637.817906,15213
94637.829281,15214
94637.837640,15215
94637.850454,15216
94637.858354,15217
94637.872322,15218
94637.887707,15219
94637.900010,15220
94637.909767,15221
94637.919452,15222
94637.928687,15223
94637.938518,15224
94637.948827,15225
94637.958164,15226
94637.967238,15227
94637.977874,15228
94637.988745,15229
94638.002589,15230
94638.013011,15231
94638.023744,15232
94638.034181,15233
94638.046480,15234
94638.058299,15235
94638.072372,15236
94638.083787,15237
94638.096757,15238
94638.109942,15239
94638.120916,15240
94638.133912,15241
94638.144214,15242
94638.156984,15243
94638.166565,15244
94638.179877,15245
94638.190807,15246
94638.201150,15247
94638.215913,15248
94638.230112,15249
94638.249364,15250
94638.260858,15251
94638.272916,15252
94638.285987,15253
94638.297722,15254
94638.310201,15255
94638.321793,15256
94638.334061,15257
94638.346912,15258
94638.359023,15259
94638.371958,15260
94638.386373,15261
94638.399310,15262
94638.412092,15263
94638.424482,15264
94638.435432,15265
94638.449297,15266
94638.461276,15267
94638.472928,15268
94638.484679,15269
94638.497328,15270
94638.510980,15271
94638.523219,15272
94638.535604,15273
94638.547036,15274
94638.563538,15275
94638.579051,15276
94638.593064,15277
94638.605506,15278
94638.618736,15279
94638.629739,15280
94638.641327,15281
94638.652546,15282
94638.665807,15283
94638.678750,15284
94638.693058,15285
94638.704294,15286
94638.717549,15287
94638.729296,15288
94638.742059,15289
94638.754423,15290
94638.767937,15291
94638.780861,15292
94638.792740,15293
94638.804792,15294
94638.816844,15295
94638.828242,15296
94638.839784,15297
94638.852190,15298
94638.863563,15299
94638.877125,15300
94638.891201,15301
94638.902836,15302
94638.914402,15303
94638.925462,15304
94638.936482,15305
94638.950655,15306
94638.967349,15307
94638.979811,15308
94638.992451,15309
94639.007034,15310
94639.019613,15311
94639.032257,15312
94639.046071,15313
94639.059726,15314
94639.074150,15315
94639.087498,15316
94639.100529,15317
94639.113693,15318
94639.125343,15319
94639.139272,15320
94639.157148,15321
94639.171060,15322
94639.183965,15323
94639.198980,15324
94639.211788,15325
94639.225256,15326
94639.238334,15327
94639.252884,15328
94639.267403,15329
94639.280365,15330
94639.295077,15331
94639.307716,15332
94639.321979,15333
94639.335760,15334
94639.348301,15335
94639.360406,15336
94639.375265,15337
94639.388417,15338
94639.401773,15339
94639.414209,15340
94639.427317,15341
94639.442630,15342
94639.454371,15343
94639.466165,15344
94639.482062,15345
94639.496257,15346
94639.508443,15347
94639.523681,15348
94639.541774,15349
94639.557921,15350
94639.569294,15351
94639.580772,15352
94639.593497,15353
94639.605296,15354
94639.617681,15355
94639.629942,15356
94639.642828,15357
94639.655874,15358
94639.667530,15359
94639.679964,15360
94639.692312,15361
94639.704617,15362
94639.717556,15363
94639.729808,15364
94639.740667,15365
94639.753221,15366
94639.766917,15367
94639.780316,15368
94639.793768,15369
94639.806420,15370
94639.817837,15371
94639.831369,15372
94639.844447,15373
94639.856511,15374
94639.868448,15375
94639.880835,15376
94639.892841,15377
94639.907284,15378
94639.919910,15379
94639.931236,15380
94639.942669,15381
94639.954219,15382
94639.965932,15383
94639.978260,15384
94639.990626,15385
94640.003514,15386
94640.015509,15387
94640.027762,15388
94640.039104,15389
94640.051962,15390
94640.064525,15391
94640.076731,15392
94640.088626,15393
94640.100371,15394
94640.111487,15395
94640.124701,15396
94640.136727,15397
94640.148073,15398
94640.160308,15399
94640.171872,15400
94640.184315,15401
94640.198732,15402
94640.210704,15403
94640.225063,15404
94640.236456,15405
94640.249890,15406
94640.262028,15407
94640.274493,15408
94640.286381,15409
94640.299257,15410
94640.311255,15411
94640.324143,15412
94640.335883,15413
94640.347211,15414
94640.358279,15415
94640.371789,15416
94640.384465,15417
94640.397070,15418
94640.409985,15419
94640.423536,15420
94640.436109,15421
94640.448329,15422
94640.461533,15423
94640.474393,15424
94640.487218,15425
94640.499438,15426
94640.512743,15427
94640.526012,15428
94640.539898,15429
94640.552483,15430
94640.565100,15431
94640.577454,15432
94640.589737,15433
94640.602687,15434
94640.614650,15435
94640.628216,15436
94640.639826,15437
94640.655423,15438
94640.667775,15439
94640.680175,15440
94640.692481,15441
94640.706148,15442
94640.717453,15443
94640.730336,15444
94640.741796,15445
94640.754970,15446
94640.766614,15447
94640.778932,15448
94640.792477,15449
94640.807838,15450
94640.820675,15451
94640.832536,15452
94640.845227,15453
94640.858653,15454
94640.870322,15455
94640.884403,15456
94640.897130,15457
94640.908775,15458
94640.921468,15459
94640.933315,15460
94640.946220,15461
94640.958046,15462
94640.970906,15463
94640.983793,15464
94640.996666,15465
94641.010328,15466
94641.022167,15467
94641.034392,15468
94641.046955,15469
94641.059085,15470
94641.071884,15471
94641.083331,15472
94641.096293,15473
94641.108952,15474
94641.123751,15475
94641.136495,15476
94641.149294,15477
94641.160797,15478
94641.173921,15479
94641.186812,15480
94641.200370,15481
94641.212853,15482
94641.225840,15483
94641.240070,15484
94641.252880,15485
94641.264280,15486
94641.277695,15487
94641.291633,15488
94641.304749,15489
94641.318594,15490
94641.330961,15491
94641.343419,15492
94641.356677,15493
94641.370625,15494
94641.385033,15495
94641.398071,15496
94641.410337,15497
94641.423593,15498
94641.436524,15499
94641.448052,15750
94641.457576,15751
94641.463881,15752
94641.469913,15753
94641.475548,15754
94641.480570,15755
94641.485798,15756
94641.490823,15757
94641.495998,15758
94641.501125,15759
94641.506727,15760
94641.512483,15761
94641.518686,15762
94641.523908,15763
94641.529331,15764
94641.534576,15765
94641.540292,15766
94641.546858,15767
94641.552323,15768
94641.562909,15769
94641.573606,15770
94641.583658,15771
94641.589420,15772
94641.595990,15773
94641.605024,15774
94641.611022,15775
94641.617130,15776
94641.623096,15777
94641.628596,15778
94641.634245,15779
94641.639917,15780
94641.645684,15781
94641.651325,15782
94641.656657,15783
94641.662131,15784
94641.667317,15785
94641.672726,15786
94641.678305,15787
94641.683683,15788
94641.688727,15789
94641.694190,15790
94641.699899,15791
94641.705279,15792
94641.710667,15793
94641.715712,15794
94641.721056,15795
94641.726520,15796
94641.731892,15797
94641.737138,15798
94641.742720,15799
94641.750152,15800
94641.755644,15801
94641.760900,15802
94641.766702,15803
94641.771937,15804
94641.777429,15805
94641.784612,15806
94641.790197,15807
94641.795407,15808
94641.800785,15809
94641.806015,15810
94641.811589,15811
94641.820162,15812
94641.826513,15813
94641.832332,15814
94641.837921,15815
94641.843187,15816
94641.848415,15817
94641.853788,15818
94641.859294,15819
94641.864843,15820
94641.870855,15821
94641.876541,15822
94641.882400,15823
94641.888044,15824
94641.894193,15825
94641.899533,15826
94641.905316,15827
94641.910877,15828
94641.916205,15829
94641.921374,15830
94641.926582,15831
94641.931651,15832
94641.936974,15833
94641.942237,15834
94641.947418,15835
94641.952605,15836
94641.957754,15837
94641.963412,15838
94641.968615,15839
94641.973915,15840
94641.979208,15841
94641.984388,15842
94641.989571,15843
94641.995560,15844
94642.000801,15845
94642.006122,15846
94642.011628,15847
94642.016815,15848
94642.022014,15849
94642.027224,15850
94642.032837,15851
94642.038494,15852
94642.044461,15853
94642.049564,15854
94642.055371,15855
94642.060561,15856
94642.065670,15857
94642.070964,15858
94642.076289,15859
94642.081683,15860
94642.087006,15861
94642.092810,15862
94642.097901,15863
94642.103765,15864
94642.109027,15865
94642.114448,15866
94642.120397,15867
94642.125906,15868
94642.131497,15869
94642.136760,15870
94642.141941,15871
94642.147103,15872
94642.152236,15873
94642.157511,15874
94642.162823,15875
94642.167858,15876
94642.173447,15877
94642.178734,15878
94642.184021,15879
94642.189214,15880
94642.194158,15881
94642.199096,15882
94642.204441,15883
94642.209484,15884
94642.214718,15885
94642.220098,15886
94642.225975,15887
94642.231417,15888
94642.236650,15889
94642.242098,15890
94642.247492,15891
94642.253132,15892
94642.258549,15893
94642.263867,15894
94642.269276,15895
94642.274595,15896
94642.280353,15897
94642.285532,15898
94642.290714,15899
94642.298472,15900
94642.304096,15901
94642.310189,15902
94642.315478,15903
94642.320614,15904
94642.328733,15905
94642.334191,15906
94642.339580,15907
94642.344921,15908
94642.350466,15909
94642.355729,15910
94642.360995,15911
94642.366457,15912
94642.371921,15913
94642.377407,15914
94642.382572,15915
94642.387926,15916
94642.393676,15917
94642.399048,15918
94642.404313,15919
94642.409443,15920
94642.414655,15921
94642.420173,15922
94642.425311,15923
94642.430502,15924
94642.436113,15925
94642.441323,15926
94642.446813,15927
94642.451968,15928
94642.457390,15929
94642.463016,15930
94642.468433,15931
94642.473498,15932
94642.478827,15933
94642.483881,15934
94642.489190,15935
94642.494202,15936
94642.499605,15937
94642.504795,15938
94642.510245,15939
94642.515672,15940
94642.521156,15941
94642.526254,15942
94642.531506,15943
94642.537262,15944
94642.542404,15945
94642.547829,15946
94642.553318,15947
94642.558632,15948
94642.564224,15949
94642.569589,15950
94642.574893,15951
94642.580880,15952
94642.586731,15953
94642.591969,15954
94642.597303,15955
94642.602506,15956
94642.607993,15957
94642.613849,15958
94642.619262,15959
94642.624410,15960
94642.629772,15961
94642.635157,15962
94642.640403,15963
94642.645863,15964
94642.651352,15965
94642.657425,15966
94642.662938,15967
94642.668312,15968
94642.673604,15969
94642.679023,15970
94642.684179,15971
94642.689229,15972
94642.694278,15973
94642.699644,15974
94642.705167,15975
94642.711060,15976
94642.716286,15977
94642.721750,15978
94642.727402,15979
94642.732571,15980
94642.737816,15981
94642.743163,15982
94642.748450,15983
94642.753548,15984
94642.758887,15985
94642.764233,15986
94642.769871,15987
94642.775422,15988
94642.781081,15989
94642.786244,15990
94642.791581,15991
94642.797371,15992
94642.802881,15993
94642.808912,15994
94642.814235,15995
94642.819459,15996
94642.825006,15997
94642.830754,15998
94642.835960,15999
94642.847186,16000
94642.858122,16001
94642.868007,16002
94642.878647,16003
94642.887677,16004
94642.896785,16005
94642.907516,16006
94642.916062,16007
94642.924307,16008
94642.935623,16009
94642.945249,16010
94642.956316,16011
94642.965533,16012
94642.973839,16013
94642.984701,16014
94642.995765,16015
94643.005203,16016
94643.013443,16017
94643.024122,16018
94643.031604,16019
94643.042266,16020
94643.051248,16021
94643.061071,16022
94643.072413,16023
94643.082037,16024
94643.093585,16025
94643.104695,16026
94643.115767,16027
94643.125415,16028
94643.134669,16029
94643.145428,16030
94643.156196,16031
94643.165700,16032
94643.176676,16033
94643.187527,16034
94643.196019,16035
94643.206526,16036
94643.218465,16037
94643.229444,16038
94643.240031,16039
94643.249625,16040
94643.260703,16041
94643.269789,16042
94643.280815,16043
94643.291711,16044
94643.301258,16045
94643.311834,16046
94643.320669,16047
94643.331170,16048
94643.344289,16049
94643.358868,16050
94643.366811,16051
94643.376744,16052
94643.385854,16053
94643.394796,16054
94643.403821,16055
94643.415195,16056
94643.424034,16057
94643.434555,16058
94643.445561,16059
94643.453217,16060
94643.464121,16061
94643.475352,16062
94643.483997,16063
94643.493597,16064
94643.502048,16065
94643.511471,16066
94643.518706,16067
94643.529480,16068
94643.537803,16069
94643.548452,16070
94643.556312,16071
94643.562645,16072
94643.572266,16073
94643.581391,16074
94643.593145,16075
94643.602753,16076
94643.610611,16077
94643.621902,16078
94643.632127,16079
94643.640675,16080
94643.652107,16081
94643.661665,16082
94643.671285,16083
94643.682509,16084
94643.693231,16085
94643.702936,16086
94643.711069,16087
94643.718879,16088
94643.730625,16089
94643.737608,16090
94643.746653,16091
94643.757490,16092
94643.768993,16093
94643.780467,16094
94643.790943,16095
94643.801290,16096
94643.810348,16097
94643.818718,16098
94643.827700,16099
94643.837752,16100
94643.846764,16101
94643.854896,16102
94643.864504,16103
94643.874904,16104
94643.885419,16105
94643.894845,16106
94643.905877,16107
94643.916149,16108
94643.925259,16109
94643.935656,16110
94643.943796,16111
94643.952389,16112
94643.963799,16113
94643.972468,16114
94643.983380,16115
94643.994345,16116
94644.002805,16117
94644.013774,16118
94644.025664,16119
94644.036261,16120
94644.045608,16121
94644.055210,16122
94644.067369,16123
94644.079220,16124
94644.089769,16125
94644.099918,16126
94644.111350,16127
94644.121014,16128
94644.132022,16129
94644.143247,16130
94644.152697,16131
94644.164508,16132
94644.174259,16133
94644.185388,16134
94644.198315,16135
94644.207735,16136
94644.215359,16137
94644.224903,16138
94644.234760,16139
94644.245806,16140
94644.254857,16141
94644.264745,16142
94644.275725,16143
94644.287967,16144
94644.297997,16145
94644.309669,16146
94644.323191,16147
94644.334301,16148
94644.345090,16149
94644.358695,16150
94644.367356,16151
94644.377565,16152
94644.388589,16153
94644.397043,16154
94644.405925,16155
94644.415391,16156
94644.423806,16157
94644.432234,16158
94644.442382,16159
94644.452515,16160
94644.463278,16161
94644.471422,16162
94644.481412,16163
94644.489648,16164
94644.503474,16165
94644.515069,16166
94644.525662,16167
94644.535459,16168
94644.543485,16169
94644.553137,16170
94644.564770,16171
94644.574971,16172
94644.587041,16173
94644.594367,16174
94644.607729,16175
94644.618865,16176
94644.628967,16177
94644.636087,16178
94644.645416,16179
94644.655907,16180
94644.667330,16181
94644.678639,16182
94644.687834,16183
94644.697754,16184
94644.708864,16185
94644.718249,16186
94644.729493,16187
94644.739577,16188
94644.750640,16189
94644.758839,16190
94644.768757,16191
94644.779237,16192
94644.789591,16193
94644.800691,16194
94644.811349,16195
94644.820353,16196
94644.829233,16197
94644.838939,16198
94644.850528,16199
94644.861729,16200
94644.874754,16201
94644.883667,16202
94644.892622,16203
94644.902610,16204
94644.913199,16205
94644.923542,16206
94644.934564,16207
94644.945105,16208
94644.956520,16209
94644.967267,16210
94644.977899,16211
94644.988930,16212
94645.000006,16213
94645.011085,16214
94645.022037,16215
94645.032318,16216
94645.041402,16217
94645.052023,16218
94645.063167,16219
94645.073613,16220
94645.084475,16221
94645.095336,16222
94645.104854,16223
94645.114948,16224
94645.125689,16225
94645.137515,16226
94645.149737,16227
94645.161088,16228
94645.171567,16229
94645.182307,16230
94645.193331,16231
94645.205047,16232
94645.216521,16233
94645.227040,16234
94645.238135,16235
94645.248713,16236
94645.259947,16237
94645.271379,16238
94645.282592,16239
94645.291815,16240
94645.300264,16241
94645.309865,16242
94645.321437,16243
94645.332044,16244
94645.343376,16245
94645.353717,16246
94645.363453,16247
94645.373737,16248
94645.382514,16249
94645.398666,16250
94645.412943,16251
94645.419538,16252
94645.426402,16253
94645.440708,16254
94645.446569,16255
94645.456307,16256
94645.462847,16257
94645.475193,16258
94645.483529,16259
94645.489640,16260
94645.499568,16261
94645.505278,16262
94645.518302,16263
94645.525675,16264
94645.536860,16265
94645.542978,16266
94645.554805,16267
94645.569269,16268
94645.576375,16269
94645.587850,16270
94645.594300,16271
94645.605413,16272
94645.611455,16273
94645.617499,16274
94645.629983,16275
94645.642250,16276
94645.652491,16277
94645.658822,16278
94645.664998,16279
94645.675590,16280
94645.689215,16281
94645.700717,16282
94645.713321,16283
94645.719933,16284
94645.728339,16285
94645.734611,16286
94645.751203,16287
94645.757447,16288
94645.763505,16289
94645.769706,16290
94645.780535,16291
94645.794743,16292
94645.808715,16293
94645.823889,16294
94645.832965,16295
94645.844317,16296
94645.851030,16297
94645.861852,16298
94645.873883,16299
94645.882244,16300
94645.893834,16301
94645.903286,16302
94645.909740,16303
94645.921847,16304
94645.928561,16305
94645.934503,16306
94645.945501,16307
94645.959604,16308
94645.970602,16309
94645.982471,16310
94645.989461,16311
94645.994957,16312
94646.000772,16313
94646.006433,16314
94646.020391,16315
94646.026494,16316
94646.032863,16317
94646.045251,16318
94646.051845,16319
94646.057837,16320
94646.063493,16321
94646.068723,16322
94646.078509,16323
94646.090101,16324
94646.101855,16325
94646.108187,16326
94646.114527,16327
94646.123520,16328
94646.129665,16329
94646.136602,16330
94646.142670,16331
94646.148808,16332
94646.157671,16333
94646.169255,16334
94646.177357,16335
94646.186247,16336
94646.192232,16337
94646.198739,16338
94646.208076,16339
94646.220797,16340
94646.235941,16341
94646.241916,16342
94646.247976,16343
94646.259268,16344
94646.271452,16345
94646.277565,16346
94646.290821,16347
94646.303038,16348
94646.316519,16349
94646.328004,16350
94646.339219,16351
94646.347905,16352
94646.354028,16353
94646.360476,16354
94646.366800,16355
94646.373065,16356
94646.379462,16357
94646.385845,16358
94646.396723,16359
94646.411682,16360
94646.425573,16361
94646.431800,16362
94646.437697,16363
94646.443316,16364
94646.449228,16365
94646.460495,16366
94646.468837,16367
94646.474244,16368
94646.480021,16369
94646.493910,16370
94646.499960,16371
94646.506221,16372
94646.511929,16373
94646.524292,16374
94646.536605,16375
94646.542465,16376
94646.548358,16377
94646.560468,16378
94646.567057,16379
94646.573721,16380
94646.580638,16381
94646.586887,16382
94646.599153,16383
94646.606337,16384
94646.621050,16385
94646.631994,16386
94646.643223,16387
94646.649985,16388
94646.661676,16389
94646.673520,16390
94646.686308,16391
94646.696330,16392
94646.710611,16393
94646.716668,16394
94646.722472,16395
94646.728369,16396
94646.734913,16397
94646.740867,16398
94646.756176,16399
94646.770261,16400
94646.776625,16401
94646.783337,16402
94646.789418,16403
94646.795648,16404
94646.808910,16405
94646.816098,16406
94646.822722,16407
94646.832446,16408
94646.847318,16409
94646.858189,16410
94646.864866,16411
94646.871866,16412
94646.881801,16413
94646.895668,16414
94646.905667,16415
94646.915868,16416
94646.922472,16417
94646.934247,16418
94646.945664,16419
94646.956797,16420
94646.970981,16421
94646.977350,16422
94646.989990,16423
94647.002334,16424
94647.008580,16425
94647.021916,16426
94647.030571,16427
94647.043983,16428
94647.050709,16429
94647.061578,16430
94647.075838,16431
94647.088815,16432
94647.100169,16433
94647.112316,16434
94647.124361,16435
94647.130936,16436
94647.137735,16437
94647.149765,16438
94647.160854,16439
94647.166952,16440
94647.177979,16441
94647.185326,16442
94647.192337,16443
94647.205369,16444
94647.216656,16445
94647.222819,16446
94647.229814,16447
94647.243938,16448
94647.255767,16449
94647.267383,16450
94647.280855,16451
94647.294397,16452
94647.305726,16453
94647.311962,16454
94647.324262,16455
94647.335603,16456
94647.346746,16457
94647.359344,16458
94647.366176,16459
94647.372660,16460
94647.379555,16461
94647.394145,16462
94647.407614,16463
94647.420028,16464
94647.432680,16465
94647.439716,16466
94647.450285,16467
94647.463518,16468
94647.475354,16469
94647.487123,16470
94647.493208,16471
94647.505657,16472
94647.513306,16473
94647.524912,16474
94647.532090,16475
94647.543284,16476
94647.555675,16477
94647.569973,16478
94647.583664,16479
94647.596225,16480
94647.603423,16481
94647.616605,16482
94647.628207,16483
94647.635509,16484
94647.642419,16485
94647.653370,16486
94647.660350,16487
94647.672890,16488
94647.685511,16489
94647.698825,16490
94647.711883,16491
94647.724697,16492
94647.731240,16493
94647.745099,16494
94647.755845,16495
94647.768801,16496
94647.775800,16497
94647.782418,16498
94647.790400,16499
94647.804236,16500
94647.815509,16501
94647.827345,16502
94647.839334,16503
94647.851831,16504
94647.864325,16505
94647.876808,16506
94647.888731,16507
94647.901370,16508
94647.911655,16509
94647.923905,16510
94647.935353,16511
94647.948702,16512
94647.959961,16513
94647.972466,16514
94647.983660,16515
94647.997700,16516
94648.012030,16517
94648.024928,16518
94648.037093,16519
94648.050884,16520
94648.064363,16521
94648.076496,16522
94648.092339,16523
94648.104398,16524
94648.115749,16525
94648.130299,16526
94648.140764,16527
94648.151430,16528
94648.163845,16529
94648.176721,16530
94648.187092,16531
94648.199779,16532
94648.212680,16533
94648.229703,16534
94648.242579,16535
94648.257529,16536
94648.273034,16537
94648.286350,16538
94648.298555,16539
94648.313046,16540
94648.329768,16541
94648.344764,16542
94648.359292,16543
94648.371608,16544
94648.384281,16545
94648.396190,16546
94648.407904,16547
94648.419246,16548
94648.432787,16549
94648.450728,16550
94648.461984,16551
94648.473056,16552
94648.484107,16553
94648.495356,16554
94648.507646,16555
94648.518386,16556
94648.529318,16557
94648.541711,16558
94648.554289,16559
94648.565901,16560
94648.578026,16561
94648.588589,16562
94648.598843,16563
94648.610288,16564
94648.620447,16565
94648.631572,16566
94648.643043,16567
94648.654738,16568
94648.666792,16569
94648.678254,16570
94648.688875,16571
94648.700780,16572
94648.712825,16573
94648.725254,16574
94648.734930,16575
94648.746972,16576
94648.760579,16577
94648.771330,16578
94648.784196,16579
94648.795852,16580
94648.807279,16581
94648.819618,16582
94648.831070,16583
94648.843431,16584
94648.855622,16585
94648.865486,16586
94648.879266,16587
94648.892203,16588
94648.903433,16589
94648.915610,16590
94648.926485,16591
94648.939363,16592
94648.950016,16593
94648.962280,16594
94648.973753,16595
94648.987335,16596
94648.999217,16597
94649.010498,16598
94649.021255,16599
94649.032896,16600
94649.046213,16601
94649.058027,16602
94649.071903,16603
94649.084297,16604
94649.097211,16605
94649.108867,16606
94649.121136,16607
94649.133430,16608
94649.145895,16609
94649.157915,16610
94649.169069,16611
94649.182906,16612
94649.194914,16613
94649.207044,16614
94649.220239,16615
94649.231215,16616
94649.243857,16617
94649.255903,16618
94649.269421,16619
94649.283814,16620
94649.296453,16621
94649.309815,16622
94649.324350,16623
94649.335855,16624
94649.349788,16625
94649.363772,16626
94649.381939,16627
94649.396630,16628
94649.409248,16629
94649.421891,16630
94649.434929,16631
94649.447019,16632
94649.459575,16633
94649.472354,16634
94649.483633,16635
94649.494568,16636
94649.505726,16637
94649.517777,16638
94649.529532,16639
94649.541394,16640
94649.554378,16641
94649.567775,16642
94649.584118,16643
94649.596931,16644
94649.610864,16645
94649.624135,16646
94649.638400,16647
94649.650531,16648
94649.664894,16649
94649.681168,16650
94649.692337,16651
94649.702828,16652
94649.714200,16653
94649.725765,16654
94649.737165,16655
94649.751516,16656
94649.762688,16657
94649.774105,16658
94649.785914,16659
94649.798345,16660
94649.809956,16661
94649.821424,16662
94649.833486,16663
94649.843441,16664
94649.855910,16665
94649.867977,16666
94649.880092,16667
94649.890866,16668
94649.903751,16669
94649.914402,16670
94649.925744,16671
94649.938262,16672
94649.952107,16673
94649.965974,16674
94649.976710,16675
94649.987808,16676
94649.998693,16677
94650.009403,16678
94650.020765,16679
94650.035664,16680
94650.047670,16681
94650.057824,16682
94650.068654,16683
94650.079584,16684
94650.091282,16685
94650.103464,16686
94650.116557,16687
94650.129726,16688
94650.140822,16689
94650.151922,16690
94650.165726,16691
94650.176274,16692
94650.188930,16693
94650.201503,16694
94650.213229,16695
94650.226604,16696
94650.237978,16697
94650.249863,16698
94650.263684,16699
94650.277627,16700
94650.289444,16701
94650.301151,16702
94650.313286,16703
94650.325350,16704
94650.337826,16705
94650.350711,16706
94650.363572,16707
94650.378406,16708
94650.390466,16709
94650.402473,16710
94650.415965,16711
94650.428751,16712
94650.442571,16713
94650.454732,16714
94650.468841,16715
94650.480451,16716
94650.493196,16717
94650.504614,16718
94650.518714,16719
94650.531458,16720
94650.544240,16721
94650.556699,16722
94650.569829,16723
94650.581774,16724
94650.594712,16725
94650.606790,16726
94650.619176,16727
94650.632698,16728
94650.645378,16729
94650.657596,16730
94650.671767,16731
94650.685941,16732
94650.699379,16733
94650.710682,16734
94650.724233,16735
94650.739668,16736
94650.752611,16737
94650.765085,16738
94650.779203,16739
94650.795362,16740
94650.810233,16741
94650.823431,16742
94650.837444,16743
94650.848995,16744
94650.861734,16745
94650.874792,16746
94650.887898,16747
94650.900948,16748
94650.915237,16749
94650.924793,16750
94650.932471,16751
94650.939385,16752
94650.946428,16753
94650.953762,16754
94650.959555,16755
94650.964758,16756
94650.971064,16757
94650.976439,16758
94650.984073,16759
94650.994170,16760
94651.001346,16761
94651.007821,16762
94651.015643,16763
94651.021118,16764
94651.027335,16765
94651.034903,16766
94651.042923,16767
94651.048936,16768
94651.055241,16769
94651.061836,16770
94651.073020,16771
94651.080347,16772
94651.085568,16773
94651.091845,16774
94651.097115,16775
94651.102411,16776
94651.110559,16777
94651.119554,16778
94651.126123,16779
94651.133273,16780
94651.140443,16781
94651.149719,16782
94651.157802,16783
94651.164236,16784
94651.172595,16785
94651.179447,16786
94651.188483,16787
94651.193709,16788
94651.199103,16789
94651.205935,16790
94651.212056,16791
94651.220032,16792
94651.225947,16793
94651.234471,16794
94651.244490,16795
94651.249760,16796
94651.257279,16797
94651.264684,16798
94651.271616,16799
94651.281865,16800
94651.289619,16801
94651.296717,16802
94651.303509,16803
94651.309414,16804
94651.314707,16805
94651.320419,16806
94651.326815,16807
94651.332975,16808
94651.339724,16809
94651.346323,16810
94651.353076,16811
94651.360727,16812
94651.367193,16813
94651.372905,16814
94651.379064,16815
94651.385883,16816
94651.392900,16817
94651.398477,16818
94651.404284,16819
94651.410487,16820
94651.416408,16821
94651.421678,16822
94651.428677,16823
94651.434736,16824
94651.442265,16825
94651.447964,16826
94651.456362,16827
94651.462349,16828
94651.467453,16829
94651.475817,16830
94651.483934,16831
94651.494563,16832
94651.501764,16833
94651.507748,16834
94651.516464,16835
94651.523333,16836
94651.529898,16837
94651.540314,16838
94651.547334,16839
94651.553549,16840
94651.560434,16841
94651.567291,16842
94651.574140,16843
94651.580576,16844
94651.588194,16845
94651.593826,16846
94651.599704,16847
94651.606617,16848
94651.613524,16849
94651.620718,16850
94651.629468,16851
94651.637857,16852
94651.644905,16853
94651.651006,16854
94651.658714,16855
94651.666887,16856
94651.674930,16857
94651.682459,16858
94651.688636,16859
94651.696355,16860
94651.701589,16861
94651.707333,16862
94651.713901,16863
94651.721708,16864
94651.730783,16865
94651.740906,16866
94651.749651,16867
94651.759361,16868
94651.767638,16869
94651.774595,16870
94651.780701,16871
94651.788448,16872
94651.796336,16873
94651.803426,16874
94651.811985,16875
94651.821507,16876
94651.830416,16877
94651.838893,16878
94651.848427,16879
94651.855721,16880
94651.864868,16881
94651.870209,16882
94651.879191,16883
94651.888759,16884
94651.899597,16885
94651.905292,16886
94651.911661,16887
94651.920281,16888
94651.926690,16889
94651.935213,16890
94651.941272,16891
94651.951453,16892
94651.960525,16893
94651.967676,16894
94651.976704,16895
94651.986765,16896
94651.993426,16897
94652.001878,16898
94652.007263,16899
94652.018143,16900
94652.027329,16901
94652.035676,16902
94652.043941,16903
94652.050711,16904
94652.058218,16905
94652.066246,16906
94652.071619,16907
94652.079337,16908
94652.086288,16909
94652.095012,16910
94652.101830,16911
94652.111347,16912
94652.120438,16913
94652.130162,16914
94652.139911,16915
94652.145434,16916
94652.154874,16917
94652.160262,16918
94652.167471,16919
94652.176653,16920
94652.184841,16921
94652.194349,16922
94652.202268,16923
94652.212413,16924
94652.220646,16925
94652.229658,16926
94652.238016,16927
94652.244403,16928
94652.253894,16929
94652.262927,16930
94652.272469,16931
94652.279576,16932
94652.292243,16933
94652.299789,16934
94652.308890,16935
94652.319309,16936
94652.328192,16937
94652.337892,16938
94652.343148,16939
94652.352273,16940
94652.362351,16941
94652.372289,16942
94652.380024,16943
94652.386837,16944
94652.397563,16945
94652.408194,16946
94652.419033,16947
94652.428389,16948
94652.437499,16949
94652.446873,16950
94652.458212,16951
94652.469008,16952
94652.479687,16953
94652.487908,16954
94652.498127,16955
94652.508450,16956
94652.519681,16957
94652.529068,16958
94652.541333,16959
94652.553690,16960
94652.565263,16961
94652.574969,16962
94652.583892,16963
94652.592566,16964
94652.604248,16965
94652.614024,16966
94652.625095,16967
94652.634847,16968
94652.647180,16969
94652.658502,16970
94652.670839,16971
94652.683129,16972
94652.695334,16973
94652.707353,16974
94652.717672,16975
94652.731809,16976
94652.745171,16977
94652.758306,16978
94652.771735,16979
94652.786182,16980
94652.800191,16981
94652.812613,16982
94652.825479,16983
94652.838653,16984
94652.851821,16985
94652.862444,16986
94652.875321,16987
94652.885636,16988
94652.898628,16989
94652.908519,16990
94652.917354,16991
94652.930661,16992
94652.941369,16993
94652.953015,16994
94652.966695,16995
94652.980380,16996
94652.993059,16997
94653.005015,16998
94653.018389,16999
94653.034682,17000
94653.046502,17001
94653.057370,17002
94653.063142,17003
94653.068919,17004
94653.080444,17005
94653.092076,17006
94653.102646,17007
94653.113075,17008
94653.118586,17009
94653.124496,17010
94653.135739,17011
94653.140968,17012
94653.147301,17013
94653.158549,17014
94653.170379,17015
94653.175603,17016
94653.186319,17017
94653.196749,17018
94653.208389,17019
94653.220803,17020
94653.233373,17021
94653.245402,17022
94653.257851,17023
94653.263618,17024
94653.277164,17025
94653.282633,17026
94653.293982,17027
94653.306795,17028
94653.320387,17029
94653.326459,17030
94653.338401,17031
94653.350906,17032
94653.362107,17033
94653.375021,17034
94653.388958,17035
94653.394407,17036
94653.400007,17037
94653.405449,17038
94653.417714,17039
94653.429646,17040
94653.435658,17041
94653.446579,17042
94653.452790,17043
94653.458822,17044
94653.464830,17045
94653.476686,17046
94653.487675,17047
94653.498444,17048
94653.509627,17049
94653.519269,17050
94653.530398,17051
94653.541216,17052
94653.546284,17053
94653.559244,17054
94653.570393,17055
94653.583084,17056
94653.588470,17057
94653.594659,17058
94653.606257,17059
94653.618011,17060
94653.629484,17061
94653.641276,17062
94653.652040,17063
94653.663846,17064
94653.675215,17065
94653.687762,17066
94653.692838,17067
94653.698435,17068
94653.709954,17069
94653.722826,17070
94653.735019,17071
94653.748405,17072
94653.759257,17073
94653.764659,17074
94653.769711,17075
94653.780639,17076
94653.791979,17077
94653.804086,17078
94653.816312,17079
94653.827335,17080
94653.838727,17081
94653.844831,17082
94653.855587,17083
94653.866924,17084
94653.877489,17085
94653.883817,17086
94653.895862,17087
94653.906934,17088
94653.917911,17089
94653.930075,17090
94653.935899,17091
94653.947109,17092
94653.957896,17093
94653.970077,17094
94653.980751,17095
94653.987254,17096
94653.997880,17097
94654.010884,17098
94654.023616,17099
94654.034771,17100
94654.039955,17101
94654.050749,17102
94654.062123,17103
94654.072823,17104
94654.077780,17105
94654.090648,17106
94654.096738,17107
94654.107681,17108
94654.117770,17109
94654.128044,17110
94654.140202,17111
94654.151480,17112
94654.156693,17113
94654.168965,17114
94654.179632,17115
94654.190248,17116
94654.201283,17117
94654.206810,17118
94654.211488,17119
94654.222468,17120
94654.233432,17121
94654.246322,17122
94654.251583,17123
94654.264535,17124
94654.270560,17125
94654.276222,17126
94654.286383,17127
94654.297439,17128
94654.308318,17129
94654.319282,17130
94654.331773,17131
94654.344990,17132
94654.356588,17133
94654.367712,17134
94654.378302,17135
94654.383764,17136
94654.393791,17137
94654.399662,17138
94654.410418,17139
94654.416433,17140
94654.426535,17141
94654.432156,17142
94654.444988,17143
94654.450725,17144
94654.455692,17145
94654.466569,17146
94654.478756,17147
94654.486364,17148
94654.497756,17149
94654.506022,17150
94654.518360,17151
94654.531940,17152
94654.542442,17153
94654.555472,17154
94654.568873,17155
94654.580493,17156
94654.592639,17157
94654.604650,17158
94654.618799,17159
94654.630561,17160
94654.641060,17161
94654.652603,17162
94654.664014,17163
94654.675061,17164
94654.686587,17165
94654.699033,17166
94654.709357,17167
94654.720528,17168
94654.733838,17169
94654.745579,17170
94654.757340,17171
94654.769568,17172
94654.780953,17173
94654.791577,17174
94654.802906,17175
94654.814298,17176
94654.826741,17177
94654.838948,17178
94654.850420,17179
94654.861947,17180
94654.873220,17181
94654.884368,17182
94654.896244,17183
94654.907445,17184
94654.919017,17185
94654.931031,17186
94654.941773,17187
94654.953769,17188
94654.967955,17189
94654.982206,17190
94654.994061,17191
94655.006596,17192
94655.018071,17193
94655.028785,17194
94655.040457,17195
94655.053551,17196
94655.064478,17197
94655.075419,17198
94655.085756,17199
94655.097044,17200
94655.108444,17201
94655.120128,17202
94655.130547,17203
94655.141667,17204
94655.153575,17205
94655.164816,17206
94655.175304,17207
94655.187819,17208
94655.199290,17209
94655.210466,17210
94655.222803,17211
94655.233708,17212
94655.244755,17213
94655.256018,17214
94655.266721,17215
94655.278657,17216
94655.291479,17217
94655.303993,17218
94655.314819,17219
94655.326801,17220
94655.339264,17221
94655.350275,17222
94655.360834,17223
94655.372592,17224
94655.382760,17225
94655.394739,17226
94655.407407,17227
94655.419577,17228
94655.430275,17229
94655.440662,17230
94655.451782,17231
94655.463919,17232
94655.474533,17233
94655.486468,17234
94655.498609,17235
94655.509693,17236
94655.519630,17237
94655.530669,17238
94655.541785,17239
94655.553027,17240
94655.563404,17241
94655.574778,17242
94655.585646,17243
94655.596769,17244
94655.607768,17245
94655.620255,17246
94655.630784,17247
94655.642051,17248
94655.652713,17249
94655.666298,17250
94655.676490,17251
94655.685802,17252
94655.695484,17253
94655.707877,17254
94655.719249,17255
94655.727396,17256
94655.736858,17257
94655.748582,17258
94655.759524,17259
94655.766837,17260
94655.775188,17261
94655.785609,17262
94655.795825,17263
94655.803177,17264
94655.813850,17265
94655.825783,17266
94655.835275,17267
94655.845277,17268
94655.855056,17269
94655.866057,17270
94655.875117,17271
94655.884420,17272
94655.893214,17273
94655.904648,17274
94655.915275,17275
94655.926385,17276
94655.934641,17277
94655.943262,17278
94655.952579,17279
94655.962703,17280
94655.969816,17281
94655.979430,17282
94655.991080,17283
94656.001474,17284
94656.010006,17285
94656.021102,17286
94656.032048,17287
94656.039734,17288
94656.047791,17289
94656.055713,17290
94656.064475,17291
94656.074888,17292
94656.086611,17293
94656.095639,17294
94656.107048,17295
94656.115568,17296
94656.123563,17297
94656.133664,17298
94656.141920,17299
94656.153477,17300
94656.162923,17301
94656.171641,17302
94656.180536,17303
94656.190666,17304
94656.197138,17305
94656.204123,17306
94656.210794,17307
94656.218862,17308
94656.225301,17309
94656.236198,17310
94656.244498,17311
94656.252269,17312
94656.258345,17313
94656.266869,17314
94656.276258,17315
94656.284591,17316
94656.293280,17317
94656.300047,17318
94656.308833,17319
94656.317130,17320
94656.323706,17321
94656.329848,17322
94656.337984,17323
94656.347327,17324
94656.355267,17325
94656.363286,17326
94656.370453,17327
94656.379846,17328
94656.389494,17329
94656.396359,17330
94656.405433,17331
94656.412822,17332
94656.419919,17333
94656.429232,17334
94656.439797,17335
94656.448048,17336
94656.457494,17337
94656.466629,17338
94656.478254,17339
94656.487042,17340
94656.495641,17341
94656.505856,17342
94656.516609,17343
94656.525592,17344
94656.534591,17345
94656.544247,17346
94656.553257,17347
94656.562410,17348
94656.571735,17349
94656.579466,17350
94656.591794,17351
94656.602270,17352
94656.609655,17353
94656.616876,17354
94656.625803,17355
94656.636506,17356
94656.646073,17357
94656.653115,17358
94656.661281,17359
94656.669748,17360
94656.677956,17361
94656.686247,17362
94656.695267,17363
94656.704595,17364
94656.711455,17365
94656.718043,17366
94656.727142,17367
94656.735776,17368
94656.744883,17369
94656.754190,17370
94656.762502,17371
94656.773007,17372
94656.782424,17373
94656.792934,17374
94656.801759,17375
94656.812402,17376
94656.820896,17377
94656.831864,17378
94656.842449,17379
94656.849698,17380
94656.859356,17381
94656.870164,17382
94656.877340,17383
94656.888875,17384
94656.898225,17385
94656.908429,17386
94656.918582,17387
94656.928161,17388
94656.938752,17389
94656.948494,17390
94656.956954,17391
94656.965422,17392
94656.975013,17393
94656.984316,17394
94656.993213,17395
94657.001687,17396
94657.011017,17397
94657.020766,17398
94657.029100,17399
94657.042813,17400
94657.050801,17401
94657.057385,17402
94657.063991,17403
94657.072032,17404
94657.081902,17405
94657.090742,17406
94657.100217,17407
94657.108596,17408
94657.117945,17409
94657.124945,17410
94657.134206,17411
94657.141498,17412
94657.147804,17413
94657.153898,17414
94657.162547,17415
94657.169059,17416
94657.177437,17417
94657.185866,17418
94657.194470,17419
94657.201268,17420
94657.210425,17421
94657.219847,17422
94657.227773,17423
94657.236512,17424
94657.243849,17425
94657.253138,17426
94657.259969,17427
94657.267843,17428
94657.275770,17429
94657.283896,17430
94657.292306,17431
94657.299758,17432
94657.310762,17433
94657.320509,17434
94657.331156,17435
94657.340503,17436
94657.348472,17437
94657.355247,17438
94657.362993,17439
94657.370151,17440
94657.377557,17441
94657.385258,17442
94657.394473,17443
94657.402824,17444
94657.412608,17445
94657.420392,17446
94657.431840,17447
94657.439876,17448
94657.446561,17449
94657.455727,17450
94657.465269,17451
94657.474199,17452
94657.484387,17453
94657.493450,17454
94657.502448,17455
94657.511487,17456
94657.521484,17457
94657.531537,17458
94657.541551,17459
94657.551685,17460
94657.561335,17461
94657.569082,17462
94657.579102,17463
94657.588710,17464
94657.598902,17465
94657.609028,17466
94657.619415,17467
94657.628751,17468
94657.635837,17469
94657.644334,17470
94657.655685,17471
94657.664412,17472
94657.674398,17473
94657.684364,17474
94657.694876,17475
94657.706036,17476
94657.716789,17477
94657.728318,17478
94657.738577,17479
94657.747720,17480
94657.756430,17481
94657.766092,17482
94657.775831,17483
94657.785784,17484
94657.796606,17485
94657.806803,17486
94657.816277,17487
94657.826505,17488
94657.836251,17489
94657.847689,17490
94657.856084,17491
94657.865444,17492
94657.877164,17493
94657.886507,17494
94657.898244,17495
94657.907571,17496
94657.918029,17497
94657.926617,17498
94657.937817,17499
94657.951611,17500
94657.966552,17501
94657.976686,17502
94657.988059,17503
94657.998913,17504
94658.012022,17505
94658.023575,17506
94658.033729,17507
94658.046221,17508
94658.056867,17509
94658.067735,17510
94658.078865,17511
94658.090810,17512
94658.101968,17513
94658.113501,17514
94658.124904,17515
94658.138869,17516
94658.150829,17517
94658.161889,17518
94658.173882,17519
94658.185766,17520
94658.199910,17521
94658.211560,17522
94658.223108,17523
94658.234770,17524
94658.245955,17525
94658.258555,17526
94658.271045,17527
94658.281063,17528
94658.291796,17529
94658.304045,17530
94658.317468,17531
94658.329027,17532
94658.338971,17533
94658.350019,17534
94658.361879,17535
94658.373983,17536
94658.385389,17537
94658.395926,17538
94658.406784,17539
94658.417855,17540
94658.430792,17541
94658.442490,17542
94658.454303,17543
94658.466411,17544
94658.477700,17545
94658.489014,17546
94658.499954,17547
94658.510111,17548
94658.521028,17549
94658.536163,17550
94658.547960,17551
94658.560327,17552
94658.572363,17553
94658.584869,17554
94658.597721,17555
94658.611170,17556
94658.623018,17557
94658.634760,17558
94658.648616,17559
94658.660370,17560
94658.672408,17561
94658.684075,17562
94658.697019,17563
94658.708766,17564
94658.721194,17565
94658.734375,17566
94658.747814,17567
94658.759281,17568
94658.772137,17569
94658.783221,17570
94658.796317,17571
94658.807804,17572
94658.820891,17573
94658.832421,17574
94658.845834,17575
94658.859741,17576
94658.873498,17577
94658.885936,17578
94658.898570,17579
94658.911946,17580
94658.925522,17581
94658.938457,17582
94658.951947,17583
94658.967644,17584
94658.981322,17585
94658.995285,17586
94659.008362,17587
94659.021077,17588
94659.034886,17589
94659.047642,17590
94659.060822,17591
94659.073975,17592
94659.088251,17593
94659.101354,17594
94659.113268,17595
94659.124937,17596
94659.137473,17597
94659.149897,17598
94659.163293,17599
94659.174217,17600
94659.187716,17601
94659.199252,17602
94659.211825,17603
94659.223556,17604
94659.236411,17605
94659.247980,17606
94659.260381,17607
94659.273584,17608
94659.287704,17609
94659.300333,17610
94659.313594,17611
94659.325200,17612
94659.338507,17613
94659.349228,17614
94659.361309,17615
94659.374020,17616
94659.387827,17617
94659.401281,17618
94659.413314,17619
94659.425272,17620
94659.439474,17621
94659.453573,17622
94659.466272,17623
94659.479533,17624
94659.493426,17625
94659.506262,17626
94659.519619,17627
94659.533260,17628
94659.546632,17629
94659.558503,17630
94659.571646,17631
94659.585029,17632
94659.598269,17633
94659.611565,17634
94659.625274,17635
94659.638752,17636
94659.652810,17637
94659.665354,17638
94659.680545,17639
94659.694381,17640
94659.708564,17641
94659.720513,17642
94659.734144,17643
94659.747087,17644
94659.759738,17645
94659.773282,17646
94659.787364,17647
94659.800971,17648
94659.816332,17649
94659.833801,17650
94659.846106,17651
94659.857949,17652
94659.871386,17653
94659.884858,17654
94659.898411,17655
94659.910664,17656
94659.923944,17657
94659.936733,17658
94659.949782,17659
94659.961773,17660
94659.974867,17661
94659.987381,17662
94660.000599,17663
94660.013824,17664
94660.026668,17665
94660.039418,17666
94660.052327,17667
94660.064153,17668
94660.077384,17669
94660.090567,17670
94660.104431,17671
94660.118059,17672
94660.132735,17673
94660.145364,17674
94660.158701,17675
94660.170282,17676
94660.182857,17677
94660.195329,17678
94660.208762,17679
94660.220676,17680
94660.234774,17681
94660.248591,17682
94660.259836,17683
94660.271562,17684
94660.285361,17685
94660.297603,17686
94660.310983,17687
94660.322313,17688
94660.334819,17689
94660.347812,17690
94660.362311,17691
94660.375880,17692
94660.389459,17693
94660.401645,17694
94660.416167,17695
94660.428708,17696
94660.442631,17697
94660.454858,17698
94660.467080,17699
94660.479843,17700
94660.491955,17701
94660.503439,17702
94660.515998,17703
94660.527240,17704
94660.539864,17705
94660.553486,17706
94660.565689,17707
94660.578613,17708
94660.592570,17709
94660.604409,17710
94660.616841,17711
94660.629914,17712
94660.642739,17713
94660.654851,17714
94660.668387,17715
94660.681588,17716
94660.695353,17717
94660.708772,17718
94660.722285,17719
94660.734621,17720
94660.748910,17721
94660.762548,17722
94660.776047,17723
94660.788480,17724
94660.802443,17725
94660.815638,17726
94660.830283,17727
94660.843258,17728
94660.857343,17729
94660.870874,17730
94660.884581,17731
94660.897140,17732
94660.911323,17733
94660.923957,17734
94660.938488,17735
94660.952760,17736
94660.966297,17737
94660.979130,17738
94660.993371,17739
94661.005913,17740
94661.021444,17741
94661.035853,17742
94661.048322,17743
94661.061173,17744
94661.073673,17745
94661.087412,17746
94661.101496,17747
94661.114680,17748
94661.126688,17749
94661.138212,18000
94661.144440,18001
94661.150052,18002
94661.155193,18003
94661.160264,18004
94661.165716,18005
94661.170605,18006
94661.175520,18007
94661.180542,18008
94661.185584,18009
94661.190567,18010
94661.195721,18011
94661.201311,18012
94661.206495,18013
94661.211559,18014
94661.216855,18015
94661.222176,18016
94661.227490,18017
94661.232516,18018
94661.237667,18019
94661.243168,18020
94661.248572,18021
94661.253499,18022
94661.258701,18023
94661.263779,18024
94661.268998,18025
94661.274067,18026
94661.278996,18027
94661.284534,18028
94661.289796,18029
94661.294785,18030
94661.299789,18031
94661.304960,18032
94661.310289,18033
94661.315489,18034
94661.320501,18035
94661.325656,18036
94661.330632,18037
94661.335679,18038
94661.341374,18039
94661.346520,18040
94661.352110,18041
94661.357312,18042
94661.362321,18043
94661.367542,18044
94661.373294,18045
94661.378349,18046
94661.383635,18047
94661.388666,18048
94661.394113,18049
94661.399131,18050
94661.404278,18051
94661.409486,18052
94661.414781,18053
94661.420314,18054
94661.425307,18055
94661.430446,18056
94661.436181,18057
94661.441617,18058
94661.447201,18059
94661.452175,18060
94661.457552,18061
94661.462604,18062
94661.467629,18063
94661.472631,18064
94661.477941,18065
94661.482886,18066
94661.488257,18067
94661.493284,18068
94661.498451,18069
94661.503464,18070
94661.508630,18071
94661.513913,18072
94661.519140,18073
94661.524306,18074
94661.529486,18075
94661.534493,18076
94661.539955,18077
94661.545581,18078
94661.550803,18079
94661.556292,18080
94661.561909,18081
94661.567777,18082
94661.573174,18083
94661.578639,18084
94661.584166,18085
94661.589881,18086
94661.595617,18087
94661.601020,18088
94661.606535,18089
94661.611857,18090
94661.617524,18091
94661.623325,18092
94661.628769,18093
94661.634147,18094
94661.639468,18095
94661.645043,18096
94661.651043,18097
94661.656280,18098
94661.661489,18099
94661.668817,18100
94661.674751,18101
94661.679968,18102
94661.685512,18103
94661.690490,18104
94661.695930,18105
94661.701256,18106
94661.706623,18107
94661.711619,18108
94661.716686,18109
94661.721984,18110
94661.727229,18111
94661.732125,18112
94661.737238,18113
94661.742381,18114
94661.747338,18115
94661.752588,18116
94661.758262,18117
94661.763739,18118
94661.769055,18119
94661.774203,18120
94661.779412,18121
94661.784727,18122
94661.789979,18123
94661.795244,18124
94661.800361,18125
94661.805639,18126
94661.811638,18127
94661.816658,18128
94661.821767,18129
94661.827053,18130
94661.833044,18131
94661.838571,18132
94661.844322,18133
94661.849347,18134
94661.854532,18135
94661.860280,18136
94661.865358,18137
94661.870581,18138
94661.876695,18139
94661.881951,18140
94661.887828,18141
94661.893518,18142
94661.898621,18143
94661.904083,18144
94661.909353,18145
94661.914797,18146
94661.919806,18147
94661.924867,18148
94661.929850,18149
94661.934833,18150
94661.940239,18151
94661.945655,18152
94661.950782,18153
94661.956255,18154
94661.961218,18155
94661.966292,18156
94661.971581,18157
94661.976713,18158
94661.981769,18159
94661.987055,18160
94661.992313,18161
94661.997448,18162
94662.002422,18163
94662.007914,18164
94662.013362,18165
94662.018874,18166
94662.023905,18167
94662.029407,18168
94662.034605,18169
94662.040999,18170
94662.047448,18171
94662.052489,18172
94662.057552,18173
94662.062641,18174
94662.068390,18175
94662.073293,18176
94662.078393,18177
94662.083460,18178
94662.089748,18179
94662.095245,18180
94662.100262,18181
94662.105320,18182
94662.110905,18183
94662.116240,18184
94662.121194,18185
94662.126219,18186
94662.131295,18187
94662.136305,18188
94662.141320,18189
94662.146354,18190
94662.151520,18191
94662.156541,18192
94662.161680,18193
94662.167046,18194
94662.172274,18195
94662.177263,18196
94662.182577,18197
94662.187732,18198
94662.193704,18199
94662.201606,18200
94662.206819,18201
94662.212054,18202
94662.217321,18203
94662.222356,18204
94662.227744,18205
94662.232627,18206
94662.237994,18207
94662.243259,18208
94662.248735,18209
94662.253890,18210
94662.258962,18211
94662.263968,18212
94662.269068,18213
94662.274137,18214
94662.279216,18215
94662.284702,18216
94662.290052,18217
94662.295202,18218
94662.300421,18219
94662.305535,18220
94662.310689,18221
94662.315846,18222
94662.322040,18223
94662.327400,18224
94662.332617,18225
94662.337665,18226
94662.342631,18227
94662.347649,18228
94662.353461,18229
94662.358811,18230
94662.364201,18231
94662.369408,18232
94662.374777,18233
94662.380206,18234
94662.385275,18235
94662.390876,18236
94662.396235,18237
94662.402322,18238
94662.407783,18239
94662.412840,18240
94662.418023,18241
94662.423451,18242
94662.428742,18243
94662.433812,18244
94662.439229,18245
94662.445589,18246
94662.452142,18247
94662.458210,18248
94662.464715,18249
94662.479153,18250
94662.484812,18251
94662.490405,18252
94662.496608,18253
94662.502538,18254
94662.508007,18255
94662.514065,18256
94662.521849,18257
94662.530266,18258
94662.536093,18259
94662.541764,18260
94662.549264,18261
94662.555428,18262
94662.561188,18263
94662.567442,18264
94662.572949,18265
94662.580229,18266
94662.587749,18267
94662.597741,18268
94662.605545,18269
94662.612427,18270
94662.618559,18271
94662.628380,18272
94662.634190,18273
94662.640303,18274
94662.647759,18275
94662.653431,18276
94662.660967,18277
94662.667187,18278
94662.674246,18279
94662.684185,18280
94662.691288,18281
94662.700781,18282
94662.706696,18283
94662.716317,18284
94662.721661,18285
94662.727451,18286
94662.735040,18287
94662.741646,18288
94662.752720,18289
94662.762127,18290
94662.770366,18291
94662.776445,18292
94662.781707,18293
94662.788802,18294
94662.794393,18295
94662.802016,18296
94662.807515,18297
94662.815072,18298
94662.821473,18299
94662.827324,18300
94662.832924,18301
94662.838823,18302
94662.844190,18303
94662.850015,18304
94662.856127,18305
94662.866369,18306
94662.872015,18307
94662.878905,18308
94662.885848,18309
94662.895225,18310
94662.906868,18311
94662.912394,18312
94662.917901,18313
94662.923790,18314
94662.933704,18315
94662.944053,18316
94662.952130,18317
94662.958819,18318
94662.964817,18319
94662.972930,18320
94662.981574,18321
94662.987405,18322
94662.992623,18323
94663.001461,18324
94663.006987,18325
94663.013660,18326
94663.020252,18327
94663.025840,18328
94663.035376,18329
94663.044287,18330
94663.052802,18331
94663.059646,18332
94663.064894,18333
94663.070870,18334
94663.076627,18335
94663.085719,18336
94663.091522,18337
94663.097429,18338
94663.107190,18339
94663.112997,18340
94663.118581,18341
94663.124397,18342
94663.130128,18343
94663.136200,18344
94663.144246,18345
94663.150102,18346
94663.155683,18347
94663.162168,18348
94663.168012,18349
94663.176070,18350
94663.182097,18351
94663.190255,18352
94663.198906,18353
94663.204046,18354
94663.214845,18355
94663.220346,18356
94663.228688,18357
94663.234293,18358
94663.239951,18359
94663.245228,18360
94663.251556,18361
94663.257070,18362
94663.266311,18363
94663.271387,18364
94663.277385,18365
94663.282179,18366
94663.287475,18367
94663.292225,18368
94663.298101,18369
94663.304118,18370
94663.313458,18371
94663.318730,18372
94663.325730,18373
94663.333144,18374
94663.339185,18375
94663.347183,18376
94663.353545,18377
94663.363277,18378
94663.371448,18379
94663.378278,18380
94663.383812,18381
94663.391949,18382
94663.398392,18383
94663.404889,18384
94663.414219,18385
94663.419784,18386
94663.425853,18387
94663.435773,18388
94663.441873,18389
94663.447335,18390
94663.453015,18391
94663.460373,18392
94663.472170,18393
94663.478431,18394
94663.484446,18395
94663.489300,18396
94663.497563,18397
94663.502562,18398
94663.512696,18399
94663.517980,18400
94663.523538,18401
94663.528313,18402
94663.534066,18403
94663.538879,18404
94663.549292,18405
94663.554879,18406
94663.564903,18407
94663.569865,18408
94663.575745,18409
94663.581521,18410
94663.589656,18411
94663.599328,18412
94663.610452,18413
94663.617012,18414
94663.624066,18415
94663.632648,18416
94663.639103,18417
94663.645425,18418
94663.656327,18419
94663.662283,18420
94663.671108,18421
94663.680055,18422
94663.686378,18423
94663.691346,18424
94663.696833,18425
94663.702005,18426
94663.711401,18427
94663.721235,18428
94663.731137,18429
94663.740225,18430
94663.746205,18431
94663.754414,18432
94663.760215,18433
94663.765318,18434
94663.776613,18435
94663.786173,18436
94663.795595,18437
94663.800708,18438
94663.810980,18439
94663.816330,18440
94663.822907,18441
94663.832250,18442
94663.838095,18443
94663.848606,18444
94663.855051,18445
94663.860743,18446
94663.867597,18447
94663.873680,18448
94663.882133,18449
94663.890618,18450
94663.900952,18451
94663.909266,18452
94663.915359,18453
94663.920412,18454
94663.930159,18455
94663.935789,18456
94663.947149,18457
94663.959127,18458
94663.966397,18459
94663.972162,18460
94663.978635,18461
94663.984672,18462
94663.989975,18463
94663.995205,18464
94664.004454,18465
94664.010649,18466
94664.021082,18467
94664.027708,18468
94664.035775,18469
94664.041191,18470
94664.051449,18471
94664.057899,18472
94664.065653,18473
94664.070866,18474
94664.078296,18475
94664.083295,18476
94664.091163,18477
94664.096602,18478
94664.102564,18479
94664.110820,18480
94664.117708,18481
94664.122563,18482
94664.127961,18483
94664.137382,18484
94664.146425,18485
94664.155808,18486
94664.167067,18487
94664.176550,18488
94664.182046,18489
94664.188936,18490
94664.197865,18491
94664.203430,18492
94664.208819,18493
94664.216603,18494
94664.226323,18495
94664.231543,18496
94664.241829,18497
94664.247313,18498
94664.252655,18499
94664.272475,18500
94664.286300,18501
94664.298419,18502
94664.306286,18503
94664.321039,18504
94664.333098,18505
94664.343833,18506
94664.355515,18507
94664.368041,18508
94664.380505,18509
94664.392760,18510
94664.404464,18511
94664.416057,18512
94664.422064,18513
94664.435338,18514
94664.448584,18515
94664.461279,18516
94664.472155,18517
94664.482859,18518
94664.494139,18519
94664.501286,18520
94664.514255,18521
94664.526222,18522
94664.537887,18523
94664.548741,18524
94664.556181,18525
94664.563049,18526
94664.570225,18527
94664.583184,18528
94664.596013,18529
94664.607580,18530
94664.614965,18531
94664.627308,18532
94664.640667,18533
94664.652850,18534
94664.665171,18535
94664.679626,18536
94664.688314,18537
94664.699141,18538
94664.712370,18539
94664.724089,18540
94664.735639,18541
94664.748848,18542
94664.760783,18543
94664.773478,18544
94664.780039,18545
94664.785895,18546
94664.799524,18547
94664.812202,18548
94664.820513,18549
94664.833583,18550
94664.846483,18551
94664.858157,18552
94664.872293,18553
94664.884216,18554
94664.895464,18555
94664.902883,18556
94664.915263,18557
94664.927802,18558
94664.939770,18559
94664.950006,18560
94664.962280,18561
94664.968886,18562
94664.980710,18563
94664.993043,18564
94665.004421,18565
94665.010218,18566
94665.017226,18567
94665.022839,18568
94665.029350,18569
94665.041797,18570
94665.052766,18571
94665.061406,18572
94665.068797,18573
94665.080806,18574
94665.092810,18575
94665.104686,18576
94665.112655,18577
94665.118870,18578
94665.126788,18579
94665.133540,18580
94665.145609,18581
94665.152281,18582
94665.163387,18583
94665.170752,18584
94665.183098,18585
94665.195486,18586
94665.202455,18587
94665.215460,18588
94665.226443,18589
94665.237405,18590
94665.245396,18591
94665.254054,18592
94665.262476,18593
94665.274320,18594
94665.288345,18595
94665.295852,18596
94665.307438,18597
94665.319450,18598
94665.333238,18599
94665.343665,18600
94665.354071,18601
94665.365671,18602
94665.374573,18603
94665.381464,18604
94665.388563,18605
94665.401378,18606
94665.410172,18607
94665.422074,18608
94665.433885,18609
94665.441018,18610
94665.453270,18611
94665.460713,18612
94665.473085,18613
94665.483813,18614
94665.492847,18615
94665.499857,18616
94665.507283,18617
94665.521300,18618
94665.528454,18619
94665.539439,18620
94665.546444,18621
94665.559196,18622
94665.565791,18623
94665.577717,18624
94665.591679,18625
94665.598960,18626
94665.608168,18627
94665.614487,18628
94665.623887,18629
94665.634403,18630
94665.644700,18631
94665.656866,18632
94665.669031,18633
94665.682799,18634
94665.691943,18635
94665.704635,18636
94665.712036,18637
94665.725849,18638
94665.737531,18639
94665.750672,18640
94665.764320,18641
94665.773217,18642
94665.783023,18643
94665.789074,18644
94665.800940,18645
94665.814714,18646
94665.821360,18647
94665.833128,18648
94665.844674,18649
94665.855269,18650
94665.867187,18651
94665.875335,18652
94665.882350,18653
94665.891302,18654
94665.905282,18655
94665.919468,18656
94665.931954,18657
94665.947039,18658
94665.958869,18659
94665.972080,18660
94665.982262,18661
94665.989185,18662
94665.995735,18663
94666.007982,18664
94666.016232,18665
94666.024782,18666
94666.037657,18667
94666.046782,18668
94666.054107,18669
94666.066263,18670
94666.074147,18671
94666.085063,18672
94666.094090,18673
94666.106850,18674
94666.121094,18675
94666.132164,18676
94666.146152,18677
94666.159500,18678
94666.173555,18679
94666.185429,18680
94666.197208,18681
94666.209693,18682
94666.222355,18683
94666.229798,18684
94666.243006,18685
94666.251920,18686
94666.265031,18687
94666.279889,18688
94666.294472,18689
94666.307925,18690
94666.317444,18691
94666.330213,18692
94666.344176,18693
94666.355158,18694
94666.363984,18695
94666.374894,18696
94666.383253,18697
94666.390690,18698
94666.401608,18699
94666.419077,18700
94666.432727,18701
94666.441499,18702
94666.447792,18703
94666.458615,18704
94666.470134,18705
94666.480924,18706
94666.487563,18707
94666.500845,18708
94666.513788,18709
94666.522132,18710
94666.529337,18711
94666.541718,18712
94666.549717,18713
94666.560766,18714
94666.575146,18715
94666.584206,18716
94666.598160,18717
94666.606674,18718
94666.619527,18719
94666.631839,18720
94666.642428,18721
94666.655654,18722
94666.664520,18723
94666.671883,18724
94666.683274,18725
94666.695121,18726
94666.707756,18727
94666.716420,18728
94666.725999,18729
94666.737017,18730
94666.749894,18731
94666.764303,18732
94666.778655,18733
94666.786530,18734
94666.800042,18735
94666.811996,18736
94666.825701,18737
94666.836247,18738
94666.843808,18739
94666.856237,18740
94666.866953,18741
94666.876925,18742
94666.888720,18743
94666.895538,18744
94666.902977,18745
94666.916729,18746
94666.925053,18747
94666.932431,18748
94666.943728,18749
94666.961544,18750
94666.972465,18751
94666.985145,18752
94666.996210,18753
94667.008980,18754
94667.022202,18755
94667.035985,18756
94667.047534,18757
94667.062007,18758
94667.075959,18759
94667.087898,18760
94667.099285,18761
94667.111376,18762
94667.121847,18763
94667.134714,18764
94667.147416,18765
94667.159070,18766
94667.170199,18767
94667.184241,18768
94667.196295,18769
94667.208462,18770
94667.219710,18771
94667.231071,18772
94667.242449,18773
94667.254830,18774
94667.264896,18775
94667.277552,18776
94667.289115,18777
94667.301585,18778
94667.312459,18779
94667.325431,18780
94667.339656,18781
94667.351855,18782
94667.365851,18783
94667.378093,18784
94667.393280,18785
94667.406783,18786
94667.421172,18787
94667.433848,18788
94667.448027,18789
94667.461309,18790
94667.474035,18791
94667.487310,18792
94667.501692,18793
94667.515380,18794
94667.530484,18795
94667.543196,18796
94667.557982,18797
94667.569661,18798
94667.582262,18799
94667.594077,18800
94667.605362,18801
94667.618185,18802
94667.631688,18803
94667.645039,18804
94667.656418,18805
94667.669941,18806
94667.682855,18807
94667.695977,18808
94667.708939,18809
94667.725106,18810
94667.737424,18811
94667.749658,18812
94667.762367,18813
94667.777375,18814
94667.791656,18815
94667.805740,18816
94667.821459,18817
94667.833949,18818
94667.844779,18819
94667.860293,18820
94667.872777,18821
94667.888370,18822
94667.901641,18823
94667.913335,18824
94667.925529,18825
94667.939078,18826
94667.953479,18827
94667.968937,18828
94667.985467,18829
94667.999681,18830
94668.012767,18831
94668.026247,18832
94668.041423,18833
94668.054954,18834
94668.067351,18835
94668.081620,18836
94668.095037,18837
94668.109631,18838
94668.122550,18839
94668.138419,18840
94668.152473,18841
94668.165027,18842
94668.178426,18843
94668.192625,18844
94668.205818,18845
94668.222315,18846
94668.237792,18847
94668.253324,18848
94668.266560,18849
94668.284906,18850
94668.295227,18851
94668.306383,18852
94668.318285,18853
94668.330240,18854
94668.340442,18855
94668.353913,18856
94668.365125,18857
94668.377225,18858
94668.390409,18859
94668.402534,18860
94668.415649,18861
94668.427658,18862
94668.439478,18863
94668.451526,18864
94668.463540,18865
94668.475843,18866
94668.487992,18867
94668.498382,18868
94668.509132,18869
94668.522552,18870
94668.536669,18871
94668.548432,18872
94668.562531,18873
94668.574484,18874
94668.586830,18875
94668.597523,18876
94668.609271,18877
94668.620738,18878
94668.633881,18879
94668.646359,18880
94668.657513,18881
94668.669414,18882
94668.681734,18883
94668.696053,18884
94668.706570,18885
94668.719856,18886
94668.733865,18887
94668.746414,18888
94668.756800,18889
94668.770085,18890
94668.781439,18891
94668.793657,18892
94668.806513,18893
94668.818917,18894
94668.831677,18895
94668.843511,18896
94668.854489,18897
94668.867787,18898
94668.880971,18899
94668.892966,18900
94668.905940,18901
94668.916586,18902
94668.927864,18903
94668.942772,18904
94668.956123,18905
94668.968023,18906
94668.980887,18907
94668.994700,18908
94669.008727,18909
94669.020887,18910
94669.034610,18911
94669.047717,18912
94669.060919,18913
94669.076519,18914
94669.087810,18915
94669.101696,18916
94669.115748,18917
94669.128798,18918
94669.142783,18919
94669.154649,18920
94669.167401,18921
94669.181377,18922
94669.194744,18923
94669.207851,18924
94669.220260,18925
94669.234666,18926
94669.248567,18927
94669.260675,18928
94669.273390,18929
94669.286982,18930
94669.300295,18931
94669.314724,18932
94669.327903,18933
94669.342682,18934
94669.356086,18935
94669.367688,18936
94669.382342,18937
94669.395425,18938
94669.409085,18939
94669.422629,18940
94669.436737,18941
94669.450620,18942
94669.463493,18943
94669.476674,18944
94669.489977,18945
94669.504176,18946
94669.518840,18947
94669.532800,18948
94669.545287,18949
94669.563692,18950
94669.575741,18951
94669.588785,18952
94669.602391,18953
94669.614291,18954
94669.629562,18955
94669.640341,18956
94669.652658,18957
94669.665112,18958
94669.676953,18959
94669.687853,18960
94669.700421,18961
94669.712875,18962
94669.726322,18963
94669.738781,18964
94669.751810,18965
94669.764121,18966
94669.778608,18967
94669.791290,18968
94669.804635,18969
94669.818204,18970
94669.830612,18971
94669.842767,18972
94669.856844,18973
94669.869673,18974
94669.884666,18975
94669.897450,18976
94669.910917,18977
94669.924995,18978
94669.939700,18979
94669.950502,18980
94669.962822,18981
94669.974964,18982
94669.988275,18983
94670.000932,18984
94670.016167,18985
94670.029581,18986
94670.043779,18987
94670.057882,18988
94670.071180,18989
94670.084376,18990
94670.099144,18991
94670.112615,18992
94670.127566,18993
94670.142033,18994
94670.157722,18995
94670.171558,18996
94670.186233,18997
94670.198490,18998
94670.212366,18999
94670.231578,19000
94670.240051,19001
94670.248170,19002
94670.254473,19003
94670.260920,19004
94670.267709,19005
94670.274805,19006
94670.281616,19007
94670.287964,19008
94670.295627,19009
94670.302475,19010
94670.309134,19011
94670.315191,19012
94670.325879,19013
94670.333463,19014
94670.340230,19015
94670.346847,19016
94670.353631,19017
94670.360618,19018
94670.367466,19019
94670.379198,19020
94670.385297,19021
94670.392170,19022
94670.397951,19023
94670.404405,19024
94670.411769,19025
94670.423839,19026
94670.431076,19027
94670.442050,19028
94670.448428,19029
94670.460323,19030
94670.472565,19031
94670.480041,19032
94670.486590,19033
94670.492986,19034
94670.498483,19035
94670.505233,19036
94670.512108,19037
94670.518079,19038
94670.525800,19039
94670.531867,19040
94670.538696,19041
94670.545581,19042
94670.554061,19043
94670.560561,19044
94670.566883,19045
94670.572568,19046
94670.583265,19047
94670.590730,19048
94670.596239,19049
94670.601478,19050
94670.607768,19051
94670.614601,19052
94670.626408,19053
94670.632402,19054
94670.640842,19055
94670.647415,19056
94670.654469,19057
94670.661454,19058
94670.667424,19059
94670.675126,19060
94670.682389,19061
94670.689030,19062
94670.699697,19063
94670.705159,19064
94670.714718,19065
94670.722224,19066
94670.729310,19067
94670.736544,19068
94670.746651,19069
94670.753662,19070
94670.761312,19071
94670.769652,19072
94670.779186,19073
94670.788124,19074
94670.794649,19075
94670.800191,19076
94670.805367,19077
94670.816964,19078
94670.826148,19079
94670.831624,19080
94670.836762,19081
94670.843222,19082
94670.851648,19083
94670.858555,19084
94670.863828,19085
94670.872915,19086
94670.881464,19087
94670.888426,19088
94670.893716,19089
94670.905756,19090
94670.912828,19091
94670.920177,19092
94670.930469,19093
94670.939023,19094
94670.950082,19095
94670.958717,19096
94670.965863,19097
94670.976018,19098
94670.983244,19099
94670.996943,19100
94671.002351,19101
94671.012323,19102
94671.018507,19103
94671.025546,19104
94671.035686,19105
94671.043041,19106
94671.054249,19107
94671.060970,19108
94671.067564,19109
94671.074905,19110
94671.081361,19111
94671.090216,19112
94671.102804,19113
94671.115988,19114
94671.124471,19115
94671.132295,19116
94671.139545,19117
94671.145327,19118
94671.152151,19119
94671.158545,19120
94671.168919,19121
94671.179368,19122
94671.189053,19123
94671.196051,19124
94671.205053,19125
94671.215616,19126
94671.224589,19127
94671.232295,19128
94671.243474,19129
94671.256452,19130
94671.268764,19131
94671.275576,19132
94671.285584,19133
94671.297900,19134
94671.305785,19135
94671.316618,19136
94671.326045,19137
94671.334051,19138
94671.341836,19139
94671.358560,19140
94671.369902,19141
94671.379586,19142
94671.390749,19143
94671.400997,19144
94671.417720,19145
94671.425642,19146
94671.435370,19147
94671.446782,19148
94671.454134,19149
94671.464660,19150
94671.471923,19151
94671.479593,19152
94671.490390,19153
94671.497585,19154
94671.509851,19155
94671.522882,19156
94671.533255,19157
94671.538789,19158
94671.551783,19159
94671.561952,19160
94671.570689,19161
94671.581671,19162
94671.594719,19163
94671.602274,19164
94671.609194,19165
94671.620464,19166
94671.629991,19167
94671.642727,19168
94671.655394,19169
94671.666961,19170
94671.672116,19171
94671.678959,19172
94671.692592,19173
94671.700856,19174
94671.708922,19175
94671.717767,19176
94671.728730,19177
94671.736322,19178
94671.744756,19179
94671.756457,19180
94671.765203,19181
94671.773486,19182
94671.782790,19183
94671.792520,19184
94671.800457,19185
94671.807961,19186
94671.820252,19187
94671.826855,19188
94671.840384,19189
94671.851621,19190
94671.858686,19191
94671.873198,19192
94671.884791,19193
94671.898673,19194
94671.913955,19195
94671.923181,19196
94671.935403,19197
94671.948162,19198
94671.961193,19199
94671.978641,19200
94671.987735,19201
94671.995863,19202
94672.004230,19203
94672.018246,19204
94672.026323,19205
94672.037698,19206
94672.048246,19207
94672.060061,19208
94672.069101,19209
94672.081653,19210
94672.093860,19211
94672.103502,19212
94672.112846,19213
94672.125230,19214
94672.134880,19215
94672.147306,19216
94672.158620,19217
94672.168452,19218
94672.178358,19219
94672.188590,19220
94672.203781,19221
94672.221632,19222
94672.231920,19223
94672.243464,19224
94672.253672,19225
94672.263707,19226
94672.273537,19227
94672.285895,19228
94672.295967,19229
94672.310738,19230
94672.326274,19231
94672.337803,19232
94672.347803,19233
94672.365516,19234
94672.376801,19235
94672.386964,19236
94672.399927,19237
94672.415895,19238
94672.427701,19239
94672.442555,19240
94672.458818,19241
94672.469826,19242
94672.481840,19243
94672.498861,19244
94672.514563,19245
94672.525615,19246
94672.536926,19247
94672.547256,19248
94672.564372,19249
94672.580698,19250
94672.593825,19251
94672.610251,19252
94672.621813,19253
94672.634435,19254
94672.647422,19255
94672.660013,19256
94672.666366,19257
94672.680695,19258
94672.692518,19259
94672.706288,19260
94672.720045,19261
94672.732835,19262
94672.751361,19263
94672.757239,19264
94672.769178,19265
94672.781635,19266
94672.795956,19267
94672.808459,19268
94672.823167,19269
94672.835698,19270
94672.846684,19271
94672.859374,19272
94672.872915,19273
94672.883946,19274
94672.894975,19275
94672.907923,19276
94672.922117,19277
94672.935357,19278
94672.948594,19279
94672.961993,19280
94672.974944,19281
94672.988227,19282
94673.001744,19283
94673.014532,19284
94673.027433,19285
94673.037036,19286
94673.047465,19287
94673.061014,19288
94673.074152,19289
94673.087668,19290
94673.101876,19291
94673.115350,19292
94673.128909,19293
94673.140767,19294
94673.147854,19295
94673.160808,19296
94673.172311,19297
94673.186637,19298
94673.199860,19299
94673.212699,19300
94673.227100,19301
94673.239743,19302
94673.252900,19303
94673.267515,19304
94673.282290,19305
94673.295649,19306
94673.309182,19307
94673.314976,19308
94673.327424,19309
94673.341316,19310
94673.355797,19311
94673.368271,19312
94673.381692,19313
94673.395744,19314
94673.409654,19315
94673.421970,19316
94673.435541,19317
94673.446601,19318
94673.460101,19319
94673.471336,19320
94673.484675,19321
94673.499650,19322
94673.513517,19323
94673.526719,19324
94673.541775,19325
94673.555680,19326
94673.570734,19327
94673.585443,19328
94673.595746,19329
94673.610619,19330
94673.626081,19331
94673.640522,19332
94673.654763,19333
94673.667598,19334
94673.673330,19335
94673.689320,19336
94673.702586,19337
94673.717437,19338
94673.728098,19339
94673.738478,19340
94673.749074,19341
94673.764064,19342
94673.774907,19343
94673.790342,19344
94673.808309,19345
94673.824620,19346
94673.835352,19347
94673.840695,19348
94673.854730,19349
94673.871864,19350
94673.883375,19351
94673.894504,19352
94673.905469,19353
94673.916955,19354
94673.928604,19355
94673.942687,19356
94673.956670,19357
94673.969300,19358
94673.980275,19359
94673.992459,19360
94674.004249,19361
94674.017974,19362
94674.029000,19363
94674.039723,19364
94674.053428,19365
94674.065064,19366
94674.076847,19367
94674.089282,19368
94674.101278,19369
94674.112782,19370
94674.123269,19371
94674.134947,19372
94674.146329,19373
94674.160373,19374
94674.170904,19375
94674.182027,19376
94674.193433,19377
94674.205378,19378
94674.216478,19379
94674.228265,19380
94674.239602,19381
94674.252141,19382
94674.262373,19383
94674.273528,19384
94674.283621,19385
94674.295682,19386
94674.306456,19387
94674.320176,19388
94674.330541,19389
94674.342984,19390
94674.355304,19391
94674.366581,19392
94674.378339,19393
94674.391327,19394
94674.403219,19395
94674.415967,19396
94674.428716,19397
94674.440976,19398
94674.453178,19399
94674.466998,19400
94674.479493,19401
94674.491727,19402
94674.501984,19403
94674.515317,19404
94674.527878,19405
94674.541841,19406
94674.552434,19407
94674.563468,19408
94674.576472,19409
94674.590419,19410
94674.601091,19411
94674.613773,19412
94674.626509,19413
94674.641291,19414
94674.651820,19415
94674.666007,19416
94674.679324,19417
94674.691478,19418
94674.702455,19419
94674.715834,19420
94674.727634,19421
94674.738756,19422
94674.749054,19423
94674.760062,19424
94674.772360,19425
94674.785017,19426
94674.796934,19427
94674.808331,19428
94674.820793,19429
94674.833578,19430
94674.845747,19431
94674.857420,19432
94674.870747,19433
94674.882957,19434
94674.895815,19435
94674.907820,19436
94674.919855,19437
94674.933936,19438
94674.946366,19439
94674.957656,19440
94674.969684,19441
94674.983442,19442
94674.995022,19443
94675.007241,19444
94675.017726,19445
94675.029721,19446
94675.042785,19447
94675.054414,19448
94675.065688,19449
94675.079221,19450
94675.090294,19451
94675.101239,19452
94675.112918,19453
94675.125196,19454
94675.136507,19455
94675.147517,19456
94675.160393,19457
94675.172512,19458
94675.183484,19459
94675.195544,19460
94675.205817,19461
94675.220886,19462
94675.234567,19463
94675.247040,19464
94675.258454,19465
94675.269680,19466
94675.281643,19467
94675.293339,19468
94675.304467,19469
94675.316656,19470
94675.331550,19471
94675.346062,19472
94675.357488,19473
94675.371590,19474
94675.384735,19475
94675.397319,19476
94675.409496,19477
94675.424346,19478
94675.437432,19479
94675.450266,19480
94675.463639,19481
94675.474931,19482
94675.485406,19483
94675.497795,19484
94675.511273,19485
94675.523815,19486
94675.537055,19487
94675.550495,19488
94675.561831,19489
94675.574650,19490
94675.587545,19491
94675.599174,19492
94675.611969,19493
94675.624121,19494
94675.639325,19495
94675.650879,19496
94675.664344,19497
94675.679056,19498
94675.694710,19499
94675.709791,19500
94675.717971,19501
94675.724833,19502
94675.734596,19503
94675.746526,19504
94675.757706,19505
94675.771736,19506
94675.782176,19507
94675.789680,19508
94675.797271,19509
94675.804449,19510
94675.814643,19511
94675.825656,19512
94675.837239,19513
94675.843356,19514
94675.850006,19515
94675.859688,19516
94675.868870,19517
94675.877789,19518
94675.888721,19519
94675.900082,19520
94675.907032,19521
94675.916708,19522
94675.925942,19523
94675.934738,19524
94675.945770,19525
94675.954979,19526
94675.965569,19527
94675.975474,19528
94675.981989,19529
94675.988489,19530
94675.999031,19531
94676.009967,19532
94676.021911,19533
94676.032138,19534
94676.042011,19535
94676.050747,19536
94676.060881,19537
94676.072362,19538
94676.078616,19539
94676.087814,19540
94676.097310,19541
94676.108225,19542
94676.118246,19543
94676.129804,19544
94676.140043,19545
94676.150469,19546
94676.157209,19547
94676.166465,19548
94676.174426,19549
94676.183407,19550
94676.198085,19551
94676.210431,19552
94676.219612,19553
94676.226872,19554
94676.236651,19555
94676.248187,19556
94676.259202,19557
94676.268615,19558
94676.279333,19559
94676.291811,19560
94676.300840,19561
94676.310773,19562
94676.322689,19563
94676.332554,19564
94676.342452,19565
94676.350243,19566
94676.357323,19567
94676.366285,19568
94676.374857,19569
94676.386234,19570
94676.396668,19571
94676.407097,19572
94676.419291,19573
94676.432088,19574
94676.443069,19575
94676.451142,19576
94676.462315,19577
94676.473155,19578
94676.484695,19579
94676.496773,19580
94676.506844,19581
94676.517281,19582
94676.528558,19583
94676.539328,19584
94676.547653,19585
94676.556229,19586
94676.567344,19587
94676.577940,19588
94676.588944,19589
94676.595884,19590
94676.605601,19591
94676.617438,19592
94676.625918,19593
94676.636274,19594
94676.645966,19595
94676.657276,19596
94676.668823,19597
94676.680978,19598
94676.693488,19599
94676.709378,19600
94676.718113,19601
94676.725687,19602
94676.733736,19603
94676.744355,19604
94676.751984,19605
94676.760413,19606
94676.769860,19607
94676.777039,19608
94676.787363,19609
94676.795893,19610
94676.805900,19611
94676.815516,19612
94676.825375,19613
94676.837733,19614
94676.846009,19615
94676.855796,19616
94676.867831,19617
94676.876005,19618
94676.887590,19619
94676.897979,19620
94676.908376,19621
94676.917699,19622
94676.925117,19623
94676.935691,19624
94676.946065,19625
94676.956580,19626
94676.968013,19627
94676.978280,19628
94676.988482,19629
94677.000423,19630
94677.011361,19631
94677.019692,19632
94677.028280,19633
94677.038997,19634
94677.049389,19635
94677.060553,19636
94677.070157,19637
94677.081014,19638
94677.089854,19639
94677.098994,19640
94677.108914,19641
94677.118837,19642
94677.130742,19643
94677.141661,19644
94677.151254,19645
94677.160373,19646
94677.169595,19647
94677.180031,19648
94677.188910,19649
94677.198566,19650
94677.206731,19651
94677.214649,19652
94677.226662,19653
94677.237082,19654
94677.245154,19655
94677.253082,19656
94677.264898,19657
94677.275043,19658
94677.283235,19659
94677.293805,19660
94677.305796,19661
94677.316809,19662
94677.328714,19663
94677.337732,19664
94677.349331,19665
94677.360420,19666
94677.368088,19667
94677.377459,19668
94677.387978,19669
94677.398677,19670
94677.408130,19671
94677.415580,19672
94677.426936,19673
94677.437450,19674
94677.447780,19675
94677.459005,19676
94677.469463,19677
94677.478519,19678
94677.490522,19679
94677.501453,19680
94677.511995,19681
94677.521709,19682
94677.531747,19683
94677.543269,19684
94677.552521,19685
94677.563632,19686
94677.574648,19687
94677.586411,19688
94677.594809,19689
94677.603081,19690
94677.613572,19691
94677.624062,19692
94677.634857,19693
94677.646304,19694
94677.656756,19695
94677.668749,19696
94677.682494,19697
94677.694085,19698
94677.706690,19699
94677.717546,19700
94677.725510,19701
94677.735603,19702
94677.745057,19703
94677.753532,19704
94677.761908,19705
94677.769497,19706
94677.779611,19707
94677.789860,19708
94677.799911,19709
94677.808223,19710
94677.818710,19711
94677.830710,19712
94677.842632,19713
94677.854772,19714
94677.865272,19715
94677.876481,19716
94677.887886,19717
94677.898534,19718
94677.907952,19719
94677.919368,19720
94677.929289,19721
94677.941708,19722
94677.953809,19723
94677.961273,19724
94677.969351,19725
94677.976751,19726
94677.986558,19727
94677.997482,19728
94678.009518,19729
94678.019915,19730
94678.027283,19731
94678.035970,19732
94678.049071,19733
94678.061584,19734
94678.069669,19735
94678.078517,19736
94678.090877,19737
94678.098712,19738
94678.110288,19739
94678.119767,19740
94678.132195,19741
94678.142706,19742
94678.154026,19743
94678.166768,19744
94678.176217,19745
94678.185930,19746
94678.196839,19747
94678.208483,19748
94678.217295,19749
94678.236249,19750
94678.251763,19751
94678.263576,19752
94678.278323,19753
94678.290937,19754
94678.301972,19755
94678.313509,19756
94678.325619,19757
94678.339804,19758
94678.354504,19759
94678.367270,19760
94678.378856,19761
94678.392944,19762
94678.405259,19763
94678.416750,19764
94678.430917,19765
94678.444974,19766
94678.458784,19767
94678.473820,19768
94678.487779,19769
94678.501874,19770
94678.517651,19771
94678.531274,19772
94678.544836,19773
94678.559461,19774
94678.572330,19775
94678.586265,19776
94678.600346,19777
94678.613823,19778
94678.627824,19779
94678.641384,19780
94678.655523,19781
94678.671742,19782
94678.687018,19783
94678.701604,19784
94678.715717,19785
94678.729943,19786
94678.745522,19787
94678.759996,19788
94678.776791,19789
94678.792087,19790
94678.806238,19791
94678.821370,19792
94678.836137,19793
94678.850094,19794
94678.864480,19795
94678.877549,19796
94678.891338,19797
94678.905858,19798
94678.919630,19799
94678.933263,19800
94678.946687,19801
94678.962908,19802
94678.977230,19803
94678.990719,19804
94679.004038,19805
94679.018852,19806
94679.033941,19807
94679.049062,19808
94679.064522,19809
94679.077999,19810
94679.094891,19811
94679.107817,19812
94679.121637,19813
94679.136996,19814
94679.150690,19815
94679.165706,19816
94679.180094,19817
94679.194963,19818
94679.211222,19819
94679.224329,19820
94679.239325,19821
94679.254339,19822
94679.267854,19823
94679.282546,19824
94679.297694,19825
94679.311761,19826
94679.326029,19827
94679.339779,19828
94679.355111,19829
94679.372681,19830
94679.386042,19831
94679.401349,19832
94679.417384,19833
94679.433358,19834
94679.447915,19835
94679.462542,19836
94679.476343,19837
94679.491042,19838
94679.504496,19839
94679.519538,19840
94679.534317,19841
94679.550016,19842
94679.565429,19843
94679.581898,19844
94679.598226,19845
94679.614209,19846
94679.630432,19847
94679.647240,19848
94679.661980,19849
94679.680291,19850
94679.692061,19851
94679.705226,19852
94679.717314,19853
94679.731351,19854
94679.744960,19855
94679.758621,19856
94679.772446,19857
94679.786479,19858
94679.800045,19859
94679.813119,19860
94679.827390,19861
94679.839885,19862
94679.853491,19863
94679.865882,19864
94679.879486,19865
94679.893654,19866
94679.907488,19867
94679.920699,19868
94679.933970,19869
94679.947714,19870
94679.961421,19871
94679.976324,19872
94679.990538,19873
94680.004824,19874
94680.018702,19875
94680.031897,19876
94680.046188,19877
94680.059362,19878
94680.072308,19879
94680.087063,19880
94680.101486,19881
94680.114300,19882
94680.129029,19883
94680.143279,19884
94680.155378,19885
94680.168677,19886
94680.182860,19887
94680.195385,19888
94680.209218,19889
94680.224312,19890
94680.237860,19891
94680.252696,19892
94680.266856,19893
94680.281566,19894
94680.295947,19895
94680.310410,19896
94680.324709,19897
94680.339874,19898
94680.353983,19899
94680.367334,19900
94680.382482,19901
94680.396578,19902
94680.411871,19903
94680.426736,19904
94680.442478,19905
94680.456070,19906
94680.471039,19907
94680.485403,19908
94680.499059,19909
94680.513421,19910
94680.527207,19911
94680.542197,19912
94680.556230,19913
94680.570637,19914
94680.586314,19915
94680.601535,19916
94680.617840,19917
94680.633477,19918
94680.649321,19919
94680.664609,19920
94680.680767,19921
94680.696810,19922
94680.711172,19923
94680.726775,19924
94680.741761,19925
94680.756410,19926
94680.771328,19927
94680.786766,19928
94680.803719,19929
94680.818458,19930
94680.831984,19931
94680.846288,19932
94680.862290,19933
94680.876868,19934
94680.894070,19935
94680.909177,19936
94680.926412,19937
94680.941803,19938
94680.958894,19939
94680.973428,19940
94680.989504,19941
94681.005275,19942
94681.020204,19943
94681.034507,19944
94681.051530,19945
94681.065653,19946
94681.082398,19947
94681.097177,19948
94681.112968,19949
94681.130561,19950
94681.144020,19951
94681.157956,19952
94681.172562,19953
94681.185639,19954
94681.199572,19955
94681.213524,19956
94681.226296,19957
94681.241444,19958
94681.256043,19959
94681.271623,19960
94681.285524,19961
94681.299482,19962
94681.313376,19963
94681.327876,19964
94681.342186,19965
94681.356917,19966
94681.370679,19967
94681.384639,19968
94681.400663,19969
94681.416412,19970
94681.431268,19971
94681.447782,19972
94681.463337,19973
94681.477971,19974
94681.495459,19975
94681.511007,19976
94681.525275,19977
94681.543281,19978
94681.556975,19979
94681.573360,19980
94681.591830,19981
94681.607640,19982
94681.625790,19983
94681.639616,19984
94681.652899,19985
94681.667923,19986
94681.684291,19987
94681.699220,19988
94681.716673,19989
94681.733183,19990
94681.747824,19991
94681.761103,19992
94681.777348,19993
94681.792741,19994
94681.809667,19995
94681.825382,19996
94681.842540,19997
94681.857274,19998
94681.874094,19999
94681.886552,20250
94681.895868,20251
94681.903954,20252
94681.912157,20253
94681.920775,20254
94681.929626,20255
94681.935287,20256
94681.940456,20257
94681.945591,20258
94681.950727,20259
94681.955809,20260
94681.961155,20261
94681.966390,20262
94681.971375,20263
94681.976704,20264
94681.981959,20265
94681.987134,20266
94681.992203,20267
94681.997555,20268
94682.002894,20269
94682.007989,20270
94682.013009,20271
94682.018121,20272
94682.023352,20273
94682.028850,20274
94682.034031,20275
94682.039209,20276
94682.044366,20277
94682.049597,20278
94682.054517,20279
94682.059708,20280
94682.065074,20281
94682.070636,20282
94682.075773,20283
94682.080869,20284
94682.086173,20285
94682.091347,20286
94682.096414,20287
94682.101652,20288
94682.106872,20289
94682.112259,20290
94682.117212,20291
94682.122335,20292
94682.127508,20293
94682.132629,20294
94682.137684,20295
94682.142817,20296
94682.148257,20297
94682.153477,20298
94682.158466,20299
94682.165964,20300
94682.171371,20301
94682.176877,20302
94682.181976,20303
94682.187513,20304
94682.192667,20305
94682.197896,20306
94682.203516,20307
94682.209275,20308
94682.214259,20309
94682.219284,20310
94682.224461,20311
94682.229972,20312
94682.234934,20313
94682.240441,20314
94682.245609,20315
94682.250881,20316
94682.256078,20317
94682.261754,20318
94682.267244,20319
94682.272691,20320
94682.278553,20321
94682.283718,20322
94682.289174,20323
94682.294384,20324
94682.300350,20325
94682.305960,20326
94682.310870,20327
94682.315810,20328
94682.321061,20329
94682.326056,20330
94682.331144,20331
94682.336193,20332
94682.341554,20333
94682.346791,20334
94682.351732,20335
94682.357088,20336
94682.362789,20337
94682.367949,20338
94682.373249,20339
94682.378281,20340
94682.383174,20341
94682.388249,20342
94682.393298,20343
94682.398538,20344
94682.403997,20345
94682.409352,20346
94682.415038,20347
94682.420167,20348
94682.425418,20349
94682.430523,20350
94682.435730,20351
94682.440833,20352
94682.446038,20353
94682.451412,20354
94682.456418,20355
94682.461331,20356
94682.467271,20357
94682.472176,20358
94682.477154,20359
94682.482427,20360
94682.487439,20361
94682.492520,20362
94682.497518,20363
94682.502665,20364
94682.507818,20365
94682.513067,20366
94682.518318,20367
94682.523556,20368
94682.528809,20369
94682.533652,20370
94682.538537,20371
94682.543824,20372
94682.549029,20373
94682.554255,20374
94682.559358,20375
94682.564663,20376
94682.570448,20377
94682.575665,20378
94682.580877,20379
94682.586550,20380
94682.591822,20381
94682.597131,20382
94682.602466,20383
94682.607750,20384
94682.613712,20385
94682.619110,20386
94682.624559,20387
94682.630271,20388
94682.635544,20389
94682.641029,20390
94682.646708,20391
94682.651723,20392
94682.656790,20393
94682.662041,20394
94682.667363,20395
94682.672312,20396
94682.677294,20397
94682.685341,20398
94682.692350,20399
94682.703890,20400
94682.709601,20401
94682.714715,20402
94682.720540,20403
94682.725548,20404
94682.730895,20405
94682.735865,20406
94682.741003,20407
94682.746038,20408
94682.751194,20409
94682.756564,20410
94682.761866,20411
94682.767213,20412
94682.772308,20413
94682.777275,20414
94682.782697,20415
94682.787760,20416
94682.793121,20417
94682.798147,20418
94682.803334,20419
94682.808545,20420
94682.813854,20421
94682.818904,20422
94682.824192,20423
94682.829249,20424
94682.834974,20425
94682.840216,20426
94682.845416,20427
94682.850464,20428
94682.855551,20429
94682.860548,20430
94682.865824,20431
94682.871414,20432
94682.876786,20433
94682.882065,20434
94682.887557,20435
94682.892968,20436
94682.899126,20437
94682.905086,20438
94682.911284,20439
94682.916537,20440
94682.921768,20441
94682.927019,20442
94682.932429,20443
94682.937450,20444
94682.942769,20445
94682.947857,20446
94682.953544,20447
94682.958794,20448
94682.963835,20449
94682.968916,20450
94682.974547,20451
94682.980341,20452
94682.985690,20453
94682.990709,20454
94682.996184,20455
94683.002059,20456
94683.008148,20457
94683.013253,20458
94683.018411,20459
94683.023871,20460
94683.029544,20461
94683.034760,20462
94683.039909,20463
94683.045278,20464
94683.050573,20465
94683.055446,20466
94683.060402,20467
94683.065506,20468
94683.071010,20469
94683.076352,20470
94683.081407,20471
94683.086756,20472
94683.092145,20473
94683.097152,20474
94683.102162,20475
94683.107547,20476
94683.114344,20477
94683.120558,20478
94683.127072,20479
94683.133050,20480
94683.140035,20481
94683.145379,20482
94683.150506,20483
94683.155987,20484
94683.161679,20485
94683.166603,20486
94683.171687,20487
94683.176978,20488
94683.182763,20489
94683.188817,20490
94683.193983,20491
94683.199197,20492
94683.204969,20493
94683.210610,20494
94683.216568,20495
94683.221628,20496
94683.226860,20497
94683.232013,20498
94683.237605,20499
94683.248067,20500
94683.253426,20501
94683.261522,20502
94683.270299,20503
94683.275627,20504
94683.283337,20505
94683.289484,20506
94683.297752,20507
94683.305316,20508
94683.310709,20509
94683.318034,20510
94683.325985,20511
94683.332357,20512
94683.339530,20513
94683.345149,20514
94683.351839,20515
94683.357597,20516
94683.363431,20517
94683.369658,20518
94683.377817,20519
94683.385588,20520
94683.393650,20521
94683.399302,20522
94683.405202,20523
94683.413336,20524
94683.420142,20525
94683.425561,20526
94683.435528,20527
94683.441293,20528
94683.449323,20529
94683.455034,20530
94683.461458,20531
94683.469160,20532
94683.475376,20533
94683.484626,20534
94683.490229,20535
94683.497387,20536
94683.505550,20537
94683.510873,20538
94683.519742,20539
94683.525056,20540
94683.536431,20541
94683.541932,20542
94683.551149,20543
94683.557251,20544
94683.565388,20545
94683.574025,20546
94683.582594,20547
94683.589535,20548
94683.595250,20549
94683.606805,20550
94683.614110,20551
94683.622848,20552
94683.628649,20553
94683.637105,20554
94683.644758,20555
94683.650653,20556
94683.657478,20557
94683.666670,20558
94683.672565,20559
94683.681861,20560
94683.691035,20561
94683.699427,20562
94683.707030,20563
94683.712040,20564
94683.717706,20565
94683.725818,20566
94683.732250,20567
94683.739286,20568
94683.746829,20569
94683.751990,20570
94683.757730,20571
94683.764301,20572
94683.769832,20573
94683.775505,20574
94683.781173,20575
94683.786598,20576
94683.795764,20577
94683.800962,20578
94683.807023,20579
94683.812474,20580
94683.818485,20581
94683.825498,20582
94683.834939,20583
94683.840300,20584
94683.845881,20585
94683.851161,20586
94683.856710,20587
94683.863021,20588
94683.869543,20589
94683.876368,20590
94683.882063,20591
94683.886915,20592
94683.895409,20593
94683.901192,20594
94683.906377,20595
94683.911420,20596
94683.920217,20597
94683.927045,20598
94683.938975,20599
94683.946099,20600
94683.951652,20601
94683.958783,20602
94683.967476,20603
94683.975154,20604
94683.981030,20605
94683.985870,20606
94683.994117,20607
94684.002486,20608
94684.010725,20609
94684.016188,20610
94684.022638,20611
94684.030555,20612
94684.036642,20613
94684.046645,20614
94684.053565,20615
94684.060973,20616
94684.066781,20617
94684.071791,20618
94684.080307,20619
94684.085413,20620
94684.091292,20621
94684.096533,20622
94684.103175,20623
94684.109352,20624
94684.117843,20625
94684.123216,20626
94684.129318,20627
94684.137890,20628
94684.145953,20629
94684.151185,20630
94684.156817,20631
94684.163603,20632
94684.170043,20633
94684.176522,20634
94684.183612,20635
94684.189012,20636
94684.194348,20637
94684.200745,20638
94684.208806,20639
94684.213998,20640
94684.223551,20641
94684.228680,20642
94684.238358,20643
94684.243323,20644
94684.252417,20645
94684.258782,20646
94684.268789,20647
94684.279912,20648
94684.286497,20649
94684.298930,20650
94684.304988,20651
94684.310516,20652
94684.316122,20653
94684.324820,20654
94684.330482,20655
94684.335468,20656
94684.344093,20657
94684.349281,20658
94684.358716,20659
94684.364428,20660
94684.370015,20661
94684.376266,20662
94684.384477,20663
94684.393775,20664
94684.399726,20665
94684.405610,20666
94684.411323,20667
94684.421584,20668
94684.429240,20669
94684.437764,20670
94684.446587,20671
94684.452319,20672
94684.457710,20673
94684.465170,20674
94684.472260,20675
94684.480638,20676
94684.488558,20677
94684.494723,20678
94684.504223,20679
94684.509842,20680
94684.517268,20681
94684.523011,20682
94684.528608,20683
94684.536920,20684
94684.543254,20685
94684.548246,20686
94684.553758,20687
94684.559472,20688
94684.564935,20689
94684.572466,20690
94684.582157,20691
94684.590407,20692
94684.601304,20693
94684.611658,20694
94684.621038,20695
94684.630547,20696
94684.639960,20697
94684.645581,20698
94684.654419,20699
94684.659877,20700
94684.665452,20701
94684.670830,20702
94684.676102,20703
94684.684769,20704
94684.693228,20705
94684.700806,20706
94684.712005,20707
94684.722684,20708
94684.732918,20709
94684.740574,20710
94684.747591,20711
94684.755023,20712
94684.762148,20713
94684.768719,20714
94684.781345,20715
94684.788534,20716
94684.794382,20717
94684.804379,20718
94684.810964,20719
94684.817019,20720
94684.826404,20721
94684.832379,20722
94684.838062,20723
94684.844327,20724
94684.851446,20725
94684.857593,20726
94684.869841,20727
94684.877451,20728
94684.889519,20729
94684.895341,20730
94684.901437,20731
94684.906879,20732
94684.912676,20733
94684.921627,20734
94684.929920,20735
94684.940352,20736
94684.946525,20737
94684.955521,20738
94684.961639,20739
94684.967854,20740
94684.974968,20741
94684.983636,20742
94684.992185,20743
94684.999080,20744
94685.008437,20745
94685.016749,20746
94685.026888,20747
94685.036714,20748
94685.043518,20749
94685.061332,20750
94685.075770,20751
94685.084391,20752
94685.096475,20753
94685.107491,20754
94685.115397,20755
94685.122719,20756
94685.135802,20757
94685.149600,20758
94685.164352,20759
94685.175180,20760
94685.184652,20761
94685.195897,20762
94685.205022,20763
94685.218902,20764
94685.226790,20765
94685.234363,20766
94685.248390,20767
94685.259113,20768
94685.273487,20769
94685.287709,20770
94685.299347,20771
94685.310990,20772
94685.320760,20773
94685.333177,20774
94685.346005,20775
94685.359657,20776
94685.372667,20777
94685.380449,20778
94685.391493,20779
94685.404380,20780
94685.416734,20781
94685.425871,20782
94685.437544,20783
94685.451995,20784
94685.467341,20785
94685.479812,20786
94685.491964,20787
94685.498713,20788
94685.507008,20789
94685.516070,20790
94685.528812,20791
94685.536510,20792
94685.544721,20793
94685.551479,20794
94685.565763,20795
94685.578228,20796
94685.591819,20797
94685.604029,20798
94685.615884,20799
94685.625908,20800
94685.636583,20801
94685.642763,20802
94685.654467,20803
94685.664748,20804
94685.672111,20805
94685.679216,20806
94685.686144,20807
94685.695744,20808
94685.708343,20809
94685.715075,20810
94685.727671,20811
94685.734769,20812
94685.741355,20813
94685.751743,20814
94685.766083,20815
94685.773788,20816
94685.785272,20817
94685.794568,20818
94685.800948,20819
94685.807794,20820
94685.816911,20821
94685.824265,20822
94685.832259,20823
94685.844727,20824
94685.858622,20825
94685.871644,20826
94685.885678,20827
94685.898459,20828
94685.915404,20829
94685.924741,20830
94685.930795,20831
94685.940738,20832
94685.953480,20833
94685.960563,20834
94685.972153,20835
94685.978665,20836
94685.985166,20837
94685.996739,20838
94686.006902,20839
94686.013629,20840
94686.020795,20841
94686.026986,20842
94686.039293,20843
94686.045903,20844
94686.055787,20845
94686.062038,20846
94686.074983,20847
94686.087533,20848
94686.099743,20849
94686.108070,20850
94686.114848,20851
94686.127133,20852
94686.141071,20853
94686.150913,20854
94686.162379,20855
94686.175284,20856
94686.184756,20857
94686.191661,20858
94686.203085,20859
94686.216962,20860
94686.229754,20861
94686.244952,20862
94686.252791,20863
94686.262567,20864
94686.274633,20865
94686.288136,20866
94686.295345,20867
94686.306301,20868
94686.313949,20869
94686.328078,20870
94686.340996,20871
94686.352729,20872
94686.360396,20873
94686.368555,20874
94686.380734,20875
94686.394977,20876
94686.402367,20877
94686.415434,20878
94686.422573,20879
94686.436197,20880
94686.449391,20881
94686.457478,20882
94686.469503,20883
94686.479921,20884
94686.493504,20885
94686.501359,20886
94686.515338,20887
94686.529390,20888
94686.543368,20889
94686.554709,20890
94686.562051,20891
94686.575729,20892
94686.583661,20893
94686.597685,20894
94686.611659,20895
94686.623910,20896
94686.631688,20897
94686.639327,20898
94686.652577,20899
94686.663146,20900
94686.670463,20901
94686.681036,20902
94686.688075,20903
94686.695803,20904
94686.704329,20905
94686.717562,20906
94686.725987,20907
94686.733889,20908
94686.745328,20909
94686.755499,20910
94686.762270,20911
94686.776046,20912
94686.783402,20913
94686.790504,20914
94686.802863,20915
94686.809752,20916
94686.819356,20917
94686.833623,20918
94686.841659,20919
94686.856659,20920
94686.870571,20921
94686.878571,20922
94686.885961,20923
94686.897774,20924
94686.905831,20925
94686.920448,20926
94686.935082,20927
94686.943022,20928
94686.949758,20929
94686.956487,20930
94686.972439,20931
94686.983788,20932
94686.991320,20933
94687.006798,20934
94687.018584,20935
94687.034488,20936
94687.046155,20937
94687.062322,20938
94687.075297,20939
94687.082794,20940
94687.097217,20941
94687.114171,20942
94687.121828,20943
94687.129556,20944
94687.143620,20945
94687.157403,20946
94687.173576,20947
94687.189738,20948
94687.205624,20949
94687.220521,20950
94687.236347,20951
94687.251835,20952
94687.268941,20953
94687.277257,20954
94687.285531,20955
94687.299208,20956
94687.306466,20957
94687.322970,20958
94687.331638,20959
94687.347516,20960
94687.363657,20961
94687.372522,20962
94687.388423,20963
94687.396432,20964
94687.403473,20965
94687.412260,20966
94687.428286,20967
94687.442793,20968
94687.457969,20969
94687.472193,20970
94687.481718,20971
94687.496631,20972
94687.513445,20973
94687.529853,20974
94687.539028,20975
94687.554153,20976
94687.569309,20977
94687.583891,20978
94687.592420,20979
94687.607438,20980
94687.615802,20981
94687.632227,20982
94687.640959,20983
94687.658245,20984
94687.670537,20985
94687.680255,20986
94687.694642,20987
94687.703323,20988
94687.711666,20989
94687.727113,20990
94687.736173,20991
94687.746296,20992
94687.754784,20993
94687.763468,20994
94687.775225,20995
94687.790966,20996
94687.800288,20997
94687.814429,20998
94687.830026,20999
94687.845659,21000
94687.857650,21001
94687.868832,21002
94687.879645,21003
94687.889722,21004
94687.899705,21005
94687.909660,21006
94687.919856,21007
94687.929979,21008
94687.940063,21009
94687.950531,21010
94687.962018,21011
94687.975725,21012
94687.988436,21013
94687.999456,21014
94688.010777,21015
94688.020956,21016
94688.032225,21017
94688.043706,21018
94688.054564,21019
94688.065627,21020
94688.076780,21021
94688.088916,21022
94688.099854,21023
94688.111312,21024
94688.123215,21025
94688.133743,21026
94688.144973,21027
94688.158912,21028
94688.169904,21029
94688.183663,21030
94688.195374,21031
94688.204997,21032
94688.215968,21033
94688.227928,21034
94688.239322,21035
94688.250906,21036
94688.261652,21037
94688.272929,21038
94688.285073,21039
94688.297844,21040
94688.308640,21041
94688.319599,21042
94688.331204,21043
94688.341392,21044
94688.351734,21045
94688.363474,21046
94688.375757,21047
94688.387694,21048
94688.398231,21049
94688.411218,21050
94688.421363,21051
94688.432189,21052
94688.443370,21053
94688.454559,21054
94688.467396,21055
94688.478209,21056
94688.488773,21057
94688.503483,21058
94688.514270,21059
94688.525439,21060
94688.539258,21061
94688.551946,21062
94688.565569,21063
94688.577079,21064
94688.589803,21065
94688.604026,21066
94688.618504,21067
94688.629724,21068
94688.641732,21069
94688.653620,21070
94688.664391,21071
94688.677727,21072
94688.690018,21073
94688.701431,21074
94688.712398,21075
94688.725491,21076
94688.736914,21077
94688.749496,21078
94688.759464,21079
94688.771419,21080
94688.782204,21081
94688.793420,21082
94688.803381,21083
94688.813980,21084
94688.826742,21085
94688.839640,21086
94688.851863,21087
94688.864058,21088
94688.875659,21089
94688.887712,21090
94688.898932,21091
94688.911812,21092
94688.922872,21093
94688.936453,21094
94688.947320,21095
94688.958322,21096
94688.969706,21097
94688.981944,21098
94688.994710,21099
94689.005797,21100
94689.017547,21101
94689.028825,21102
94689.039438,21103
94689.051237,21104
94689.063102,21105
94689.074544,21106
94689.086571,21107
94689.101051,21108
94689.110848,21109
94689.122128,21110
94689.136097,21111
94689.147945,21112
94689.161769,21113
94689.173411,21114
94689.184829,21115
94689.197778,21116
94689.208401,21117
94689.222909,21118
94689.234867,21119
94689.248977,21120
94689.261063,21121
94689.273040,21122
94689.284568,21123
94689.298295,21124
94689.310204,21125
94689.323696,21126
94689.335599,21127
94689.349694,21128
94689.360917,21129
94689.372588,21130
94689.384224,21131
94689.399656,21132
94689.413979,21133
94689.427250,21134
94689.439921,21135
94689.451449,21136
94689.463418,21137
94689.477772,21138
94689.489773,21139
94689.502042,21140
94689.513956,21141
94689.526579,21142
94689.538490,21143
94689.552654,21144
94689.563365,21145
94689.575226,21146
94689.588499,21147
94689.601353,21148
94689.615860,21149
94689.633942,21150
94689.644736,21151
94689.654734,21152
94689.666899,21153
94689.677352,21154
94689.687698,21155
94689.698707,21156
94689.709094,21157
94689.720047,21158
94689.731628,21159
94689.742693,21160
94689.753733,21161
94689.764981,21162
94689.776097,21163
94689.787354,21164
94689.798490,21165
94689.811219,21166
94689.824126,21167
94689.837503,21168
94689.849312,21169
94689.861722,21170
94689.873013,21171
94689.884755,21172
94689.896673,21173
94689.907401,21174
94689.918902,21175
94689.929779,21176
94689.941105,21177
94689.952615,21178
94689.964770,21179
94689.976299,21180
94689.988427,21181
94690.001779,21182
94690.013622,21183
94690.026524,21184
94690.038383,21185
94690.050716,21186
94690.061185,21187
94690.072200,21188
94690.085699,21189
94690.094731,21190
94690.108326,21191
94690.119287,21192
94690.131305,21193
94690.142978,21194
94690.157878,21195
94690.170470,21196
94690.183935,21197
94690.196322,21198
94690.208772,21199
94690.218866,21200
94690.231299,21201
94690.243193,21202
94690.255995,21203
94690.269797,21204
94690.283818,21205
94690.295223,21206
94690.306698,21207
94690.318398,21208
94690.330716,21209
94690.342516,21210
94690.354473,21211
94690.365923,21212
94690.378765,21213
94690.390872,21214
94690.402594,21215
94690.414230,21216
94690.426017,21217
94690.438520,21218
94690.451569,21219
94690.463926,21220
94690.476165,21221
94690.487202,21222
94690.499233,21223
94690.512250,21224
94690.525578,21225
94690.538350,21226
94690.550785,21227
94690.562308,21228
94690.576775,21229
94690.590896,21230
94690.603415,21231
94690.616056,21232
94690.629052,21233
94690.640234,21234
94690.652934,21235
94690.664750,21236
94690.678351,21237
94690.689378,21238
94690.700632,21239
94690.712139,21240
94690.727551,21241
94690.739654,21242
94690.752312,21243
94690.764478,21244
94690.778724,21245
94690.790811,21246
94690.803634,21247
94690.816658,21248
94690.831573,21249
94690.843781,21250
94690.851521,21251
94690.859934,21252
94690.872299,21253
94690.879723,21254
94690.886549,21255
94690.893500,21256
94690.900082,21257
94690.907497,21258
94690.924040,21259
94690.931577,21260
94690.942657,21261
94690.949703,21262
94690.968771,21263
94690.975983,21264
94690.990758,21265
94690.998517,21266
94691.004061,21267
94691.013453,21268
94691.021591,21269
94691.027742,21270
94691.034538,21271
94691.043794,21272
94691.056720,21273
94691.068634,21274
94691.077159,21275
94691.091368,21276
94691.099668,21277
94691.111074,21278
94691.123143,21279
94691.130577,21280
94691.135932,21281
94691.145955,21282
94691.154049,21283
94691.169282,21284
94691.183560,21285
94691.196113,21286
94691.204342,21287
94691.214895,21288
94691.222759,21289
94691.228240,21290
94691.239156,21291
94691.246580,21292
94691.254351,21293
94691.262213,21294
94691.273258,21295
94691.287814,21296
94691.298720,21297
94691.304159,21298
94691.311631,21299
94691.324098,21300
94691.331733,21301
94691.342789,21302
94691.353895,21303
94691.362230,21304
94691.371629,21305
94691.384182,21306
94691.398417,21307
94691.412073,21308
94691.420987,21309
94691.429812,21310
94691.441876,21311
94691.450999,21312
94691.458451,21313
94691.466480,21314
94691.478972,21315
94691.490555,21316
94691.498859,21317
94691.507267,21318
94691.516705,21319
94691.525100,21320
94691.532828,21321
94691.543979,21322
94691.554755,21323
94691.566479,21324
94691.576890,21325
94691.584748,21326
94691.596579,21327
94691.610956,21328
94691.623634,21329
94691.631694,21330
94691.640062,21331
94691.652652,21332
94691.663470,21333
94691.677653,21334
94691.686333,21335
94691.694926,21336
94691.705790,21337
94691.719821,21338
94691.735429,21339
94691.749653,21340
94691.765886,21341
94691.778343,21342
94691.789453,21343
94691.801433,21344
94691.812588,21345
94691.823702,21346
94691.832229,21347
94691.844043,21348
94691.858769,21349
94691.870490,21350
94691.889619,21351
94691.898473,21352
94691.907273,21353
94691.917770,21354
94691.930083,21355
94691.941234,21356
94691.949590,21357
94691.965720,21358
94691.974329,21359
94691.982807,21360
94691.994727,21361
94692.005851,21362
94692.014439,21363
94692.033655,21364
94692.044225,21365
94692.057942,21366
94692.066397,21367
94692.077583,21368
94692.088087,21369
94692.097433,21370
94692.111974,21371
94692.129623,21372
94692.149311,21373
94692.163300,21374
94692.172503,21375
94692.186806,21376
94692.196094,21377
94692.205869,21378
94692.217896,21379
94692.232772,21380
94692.242052,21381
94692.256770,21382
94692.272454,21383
94692.290609,21384
94692.300860,21385
94692.314585,21386
94692.326512,21387
94692.338245,21388
94692.351442,21389
94692.362591,21390
94692.371523,21391
94692.384719,21392
94692.394448,21393
94692.405747,21394
94692.415443,21395
94692.426121,21396
94692.442153,21397
94692.451322,21398
94692.460783,21399
94692.477695,21400
94692.489123,21401
94692.504112,21402
94692.512187,21403
94692.519961,21404
94692.531596,21405
94692.542729,21406
94692.554481,21407
94692.564801,21408
94692.572816,21409
94692.583464,21410
94692.598847,21411
94692.612031,21412
94692.623784,21413
94692.631374,21414
94692.647986,21415
94692.661453,21416
94692.670496,21417
94692.680909,21418
94692.694737,21419
94692.704287,21420
94692.712288,21421
94692.722938,21422
94692.732066,21423
94692.747757,21424
94692.764401,21425
94692.775563,21426
94692.783701,21427
94692.791890,21428
94692.801085,21429
94692.819345,21430
94692.828489,21431
94692.841855,21432
94692.852590,21433
94692.868490,21434
94692.880399,21435
94692.891172,21436
94692.905282,21437
94692.913020,21438
94692.927374,21439
94692.943158,21440
94692.954220,21441
94692.962796,21442
94692.976379,21443
94692.990747,21444
94693.003346,21445
94693.011911,21446
94693.020252,21447
94693.028822,21448
94693.041250,21449
94693.056387,21450
94693.065024,21451
94693.076978,21452
94693.087239,21453
94693.096336,21454
94693.118525,21455
94693.132900,21456
94693.146230,21457
94693.157534,21458
94693.171634,21459
94693.185509,21460
94693.200798,21461
94693.215396,21462
94693.228432,21463
94693.238398,21464
94693.252852,21465
94693.268825,21466
94693.277773,21467
94693.287755,21468
94693.297402,21469
94693.308460,21470
94693.317141,21471
94693.326096,21472
94693.336450,21473
94693.352428,21474
94693.365834,21475
94693.380758,21476
94693.389533,21477
94693.407211,21478
94693.416273,21479
94693.430288,21480
94693.438671,21481
94693.448085,21482
94693.471759,21483
94693.480492,21484
94693.490427,21485
94693.500677,21486
94693.514717,21487
94693.524395,21488
94693.535017,21489
94693.546680,21490
94693.566252,21491
94693.583560,21492
94693.603387,21493
94693.622057,21494
94693.638239,21495
94693.649970,21496
94693.664828,21497
94693.678410,21498
94693.688264,21499
94693.697571,21500
94693.706834,21501
94693.712242,21502
94693.719961,21503
94693.729327,21504
94693.736025,21505
94693.743458,21506
94693.748773,21507
94693.754320,21508
94693.764910,21509
94693.770794,21510
94693.776075,21511
94693.782587,21512
94693.787775,21513
94693.795890,21514
94693.805483,21515
94693.811552,21516
94693.821140,21517
94693.828740,21518
94693.835066,21519
94693.840371,21520
94693.845536,21521
94693.854007,21522
94693.859381,21523
94693.866523,21524
94693.871837,21525
94693.877542,21526
94693.884945,21527
94693.892312,21528
94693.901313,21529
94693.907115,21530
94693.912880,21531
94693.918374,21532
94693.923612,21533
94693.928696,21534
94693.934107,21535
94693.942534,21536
94693.948014,21537
94693.953807,21538
94693.960851,21539
94693.966130,21540
94693.971406,21541
94693.976510,21542
94693.986037,21543
94693.994530,21544
94694.003507,21545
94694.009603,21546
94694.014823,21547
94694.020275,21548
94694.025623,21549
94694.039128,21550
94694.046020,21551
94694.052681,21552
94694.058079,21553
94694.063358,21554
94694.068880,21555
94694.074245,21556
94694.081933,21557
94694.090455,21558
94694.098163,21559
94694.106374,21560
94694.111509,21561
94694.117426,21562
94694.123635,21563
94694.131261,21564
94694.139251,21565
94694.144612,21566
94694.154671,21567
94694.164656,21568
94694.170306,21569
94694.176744,21570
94694.181841,21571
94694.187166,21572
94694.192327,21573
94694.200662,21574
94694.207570,21575
94694.213253,21576
94694.219079,21577
94694.226760,21578
94694.235014,21579
94694.240889,21580
94694.246359,21581
94694.255072,21582
94694.261342,21583
94694.267431,21584
94694.272490,21585
94694.280199,21586
94694.285348,21587
94694.293688,21588
94694.298941,21589
94694.305476,21590
94694.310339,21591
94694.317357,21592
94694.322605,21593
94694.329853,21594
94694.337699,21595
94694.343868,21596
94694.353349,21597
94694.361815,21598
94694.366869,21599
94694.372684,21600
94694.381210,21601
94694.388020,21602
94694.393531,21603
94694.398914,21604
94694.409621,21605
94694.417416,21606
94694.423064,21607
94694.428852,21608
94694.434274,21609
94694.442727,21610
94694.450506,21611
94694.459584,21612
94694.464924,21613
94694.470777,21614
94694.478620,21615
94694.486580,21616
94694.494503,21617
94694.499849,21618
94694.506489,21619
94694.511940,21620
94694.519446,21621
94694.525015,21622
94694.530444,21623
94694.535793,21624
94694.545670,21625
94694.551847,21626
94694.556692,21627
94694.561922,21628
94694.568953,21629
94694.576632,21630
94694.581857,21631
94694.587636,21632
94694.595382,21633
94694.600974,21634
94694.605960,21635
94694.611062,21636
94694.621462,21637
94694.631378,21638
94694.641304,21639
94694.647121,21640
94694.656185,21641
94694.665458,21642
94694.670579,21643
94694.676820,21644
94694.682125,21645
94694.687371,21646
94694.692357,21647
94694.698331,21648
94694.703993,21649
94694.717499,21650
94694.726600,21651
94694.734380,21652
94694.744387,21653
94694.750339,21654
94694.756954,21655
94694.763013,21656
94694.771827,21657
94694.776936,21658
94694.782627,21659
94694.791304,21660
94694.797119,21661
94694.802261,21662
94694.810498,21663
94694.815694,21664
94694.822884,21665
94694.827888,21666
94694.833377,21667
94694.841225,21668
94694.849070,21669
94694.857613,21670
94694.867309,21671
94694.880276,21672
94694.887218,21673
94694.892274,21674
94694.902510,21675
94694.909733,21676
94694.915349,21677
94694.923788,21678
94694.929367,21679
94694.934229,21680
94694.940053,21681
94694.949976,21682
94694.961359,21683
94694.967821,21684
94694.978490,21685
94694.987807,21686
94694.993803,21687
94694.999063,21688
94695.007834,21689
94695.013529,21690
94695.019190,21691
94695.027879,21692
94695.036325,21693
94695.041602,21694
94695.051422,21695
94695.056907,21696
94695.066154,21697
94695.077539,21698
94695.087710,21699
94695.093584,21700
94695.104663,21701
94695.110113,21702
94695.118756,21703
94695.128607,21704
94695.136529,21705
94695.141729,21706
94695.149685,21707
94695.157246,21708
94695.162830,21709
94695.167863,21710
94695.173076,21711
94695.178064,21712
94695.183663,21713
94695.190290,21714
94695.195747,21715
94695.200728,21716
94695.208815,21717
94695.213949,21718
94695.219365,21719
94695.231735,21720
94695.241610,21721
94695.248460,21722
94695.254155,21723
94695.262207,21724
94695.267758,21725
94695.274828,21726
94695.280714,21727
94695.285896,21728
94695.295150,21729
94695.303951,21730
94695.313377,21731
94695.320572,21732
94695.328901,21733
94695.340366,21734
94695.350348,21735
94695.357322,21736
94695.363015,21737
94695.373060,21738
94695.378696,21739
94695.389494,21740
94695.395236,21741
94695.401990,21742
94695.409246,21743
94695.416889,21744
94695.422341,21745
94695.427229,21746
94695.433231,21747
94695.442414,21748
94695.452842,21749
94695.463785,21750
94695.475167,21751
94695.486676,21752
94695.498053,21753
94695.508449,21754
94695.516542,21755
94695.524914,21756
94695.535821,21757
94695.547023,21758
94695.555984,21759
94695.567567,21760
94695.578856,21761
94695.588802,21762
94695.600584,21763
94695.608224,21764
94695.619804,21765
94695.628637,21766
94695.637712,21767
94695.646525,21768
94695.658057,21769
94695.671038,21770
94695.680720,21771
94695.692661,21772
94695.706632,21773
94695.718391,21774
94695.728629,21775
94695.740351,21776
94695.754633,21777
94695.761893,21778
94695.773402,21779
94695.783868,21780
94695.798040,21781
94695.809624,21782
94695.822602,21783
94695.833956,21784
94695.846175,21785
94695.856700,21786
94695.865005,21787
94695.877087,21788
94695.888725,21789
94695.898228,21790
94695.908956,21791
94695.916968,21792
94695.924277,21793
94695.934691,21794
94695.943847,21795
94695.954556,21796
94695.966177,21797
94695.977274,21798
94695.989545,21799
94696.004882,21800
94696.017049,21801
94696.028736,21802
94696.040067,21803
94696.053050,21804
94696.064300,21805
94696.076492,21806
94696.088421,21807
94696.098089,21808
94696.111290,21809
94696.121635,21810
94696.132893,21811
94696.145635,21812
94696.159227,21813
94696.172379,21814
94696.181754,21815
94696.193959,21816
94696.207043,21817
94696.216263,21818
94696.228816,21819
94696.242397,21820
94696.255535,21821
94696.269057,21822
94696.281472,21823
94696.293362,21824
94696.301710,21825
94696.314589,21826
94696.327584,21827
94696.341141,21828
94696.353227,21829
94696.360502,21830
94696.373083,21831
94696.386930,21832
94696.400364,21833
94696.413605,21834
94696.422199,21835
94696.434345,21836
94696.446478,21837
94696.454261,21838
94696.467858,21839
94696.482247,21840
94696.494467,21841
94696.507628,21842
94696.519197,21843
94696.532873,21844
94696.542291,21845
94696.555843,21846
94696.569849,21847
94696.583638,21848
94696.597321,21849
94696.611790,21850
94696.619694,21851
94696.633065,21852
94696.645526,21853
94696.659462,21854
94696.673853,21855
94696.687588,21856
94696.700749,21857
94696.715122,21858
94696.727371,21859
94696.741513,21860
94696.755458,21861
94696.769639,21862
94696.783783,21863
94696.798504,21864
94696.808434,21865
94696.819650,21866
94696.833572,21867
94696.849015,21868
94696.860280,21869
94696.869779,21870
94696.884915,21871
94696.899719,21872
94696.912402,21873
94696.926817,21874
94696.941650,21875
94696.953302,21876
94696.965813,21877
94696.979407,21878
94696.990021,21879
94697.003720,21880
94697.018249,21881
94697.028628,21882
94697.041030,21883
94697.055441,21884
94697.070732,21885
94697.083252,21886
94697.092937,21887
94697.105540,21888
94697.119352,21889
94697.133171,21890
94697.145880,21891
94697.156463,21892
94697.168269,21893
94697.181617,21894
94697.194191,21895
94697.207958,21896
94697.221333,21897
94697.235908,21898
94697.249220,21899
94697.265507,21900
94697.278724,21901
94697.292281,21902
94697.304277,21903
94697.317558,21904
94697.329493,21905
94697.343787,21906
94697.358263,21907
94697.374521,21908
94697.385510,21909
94697.396959,21910
94697.406952,21911
94697.417714,21912
94697.427953,21913
94697.443119,21914
94697.457505,21915
94697.469439,21916
94697.483403,21917
94697.493579,21918
94697.506230,21919
94697.521458,21920
94697.535648,21921
94697.549974,21922
94697.562312,21923
94697.575403,21924
94697.588807,21925
94697.600855,21926
94697.616856,21927
94697.628804,21928
94697.640818,21929
94697.652513,21930
94697.664822,21931
94697.677741,21932
94697.691252,21933
94697.706646,21934
94697.719673,21935
94697.735072,21936
94697.748906,21937
94697.763616,21938
94697.780721,21939
94697.793140,21940
94697.805687,21941
94697.818044,21942
94697.830427,21943
94697.843363,21944
94697.857936,21945
94697.871746,21946
94697.885917,21947
94697.903701,21948
94697.917687,21949
94697.930541,21950
94697.943487,21951
94697.957163,21952
94697.971294,21953
94697.985907,21954
94698.005798,21955
94698.020799,21956
94698.034587,21957
94698.048883,21958
94698.061119,21959
94698.074712,21960
94698.088761,21961
94698.102421,21962
94698.117429,21963
94698.131136,21964
94698.145681,21965
94698.158833,21966
94698.179186,21967
94698.193648,21968
94698.207268,21969
94698.222756,21970
94698.236288,21971
94698.250485,21972
94698.266231,21973
94698.283407,21974
94698.296330,21975
94698.309390,21976
94698.323397,21977
94698.335589,21978
94698.353591,21979
94698.367658,21980
94698.381334,21981
94698.400539,21982
94698.418092,21983
94698.431210,21984
94698.447815,21985
94698.465807,21986
94698.485250,21987
94698.502840,21988
94698.517951,21989
94698.529744,21990
94698.544789,21991
94698.559455,21992
94698.573328,21993
94698.585262,21994
94698.599498,21995
94698.612929,21996
94698.626937,21997
94698.639291,21998
94698.652648,21999
94698.668749,22000
94698.683393,22001
94698.698092,22002
94698.712459,22003
94698.725518,22004
94698.738907,22005
94698.754604,22006
94698.769067,22007
94698.783934,22008
94698.799170,22009
94698.813214,22010
94698.828405,22011
94698.843561,22012
94698.858414,22013
94698.872219,22014
94698.888229,22015
94698.902627,22016
94698.917085,22017
94698.931732,22018
94698.946230,22019
94698.959770,22020
94698.974657,22021
94698.987829,22022
94699.001558,22023
94699.015806,22024
94699.030934,22025
94699.045024,22026
94699.058719,22027
94699.073468,22028
94699.087799,22029
94699.100590,22030
94699.115410,22031
94699.130481,22032
94699.144301,22033
94699.158855,22034
94699.172419,22035
94699.186045,22036
94699.201475,22037
94699.215848,22038
94699.230370,22039
94699.245024,22040
94699.261171,22041
94699.275806,22042
94699.289867,22043
94699.304042,22044
94699.319454,22045
94699.334382,22046
94699.348688,22047
94699.362818,22048
94699.376582,22049
94699.392876,22050
94699.405220,22051
94699.420262,22052
94699.433640,22053
94699.447261,22054
94699.461720,22055
94699.475505,22056
94699.489449,22057
94699.504786,22058
94699.517721,22059
94699.531434,22060
94699.545950,22061
94699.558987,22062
94699.573353,22063
94699.587490,22064
94699.600570,22065
94699.614235,22066
94699.628682,22067
94699.643885,22068
94699.657809,22069
94699.670196,22070
94699.684583,22071
94699.699589,22072
94699.711786,22073
94699.726696,22074
94699.741258,22075
94699.754611,22076
94699.768399,22077
94699.782278,22078
94699.797816,22079
94699.811734,22080
94699.826022,22081
94699.841124,22082
94699.854823,22083
94699.871691,22084
94699.885972,22085
94699.902462,22086
94699.918878,22087
94699.933627,22088
94699.948074,22089
94699.962342,22090
94699.978595,22091
94699.991833,22092
94700.005614,22093
94700.018905,22094
94700.032783,22095
94700.047906,22096
94700.061344,22097
94700.076680,22098
94700.090217,22099
94700.105623,22100
94700.121702,22101
94700.138789,22102
94700.153042,22103
94700.167803,22104
94700.182657,22105
94700.198739,22106
94700.212954,22107
94700.227800,22108
94700.241948,22109
94700.257157,22110
94700.272333,22111
94700.287716,22112
94700.304253,22113
94700.319720,22114
94700.333897,22115
94700.349251,22116
94700.362880,22117
94700.378319,22118
94700.392650,22119
94700.409079,22120
94700.424828,22121
94700.439044,22122
94700.453417,22123
94700.470158,22124
94700.486277,22125
94700.501188,22126
94700.516013,22127
94700.531101,22128
94700.545685,22129
94700.561305,22130
94700.575910,22131
94700.593576,22132
94700.608447,22133
94700.623910,22134
94700.638810,22135
94700.653455,22136
94700.667271,22137
94700.683783,22138
94700.698781,22139
94700.713265,22140
94700.727835,22141
94700.742177,22142
94700.758250,22143
94700.772691,22144
94700.785835,22145
94700.802484,22146
94700.816921,22147
94700.834728,22148
94700.848288,22149
94700.865674,22150
94700.880766,22151
94700.894651,22152
94700.908360,22153
94700.921383,22154
94700.936764,22155
94700.950799,22156
94700.964588,22157
94700.979854,22158
94700.993568,22159
94701.007412,22160
94701.021930,22161
94701.036212,22162
94701.050855,22163
94701.066074,22164
94701.080582,22165
94701.096977,22166
94701.111453,22167
94701.128257,22168
94701.143672,22169
94701.160051,22170
94701.175477,22171
94701.192055,22172
94701.205936,22173
94701.222923,22174
94701.237222,22175
94701.252404,22176
94701.266980,22177
94701.283576,22178
94701.297066,22179
94701.313190,22180
94701.326801,22181
94701.342627,22182
94701.357519,22183
94701.371848,22184
94701.387783,22185
94701.403874,22186
94701.419476,22187
94701.433278,22188
94701.448628,22189
94701.464388,22190
94701.477641,22191
94701.493613,22192
94701.508602,22193
94701.522730,22194
94701.539292,22195
94701.554960,22196
94701.570713,22197
94701.585519,22198
94701.598347,22199
94701.614894,22200
94701.631140,22201
94701.647711,22202
94701.663842,22203
94701.679263,22204
94701.694266,22205
94701.711373,22206
94701.724909,22207
94701.740760,22208
94701.757466,22209
94701.775581,22210
94701.792191,22211
94701.807258,22212
94701.821637,22213
94701.837349,22214
94701.853288,22215
94701.868725,22216
94701.884724,22217
94701.899728,22218
94701.915322,22219
94701.929776,22220
94701.944948,22221
94701.962408,22222
94701.976295,22223
94701.991178,22224
94702.005779,22225
94702.022218,22226
94702.038508,22227
94702.052305,22228
94702.067813,22229
94702.084822,22230
94702.101882,22231
94702.117321,22232
94702.132805,22233
94702.147413,22234
94702.164718,22235
94702.180009,22236
94702.195384,22237
94702.209938,22238
94702.224807,22239
94702.240945,22240
94702.256340,22241
94702.273525,22242
94702.289033,22243
94702.306177,22244
94702.317977,22245
94702.334451,22246
94702.350527,22247
94702.365958,22248
94702.381217,22249
94702.392815,22500
94702.399964,22501
94702.406208,22502
94702.412129,22503
94702.417792,22504
94702.422893,22505
94702.428068,22506
94702.433056,22507
94702.438007,22508
94702.443409,22509
94702.449021,22510
94702.454026,22511
94702.459152,22512
94702.464536,22513
94702.469542,22514
94702.474572,22515
94702.479943,22516
94702.484964,22517
94702.490254,22518
94702.495226,22519
94702.500275,22520
94702.505548,22521
94702.511428,22522
94702.516823,22523
94702.522433,22524
94702.530624,22525
94702.535821,22526
94702.541123,22527
94702.546633,22528
94702.552612,22529
94702.557644,22530
94702.562793,22531
94702.568163,22532
94702.573667,22533
94702.578920,22534
94702.584530,22535
94702.590041,22536
94702.596169,22537
94702.601721,22538
94702.607079,22539
94702.612742,22540
94702.618765,22541
94702.624445,22542
94702.630092,22543
94702.636468,22544
94702.641804,22545
94702.647102,22546
94702.652454,22547
94702.657883,22548
94702.663815,22549
94702.669035,22550
94702.676740,22551
94702.682037,22552
94702.687038,22553
94702.692507,22554
94702.698441,22555
94702.703541,22556
94702.708643,22557
94702.713672,22558
94702.721901,22559
94702.727417,22560
94702.733190,22561
94702.738296,22562
94702.743417,22563
94702.749019,22564
94702.754380,22565
94702.759852,22566
94702.764840,22567
94702.769991,22568
94702.775272,22569
94702.780622,22570
94702.785828,22571
94702.791008,22572
94702.796322,22573
94702.801300,22574
94702.806413,22575
94702.811562,22576
94702.817121,22577
94702.822283,22578
94702.827746,22579
94702.832700,22580
94702.837948,22581
94702.843045,22582
94702.848217,22583
94702.853361,22584
94702.858716,22585
94702.863770,22586
94702.869100,22587
94702.874409,22588
94702.880540,22589
94702.886635,22590
94702.893436,22591
94702.899232,22592
94702.904640,22593
94702.909872,22594
94702.915179,22595
94702.920805,22596
94702.925937,22597
94702.930987,22598
94702.936448,22599
94702.943872,22600
94702.949230,22601
94702.954471,22602
94702.959522,22603
94702.964694,22604
94702.969948,22605
94702.976289,22606
94702.981516,22607
94702.986807,22608
94702.992226,22609
94702.997774,22610
94703.003663,22611
94703.008974,22612
94703.014168,22613
94703.019591,22614
94703.024971,22615
94703.029926,22616
94703.035175,22617
94703.040655,22618
94703.046054,22619
94703.051280,22620
94703.056466,22621
94703.061959,22622
94703.067575,22623
94703.073916,22624
94703.079206,22625
94703.084548,22626
94703.089656,22627
94703.094947,22628
94703.099972,22629
94703.105016,22630
94703.110389,22631
94703.115592,22632
94703.120696,22633
94703.125815,22634
94703.130890,22635
94703.136584,22636
94703.141724,22637
94703.146838,22638
94703.152248,22639
94703.157738,22640
94703.164145,22641
94703.169235,22642
94703.174555,22643
94703.179734,22644
94703.185185,22645
94703.190306,22646
94703.195282,22647
94703.200397,22648
94703.205905,22649
94703.211183,22650
94703.216348,22651
94703.221526,22652
94703.226956,22653
94703.232458,22654
94703.237550,22655
94703.242604,22656
94703.247808,22657
94703.252766,22658
94703.258004,22659
94703.263063,22660
94703.268260,22661
94703.273257,22662
94703.278554,22663
94703.283975,22664
94703.289494,22665
94703.295784,22666
94703.301171,22667
94703.306742,22668
94703.312169,22669
94703.317845,22670
94703.323860,22671
94703.329486,22672
94703.334591,22673
94703.339678,22674
94703.345110,22675
94703.351544,22676
94703.356812,22677
94703.362488,22678
94703.367787,22679
94703.373086,22680
94703.378984,22681
94703.384071,22682
94703.389233,22683
94703.394275,22684
94703.400087,22685
94703.405062,22686
94703.410556,22687
94703.415816,22688
94703.421123,22689
94703.426515,22690
94703.431790,22691
94703.437302,22692
94703.442534,22693
94703.448661,22694
94703.454336,22695
94703.460170,22696
94703.465883,22697
94703.471301,22698
94703.477339,22699
94703.485572,22700
94703.490955,22701
94703.497453,22702
94703.502476,22703
94703.507679,22704
94703.513288,22705
94703.519163,22706
94703.525410,22707
94703.531628,22708
94703.536735,22709
94703.541829,22710
94703.547247,22711
94703.552859,22712
94703.559639,22713
94703.569025,22714
94703.577330,22715
94703.584232,22716
94703.590247,22717
94703.596326,22718
94703.602362,22719
94703.608646,22720
94703.615951,22721
94703.622364,22722
94703.627674,22723
94703.632965,22724
94703.637998,22725
94703.643343,22726
94703.648266,22727
94703.653189,22728
94703.658150,22729
94703.663819,22730
94703.668957,22731
94703.673998,22732
94703.678954,22733
94703.684762,22734
94703.689786,22735
94703.694966,22736
94703.700739,22737
94703.706283,22738
94703.712280,22739
94703.717342,22740
94703.722432,22741
94703.727592,22742
94703.733283,22743
94703.738255,22744
94703.743455,22745
94703.748476,22746
94703.754166,22747
94703.759214,22748
94703.764231,22749
94703.775121,22750
94703.779852,22751
94703.785260,22752
94703.790634,22753
94703.797142,22754
94703.805488,22755
94703.811231,22756
94703.821026,22757
94703.826742,22758
94703.832749,22759
94703.838498,22760
94703.844562,22761
94703.852591,22762
94703.858521,22763
94703.866235,22764
94703.874312,22765
94703.880121,22766
94703.885866,22767
94703.896397,22768
94703.901813,22769
94703.911130,22770
94703.918905,22771
94703.927833,22772
94703.933016,22773
94703.938480,22774
94703.946970,22775
94703.952660,22776
94703.958766,22777
94703.964310,22778
94703.970535,22779
94703.978381,22780
94703.987332,22781
94703.993086,22782
94703.998343,22783
94704.004081,22784
94704.013774,22785
94704.023032,22786
94704.033241,22787
94704.042366,22788
94704.051326,22789
94704.057235,22790
94704.066736,22791
94704.076796,22792
94704.083532,22793
94704.093282,22794
94704.098803,22795
94704.107809,22796
94704.117821,22797
94704.126994,22798
94704.135787,22799
94704.141752,22800
94704.147084,22801
94704.157033,22802
94704.164509,22803
94704.174204,22804
94704.183108,22805
94704.189011,22806
94704.198323,22807
94704.203926,22808
94704.212883,22809
94704.223407,22810
94704.228738,22811
94704.239904,22812
94704.246518,22813
94704.256931,22814
94704.266757,22815
94704.272808,22816
94704.281997,22817
94704.291015,22818
94704.300885,22819
94704.311665,22820
94704.319481,22821
94704.326840,22822
94704.336985,22823
94704.344815,22824
94704.354200,22825
94704.360282,22826
94704.369706,22827
94704.375519,22828
94704.385874,22829
94704.394489,22830
94704.400196,22831
94704.406817,22832
94704.413931,22833
94704.423291,22834
94704.428573,22835
94704.434400,22836
94704.444355,22837
94704.450720,22838
94704.457708,22839
94704.464741,22840
94704.471673,22841
94704.477253,22842
94704.483910,22843
94704.494775,22844
94704.503975,22845
94704.515201,22846
94704.526080,22847
94704.533947,22848
94704.540387,22849
94704.553928,22850
94704.563191,22851
94704.570965,22852
94704.580459,22853
94704.591956,22854
94704.597890,22855
94704.604008,22856
94704.611816,22857
94704.618981,22858
94704.624422,22859
94704.633339,22860
94704.644821,22861
94704.650465,22862
94704.659485,22863
94704.668961,22864
94704.674930,22865
94704.683503,22866
94704.689378,22867
94704.697421,22868
94704.708448,22869
94704.714576,22870
94704.720401,22871
94704.728454,22872
94704.733904,22873
94704.742534,22874
94704.748131,22875
94704.756362,22876
94704.761614,22877
94704.771425,22878
94704.777041,22879
94704.785011,22880
94704.791358,22881
94704.800641,22882
94704.810631,22883
94704.816406,22884
94704.821823,22885
94704.832770,22886
94704.842430,22887
94704.851995,22888
94704.862610,22889
94704.871576,22890
94704.878806,22891
94704.887032,22892
94704.897555,22893
94704.902826,22894
94704.908799,22895
94704.921238,22896
94704.927673,22897
94704.937653,22898
94704.943996,22899
94704.955426,22900
94704.961402,22901
94704.969605,22902
94704.983446,22903
94704.995269,22904
94705.007895,22905
94705.019122,22906
94705.029803,22907
94705.035396,22908
94705.045733,22909
94705.050979,22910
94705.058553,22911
94705.064036,22912
94705.074500,22913
94705.083345,22914
94705.093110,22915
94705.099676,22916
94705.105451,22917
94705.112471,22918
94705.125772,22919
94705.136530,22920
94705.141762,22921
94705.147386,22922
94705.156823,22923
94705.168599,22924
94705.174436,22925
94705.186880,22926
94705.193421,22927
94705.205941,22928
94705.212166,22929
94705.224742,22930
94705.236789,22931
94705.247663,22932
94705.257232,22933
94705.268404,22934
94705.281291,22935
94705.288080,22936
94705.293956,22937
94705.304636,22938
94705.313941,22939
94705.326679,22940
94705.332670,22941
94705.345373,22942
94705.352289,22943
94705.358496,22944
94705.367207,22945
94705.378103,22946
94705.388715,22947
94705.401131,22948
94705.408367,22949
94705.422125,22950
94705.428724,22951
94705.435344,22952
94705.444121,22953
94705.453449,22954
94705.463951,22955
94705.470626,22956
94705.478681,22957
94705.484165,22958
94705.494611,22959
94705.501889,22960
94705.512630,22961
94705.518169,22962
94705.527714,22963
94705.534989,22964
94705.543908,22965
94705.549043,22966
94705.561618,22967
94705.571074,22968
94705.576756,22969
94705.585911,22970
94705.595535,22971
94705.602603,22972
94705.609098,22973
94705.614743,22974
94705.620573,22975
94705.633279,22976
94705.639700,22977
94705.651470,22978
94705.657783,22979
94705.662758,22980
94705.668334,22981
94705.678505,22982
94705.684863,22983
94705.696377,22984
94705.702277,22985
94705.707408,22986
94705.713262,22987
94705.719450,22988
94705.728218,22989
94705.734985,22990
94705.740840,22991
94705.747256,22992
94705.752690,22993
94705.762645,22994
94705.768638,22995
94705.773359,22996
94705.779544,22997
94705.784557,22998
94705.794806,22999
94705.811949,23000
94705.819764,23001
94705.830437,23002
94705.841111,23003
94705.850036,23004
94705.859058,23005
94705.866833,23006
94705.878087,23007
94705.889056,23008
94705.897663,23009
94705.909292,23010
94705.916404,23011
94705.923753,23012
94705.933755,23013
94705.942527,23014
94705.954313,23015
94705.966116,23016
94705.973867,23017
94705.985124,23018
94705.992565,23019
94706.005124,23020
94706.013416,23021
94706.024097,23022
94706.032664,23023
94706.041486,23024
94706.050061,23025
94706.061069,23026
94706.071706,23027
94706.083186,23028
94706.095838,23029
94706.109167,23030
94706.118150,23031
94706.128382,23032
94706.139698,23033
94706.147490,23034
94706.160719,23035
94706.172734,23036
94706.180577,23037
94706.192949,23038
94706.203918,23039
94706.211351,23040
94706.221982,23041
94706.233948,23042
94706.246779,23043
94706.258958,23044
94706.272560,23045
94706.280787,23046
94706.292947,23047
94706.304720,23048
94706.315749,23049
94706.328118,23050
94706.341820,23051
94706.353873,23052
94706.365930,23053
94706.373874,23054
94706.384800,23055
94706.395798,23056
94706.408913,23057
94706.422181,23058
94706.433648,23059
94706.444826,23060
94706.457333,23061
94706.466693,23062
94706.478347,23063
94706.489960,23064
94706.499671,23065
94706.506790,23066
94706.518033,23067
94706.528766,23068
94706.541384,23069
94706.549571,23070
94706.562175,23071
94706.569718,23072
94706.577794,23073
94706.585915,23074
94706.594045,23075
94706.605672,23076
94706.616691,23077
94706.629962,23078
94706.639254,23079
94706.653703,23080
94706.666793,23081
94706.678196,23082
94706.687625,23083
94706.698940,23084
94706.707483,23085
94706.718324,23086
94706.725362,23087
94706.734681,23088
94706.748009,23089
94706.757243,23090
94706.768500,23091
94706.781189,23092
94706.793124,23093
94706.803995,23094
94706.816573,23095
94706.826015,23096
94706.838106,23097
94706.847228,23098
94706.859857,23099
94706.869944,23100
94706.877046,23101
94706.887503,23102
94706.895481,23103
94706.907417,23104
94706.915838,23105
94706.930101,23106
94706.938315,23107
94706.950870,23108
94706.962664,23109
94706.972339,23110
94706.986354,23111
94706.995340,23112
94707.002106,23113
94707.015061,23114
94707.026714,23115
94707.035982,23116
94707.046315,23117
94707.055731,23118
94707.064703,23119
94707.077440,23120
94707.084625,23121
94707.096024,23122
94707.107497,23123
94707.116980,23124
94707.131258,23125
94707.144512,23126
94707.156814,23127
94707.169831,23128
94707.180807,23129
94707.190618,23130
94707.202724,23131
94707.215142,23132
94707.222519,23133
94707.236334,23134
94707.245665,23135
94707.255983,23136
94707.265259,23137
94707.277726,23138
94707.285798,23139
94707.298751,23140
94707.311908,23141
94707.322745,23142
94707.335921,23143
94707.348197,23144
94707.361639,23145
94707.373212,23146
94707.385961,23147
94707.399096,23148
94707.410412,23149
94707.420007,23150
94707.428403,23151
94707.435938,23152
94707.449404,23153
94707.460212,23154
94707.470899,23155
94707.482501,23156
94707.497303,23157
94707.511412,23158
94707.523760,23159
94707.533070,23160
94707.546519,23161
94707.558746,23162
94707.567770,23163
94707.578069,23164
94707.589930,23165
94707.598752,23166
94707.611869,23167
94707.621409,23168
94707.633316,23169
94707.644261,23170
94707.656404,23171
94707.670483,23172
94707.683840,23173
94707.696677,23174
94707.709697,23175
94707.721511,23176
94707.730225,23177
94707.743349,23178
94707.751011,23179
94707.765047,23180
94707.775143,23181
94707.788816,23182
94707.803357,23183
94707.814568,23184
94707.828173,23185
94707.840623,23186
94707.849410,23187
94707.860993,23188
94707.875083,23189
94707.886895,23190
94707.900972,23191
94707.915545,23192
94707.926563,23193
94707.937362,23194
94707.948534,23195
94707.961489,23196
94707.974742,23197
94707.985812,23198
94707.997692,23199
94708.011251,23200
94708.022191,23201
94708.034337,23202
94708.044885,23203
94708.054401,23204
94708.063055,23205
94708.076197,23206
94708.083728,23207
94708.096752,23208
94708.107296,23209
94708.116009,23210
94708.127427,23211
94708.139749,23212
94708.148760,23213
94708.158642,23214
94708.168061,23215
94708.180925,23216
94708.189073,23217
94708.201413,23218
94708.212481,23219
94708.220302,23220
94708.229139,23221
94708.241583,23222
94708.251970,23223
94708.263504,23224
94708.275778,23225
94708.289548,23226
94708.299006,23227
94708.307664,23228
94708.319136,23229
94708.334511,23230
94708.348935,23231
94708.360980,23232
94708.377676,23233
94708.392651,23234
94708.405396,23235
94708.421528,23236
94708.430326,23237
94708.443063,23238
94708.454645,23239
94708.470590,23240
94708.479670,23241
94708.494740,23242
94708.506206,23243
94708.516564,23244
94708.529356,23245
94708.538834,23246
94708.548842,23247
94708.560834,23248
94708.575381,23249
94708.590503,23250
94708.602682,23251
94708.614786,23252
94708.626023,23253
94708.636794,23254
94708.646994,23255
94708.657224,23256
94708.670283,23257
94708.680956,23258
94708.690973,23259
94708.701426,23260
94708.713393,23261
94708.724376,23262
94708.734897,23263
94708.745608,23264
94708.755432,23265
94708.767389,23266
94708.778315,23267
94708.788384,23268
94708.799755,23269
94708.810688,23270
94708.822170,23271
94708.833334,23272
94708.843848,23273
94708.854710,23274
94708.868063,23275
94708.878458,23276
94708.891279,23277
94708.901604,23278
94708.912356,23279
94708.926647,23280
94708.937745,23281
94708.948907,23282
94708.959492,23283
94708.973632,23284
94708.983955,23285
94708.994563,23286
94709.004925,23287
94709.016764,23288
94709.027594,23289
94709.037832,23290
94709.048977,23291
94709.060246,23292
94709.071733,23293
94709.082606,23294
94709.092760,23295
94709.103203,23296
94709.115747,23297
94709.129274,23298
94709.139830,23299
94709.150803,23300
94709.161581,23301
94709.172802,23302
94709.183688,23303
94709.194716,23304
94709.205912,23305
94709.216659,23306
94709.228457,23307
94709.239097,23308
94709.250734,23309
94709.266022,23310
94709.276473,23311
94709.288309,23312
94709.299015,23313
94709.310614,23314
94709.322591,23315
94709.336439,23316
94709.347336,23317
94709.360409,23318
94709.371527,23319
94709.382424,23320
94709.394369,23321
94709.404731,23322
94709.415612,23323
94709.427786,23324
94709.439091,23325
94709.449723,23326
94709.460249,23327
94709.472987,23328
94709.484941,23329
94709.495955,23330
94709.506920,23331
94709.518605,23332
94709.530465,23333
94709.541737,23334
94709.553528,23335
94709.567197,23336
94709.577721,23337
94709.589437,23338
94709.603347,23339
94709.614714,23340
94709.625005,23341
94709.637874,23342
94709.649961,23343
94709.662037,23344
94709.672455,23345
94709.684524,23346
94709.697738,23347
94709.709079,23348
94709.719871,23349
94709.735312,23350
94709.744780,23351
94709.755400,23352
94709.765263,23353
94709.777265,23354
94709.788742,23355
94709.799927,23356
94709.809236,23357
94709.820232,23358
94709.829561,23359
94709.840186,23360
94709.850556,23361
94709.861828,23362
94709.872276,23363
94709.883938,23364
94709.893044,23365
94709.905231,23366
94709.916181,23367
94709.928719,23368
94709.940322,23369
94709.952197,23370
94709.961497,23371
94709.973947,23372
94709.982985,23373
94709.993398,23374
94710.003846,23375
94710.014992,23376
94710.025629,23377
94710.037587,23378
94710.048320,23379
94710.061509,23380
94710.072474,23381
94710.083997,23382
94710.095655,23383
94710.109166,23384
94710.119589,23385
94710.131229,23386
94710.140611,23387
94710.151779,23388
94710.162427,23389
94710.173522,23390
94710.183985,23391
94710.197116,23392
94710.210247,23393
94710.221296,23394
94710.232215,23395
94710.243051,23396
94710.254940,23397
94710.267743,23398
94710.279201,23399
94710.291383,23400
94710.302620,23401
94710.314501,23402
94710.325815,23403
94710.336872,23404
94710.349031,23405
94710.360358,23406
94710.371640,23407
94710.383525,23408
94710.393621,23409
94710.406453,23410
94710.417832,23411
94710.429954,23412
94710.442292,23413
94710.454432,23414
94710.464481,23415
94710.476520,23416
94710.488279,23417
94710.500720,23418
94710.512987,23419
94710.523807,23420
94710.535224,23421
94710.546889,23422
94710.558486,23423
94710.569855,23424
94710.580838,23425
94710.592582,23426
94710.603699,23427
94710.614891,23428
94710.627810,23429
94710.640437,23430
94710.652211,23431
94710.663660,23432
94710.675633,23433
94710.687242,23434
94710.699554,23435
94710.711119,23436
94710.722792,23437
94710.734206,23438
94710.744804,23439
94710.758689,23440
94710.770058,23441
94710.782195,23442
94710.792615,23443
94710.803403,23444
94710.815067,23445
94710.827141,23446
94710.839871,23447
94710.851895,23448
94710.862862,23449
94710.877659,23450
94710.888987,23451
94710.900729,23452
94710.912366,23453
94710.923602,23454
94710.933374,23455
94710.943910,23456
94710.954479,23457
94710.964750,23458
94710.976336,23459
94710.988602,23460
94710.999604,23461
94711.013942,23462
94711.024596,23463
94711.037235,23464
94711.048892,23465
94711.061506,23466
94711.073099,23467
94711.086419,23468
94711.097572,23469
94711.110534,23470
94711.121037,23471
94711.135502,23472
94711.145745,23473
94711.156568,23474
94711.167462,23475
94711.179637,23476
94711.191780,23477
94711.202866,23478
94711.213802,23479
94711.225547,23480
94711.236507,23481
94711.248878,23482
94711.261739,23483
94711.275828,23484
94711.286462,23485
94711.298204,23486
94711.311309,23487
94711.323299,23488
94711.334045,23489
94711.346034,23490
94711.357768,23491
94711.369260,23492
94711.381500,23493
94711.393725,23494
94711.405527,23495
94711.420814,23496
94711.433658,23497
94711.446020,23498
94711.458612,23499
94711.472559,23500
94711.485543,23501
94711.496377,23502
94711.502948,23503
94711.509805,23504
94711.519318,23505
94711.526304,23506
94711.533758,23507
94711.540791,23508
94711.549992,23509
94711.557290,23510
94711.567710,23511
94711.574695,23512
94711.581857,23513
94711.589363,23514
94711.596580,23515
94711.604354,23516
94711.619546,23517
94711.630835,23518
94711.638343,23519
94711.646075,23520
94711.653939,23521
94711.664765,23522
94711.673739,23523
94711.686649,23524
94711.698583,23525
94711.709418,23526
94711.716692,23527
94711.723191,23528
94711.731523,23529
94711.744622,23530
94711.756282,23531
94711.764259,23532
94711.771067,23533
94711.782971,23534
94711.791018,23535
94711.799269,23536
94711.806372,23537
94711.819283,23538
94711.826949,23539
94711.834700,23540
94711.848803,23541
94711.856934,23542
94711.869642,23543
94711.882511,23544
94711.889462,23545
94711.903400,23546
94711.910782,23547
94711.918110,23548
94711.931637,23549
94711.943839,23550
94711.954743,23551
94711.962025,23552
94711.974015,23553
94711.988282,23554
94711.995268,23555
94712.004022,23556
94712.014947,23557
94712.023701,23558
94712.030789,23559
94712.038732,23560
94712.050715,23561
94712.059388,23562
94712.067473,23563
94712.074822,23564
94712.081909,23565
94712.090548,23566
94712.099181,23567
94712.112802,23568
94712.120678,23569
94712.129705,23570
94712.139839,23571
94712.151499,23572
94712.159183,23573
94712.171925,23574
94712.185413,23575
94712.199231,23576
94712.207883,23577
94712.220798,23578
94712.231747,23579
94712.239951,23580
94712.248480,23581
94712.257345,23582
94712.265960,23583
94712.282445,23584
94712.291034,23585
94712.301191,23586
94712.313642,23587
94712.325314,23588
94712.340967,23589
94712.351068,23590
94712.359292,23591
94712.368292,23592
94712.382362,23593
94712.395024,23594
94712.407548,23595
94712.415846,23596
94712.432814,23597
94712.441673,23598
94712.449594,23599
94712.459972,23600
94712.470271,23601
94712.482406,23602
94712.489503,23603
94712.498103,23604
94712.510915,23605
94712.520370,23606
94712.529344,23607
94712.538756,23608
94712.547019,23609
94712.558562,23610
94712.566145,23611
94712.580565,23612
94712.591845,23613
94712.600492,23614
94712.609008,23615
94712.618589,23616
94712.628664,23617
94712.637465,23618
94712.646376,23619
94712.659521,23620
94712.674661,23621
94712.685261,23622
94712.696297,23623
94712.705502,23624
94712.713450,23625
94712.726293,23626
94712.742521,23627
94712.756288,23628
94712.769654,23629
94712.784524,23630
94712.793310,23631
94712.804373,23632
94712.815921,23633
94712.826060,23634
94712.835324,23635
94712.843980,23636
94712.852783,23637
94712.862320,23638
94712.872306,23639
94712.887582,23640
94712.897939,23641
94712.906920,23642
94712.921899,23643
94712.931407,23644
94712.940476,23645
94712.955111,23646
94712.969410,23647
94712.985180,23648
94712.999720,23649
94713.009450,23650
94713.017635,23651
94713.034461,23652
94713.043983,23653
94713.055698,23654
94713.067852,23655
94713.078558,23656
94713.086849,23657
94713.096923,23658
94713.106454,23659
94713.121665,23660
94713.133455,23661
94713.151862,23662
94713.164164,23663
94713.176324,23664
94713.190971,23665
94713.201783,23666
94713.217885,23667
94713.227427,23668
94713.242764,23669
94713.251816,23670
94713.262014,23671
94713.278861,23672
94713.287853,23673
94713.297604,23674
94713.313205,23675
94713.331609,23676
94713.347436,23677
94713.363751,23678
94713.374285,23679
94713.387371,23680
94713.396963,23681
94713.407418,23682
94713.426215,23683
94713.437460,23684
94713.447770,23685
94713.458928,23686
94713.476072,23687
94713.487283,23688
94713.496901,23689
94713.507777,23690
94713.518607,23691
94713.529335,23692
94713.538309,23693
94713.549120,23694
94713.562494,23695
94713.573534,23696
94713.587321,23697
94713.604644,23698
94713.616275,23699
94713.630802,23700
94713.642748,23701
94713.654493,23702
94713.663262,23703
94713.674806,23704
94713.683298,23705
94713.691824,23706
94713.700478,23707
94713.711756,23708
94713.726593,23709
94713.736278,23710
94713.747299,23711
94713.756122,23712
94713.770851,23713
94713.785715,23714
94713.794720,23715
94713.805967,23716
94713.817532,23717
94713.826760,23718
94713.836524,23719
94713.850224,23720
94713.859809,23721
94713.868865,23722
94713.882004,23723
94713.891682,23724
94713.902512,23725
94713.918538,23726
94713.932665,23727
94713.944575,23728
94713.955305,23729
94713.965865,23730
94713.976093,23731
94713.987436,23732
94713.996747,23733
94714.010117,23734
94714.022117,23735
94714.034849,23736
94714.044759,23737
94714.055626,23738
94714.070377,23739
94714.085764,23740
94714.099715,23741
94714.111413,23742
94714.126244,23743
94714.136388,23744
94714.146782,23745
94714.157883,23746
94714.172650,23747
94714.183773,23748
94714.194662,23749
94714.209442,23750
94714.222080,23751
94714.227927,23752
94714.236691,23753
94714.242633,23754
94714.251312,23755
94714.262456,23756
94714.269861,23757
94714.275743,23758
94714.281015,23759
94714.286715,23760
94714.294699,23761
94714.304627,23762
94714.309876,23763
94714.315730,23764
94714.326150,23765
94714.335829,23766
94714.345521,23767
94714.354618,23768
94714.359839,23769
94714.367890,23770
94714.374742,23771
94714.380383,23772
94714.387897,23773
94714.393782,23774
94714.398885,23775
94714.408259,23776
94714.416410,23777
94714.424130,23778
94714.431152,23779
94714.444266,23780
94714.456856,23781
94714.466362,23782
94714.471918,23783
94714.477677,23784
94714.483218,23785
94714.491769,23786
94714.497229,23787
94714.509369,23788
94714.515475,23789
94714.528949,23790
94714.536772,23791
94714.544581,23792
94714.551878,23793
94714.559192,23794
94714.568170,23795
94714.578995,23796
94714.591457,23797
94714.597981,23798
94714.603828,23799
94714.609834,23800
94714.620813,23801
94714.632595,23802
94714.639420,23803
94714.646425,23804
94714.653243,23805
94714.666777,23806
94714.676988,23807
94714.685891,23808
94714.697423,23809
94714.705814,23810
94714.711676,23811
94714.718020,23812
94714.724183,23813
94714.730356,23814
94714.736043,23815
94714.743492,23816
94714.754598,23817
94714.766220,23818
94714.772881,23819
94714.782111,23820
94714.791849,23821
94714.798829,23822
94714.804382,23823
94714.818520,23824
94714.824700,23825
94714.835309,23826
94714.842015,23827
94714.849319,23828
94714.854387,23829
94714.860323,23830
94714.867333,23831
94714.877538,23832
94714.885914,23833
94714.898633,23834
94714.905825,23835
94714.918940,23836
94714.927255,23837
94714.938922,23838
94714.949690,23839
94714.956584,23840
94714.962515,23841
94714.972014,23842
94714.978015,23843
94714.986414,23844
94714.996359,23845
94715.007644,23846
94715.013789,23847
94715.024601,23848
94715.033821,23849
94715.044096,23850
94715.053868,23851
94715.059094,23852
94715.064690,23853
94715.070125,23854
94715.076915,23855
94715.086890,23856
94715.092310,23857
94715.097770,23858
94715.103018,23859
94715.111024,23860
94715.120403,23861
94715.125909,23862
94715.133555,23863
94715.143292,23864
94715.148824,23865
94715.153818,23866
94715.163883,23867
94715.169497,23868
94715.177420,23869
94715.186397,23870
94715.195471,23871
94715.201124,23872
94715.211067,23873
94715.216810,23874
94715.227622,23875
94715.235476,23876
94715.244502,23877
94715.250244,23878
94715.257737,23879
94715.266719,23880
94715.274618,23881
94715.279808,23882
94715.286908,23883
94715.294569,23884
94715.305167,23885
94715.311007,23886
94715.319257,23887
94715.325079,23888
94715.335357,23889
94715.346130,23890
94715.351499,23891
94715.360353,23892
94715.371283,23893
94715.377261,23894
94715.383907,23895
94715.394955,23896
94715.401893,23897
94715.406877,23898
94715.417317,23899
94715.423346,23900
94715.434350,23901
94715.445122,23902
94715.455795,23903
94715.462876,23904
94715.468158,23905
94715.473228,23906
94715.479903,23907
94715.489449,23908
94715.494694,23909
94715.499778,23910
94715.508310,23911
94715.521041,23912
94715.526681,23913
94715.531691,23914
94715.540914,23915
94715.545865,23916
94715.553708,23917
94715.561118,23918
94715.572865,23919
94715.583516,23920
94715.588956,23921
94715.602940,23922
94715.618407,23923
94715.632099,23924
94715.637676,23925
94715.646772,23926
94715.652559,23927
94715.665351,23928
94715.675299,23929
94715.685066,23930
94715.696774,23931
94715.704419,23932
94715.711795,23933
94715.718371,23934
94715.728821,23935
94715.740047,23936
94715.746816,23937
94715.753306,23938
94715.763594,23939
94715.775415,23940
94715.786315,23941
94715.795446,23942
94715.804354,23943
94715.814473,23944
94715.819620,23945
94715.829144,23946
94715.841796,23947
94715.847193,23948
94715.859689,23949
94715.867729,23950
94715.872677,23951
94715.879315,23952
94715.885354,23953
94715.890471,23954
94715.899797,23955
94715.910597,23956
94715.917988,23957
94715.926639,23958
94715.934615,23959
94715.942852,23960
94715.948433,23961
94715.953474,23962
94715.964384,23963
94715.972928,23964
94715.978165,23965
94715.988701,23966
94715.994500,23967
94715.999727,23968
94716.010983,23969
94716.022213,23970
94716.035545,23971
94716.047142,23972
94716.052706,23973
94716.059878,23974
94716.066918,23975
94716.076452,23976
94716.087526,23977
94716.095880,23978
94716.101250,23979
94716.107589,23980
94716.116853,23981
94716.125997,23982
94716.132636,23983
94716.142812,23984
94716.148266,23985
94716.153555,23986
94716.161551,23987
94716.167037,23988
94716.180778,23989
94716.188619,23990
94716.194126,23991
94716.202123,23992
94716.212786,23993
94716.218404,23994
94716.226554,23995
94716.232595,23996
94716.238431,23997
94716.243562,23998
94716.251208,23999
94716.267023,24000
94716.278269,24001
94716.288713,24002
94716.299314,24003
94716.313386,24004
94716.327413,24005
94716.339224,24006
94716.351829,24007
94716.362632,24008
94716.374277,24009
94716.390802,24010
94716.402507,24011
94716.413502,24012
94716.424636,24013
94716.436749,24014
94716.448022,24015
94716.459440,24016
94716.472245,24017
94716.487023,24018
94716.497402,24019
94716.508490,24020
94716.519419,24021
94716.529928,24022
94716.542270,24023
94716.553231,24024
94716.564955,24025
94716.583569,24026
94716.598304,24027
94716.611336,24028
94716.625120,24029
94716.637454,24030
94716.649364,24031
94716.658464,24032
94716.671282,24033
94716.683076,24034
94716.698624,24035
94716.711206,24036
94716.724498,24037
94716.736741,24038
94716.748684,24039
94716.759689,24040
94716.771915,24041
94716.784238,24042
94716.795763,24043
94716.806699,24044
94716.820073,24045
94716.834867,24046
94716.846722,24047
94716.858100,24048
94716.871406,24049
94716.883449,24050
94716.899783,24051
94716.913292,24052
94716.924932,24053
94716.938100,24054
94716.951763,24055
94716.965724,24056
94716.979762,24057
94716.995811,24058
94717.005745,24059
94717.020921,24060
94717.033517,24061
94717.045626,24062
94717.057414,24063
94717.071946,24064
94717.086216,24065
94717.099915,24066
94717.112210,24067
94717.129583,24068
94717.145734,24069
94717.157651,24070
94717.170583,24071
94717.185336,24072
94717.203834,24073
94717.216245,24074
94717.229234,24075
94717.244871,24076
94717.257967,24077
94717.274397,24078
94717.287229,24079
94717.299539,24080
94717.311255,24081
94717.323359,24082
94717.336215,24083
94717.350037,24084
94717.362018,24085
94717.374383,24086
94717.390679,24087
94717.404156,24088
94717.416813,24089
94717.428923,24090
94717.440956,24091
94717.454416,24092
94717.468724,24093
94717.482248,24094
94717.495669,24095
94717.514225,24096
94717.525790,24097
94717.538932,24098
94717.552869,24099
94717.570912,24100
94717.581920,24101
94717.594754,24102
94717.608027,24103
94717.619604,24104
94717.633378,24105
94717.646668,24106
94717.658821,24107
94717.670880,24108
94717.683681,24109
94717.698810,24110
94717.710798,24111
94717.722805,24112
94717.735446,24113
94717.745548,24114
94717.757053,24115
94717.769704,24116
94717.783669,24117
94717.795925,24118
94717.808334,24119
94717.820665,24120
94717.832249,24121
94717.844495,24122
94717.855580,24123
94717.869799,24124
94717.883645,24125
94717.896624,24126
94717.911251,24127
94717.924041,24128
94717.937476,24129
94717.951959,24130
94717.964830,24131
94717.979539,24132
94717.994272,24133
94718.007130,24134
94718.021458,24135
94718.034701,24136
94718.048571,24137
94718.061557,24138
94718.075450,24139
94718.089052,24140
94718.104216,24141
94718.120098,24142
94718.134437,24143
94718.146743,24144
94718.160625,24145
94718.172574,24146
94718.185196,24147
94718.198242,24148
94718.212737,24149
94718.226498,24150
94718.241996,24151
94718.257038,24152
94718.272236,24153
94718.283797,24154
94718.297245,24155
94718.312791,24156
94718.327292,24157
94718.340434,24158
94718.355660,24159
94718.368685,24160
94718.382798,24161
94718.396263,24162
94718.411409,24163
94718.425541,24164
94718.439751,24165
94718.452657,24166
94718.466342,24167
94718.479712,24168
94718.496423,24169
94718.514318,24170
94718.530765,24171
94718.542057,24172
94718.555210,24173
94718.569959,24174
94718.584763,24175
94718.602210,24176
94718.615582,24177
94718.629465,24178
94718.645395,24179
94718.659313,24180
94718.674858,24181
94718.689041,24182
94718.705780,24183
94718.719351,24184
94718.735436,24185
94718.750604,24186
94718.765253,24187
94718.777545,24188
94718.792859,24189
94718.807110,24190
94718.824276,24191
94718.841567,24192
94718.855193,24193
94718.868886,24194
94718.886052,24195
94718.900579,24196
94718.913849,24197
94718.928234,24198
94718.945106,24199
94718.964462,24200
94718.976139,24201
94718.987483,24202
94719.000643,24203
94719.013796,24204
94719.025477,24205
94719.036598,24206
94719.049867,24207
94719.064177,24208
94719.075434,24209
94719.089299,24210
94719.102987,24211
94719.116939,24212
94719.133377,24213
94719.144741,24214
94719.158581,24215
94719.171607,24216
94719.185477,24217
94719.198441,24218
94719.212045,24219
94719.227194,24220
94719.240000,24221
94719.254503,24222
94719.268423,24223
94719.282249,24224
94719.294225,24225
94719.306893,24226
94719.320899,24227
94719.336298,24228
94719.350312,24229
94719.364567,24230
94719.379206,24231
94719.392765,24232
94719.407466,24233
94719.422394,24234
94719.436666,24235
94719.451641,24236
94719.466686,24237
94719.481604,24238
94719.495724,24239
94719.509826,24240
94719.524641,24241
94719.538494,24242
94719.552220,24243
94719.565641,24244
94719.580256,24245
94719.594952,24246
94719.609795,24247
94719.623294,24248
94719.639587,24249
94719.659478,24250
94719.674243,24251
94719.689699,24252
94719.704159,24253
94719.718893,24254
94719.732453,24255
94719.746127,24256
94719.759604,24257
94719.773265,24258
94719.787688,24259
94719.801469,24260
94719.815361,24261
94719.829486,24262
94719.843186,24263
94719.856451,24264
94719.869517,24265
94719.884121,24266
94719.898036,24267
94719.911266,24268
94719.924897,24269
94719.939590,24270
94719.953596,24271
94719.967234,24272
94719.981208,24273
94719.994674,24274
94720.008631,24275
94720.023423,24276
94720.038352,24277
94720.051826,24278
94720.066660,24279
94720.080510,24280
94720.094254,24281
94720.108299,24282
94720.121790,24283
94720.135268,24284
94720.149534,24285
94720.163273,24286
94720.177758,24287
94720.191623,24288
94720.204729,24289
94720.218639,24290
94720.232664,24291
94720.246459,24292
94720.262848,24293
94720.277629,24294
94720.293009,24295
94720.306927,24296
94720.320555,24297
94720.334780,24298
94720.350765,24299
94720.363922,24300
94720.378288,24301
94720.396410,24302
94720.410465,24303
94720.425309,24304
94720.439624,24305
94720.452947,24306
94720.466595,24307
94720.480795,24308
94720.495529,24309
94720.509701,24310
94720.523553,24311
94720.538277,24312
94720.554699,24313
94720.569022,24314
94720.585533,24315
94720.599474,24316
94720.613162,24317
94720.630083,24318
94720.645256,24319
94720.659718,24320
94720.674444,24321
94720.688928,24322
94720.703205,24323
94720.717317,24324
94720.731529,24325
94720.745414,24326
94720.759358,24327
94720.774039,24328
94720.789360,24329
94720.802496,24330
94720.815523,24331
94720.830376,24332
94720.844350,24333
94720.861310,24334
94720.875311,24335
94720.890477,24336
94720.906559,24337
94720.919406,24338
94720.932820,24339
94720.946319,24340
94720.960263,24341
94720.973747,24342
94720.988433,24343
94721.003714,24344
94721.017651,24345
94721.031981,24346
94721.046272,24347
94721.060714,24348
94721.075784,24349
94721.092518,24350
94721.106389,24351
94721.120630,24352
94721.135214,24353
94721.149969,24354
94721.162881,24355
94721.176235,24356
94721.189334,24357
94721.202741,24358
94721.217541,24359
94721.231007,24360
94721.244201,24361
94721.257022,24362
94721.271624,24363
94721.285300,24364
94721.300578,24365
94721.314671,24366
94721.329270,24367
94721.343402,24368
94721.358090,24369
94721.372293,24370
94721.386443,24371
94721.401265,24372
94721.416222,24373
94721.431025,24374
94721.445817,24375
94721.459608,24376
94721.473846,24377
94721.487665,24378
94721.503021,24379
94721.518357,24380
94721.532726,24381
94721.546482,24382
94721.561569,24383
94721.575757,24384
94721.591563,24385
94721.605740,24386
94721.620172,24387
94721.635381,24388
94721.650203,24389
94721.664153,24390
94721.680319,24391
94721.695222,24392
94721.709282,24393
94721.725549,24394
94721.740421,24395
94721.755216,24396
94721.769992,24397
94721.786875,24398
94721.801958,24399
94721.816757,24400
94721.831642,24401
94721.846390,24402
94721.860815,24403
94721.875731,24404
94721.891119,24405
94721.905854,24406
94721.920171,24407
94721.934373,24408
94721.949753,24409
94721.963648,24410
94721.980901,24411
94721.996450,24412
94722.011759,24413
94722.026867,24414
94722.041950,24415
94722.057179,24416
94722.072444,24417
94722.086704,24418
94722.101140,24419
94722.115297,24420
94722.129853,24421
94722.143700,24422
94722.160439,24423
94722.175743,24424
94722.191676,24425
94722.208288,24426
94722.223665,24427
94722.240215,24428
94722.254916,24429
94722.269932,24430
94722.285295,24431
94722.301624,24432
94722.317356,24433
94722.334851,24434
94722.350799,24435
94722.365887,24436
94722.381918,24437
94722.397474,24438
94722.413710,24439
94722.428682,24440
94722.443691,24441
94722.457946,24442
94722.473922,24443
94722.488495,24444
94722.503903,24445
94722.520380,24446
94722.536725,24447
94722.551423,24448
94722.569093,24449
94722.587521,24450
94722.601240,24451
94722.614320,24452
94722.629266,24453
94722.642751,24454
94722.657018,24455
94722.672336,24456
94722.686833,24457
94722.701403,24458
94722.716360,24459
94722.730742,24460
94722.746077,24461
94722.760364,24462
94722.774820,24463
94722.789125,24464
94722.803881,24465
94722.817487,24466
94722.831883,24467
94722.845757,24468
94722.858424,24469
94722.872022,24470
94722.886751,24471
94722.900075,24472
94722.914424,24473
94722.927844,24474
94722.942017,24475
94722.957043,24476
94722.972633,24477
94722.988343,24478
94723.004408,24479
94723.018396,24480
94723.034255,24481
94723.048363,24482
94723.064298,24483
94723.079511,24484
94723.094461,24485
94723.107305,24486
94723.122555,24487
94723.138358,24488
94723.154283,24489
94723.168226,24490
94723.181715,24491
94723.196666,24492
94723.212849,24493
94723.229276,24494
94723.244947,24495
94723.260714,24496
94723.275361,24497
94723.291108,24498
94723.306894,24499
94723.317570,24750
94723.323411,24751
94723.328589,24752
94723.334348,24753
94723.340073,24754
94723.345294,24755
94723.350443,24756
94723.355720,24757
94723.361175,24758
94723.366852,24759
94723.372231,24760
94723.377198,24761
94723.382302,24762
94723.387225,24763
94723.392128,24764
94723.397311,24765
94723.402443,24766
94723.409179,24767
94723.414279,24768
94723.419339,24769
94723.424690,24770
94723.430370,24771
94723.435753,24772
94723.441257,24773
94723.446460,24774
94723.451842,24775
94723.456894,24776
94723.462183,24777
94723.467167,24778
94723.472202,24779
94723.477181,24780
94723.482273,24781
94723.487323,24782
94723.492411,24783
94723.497355,24784
94723.502653,24785
94723.508161,24786
94723.513453,24787
94723.518715,24788
94723.523832,24789
94723.528939,24790
94723.534217,24791
94723.539395,24792
94723.544291,24793
94723.549551,24794
94723.555013,24795
94723.560224,24796
94723.565441,24797
94723.573200,24798
94723.578359,24799
94723.585812,24800
94723.591411,24801
94723.596960,24802
94723.602503,24803
94723.608604,24804
94723.614581,24805
94723.620044,24806
94723.625449,24807
94723.630998,24808
94723.636169,24809
94723.641282,24810
94723.646820,24811
94723.652056,24812
94723.657069,24813
94723.662379,24814
94723.667792,24815
94723.673483,24816
94723.678661,24817
94723.683991,24818
94723.689470,24819
94723.695492,24820
94723.701216,24821
94723.706349,24822
94723.711522,24823
94723.716665,24824
94723.721832,24825
94723.727035,24826
94723.732296,24827
94723.737575,24828
94723.743086,24829
94723.748261,24830
94723.753374,24831
94723.758722,24832
94723.763970,24833
94723.769196,24834
94723.774348,24835
94723.779669,24836
94723.784879,24837
94723.790235,24838
94723.795306,24839
94723.800335,24840
94723.805538,24841
94723.810938,24842
94723.816093,24843
94723.821282,24844
94723.826798,24845
94723.832020,24846
94723.837471,24847
94723.842746,24848
94723.848479,24849
94723.853732,24850
94723.858947,24851
94723.864313,24852
94723.869697,24853
94723.875326,24854
94723.880724,24855
94723.885926,24856
94723.891018,24857
94723.895967,24858
94723.901094,24859
94723.906126,24860
94723.911164,24861
94723.916556,24862
94723.921736,24863
94723.926777,24864
94723.932200,24865
94723.937633,24866
94723.942648,24867
94723.947676,24868
94723.952585,24869
94723.957741,24870
94723.963266,24871
94723.968339,24872
94723.973439,24873
94723.978811,24874
94723.984044,24875
94723.989250,24876
94723.994364,24877
94723.999581,24878
94724.005053,24879
94724.010139,24880
94724.015116,24881
94724.020578,24882
94724.025641,24883
94724.030850,24884
94724.036158,24885
94724.041728,24886
94724.046658,24887
94724.051833,24888
94724.056894,24889
94724.062542,24890
94724.067475,24891
94724.072488,24892
94724.077564,24893
94724.082934,24894
94724.087904,24895
94724.093184,24896
94724.098327,24897
94724.103592,24898
94724.108563,24899
94724.115659,24900
94724.121531,24901
94724.126788,24902
94724.131995,24903
94724.137135,24904
94724.142266,24905
94724.147486,24906
94724.152531,24907
94724.157951,24908
94724.163229,24909
94724.168544,24910
94724.173840,24911
94724.179202,24912
94724.184454,24913
94724.189883,24914
94724.195423,24915
94724.201394,24916
94724.206736,24917
94724.211884,24918
94724.217299,24919
94724.222511,24920
94724.227671,24921
94724.232826,24922
94724.237979,24923
94724.243403,24924
94724.248687,24925
94724.253786,24926
94724.259364,24927
94724.265257,24928
94724.270923,24929
94724.276316,24930
94724.281587,24931
94724.287336,24932
94724.293118,24933
94724.298809,24934
94724.303991,24935
94724.309234,24936
94724.314579,24937
94724.320459,24938
94724.325751,24939
94724.330889,24940
94724.336382,24941
94724.341819,24942
94724.347201,24943
94724.352391,24944
94724.357511,24945
94724.362843,24946
94724.368538,24947
94724.373564,24948
94724.378957,24949
94724.384139,24950
94724.389969,24951
94724.395504,24952
94724.400831,24953
94724.405920,24954
94724.411310,24955
94724.416680,24956
94724.421903,24957
94724.427028,24958
94724.432375,24959
94724.437662,24960
94724.442722,24961
94724.447791,24962
94724.453023,24963
94724.458392,24964
94724.463454,24965
94724.468803,24966
94724.473977,24967
94724.479418,24968
94724.484593,24969
94724.489820,24970
94724.494964,24971
94724.500685,24972
94724.505717,24973
94724.510831,24974
94724.516194,24975
94724.521502,24976
94724.526549,24977
94724.531840,24978
94724.537083,24979
94724.542393,24980
94724.547574,24981
94724.552760,24982
94724.559259,24983
94724.566041,24984
94724.571933,24985
94724.577639,24986
94724.584519,24987
94724.590316,24988
94724.595365,24989
94724.600415,24990
94724.605635,24991
94724.610911,24992
94724.615900,24993
94724.621222,24994
94724.626417,24995
94724.631744,24996
94724.637517,24997
94724.642918,24998
94724.648416,24999
94724.657384,25000
94724.662912,25001
94724.671094,25002
94724.679358,25003
94724.687273,25004
94724.696450,25005
94724.705335,25006
94724.710802,25007
94724.716402,25008
94724.721788,25009
94724.730413,25010
94724.739615,25011
94724.748230,25012
94724.753658,25013
94724.764604,25014
94724.770588,25015
94724.779312,25016
94724.787579,25017
94724.795944,25018
94724.801344,25019
94724.806682,25020
94724.812246,25021
94724.819843,25022
94724.827726,25023
94724.835193,25024
94724.844419,25025
94724.849593,25026
94724.855224,25027
94724.863679,25028
94724.874916,25029
94724.880717,25030
94724.886123,25031
94724.893707,25032
94724.899413,25033
94724.904728,25034
94724.910889,25035
94724.918747,25036
94724.926682,25037
94724.933864,25038
94724.941274,25039
94724.946498,25040
94724.952742,25041
94724.957880,25042
94724.967831,25043
94724.972877,25044
94724.978382,25045
94724.987548,25046
94724.995505,25047
94725.000602,25048
94725.011268,25049
94725.021998,25050
94725.029794,25051
94725.036556,25052
94725.043318,25053
94725.048645,25054
94725.055942,25055
94725.061394,25056
94725.069434,25057
94725.079332,25058
94725.087666,25059
94725.092906,25060
94725.100581,25061
94725.106314,25062
94725.112448,25063
94725.118500,25064
94725.126375,25065
94725.131834,25066
94725.140326,25067
94725.145641,25068
94725.151227,25069
94725.159935,25070
94725.170595,25071
94725.175879,25072
94725.185555,25073
94725.190913,25074
94725.197205,25075
94725.202734,25076
94725.208449,25077
94725.219550,25078
94725.225876,25079
94725.231109,25080
94725.236654,25081
94725.241898,25082
94725.247342,25083
94725.255311,25084
94725.263172,25085
94725.268893,25086
94725.274483,25087
94725.279711,25088
94725.285085,25089
94725.290207,25090
94725.298537,25091
94725.303861,25092
94725.311410,25093
94725.320582,25094
94725.326389,25095
94725.331533,25096
94725.336897,25097
94725.341987,25098
94725.347456,25099
94725.354589,25100
94725.359893,25101
94725.368198,25102
94725.377423,25103
94725.385336,25104
94725.395271,25105
94725.401523,25106
94725.406670,25107
94725.411892,25108
94725.417460,25109
94725.427285,25110
94725.432922,25111
94725.438561,25112
94725.447289,25113
94725.452905,25114
94725.458387,25115
94725.465480,25116
94725.474041,25117
94725.479326,25118
94725.487871,25119
94725.495881,25120
94725.501563,25121
94725.508640,25122
94725.517681,25123
94725.525047,25124
94725.530447,25125
94725.535883,25126
94725.541727,25127
94725.550380,25128
94725.559668,25129
94725.564817,25130
94725.570700,25131
94725.579735,25132
94725.586266,25133
94725.592983,25134
94725.602563,25135
94725.612234,25136
94725.622345,25137
94725.628160,25138
94725.636969,25139
94725.647545,25140
94725.659008,25141
94725.667968,25142
94725.673903,25143
94725.682134,25144
94725.687752,25145
94725.692970,25146
94725.702882,25147
94725.712631,25148
94725.718562,25149
94725.726256,25150
94725.731527,25151
94725.737494,25152
94725.745527,25153
94725.752761,25154
94725.761214,25155
94725.768645,25156
94725.774969,25157
94725.783494,25158
94725.790516,25159
94725.799756,25160
94725.808910,25161
94725.816341,25162
94725.824052,25163
94725.830024,25164
94725.835068,25165
94725.841893,25166
94725.847249,25167
94725.852965,25168
94725.862384,25169
94725.868426,25170
94725.876517,25171
94725.886754,25172
94725.897536,25173
94725.904127,25174
94725.911853,25175
94725.917805,25176
94725.923371,25177
94725.928818,25178
94725.933783,25179
94725.941331,25180
94725.948499,25181
94725.953864,25182
94725.961223,25183
94725.966786,25184
94725.976748,25185
94725.986808,25186
94725.997392,25187
94726.003562,25188
94726.008742,25189
94726.014248,25190
94726.021320,25191
94726.026771,25192
94726.033657,25193
94726.043483,25194
94726.051300,25195
94726.059801,25196
94726.069664,25197
94726.082921,25198
94726.092535,25199
94726.098818,25200
94726.104045,25201
94726.114090,25202
94726.125836,25203
94726.136496,25204
94726.146696,25205
94726.155940,25206
94726.164866,25207
94726.170651,25208
94726.179634,25209
94726.188170,25210
94726.193116,25211
94726.203200,25212
94726.208656,25213
94726.215567,25214
94726.222337,25215
94726.231131,25216
94726.236534,25217
94726.243166,25218
94726.253957,25219
94726.265334,25220
94726.270733,25221
94726.276372,25222
94726.288588,25223
94726.298659,25224
94726.311571,25225
94726.318108,25226
94726.326635,25227
94726.336719,25228
94726.343302,25229
94726.352173,25230
94726.362480,25231
94726.368592,25232
94726.378340,25233
94726.384674,25234
94726.389941,25235
94726.398813,25236
94726.404043,25237
94726.413598,25238
94726.423380,25239
94726.435372,25240
94726.446173,25241
94726.453250,25242
94726.459880,25243
94726.472484,25244
94726.482505,25245
94726.493396,25246
94726.503774,25247
94726.515042,25248
94726.523703,25249
94726.538806,25250
94726.550154,25251
94726.560671,25252
94726.569965,25253
94726.582942,25254
94726.591879,25255
94726.603836,25256
94726.615022,25257
94726.622219,25258
94726.630317,25259
94726.644222,25260
94726.651775,25261
94726.661995,25262
94726.670985,25263
94726.678250,25264
94726.685318,25265
94726.692860,25266
94726.703893,25267
94726.712230,25268
94726.720325,25269
94726.734328,25270
94726.742826,25271
94726.754983,25272
94726.766265,25273
94726.777909,25274
94726.790482,25275
94726.798301,25276
94726.809273,25277
94726.818431,25278
94726.826815,25279
94726.836095,25280
94726.845279,25281
94726.856448,25282
94726.867321,25283
94726.875830,25284
94726.890425,25285
94726.900366,25286
94726.907795,25287
94726.915321,25288
94726.922575,25289
94726.930938,25290
94726.942560,25291
94726.954785,25292
94726.963521,25293
94726.970818,25294
94726.983753,25295
94726.997800,25296
94727.004737,25297
94727.016860,25298
94727.026877,25299
94727.042169,25300
94727.053070,25301
94727.065444,25302
94727.073233,25303
94727.080950,25304
94727.091841,25305
94727.102016,25306
94727.113943,25307
94727.121609,25308
94727.132320,25309
94727.141111,25310
94727.150116,25311
94727.158193,25312
94727.165561,25313
94727.172393,25314
94727.180464,25315
94727.187772,25316
94727.200576,25317
94727.209961,25318
94727.221263,25319
94727.232047,25320
94727.239346,25321
94727.248406,25322
94727.255529,25323
94727.262203,25324
94727.269835,25325
94727.278612,25326
94727.287366,25327
94727.298493,25328
94727.307531,25329
94727.320091,25330
94727.328453,25331
94727.335697,25332
94727.344822,25333
94727.356492,25334
94727.365349,25335
94727.376352,25336
94727.386568,25337
94727.398085,25338
94727.407712,25339
94727.415537,25340
94727.422803,25341
94727.429839,25342
94727.440126,25343
94727.450881,25344
94727.459256,25345
94727.469369,25346
94727.477504,25347
94727.487470,25348
94727.496153,25349
94727.504526,25350
94727.514264,25351
94727.526123,25352
94727.534394,25353
94727.542241,25354
94727.554163,25355
94727.565070,25356
94727.574291,25357
94727.587303,25358
94727.598885,25359
94727.606548,25360
94727.617258,25361
94727.625504,25362
94727.639764,25363
94727.650579,25364
94727.663136,25365
94727.673802,25366
94727.682498,25367
94727.690509,25368
94727.698352,25369
94727.709285,25370
94727.722486,25371
94727.732940,25372
94727.743340,25373
94727.754370,25374
94727.765994,25375
94727.776748,25376
94727.784935,25377
94727.795737,25378
94727.806932,25379
94727.817842,25380
94727.826403,25381
94727.839520,25382
94727.848677,25383
94727.860231,25384
94727.869721,25385
94727.882050,25386
94727.891308,25387
94727.901744,25388
94727.911855,25389
94727.922919,25390
94727.930625,25391
94727.941231,25392
94727.949722,25393
94727.960915,25394
94727.972753,25395
94727.981012,25396
94727.993684,25397
94728.004924,25398
94728.014378,25399
94728.029400,25400
94728.041582,25401
94728.051086,25402
94728.060841,25403
94728.068576,25404
94728.078312,25405
94728.087549,25406
94728.097755,25407
94728.106081,25408
94728.114829,25409
94728.123257,25410
94728.131188,25411
94728.139179,25412
94728.150155,25413
94728.159871,25414
94728.171905,25415
94728.183333,25416
94728.196506,25417
94728.207576,25418
94728.219081,25419
94728.230332,25420
94728.238910,25421
94728.248433,25422
94728.258512,25423
94728.268999,25424
94728.277684,25425
94728.286069,25426
94728.295904,25427
94728.303826,25428
94728.315097,25429
94728.325740,25430
94728.336904,25431
94728.344597,25432
94728.356920,25433
94728.369282,25434
94728.381237,25435
94728.390700,25436
94728.403282,25437
94728.413838,25438
94728.424483,25439
94728.434723,25440
94728.444042,25441
94728.451706,25442
94728.463578,25443
94728.478586,25444
94728.493034,25445
94728.505301,25446
94728.516208,25447
94728.529863,25448
94728.537716,25449
94728.549094,25450
94728.561650,25451
94728.570918,25452
94728.583564,25453
94728.595247,25454
94728.607089,25455
94728.618940,25456
94728.633920,25457
94728.646368,25458
94728.659609,25459
94728.670781,25460
94728.683673,25461
94728.694498,25462
94728.706885,25463
94728.715353,25464
94728.726493,25465
94728.737714,25466
94728.749192,25467
94728.757521,25468
94728.769018,25469
94728.777755,25470
94728.787121,25471
94728.799971,25472
94728.814671,25473
94728.823767,25474
94728.835418,25475
94728.847380,25476
94728.859565,25477
94728.870716,25478
94728.882994,25479
94728.893941,25480
94728.905952,25481
94728.918136,25482
94728.929516,25483
94728.942110,25484
94728.951033,25485
94728.962293,25486
94728.973716,25487
94728.983346,25488
94728.994724,25489
94729.005775,25490
94729.016884,25491
94729.028120,25492
94729.037068,25493
94729.048920,25494
94729.060923,25495
94729.069526,25496
94729.078898,25497
94729.091420,25498
94729.103668,25499
94729.118965,25500
94729.129367,25501
94729.140288,25502
94729.151316,25503
94729.160929,25504
94729.171886,25505
94729.181912,25506
94729.193202,25507
94729.205302,25508
94729.217718,25509
94729.228788,25510
94729.238840,25511
94729.248055,25512
94729.259445,25513
94729.268667,25514
94729.280642,25515
94729.290406,25516
94729.301410,25517
94729.311362,25518
94729.323110,25519
94729.332783,25520
94729.343022,25521
94729.354583,25522
94729.366215,25523
94729.375788,25524
94729.388011,25525
94729.400716,25526
94729.412483,25527
94729.423983,25528
94729.434735,25529
94729.445748,25530
94729.456708,25531
94729.467217,25532
94729.477590,25533
94729.489164,25534
94729.499267,25535
94729.510327,25536
94729.521378,25537
94729.531858,25538
94729.542136,25539
94729.553562,25540
94729.563480,25541
94729.573231,25542
94729.587314,25543
94729.598273,25544
94729.610102,25545
94729.620961,25546
94729.630759,25547
94729.641031,25548
94729.652920,25549
94729.667498,25550
94729.678516,25551
94729.690436,25552
94729.701676,25553
94729.711281,25554
94729.720964,25555
94729.731881,25556
94729.742267,25557
94729.753168,25558
94729.763123,25559
94729.773824,25560
94729.785741,25561
94729.795584,25562
94729.806344,25563
94729.816401,25564
94729.826075,25565
94729.837799,25566
94729.848727,25567
94729.859259,25568
94729.873107,25569
94729.885372,25570
94729.895805,25571
94729.906030,25572
94729.915611,25573
94729.924978,25574
94729.935436,25575
94729.945867,25576
94729.955699,25577
94729.966491,25578
94729.976239,25579
94729.986682,25580
94729.996375,25581
94730.006047,25582
94730.016564,25583
94730.028263,25584
94730.038499,25585
94730.047728,25586
94730.057136,25587
94730.069081,25588
94730.080297,25589
94730.091814,25590
94730.102038,25591
94730.112806,25592
94730.123743,25593
94730.133787,25594
94730.144788,25595
94730.156691,25596
94730.168172,25597
94730.178253,25598
94730.190222,25599
94730.200562,25600
94730.211298,25601
94730.225756,25602
94730.236748,25603
94730.247736,25604
94730.258445,25605
94730.269178,25606
94730.280572,25607
94730.290514,25608
94730.301884,25609
94730.312782,25610
94730.326922,25611
94730.338546,25612
94730.349942,25613
94730.360074,25614
94730.369815,25615
94730.380369,25616
94730.390824,25617
94730.401764,25618
94730.413244,25619
94730.424316,25620
94730.434654,25621
94730.445546,25622
94730.456979,25623
94730.468425,25624
94730.479561,25625
94730.490602,25626
94730.502716,25627
94730.513184,25628
94730.523994,25629
94730.535284,25630
94730.546539,25631
94730.558595,25632
94730.570382,25633
94730.580883,25634
94730.591648,25635
94730.603459,25636
94730.615291,25637
94730.626593,25638
94730.637891,25639
94730.650978,25640
94730.661880,25641
94730.673968,25642
94730.684749,25643
94730.695663,25644
94730.706837,25645
94730.718202,25646
94730.730818,25647
94730.742410,25648
94730.753948,25649
94730.767740,25650
94730.779489,25651
94730.789942,25652
94730.801377,25653
94730.811224,25654
94730.822610,25655
94730.832561,25656
94730.843238,25657
94730.852454,25658
94730.863354,25659
94730.874599,25660
94730.885478,25661
94730.895020,25662
94730.905605,25663
94730.917519,25664
94730.928121,25665
94730.940950,25666
94730.952876,25667
94730.963304,25668
94730.974621,25669
94730.984662,25670
94730.996922,25671
94731.008940,25672
94731.020504,25673
94731.031185,25674
94731.042438,25675
94731.052688,25676
94731.065069,25677
94731.074744,25678
94731.086206,25679
94731.096833,25680
94731.108648,25681
94731.120962,25682
94731.132534,25683
94731.142828,25684
94731.155603,25685
94731.166300,25686
94731.178258,25687
94731.190243,25688
94731.202329,25689
94731.213797,25690
94731.225533,25691
94731.237090,25692
94731.248342,25693
94731.258765,25694
94731.269222,25695
94731.279538,25696
94731.290814,25697
94731.300726,25698
94731.311684,25699
94731.322519,25700
94731.333099,25701
94731.343966,25702
94731.355591,25703
94731.366458,25704
94731.379077,25705
94731.390739,25706
94731.401521,25707
94731.412818,25708
94731.424199,25709
94731.437858,25710
94731.451313,25711
94731.463211,25712
94731.475456,25713
94731.488469,25714
94731.499575,25715
94731.511326,25716
94731.525832,25717
94731.537935,25718
94731.550446,25719
94731.560550,25720
94731.571875,25721
94731.583853,25722
94731.596119,25723
94731.607732,25724
94731.620224,25725
94731.633911,25726
94731.644649,25727
94731.655337,25728
94731.665697,25729
94731.676809,25730
94731.688070,25731
94731.700433,25732
94731.712065,25733
94731.722881,25734
94731.734244,25735
94731.746401,25736
94731.758509,25737
94731.769524,25738
94731.781461,25739
94731.792616,25740
94731.803394,25741
94731.814568,25742
94731.826282,25743
94731.837264,25744
94731.848995,25745
94731.859878,25746
94731.872092,25747
94731.883336,25748
94731.894224,25749
94731.908367,25750
94731.917300,25751
94731.928683,25752
94731.935071,25753
94731.947945,25754
94731.954729,25755
94731.966935,25756
94731.975534,25757
94731.982577,25758
94731.991154,25759
94731.996683,25760
94732.004775,25761
94732.015850,25762
94732.034270,25763
94732.040615,25764
94732.048064,25765
94732.058326,25766
94732.067831,25767
94732.074045,25768
94732.086340,25769
94732.093736,25770
94732.103840,25771
94732.114093,25772
94732.125735,25773
94732.135367,25774
94732.141928,25775
94732.148719,25776
94732.155603,25777
94732.168210,25778
94732.175980,25779
94732.183791,25780
94732.199116,25781
94732.206234,25782
94732.216876,25783
94732.224168,25784
94732.233373,25785
94732.239817,25786
94732.249233,25787
94732.261439,25788
94732.275152,25789
94732.287067,25790
94732.297203,25791
94732.304180,25792
94732.311432,25793
94732.322226,25794
94732.330781,25795
94732.345139,25796
94732.354311,25797
94732.364579,25798
94732.371844,25799
94732.384007,25800
94732.395532,25801
94732.403822,25802
94732.411538,25803
94732.419292,25804
94732.428209,25805
94732.436351,25806
94732.445975,25807
94732.452840,25808
94732.460238,25809
94732.470434,25810
94732.481413,25811
94732.488696,25812
94732.496135,25813
94732.503206,25814
94732.510489,25815
94732.517685,25816
94732.525945,25817
94732.532803,25818
94732.539984,25819
94732.553090,25820
94732.560502,25821
94732.568391,25822
94732.575554,25823
94732.582947,25824
94732.591227,25825
94732.599580,25826
94732.612069,25827
94732.620781,25828
94732.630215,25829
94732.637718,25830
94732.647380,25831
94732.662068,25832
94732.674259,25833
94732.682958,25834
94732.696163,25835
94732.707853,25836
94732.721193,25837
94732.729698,25838
94732.749420,25839
94732.760824,25840
94732.770880,25841
94732.779264,25842
94732.793845,25843
94732.804483,25844
94732.816127,25845
94732.823922,25846
94732.836174,25847
94732.844544,25848
94732.858436,25849
94732.870422,25850
94732.883988,25851
94732.898648,25852
94732.910377,25853
94732.922263,25854
94732.934006,25855
94732.945112,25856
94732.963765,25857
94732.974191,25858
94732.982638,25859
94732.998477,25860
94733.006608,25861
94733.020606,25862
94733.032873,25863
94733.046340,25864
94733.060056,25865
94733.070791,25866
94733.080191,25867
94733.089161,25868
94733.102501,25869
94733.111702,25870
94733.127068,25871
94733.140116,25872
94733.150377,25873
94733.163984,25874
94733.174565,25875
94733.183755,25876
94733.192905,25877
94733.201375,25878
94733.219135,25879
94733.232059,25880
94733.247095,25881
94733.256032,25882
94733.267416,25883
94733.276601,25884
94733.284627,25885
94733.293404,25886
94733.304238,25887
94733.312518,25888
94733.321898,25889
94733.331725,25890
94733.346990,25891
94733.358255,25892
94733.369211,25893
94733.381961,25894
94733.392473,25895
94733.401115,25896
94733.415615,25897
94733.425345,25898
94733.434288,25899
94733.453884,25900
94733.464661,25901
94733.473355,25902
94733.484653,25903
94733.496024,25904
94733.506723,25905
94733.514826,25906
94733.526178,25907
94733.537202,25908
94733.546988,25909
94733.559862,25910
94733.570305,25911
94733.579148,25912
94733.590896,25913
94733.601831,25914
94733.610655,25915
94733.618857,25916
94733.630920,25917
94733.641062,25918
94733.650010,25919
94733.661714,25920
94733.675193,25921
94733.683752,25922
94733.694520,25923
94733.704802,25924
94733.716985,25925
94733.727008,25926
94733.739569,25927
94733.753788,25928
94733.762090,25929
94733.772978,25930
94733.784179,25931
94733.795313,25932
94733.806598,25933
94733.817881,25934
94733.829830,25935
94733.838890,25936
94733.848561,25937
94733.858982,25938
94733.869849,25939
94733.884395,25940
94733.892969,25941
94733.906598,25942
94733.920678,25943
94733.930228,25944
94733.940978,25945
94733.955453,25946
94733.965250,25947
94733.978442,25948
94733.987539,25949
94733.997052,25950
94734.007751,25951
94734.019831,25952
94734.029420,25953
94734.041991,25954
94734.052432,25955
94734.063874,25956
94734.075820,25957
94734.086103,25958
94734.101750,25959
94734.112164,25960
94734.122411,25961
94734.137236,25962
94734.147129,25963
94734.157436,25964
94734.171250,25965
94734.182260,25966
94734.192460,25967
94734.208313,25968
94734.221914,25969
94734.232520,25970
94734.243119,25971
94734.255229,25972
94734.265500,25973
94734.281357,25974
94734.295697,25975
94734.306641,25976
94734.316555,25977
94734.327495,25978
94734.340088,25979
94734.351374,25980
94734.360392,25981
94734.371425,25982
94734.384364,25983
94734.401746,25984
94734.415105,25985
94734.428484,25986
94734.440790,25987
94734.456626,25988
94734.470186,25989
94734.489666,25990
94734.500558,25991
94734.514397,25992
94734.523893,25993
94734.542551,25994
94734.555462,25995
94734.568639,25996
94734.579573,25997
94734.595729,25998
94734.609374,25999
94734.622175,26000
94734.630163,26001
94734.637273,26002
94734.647696,26003
94734.658561,26004
94734.664118,26005
94734.675572,26006
94734.682449,26007
94734.689562,26008
94734.696923,26009
94734.704535,26010
94734.710445,26011
94734.717182,26012
94734.724748,26013
94734.735221,26014
94734.740694,26015
94734.746370,26016
94734.754740,26017
94734.760106,26018
94734.768948,26019
94734.777120,26020
94734.782650,26021
94734.788030,26022
94734.799918,26023
94734.805666,26024
94734.812687,26025
94734.821342,26026
94734.829947,26027
94734.838522,26028
94734.843949,26029
94734.852760,26030
94734.858109,26031
94734.863560,26032
94734.872507,26033
94734.879561,26034
94734.885370,26035
94734.893540,26036
94734.899725,26037
94734.905728,26038
94734.911827,26039
94734.919197,26040
94734.925493,26041
94734.931903,26042
94734.941610,26043
94734.950702,26044
94734.956441,26045
94734.963474,26046
94734.972207,26047
94734.983688,26048
94734.992767,26049
94735.001666,26050
94735.007275,26051
94735.014816,26052
94735.020542,26053
94735.030213,26054
94735.036637,26055
94735.042437,26056
94735.048320,26057
94735.055979,26058
94735.061791,26059
94735.069370,26060
94735.079406,26061
94735.085381,26062
94735.091658,26063
94735.097048,26064
94735.102432,26065
94735.110223,26066
94735.118258,26067
94735.123626,26068
94735.130801,26069
94735.136773,26070
94735.145508,26071
94735.154055,26072
94735.159834,26073
94735.165777,26074
94735.173794,26075
94735.183406,26076
94735.193012,26077
94735.201251,26078
94735.207414,26079
94735.215866,26080
94735.224163,26081
94735.229956,26082
94735.235529,26083
94735.242663,26084
94735.251950,26085
94735.258101,26086
94735.264900,26087
94735.272159,26088
94735.280984,26089
94735.288309,26090
94735.296357,26091
94735.302222,26092
94735.308565,26093
94735.321104,26094
94735.331292,26095
94735.337185,26096
94735.343293,26097
94735.349268,26098
94735.356974,26099
94735.367626,26100
94735.373482,26101
94735.379743,26102
94735.385218,26103
94735.392925,26104
94735.401627,26105
94735.408306,26106
94735.414317,26107
94735.420040,26108
94735.427439,26109
94735.432869,26110
94735.438491,26111
94735.443771,26112
94735.449835,26113
94735.455232,26114
94735.464028,26115
94735.475948,26116
94735.485259,26117
94735.491144,26118
94735.502094,26119
94735.512559,26120
94735.523278,26121
94735.530373,26122
94735.536438,26123
94735.541804,26124
94735.547783,26125
94735.554943,26126
94735.561094,26127
94735.571175,26128
94735.579490,26129
94735.588444,26130
94735.594152,26131
94735.602622,26132
94735.613652,26133
94735.624451,26134
94735.633914,26135
94735.639590,26136
94735.645014,26137
94735.650511,26138
94735.656069,26139
94735.661834,26140
94735.668735,26141
94735.679796,26142
94735.690755,26143
94735.696804,26144
94735.706472,26145
94735.714638,26146
94735.720344,26147
94735.731534,26148
94735.740461,26149
94735.750997,26150
94735.758842,26151
94735.767641,26152
94735.779638,26153
94735.789649,26154
94735.799610,26155
94735.809611,26156
94735.817542,26157
94735.825954,26158
94735.832434,26159
94735.840447,26160
94735.851913,26161
94735.857978,26162
94735.869863,26163
94735.876980,26164
94735.886740,26165
94735.892700,26166
94735.898179,26167
94735.904190,26168
94735.915493,26169
94735.921358,26170
94735.926909,26171
94735.933917,26172
94735.941748,26173
94735.953398,26174
94735.964242,26175
94735.969594,26176
94735.974842,26177
94735.980479,26178
94735.985741,26179
94735.993865,26180
94736.004313,26181
94736.013268,26182
94736.018598,26183
94736.025955,26184
94736.032231,26185
94736.041036,26186
94736.048565,26187
94736.054731,26188
94736.060410,26189
94736.069618,26190
94736.075166,26191
94736.080032,26192
94736.088213,26193
94736.100311,26194
94736.106309,26195
94736.112937,26196
94736.120874,26197
94736.126355,26198
94736.136191,26199
94736.145206,26200
94736.153529,26201
94736.163712,26202
94736.170145,26203
94736.176362,26204
94736.183234,26205
94736.188759,26206
94736.197497,26207
94736.203338,26208
94736.213316,26209
94736.218566,26210
94736.228185,26211
94736.238978,26212
94736.247351,26213
94736.252383,26214
94736.258294,26215
94736.263027,26216
94736.272621,26217
94736.282000,26218
94736.290778,26219
94736.298069,26220
94736.304314,26221
94736.310521,26222
94736.319819,26223
94736.330662,26224
94736.337696,26225
94736.343241,26226
94736.354634,26227
94736.363171,26228
94736.370786,26229
94736.379817,26230
94736.385187,26231
94736.390816,26232
94736.403113,26233
94736.412882,26234
94736.422752,26235
94736.427698,26236
94736.437915,26237
94736.442881,26238
94736.450717,26239
94736.455688,26240
94736.468683,26241
94736.478852,26242
94736.484346,26243
94736.490974,26244
94736.496800,26245
94736.507231,26246
94736.520342,26247
94736.531038,26248
94736.543712,26249
94736.558029,26250
94736.566687,26251
94736.575769,26252
94736.585291,26253
94736.594721,26254
94736.605524,26255
94736.616813,26256
94736.628301,26257
94736.638972,26258
94736.649295,26259
94736.658379,26260
94736.669091,26261
94736.678549,26262
94736.689366,26263
94736.698692,26264
94736.707766,26265
94736.717178,26266
94736.727022,26267
94736.735467,26268
94736.744792,26269
94736.754343,26270
94736.762919,26271
94736.772952,26272
94736.782669,26273
94736.793228,26274
94736.803915,26275
94736.815734,26276
94736.828825,26277
94736.838302,26278
94736.849427,26279
94736.860733,26280
94736.870651,26281
94736.879932,26282
94736.891401,26283
94736.900687,26284
94736.909597,26285
94736.919747,26286
94736.931106,26287
94736.940663,26288
94736.951648,26289
94736.964386,26290
94736.973603,26291
94736.982147,26292
94736.993376,26293
94737.004473,26294
94737.013727,26295
94737.026230,26296
94737.037088,26297
94737.046470,26298
94737.058077,26299
94737.068843,26300
94737.078817,26301
94737.089990,26302
94737.098820,26303
94737.110082,26304
94737.118896,26305
94737.128608,26306
94737.142052,26307
94737.151103,26308
94737.160592,26309
94737.168759,26310
94737.177497,26311
94737.186349,26312
94737.197455,26313
94737.207527,26314
94737.217565,26315
94737.226731,26316
94737.236441,26317
94737.246646,26318
94737.259599,26319
94737.267609,26320
94737.276911,26321
94737.287164,26322
94737.296878,26323
94737.309769,26324
94737.317690,26325
94737.327871,26326
94737.336597,26327
94737.345807,26328
94737.354542,26329
94737.366586,26330
94737.377869,26331
94737.388570,26332
94737.397348,26333
94737.406305,26334
94737.416992,26335
94737.425578,26336
94737.435948,26337
94737.444903,26338
94737.454593,26339
94737.466856,26340
94737.474798,26341
94737.485631,26342
94737.496269,26343
94737.504442,26344
94737.512788,26345
94737.523182,26346
94737.535665,26347
94737.545691,26348
94737.558687,26349
94737.570977,26350
94737.581713,26351
94737.592827,26352
94737.603365,26353
94737.613821,26354
94737.625960,26355
94737.637229,26356
94737.645811,26357
94737.656474,26358
94737.666287,26359
94737.675936,26360
94737.685302,26361
94737.696991,26362
94737.706570,26363
94737.715362,26364
94737.724842,26365
94737.737653,26366
94737.748213,26367
94737.758934,26368
94737.772286,26369
94737.782874,26370
94737.791770,26371
94737.802845,26372
94737.812549,26373
94737.821954,26374
94737.831458,26375
94737.841363,26376
94737.851467,26377
94737.860849,26378
94737.872487,26379
94737.884929,26380
94737.893270,26381
94737.901356,26382
94737.910152,26383
94737.921083,26384
94737.932901,26385
94737.945093,26386
94737.954259,26387
94737.966432,26388
94737.975345,26389
94737.988537,26390
94738.000536,26391
94738.010186,26392
94738.020566,26393
94738.031676,26394
94738.040520,26395
94738.050704,26396
94738.059739,26397
94738.069836,26398
94738.081295,26399
94738.095932,26400
94738.103822,26401
94738.114689,26402
94738.124897,26403
94738.133318,26404
94738.142892,26405
94738.152879,26406
94738.161867,26407
94738.170473,26408
94738.180757,26409
94738.191498,26410
94738.201228,26411
94738.211447,26412
94738.219926,26413
94738.228592,26414
94738.237548,26415
94738.246251,26416
94738.259487,26417
94738.270705,26418
94738.280283,26419
94738.291022,26420
94738.301488,26421
94738.311926,26422
94738.323827,26423
94738.335730,26424
94738.346039,26425
94738.356536,26426
94738.367624,26427
94738.377569,26428
94738.388667,26429
94738.398903,26430
94738.410261,26431
94738.421546,26432
94738.430746,26433
94738.442859,26434
94738.454178,26435
94738.464134,26436
94738.474679,26437
94738.485686,26438
94738.497182,26439
94738.506821,26440
94738.521268,26441
94738.531905,26442
94738.542780,26443
94738.554895,26444
94738.566584,26445
94738.578745,26446
94738.588436,26447
94738.599871,26448
94738.612151,26449
94738.624336,26450
94738.636987,26451
94738.647580,26452
94738.657777,26453
94738.668806,26454
94738.683492,26455
94738.695047,26456
94738.707614,26457
94738.719846,26458
94738.731511,26459
94738.741560,26460
94738.754664,26461
94738.765686,26462
94738.776894,26463
94738.787217,26464
94738.797143,26465
94738.810860,26466
94738.822863,26467
94738.836460,26468
94738.849716,26469
94738.861071,26470
94738.877785,26471
94738.892554,26472
94738.905351,26473
94738.918721,26474
94738.930736,26475
94738.942646,26476
94738.955598,26477
94738.965523,26478
94738.977682,26479
94738.990400,26480
94739.003976,26481
94739.015835,26482
94739.027343,26483
94739.040826,26484
94739.052617,26485
94739.064877,26486
94739.076939,26487
94739.088593,26488
94739.104590,26489
94739.116928,26490
94739.130195,26491
94739.141089,26492
94739.153076,26493
94739.165714,26494
94739.177918,26495
94739.191461,26496
94739.203535,26497
94739.217382,26498
94739.231267,26499
94739.249310,26500
94739.263205,26501
94739.278029,26502
94739.292395,26503
94739.306414,26504
94739.321190,26505
94739.335493,26506
94739.351937,26507
94739.366412,26508
94739.382370,26509
94739.395948,26510
94739.410330,26511
94739.426368,26512
94739.442589,26513
94739.456989,26514
94739.471810,26515
94739.486742,26516
94739.499842,26517
94739.514664,26518
94739.528251,26519
94739.541575,26520
94739.555709,26521
94739.570264,26522
94739.583447,26523
94739.597614,26524
94739.611550,26525
94739.625325,26526
94739.640442,26527
94739.654370,26528
94739.668916,26529
94739.684095,26530
94739.698608,26531
94739.713561,26532
94739.729426,26533
94739.744792,26534
94739.760346,26535
94739.773416,26536
94739.789821,26537
94739.804821,26538
94739.819180,26539
94739.834144,26540
94739.847634,26541
94739.864297,26542
94739.880781,26543
94739.896189,26544
94739.911423,26545
94739.926617,26546
94739.942368,26547
94739.956772,26548
94739.970797,26549
94739.987579,26550
94740.000405,26551
94740.013029,26552
94740.026597,26553
94740.040266,26554
94740.053858,26555
94740.067764,26556
94740.081879,26557
94740.096047,26558
94740.109982,26559
94740.124439,26560
94740.138068,26561
94740.151836,26562
94740.164632,26563
94740.179329,26564
94740.194420,26565
94740.207520,26566
94740.221997,26567
94740.236381,26568
94740.250735,26569
94740.264266,26570
94740.278632,26571
94740.293359,26572
94740.307851,26573
94740.320248,26574
94740.335252,26575
94740.348690,26576
94740.363352,26577
94740.377746,26578
94740.393287,26579
94740.407832,26580
94740.422467,26581
94740.437255,26582
94740.451292,26583
94740.464769,26584
94740.478883,26585
94740.492610,26586
94740.506838,26587
94740.520710,26588
94740.536423,26589
94740.550858,26590
94740.565888,26591
94740.579462,26592
94740.595533,26593
94740.610368,26594
94740.624454,26595
94740.638043,26596
94740.652763,26597
94740.667746,26598
94740.683206,26599
94740.696244,26600
94740.712487,26601
94740.727269,26602
94740.742353,26603
94740.756610,26604
94740.771752,26605
94740.786235,26606
94740.801329,26607
94740.816788,26608
94740.831663,26609
94740.845762,26610
94740.860850,26611
94740.875343,26612
94740.890794,26613
94740.905502,26614
94740.920564,26615
94740.934514,26616
94740.949291,26617
94740.963827,26618
94740.979145,26619
94740.992956,26620
94741.005758,26621
94741.020148,26622
94741.034659,26623
94741.049291,26624
94741.064831,26625
94741.079635,26626
94741.095171,26627
94741.110127,26628
94741.125556,26629
94741.141072,26630
94741.156013,26631
94741.171109,26632
94741.186203,26633
94741.201307,26634
94741.217515,26635
94741.232838,26636
94741.245602,26637
94741.259610,26638
94741.275335,26639
94741.289373,26640
94741.304253,26641
94741.318439,26642
94741.333824,26643
94741.348247,26644
94741.362874,26645
94741.378291,26646
94741.392996,26647
94741.407726,26648
94741.423439,26649
94741.440325,26650
94741.455777,26651
94741.469267,26652
94741.483876,26653
94741.497318,26654
94741.511253,26655
94741.527360,26656
94741.542615,26657
94741.557343,26658
94741.572666,26659
94741.586563,26660
94741.602135,26661
94741.617682,26662
94741.634217,26663
94741.650330,26664
94741.666700,26665
94741.682725,26666
94741.697128,26667
94741.710288,26668
94741.726379,26669
94741.740948,26670
94741.755680,26671
94741.770737,26672
94741.786426,26673
94741.803207,26674
94741.818185,26675
94741.833514,26676
94741.850537,26677
94741.864575,26678
94741.880249,26679
94741.895384,26680
94741.909873,26681
94741.926246,26682
94741.941673,26683
94741.957926,26684
94741.974293,26685
94741.989661,26686
94742.007238,26687
94742.023423,26688
94742.038484,26689
94742.053843,26690
94742.070257,26691
94742.085711,26692
94742.101109,26693
94742.116578,26694
94742.131999,26695
94742.148032,26696
94742.163924,26697
94742.179609,26698
94742.194591,26699
94742.210261,26700
94742.226922,26701
94742.243824,26702
94742.260242,26703
94742.277111,26704
94742.292383,26705
94742.308636,26706
94742.324219,26707
94742.339239,26708
94742.355232,26709
94742.371385,26710
94742.387644,26711
94742.404790,26712
94742.422588,26713
94742.438300,26714
94742.454661,26715
94742.472765,26716
94742.489538,26717
94742.505482,26718
94742.521930,26719
94742.537151,26720
94742.554316,26721
94742.571426,26722
94742.585791,26723
94742.603417,26724
94742.620180,26725
94742.635253,26726
94742.650526,26727
94742.666406,26728
94742.682801,26729
94742.698135,26730
94742.714875,26731
94742.733085,26732
94742.746665,26733
94742.762353,26734
94742.779790,26735
94742.796407,26736
94742.810860,26737
94742.827045,26738
94742.843896,26739
94742.859946,26740
94742.877646,26741
94742.892552,26742
94742.908681,26743
94742.924729,26744
94742.941877,26745
94742.957495,26746
94742.972207,26747
94742.988871,26748
94743.004661,26749
94743.016739,27000
94743.023376,27001
94743.028727,27002
94743.033828,27003
94743.038979,27004
94743.044344,27005
94743.049263,27006
94743.054510,27007
94743.059650,27008
94743.065141,27009
94743.070125,27010
94743.075156,27011
94743.080425,27012
94743.085866,27013
94743.090817,27014
94743.096245,27015
94743.101501,27016
94743.106821,27017
94743.111903,27018
94743.117215,27019
94743.122469,27020
94743.127722,27021
94743.133133,27022
94743.138324,27023
94743.143282,27024
94743.148577,27025
94743.153575,27026
94743.158740,27027
94743.163871,27028
94743.169209,27029
94743.174188,27030
94743.179287,27031
94743.184212,27032
94743.189968,27033
94743.194985,27034
94743.200144,27035
94743.205983,27036
94743.211351,27037
94743.216468,27038
94743.221715,27039
94743.226887,27040
94743.232126,27041
94743.237256,27042
94743.242404,27043
94743.247414,27044
94743.252659,27045
94743.257656,27046
94743.262781,27047
94743.268027,27048
94743.273466,27049
94743.278495,27050
94743.283503,27051
94743.288583,27052
94743.294189,27053
94743.299167,27054
94743.304487,27055
94743.310231,27056
94743.315562,27057
94743.321010,27058
94743.326204,27059
94743.331581,27060
94743.337407,27061
94743.342928,27062
94743.348505,27063
94743.353722,27064
94743.359059,27065
94743.364696,27066
94743.370701,27067
94743.375989,27068
94743.381367,27069
94743.387661,27070
94743.393589,27071
94743.399112,27072
94743.405162,27073
94743.410508,27074
94743.415904,27075
94743.421224,27076
94743.426413,27077
94743.431788,27078
94743.437110,27079
94743.442340,27080
94743.447440,27081
94743.452695,27082
94743.457835,27083
94743.462897,27084
94743.468259,27085
94743.474453,27086
94743.479502,27087
94743.484605,27088
94743.489551,27089
94743.494742,27090
94743.499683,27091
94743.504665,27092
94743.509995,27093
94743.514965,27094
94743.520150,27095
94743.525142,27096
94743.530413,27097
94743.535370,27098
94743.540569,27099
94743.547628,27100
94743.552931,27101
94743.558146,27102
94743.563084,27103
94743.568405,27104
94743.573796,27105
94743.579329,27106
94743.584302,27107
94743.589225,27108
94743.594737,27109
94743.600422,27110
94743.606594,27111
94743.612453,27112
94743.618097,27113
94743.623404,27114
94743.628760,27115
94743.634657,27116
94743.639701,27117
94743.644824,27118
94743.650330,27119
94743.655558,27120
94743.660474,27121
94743.665853,27122
94743.671082,27123
94743.676368,27124
94743.681492,27125
94743.686501,27126
94743.691687,27127
94743.697234,27128
94743.702192,27129
94743.707299,27130
94743.712524,27131
94743.718109,27132
94743.723300,27133
94743.728460,27134
94743.733675,27135
94743.739296,27136
94743.744426,27137
94743.749826,27138
94743.755239,27139
94743.760599,27140
94743.766529,27141
94743.771791,27142
94743.777040,27143
94743.782322,27144
94743.787859,27145
94743.793118,27146
94743.798320,27147
94743.803518,27148
94743.809019,27149
94743.814933,27150
94743.820590,27151
94743.826239,27152
94743.831708,27153
94743.836734,27154
94743.841768,27155
94743.847035,27156
94743.852117,27157
94743.857527,27158
94743.863622,27159
94743.868873,27160
94743.874281,27161
94743.879530,27162
94743.884876,27163
94743.890383,27164
94743.895509,27165
94743.900825,27166
94743.906357,27167
94743.911887,27168
94743.917224,27169
94743.922423,27170
94743.927944,27171
94743.933217,27172
94743.938230,27173
94743.943198,27174
94743.948624,27175
94743.953954,27176
94743.959269,27177
94743.964308,27178
94743.969593,27179
94743.974904,27180
94743.980212,27181
94743.985533,27182
94743.990471,27183
94743.995680,27184
94744.000601,27185
94744.005747,27186
94744.011023,27187
94744.016904,27188
94744.022037,27189
94744.027286,27190
94744.032321,27191
94744.037577,27192
94744.042442,27193
94744.047456,27194
94744.052867,27195
94744.058498,27196
94744.063659,27197
94744.068894,27198
94744.074155,27199
94744.081714,27200
94744.087010,27201
94744.092851,27202
94744.098580,27203
94744.103775,27204
94744.109060,27205
94744.114644,27206
94744.120594,27207
94744.125650,27208
94744.130924,27209
94744.136480,27210
94744.141993,27211
94744.148411,27212
94744.153650,27213
94744.158877,27214
94744.164206,27215
94744.169598,27216
94744.174652,27217
94744.180330,27218
94744.185694,27219
94744.190893,27220
94744.196005,27221
94744.201266,27222
94744.206490,27223
94744.212126,27224
94744.218054,27225
94744.223284,27226
94744.228463,27227
94744.233687,27228
94744.239258,27229
94744.244908,27230
94744.249936,27231
94744.254848,27232
94744.259906,27233
94744.264902,27234
94744.270051,27235
94744.275049,27236
94744.280798,27237
94744.285872,27238
94744.291039,27239
94744.296078,27240
94744.301344,27241
94744.306405,27242
94744.311513,27243
94744.316625,27244
94744.322119,27245
94744.328857,27246
94744.334979,27247
94744.340917,27248
94744.346839,27249
94744.361540,27250
94744.366943,27251
94744.372808,27252
94744.378608,27253
94744.384320,27254
94744.390646,27255
94744.396581,27256
94744.402573,27257
94744.409273,27258
94744.415780,27259
94744.421388,27260
94744.428319,27261
94744.435310,27262
94744.441979,27263
94744.447770,27264
94744.453871,27265
94744.459792,27266
94744.465388,27267
94744.472103,27268
94744.477984,27269
94744.483729,27270
94744.490182,27271
94744.495962,27272
94744.502423,27273
94744.507975,27274
94744.515045,27275
94744.522126,27276
94744.529403,27277
94744.534772,27278
94744.541723,27279
94744.547555,27280
94744.553367,27281
94744.558889,27282
94744.565078,27283
94744.571559,27284
94744.579071,27285
94744.585775,27286
94744.595259,27287
94744.601901,27288
94744.608707,27289
94744.616564,27290
94744.624689,27291
94744.630189,27292
94744.637121,27293
94744.643257,27294
94744.648785,27295
94744.656769,27296
94744.662586,27297
94744.669924,27298
94744.676119,27299
94744.682047,27300
94744.687637,27301
94744.693095,27302
94744.698777,27303
94744.704347,27304
94744.709783,27305
94744.718943,27306
94744.724907,27307
94744.733622,27308
94744.739357,27309
94744.745079,27310
94744.752268,27311
94744.757666,27312
94744.763681,27313
94744.769372,27314
94744.778466,27315
94744.784382,27316
94744.790581,27317
94744.799486,27318
94744.806340,27319
94744.815653,27320
94744.822012,27321
94744.827710,27322
94744.836830,27323
94744.847391,27324
94744.853141,27325
94744.859202,27326
94744.864556,27327
94744.870523,27328
94744.880292,27329
94744.886678,27330
94744.892295,27331
94744.902808,27332
94744.908792,27333
94744.915393,27334
94744.921452,27335
94744.930499,27336
94744.936368,27337
94744.942342,27338
94744.952970,27339
94744.965436,27340
94744.975799,27341
94744.986448,27342
94744.993384,27343
94745.003242,27344
94745.014882,27345
94745.020855,27346
94745.026436,27347
94745.033892,27348
94745.042767,27349
94745.054813,27350
94745.061367,27351
94745.068049,27352
94745.074164,27353
94745.080580,27354
94745.085736,27355
94745.092483,27356
94745.097667,27357
94745.103449,27358
94745.108894,27359
94745.115824,27360
94745.122727,27361
94745.128408,27362
94745.133226,27363
94745.137875,27364
94745.144108,27365
94745.150600,27366
94745.157479,27367
94745.162488,27368
94745.167449,27369
94745.172055,27370
94745.178449,27371
94745.183387,27372
94745.188518,27373
94745.193234,27374
94745.198121,27375
94745.204692,27376
94745.209732,27377
94745.217829,27378
94745.223195,27379
94745.229139,27380
94745.236327,27381
94745.241040,27382
94745.247725,27383
94745.254954,27384
94745.260097,27385
94745.264637,27386
94745.269980,27387
94745.275293,27388
94745.280543,27389
94745.287807,27390
94745.295392,27391
94745.303044,27392
94745.308345,27393
94745.313231,27394
94745.318603,27395
94745.324247,27396
94745.329287,27397
94745.333959,27398
94745.338871,27399
94745.344807,27400
94745.349671,27401
94745.354334,27402
94745.361139,27403
94745.367393,27404
94745.373078,27405
94745.377733,27406
94745.384739,27407
94745.389798,27408
94745.394912,27409
94745.400254,27410
94745.405547,27411
94745.412063,27412
94745.419493,27413
94745.426306,27414
94745.431251,27415
94745.436868,27416
94745.442592,27417
94745.447978,27418
94745.453762,27419
94745.461512,27420
94745.466532,27421
94745.473430,27422
94745.479201,27423
94745.485345,27424
94745.492517,27425
94745.500521,27426
94745.505722,27427
94745.510846,27428
94745.516054,27429
94745.521111,27430
94745.525923,27431
94745.530657,27432
94745.537621,27433
94745.542511,27434
94745.547357,27435
94745.552244,27436
94745.559600,27437
94745.564727,27438
94745.572665,27439
94745.577888,27440
94745.583429,27441
94745.588345,27442
94745.595706,27443
94745.600912,27444
94745.609087,27445
94745.614294,27446
94745.621609,27447
94745.630006,27448
94745.635541,27449
94745.644856,27450
94745.651343,27451
94745.657000,27452
94745.663402,27453
94745.668042,27454
94745.672948,27455
94745.677750,27456
94745.682350,27457
94745.689044,27458
94745.695051,27459
94745.702741,27460
94745.709737,27461
94745.714425,27462
94745.719906,27463
94745.727772,27464
94745.732547,27465
94745.739346,27466
94745.743884,27467
94745.748417,27468
94745.753239,27469
94745.757728,27470
94745.762389,27471
94745.768682,27472
94745.773479,27473
94745.779255,27474
94745.783874,27475
94745.790296,27476
94745.797278,27477
94745.803762,27478
94745.810449,27479
94745.815375,27480
94745.822158,27481
94745.828958,27482
94745.836140,27483
94745.840587,27484
94745.845205,27485
94745.850491,27486
94745.855269,27487
94745.863618,27488
94745.868997,27489
94745.873565,27490
94745.878992,27491
94745.886155,27492
94745.891178,27493
94745.895747,27494
94745.900650,27495
94745.908473,27496
94745.914962,27497
94745.922435,27498
94745.927233,27499
94745.944106,27500
94745.952925,27501
94745.959850,27502
94745.966564,27503
94745.973791,27504
94745.981024,27505
94745.986999,27506
94745.993488,27507
94745.999379,27508
94746.006287,27509
94746.012505,27510
94746.021419,27511
94746.027979,27512
94746.034583,27513
94746.041888,27514
94746.050255,27515
94746.056660,27516
94746.063243,27517
94746.071875,27518
94746.080057,27519
94746.086998,27520
94746.096102,27521
94746.104919,27522
94746.111769,27523
94746.118354,27524
94746.125442,27525
94746.131939,27526
94746.140762,27527
94746.150574,27528
94746.157912,27529
94746.164852,27530
94746.172857,27531
94746.179634,27532
94746.187089,27533
94746.194270,27534
94746.201391,27535
94746.208934,27536
94746.216487,27537
94746.223298,27538
94746.232197,27539
94746.241387,27540
94746.249396,27541
94746.256414,27542
94746.264156,27543
94746.271491,27544
94746.279092,27545
94746.289024,27546
94746.296874,27547
94746.304798,27548
94746.312378,27549
94746.319708,27550
94746.328199,27551
94746.336316,27552
94746.344949,27553
94746.355181,27554
94746.365416,27555
94746.373698,27556
94746.383346,27557
94746.392090,27558
94746.402932,27559
94746.413144,27560
94746.422632,27561
94746.430969,27562
94746.440731,27563
94746.451262,27564
94746.462047,27565
94746.471100,27566
94746.480802,27567
94746.489814,27568
94746.499711,27569
94746.508720,27570
94746.520368,27571
94746.529434,27572
94746.539611,27573
94746.552114,27574
94746.562317,27575
94746.571942,27576
94746.584929,27577
94746.597068,27578
94746.608035,27579
94746.620758,27580
94746.632518,27581
94746.641268,27582
94746.650730,27583
94746.662672,27584
94746.672967,27585
94746.684998,27586
94746.698722,27587
94746.712258,27588
94746.722570,27589
94746.734613,27590
94746.744261,27591
94746.755309,27592
94746.765453,27593
94746.775911,27594
94746.789474,27595
94746.799095,27596
94746.810405,27597
94746.821013,27598
94746.834617,27599
94746.846453,27600
94746.853828,27601
94746.861763,27602
94746.869786,27603
94746.879992,27604
94746.888334,27605
94746.897226,27606
94746.906497,27607
94746.915316,27608
94746.924601,27609
94746.934445,27610
94746.943912,27611
94746.952634,27612
94746.962313,27613
94746.971902,27614
94746.982053,27615
94746.991230,27616
94746.999315,27617
94747.007749,27618
94747.018208,27619
94747.026667,27620
94747.036405,27621
94747.045802,27622
94747.053773,27623
94747.062449,27624
94747.072363,27625
94747.081233,27626
94747.092128,27627
94747.102862,27628
94747.112341,27629
94747.122240,27630
94747.131400,27631
94747.140346,27632
94747.149746,27633
94747.159827,27634
94747.169538,27635
94747.178380,27636
94747.188633,27637
94747.197206,27638
94747.207256,27639
94747.216676,27640
94747.226277,27641
94747.236542,27642
94747.246395,27643
94747.256138,27644
94747.265862,27645
94747.275621,27646
94747.285730,27647
94747.294719,27648
94747.305655,27649
94747.314905,27650
94747.324437,27651
94747.334456,27652
94747.343186,27653
94747.352866,27654
94747.361685,27655
94747.372691,27656
94747.382844,27657
94747.393717,27658
94747.404480,27659
94747.414014,27660
94747.425453,27661
94747.434857,27662
94747.445304,27663
94747.454832,27664
94747.464827,27665
94747.474780,27666
94747.487043,27667
94747.497933,27668
94747.507721,27669
94747.516472,27670
94747.527450,27671
94747.537443,27672
94747.548030,27673
94747.558568,27674
94747.568865,27675
94747.579624,27676
94747.589412,27677
94747.599902,27678
94747.610180,27679
94747.619777,27680
94747.628916,27681
94747.638792,27682
94747.650251,27683
94747.660125,27684
94747.672939,27685
94747.683668,27686
94747.695275,27687
94747.704871,27688
94747.715789,27689
94747.725950,27690
94747.737296,27691
94747.748446,27692
94747.757875,27693
94747.766948,27694
94747.777383,27695
94747.787713,27696
94747.797419,27697
94747.806667,27698
94747.816551,27699
94747.830888,27700
94747.840603,27701
94747.848920,27702
94747.857602,27703
94747.868306,27704
94747.876909,27705
94747.887301,27706
94747.896212,27707
94747.906414,27708
94747.914915,27709
94747.924807,27710
94747.934672,27711
94747.945026,27712
94747.954277,27713
94747.964962,27714
94747.975413,27715
94747.985767,27716
94747.995999,27717
94748.005928,27718
94748.016688,27719
94748.026317,27720
94748.036622,27721
94748.045544,27722
94748.056497,27723
94748.067801,27724
94748.077045,27725
94748.087783,27726
94748.097758,27727
94748.109255,27728
94748.119034,27729
94748.128860,27730
94748.139697,27731
94748.150914,27732
94748.159248,27733
94748.167900,27734
94748.176506,27735
94748.184796,27736
94748.195895,27737
94748.206636,27738
94748.216239,27739
94748.227242,27740
94748.235955,27741
94748.244024,27742
94748.253871,27743
94748.264363,27744
94748.274538,27745
94748.283787,27746
94748.293435,27747
94748.302152,27748
94748.312717,27749
94748.328289,27750
94748.334448,27751
94748.341197,27752
94748.347687,27753
94748.354649,27754
94748.361403,27755
94748.368823,27756
94748.375348,27757
94748.382511,27758
94748.390105,27759
94748.397176,27760
94748.403952,27761
94748.411304,27762
94748.417975,27763
94748.426517,27764
94748.433934,27765
94748.442396,27766
94748.450089,27767
94748.457874,27768
94748.465336,27769
94748.473074,27770
94748.480439,27771
94748.489636,27772
94748.498259,27773
94748.507249,27774
94748.515206,27775
94748.523883,27776
94748.532022,27777
94748.541595,27778
94748.549554,27779
94748.558206,27780
94748.566572,27781
94748.575780,27782
94748.584864,27783
94748.593450,27784
94748.604361,27785
94748.614235,27786
94748.623417,27787
94748.632539,27788
94748.641801,27789
94748.651147,27790
94748.660931,27791
94748.670983,27792
94748.679833,27793
94748.690704,27794
94748.699770,27795
94748.711007,27796
94748.721546,27797
94748.732467,27798
94748.741718,27799
94748.751975,27800
94748.761237,27801
94748.773529,27802
94748.783480,27803
94748.794084,27804
94748.804362,27805
94748.816351,27806
94748.827677,27807
94748.837809,27808
94748.848296,27809
94748.859169,27810
94748.872404,27811
94748.883297,27812
94748.895536,27813
94748.906728,27814
94748.917792,27815
94748.928968,27816
94748.940099,27817
94748.955040,27818
94748.966294,27819
94748.977972,27820
94748.989597,27821
94749.002008,27822
94749.014554,27823
94749.026096,27824
94749.036741,27825
94749.048728,27826
94749.060369,27827
94749.073611,27828
94749.085484,27829
94749.097242,27830
94749.109762,27831
94749.122488,27832
94749.135647,27833
94749.148336,27834
94749.159763,27835
94749.172345,27836
94749.184397,27837
94749.196246,27838
94749.208351,27839
94749.221280,27840
94749.234271,27841
94749.246722,27842
94749.260236,27843
94749.272576,27844
94749.283597,27845
94749.297522,27846
94749.309694,27847
94749.322661,27848
94749.335085,27849
94749.349999,27850
94749.359565,27851
94749.371230,27852
94749.383241,27853
94749.393873,27854
94749.406300,27855
94749.417552,27856
94749.430104,27857
94749.442361,27858
94749.454818,27859
94749.465753,27860
94749.477530,27861
94749.490880,27862
94749.500759,27863
94749.512411,27864
94749.523538,27865
94749.534230,27866
94749.545415,27867
94749.558749,27868
94749.570228,27869
94749.582252,27870
94749.591920,27871
94749.603925,27872
94749.615973,27873
94749.626726,27874
94749.639233,27875
94749.651756,27876
94749.663459,27877
94749.675291,27878
94749.687294,27879
94749.699385,27880
94749.710567,27881
94749.721505,27882
94749.733144,27883
94749.744690,27884
94749.755685,27885
94749.767534,27886
94749.778748,27887
94749.791210,27888
94749.803956,27889
94749.814734,27890
94749.828099,27891
94749.839867,27892
94749.852980,27893
94749.864990,27894
94749.875708,27895
94749.887463,27896
94749.900861,27897
94749.913434,27898
94749.927460,27899
94749.939992,27900
94749.950909,27901
94749.963948,27902
94749.976016,27903
94749.989482,27904
94750.003290,27905
94750.014702,27906
94750.028668,27907
94750.040714,27908
94750.052311,27909
94750.066805,27910
94750.078748,27911
94750.090394,27912
94750.101514,27913
94750.114570,27914
94750.127836,27915
94750.140730,27916
94750.151538,27917
94750.165848,27918
94750.179530,27919
94750.193325,27920
94750.207246,27921
94750.219379,27922
94750.233388,27923
94750.246504,27924
94750.262242,27925
94750.277559,27926
94750.289526,27927
94750.303629,27928
94750.316325,27929
94750.329835,27930
94750.344756,27931
94750.357133,27932
94750.369649,27933
94750.383314,27934
94750.397790,27935
94750.411387,27936
94750.423684,27937
94750.435476,27938
94750.446572,27939
94750.460331,27940
94750.472837,27941
94750.486752,27942
94750.499407,27943
94750.515934,27944
94750.526949,27945
94750.538992,27946
94750.551993,27947
94750.565817,27948
94750.576990,27949
94750.592590,27950
94750.604203,27951
94750.615859,27952
94750.626303,27953
94750.638797,27954
94750.651503,27955
94750.663668,27956
94750.678327,27957
94750.689787,27958
94750.702127,27959
94750.714578,27960
94750.726657,27961
94750.737701,27962
94750.749214,27963
94750.760387,27964
94750.771746,27965
94750.783900,27966
94750.796238,27967
94750.810457,27968
94750.821550,27969
94750.835287,27970
94750.848432,27971
94750.862502,27972
94750.874612,27973
94750.887124,27974
94750.898913,27975
94750.914214,27976
94750.926949,27977
94750.939822,27978
94750.951884,27979
94750.964409,27980
94750.976037,27981
94750.988102,27982
94751.000267,27983
94751.012278,27984
94751.024584,27985
94751.035803,27986
94751.047208,27987
94751.059795,27988
94751.071736,27989
94751.084743,27990
94751.098950,27991
94751.111547,27992
94751.125892,27993
94751.137517,27994
94751.149087,27995
94751.161711,27996
94751.173715,27997
94751.184987,27998
94751.196267,27999
94751.214902,28000
94751.220934,28001
94751.228552,28002
94751.234273,28003
94751.239886,28004
94751.245391,28005
94751.250654,28006
94751.255919,28007
94751.262068,28008
94751.268341,28009
94751.274077,28010
94751.279430,28011
94751.284844,28012
94751.290288,28013
94751.297257,28014
94751.303127,28015
94751.309176,28016
94751.319914,28017
94751.325543,28018
94751.335597,28019
94751.341207,28020
94751.347157,28021
94751.352711,28022
94751.359186,28023
94751.367199,28024
94751.372866,28025
94751.378978,28026
94751.387642,28027
94751.393735,28028
94751.400374,28029
94751.405954,28030
94751.411654,28031
94751.417031,28032
94751.423383,28033
94751.429684,28034
94751.435786,28035
94751.442576,28036
94751.450665,28037
94751.458402,28038
94751.464316,28039
94751.470428,28040
94751.477437,28041
94751.485271,28042
94751.493834,28043
94751.501701,28044
94751.508931,28045
94751.519396,28046
94751.526235,28047
94751.532762,28048
94751.544184,28049
94751.552097,28050
94751.560259,28051
94751.570586,28052
94751.577396,28053
94751.588717,28054
94751.594773,28055
94751.607274,28056
94751.614953,28057
94751.623992,28058
94751.629938,28059
94751.636976,28060
94751.651205,28061
94751.664310,28062
94751.675425,28063
94751.682193,28064
94751.689790,28065
94751.699607,28066
94751.709263,28067
94751.716730,28068
94751.727115,28069
94751.736208,28070
94751.743769,28071
94751.755310,28072
94751.763685,28073
94751.772055,28074
94751.780895,28075
94751.792123,28076
94751.801060,28077
94751.808755,28078
94751.819471,28079
94751.826835,28080
94751.834168,28081
94751.847495,28082
94751.860559,28083
94751.868258,28084
94751.876827,28085
94751.885228,28086
94751.901546,28087
94751.909889,28088
94751.922715,28089
94751.934211,28090
94751.942537,28091
94751.952755,28092
94751.966362,28093
94751.976039,28094
94751.993716,28095
94752.008567,28096
94752.018761,28097
94752.032178,28098
94752.045612,28099
94752.061081,28100
94752.067016,28101
94752.072560,28102
94752.077658,28103
94752.082776,28104
94752.088064,28105
94752.093894,28106
94752.099630,28107
94752.104899,28108
94752.110279,28109
94752.115934,28110
94752.121622,28111
94752.126795,28112
94752.132013,28113
94752.137068,28114
94752.143235,28115
94752.149535,28116
94752.155358,28117
94752.160697,28118
94752.165906,28119
94752.171437,28120
94752.177186,28121
94752.182324,28122
94752.188242,28123
94752.193411,28124
94752.198972,28125
94752.204864,28126
94752.210445,28127
94752.215586,28128
94752.220945,28129
94752.226607,28130
94752.232721,28131
94752.237786,28132
94752.242999,28133
94752.248555,28134
94752.254562,28135
94752.260285,28136
94752.266399,28137
94752.271570,28138
94752.277164,28139
94752.282678,28140
94752.288488,28141
94752.293659,28142
94752.301144,28143
94752.307563,28144
94752.313933,28145
94752.320400,28146
94752.327275,28147
94752.333940,28148
94752.339609,28149
94752.345510,28150
94752.352100,28151
94752.358023,28152
94752.363616,28153
94752.369360,28154
94752.375076,28155
94752.380585,28156
94752.386484,28157
94752.393460,28158
94752.400487,28159
94752.406372,28160
94752.412761,28161
94752.418365,28162
94752.423935,28163
94752.429564,28164
94752.435843,28165
94752.441868,28166
94752.448040,28167
94752.454028,28168
94752.460545,28169
94752.466225,28170
94752.472440,28171
94752.478192,28172
94752.486419,28173
94752.491580,28174
94752.498033,28175
94752.505350,28176
94752.512041,28177
94752.518968,28178
94752.524475,28179
94752.529850,28180
94752.535259,28181
94752.540909,28182
94752.546336,28183
94752.553653,28184
94752.560119,28185
94752.566414,28186
94752.572772,28187
94752.579911,28188
94752.586798,28189
94752.591981,28190
94752.597494,28191
94752.603439,28192
94752.609464,28193
94752.615962,28194
94752.622013,28195
94752.627738,28196
94752.633015,28197
94752.638108,28198
94752.643640,28199
94752.652629,28200
94752.658329,28201
94752.663824,28202
94752.669259,28203
94752.674571,28204
94752.679980,28205
94752.685283,28206
94752.690819,28207
94752.696062,28208
94752.701595,28209
94752.706870,28210
94752.712232,28211
94752.717350,28212
94752.722316,28213
94752.727577,28214
94752.733696,28215
94752.739152,28216
94752.744299,28217
94752.749429,28218
94752.754785,28219
94752.761374,28220
94752.766437,28221
94752.771539,28222
94752.776663,28223
94752.782214,28224
94752.787793,28225
94752.792747,28226
94752.797928,28227
94752.803216,28228
94752.808964,28229
94752.814465,28230
94752.819671,28231
94752.824979,28232
94752.830754,28233
94752.835793,28234
94752.840787,28235
94752.845722,28236
94752.851549,28237
94752.856740,28238
94752.861780,28239
94752.866995,28240
94752.872605,28241
94752.878159,28242
94752.883184,28243
94752.888296,28244
94752.893622,28245
94752.898806,28246
94752.903714,28247
94752.909155,28248
94752.914447,28249
94752.930504,28250
94752.937073,28251
94752.944231,28252
94752.951639,28253
94752.959066,28254
94752.964832,28255
94752.970890,28256
94752.976965,28257
94752.982723,28258
94752.988021,28259
94752.996639,28260
94753.003607,28261
94753.009430,28262
94753.014705,28263
94753.023068,28264
94753.029618,28265
94753.035306,28266
94753.040508,28267
94753.047041,28268
94753.055219,28269
94753.062296,28270
94753.067902,28271
94753.076640,28272
94753.083482,28273
94753.091058,28274
94753.096738,28275
94753.104282,28276
94753.112885,28277
94753.119205,28278
94753.124554,28279
94753.132652,28280
94753.138496,28281
94753.143871,28282
94753.151951,28283
94753.159042,28284
94753.167935,28285
94753.174347,28286
94753.184093,28287
94753.190231,28288
94753.195787,28289
94753.206457,28290
94753.215370,28291
94753.226439,28292
94753.235740,28293
94753.242064,28294
94753.247724,28295
94753.253386,28296
94753.262386,28297
94753.273510,28298
94753.283571,28299
94753.289517,28300
94753.296269,28301
94753.302079,28302
94753.307427,28303
94753.312940,28304
94753.323787,28305
94753.330053,28306
94753.341904,28307
94753.352484,28308
94753.363135,28309
94753.375741,28310
94753.385550,28311
94753.395439,28312
94753.403760,28313
94753.409967,28314
94753.421367,28315
94753.435226,28316
94753.447267,28317
94753.452771,28318
94753.458141,28319
94753.469295,28320
94753.479627,28321
94753.485649,28322
94753.498434,28323
94753.511614,28324
94753.523246,28325
94753.529216,28326
94753.541806,28327
94753.553504,28328
94753.566933,28329
94753.573756,28330
94753.578965,28331
94753.592479,28332
94753.598829,28333
94753.613785,28334
94753.625569,28335
94753.631455,28336
94753.642650,28337
94753.648574,28338
94753.659769,28339
94753.665595,28340
94753.677316,28341
94753.690189,28342
94753.703279,28343
94753.709175,28344
94753.720989,28345
94753.737211,28346
94753.750022,28347
94753.761778,28348
94753.767276,28349
94753.775960,28350
94753.781619,28351
94753.786931,28352
94753.792752,28353
94753.798421,28354
94753.805185,28355
94753.812140,28356
94753.817542,28357
94753.823989,28358
94753.831146,28359
94753.839128,28360
94753.844512,28361
94753.850784,28362
94753.856685,28363
94753.862918,28364
94753.868639,28365
94753.874281,28366
94753.881027,28367
94753.886230,28368
94753.891353,28369
94753.896452,28370
94753.902268,28371
94753.908600,28372
94753.914205,28373
94753.919400,28374
94753.924720,28375
94753.931578,28376
94753.937156,28377
94753.942626,28378
94753.947871,28379
94753.953969,28380
94753.960806,28381
94753.966654,28382
94753.971930,28383
94753.977272,28384
94753.984922,28385
94753.990390,28386
94753.998784,28387
94754.004087,28388
94754.009343,28389
94754.014871,28390
94754.021457,28391
94754.026893,28392
94754.033768,28393
94754.039119,28394
94754.046014,28395
94754.051389,28396
94754.056701,28397
94754.062103,28398
94754.067463,28399
94754.073236,28400
94754.078471,28401
94754.084212,28402
94754.089463,28403
94754.096681,28404
94754.101940,28405
94754.110005,28406
94754.117333,28407
94754.124419,28408
94754.131039,28409
94754.137414,28410
94754.143359,28411
94754.149678,28412
94754.157968,28413
94754.163689,28414
94754.169231,28415
94754.174838,28416
94754.182463,28417
94754.189746,28418
94754.195200,28419
94754.200831,28420
94754.206303,28421
94754.214538,28422
94754.223018,28423
94754.228772,28424
94754.235987,28425
94754.244427,28426
94754.252725,28427
94754.260784,28428
94754.266245,28429
94754.271557,28430
94754.279557,28431
94754.285368,28432
94754.290742,28433
94754.296857,28434
94754.303279,28435
94754.308478,28436
94754.314665,28437
94754.320304,28438
94754.325943,28439
94754.331290,28440
94754.337293,28441
94754.344380,28442
94754.349584,28443
94754.357933,28444
94754.363788,28445
94754.369210,28446
94754.375759,28447
94754.380960,28448
94754.387849,28449
94754.398665,28450
94754.406964,28451
94754.414234,28452
94754.419461,28453
94754.425004,28454
94754.430074,28455
94754.438611,28456
94754.443857,28457
94754.452452,28458
94754.458201,28459
94754.467287,28460
94754.476321,28461
94754.481618,28462
94754.488670,28463
94754.494279,28464
94754.499491,28465
94754.506702,28466
94754.512219,28467
94754.517887,28468
94754.523233,28469
94754.530539,28470
94754.537485,28471
94754.546579,28472
94754.554778,28473
94754.562454,28474
94754.568847,28475
94754.574529,28476
94754.580117,28477
94754.585578,28478
94754.590979,28479
94754.599095,28480
94754.608510,28481
94754.617966,28482
94754.625638,28483
94754.634432,28484
94754.640268,28485
94754.645937,28486
94754.651839,28487
94754.658086,28488
94754.666592,28489
94754.673706,28490
94754.682658,28491
94754.689765,28492
94754.695308,28493
94754.701556,28494
94754.709885,28495
94754.718925,28496
94754.724311,28497
94754.731946,28498
94754.741029,28499
94754.757352,28500
94754.764799,28501
94754.771280,28502
94754.778195,28503
94754.784362,28504
94754.790901,28505
94754.797634,28506
94754.804373,28507
94754.810412,28508
94754.817264,28509
94754.824016,28510
94754.831207,28511
94754.838622,28512
94754.846182,28513
94754.854448,28514
94754.861538,28515
94754.869987,28516
94754.877574,28517
94754.886230,28518
94754.893412,28519
94754.901529,28520
94754.909341,28521
94754.917169,28522
94754.925196,28523
94754.932320,28524
94754.940390,28525
94754.947321,28526
94754.954099,28527
94754.962728,28528
94754.971598,28529
94754.978401,28530
94754.986784,28531
94754.993779,28532
94755.001430,28533
94755.008744,28534
94755.017833,28535
94755.026254,28536
94755.035195,28537
94755.045662,28538
94755.054820,28539
94755.063984,28540
94755.073307,28541
94755.082741,28542
94755.090639,28543
94755.099683,28544
94755.106749,28545
94755.115333,28546
94755.124161,28547
94755.133833,28548
94755.142665,28549
94755.153880,28550
94755.163324,28551
94755.173843,28552
94755.185293,28553
94755.195841,28554
94755.207387,28555
94755.217779,28556
94755.228657,28557
94755.240238,28558
94755.249614,28559
94755.261643,28560
94755.272181,28561
94755.283143,28562
94755.295207,28563
94755.307219,28564
94755.320889,28565
94755.333105,28566
94755.345988,28567
94755.358248,28568
94755.371122,28569
94755.382898,28570
94755.395019,28571
94755.407998,28572
94755.420736,28573
94755.432998,28574
94755.445775,28575
94755.458676,28576
94755.472837,28577
94755.485440,28578
94755.498843,28579
94755.508802,28580
94755.521820,28581
94755.534293,28582
94755.549098,28583
94755.562239,28584
94755.576190,28585
94755.588681,28586
94755.602315,28587
94755.615949,28588
94755.629972,28589
94755.645046,28590
94755.657622,28591
94755.670396,28592
94755.681184,28593
94755.692346,28594
94755.705791,28595
94755.722703,28596
94755.734104,28597
94755.746564,28598
94755.758878,28599
94755.777668,28600
94755.786767,28601
94755.796054,28602
94755.806425,28603
94755.816843,28604
94755.826817,28605
94755.837975,28606
94755.847198,28607
94755.858227,28608
94755.867399,28609
94755.875803,28610
94755.884841,28611
94755.895379,28612
94755.906070,28613
94755.915770,28614
94755.928425,28615
94755.938305,28616
94755.948504,28617
94755.959223,28618
94755.970012,28619
94755.981599,28620
94755.990702,28621
94756.002268,28622
94756.012159,28623
94756.022885,28624
94756.033514,28625
94756.044474,28626
94756.054949,28627
94756.065559,28628
94756.078017,28629
94756.092750,28630
94756.106388,28631
94756.118976,28632
94756.131020,28633
94756.140135,28634
94756.149547,28635
94756.161548,28636
94756.171932,28637
94756.183167,28638
94756.193751,28639
94756.204009,28640
94756.214884,28641
94756.226530,28642
94756.236263,28643
94756.247543,28644
94756.256862,28645
94756.270037,28646
94756.281760,28647
94756.293502,28648
94756.304541,28649
94756.314081,28650
94756.325762,28651
94756.335799,28652
94756.346845,28653
94756.356773,28654
94756.368171,28655
94756.379404,28656
94756.390335,28657
94756.401668,28658
94756.414415,28659
94756.427738,28660
94756.438578,28661
94756.450048,28662
94756.461267,28663
94756.473838,28664
94756.488401,28665
94756.500530,28666
94756.511719,28667
94756.524327,28668
94756.539369,28669
94756.551816,28670
94756.562432,28671
94756.576209,28672
94756.588746,28673
94756.599558,28674
94756.611780,28675
94756.622899,28676
94756.634898,28677
94756.647042,28678
94756.657898,28679
94756.669057,28680
94756.680081,28681
94756.692303,28682
94756.705274,28683
94756.716706,28684
94756.728627,28685
94756.740970,28686
94756.752511,28687
94756.765290,28688
94756.780843,28689
94756.796588,28690
94756.809543,28691
94756.821311,28692
94756.833505,28693
94756.846943,28694
94756.858609,28695
94756.870771,28696
94756.883175,28697
94756.895021,28698
94756.905680,28699
94756.920479,28700
94756.930717,28701
94756.942046,28702
94756.952628,28703
94756.962818,28704
94756.973560,28705
94756.985632,28706
94756.995551,28707
94757.007603,28708
94757.020626,28709
94757.031018,28710
94757.042382,28711
94757.053381,28712
94757.064842,28713
94757.076178,28714
94757.088313,28715
94757.098622,28716
94757.109711,28717
94757.120647,28718
94757.130731,28719
94757.141549,28720
94757.152842,28721
94757.164316,28722
94757.175083,28723
94757.185631,28724
94757.195175,28725
94757.205846,28726
94757.216077,28727
94757.226841,28728
94757.236380,28729
94757.248255,28730
94757.258943,28731
94757.271217,28732
94757.282258,28733
94757.293268,28734
94757.304047,28735
94757.315566,28736
94757.327752,28737
94757.338722,28738
94757.349657,28739
94757.360614,28740
94757.370638,28741
94757.381505,28742
94757.394078,28743
94757.404773,28744
94757.417346,28745
94757.427732,28746
94757.439379,28747
94757.450807,28748
94757.462799,28749
94757.482250,28750
94757.489886,28751
94757.497525,28752
94757.505603,28753
94757.514724,28754
94757.523149,28755
94757.532718,28756
94757.541894,28757
94757.550703,28758
94757.559682,28759
94757.568385,28760
94757.577237,28761
94757.585960,28762
94757.595474,28763
94757.605154,28764
94757.615395,28765
94757.626532,28766
94757.638188,28767
94757.648242,28768
94757.658010,28769
94757.667660,28770
94757.676632,28771
94757.687068,28772
94757.697020,28773
94757.706741,28774
94757.717169,28775
94757.727558,28776
94757.738268,28777
94757.749785,28778
94757.761886,28779
94757.773421,28780
94757.784636,28781
94757.796683,28782
94757.809779,28783
94757.823658,28784
94757.835966,28785
94757.848357,28786
94757.861727,28787
94757.874871,28788
94757.887245,28789
94757.901318,28790
94757.914899,28791
94757.926885,28792
94757.938751,28793
94757.953304,28794
94757.964870,28795
94757.979020,28796
94757.993775,28797
94758.007133,28798
94758.020902,28799
94758.035276,28800
94758.049957,28801
94758.062916,28802
94758.077772,28803
94758.092279,28804
94758.106986,28805
94758.121412,28806
94758.135200,28807
94758.147808,28808
94758.162981,28809
94758.178753,28810
94758.195336,28811
94758.210294,28812
94758.225224,28813
94758.239442,28814
94758.256979,28815
94758.273480,28816
94758.289533,28817
94758.307731,28818
94758.325736,28819
94758.341557,28820
94758.360713,28821
94758.377797,28822
94758.395407,28823
94758.413472,28824
94758.428216,28825
94758.446260,28826
94758.462695,28827
94758.480521,28828
94758.499844,28829
94758.518825,28830
94758.536668,28831
94758.554575,28832
94758.574601,28833
94758.592076,28834
94758.611404,28835
94758.630028,28836
94758.648202,28837
94758.663392,28838
94758.682727,28839
94758.701330,28840
94758.718835,28841
94758.737820,28842
94758.757672,28843
94758.775187,28844
94758.792798,28845
94758.811243,28846
94758.831573,28847
94758.851958,28848
94758.872004,28849
94758.891432,28850
94758.903869,28851
94758.917846,28852
94758.929344,28853
94758.942862,28854
94758.957009,28855
94758.971485,28856
94758.985075,28857
94758.997709,28858
94759.011139,28859
94759.025820,28860
94759.039785,28861
94759.053969,28862
94759.068345,28863
94759.083128,28864
94759.096752,28865
94759.111321,28866
94759.124839,28867
94759.138637,28868
94759.150772,28869
94759.164070,28870
94759.178408,28871
94759.193346,28872
94759.207092,28873
94759.222200,28874
94759.236346,28875
94759.250480,28876
94759.264338,28877
94759.279259,28878
94759.293557,28879
94759.309028,28880
94759.323568,28881
94759.337416,28882
94759.350651,28883
94759.363679,28884
94759.377637,28885
94759.391252,28886
94759.404905,28887
94759.418526,28888
94759.432742,28889
94759.447842,28890
94759.463256,28891
94759.478817,28892
94759.491760,28893
94759.506828,28894
94759.521396,28895
94759.536321,28896
94759.551471,28897
94759.565294,28898
94759.579757,28899
94759.592845,28900
94759.608704,28901
94759.625050,28902
94759.639598,28903
94759.653940,28904
94759.669598,28905
94759.683638,28906
94759.700293,28907
94759.714624,28908
94759.729779,28909
94759.743221,28910
94759.758472,28911
94759.773453,28912
94759.789283,28913
94759.804749,28914
94759.818915,28915
94759.833371,28916
94759.848575,28917
94759.863906,28918
94759.879610,28919
94759.894443,28920
94759.908476,28921
94759.922273,28922
94759.937434,28923
94759.952674,28924
94759.965876,28925
94759.980795,28926
94759.994511,28927
94760.010221,28928
94760.025338,28929
94760.039440,28930
94760.054231,28931
94760.069085,28932
94760.084077,28933
94760.099110,28934
94760.114205,28935
94760.128077,28936
94760.143029,28937
94760.157455,28938
94760.172323,28939
94760.189251,28940
94760.203938,28941
94760.219517,28942
94760.234805,28943
94760.250917,28944
94760.265079,28945
94760.280358,28946
94760.295238,28947
94760.311161,28948
94760.325984,28949
94760.344846,28950
94760.359481,28951
94760.373692,28952
94760.388066,28953
94760.403262,28954
94760.419410,28955
94760.435643,28956
94760.451304,28957
94760.464328,28958
94760.479500,28959
94760.494929,28960
94760.510343,28961
94760.525911,28962
94760.541729,28963
94760.558632,28964
94760.575118,28965
94760.590348,28966
94760.606522,28967
94760.621127,28968
94760.635141,28969
94760.651719,28970
94760.665817,28971
94760.680308,28972
94760.693845,28973
94760.707292,28974
94760.723411,28975
94760.739233,28976
94760.754890,28977
94760.770323,28978
94760.786729,28979
94760.802135,28980
94760.818692,28981
94760.832916,28982
94760.848097,28983
94760.861135,28984
94760.877937,28985
94760.893025,28986
94760.908868,28987
94760.924776,28988
94760.940601,28989
94760.956217,28990
94760.971600,28991
94760.986615,28992
94761.001523,28993
94761.016009,28994
94761.029597,28995
94761.043903,28996
94761.061009,28997
94761.076759,28998
94761.091479,28999
94761.100662,29250
94761.106390,29251
94761.111593,29252
94761.116870,29253
94761.122502,29254
94761.127515,29255
94761.132519,29256
94761.137832,29257
94761.143162,29258
94761.148252,29259
94761.153284,29260
94761.158407,29261
94761.163369,29262
94761.168342,29263
94761.173580,29264
94761.178704,29265
94761.184007,29266
94761.189287,29267
94761.194265,29268
94761.199502,29269
94761.204516,29270
94761.209475,29271
94761.214559,29272
94761.220129,29273
94761.225040,29274
94761.230158,29275
94761.235207,29276
94761.240583,29277
94761.245544,29278
94761.250520,29279
94761.255974,29280
94761.261379,29281
94761.266305,29282
94761.271354,29283
94761.276713,29284
94761.282031,29285
94761.286975,29286
94761.291979,29287
94761.297357,29288
94761.302370,29289
94761.307371,29290
94761.312468,29291
94761.317761,29292
94761.323148,29293
94761.328140,29294
94761.333188,29295
94761.338388,29296
94761.343531,29297
94761.348486,29298
94761.353368,29299
94761.361463,29300
94761.366722,29301
94761.372177,29302
94761.377169,29303
94761.382121,29304
94761.389941,29305
94761.395365,29306
94761.400905,29307
94761.405877,29308
94761.410932,29309
94761.415942,29310
94761.421044,29311
94761.426122,29312
94761.431241,29313
94761.436298,29314
94761.441626,29315
94761.446674,29316
94761.451774,29317
94761.458176,29318
94761.464712,29319
94761.471153,29320
94761.478237,29321
94761.484649,29322
94761.490561,29323
94761.495588,29324
94761.500560,29325
94761.505671,29326
94761.510714,29327
94761.515677,29328
94761.520571,29329
94761.525959,29330
94761.531066,29331
94761.536143,29332
94761.541552,29333
94761.547223,29334
94761.552342,29335
94761.557362,29336
94761.562826,29337
94761.567941,29338
94761.572984,29339
94761.578216,29340
94761.583300,29341
94761.588444,29342
94761.593443,29343
94761.598652,29344
94761.603754,29345
94761.609514,29346
94761.614632,29347
94761.619695,29348
94761.625024,29349
94761.630353,29350
94761.635403,29351
94761.640362,29352
94761.645756,29353
94761.651184,29354
94761.656490,29355
94761.661625,29356
94761.667104,29357
94761.672497,29358
94761.678734,29359
94761.684059,29360
94761.689213,29361
94761.694449,29362
94761.699767,29363
94761.704886,29364
94761.710248,29365
94761.715512,29366
94761.720678,29367
94761.728618,29368
94761.734504,29369
94761.739642,29370
94761.745164,29371
94761.750460,29372
94761.755633,29373
94761.760768,29374
94761.765859,29375
94761.770930,29376
94761.776312,29377
94761.781369,29378
94761.786473,29379
94761.791710,29380
94761.797085,29381
94761.802937,29382
94761.808065,29383
94761.813744,29384
94761.819260,29385
94761.824508,29386
94761.829805,29387
94761.835070,29388
94761.840583,29389
94761.845757,29390
94761.850818,29391
94761.855921,29392
94761.860947,29393
94761.866365,29394
94761.872713,29395
94761.878111,29396
94761.883229,29397
94761.888826,29398
94761.894392,29399
94761.902511,29400
94761.908328,29401
94761.914199,29402
94761.919602,29403
94761.924685,29404
94761.931193,29405
94761.938247,29406
94761.943785,29407
94761.949408,29408
94761.954367,29409
94761.959648,29410
94761.964571,29411
94761.969715,29412
94761.974679,29413
94761.980549,29414
94761.986012,29415
94761.991519,29416
94761.997187,29417
94762.002859,29418
94762.008097,29419
94762.013998,29420
94762.019101,29421
94762.024145,29422
94762.029134,29423
94762.034338,29424
94762.039786,29425
94762.044848,29426
94762.050180,29427
94762.055696,29428
94762.061273,29429
94762.066736,29430
94762.071643,29431
94762.076581,29432
94762.082483,29433
94762.087758,29434
94762.092769,29435
94762.097903,29436
94762.103517,29437
94762.109103,29438
94762.114224,29439
94762.119326,29440
94762.124573,29441
94762.130077,29442
94762.135180,29443
94762.140184,29444
94762.145450,29445
94762.150892,29446
94762.155802,29447
94762.161021,29448
94762.167994,29449
94762.174529,29450
94762.180066,29451
94762.185699,29452
94762.190630,29453
94762.195693,29454
94762.201148,29455
94762.207025,29456
94762.212128,29457
94762.217419,29458
94762.223313,29459
94762.228453,29460
94762.234525,29461
94762.239848,29462
94762.244985,29463
94762.250390,29464
94762.256264,29465
94762.262136,29466
94762.267261,29467
94762.272224,29468
94762.277245,29469
94762.283069,29470
94762.288172,29471
94762.293291,29472
94762.298500,29473
94762.303736,29474
94762.308767,29475
94762.313898,29476
94762.318924,29477
94762.324524,29478
94762.329842,29479
94762.335009,29480
94762.340543,29481
94762.345730,29482
94762.350851,29483
94762.356164,29484
94762.361557,29485
94762.366584,29486
94762.371843,29487
94762.376966,29488
94762.382301,29489
94762.387558,29490
94762.392777,29491
94762.397913,29492
94762.403223,29493
94762.408489,29494
94762.413647,29495
94762.418882,29496
94762.424337,29497
94762.429948,29498
94762.435701,29499
94762.445397,29500
94762.450168,29501
94762.455152,29502
94762.460210,29503
94762.466693,29504
94762.472366,29505
94762.481475,29506
94762.488042,29507
94762.493296,29508
94762.498454,29509
94762.503393,29510
94762.510822,29511
94762.516984,29512
94762.522213,29513
94762.527382,29514
94762.533418,29515
94762.539551,29516
94762.545467,29517
94762.551520,29518
94762.556883,29519
94762.562324,29520
94762.567854,29521
94762.575187,29522
94762.582397,29523
94762.587913,29524
94762.592394,29525
94762.597456,29526
94762.604652,29527
94762.611471,29528
94762.617595,29529
94762.623126,29530
94762.629522,29531
94762.634430,29532
94762.639610,29533
94762.644465,29534
94762.651901,29535
94762.657987,29536
94762.664764,29537
94762.672599,29538
94762.677249,29539
94762.682288,29540
94762.688342,29541
94762.694467,29542
94762.700353,29543
94762.707315,29544
94762.714487,29545
94762.720562,29546
94762.725449,29547
94762.730978,29548
94762.738713,29549
94762.749763,29550
94762.756890,29551
94762.762496,29552
94762.767521,29553
94762.773449,29554
94762.778981,29555
94762.784732,29556
94762.790657,29557
94762.796523,29558
94762.802552,29559
94762.808688,29560
94762.814587,29561
94762.821219,29562
94762.826870,29563
94762.832754,29564
94762.838579,29565
94762.843914,29566
94762.848896,29567
94762.854961,29568
94762.860046,29569
94762.865679,29570
94762.871042,29571
94762.879581,29572
94762.885347,29573
94762.891360,29574
94762.898362,29575
94762.905520,29576
94762.912745,29577
94762.920123,29578
94762.925460,29579
94762.931450,29580
94762.936513,29581
94762.942701,29582
94762.947868,29583
94762.954188,29584
94762.961119,29585
94762.966814,29586
94762.973098,29587
94762.980214,29588
94762.987891,29589
94762.993719,29590
94763.000281,29591
94763.005902,29592
94763.010723,29593
94763.015888,29594
94763.020788,29595
94763.028546,29596
94763.033666,29597
94763.038595,29598
94763.043410,29599
94763.049546,29600
94763.054726,29601
94763.060264,29602
94763.065358,29603
94763.071199,29604
94763.079013,29605
94763.085601,29606
94763.091764,29607
94763.098577,29608
94763.104378,29609
94763.112903,29610
94763.118558,29611
94763.124524,29612
94763.131490,29613
94763.137902,29614
94763.144553,29615
94763.149742,29616
94763.154915,29617
94763.161530,29618
94763.167041,29619
94763.174356,29620
94763.179310,29621
94763.184033,29622
94763.190866,29623
94763.196481,29624
94763.201759,29625
94763.208808,29626
94763.214838,29627
94763.220622,29628
94763.225627,29629
94763.232702,29630
94763.238206,29631
94763.244872,29632
94763.249682,29633
94763.255482,29634
94763.262304,29635
94763.267368,29636
94763.272382,29637
94763.277872,29638
94763.282962,29639
94763.290839,29640
94763.297367,29641
94763.302227,29642
94763.309815,29643
94763.315683,29644
94763.324642,29645
94763.332557,29646
94763.340473,29647
94763.347821,29648
94763.355691,29649
94763.366403,29650
94763.371390,29651
94763.376693,29652
94763.381563,29653
94763.386460,29654
94763.391625,29655
94763.397560,29656
94763.404135,29657
94763.408928,29658
94763.414358,29659
94763.418906,29660
94763.423702,29661
94763.428921,29662
94763.433721,29663
94763.438816,29664
94763.444588,29665
94763.451594,29666
94763.456955,29667
94763.464673,29668
94763.474418,29669
94763.479656,29670
94763.486757,29671
94763.491728,29672
94763.498759,29673
94763.503497,29674
94763.508578,29675
94763.515305,29676
94763.520411,29677
94763.525163,29678
94763.530169,29679
94763.535163,29680
94763.542940,29681
94763.548244,29682
94763.555049,29683
94763.560909,29684
94763.566267,29685
94763.571734,29686
94763.577446,29687
94763.582443,29688
94763.590943,29689
94763.597976,29690
94763.606395,29691
94763.612229,29692
94763.617891,29693
94763.626652,29694
94763.633258,29695
94763.638733,29696
94763.644432,29697
94763.649609,29698
94763.655214,29699
94763.662974,29700
94763.668542,29701
94763.675270,29702
94763.681105,29703
94763.687587,29704
94763.693540,29705
94763.698250,29706
94763.706853,29707
94763.711872,29708
94763.717060,29709
94763.722703,29710
94763.728665,29711
94763.734909,29712
94763.739987,29713
94763.745485,29714
94763.755444,29715
94763.760483,29716
94763.767664,29717
94763.775688,29718
94763.781679,29719
94763.788355,29720
94763.797015,29721
94763.802739,29722
94763.811011,29723
94763.817367,29724
94763.824841,29725
94763.833243,29726
94763.839319,29727
94763.848724,29728
94763.854517,29729
94763.861621,29730
94763.869088,29731
94763.876713,29732
94763.882196,29733
94763.889746,29734
94763.895714,29735
94763.901023,29736
94763.906284,29737
94763.914979,29738
94763.922281,29739
94763.927142,29740
94763.933818,29741
94763.939161,29742
94763.946570,29743
94763.952537,29744
94763.960312,29745
94763.965804,29746
94763.973479,29747
94763.981365,29748
94763.988990,29749
94764.002391,29750
94764.010595,29751
94764.018813,29752
94764.028999,29753
94764.037447,29754
94764.045698,29755
94764.055336,29756
94764.064504,29757
94764.075160,29758
94764.085671,29759
94764.094422,29760
94764.103819,29761
94764.113430,29762
94764.123817,29763
94764.133545,29764
94764.142863,29765
94764.155245,29766
94764.167335,29767
94764.179131,29768
94764.189514,29769
94764.199938,29770
94764.210752,29771
94764.221254,29772
94764.231693,29773
94764.242288,29774
94764.252596,29775
94764.262186,29776
94764.272277,29777
94764.281775,29778
94764.290775,29779
94764.300693,29780
94764.309943,29781
94764.321074,29782
94764.330445,29783
94764.342509,29784
94764.352701,29785
94764.361859,29786
94764.371324,29787
94764.382808,29788
94764.391630,29789
94764.402056,29790
94764.410517,29791
94764.420237,29792
94764.427737,29793
94764.437273,29794
94764.448681,29795
94764.457903,29796
94764.468098,29797
94764.476608,29798
94764.487204,29799
94764.499538,29800
94764.508075,29801
94764.517787,29802
94764.527893,29803
94764.537908,29804
94764.547101,29805
94764.557293,29806
94764.565673,29807
94764.576399,29808
94764.586595,29809
94764.595868,29810
94764.606134,29811
94764.615798,29812
94764.625334,29813
94764.634745,29814
94764.645422,29815
94764.654446,29816
94764.664898,29817
94764.674014,29818
94764.683943,29819
94764.691933,29820
94764.701739,29821
94764.709988,29822
94764.717840,29823
94764.725742,29824
94764.736343,29825
94764.746653,29826
94764.757173,29827
94764.766539,29828
94764.774865,29829
94764.785479,29830
94764.795375,29831
94764.806035,29832
94764.815310,29833
94764.824988,29834
94764.834422,29835
94764.845385,29836
94764.854184,29837
94764.864348,29838
94764.873384,29839
94764.882629,29840
94764.892295,29841
94764.900593,29842
94764.910279,29843
94764.918867,29844
94764.927724,29845
94764.935780,29846
94764.945632,29847
94764.954354,29848
94764.964364,29849
94764.973262,29850
94764.982482,29851
94764.991263,29852
94765.000551,29853
94765.012272,29854
94765.024766,29855
94765.037289,29856
94765.047029,29857
94765.056575,29858
94765.066259,29859
94765.074562,29860
94765.083654,29861
94765.093396,29862
94765.103430,29863
94765.112673,29864
94765.124486,29865
94765.133687,29866
94765.142381,29867
94765.151564,29868
94765.161628,29869
94765.170099,29870
94765.179565,29871
94765.189633,29872
94765.200276,29873
94765.210231,29874
94765.219884,29875
94765.229269,29876
94765.239308,29877
94765.248900,29878
94765.259794,29879
94765.267575,29880
94765.278265,29881
94765.286830,29882
94765.297352,29883
94765.306329,29884
94765.316621,29885
94765.326756,29886
94765.336377,29887
94765.345330,29888
94765.355981,29889
94765.365067,29890
94765.375569,29891
94765.385033,29892
94765.396486,29893
94765.405219,29894
94765.416353,29895
94765.425902,29896
94765.435023,29897
94765.445717,29898
94765.456467,29899
94765.469700,29900
94765.478382,29901
94765.488072,29902
94765.498496,29903
94765.508388,29904
94765.519430,29905
94765.529262,29906
94765.539428,29907
94765.549701,29908
94765.560834,29909
94765.569836,29910
94765.578720,29911
94765.587647,29912
94765.597182,29913
94765.606476,29914
94765.616742,29915
94765.626848,29916
94765.635087,29917
94765.643930,29918
94765.656049,29919
94765.665445,29920
94765.674795,29921
94765.685990,29922
94765.697982,29923
94765.707796,29924
94765.716786,29925
94765.725952,29926
94765.735027,29927
94765.744210,29928
94765.755208,29929
94765.765769,29930
94765.774539,29931
94765.782143,29932
94765.792094,29933
94765.801388,29934
94765.810672,29935
94765.819983,29936
94765.831741,29937
94765.841877,29938
94765.852325,29939
94765.863132,29940
94765.873037,29941
94765.883952,29942
94765.892839,29943
94765.903244,29944
94765.912429,29945
94765.920942,29946
94765.931788,29947
94765.941477,29948
94765.952222,29949
94765.961345,29950
94765.971595,29951
94765.981255,29952
94765.990444,29953
94766.000638,29954
94766.009964,29955
94766.019555,29956
94766.029091,29957
94766.039573,29958
94766.049956,29959
94766.059580,29960
94766.069149,29961
94766.077840,29962
94766.086948,29963
94766.096812,29964
94766.105617,29965
94766.115269,29966
94766.125918,29967
94766.135065,29968
94766.146937,29969
94766.159202,29970
94766.169680,29971
94766.178456,29972
94766.187918,29973
94766.198428,29974
94766.208198,29975
94766.217389,29976
94766.226827,29977
94766.236740,29978
94766.246451,29979
94766.256253,29980
94766.265967,29981
94766.277658,29982
94766.288776,29983
94766.297950,29984
94766.307485,29985
94766.317011,29986
94766.328570,29987
94766.337701,29988
94766.348362,29989
94766.359868,29990
94766.369911,29991
94766.381905,29992
94766.391759,29993
94766.402233,29994
94766.412259,29995
94766.421592,29996
94766.431456,29997
94766.442587,29998
94766.452964,29999
94766.469013,30000
94766.479977,30001
94766.492048,30002
94766.504356,30003
94766.517554,30004
94766.528392,30005
94766.542649,30006
94766.556680,30007
94766.568837,30008
94766.580893,30009
94766.592925,30010
94766.604677,30011
94766.616435,30012
94766.628817,30013
94766.640421,30014
94766.650997,30015
94766.663968,30016
94766.676241,30017
94766.688081,30018
94766.700506,30019
94766.712694,30020
94766.723465,30021
94766.736442,30022
94766.747685,30023
94766.759490,30024
94766.772039,30025
94766.784873,30026
94766.798688,30027
94766.810854,30028
94766.822365,30029
94766.834243,30030
94766.845691,30031
94766.857649,30032
94766.868956,30033
94766.881728,30034
94766.894285,30035
94766.907103,30036
94766.920070,30037
94766.931409,30038
94766.942677,30039
94766.956634,30040
94766.968248,30041
94766.981238,30042
94766.993482,30043
94767.007248,30044
94767.020886,30045
94767.035461,30046
94767.046029,30047
94767.057896,30048
94767.071454,30049
94767.088426,30050
94767.100251,30051
94767.112438,30052
94767.124027,30053
94767.136428,30054
94767.148353,30055
94767.159253,30056
94767.171058,30057
94767.183062,30058
94767.196299,30059
94767.207686,30060
94767.219853,30061
94767.231860,30062
94767.243723,30063
94767.255365,30064
94767.267424,30065
94767.279196,30066
94767.292666,30067
94767.304967,30068
94767.318693,30069
94767.332775,30070
94767.344294,30071
94767.357520,30072
94767.369770,30073
94767.381481,30074
94767.393613,30075
94767.405790,30076
94767.417614,30077
94767.429133,30078
94767.444060,30079
94767.457132,30080
94767.470058,30081
94767.483673,30082
94767.496779,30083
94767.510999,30084
94767.524497,30085
94767.537725,30086
94767.548738,30087
94767.559964,30088
94767.571997,30089
94767.585860,30090
94767.600827,30091
94767.612069,30092
94767.623696,30093
94767.635762,30094
94767.647058,30095
94767.659756,30096
94767.671802,30097
94767.683833,30098
94767.696950,30099
94767.708747,30100
94767.720952,30101
94767.735618,30102
94767.747140,30103
94767.761431,30104
94767.775112,30105
94767.787615,30106
94767.799436,30107
94767.811802,30108
94767.824977,30109
94767.837831,30110
94767.852547,30111
94767.866442,30112
94767.881837,30113
94767.897922,30114
94767.911531,30115
94767.924118,30116
94767.938833,30117
94767.951997,30118
94767.965635,30119
94767.978183,30120
94767.992026,30121
94768.005751,30122
94768.018345,30123
94768.030320,30124
94768.044269,30125
94768.059404,30126
94768.070778,30127
94768.084349,30128
94768.097597,30129
94768.111737,30130
94768.125944,30131
94768.140347,30132
94768.153288,30133
94768.165499,30134
94768.177798,30135
94768.191864,30136
94768.204115,30137
94768.218031,30138
94768.231356,30139
94768.243770,30140
94768.256620,30141
94768.270088,30142
94768.281830,30143
94768.294825,30144
94768.308051,30145
94768.320062,30146
94768.331703,30147
94768.346357,30148
94768.358497,30149
94768.376524,30150
94768.388896,30151
94768.402765,30152
94768.414508,30153
94768.425181,30154
94768.437959,30155
94768.448288,30156
94768.460190,30157
94768.471946,30158
94768.484043,30159
94768.496836,30160
94768.509286,30161
94768.520765,30162
94768.533572,30163
94768.547731,30164
94768.559289,30165
94768.572377,30166
94768.585782,30167
94768.598991,30168
94768.610981,30169
94768.624524,30170
94768.638270,30171
94768.650480,30172
94768.665590,30173
94768.679584,30174
94768.691727,30175
94768.705564,30176
94768.720839,30177
94768.735927,30178
94768.748751,30179
94768.761383,30180
94768.774031,30181
94768.787739,30182
94768.803411,30183
94768.815836,30184
94768.829297,30185
94768.841221,30186
94768.856338,30187
94768.868629,30188
94768.881908,30189
94768.895714,30190
94768.909415,30191
94768.924092,30192
94768.936425,30193
94768.951331,30194
94768.965004,30195
94768.978736,30196
94768.991948,30197
94769.006121,30198
94769.019445,30199
94769.032608,30200
94769.045623,30201
94769.058811,30202
94769.072357,30203
94769.083982,30204
94769.096137,30205
94769.109361,30206
94769.122479,30207
94769.134856,30208
94769.148508,30209
94769.162678,30210
94769.174974,30211
94769.189036,30212
94769.200951,30213
94769.212917,30214
94769.225512,30215
94769.237745,30216
94769.253082,30217
94769.266090,30218
94769.277857,30219
94769.290958,30220
94769.306047,30221
94769.318479,30222
94769.332746,30223
94769.346551,30224
94769.361124,30225
94769.372200,30226
94769.384625,30227
94769.398592,30228
94769.412995,30229
94769.424784,30230
94769.437433,30231
94769.448629,30232
94769.462864,30233
94769.475872,30234
94769.490038,30235
94769.502467,30236
94769.515678,30237
94769.529644,30238
94769.542530,30239
94769.555787,30240
94769.569364,30241
94769.582024,30242
94769.595988,30243
94769.610808,30244
94769.624195,30245
94769.636862,30246
94769.650699,30247
94769.663674,30248
94769.677507,30249
94769.686435,30250
94769.691941,30251
94769.697248,30252
94769.702484,30253
94769.707760,30254
94769.712902,30255
94769.719085,30256
94769.724445,30257
94769.729645,30258
94769.735119,30259
94769.740302,30260
94769.745517,30261
94769.750896,30262
94769.756248,30263
94769.761610,30264
94769.766784,30265
94769.772010,30266
94769.777351,30267
94769.783118,30268
94769.788530,30269
94769.793972,30270
94769.799449,30271
94769.804703,30272
94769.810262,30273
94769.815799,30274
94769.821031,30275
94769.826251,30276
94769.831702,30277
94769.837457,30278
94769.842749,30279
94769.848022,30280
94769.853695,30281
94769.858702,30282
94769.863900,30283
94769.869305,30284
94769.874784,30285
94769.880835,30286
94769.890237,30287
94769.900348,30288
94769.909626,30289
94769.919237,30290
94769.928049,30291
94769.936485,30292
94769.942334,30293
94769.948435,30294
94769.953842,30295
94769.959057,30296
94769.964520,30297
94769.969875,30298
94769.975045,30299
94769.982912,30300
94769.988778,30301
94769.994507,30302
94769.999858,30303
94770.005819,30304
94770.011318,30305
94770.016689,30306
94770.022202,30307
94770.027458,30308
94770.032910,30309
94770.038720,30310
94770.044519,30311
94770.050127,30312
94770.055663,30313
94770.061750,30314
94770.067255,30315
94770.073833,30316
94770.079048,30317
94770.084207,30318
94770.089718,30319
94770.095713,30320
94770.101557,30321
94770.106836,30322
94770.112377,30323
94770.117498,30324
94770.122621,30325
94770.128075,30326
94770.135459,30327
94770.140942,30328
94770.146400,30329
94770.151901,30330
94770.157181,30331
94770.162586,30332
94770.167898,30333
94770.173074,30334
94770.178372,30335
94770.184629,30336
94770.190514,30337
94770.196636,30338
94770.201941,30339
94770.207476,30340
94770.212823,30341
94770.218317,30342
94770.223631,30343
94770.229145,30344
94770.235150,30345
94770.240896,30346
94770.246490,30347
94770.252060,30348
94770.257893,30349
94770.263262,30350
94770.268753,30351
94770.274206,30352
94770.279805,30353
94770.285300,30354
94770.290790,30355
94770.296300,30356
94770.301793,30357
94770.307434,30358
94770.313103,30359
94770.318880,30360
94770.324474,30361
94770.329705,30362
94770.335433,30363
94770.340552,30364
94770.346125,30365
94770.351338,30366
94770.356478,30367
94770.361475,30368
94770.367175,30369
94770.372212,30370
94770.377400,30371
94770.382635,30372
94770.388538,30373
94770.393507,30374
94770.398516,30375
94770.403583,30376
94770.408851,30377
94770.413917,30378
94770.419070,30379
94770.424382,30380
94770.430018,30381
94770.435018,30382
94770.440202,30383
94770.445484,30384
94770.451286,30385
94770.456838,30386
94770.462449,30387
94770.467547,30388
94770.472695,30389
94770.478130,30390
94770.486164,30391
94770.491547,30392
94770.496877,30393
94770.502456,30394
94770.507504,30395
94770.512808,30396
94770.518098,30397
94770.523316,30398
94770.528487,30399
94770.538190,30400
94770.543429,30401
94770.548646,30402
94770.553967,30403
94770.559799,30404
94770.565183,30405
94770.570269,30406
94770.575562,30407
94770.581075,30408
94770.586569,30409
94770.593917,30410
94770.599098,30411
94770.604340,30412
94770.610140,30413
94770.615794,30414
94770.621122,30415
94770.626312,30416
94770.631445,30417
94770.637340,30418
94770.642819,30419
94770.647981,30420
94770.653282,30421
94770.658748,30422
94770.663742,30423
94770.669045,30424
94770.678888,30425
94770.684458,30426
94770.689759,30427
94770.695118,30428
94770.700816,30429
94770.706110,30430
94770.711361,30431
94770.716498,30432
94770.721789,30433
94770.726952,30434
94770.733582,30435
94770.739195,30436
94770.744449,30437
94770.749654,30438
94770.755058,30439
94770.760643,30440
94770.765944,30441
94770.771356,30442
94770.776570,30443
94770.781893,30444
94770.787026,30445
94770.792432,30446
94770.800947,30447
94770.806633,30448
94770.812109,30449
94770.817183,30450
94770.823154,30451
94770.828234,30452
94770.833214,30453
94770.838639,30454
94770.844225,30455
94770.849421,30456
94770.854605,30457
94770.860083,30458
94770.865266,30459
94770.871097,30460
94770.876559,30461
94770.881706,30462
94770.886685,30463
94770.892153,30464
94770.897419,30465
94770.903064,30466
94770.908777,30467
94770.914087,30468
94770.920482,30469
94770.925481,30470
94770.930995,30471
94770.936718,30472
94770.942080,30473
94770.947126,30474
94770.952472,30475
94770.957993,30476
94770.963302,30477
94770.968764,30478
94770.973834,30479
94770.979191,30480
94770.984797,30481
94770.990097,30482
94770.995365,30483
94771.000658,30484
94771.006818,30485
94771.012678,30486
94771.018162,30487
94771.023945,30488
94771.029544,30489
94771.035205,30490
94771.041775,30491
94771.048307,30492
94771.054696,30493
94771.060652,30494
94771.068409,30495
94771.074262,30496
94771.081268,30497
94771.087351,30498
94771.093101,30499
94771.102553,30500
94771.110831,30501
94771.115870,30502
94771.122710,30503
94771.131130,30504
94771.138233,30505
94771.143507,30506
94771.148493,30507
94771.155563,30508
94771.160751,30509
94771.168547,30510
94771.174253,30511
94771.182533,30512
94771.188370,30513
94771.193787,30514
94771.199040,30515
94771.208446,30516
94771.216966,30517
94771.222045,30518
94771.227351,30519
94771.232604,30520
94771.237803,30521
94771.242993,30522
94771.250863,30523
94771.256670,30524
94771.262115,30525
94771.269627,30526
94771.274884,30527
94771.281182,30528
94771.289446,30529
94771.295643,30530
94771.302466,30531
94771.310293,30532
94771.318981,30533
94771.326489,30534
94771.333662,30535
94771.339535,30536
94771.344660,30537
94771.351971,30538
94771.356954,30539
94771.362232,30540
94771.369419,30541
94771.377938,30542
94771.383661,30543
94771.388926,30544
94771.396326,30545
94771.403943,30546
94771.411009,30547
94771.419435,30548
94771.424993,30549
94771.432666,30550
94771.440120,30551
94771.446459,30552
94771.453536,30553
94771.463627,30554
94771.469119,30555
94771.477223,30556
94771.485678,30557
94771.491270,30558
94771.498021,30559
94771.503553,30560
94771.508400,30561
94771.513889,30562
94771.520159,30563
94771.527418,30564
94771.532544,30565
94771.541640,30566
94771.552092,30567
94771.561693,30568
94771.571421,30569
94771.580322,30570
94771.590403,30571
94771.597079,30572
94771.605468,30573
94771.614537,30574
94771.622934,30575
94771.628903,30576
94771.635746,30577
94771.642960,30578
94771.647927,30579
94771.655620,30580
94771.661089,30581
94771.667301,30582
94771.672904,30583
94771.678260,30584
94771.684584,30585
94771.689920,30586
94771.695787,30587
94771.703470,30588
94771.711696,30589
94771.719429,30590
94771.724765,30591
94771.733524,30592
94771.739205,30593
94771.746662,30594
94771.751675,30595
94771.758501,30596
94771.766468,30597
94771.773359,30598
94771.781772,30599
94771.787436,30600
94771.792404,30601
94771.798064,30602
94771.805706,30603
94771.814192,30604
94771.819146,30605
94771.828301,30606
94771.833607,30607
94771.840144,30608
94771.845189,30609
94771.851030,30610
94771.856595,30611
94771.863857,30612
94771.871471,30613
94771.881386,30614
94771.886805,30615
94771.895644,30616
94771.900743,30617
94771.909611,30618
94771.917613,30619
94771.923323,30620
94771.931199,30621
94771.940287,30622
94771.945535,30623
94771.952400,30624
94771.959321,30625
94771.965190,30626
94771.971321,30627
94771.978818,30628
94771.983767,30629
94771.989208,30630
94771.994852,30631
94772.002749,30632
94772.009288,30633
94772.015450,30634
94772.020379,30635
94772.025886,30636
94772.030791,30637
94772.040588,30638
94772.048931,30639
94772.054636,30640
94772.059537,30641
94772.065327,30642
94772.070789,30643
94772.076228,30644
94772.081879,30645
94772.087484,30646
94772.094768,30647
94772.101821,30648
94772.108794,30649
94772.118521,30650
94772.125953,30651
94772.131473,30652
94772.140464,30653
94772.145993,30654
94772.152573,30655
94772.157873,30656
94772.163941,30657
94772.169407,30658
94772.176320,30659
94772.182334,30660
94772.187189,30661
94772.195272,30662
94772.200449,30663
94772.205534,30664
94772.210435,30665
94772.216087,30666
94772.221335,30667
94772.228900,30668
94772.234302,30669
94772.239991,30670
94772.247486,30671
94772.254625,30672
94772.261197,30673
94772.266976,30674
94772.273936,30675
94772.279182,30676
94772.284089,30677
94772.293134,30678
94772.298184,30679
94772.304420,30680
94772.309646,30681
94772.315330,30682
94772.320320,30683
94772.325807,30684
94772.332767,30685
94772.340223,30686
94772.345072,30687
94772.351677,30688
94772.358276,30689
94772.365630,30690
94772.374910,30691
94772.384197,30692
94772.389733,30693
94772.396084,30694
94772.401163,30695
94772.406852,30696
94772.411771,30697
94772.418186,30698
94772.423289,30699
94772.430711,30700
94772.437984,30701
94772.444203,30702
94772.449199,30703
94772.454763,30704
94772.459593,30705
94772.465057,30706
94772.473533,30707
94772.483042,30708
94772.488766,30709
94772.496293,30710
94772.501372,30711
94772.509036,30712
94772.517060,30713
94772.522877,30714
94772.527835,30715
94772.533053,30716
94772.538658,30717
94772.543754,30718
94772.548576,30719
94772.555810,30720
94772.564641,30721
94772.572474,30722
94772.578377,30723
94772.584675,30724
94772.590835,30725
94772.596953,30726
94772.602586,30727
94772.610495,30728
94772.615855,30729
94772.621557,30730
94772.629496,30731
94772.635223,30732
94772.644236,30733
94772.650857,30734
94772.658878,30735
94772.664437,30736
94772.669369,30737
94772.675182,30738
94772.682207,30739
94772.688006,30740
94772.695892,30741
94772.701262,30742
94772.706136,30743
94772.711354,30744
94772.719138,30745
94772.728237,30746
94772.733445,30747
94772.741290,30748
94772.746414,30749
94772.760329,30750
94772.768858,30751
94772.780406,30752
94772.790541,30753
94772.800422,30754
94772.809827,30755
94772.819672,30756
94772.830963,30757
94772.840722,30758
94772.851932,30759
94772.862875,30760
94772.874733,30761
94772.884835,30762
94772.895106,30763
94772.905917,30764
94772.916449,30765
94772.927727,30766
94772.938711,30767
94772.948411,30768
94772.960265,30769
94772.969597,30770
94772.978784,30771
94772.987279,30772
94772.996651,30773
94773.007397,30774
94773.018021,30775
94773.028483,30776
94773.037799,30777
94773.047934,30778
94773.060248,30779
94773.070333,30780
94773.081867,30781
94773.092445,30782
94773.101858,30783
94773.111290,30784
94773.120888,30785
94773.131259,30786
94773.141824,30787
94773.152293,30788
94773.161973,30789
94773.174340,30790
94773.186541,30791
94773.197341,30792
94773.208047,30793
94773.219963,30794
94773.231353,30795
94773.244953,30796
94773.256124,30797
94773.268811,30798
94773.278955,30799
94773.292845,30800
94773.303745,30801
94773.313569,30802
94773.322203,30803
94773.334374,30804
94773.346677,30805
94773.357626,30806
94773.369138,30807
94773.381076,30808
94773.392201,30809
94773.401196,30810
94773.411388,30811
94773.420487,30812
94773.431411,30813
94773.442310,30814
94773.452333,30815
94773.461843,30816
94773.473333,30817
94773.484019,30818
94773.496401,30819
94773.508232,30820
94773.518358,30821
94773.528654,30822
94773.539039,30823
94773.548548,30824
94773.559145,30825
94773.570772,30826
94773.580542,30827
94773.591565,30828
94773.600156,30829
94773.611084,30830
94773.622790,30831
94773.633903,30832
94773.645102,30833
94773.655913,30834
94773.666037,30835
94773.675688,30836
94773.686817,30837
94773.696569,30838
94773.705888,30839
94773.717049,30840
94773.726596,30841
94773.738242,30842
94773.747863,30843
94773.758148,30844
94773.767238,30845
94773.777598,30846
94773.786854,30847
94773.797767,30848
94773.807287,30849
94773.817489,30850
94773.829357,30851
94773.839750,30852
94773.850056,30853
94773.859472,30854
94773.870576,30855
94773.880359,30856
94773.891641,30857
94773.902683,30858
94773.913876,30859
94773.924294,30860
94773.935471,30861
94773.945048,30862
94773.956085,30863
94773.968076,30864
94773.979420,30865
94773.990421,30866
94774.001595,30867
94774.012386,30868
94774.024403,30869
94774.036012,30870
94774.046528,30871
94774.056195,30872
94774.068768,30873
94774.078716,30874
94774.088432,30875
94774.100478,30876
94774.111211,30877
94774.121755,30878
94774.131638,30879
94774.143363,30880
94774.154056,30881
94774.166280,30882
94774.175939,30883
94774.188409,30884
94774.199070,30885
94774.210204,30886
94774.218959,30887
94774.229086,30888
94774.239700,30889
94774.249752,30890
94774.259731,30891
94774.270708,30892
94774.281094,30893
94774.291660,30894
94774.303913,30895
94774.314243,30896
94774.323550,30897
94774.335666,30898
94774.345792,30899
94774.357640,30900
94774.365871,30901
94774.374587,30902
94774.383682,30903
94774.394406,30904
94774.404576,30905
94774.414832,30906
94774.425977,30907
94774.436788,30908
94774.445574,30909
94774.456609,30910
94774.467240,30911
94774.476578,30912
94774.485832,30913
94774.495673,30914
94774.505926,30915
94774.515292,30916
94774.525286,30917
94774.534852,30918
94774.544950,30919
94774.555083,30920
94774.565522,30921
94774.575912,30922
94774.585288,30923
94774.594922,30924
94774.604138,30925
94774.614122,30926
94774.623958,30927
94774.634203,30928
94774.643981,30929
94774.654268,30930
94774.664177,30931
94774.675924,30932
94774.685200,30933
94774.695437,30934
94774.705148,30935
94774.715105,30936
94774.724126,30937
94774.735015,30938
94774.744435,30939
94774.754743,30940
94774.764369,30941
94774.773164,30942
94774.782468,30943
94774.794216,30944
94774.804657,30945
94774.814876,30946
94774.823993,30947
94774.834538,30948
94774.843639,30949
94774.853702,30950
94774.864045,30951
94774.875044,30952
94774.886424,30953
94774.896661,30954
94774.906446,30955
94774.916404,30956
94774.926618,30957
94774.938324,30958
94774.949694,30959
94774.960895,30960
94774.971153,30961
94774.982866,30962
94774.993455,30963
94775.005024,30964
94775.015701,30965
94775.026082,30966
94775.036303,30967
94775.047239,30968
94775.057891,30969
94775.067796,30970
94775.079254,30971
94775.089987,30972
94775.099631,30973
94775.111327,30974
94775.122480,30975
94775.134293,30976
94775.145694,30977
94775.158255,30978
94775.169717,30979
94775.179750,30980
94775.191227,30981
94775.200889,30982
94775.210919,30983
94775.220672,30984
94775.230759,30985
94775.242395,30986
94775.253625,30987
94775.264621,30988
94775.276011,30989
94775.286028,30990
94775.297169,30991
94775.308909,30992
94775.319521,30993
94775.331346,30994
94775.342364,30995
94775.352515,30996
94775.364482,30997
94775.375435,30998
94775.386270,30999
94775.404612,31000
94775.418857,31001
94775.433068,31002
94775.447253,31003
94775.461861,31004
94775.476475,31005
94775.491823,31006
94775.509355,31007
94775.523237,31008
94775.538337,31009
94775.550991,31010
94775.566075,31011
94775.581690,31012
94775.596275,31013
94775.611091,31014
94775.625045,31015
94775.640115,31016
94775.655901,31017
94775.671301,31018
94775.687007,31019
94775.702231,31020
94775.717022,31021
94775.733771,31022
94775.748446,31023
94775.763252,31024
94775.777746,31025
94775.792612,31026
94775.807307,31027
94775.822073,31028
94775.837309,31029
94775.850443,31030
94775.866707,31031
94775.881378,31032
94775.896464,31033
94775.911397,31034
94775.926914,31035
94775.943409,31036
94775.959217,31037
94775.974483,31038
94775.990776,31039
94776.007126,31040
94776.021737,31041
94776.038273,31042
94776.053271,31043
94776.069847,31044
94776.085446,31045
94776.101211,31046
94776.114843,31047
94776.132672,31048
94776.151478,31049
94776.169815,31050
94776.183593,31051
94776.196305,31052
94776.210231,31053
94776.223990,31054
94776.239250,31055
94776.253927,31056
94776.268234,31057
94776.283396,31058
94776.295488,31059
94776.308943,31060
94776.323419,31061
94776.337291,31062
94776.350304,31063
94776.365051,31064
94776.379800,31065
94776.394768,31066
94776.409364,31067
94776.425508,31068
94776.439816,31069
94776.455320,31070
94776.470861,31071
94776.484643,31072
94776.497351,31073
94776.511595,31074
94776.525525,31075
94776.540976,31076
94776.555441,31077
94776.571344,31078
94776.587368,31079
94776.602180,31080
94776.617089,31081
94776.632696,31082
94776.646691,31083
94776.663115,31084
94776.677679,31085
94776.692512,31086
94776.706197,31087
94776.721258,31088
94776.736237,31089
94776.751748,31090
94776.766576,31091
94776.781214,31092
94776.795259,31093
94776.810786,31094
94776.826254,31095
94776.841926,31096
94776.856281,31097
94776.870819,31098
94776.885666,31099
94776.901053,31100
94776.916494,31101
94776.933107,31102
94776.945434,31103
94776.961190,31104
94776.974857,31105
94776.989358,31106
94777.002914,31107
94777.017405,31108
94777.031401,31109
94777.046913,31110
94777.061027,31111
94777.074556,31112
94777.088697,31113
94777.102899,31114
94777.117551,31115
94777.132753,31116
94777.147924,31117
94777.161469,31118
94777.176874,31119
94777.190197,31120
94777.204919,31121
94777.219016,31122
94777.233505,31123
94777.248269,31124
94777.261772,31125
94777.278457,31126
94777.291949,31127
94777.307721,31128
94777.322950,31129
94777.338863,31130
94777.354646,31131
94777.368528,31132
94777.386207,31133
94777.401715,31134
94777.415863,31135
94777.431255,31136
94777.446883,31137
94777.460719,31138
94777.476503,31139
94777.492649,31140
94777.509225,31141
94777.525648,31142
94777.540624,31143
94777.555926,31144
94777.570270,31145
94777.585345,31146
94777.601110,31147
94777.616271,31148
94777.630439,31149
94777.647257,31150
94777.662673,31151
94777.676518,31152
94777.691498,31153
94777.706118,31154
94777.720137,31155
94777.733362,31156
94777.748423,31157
94777.764137,31158
94777.778467,31159
94777.792723,31160
94777.806393,31161
94777.821477,31162
94777.837330,31163
94777.852610,31164
94777.867736,31165
94777.883826,31166
94777.899279,31167
94777.913303,31168
94777.929028,31169
94777.943249,31170
94777.958512,31171
94777.973843,31172
94777.987268,31173
94778.002404,31174
94778.016591,31175
94778.031508,31176
94778.046961,31177
94778.062754,31178
94778.079993,31179
94778.095133,31180
94778.111394,31181
94778.126029,31182
94778.141211,31183
94778.155287,31184
94778.170246,31185
94778.184413,31186
94778.200989,31187
94778.216371,31188
94778.234690,31189
94778.248754,31190
94778.264412,31191
94778.278287,31192
94778.294299,31193
94778.306627,31194
94778.322515,31195
94778.337309,31196
94778.353854,31197
94778.369165,31198
94778.382217,31199
94778.395656,31200
94778.410243,31201
94778.424039,31202
94778.438349,31203
94778.453827,31204
94778.469303,31205
94778.485282,31206
94778.499789,31207
94778.514268,31208
94778.529915,31209
94778.544486,31210
94778.561045,31211
94778.577429,31212
94778.592929,31213
94778.609884,31214
94778.626317,31215
94778.641910,31216
94778.657495,31217
94778.672684,31218
94778.689054,31219
94778.704412,31220
94778.720410,31221
94778.735326,31222
94778.749835,31223
94778.764662,31224
94778.781618,31225
94778.796849,31226
94778.812494,31227
94778.827721,31228
94778.844267,31229
94778.860223,31230
94778.876803,31231
94778.892583,31232
94778.909196,31233
94778.923804,31234
94778.939524,31235
94778.953815,31236
94778.971797,31237
94778.986996,31238
94779.003113,31239
94779.018139,31240
94779.035267,31241
94779.050847,31242
94779.065253,31243
94779.080547,31244
94779.094878,31245
94779.111081,31246
94779.126354,31247
94779.145238,31248
94779.160369,31249
94779.172828,31500
94779.179853,31501
94779.186407,31502
94779.192344,31503
94779.198302,31504
94779.204589,31505
94779.210550,31506
94779.215955,31507
94779.221378,31508
94779.226902,31509
94779.232471,31510
94779.237931,31511
94779.243494,31512
94779.248798,31513
94779.253996,31514
94779.259288,31515
94779.264488,31516
94779.269885,31517
94779.275100,31518
94779.280342,31519
94779.286149,31520
94779.291517,31521
94779.296791,31522
94779.302272,31523
94779.307796,31524
94779.313314,31525
94779.318655,31526
94779.323880,31527
94779.329438,31528
94779.335331,31529
94779.340901,31530
94779.346181,31531
94779.351410,31532
94779.356812,31533
94779.362004,31534
94779.367118,31535
94779.372420,31536
94779.378092,31537
94779.384167,31538
94779.390285,31539
94779.396342,31540
94779.401871,31541
94779.409444,31542
94779.414544,31543
94779.419773,31544
94779.424953,31545
94779.430282,31546
94779.435518,31547
94779.440883,31548
94779.446216,31549
94779.451804,31550
94779.457276,31551
94779.462544,31552
94779.467710,31553
94779.472797,31554
94779.477706,31555
94779.482848,31556
94779.488281,31557
94779.493749,31558
94779.498730,31559
94779.503846,31560
94779.509137,31561
94779.514355,31562
94779.519284,31563
94779.524796,31564
94779.529864,31565
94779.535132,31566
94779.539981,31567
94779.545271,31568
94779.550299,31569
94779.555732,31570
94779.560786,31571
94779.566159,31572
94779.571427,31573
94779.576923,31574
94779.582079,31575
94779.587626,31576
94779.593324,31577
94779.599007,31578
94779.604617,31579
94779.609705,31580
94779.614792,31581
94779.620134,31582
94779.625433,31583
94779.630483,31584
94779.635556,31585
94779.641028,31586
94779.646729,31587
94779.651798,31588
94779.656945,31589
94779.662321,31590
94779.667789,31591
94779.672786,31592
94779.677987,31593
94779.683115,31594
94779.688166,31595
94779.693257,31596
94779.698299,31597
94779.703519,31598
94779.708827,31599
94779.716789,31600
94779.722184,31601
94779.727313,31602
94779.732726,31603
94779.738000,31604
94779.743468,31605
94779.748557,31606
94779.753691,31607
94779.759099,31608
94779.764467,31609
94779.769730,31610
94779.774897,31611
94779.780352,31612
94779.785688,31613
94779.790645,31614
94779.796030,31615
94779.801303,31616
94779.806324,31617
94779.811361,31618
94779.816326,31619
94779.821256,31620
94779.826754,31621
94779.831821,31622
94779.837045,31623
94779.842309,31624
94779.847767,31625
94779.852785,31626
94779.857937,31627
94779.863745,31628
94779.869268,31629
94779.874921,31630
94779.882363,31631
94779.889652,31632
94779.896936,31633
94779.904562,31634
94779.910929,31635
94779.917293,31636
94779.922760,31637
94779.928110,31638
94779.933327,31639
94779.938646,31640
94779.944057,31641
94779.949164,31642
94779.954241,31643
94779.959486,31644
94779.964833,31645
94779.970142,31646
94779.975389,31647
94779.980722,31648
94779.986124,31649
94779.991562,31650
94779.996752,31651
94780.001967,31652
94780.007632,31653
94780.012983,31654
94780.018352,31655
94780.023500,31656
94780.028803,31657
94780.033976,31658
94780.039212,31659
94780.044533,31660
94780.049907,31661
94780.055379,31662
94780.060654,31663
94780.065764,31664
94780.071246,31665
94780.076872,31666
94780.081978,31667
94780.087215,31668
94780.092756,31669
94780.097918,31670
94780.103120,31671
94780.108280,31672
94780.113726,31673
94780.119092,31674
94780.124192,31675
94780.129554,31676
94780.135039,31677
94780.140394,31678
94780.146473,31679
94780.151612,31680
94780.156787,31681
94780.161957,31682
94780.167364,31683
94780.172605,31684
94780.177738,31685
94780.182919,31686
94780.188173,31687
94780.193415,31688
94780.198609,31689
94780.203852,31690
94780.209156,31691
94780.214520,31692
94780.219744,31693
94780.224952,31694
94780.230360,31695
94780.235852,31696
94780.241037,31697
94780.246197,31698
94780.251636,31699
94780.259891,31700
94780.265523,31701
94780.271380,31702
94780.276559,31703
94780.282364,31704
94780.287544,31705
94780.293313,31706
94780.298897,31707
94780.304012,31708
94780.309292,31709
94780.314517,31710
94780.320111,31711
94780.325234,31712
94780.330302,31713
94780.335645,31714
94780.341079,31715
94780.346321,31716
94780.352149,31717
94780.357994,31718
94780.363549,31719
94780.368992,31720
94780.374233,31721
94780.379458,31722
94780.384995,31723
94780.390418,31724
94780.395744,31725
94780.400834,31726
94780.406552,31727
94780.412339,31728
94780.417516,31729
94780.422909,31730
94780.427926,31731
94780.433041,31732
94780.438294,31733
94780.443621,31734
94780.448859,31735
94780.454140,31736
94780.459349,31737
94780.464483,31738
94780.469665,31739
94780.474797,31740
94780.480019,31741
94780.485296,31742
94780.490854,31743
94780.496355,31744
94780.501581,31745
94780.507594,31746
94780.512707,31747
94780.517853,31748
94780.523198,31749
94780.532296,31750
94780.537119,31751
94780.544615,31752
94780.550046,31753
94780.557063,31754
94780.564154,31755
94780.570657,31756
94780.576811,31757
94780.582651,31758
94780.589539,31759
94780.596452,31760
94780.602268,31761
94780.609797,31762
94780.616545,31763
94780.622348,31764
94780.627631,31765
94780.634208,31766
94780.639691,31767
94780.646210,31768
94780.651367,31769
94780.657981,31770
94780.663091,31771
94780.668931,31772
94780.674522,31773
94780.682901,31774
94780.688651,31775
94780.694950,31776
94780.702170,31777
94780.708882,31778
94780.717548,31779
94780.723312,31780
94780.731182,31781
94780.738314,31782
94780.743933,31783
94780.749400,31784
94780.754899,31785
94780.761593,31786
94780.768068,31787
94780.774810,31788
94780.782132,31789
94780.788558,31790
94780.794414,31791
94780.800819,31792
94780.806722,31793
94780.812877,31794
94780.820991,31795
94780.828912,31796
94780.837233,31797
94780.843392,31798
94780.849485,31799
94780.855332,31800
94780.863684,31801
94780.870094,31802
94780.876000,31803
94780.882642,31804
94780.887973,31805
94780.893501,31806
94780.900065,31807
94780.906071,31808
94780.911800,31809
94780.918877,31810
94780.924382,31811
94780.929764,31812
94780.936136,31813
94780.941651,31814
94780.946985,31815
94780.953835,31816
94780.960887,31817
94780.966734,31818
94780.972341,31819
94780.977742,31820
94780.983259,31821
94780.989970,31822
94780.995730,31823
94781.001339,31824
94781.008737,31825
94781.015019,31826
94781.020401,31827
94781.026371,31828
94781.031629,31829
94781.038763,31830
94781.047409,31831
94781.054786,31832
94781.060236,31833
94781.065634,31834
94781.071298,31835
94781.078929,31836
94781.084186,31837
94781.090251,31838
94781.098870,31839
94781.104826,31840
94781.110224,31841
94781.117081,31842
94781.122723,31843
94781.130324,31844
94781.135647,31845
94781.143459,31846
94781.148720,31847
94781.156690,31848
94781.164185,31849
94781.172505,31850
94781.179306,31851
94781.184505,31852
94781.190433,31853
94781.196151,31854
94781.201690,31855
94781.208500,31856
94781.213945,31857
94781.219298,31858
94781.224737,31859
94781.231600,31860
94781.236936,31861
94781.242014,31862
94781.248685,31863
94781.254368,31864
94781.260988,31865
94781.266415,31866
94781.272272,31867
94781.277765,31868
94781.284882,31869
94781.289901,31870
94781.294983,31871
94781.300512,31872
94781.307902,31873
94781.313887,31874
94781.319479,31875
94781.325389,31876
94781.332436,31877
94781.339385,31878
94781.344801,31879
94781.351274,31880
94781.356999,31881
94781.364458,31882
94781.370103,31883
94781.378736,31884
94781.386435,31885
94781.393233,31886
94781.400951,31887
94781.406340,31888
94781.411753,31889
94781.419350,31890
94781.424481,31891
94781.430010,31892
94781.435276,31893
94781.440435,31894
94781.446241,31895
94781.451984,31896
94781.457785,31897
94781.463201,31898
94781.470378,31899
94781.479201,31900
94781.487417,31901
94781.492637,31902
94781.500067,31903
94781.505274,31904
94781.512040,31905
94781.518968,31906
94781.524209,31907
94781.530417,31908
94781.536108,31909
94781.544117,31910
94781.550500,31911
94781.557256,31912
94781.562767,31913
94781.570819,31914
94781.579018,31915
94781.586712,31916
94781.594418,31917
94781.600271,31918
94781.606215,31919
94781.611442,31920
94781.616960,31921
94781.622486,31922
94781.627729,31923
94781.632926,31924
94781.638210,31925
94781.645481,31926
94781.650742,31927
94781.656223,31928
94781.662141,31929
94781.667572,31930
94781.673012,31931
94781.678281,31932
94781.684911,31933
94781.690511,31934
94781.697751,31935
94781.703850,31936
94781.711398,31937
94781.719509,31938
94781.725234,31939
94781.730660,31940
94781.736103,31941
94781.745468,31942
94781.752463,31943
94781.758461,31944
94781.763992,31945
94781.771025,31946
94781.776927,31947
94781.782182,31948
94781.787721,31949
94781.796298,31950
94781.803272,31951
94781.810106,31952
94781.818048,31953
94781.823558,31954
94781.829269,31955
94781.834620,31956
94781.839776,31957
94781.844949,31958
94781.850340,31959
94781.856868,31960
94781.864460,31961
94781.869940,31962
94781.878306,31963
94781.885473,31964
94781.892120,31965
94781.899066,31966
94781.905842,31967
94781.912329,31968
94781.918264,31969
94781.924148,31970
94781.929687,31971
94781.934938,31972
94781.941706,31973
94781.947079,31974
94781.952277,31975
94781.958599,31976
94781.963764,31977
94781.970338,31978
94781.975331,31979
94781.983946,31980
94781.989573,31981
94781.996908,31982
94782.002513,31983
94782.007845,31984
94782.015289,31985
94782.023668,31986
94782.029371,31987
94782.035339,31988
94782.040700,31989
94782.046101,31990
94782.052705,31991
94782.058316,31992
94782.066401,31993
94782.073256,31994
94782.079959,31995
94782.085823,31996
94782.092968,31997
94782.101475,31998
94782.106982,31999
94782.122339,32000
94782.130503,32001
94782.140314,32002
94782.148996,32003
94782.157869,32004
94782.167010,32005
94782.176399,32006
94782.187185,32007
94782.195502,32008
94782.204515,32009
94782.213335,32010
94782.222695,32011
94782.230391,32012
94782.241321,32013
94782.248877,32014
94782.257874,32015
94782.266628,32016
94782.277339,32017
94782.285416,32018
94782.295732,32019
94782.305393,32020
94782.315300,32021
94782.324859,32022
94782.333630,32023
94782.342062,32024
94782.351641,32025
94782.361419,32026
94782.371514,32027
94782.380741,32028
94782.390895,32029
94782.399569,32030
94782.411130,32031
94782.421452,32032
94782.432849,32033
94782.442637,32034
94782.452832,32035
94782.463659,32036
94782.473148,32037
94782.481377,32038
94782.489707,32039
94782.498200,32040
94782.507269,32041
94782.515411,32042
94782.525852,32043
94782.533512,32044
94782.544444,32045
94782.552300,32046
94782.564148,32047
94782.573802,32048
94782.584782,32049
94782.595011,32050
94782.605052,32051
94782.614625,32052
94782.625929,32053
94782.634394,32054
94782.643621,32055
94782.653024,32056
94782.665176,32057
94782.674085,32058
94782.684678,32059
94782.693584,32060
94782.706723,32061
94782.714305,32062
94782.725223,32063
94782.733597,32064
94782.746186,32065
94782.756476,32066
94782.765758,32067
94782.774435,32068
94782.784546,32069
94782.792798,32070
94782.801686,32071
94782.810376,32072
94782.820796,32073
94782.829506,32074
94782.839380,32075
94782.848719,32076
94782.859857,32077
94782.867893,32078
94782.878212,32079
94782.885726,32080
94782.896659,32081
94782.904642,32082
94782.917811,32083
94782.926523,32084
94782.936632,32085
94782.946219,32086
94782.957625,32087
94782.965970,32088
94782.975740,32089
94782.984879,32090
94782.995693,32091
94783.005360,32092
94783.015708,32093
94783.023606,32094
94783.034271,32095
94783.041716,32096
94783.051327,32097
94783.059720,32098
94783.068934,32099
94783.081690,32100
94783.089806,32101
94783.100085,32102
94783.108299,32103
94783.116558,32104
94783.125628,32105
94783.134957,32106
94783.143575,32107
94783.154207,32108
94783.164059,32109
94783.172112,32110
94783.179393,32111
94783.188369,32112
94783.199735,32113
94783.207821,32114
94783.216746,32115
94783.226004,32116
94783.234701,32117
94783.244794,32118
94783.253633,32119
94783.262934,32120
94783.272505,32121
94783.282137,32122
94783.292604,32123
94783.302410,32124
94783.311519,32125
94783.320624,32126
94783.330238,32127
94783.338555,32128
94783.347021,32129
94783.358141,32130
94783.368764,32131
94783.378048,32132
94783.387654,32133
94783.396723,32134
94783.406417,32135
94783.415236,32136
94783.424825,32137
94783.435433,32138
94783.445397,32139
94783.455610,32140
94783.464644,32141
94783.472879,32142
94783.482490,32143
94783.490375,32144
94783.499565,32145
94783.509998,32146
94783.518777,32147
94783.527319,32148
94783.536419,32149
94783.546275,32150
94783.554579,32151
94783.564285,32152
94783.574793,32153
94783.583015,32154
94783.591872,32155
94783.601568,32156
94783.612763,32157
94783.622947,32158
94783.632786,32159
94783.642435,32160
94783.651907,32161
94783.662721,32162
94783.673413,32163
94783.682763,32164
94783.694064,32165
94783.703472,32166
94783.714301,32167
94783.723010,32168
94783.732307,32169
94783.742050,32170
94783.752989,32171
94783.762693,32172
94783.772751,32173
94783.783531,32174
94783.793010,32175
94783.801903,32176
94783.814378,32177
94783.825535,32178
94783.834483,32179
94783.843408,32180
94783.854674,32181
94783.864737,32182
94783.873958,32183
94783.882770,32184
94783.893066,32185
94783.903444,32186
94783.914007,32187
94783.922563,32188
94783.932974,32189
94783.942704,32190
94783.951061,32191
94783.961795,32192
94783.971709,32193
94783.981055,32194
94783.992897,32195
94784.003095,32196
94784.012614,32197
94784.022013,32198
94784.032732,32199
94784.045742,32200
94784.053590,32201
94784.061980,32202
94784.070567,32203
94784.080231,32204
94784.089912,32205
94784.100578,32206
94784.110252,32207
94784.121478,32208
94784.130962,32209
94784.139451,32210
94784.151332,32211
94784.160391,32212
94784.169918,32213
94784.179406,32214
94784.188786,32215
94784.198579,32216
94784.207331,32217
94784.217020,32218
94784.226698,32219
94784.235805,32220
94784.244156,32221
94784.253337,32222
94784.261998,32223
94784.270313,32224
94784.280115,32225
94784.288833,32226
94784.297827,32227
94784.306508,32228
94784.316116,32229
94784.325568,32230
94784.336462,32231
94784.347157,32232
94784.357287,32233
94784.367050,32234
94784.377890,32235
94784.386821,32236
94784.397782,32237
94784.406648,32238
94784.416811,32239
94784.427317,32240
94784.438439,32241
94784.448413,32242
94784.457867,32243
94784.467019,32244
94784.476684,32245
94784.488207,32246
94784.499021,32247
94784.507695,32248
94784.519019,32249
94784.536089,32250
94784.549687,32251
94784.561587,32252
94784.572844,32253
94784.585072,32254
94784.598625,32255
94784.610242,32256
94784.622485,32257
94784.633869,32258
94784.648495,32259
94784.660697,32260
94784.672815,32261
94784.684275,32262
94784.697793,32263
94784.709920,32264
94784.722587,32265
94784.736726,32266
94784.748491,32267
94784.760795,32268
94784.774290,32269
94784.786992,32270
94784.800920,32271
94784.811887,32272
94784.823852,32273
94784.835937,32274
94784.848355,32275
94784.862860,32276
94784.878828,32277
94784.892307,32278
94784.904968,32279
94784.916613,32280
94784.929713,32281
94784.942131,32282
94784.954576,32283
94784.966473,32284
94784.978483,32285
94784.991519,32286
94785.006204,32287
94785.019724,32288
94785.032174,32289
94785.043384,32290
94785.056407,32291
94785.070222,32292
94785.084009,32293
94785.095333,32294
94785.106196,32295
94785.120917,32296
94785.134923,32297
94785.148382,32298
94785.159321,32299
94785.170736,32300
94785.181705,32301
94785.192814,32302
94785.206963,32303
94785.218615,32304
94785.232444,32305
94785.243766,32306
94785.255765,32307
94785.266902,32308
94785.279201,32309
94785.291268,32310
94785.303450,32311
94785.315580,32312
94785.327569,32313
94785.338612,32314
94785.350005,32315
94785.362908,32316
94785.375265,32317
94785.386838,32318
94785.399690,32319
94785.412580,32320
94785.425245,32321
94785.437317,32322
94785.450250,32323
94785.462395,32324
94785.475755,32325
94785.487669,32326
94785.499682,32327
94785.512803,32328
94785.524760,32329
94785.537287,32330
94785.551681,32331
94785.563594,32332
94785.575885,32333
94785.587941,32334
94785.600129,32335
94785.612840,32336
94785.628100,32337
94785.638953,32338
94785.650799,32339
94785.662798,32340
94785.674745,32341
94785.685898,32342
94785.699668,32343
94785.711500,32344
94785.723726,32345
94785.737671,32346
94785.750786,32347
94785.765557,32348
94785.780201,32349
94785.795893,32350
94785.809806,32351
94785.822542,32352
94785.836561,32353
94785.851221,32354
94785.864373,32355
94785.878581,32356
94785.892197,32357
94785.904220,32358
94785.916076,32359
94785.929352,32360
94785.942023,32361
94785.953535,32362
94785.966113,32363
94785.978357,32364
94785.991800,32365
94786.005221,32366
94786.018919,32367
94786.031309,32368
94786.046450,32369
94786.058136,32370
94786.072494,32371
94786.086932,32372
94786.099855,32373
94786.112780,32374
94786.124632,32375
94786.136046,32376
94786.149374,32377
94786.163422,32378
94786.176595,32379
94786.189648,32380
94786.201753,32381
94786.214510,32382
94786.228787,32383
94786.240750,32384
94786.253216,32385
94786.264645,32386
94786.276245,32387
94786.288196,32388
94786.300976,32389
94786.313599,32390
94786.325951,32391
94786.340396,32392
94786.352091,32393
94786.364659,32394
94786.376930,32395
94786.388680,32396
94786.401282,32397
94786.414569,32398
94786.425412,32399
94786.436623,32400
94786.448695,32401
94786.463073,32402
94786.476409,32403
94786.490809,32404
94786.502868,32405
94786.514555,32406
94786.527636,32407
94786.540493,32408
94786.552787,32409
94786.564813,32410
94786.576294,32411
94786.588328,32412
94786.600968,32413
94786.615974,32414
94786.627075,32415
94786.640194,32416
94786.653124,32417
94786.665965,32418
94786.678814,32419
94786.691269,32420
94786.705431,32421
94786.719900,32422
94786.734711,32423
94786.748906,32424
94786.761519,32425
94786.774490,32426
94786.787905,32427
94786.800231,32428
94786.812414,32429
94786.824409,32430
94786.836829,32431
94786.850948,32432
94786.867856,32433
94786.884073,32434
94786.895946,32435
94786.909464,32436
94786.924564,32437
94786.937075,32438
94786.950117,32439
94786.965728,32440
94786.978770,32441
94786.991240,32442
94787.004325,32443
94787.018675,32444
94787.031663,32445
94787.047229,32446
94787.061456,32447
94787.075158,32448
94787.090070,32449
94787.107222,32450
94787.118094,32451
94787.131616,32452
94787.146465,32453
94787.158483,32454
94787.172617,32455
94787.186445,32456
94787.198885,32457
94787.213926,32458
94787.226538,32459
94787.238300,32460
94787.251152,32461
94787.263712,32462
94787.277126,32463
94787.289532,32464
94787.303146,32465
94787.317121,32466
94787.329702,32467
94787.342281,32468
94787.355719,32469
94787.367815,32470
94787.379024,32471
94787.392301,32472
94787.405731,32473
94787.420759,32474
94787.435348,32475
94787.449212,32476
94787.463647,32477
94787.475169,32478
94787.489382,32479
94787.501439,32480
94787.515747,32481
94787.527651,32482
94787.540250,32483
94787.552645,32484
94787.565589,32485
94787.577009,32486
94787.591661,32487
94787.605628,32488
94787.619043,32489
94787.632285,32490
94787.644240,32491
94787.657759,32492
94787.671165,32493
94787.683956,32494
94787.696412,32495
94787.707750,32496
94787.719276,32497
94787.731790,32498
94787.744520,32499
94787.756968,32500
94787.762909,32501
94787.768087,32502
94787.773766,32503
94787.779026,32504
94787.784053,32505
94787.788913,32506
94787.794686,32507
94787.799752,32508
94787.805162,32509
94787.810279,32510
94787.815600,32511
94787.820692,32512
94787.825855,32513
94787.830559,32514
94787.836218,32515
94787.841592,32516
94787.846902,32517
94787.852371,32518
94787.857986,32519
94787.863167,32520
94787.868991,32521
94787.873897,32522
94787.879234,32523
94787.884209,32524
94787.890140,32525
94787.894963,32526
94787.900225,32527
94787.905755,32528
94787.910984,32529
94787.915737,32530
94787.920860,32531
94787.925503,32532
94787.931244,32533
94787.935825,32534
94787.941811,32535
94787.947497,32536
94787.953730,32537
94787.958606,32538
94787.963893,32539
94787.969104,32540
94787.976202,32541
94787.981088,32542
94787.986119,32543
94787.990855,32544
94787.996097,32545
94788.001146,32546
94788.006245,32547
94788.010842,32548
94788.015948,32549
94788.020565,32550
94788.025754,32551
94788.030997,32552
94788.036444,32553
94788.041185,32554
94788.046406,32555
94788.051761,32556
94788.057076,32557
94788.061760,32558
94788.067334,32559
94788.072617,32560
94788.077874,32561
94788.082493,32562
94788.087512,32563
94788.092211,32564
94788.097505,32565
94788.102412,32566
94788.107716,32567
94788.112650,32568
94788.117767,32569
94788.122956,32570
94788.128302,32571
94788.133519,32572
94788.139099,32573
94788.144466,32574
94788.149920,32575
94788.154790,32576
94788.160952,32577
94788.166024,32578
94788.171667,32579
94788.177930,32580
94788.183841,32581
94788.189049,32582
94788.194529,32583
94788.199482,32584
94788.204861,32585
94788.209949,32586
94788.215400,32587
94788.220542,32588
94788.226422,32589
94788.232373,32590
94788.237961,32591
94788.242758,32592
94788.248162,32593
94788.253373,32594
94788.258920,32595
94788.263755,32596
94788.269363,32597
94788.274373,32598
94788.279831,32599
94788.287783,32600
94788.293316,32601
94788.298230,32602
94788.303469,32603
94788.308735,32604
94788.314170,32605
94788.319209,32606
94788.324651,32607
94788.329763,32608
94788.335318,32609
94788.340580,32610
94788.346057,32611
94788.350985,32612
94788.356583,32613
94788.361374,32614
94788.366687,32615
94788.371803,32616
94788.377060,32617
94788.381895,32618
94788.387308,32619
94788.392872,32620
94788.398450,32621
94788.403579,32622
94788.408958,32623
94788.414641,32624
94788.420362,32625
94788.425713,32626
94788.431361,32627
94788.436153,32628
94788.441392,32629
94788.446278,32630
94788.451560,32631
94788.456454,32632
94788.461880,32633
94788.466848,32634
94788.472217,32635
94788.477257,32636
94788.483038,32637
94788.487977,32638
94788.493379,32639
94788.498408,32640
94788.503801,32641
94788.508777,32642
94788.514039,32643
94788.518782,32644
94788.524078,32645
94788.529148,32646
94788.534311,32647
94788.538941,32648
94788.544515,32649
94788.549430,32650
94788.554480,32651
94788.559345,32652
94788.564560,32653
94788.569212,32654
94788.574393,32655
94788.579446,32656
94788.584716,32657
94788.589386,32658
94788.594484,32659
94788.599325,32660
94788.605093,32661
94788.609862,32662
94788.616540,32663
94788.621459,32664
94788.626619,32665
94788.631449,32666
94788.636731,32667
94788.641866,32668
94788.647036,32669
94788.651659,32670
94788.656782,32671
94788.662044,32672
94788.667180,32673
94788.672130,32674
94788.677375,32675
94788.682600,32676
94788.687688,32677
94788.692413,32678
94788.697699,32679
94788.702591,32680
94788.707904,32681
94788.713127,32682
94788.718565,32683
94788.723647,32684
94788.728865,32685
94788.734003,32686
94788.739581,32687
94788.744584,32688
94788.749681,32689
94788.754437,32690
94788.759938,32691
94788.764986,32692
94788.770283,32693
94788.775562,32694
94788.781343,32695
94788.786565,32696
94788.791781,32697
94788.796769,32698
94788.801905,32699
94788.809761,32700
94788.815633,32701
94788.820894,32702
94788.826412,32703
94788.832093,32704
94788.837359,32705
94788.841976,32706
94788.847166,32707
94788.852262,32708
94788.857398,32709
94788.862405,32710
94788.867432,32711
94788.872479,32712
94788.878399,32713
94788.883706,32714
94788.888845,32715
94788.893762,32716
94788.899191,32717
94788.904213,32718
94788.909234,32719
94788.913975,32720
94788.919613,32721
94788.924746,32722
94788.929942,32723
94788.935389,32724
94788.941038,32725
94788.946027,32726
94788.951167,32727
94788.956244,32728
94788.961581,32729
94788.966680,32730
94788.971987,32731
94788.977114,32732
94788.982560,32733
94788.987534,32734
94788.992919,32735
94788.997856,32736
94789.003549,32737
94789.008620,32738
94789.013918,32739
94789.018759,32740
94789.024303,32741
94789.029295,32742
94789.034910,32743
94789.039774,32744
94789.045210,32745
94789.050431,32746
94789.055496,32747
94789.061637,32748
94789.068370,32749
94789.080274,32750
94789.088725,32751
94789.093675,32752
94789.102266,32753
94789.107529,32754
94789.115255,32755
94789.123291,32756
94789.130876,32757
94789.136955,32758
94789.144461,32759
94789.151706,32760
94789.157257,32761
94789.162704,32762
94789.171850,32763
94789.178949,32764
94789.184898,32765
94789.190229,32766
94789.195968,32767
94789.200991,32768
94789.207188,32769
94789.212263,32770
94789.219958,32771
94789.225548,32772
94789.232296,32773
94789.239634,32774
94789.247798,32775
94789.255031,32776
94789.261017,32777
94789.265772,32778
94789.273883,32779
94789.281490,32780
94789.288819,32781
94789.294918,32782
94789.303920,32783
94789.310629,32784
94789.316854,32785
94789.323984,32786
94789.330549,32787
94789.337777,32788
94789.344068,32789
94789.349294,32790
94789.357725,32791
94789.363285,32792
94789.369453,32793
94789.374175,32794
94789.381584,32795
94789.390071,32796
94789.396029,32797
94789.400921,32798
94789.409558,32799
94789.414708,32800
94789.421804,32801
94789.427026,32802
94789.432699,32803
94789.440783,32804
94789.446670,32805
94789.451554,32806
94789.460639,32807
94789.468393,32808
94789.476062,32809
94789.481289,32810
94789.487266,32811
94789.494937,32812
94789.500606,32813
94789.505560,32814
94789.513427,32815
94789.518491,32816
94789.525013,32817
94789.530217,32818
94789.536234,32819
94789.543264,32820
94789.551850,32821
94789.557076,32822
94789.564765,32823
94789.570053,32824
94789.578168,32825
94789.587151,32826
94789.593422,32827
94789.598718,32828
94789.607323,32829
94789.614394,32830
94789.620182,32831
94789.625256,32832
94789.630984,32833
94789.637728,32834
94789.643822,32835
94789.649952,32836
94789.656265,32837
94789.663788,32838
94789.669928,32839
94789.675245,32840
94789.681209,32841
94789.686536,32842
94789.693716,32843
94789.699286,32844
94789.705290,32845
94789.713867,32846
94789.723621,32847
94789.728736,32848
94789.734412,32849
94789.745744,32850
94789.754061,32851
94789.759511,32852
94789.764762,32853
94789.769845,32854
94789.774787,32855
94789.780966,32856
94789.788860,32857
94789.794486,32858
94789.802118,32859
94789.807690,32860
94789.814070,32861
94789.819458,32862
94789.825964,32863
94789.833778,32864
94789.842520,32865
94789.851668,32866
94789.859806,32867
94789.867367,32868
94789.873931,32869
94789.880028,32870
94789.885508,32871
94789.893188,32872
94789.898940,32873
94789.906030,32874
94789.911733,32875
94789.920576,32876
94789.927576,32877
94789.934013,32878
94789.939575,32879
94789.944723,32880
94789.949906,32881
94789.955021,32882
94789.960463,32883
94789.965514,32884
94789.972531,32885
94789.977683,32886
94789.985541,32887
94789.991978,32888
94790.000072,32889
94790.005532,32890
94790.010648,32891
94790.016887,32892
94790.022779,32893
94790.028193,32894
94790.035445,32895
94790.042110,32896
94790.048444,32897
94790.054055,32898
94790.060728,32899
94790.069487,32900
94790.077047,32901
94790.085391,32902
94790.093050,32903
94790.098899,32904
94790.105983,32905
94790.112233,32906
94790.117385,32907
94790.122689,32908
94790.128051,32909
94790.135583,32910
94790.140823,32911
94790.145901,32912
94790.152838,32913
94790.161351,32914
94790.171230,32915
94790.179399,32916
94790.185078,32917
94790.193338,32918
94790.200201,32919
94790.207286,32920
94790.214885,32921
94790.220495,32922
94790.226231,32923
94790.231487,32924
94790.239613,32925
94790.247409,32926
94790.253163,32927
94790.260283,32928
94790.265607,32929
94790.270812,32930
94790.276495,32931
94790.282445,32932
94790.289788,32933
94790.296235,32934
94790.304197,32935
94790.309278,32936
94790.314408,32937
94790.319189,32938
94790.325909,32939
94790.332670,32940
94790.338910,32941
94790.346095,32942
94790.351677,32943
94790.358398,32944
94790.364429,32945
94790.371422,32946
94790.376791,32947
94790.383368,32948
94790.388634,32949
94790.396738,32950
94790.401464,32951
94790.407469,32952
94790.412851,32953
94790.420046,32954
94790.425432,32955
94790.433909,32956
94790.439511,32957
94790.444818,32958
94790.450640,32959
94790.456456,32960
94790.461951,32961
94790.469414,32962
94790.475401,32963
94790.483504,32964
94790.489315,32965
94790.494773,32966
94790.504223,32967
94790.509998,32968
94790.517398,32969
94790.522861,32970
94790.531013,32971
94790.536645,32972
94790.543506,32973
94790.548855,32974
94790.556178,32975
94790.563765,32976
94790.571794,32977
94790.579784,32978
94790.585902,32979
94790.592600,32980
94790.601521,32981
94790.607792,32982
94790.614779,32983
94790.621505,32984
94790.629263,32985
94790.635566,32986
94790.640734,32987
94790.646435,32988
94790.654479,32989
94790.659916,32990
94790.668398,32991
94790.675952,32992
94790.684033,32993
94790.689559,32994
94790.698689,32995
94790.705041,32996
94790.712865,32997
94790.721727,32998
94790.731304,32999
94790.749969,33000
94790.764719,33001
94790.777210,33002
94790.788112,33003
94790.798427,33004
94790.809775,33005
94790.819081,33006
94790.828714,33007
94790.838040,33008
94790.846941,33009
94790.856980,33010
94790.868700,33011
94790.880076,33012
94790.889179,33013
94790.898244,33014
94790.908466,33015
94790.918705,33016
94790.929776,33017
94790.940972,33018
94790.952276,33019
94790.961948,33020
94790.970846,33021
94790.980547,33022
94790.991690,33023
94791.001697,33024
94791.010839,33025
94791.021480,33026
94791.032968,33027
94791.043520,33028
94791.053336,33029
94791.064629,33030
94791.074891,33031
94791.083963,33032
94791.094890,33033
94791.106013,33034
94791.115369,33035
94791.125056,33036
94791.135763,33037
94791.144871,33038
94791.154741,33039
94791.165203,33040
94791.173574,33041
94791.185187,33042
94791.194668,33043
94791.205211,33044
94791.216740,33045
94791.228259,33046
94791.239514,33047
94791.249756,33048
94791.260333,33049
94791.272268,33050
94791.282845,33051
94791.293017,33052
94791.303036,33053
94791.315531,33054
94791.325530,33055
94791.335438,33056
94791.344863,33057
94791.356044,33058
94791.367171,33059
94791.379061,33060
94791.389078,33061
94791.399115,33062
94791.409404,33063
94791.418413,33064
94791.428292,33065
94791.438375,33066
94791.448250,33067
94791.458903,33068
94791.468930,33069
94791.479173,33070
94791.489269,33071
94791.500395,33072
94791.510321,33073
94791.521417,33074
94791.532404,33075
94791.543642,33076
94791.552804,33077
94791.562562,33078
94791.571975,33079
94791.585568,33080
94791.595716,33081
94791.607830,33082
94791.618742,33083
94791.628755,33084
94791.638900,33085
94791.649919,33086
94791.660481,33087
94791.672069,33088
94791.682399,33089
94791.692620,33090
94791.703470,33091
94791.715073,33092
94791.724692,33093
94791.738270,33094
94791.748526,33095
94791.756692,33096
94791.766880,33097
94791.776730,33098
94791.785442,33099
94791.798269,33100
94791.808721,33101
94791.817917,33102
94791.828684,33103
94791.838718,33104
94791.848093,33105
94791.859011,33106
94791.868792,33107
94791.877496,33108
94791.886730,33109
94791.896716,33110
94791.905496,33111
94791.915426,33112
94791.925495,33113
94791.935826,33114
94791.946310,33115
94791.955412,33116
94791.966021,33117
94791.975538,33118
94791.986797,33119
94791.996900,33120
94792.007357,33121
94792.017555,33122
94792.030310,33123
94792.040036,33124
94792.049289,33125
94792.057808,33126
94792.067530,33127
94792.075862,33128
94792.087285,33129
94792.096472,33130
94792.107787,33131
94792.117144,33132
94792.127317,33133
94792.137848,33134
94792.147378,33135
94792.157681,33136
94792.166416,33137
94792.175856,33138
94792.186281,33139
94792.198376,33140
94792.209319,33141
94792.219941,33142
94792.229696,33143
94792.239781,33144
94792.250974,33145
94792.261464,33146
94792.270215,33147
94792.279369,33148
94792.289446,33149
94792.300158,33150
94792.310316,33151
94792.319644,33152
94792.330174,33153
94792.340897,33154
94792.350753,33155
94792.361852,33156
94792.372698,33157
94792.383758,33158
94792.395240,33159
94792.406202,33160
94792.416398,33161
94792.427124,33162
94792.437664,33163
94792.448257,33164
94792.458466,33165
94792.469884,33166
94792.480166,33167
94792.490829,33168
94792.500820,33169
94792.510543,33170
94792.520213,33171
94792.529609,33172
94792.540403,33173
94792.549322,33174
94792.559025,33175
94792.570777,33176
94792.580963,33177
94792.592044,33178
94792.602825,33179
94792.614808,33180
94792.624299,33181
94792.635581,33182
94792.646337,33183
94792.657805,33184
94792.670085,33185
94792.680658,33186
94792.689998,33187
94792.702700,33188
94792.716465,33189
94792.726593,33190
94792.738702,33191
94792.751584,33192
94792.764711,33193
94792.775346,33194
94792.785356,33195
94792.795253,33196
94792.805942,33197
94792.815361,33198
94792.830068,33199
94792.843836,33200
94792.854312,33201
94792.863294,33202
94792.872978,33203
94792.882521,33204
94792.893142,33205
94792.904069,33206
94792.915516,33207
94792.926119,33208
94792.935536,33209
94792.946221,33210
94792.956051,33211
94792.967384,33212
94792.979379,33213
94792.991490,33214
94793.001045,33215
94793.012393,33216
94793.021712,33217
94793.031968,33218
94793.042092,33219
94793.051221,33220
94793.060400,33221
94793.072320,33222
94793.082327,33223
94793.092155,33224
94793.103364,33225
94793.113237,33226
94793.122220,33227
94793.131858,33228
94793.142138,33229
94793.152507,33230
94793.163881,33231
94793.174044,33232
94793.185227,33233
94793.196430,33234
94793.206917,33235
94793.217812,33236
94793.227861,33237
94793.238240,33238
94793.248288,33239
94793.257151,33240
94793.270331,33241
94793.282039,33242
94793.291314,33243
94793.301194,33244
94793.311129,33245
94793.322622,33246
94793.332807,33247
94793.341493,33248
94793.351678,33249
94793.369804,33250
94793.385172,33251
94793.400262,33252
94793.414713,33253
94793.429773,33254
94793.442596,33255
94793.457405,33256
94793.473229,33257
94793.488345,33258
94793.504341,33259
94793.518196,33260
94793.533517,33261
94793.547784,33262
94793.562327,33263
94793.577231,33264
94793.591516,33265
94793.606459,33266
94793.621584,33267
94793.636384,33268
94793.650797,33269
94793.665360,33270
94793.679791,33271
94793.694778,33272
94793.710055,33273
94793.726600,33274
94793.740305,33275
94793.754107,33276
94793.768731,33277
94793.783573,33278
94793.798772,33279
94793.813515,33280
94793.828517,33281
94793.842344,33282
94793.857193,33283
94793.872246,33284
94793.888511,33285
94793.903584,33286
94793.918891,33287
94793.935466,33288
94793.950192,33289
94793.963764,33290
94793.977268,33291
94793.992199,33292
94794.006977,33293
94794.022830,33294
94794.038374,33295
94794.054235,33296
94794.069106,33297
94794.084174,33298
94794.098234,33299
94794.114812,33300
94794.131069,33301
94794.144321,33302
94794.159414,33303
94794.173612,33304
94794.187227,33305
94794.204659,33306
94794.220355,33307
94794.234927,33308
94794.248733,33309
94794.264223,33310
94794.278673,33311
94794.292571,33312
94794.306401,33313
94794.320111,33314
94794.337299,33315
94794.352208,33316
94794.365550,33317
94794.380625,33318
94794.395712,33319
94794.409164,33320
94794.423428,33321
94794.438448,33322
94794.455663,33323
94794.470020,33324
94794.484450,33325
94794.500493,33326
94794.516234,33327
94794.532362,33328
94794.547792,33329
94794.560712,33330
94794.574477,33331
94794.588332,33332
94794.602857,33333
94794.619407,33334
94794.634790,33335
94794.649637,33336
94794.664308,33337
94794.679701,33338
94794.694104,33339
94794.707961,33340
94794.723435,33341
94794.739712,33342
94794.753096,33343
94794.768584,33344
94794.785261,33345
94794.799417,33346
94794.813676,33347
94794.829774,33348
94794.842803,33349
94794.862000,33350
94794.875493,33351
94794.889860,33352
94794.904731,33353
94794.919818,33354
94794.935424,33355
94794.951635,33356
94794.965343,33357
94794.981252,33358
94794.999045,33359
94795.013650,33360
94795.027853,33361
94795.042754,33362
94795.056043,33363
94795.069707,33364
94795.086236,33365
94795.099968,33366
94795.117176,33367
94795.132795,33368
94795.147308,33369
94795.160427,33370
94795.175208,33371
94795.190742,33372
94795.205827,33373
94795.221426,33374
94795.236564,33375
94795.252250,33376
94795.268726,33377
94795.283249,33378
94795.297300,33379
94795.310603,33380
94795.326416,33381
94795.340765,33382
94795.354430,33383
94795.370088,33384
94795.385863,33385
94795.400650,33386
94795.415696,33387
94795.430097,33388
94795.443496,33389
94795.458596,33390
94795.473045,33391
94795.488659,33392
94795.501780,33393
94795.517287,33394
94795.532890,33395
94795.547793,33396
94795.562144,33397
94795.577794,33398
94795.593617,33399
94795.610694,33400
94795.626266,33401
94795.640481,33402
94795.656768,33403
94795.672743,33404
94795.691270,33405
94795.707765,33406
94795.721681,33407
94795.737399,33408
94795.755073,33409
94795.767851,33410
94795.781473,33411
94795.795771,33412
94795.815463,33413
94795.829847,33414
94795.845315,33415
94795.860182,33416
94795.874962,33417
94795.889333,33418
94795.903309,33419
94795.919583,33420
94795.933919,33421
94795.947512,33422
94795.961967,33423
94795.977139,33424
94795.992648,33425
94796.006584,33426
94796.020890,33427
94796.035335,33428
94796.051209,33429
94796.065949,33430
94796.079927,33431
94796.095806,33432
94796.111471,33433
94796.126540,33434
94796.142738,33435
94796.158025,33436
94796.173668,33437
94796.189098,33438
94796.204507,33439
94796.218464,33440
94796.233019,33441
94796.248705,33442
94796.262517,33443
94796.276911,33444
94796.291559,33445
94796.307639,33446
94796.320971,33447
94796.336656,33448
94796.352210,33449
94796.369984,33450
94796.384397,33451
94796.402404,33452
94796.416463,33453
94796.429985,33454
94796.443627,33455
94796.457918,33456
94796.473207,33457
94796.488215,33458
94796.502964,33459
94796.517987,33460
94796.532958,33461
94796.546924,33462
94796.561449,33463
94796.575310,33464
94796.589775,33465
94796.605817,33466
94796.623069,33467
94796.638928,33468
94796.652742,33469
94796.667328,33470
94796.683797,33471
94796.698974,33472
94796.713740,33473
94796.728836,33474
94796.743974,33475
94796.758254,33476
94796.771925,33477
94796.785744,33478
94796.798932,33479
94796.814228,33480
94796.827808,33481
94796.841254,33482
94796.857162,33483
94796.873702,33484
94796.887184,33485
94796.901162,33486
94796.916295,33487
94796.933263,33488
94796.947944,33489
94796.963021,33490
94796.979214,33491
94796.994629,33492
94797.009463,33493
94797.023399,33494
94797.037251,33495
94797.051774,33496
94797.069351,33497
94797.083400,33498
94797.099746,33499
94797.109231,33750
94797.115060,33751
94797.120686,33752
94797.125740,33753
94797.130939,33754
94797.136123,33755
94797.141496,33756
94797.146491,33757
94797.151627,33758
94797.156984,33759
94797.162412,33760
94797.167348,33761
94797.172374,33762
94797.177516,33763
94797.183758,33764
94797.188757,33765
94797.193973,33766
94797.199033,33767
94797.204715,33768
94797.209622,33769
94797.214734,33770
94797.219880,33771
94797.225075,33772
94797.230386,33773
94797.236567,33774
94797.241500,33775
94797.246618,33776
94797.252596,33777
94797.257476,33778
94797.262564,33779
94797.267735,33780
94797.273035,33781
94797.278277,33782
94797.283652,33783
94797.288830,33784
94797.294500,33785
94797.301403,33786
94797.309914,33787
94797.316552,33788
94797.322568,33789
94797.327539,33790
94797.332692,33791
94797.337836,33792
94797.343389,33793
94797.348371,33794
94797.353394,33795
94797.358732,33796
94797.364154,33797
94797.369147,33798
94797.374213,33799
94797.381531,33800
94797.386582,33801
94797.392636,33802
94797.397999,33803
94797.403068,33804
94797.408137,33805
94797.413325,33806
94797.418229,33807
94797.423268,33808
94797.428271,33809
94797.433582,33810
94797.438537,33811
94797.443583,33812
94797.448576,33813
94797.454150,33814
94797.459190,33815
94797.464236,33816
94797.469364,33817
94797.474608,33818
94797.479554,33819
94797.484496,33820
94797.489742,33821
94797.494836,33822
94797.499857,33823
94797.504870,33824
94797.510158,33825
94797.515244,33826
94797.520186,33827
94797.525794,33828
94797.531408,33829
94797.536860,33830
94797.541990,33831
94797.546886,33832
94797.552464,33833
94797.558218,33834
94797.563354,33835
94797.568739,33836
94797.574427,33837
94797.580106,33838
94797.585710,33839
94797.590687,33840
94797.596141,33841
94797.601988,33842
94797.607371,33843
94797.612661,33844
94797.618030,33845
94797.623172,33846
94797.628485,33847
94797.633976,33848
94797.639078,33849
94797.644026,33850
94797.649350,33851
94797.654348,33852
94797.659446,33853
94797.664834,33854
94797.670528,33855
94797.676367,33856
94797.681687,33857
94797.686779,33858
94797.692371,33859
94797.697939,33860
94797.702948,33861
94797.708581,33862
94797.713891,33863
94797.719387,33864
94797.724906,33865
94797.730034,33866
94797.735402,33867
94797.740779,33868
94797.746198,33869
94797.751250,33870
94797.756433,33871
94797.761699,33872
94797.766907,33873
94797.772055,33874
94797.777218,33875
94797.782550,33876
94797.788071,33877
94797.793198,33878
94797.798499,33879
94797.804324,33880
94797.809942,33881
94797.815728,33882
94797.820737,33883
94797.825865,33884
94797.831209,33885
94797.836807,33886
94797.841807,33887
94797.847169,33888
94797.852309,33889
94797.857820,33890
94797.863313,33891
94797.868395,33892
94797.873594,33893
94797.879356,33894
94797.885413,33895
94797.890795,33896
94797.895966,33897
94797.901214,33898
94797.906738,33899
94797.914850,33900
94797.920473,33901
94797.925984,33902
94797.931192,33903
94797.936495,33904
94797.942071,33905
94797.947949,33906
94797.953206,33907
94797.958265,33908
94797.963740,33909
94797.969053,33910
94797.974525,33911
94797.979612,33912
94797.984864,33913
94797.990210,33914
94797.995489,33915
94798.000502,33916
94798.005963,33917
94798.011208,33918
94798.016443,33919
94798.021469,33920
94798.026512,33921
94798.031679,33922
94798.037487,33923
94798.042426,33924
94798.047705,33925
94798.052928,33926
94798.057934,33927
94798.063078,33928
94798.068479,33929
94798.073581,33930
94798.078996,33931
94798.084383,33932
94798.089394,33933
94798.094517,33934
94798.099655,33935
94798.104717,33936
94798.109775,33937
94798.114820,33938
94798.120234,33939
94798.125335,33940
94798.130373,33941
94798.135959,33942
94798.141138,33943
94798.146204,33944
94798.151504,33945
94798.156663,33946
94798.161985,33947
94798.167044,33948
94798.172211,33949
94798.177181,33950
94798.182191,33951
94798.187425,33952
94798.192777,33953
94798.197801,33954
94798.202788,33955
94798.207809,33956
94798.213420,33957
94798.218819,33958
94798.223845,33959
94798.229109,33960
94798.234446,33961
94798.239783,33962
94798.245162,33963
94798.250164,33964
94798.255667,33965
94798.260698,33966
94798.266275,33967
94798.271338,33968
94798.276374,33969
94798.281528,33970
94798.287083,33971
94798.292138,33972
94798.297746,33973
94798.303088,33974
94798.308300,33975
94798.313513,33976
94798.318592,33977
94798.323610,33978
94798.328778,33979
94798.333862,33980
94798.339217,33981
94798.344220,33982
94798.349663,33983
94798.354894,33984
94798.360226,33985
94798.365289,33986
94798.370534,33987
94798.375433,33988
94798.380414,33989
94798.385473,33990
94798.390411,33991
94798.395543,33992
94798.400890,33993
94798.405915,33994
94798.410877,33995
94798.415872,33996
94798.422191,33997
94798.429249,33998
94798.436065,33999
94798.447160,34000
94798.453150,34001
94798.459695,34002
94798.466724,34003
94798.471849,34004
94798.477765,34005
94798.483040,34006
94798.488628,34007
94798.493414,34008
94798.498706,34009
94798.503744,34010
94798.510487,34011
94798.515571,34012
94798.521879,34013
94798.528249,34014
94798.533621,34015
94798.538864,34016
94798.544281,34017
94798.549711,34018
94798.556631,34019
94798.561806,34020
94798.568139,34021
94798.574826,34022
94798.582381,34023
94798.589789,34024
94798.595730,34025
94798.601344,34026
94798.609087,34027
94798.615830,34028
94798.621714,34029
94798.629006,34030
94798.635107,34031
94798.642274,34032
94798.647855,34033
94798.653060,34034
94798.660208,34035
94798.665408,34036
94798.670991,34037
94798.678368,34038
94798.684279,34039
94798.689144,34040
94798.694767,34041
94798.702413,34042
94798.708781,34043
94798.716051,34044
94798.721602,34045
94798.726805,34046
94798.732517,34047
94798.738924,34048
94798.744461,34049
94798.753358,34050
94798.758779,34051
94798.763550,34052
94798.770223,34053
94798.776939,34054
94798.783875,34055
94798.789072,34056
94798.796087,34057
94798.801296,34058
94798.806911,34059
94798.811908,34060
94798.819236,34061
94798.824781,34062
94798.830713,34063
94798.839026,34064
94798.845035,34065
94798.850396,34066
94798.856724,34067
94798.862324,34068
94798.867969,34069
94798.874848,34070
94798.880730,34071
94798.886066,34072
94798.894327,34073
94798.899628,34074
94798.905178,34075
94798.911476,34076
94798.917421,34077
94798.922875,34078
94798.931166,34079
94798.937076,34080
94798.943050,34081
94798.948441,34082
94798.956366,34083
94798.961757,34084
94798.967470,34085
94798.972728,34086
94798.979406,34087
94798.984628,34088
94798.993292,34089
94799.001753,34090
94799.007376,34091
94799.014850,34092
94799.022616,34093
94799.029334,34094
94799.034983,34095
94799.043998,34096
94799.049801,34097
94799.055308,34098
94799.060974,34099
94799.066716,34100
94799.074725,34101
94799.081672,34102
94799.087225,34103
94799.092651,34104
94799.098559,34105
94799.103708,34106
94799.109323,34107
94799.114788,34108
94799.121275,34109
94799.126765,34110
94799.132208,34111
94799.138264,34112
94799.144257,34113
94799.149946,34114
94799.155412,34115
94799.162693,34116
94799.169874,34117
94799.174992,34118
94799.182335,34119
94799.189692,34120
94799.197244,34121
94799.203377,34122
94799.209024,34123
94799.214571,34124
94799.220221,34125
94799.225386,34126
94799.233961,34127
94799.239354,34128
94799.246427,34129
94799.251965,34130
94799.260327,34131
94799.267726,34132
94799.274313,34133
94799.279767,34134
94799.285561,34135
94799.292619,34136
94799.298975,34137
94799.304206,34138
94799.309596,34139
94799.316063,34140
94799.321984,34141
94799.329816,34142
94799.337108,34143
94799.342557,34144
94799.347943,34145
94799.353263,34146
94799.358528,34147
94799.364252,34148
94799.369397,34149
94799.379048,34150
94799.387349,34151
94799.393656,34152
94799.399492,34153
94799.406516,34154
94799.413704,34155
94799.419349,34156
94799.425520,34157
94799.430783,34158
94799.436290,34159
94799.443278,34160
94799.448688,34161
94799.454311,34162
94799.459449,34163
94799.464627,34164
94799.469830,34165
94799.477261,34166
94799.482599,34167
94799.487797,34168
94799.493304,34169
94799.498623,34170
94799.505925,34171
94799.511378,34172
94799.516914,34173
94799.522084,34174
94799.527247,34175
94799.532467,34176
94799.538352,34177
94799.546000,34178
94799.551425,34179
94799.559409,34180
94799.565646,34181
94799.572077,34182
94799.577462,34183
94799.583456,34184
94799.589654,34185
94799.596396,34186
94799.602669,34187
94799.608472,34188
94799.615575,34189
94799.621265,34190
94799.627067,34191
94799.632340,34192
94799.639247,34193
94799.644662,34194
94799.649828,34195
94799.657748,34196
94799.663563,34197
94799.669450,34198
94799.676194,34199
94799.682005,34200
94799.688056,34201
94799.694278,34202
94799.699883,34203
94799.706849,34204
94799.713636,34205
94799.722562,34206
94799.728705,34207
94799.734896,34208
94799.741099,34209
94799.747446,34210
94799.753429,34211
94799.758735,34212
94799.767320,34213
94799.773759,34214
94799.779211,34215
94799.786284,34216
94799.792083,34217
94799.797498,34218
94799.804517,34219
94799.810993,34220
94799.817792,34221
94799.823396,34222
94799.829070,34223
94799.834390,34224
94799.839784,34225
94799.846746,34226
94799.852666,34227
94799.859923,34228
94799.865393,34229
94799.871198,34230
94799.876590,34231
94799.882082,34232
94799.887666,34233
94799.893362,34234
94799.902327,34235
94799.909329,34236
94799.915048,34237
94799.921651,34238
94799.929322,34239
94799.934784,34240
94799.940241,34241
94799.945535,34242
94799.950916,34243
94799.956814,34244
94799.962383,34245
94799.967875,34246
94799.974678,34247
94799.983013,34248
94799.988924,34249
94800.001110,34250
94800.013126,34251
94800.025516,34252
94800.037618,34253
94800.047053,34254
94800.056364,34255
94800.064947,34256
94800.075437,34257
94800.084391,34258
94800.094337,34259
94800.103141,34260
94800.112868,34261
94800.121754,34262
94800.129850,34263
94800.140865,34264
94800.149721,34265
94800.159260,34266
94800.167332,34267
94800.177263,34268
94800.185868,34269
94800.194580,34270
94800.202977,34271
94800.211347,34272
94800.222293,34273
94800.231353,34274
94800.240218,34275
94800.248776,34276
94800.258233,34277
94800.267317,34278
94800.276290,34279
94800.285524,34280
94800.293945,34281
94800.304062,34282
94800.313942,34283
94800.323550,34284
94800.333796,34285
94800.342035,34286
94800.351073,34287
94800.362084,34288
94800.370647,34289
94800.379671,34290
94800.388876,34291
94800.399944,34292
94800.408739,34293
94800.418527,34294
94800.428881,34295
94800.438328,34296
94800.448893,34297
94800.457929,34298
94800.469086,34299
94800.481702,34300
94800.490765,34301
94800.499477,34302
94800.509475,34303
94800.519664,34304
94800.532054,34305
94800.543214,34306
94800.553942,34307
94800.562838,34308
94800.570737,34309
94800.580660,34310
94800.590300,34311
94800.599967,34312
94800.610558,34313
94800.618755,34314
94800.629309,34315
94800.640569,34316
94800.649931,34317
94800.660499,34318
94800.671244,34319
94800.680772,34320
94800.689627,34321
94800.698847,34322
94800.708045,34323
94800.717375,34324
94800.726948,34325
94800.736326,34326
94800.746999,34327
94800.757474,34328
94800.765892,34329
94800.773981,34330
94800.783506,34331
94800.792229,34332
94800.801825,34333
94800.812288,34334
94800.820753,34335
94800.831024,34336
94800.841525,34337
94800.851841,34338
94800.861062,34339
94800.869564,34340
94800.880877,34341
94800.890331,34342
94800.899727,34343
94800.909860,34344
94800.919704,34345
94800.929060,34346
94800.938604,34347
94800.946596,34348
94800.955455,34349
94800.964049,34350
94800.974328,34351
94800.983760,34352
94800.992203,34353
94801.000819,34354
94801.009884,34355
94801.019087,34356
94801.027271,34357
94801.038727,34358
94801.048171,34359
94801.059871,34360
94801.069392,34361
94801.079305,34362
94801.089198,34363
94801.099614,34364
94801.108741,34365
94801.119340,34366
94801.129936,34367
94801.139806,34368
94801.149893,34369
94801.159306,34370
94801.169259,34371
94801.180114,34372
94801.191472,34373
94801.199912,34374
94801.209847,34375
94801.219871,34376
94801.231287,34377
94801.239594,34378
94801.249617,34379
94801.260178,34380
94801.269291,34381
94801.277714,34382
94801.287573,34383
94801.296745,34384
94801.304888,34385
94801.312903,34386
94801.323306,34387
94801.333501,34388
94801.341740,34389
94801.350892,34390
94801.360808,34391
94801.370610,34392
94801.379968,34393
94801.389218,34394
94801.400267,34395
94801.409227,34396
94801.417712,34397
94801.427868,34398
94801.437522,34399
94801.449007,34400
94801.460058,34401
94801.469578,34402
94801.478876,34403
94801.488481,34404
94801.496208,34405
94801.504925,34406
94801.514453,34407
94801.522906,34408
94801.532369,34409
94801.540767,34410
94801.549635,34411
94801.560242,34412
94801.569940,34413
94801.580633,34414
94801.590103,34415
94801.598835,34416
94801.607194,34417
94801.616531,34418
94801.625332,34419
94801.633875,34420
94801.643783,34421
94801.653637,34422
94801.664956,34423
94801.674923,34424
94801.685153,34425
94801.694374,34426
94801.701757,34427
94801.709925,34428
94801.718436,34429
94801.729360,34430
94801.737265,34431
94801.746568,34432
94801.756756,34433
94801.765772,34434
94801.775030,34435
94801.783745,34436
94801.793346,34437
94801.803807,34438
94801.813812,34439
94801.821302,34440
94801.830469,34441
94801.839237,34442
94801.849464,34443
94801.859698,34444
94801.868373,34445
94801.876903,34446
94801.885225,34447
94801.893702,34448
94801.903937,34449
94801.914842,34450
94801.924261,34451
94801.934873,34452
94801.944746,34453
94801.954928,34454
94801.965900,34455
94801.975992,34456
94801.985293,34457
94801.995650,34458
94802.005381,34459
94802.014968,34460
94802.024103,34461
94802.033140,34462
94802.041630,34463
94802.053042,34464
94802.062220,34465
94802.070400,34466
94802.078670,34467
94802.087887,34468
94802.096753,34469
94802.105861,34470
94802.114038,34471
94802.123759,34472
94802.133661,34473
94802.145955,34474
94802.155022,34475
94802.166565,34476
94802.175998,34477
94802.185414,34478
94802.193803,34479
94802.202866,34480
94802.211858,34481
94802.220357,34482
94802.229618,34483
94802.240071,34484
94802.250206,34485
94802.259049,34486
94802.268505,34487
94802.279515,34488
94802.289554,34489
94802.298430,34490
94802.308565,34491
94802.320204,34492
94802.330892,34493
94802.340950,34494
94802.351374,34495
94802.360949,34496
94802.370316,34497
94802.380217,34498
94802.390392,34499
94802.405140,34500
94802.415887,34501
94802.428720,34502
94802.442027,34503
94802.454974,34504
94802.467016,34505
94802.479346,34506
94802.490858,34507
94802.502304,34508
94802.513098,34509
94802.526379,34510
94802.539138,34511
94802.550277,34512
94802.561815,34513
94802.575519,34514
94802.588878,34515
94802.601387,34516
94802.613027,34517
94802.626965,34518
94802.640756,34519
94802.654088,34520
94802.666540,34521
94802.678101,34522
94802.689401,34523
94802.700577,34524
94802.712459,34525
94802.726607,34526
94802.740283,34527
94802.753346,34528
94802.764743,34529
94802.776961,34530
94802.788937,34531
94802.801603,34532
94802.815959,34533
94802.829484,34534
94802.840514,34535
94802.852708,34536
94802.863276,34537
94802.875801,34538
94802.890604,34539
94802.902676,34540
94802.916037,34541
94802.927381,34542
94802.939578,34543
94802.951629,34544
94802.963534,34545
94802.976477,34546
94802.989647,34547
94803.003261,34548
94803.017545,34549
94803.032602,34550
94803.043670,34551
94803.055766,34552
94803.066964,34553
94803.077650,34554
94803.091079,34555
94803.102899,34556
94803.114758,34557
94803.125744,34558
94803.138884,34559
94803.151468,34560
94803.165468,34561
94803.178580,34562
94803.189833,34563
94803.200666,34564
94803.212347,34565
94803.226341,34566
94803.237947,34567
94803.250130,34568
94803.264454,34569
94803.278315,34570
94803.289940,34571
94803.302674,34572
94803.314341,34573
94803.325626,34574
94803.337949,34575
94803.349355,34576
94803.361671,34577
94803.373895,34578
94803.386672,34579
94803.398124,34580
94803.410761,34581
94803.422710,34582
94803.434768,34583
94803.446310,34584
94803.457787,34585
94803.469461,34586
94803.481477,34587
94803.492869,34588
94803.504640,34589
94803.515792,34590
94803.526810,34591
94803.538407,34592
94803.550264,34593
94803.562614,34594
94803.574527,34595
94803.588683,34596
94803.600854,34597
94803.614762,34598
94803.627304,34599
94803.638905,34600
94803.649749,34601
94803.663592,34602
94803.676037,34603
94803.687890,34604
94803.699825,34605
94803.712830,34606
94803.724221,34607
94803.735440,34608
94803.747225,34609
94803.760383,34610
94803.772538,34611
94803.785705,34612
94803.798100,34613
94803.809934,34614
94803.822270,34615
94803.836787,34616
94803.850324,34617
94803.862825,34618
94803.874728,34619
94803.889275,34620
94803.901551,34621
94803.913274,34622
94803.926101,34623
94803.938796,34624
94803.950697,34625
94803.962101,34626
94803.974533,34627
94803.988078,34628
94803.998941,34629
94804.010568,34630
94804.022210,34631
94804.035635,34632
94804.047807,34633
94804.059466,34634
94804.070564,34635
94804.083523,34636
94804.095529,34637
94804.107734,34638
94804.122518,34639
94804.135823,34640
94804.149977,34641
94804.162421,34642
94804.176813,34643
94804.189296,34644
94804.200203,34645
94804.211501,34646
94804.225704,34647
94804.239754,34648
94804.251310,34649
94804.267418,34650
94804.279765,34651
94804.291964,34652
94804.305833,34653
94804.320809,34654
94804.332879,34655
94804.346018,34656
94804.360508,34657
94804.373581,34658
94804.387503,34659
94804.401208,34660
94804.414130,34661
94804.426465,34662
94804.438410,34663
94804.453767,34664
94804.465663,34665
94804.477273,34666
94804.488642,34667
94804.500980,34668
94804.514944,34669
94804.528356,34670
94804.540841,34671
94804.554785,34672
94804.568889,34673
94804.581807,34674
94804.595584,34675
94804.609941,34676
94804.622093,34677
94804.634562,34678
94804.647971,34679
94804.660317,34680
94804.673032,34681
94804.685824,34682
94804.699692,34683
94804.712448,34684
94804.726015,34685
94804.738398,34686
94804.749980,34687
94804.762489,34688
94804.776063,34689
94804.790258,34690
94804.801555,34691
94804.813847,34692
94804.826964,34693
94804.840330,34694
94804.853063,34695
94804.866402,34696
94804.877844,34697
94804.890270,34698
94804.902465,34699
94804.915930,34700
94804.929261,34701
94804.942495,34702
94804.954214,34703
94804.965759,34704
94804.977933,34705
94804.989892,34706
94805.002031,34707
94805.016055,34708
94805.029494,34709
94805.041352,34710
94805.054038,34711
94805.068717,34712
94805.080685,34713
94805.092601,34714
94805.105088,34715
94805.117136,34716
94805.131293,34717
94805.144485,34718
94805.155656,34719
94805.167340,34720
94805.179471,34721
94805.191527,34722
94805.203764,34723
94805.217381,34724
94805.229261,34725
94805.242845,34726
94805.254768,34727
94805.266695,34728
94805.279155,34729
94805.290581,34730
94805.302418,34731
94805.314091,34732
94805.325571,34733
94805.339945,34734
94805.352190,34735
94805.365994,34736
94805.380742,34737
94805.395233,34738
94805.409323,34739
94805.422320,34740
94805.435091,34741
94805.449556,34742
94805.463290,34743
94805.476721,34744
94805.490607,34745
94805.503579,34746
94805.514960,34747
94805.527373,34748
94805.542322,34749
94805.551332,34750
94805.556767,34751
94805.562338,34752
94805.568541,34753
94805.574083,34754
94805.580685,34755
94805.586968,34756
94805.592175,34757
94805.597477,34758
94805.603149,34759
94805.608359,34760
94805.613488,34761
94805.619528,34762
94805.629322,34763
94805.638347,34764
94805.644693,34765
94805.649801,34766
94805.654948,34767
94805.660160,34768
94805.665578,34769
94805.670937,34770
94805.676062,34771
94805.681179,34772
94805.686337,34773
94805.691799,34774
94805.696814,34775
94805.701886,34776
94805.707329,34777
94805.712806,34778
94805.717886,34779
94805.722954,34780
94805.728226,34781
94805.733438,34782
94805.738915,34783
94805.744061,34784
94805.749322,34785
94805.754501,34786
94805.759466,34787
94805.764470,34788
94805.769729,34789
94805.775455,34790
94805.781309,34791
94805.786352,34792
94805.792443,34793
94805.797811,34794
94805.803367,34795
94805.809603,34796
94805.814940,34797
94805.820133,34798
94805.825324,34799
94805.833527,34800
94805.839499,34801
94805.845519,34802
94805.850920,34803
94805.856137,34804
94805.861448,34805
94805.866778,34806
94805.872079,34807
94805.877453,34808
94805.882887,34809
94805.888336,34810
94805.893688,34811
94805.899456,34812
94805.904971,34813
94805.910378,34814
94805.915580,34815
94805.921071,34816
94805.926219,34817
94805.931190,34818
94805.936560,34819
94805.942093,34820
94805.948269,34821
94805.953468,34822
94805.959199,34823
94805.964494,34824
94805.969615,34825
94805.974804,34826
94805.980327,34827
94805.985492,34828
94805.991517,34829
94805.997032,34830
94806.002278,34831
94806.007718,34832
94806.013277,34833
94806.018556,34834
94806.024089,34835
94806.029210,34836
94806.034304,34837
94806.040197,34838
94806.046219,34839
94806.051339,34840
94806.056718,34841
94806.062047,34842
94806.068289,34843
94806.073952,34844
94806.079377,34845
94806.084623,34846
94806.090259,34847
94806.096034,34848
94806.101586,34849
94806.107074,34850
94806.112545,34851
94806.117602,34852
94806.122992,34853
94806.128593,34854
94806.133839,34855
94806.142256,34856
94806.147843,34857
94806.153560,34858
94806.159268,34859
94806.164523,34860
94806.170436,34861
94806.175879,34862
94806.181398,34863
94806.186832,34864
94806.193228,34865
94806.198413,34866
94806.203524,34867
94806.209116,34868
94806.216898,34869
94806.222309,34870
94806.228237,34871
94806.233763,34872
94806.238903,34873
94806.244343,34874
94806.249585,34875
94806.254765,34876
94806.260756,34877
94806.265876,34878
94806.271348,34879
94806.276804,34880
94806.282366,34881
94806.288093,34882
94806.293732,34883
94806.299658,34884
94806.305811,34885
94806.311885,34886
94806.317489,34887
94806.323346,34888
94806.328752,34889
94806.334239,34890
94806.339731,34891
94806.345024,34892
94806.350701,34893
94806.355888,34894
94806.361063,34895
94806.366731,34896
94806.372753,34897
94806.378685,34898
94806.383983,34899
94806.392429,34900
94806.397873,34901
94806.403356,34902
94806.408868,34903
94806.414273,34904
94806.419473,34905
94806.424746,34906
94806.430031,34907
94806.435847,34908
94806.442106,34909
94806.448061,34910
94806.453250,34911
94806.458435,34912
94806.464253,34913
94806.469516,34914
94806.474871,34915
94806.480517,34916
94806.485958,34917
94806.491384,34918
94806.497437,34919
94806.503549,34920
94806.509071,34921
94806.514501,34922
94806.519948,34923
94806.525451,34924
94806.530796,34925
94806.536325,34926
94806.541616,34927
94806.548138,34928
94806.554151,34929
94806.559793,34930
94806.565018,34931
94806.570943,34932
94806.577041,34933
94806.583927,34934
94806.590121,34935
94806.596765,34936
94806.602654,34937
94806.608890,34938
94806.614794,34939
94806.619848,34940
94806.625652,34941
94806.631387,34942
94806.636642,34943
94806.643856,34944
94806.650545,34945
94806.657007,34946
94806.663512,34947
94806.670022,34948
94806.675841,34949
94806.681919,34950
94806.688401,34951
94806.694316,34952
94806.700468,34953
94806.706012,34954
94806.712589,34955
94806.718063,34956
94806.723290,34957
94806.728485,34958
94806.733655,34959
94806.738990,34960
94806.744329,34961
94806.749532,34962
94806.754811,34963
94806.760589,34964
94806.766168,34965
94806.772017,34966
94806.778325,34967
94806.784234,34968
94806.789425,34969
94806.794805,34970
94806.800639,34971
94806.806313,34972
94806.811888,34973
94806.817488,34974
94806.823500,34975
94806.829422,34976
94806.835886,34977
94806.841591,34978
94806.847285,34979
94806.853518,34980
94806.858945,34981
94806.865233,34982
94806.870531,34983
94806.876236,34984
94806.881693,34985
94806.887128,34986
94806.892750,34987
94806.898657,34988
94806.904071,34989
94806.909688,34990
94806.915693,34991
94806.922307,34992
94806.928726,34993
94806.934937,34994
94806.941474,34995
94806.946800,34996
94806.951936,34997
94806.957412,34998
94806.964483,34999
94806.973033,35000
94806.978386,35001
94806.986008,35002
94806.992443,35003
94807.001147,35004
94807.007056,35005
94807.015344,35006
94807.022987,35007
94807.029543,35008
94807.036211,35009
94807.043526,35010
94807.049955,35011
94807.058305,35012
94807.064452,35013
94807.071706,35014
94807.077600,35015
94807.083352,35016
94807.089448,35017
94807.097023,35018
94807.103280,35019
94807.110336,35020
94807.115753,35021
94807.121384,35022
94807.131092,35023
94807.138336,35024
94807.144622,35025
94807.151717,35026
94807.160221,35027
94807.168156,35028
94807.174930,35029
94807.182843,35030
94807.188598,35031
94807.195944,35032
94807.201667,35033
94807.211126,35034
94807.216703,35035
94807.222188,35036
94807.230845,35037
94807.236935,35038
94807.243005,35039
94807.250124,35040
94807.257534,35041
94807.265833,35042
94807.271406,35043
94807.277219,35044
94807.284437,35045
94807.290609,35046
94807.296641,35047
94807.305822,35048
94807.313938,35049
94807.323341,35050
94807.331000,35051
94807.339246,35052
94807.344897,35053
94807.349810,35054
94807.356414,35055
94807.362157,35056
94807.370019,35057
94807.375020,35058
94807.380233,35059
94807.385474,35060
94807.391919,35061
94807.396926,35062
94807.404199,35063
94807.410608,35064
94807.417478,35065
94807.423776,35066
94807.432201,35067
94807.437733,35068
94807.443376,35069
94807.452033,35070
94807.459792,35071
94807.464977,35072
94807.472056,35073
94807.477727,35074
94807.486371,35075
94807.492080,35076
94807.497666,35077
94807.502508,35078
94807.507453,35079
94807.512739,35080
94807.520552,35081
94807.526422,35082
94807.533263,35083
94807.540655,35084
94807.547745,35085
94807.553236,35086
94807.559711,35087
94807.567542,35088
94807.575524,35089
94807.580994,35090
94807.587406,35091
94807.593204,35092
94807.598873,35093
94807.604397,35094
94807.612958,35095
94807.620634,35096
94807.625916,35097
94807.631528,35098
94807.636690,35099
94807.645794,35100
94807.651708,35101
94807.656863,35102
94807.664150,35103
94807.671538,35104
94807.676780,35105
94807.683288,35106
94807.688492,35107
94807.694490,35108
94807.702252,35109
94807.707506,35110
94807.713601,35111
94807.721870,35112
94807.727584,35113
94807.734761,35114
94807.740214,35115
94807.748160,35116
94807.753746,35117
94807.762746,35118
94807.768443,35119
94807.775321,35120
94807.782352,35121
94807.788816,35122
94807.796413,35123
94807.802573,35124
94807.809763,35125
94807.815048,35126
94807.823707,35127
94807.829482,35128
94807.835660,35129
94807.842116,35130
94807.847272,35131
94807.854296,35132
94807.859501,35133
94807.867827,35134
94807.874853,35135
94807.881864,35136
94807.889787,35137
94807.895992,35138
94807.902652,35139
94807.908185,35140
94807.913685,35141
94807.918571,35142
94807.925617,35143
94807.930747,35144
94807.936460,35145
94807.941660,35146
94807.946544,35147
94807.953066,35148
94807.958432,35149
94807.968215,35150
94807.973884,35151
94807.979798,35152
94807.985983,35153
94807.993317,35154
94808.000588,35155
94808.005993,35156
94808.011568,35157
94808.018703,35158
94808.025329,35159
94808.030276,35160
94808.035508,35161
94808.040853,35162
94808.047033,35163
94808.052820,35164
94808.060639,35165
94808.066520,35166
94808.073071,35167
94808.078098,35168
94808.083569,35169
94808.088703,35170
94808.096889,35171
94808.102095,35172
94808.107855,35173
94808.113258,35174
94808.122374,35175
94808.128929,35176
94808.136337,35177
94808.141425,35178
94808.149759,35179
94808.156952,35180
94808.162693,35181
94808.167649,35182
94808.173159,35183
94808.178240,35184
94808.183762,35185
94808.188603,35186
94808.195512,35187
94808.202395,35188
94808.211489,35189
94808.217013,35190
94808.223770,35191
94808.229087,35192
94808.235011,35193
94808.240460,35194
94808.245859,35195
94808.255064,35196
94808.265048,35197
94808.275195,35198
94808.285179,35199
94808.290859,35200
94808.296255,35201
94808.301154,35202
94808.307812,35203
94808.316309,35204
94808.321835,35205
94808.327295,35206
94808.334473,35207
94808.339858,35208
94808.346945,35209
94808.353301,35210
94808.359308,35211
94808.366019,35212
94808.371870,35213
94808.379181,35214
94808.385078,35215
94808.392129,35216
94808.401786,35217
94808.407622,35218
94808.415632,35219
94808.422724,35220
94808.428503,35221
94808.433661,35222
94808.439772,35223
94808.446206,35224
94808.452206,35225
94808.457616,35226
94808.464486,35227
94808.473431,35228
94808.479957,35229
94808.486189,35230
94808.495581,35231
94808.502555,35232
94808.508588,35233
94808.516318,35234
94808.524812,35235
94808.529895,35236
94808.535449,35237
94808.543554,35238
94808.552486,35239
94808.561439,35240
94808.567380,35241
94808.572284,35242
94808.579585,35243
94808.587319,35244
94808.593385,35245
94808.600348,35246
94808.608962,35247
94808.615047,35248
94808.622399,35249
94808.638182,35250
94808.647274,35251
94808.655863,35252
94808.667693,35253
94808.679405,35254
94808.690891,35255
94808.702255,35256
94808.712973,35257
94808.724580,35258
94808.735154,35259
94808.745008,35260
94808.754874,35261
94808.764601,35262
94808.773801,35263
94808.784730,35264
94808.793971,35265
94808.804656,35266
94808.814886,35267
94808.826943,35268
94808.837485,35269
94808.849288,35270
94808.859431,35271
94808.869957,35272
94808.881215,35273
94808.890691,35274
94808.900225,35275
94808.912573,35276
94808.922699,35277
94808.933520,35278
94808.942442,35279
94808.952831,35280
94808.962858,35281
94808.974425,35282
94808.985696,35283
94808.995922,35284
94809.007212,35285
94809.018643,35286
94809.027949,35287
94809.038672,35288
94809.049892,35289
94809.059927,35290
94809.071230,35291
94809.083729,35292
94809.094715,35293
94809.105058,35294
94809.115051,35295
94809.126292,35296
94809.137446,35297
94809.148262,35298
94809.159349,35299
94809.172327,35300
94809.182018,35301
94809.191415,35302
94809.201692,35303
94809.212602,35304
94809.223731,35305
94809.235792,35306
94809.246686,35307
94809.256033,35308
94809.267123,35309
94809.277873,35310
94809.289057,35311
94809.300494,35312
94809.311862,35313
94809.321199,35314
94809.330788,35315
94809.340923,35316
94809.350488,35317
94809.362548,35318
94809.373224,35319
94809.383642,35320
94809.393721,35321
94809.403272,35322
94809.414899,35323
94809.426140,35324
94809.435335,35325
94809.446774,35326
94809.456029,35327
94809.466022,35328
94809.477513,35329
94809.487052,35330
94809.498535,35331
94809.508340,35332
94809.518968,35333
94809.529508,35334
94809.541501,35335
94809.550653,35336
94809.560322,35337
94809.571772,35338
94809.584640,35339
94809.595015,35340
94809.606812,35341
94809.617911,35342
94809.627608,35343
94809.638482,35344
94809.650369,35345
94809.660541,35346
94809.670831,35347
94809.681897,35348
94809.692183,35349
94809.701809,35350
94809.712417,35351
94809.724729,35352
94809.734292,35353
94809.745283,35354
94809.756729,35355
94809.765487,35356
94809.777515,35357
94809.787812,35358
94809.797475,35359
94809.807425,35360
94809.817928,35361
94809.827938,35362
94809.838351,35363
94809.848649,35364
94809.858809,35365
94809.867950,35366
94809.878461,35367
94809.888531,35368
94809.897394,35369
94809.907356,35370
94809.917743,35371
94809.928844,35372
94809.940364,35373
94809.950797,35374
94809.960267,35375
94809.971966,35376
94809.982042,35377
94809.991552,35378
94810.001844,35379
94810.011801,35380
94810.022164,35381
94810.033014,35382
94810.043414,35383
94810.053690,35384
94810.062902,35385
94810.072554,35386
94810.081969,35387
94810.093462,35388
94810.102960,35389
94810.112830,35390
94810.123991,35391
94810.133880,35392
94810.143830,35393
94810.153772,35394
94810.166444,35395
94810.175941,35396
94810.185222,35397
94810.196239,35398
94810.206395,35399
94810.219427,35400
94810.229730,35401
94810.240509,35402
94810.250027,35403
94810.259494,35404
94810.268480,35405
94810.280697,35406
94810.290719,35407
94810.302133,35408
94810.313781,35409
94810.323534,35410
94810.334741,35411
94810.343402,35412
94810.353183,35413
94810.363913,35414
94810.373691,35415
94810.384706,35416
94810.395729,35417
94810.406910,35418
94810.416704,35419
94810.426208,35420
94810.438982,35421
94810.452931,35422
94810.465083,35423
94810.474462,35424
94810.486099,35425
94810.495217,35426
94810.504513,35427
94810.514900,35428
94810.525223,35429
94810.535913,35430
94810.544679,35431
94810.554977,35432
94810.564894,35433
94810.573900,35434
94810.584051,35435
94810.593529,35436
94810.605928,35437
94810.615799,35438
94810.627640,35439
94810.637114,35440
94810.647152,35441
94810.659247,35442
94810.668311,35443
94810.678223,35444
94810.688483,35445
94810.699645,35446
94810.709903,35447
94810.720633,35448
94810.731368,35449
94810.740745,35450
94810.751235,35451
94810.762265,35452
94810.773578,35453
94810.782385,35454
94810.793748,35455
94810.803821,35456
94810.816952,35457
94810.827897,35458
94810.837145,35459
94810.846774,35460
94810.855980,35461
94810.864623,35462
94810.874468,35463
94810.884441,35464
94810.895074,35465
94810.904823,35466
94810.914772,35467
94810.925522,35468
94810.934767,35469
94810.944623,35470
94810.954873,35471
94810.964364,35472
94810.974442,35473
94810.984263,35474
94810.994686,35475
94811.004026,35476
94811.015018,35477
94811.027570,35478
94811.037586,35479
94811.047352,35480
94811.057797,35481
94811.068570,35482
94811.078459,35483
94811.088700,35484
94811.099760,35485
94811.109710,35486
94811.119178,35487
94811.129359,35488
94811.140986,35489
94811.152705,35490
94811.162125,35491
94811.171113,35492
94811.181660,35493
94811.191602,35494
94811.203372,35495
94811.212938,35496
94811.223748,35497
94811.234410,35498
94811.244658,35499
94811.262238,35500
94811.275315,35501
94811.290948,35502
94811.304745,35503
94811.318488,35504
94811.332445,35505
94811.347387,35506
94811.361882,35507
94811.376208,35508
94811.389444,35509
94811.403027,35510
94811.418435,35511
94811.433043,35512
94811.447194,35513
94811.461342,35514
94811.475388,35515
94811.491152,35516
94811.506172,35517
94811.519805,35518
94811.534780,35519
94811.548829,35520
94811.562801,35521
94811.580921,35522
94811.596764,35523
94811.612377,35524
94811.626319,35525
94811.640690,35526
94811.654221,35527
94811.666900,35528
94811.680704,35529
94811.698804,35530
94811.713971,35531
94811.726407,35532
94811.741641,35533
94811.755840,35534
94811.769376,35535
94811.783629,35536
94811.799266,35537
94811.813946,35538
94811.826877,35539
94811.841967,35540
94811.857530,35541
94811.872801,35542
94811.887723,35543
94811.902606,35544
94811.917130,35545
94811.931772,35546
94811.947057,35547
94811.962695,35548
94811.977476,35549
94811.996746,35550
94812.008947,35551
94812.024406,35552
94812.039485,35553
94812.054341,35554
94812.069942,35555
94812.083588,35556
94812.096623,35557
94812.111421,35558
94812.126718,35559
94812.140853,35560
94812.154730,35561
94812.170214,35562
94812.184396,35563
94812.198939,35564
94812.214517,35565
94812.230105,35566
94812.246368,35567
94812.260367,35568
94812.274378,35569
94812.288279,35570
94812.303600,35571
94812.318419,35572
94812.336098,35573
94812.350855,35574
94812.365649,35575
94812.380207,35576
94812.396275,35577
94812.409324,35578
94812.425133,35579
94812.438527,35580
94812.452153,35581
94812.467437,35582
94812.480677,35583
94812.495478,35584
94812.510718,35585
94812.526495,35586
94812.541794,35587
94812.556482,35588
94812.570831,35589
94812.584849,35590
94812.598783,35591
94812.613431,35592
94812.627899,35593
94812.641762,35594
94812.655638,35595
94812.669721,35596
94812.683163,35597
94812.697137,35598
94812.711163,35599
94812.727629,35600
94812.740568,35601
94812.756356,35602
94812.772833,35603
94812.786201,35604
94812.801308,35605
94812.815641,35606
94812.830271,35607
94812.843692,35608
94812.857796,35609
94812.871221,35610
94812.884825,35611
94812.901516,35612
94812.917147,35613
94812.930678,35614
94812.944432,35615
94812.958790,35616
94812.973514,35617
94812.987927,35618
94813.003543,35619
94813.018881,35620
94813.034721,35621
94813.049932,35622
94813.063049,35623
94813.077115,35624
94813.091617,35625
94813.105912,35626
94813.120575,35627
94813.133873,35628
94813.147647,35629
94813.163717,35630
94813.179329,35631
94813.192446,35632
94813.209641,35633
94813.225258,35634
94813.239578,35635
94813.253660,35636
94813.269325,35637
94813.283397,35638
94813.298804,35639
94813.313898,35640
94813.329086,35641
94813.345651,35642
94813.361715,35643
94813.373528,35644
94813.388120,35645
94813.403163,35646
94813.417605,35647
94813.431786,35648
94813.447382,35649
94813.465814,35650
94813.479839,35651
94813.494339,35652
94813.508665,35653
94813.525488,35654
94813.542210,35655
94813.556291,35656
94813.570979,35657
94813.585562,35658
94813.600369,35659
94813.614821,35660
94813.631344,35661
94813.646823,35662
94813.661297,35663
94813.674592,35664
94813.689276,35665
94813.702478,35666
94813.716032,35667
94813.730075,35668
94813.746394,35669
94813.761279,35670
94813.775163,35671
94813.791087,35672
94813.805957,35673
94813.820728,35674
94813.836796,35675
94813.854151,35676
94813.868767,35677
94813.882850,35678
94813.897959,35679
94813.912727,35680
94813.926876,35681
94813.941222,35682
94813.957240,35683
94813.973404,35684
94813.988175,35685
94814.003422,35686
94814.018472,35687
94814.033373,35688
94814.051376,35689
94814.065515,35690
94814.080983,35691
94814.095131,35692
94814.109774,35693
94814.124386,35694
94814.137797,35695
94814.152648,35696
94814.166797,35697
94814.183293,35698
94814.197656,35699
94814.213748,35700
94814.229328,35701
94814.244050,35702
94814.259189,35703
94814.274463,35704
94814.289324,35705
94814.303408,35706
94814.318911,35707
94814.333816,35708
94814.348840,35709
94814.363889,35710
94814.378280,35711
94814.392313,35712
94814.406738,35713
94814.422424,35714
94814.437834,35715
94814.454361,35716
94814.468980,35717
94814.483989,35718
94814.498955,35719
94814.515648,35720
94814.531530,35721
94814.547011,35722
94814.562279,35723
94814.578030,35724
94814.595906,35725
94814.611307,35726
94814.625460,35727
94814.640823,35728
94814.657411,35729
94814.672171,35730
94814.686235,35731
94814.702381,35732
94814.718855,35733
94814.732768,35734
94814.751101,35735
94814.767117,35736
94814.780801,35737
94814.797374,35738
94814.812127,35739
94814.829305,35740
94814.843582,35741
94814.858103,35742
94814.874269,35743
94814.888347,35744
94814.903795,35745
94814.918614,35746
94814.933589,35747
94814.947785,35748
94814.963589,35749
94814.974868,36000
94814.980842,36001
94814.985977,36002
94814.991347,36003
94814.996529,36004
94815.001657,36005
94815.006882,36006
94815.012707,36007
94815.017936,36008
94815.023020,36009
94815.028829,36010
94815.034648,36011
94815.040727,36012
94815.046332,36013
94815.051598,36014
94815.057025,36015
94815.062462,36016
94815.068615,36017
94815.074340,36018
94815.079578,36019
94815.084916,36020
94815.090688,36021
94815.096464,36022
94815.102391,36023
94815.107792,36024
94815.112886,36025
94815.118084,36026
94815.124056,36027
94815.130209,36028
94815.135778,36029
94815.140856,36030
94815.146195,36031
94815.152052,36032
94815.157916,36033
94815.163479,36034
94815.168793,36035
94815.174180,36036
94815.179619,36037
94815.185281,36038
94815.190466,36039
94815.195823,36040
94815.201486,36041
94815.207250,36042
94815.212354,36043
94815.217550,36044
94815.222790,36045
94815.229074,36046
94815.234913,36047
94815.240593,36048
94815.246012,36049
94815.251583,36050
94815.256724,36051
94815.262744,36052
94815.267952,36053
94815.273268,36054
94815.278637,36055
94815.283894,36056
94815.289593,36057
94815.295165,36058
94815.300481,36059
94815.306066,36060
94815.311720,36061
94815.317738,36062
94815.323291,36063
94815.328871,36064
94815.334009,36065
94815.339479,36066
94815.345167,36067
94815.350223,36068
94815.355367,36069
94815.360990,36070
94815.367064,36071
94815.372651,36072
94815.377979,36073
94815.383224,36074
94815.388374,36075
94815.394748,36076
94815.400095,36077
94815.405278,36078
94815.410559,36079
94815.415731,36080
94815.420997,36081
94815.426587,36082
94815.431818,36083
94815.437352,36084
94815.443535,36085
94815.448960,36086
94815.454238,36087
94815.459516,36088
94815.465374,36089
94815.471115,36090
94815.476189,36091
94815.481566,36092
94815.486916,36093
94815.492317,36094
94815.498079,36095
94815.503302,36096
94815.508736,36097
94815.513822,36098
94815.519763,36099
94815.527909,36100
94815.534111,36101
94815.539541,36102
94815.544783,36103
94815.550085,36104
94815.555320,36105
94815.561643,36106
94815.567419,36107
94815.572732,36108
94815.578298,36109
94815.583673,36110
94815.589251,36111
94815.595689,36112
94815.601419,36113
94815.606557,36114
94815.611691,36115
94815.617497,36116
94815.623035,36117
94815.628398,36118
94815.633598,36119
94815.638831,36120
94815.644659,36121
94815.649909,36122
94815.655025,36123
94815.660682,36124
94815.666758,36125
94815.672584,36126
94815.678257,36127
94815.683491,36128
94815.688642,36129
94815.695021,36130
94815.701240,36131
94815.707797,36132
94815.713843,36133
94815.720474,36134
94815.725876,36135
94815.731183,36136
94815.736255,36137
94815.741944,36138
94815.746985,36139
94815.752431,36140
94815.757581,36141
94815.763186,36142
94815.768836,36143
94815.773955,36144
94815.778994,36145
94815.784381,36146
94815.789932,36147
94815.794968,36148
94815.800409,36149
94815.805621,36150
94815.811541,36151
94815.816634,36152
94815.821700,36153
94815.827120,36154
94815.832677,36155
94815.838304,36156
94815.843291,36157
94815.848573,36158
94815.853874,36159
94815.859549,36160
94815.864944,36161
94815.870242,36162
94815.875604,36163
94815.881089,36164
94815.886612,36165
94815.891722,36166
94815.896860,36167
94815.902500,36168
94815.908932,36169
94815.914204,36170
94815.919575,36171
94815.925553,36172
94815.931197,36173
94815.937236,36174
94815.942747,36175
94815.948308,36176
94815.953572,36177
94815.959072,36178
94815.964633,36179
94815.970291,36180
94815.976171,36181
94815.981385,36182
94815.986732,36183
94815.992372,36184
94815.998103,36185
94816.003382,36186
94816.008797,36187
94816.014010,36188
94816.020026,36189
94816.025879,36190
94816.031251,36191
94816.036611,36192
94816.041791,36193
94816.047890,36194
94816.053500,36195
94816.058531,36196
94816.063932,36197
94816.069396,36198
94816.075450,36199
94816.083320,36200
94816.089463,36201
94816.095473,36202
94816.100855,36203
94816.106029,36204
94816.111468,36205
94816.117236,36206
94816.123020,36207
94816.128268,36208
94816.133662,36209
94816.138958,36210
94816.144741,36211
94816.149929,36212
94816.155191,36213
94816.160576,36214
94816.166226,36215
94816.172172,36216
94816.177442,36217
94816.182872,36218
94816.188885,36219
94816.194404,36220
94816.200602,36221
94816.206292,36222
94816.211566,36223
94816.216991,36224
94816.222150,36225
94816.228185,36226
94816.234303,36227
94816.239481,36228
94816.244686,36229
94816.249835,36230
94816.255051,36231
94816.260341,36232
94816.265662,36233
94816.270690,36234
94816.276925,36235
94816.282359,36236
94816.287426,36237
94816.292571,36238
94816.298338,36239
94816.304678,36240
94816.310612,36241
94816.315822,36242
94816.320991,36243
94816.326174,36244
94816.332412,36245
94816.338535,36246
94816.344060,36247
94816.349313,36248
94816.354478,36249
94816.364010,36250
94816.369186,36251
94816.374789,36252
94816.380895,36253
94816.388834,36254
94816.394803,36255
94816.400832,36256
94816.406277,36257
94816.411564,36258
94816.418600,36259
94816.424686,36260
94816.430861,36261
94816.438555,36262
94816.444479,36263
94816.452380,36264
94816.459776,36265
94816.465919,36266
94816.471698,36267
94816.477635,36268
94816.484377,36269
94816.489815,36270
94816.495379,36271
94816.501718,36272
94816.507018,36273
94816.513739,36274
94816.519865,36275
94816.525844,36276
94816.533743,36277
94816.539791,36278
94816.546615,36279
94816.554066,36280
94816.559501,36281
94816.565720,36282
94816.573425,36283
94816.579549,36284
94816.586076,36285
94816.591884,36286
94816.597692,36287
94816.603491,36288
94816.610664,36289
94816.616974,36290
94816.622066,36291
94816.627715,36292
94816.633588,36293
94816.638792,36294
94816.645897,36295
94816.653073,36296
94816.660215,36297
94816.666265,36298
94816.673303,36299
94816.678610,36300
94816.684302,36301
94816.691708,36302
94816.696987,36303
94816.704119,36304
94816.709468,36305
94816.715210,36306
94816.722060,36307
94816.728047,36308
94816.732984,36309
94816.741505,36310
94816.749387,36311
94816.755081,36312
94816.763447,36313
94816.772247,36314
94816.778190,36315
94816.783955,36316
94816.790088,36317
94816.797943,36318
94816.806421,36319
94816.812746,36320
94816.819806,36321
94816.825862,36322
94816.833822,36323
94816.839826,36324
94816.845774,36325
94816.851044,36326
94816.856425,36327
94816.862084,36328
94816.868570,36329
94816.874251,36330
94816.882709,36331
94816.889227,36332
94816.894692,36333
94816.901784,36334
94816.909866,36335
94816.916338,36336
94816.924149,36337
94816.930305,36338
94816.936817,36339
94816.943379,36340
94816.951060,36341
94816.956767,36342
94816.962357,36343
94816.968314,36344
94816.973380,36345
94816.979338,36346
94816.985039,36347
94816.990435,36348
94816.996832,36349
94817.005798,36350
94817.013935,36351
94817.019960,36352
94817.025511,36353
94817.031798,36354
94817.037384,36355
94817.042536,36356
94817.049236,36357
94817.054614,36358
94817.060017,36359
94817.066393,36360
94817.071790,36361
94817.076774,36362
94817.082499,36363
94817.087268,36364
94817.092574,36365
94817.097610,36366
94817.104535,36367
94817.110335,36368
94817.117491,36369
94817.124241,36370
94817.130881,36371
94817.136102,36372
94817.143167,36373
94817.148268,36374
94817.155218,36375
94817.163560,36376
94817.169597,36377
94817.174697,36378
94817.181505,36379
94817.186637,36380
94817.191914,36381
94817.196777,36382
94817.203437,36383
94817.209886,36384
94817.217577,36385
94817.224479,36386
94817.231661,36387
94817.238660,36388
94817.244466,36389
94817.249714,36390
94817.255957,36391
94817.260785,36392
94817.266280,36393
94817.271540,36394
94817.277259,36395
94817.284200,36396
94817.289999,36397
94817.295277,36398
94817.301012,36399
94817.308889,36400
94817.314647,36401
94817.321922,36402
94817.327898,36403
94817.335804,36404
94817.342686,36405
94817.352661,36406
94817.360537,36407
94817.367848,36408
94817.374530,36409
94817.379396,36410
94817.384683,36411
94817.389780,36412
94817.396548,36413
94817.402127,36414
94817.409771,36415
94817.415653,36416
94817.420970,36417
94817.427692,36418
94817.435784,36419
94817.443699,36420
94817.450059,36421
94817.454973,36422
94817.460325,36423
94817.466544,36424
94817.472010,36425
94817.477371,36426
94817.485436,36427
94817.490659,36428
94817.495875,36429
94817.505021,36430
94817.513185,36431
94817.518159,36432
94817.523503,36433
94817.528859,36434
94817.534779,36435
94817.542467,36436
94817.547893,36437
94817.555255,36438
94817.561099,36439
94817.567984,36440
94817.576606,36441
94817.582411,36442
94817.587945,36443
94817.593174,36444
94817.598808,36445
94817.605045,36446
94817.612578,36447
94817.619248,36448
94817.625042,36449
94817.633719,36450
94817.639570,36451
94817.645031,36452
94817.651310,36453
94817.655993,36454
94817.661351,36455
94817.668588,36456
94817.674223,36457
94817.680612,36458
94817.689340,36459
94817.697923,36460
94817.703853,36461
94817.708822,36462
94817.716037,36463
94817.721472,36464
94817.726702,36465
94817.732289,36466
94817.739096,36467
94817.744149,36468
94817.749749,36469
94817.756678,36470
94817.762528,36471
94817.767442,36472
94817.772765,36473
94817.777988,36474
94817.783786,36475
94817.790923,36476
94817.798970,36477
94817.804788,36478
94817.812020,36479
94817.819976,36480
94817.827288,36481
94817.832451,36482
94817.840382,36483
94817.846678,36484
94817.852444,36485
94817.857352,36486
94817.862896,36487
94817.868120,36488
94817.873989,36489
94817.878816,36490
94817.886222,36491
94817.892510,36492
94817.898051,36493
94817.905023,36494
94817.912615,36495
94817.917646,36496
94817.923354,36497
94817.931673,36498
94817.939082,36499
94817.953458,36500
94817.962706,36501
94817.969601,36502
94817.981435,36503
94817.991911,36504
94818.001775,36505
94818.009216,36506
94818.018742,36507
94818.030354,36508
94818.039062,36509
94818.047755,36510
94818.056543,36511
94818.065752,36512
94818.076183,36513
94818.085615,36514
94818.094407,36515
94818.101675,36516
94818.111716,36517
94818.119579,36518
94818.128344,36519
94818.136475,36520
94818.146551,36521
94818.155777,36522
94818.166862,36523
94818.175834,36524
94818.183841,36525
94818.192711,36526
94818.203570,36527
94818.215105,36528
94818.224138,36529
94818.232326,36530
94818.241024,36531
94818.249303,36532
94818.258334,36533
94818.268114,36534
94818.279182,36535
94818.286541,36536
94818.295330,36537
94818.305415,36538
94818.315703,36539
94818.325789,36540
94818.335251,36541
94818.342918,36542
94818.350761,36543
94818.359204,36544
94818.367863,36545
94818.377347,36546
94818.387016,36547
94818.395596,36548
94818.404682,36549
94818.414105,36550
94818.424452,36551
94818.432871,36552
94818.441214,36553
94818.450905,36554
94818.460408,36555
94818.468718,36556
94818.479214,36557
94818.492097,36558
94818.501595,36559
94818.509957,36560
94818.520525,36561
94818.530679,36562
94818.540066,36563
94818.550346,36564
94818.559831,36565
94818.569780,36566
94818.578711,36567
94818.588359,36568
94818.598358,36569
94818.606760,36570
94818.615747,36571
94818.624345,36572
94818.633877,36573
94818.642852,36574
94818.652888,36575
94818.662299,36576
94818.671179,36577
94818.679810,36578
94818.688187,36579
94818.695768,36580
94818.705834,36581
94818.715235,36582
94818.724877,36583
94818.732694,36584
94818.743273,36585
94818.751644,36586
94818.760228,36587
94818.768459,36588
94818.777527,36589
94818.786485,36590
94818.795562,36591
94818.804794,36592
94818.813481,36593
94818.821541,36594
94818.830008,36595
94818.841012,36596
94818.850707,36597
94818.860436,36598
94818.871342,36599
94818.883745,36600
94818.891618,36601
94818.902265,36602
94818.912552,36603
94818.922801,36604
94818.934358,36605
94818.941897,36606
94818.950943,36607
94818.961047,36608
94818.971901,36609
94818.982759,36610
94818.993604,36611
94819.003528,36612
94819.014046,36613
94819.023495,36614
94819.034182,36615
94819.042223,36616
94819.053023,36617
94819.061720,36618
94819.072615,36619
94819.080839,36620
94819.090872,36621
94819.100982,36622
94819.110383,36623
94819.118942,36624
94819.129550,36625
94819.139468,36626
94819.151444,36627
94819.160627,36628
94819.168856,36629
94819.181733,36630
94819.197534,36631
94819.208520,36632
94819.218757,36633
94819.228299,36634
94819.237159,36635
94819.246271,36636
94819.254599,36637
94819.264738,36638
94819.272947,36639
94819.282059,36640
94819.292647,36641
94819.301452,36642
94819.312996,36643
94819.321221,36644
94819.330397,36645
94819.339914,36646
94819.350713,36647
94819.359931,36648
94819.368458,36649
94819.378271,36650
94819.390496,36651
94819.402323,36652
94819.411232,36653
94819.422858,36654
94819.433181,36655
94819.443020,36656
94819.451557,36657
94819.460198,36658
94819.471536,36659
94819.481410,36660
94819.492890,36661
94819.502679,36662
94819.512490,36663
94819.521487,36664
94819.532474,36665
94819.542027,36666
94819.552404,36667
94819.561610,36668
94819.571922,36669
94819.583445,36670
94819.594862,36671
94819.603670,36672
94819.614834,36673
94819.625023,36674
94819.634308,36675
94819.643308,36676
94819.654828,36677
94819.664055,36678
94819.673475,36679
94819.683300,36680
94819.693992,36681
94819.703942,36682
94819.713996,36683
94819.722422,36684
94819.733293,36685
94819.742371,36686
94819.752093,36687
94819.761600,36688
94819.771597,36689
94819.779500,36690
94819.789258,36691
94819.799495,36692
94819.811207,36693
94819.822683,36694
94819.833421,36695
94819.843182,36696
94819.854396,36697
94819.863384,36698
94819.872046,36699
94819.884218,36700
94819.896162,36701
94819.906435,36702
94819.916177,36703
94819.925668,36704
94819.933816,36705
94819.943820,36706
94819.952620,36707
94819.964866,36708
94819.974827,36709
94819.983810,36710
94819.993555,36711
94820.003978,36712
94820.013989,36713
94820.023081,36714
94820.031328,36715
94820.041586,36716
94820.051933,36717
94820.061625,36718
94820.070981,36719
94820.080551,36720
94820.088878,36721
94820.099168,36722
94820.108443,36723
94820.118074,36724
94820.127612,36725
94820.137509,36726
94820.148438,36727
94820.159640,36728
94820.169558,36729
94820.178330,36730
94820.187230,36731
94820.196275,36732
94820.205345,36733
94820.215243,36734
94820.224541,36735
94820.233279,36736
94820.242617,36737
94820.252619,36738
94820.261393,36739
94820.270257,36740
94820.280543,36741
94820.290477,36742
94820.300582,36743
94820.309838,36744
94820.319369,36745
94820.330594,36746
94820.339173,36747
94820.349252,36748
94820.360036,36749
94820.377254,36750
94820.389232,36751
94820.401182,36752
94820.413747,36753
94820.425939,36754
94820.439094,36755
94820.453692,36756
94820.465801,36757
94820.477756,36758
94820.489753,36759
94820.501791,36760
94820.513763,36761
94820.527378,36762
94820.538327,36763
94820.549547,36764
94820.559798,36765
94820.573703,36766
94820.585336,36767
94820.597296,36768
94820.609695,36769
94820.623521,36770
94820.635499,36771
94820.647954,36772
94820.659731,36773
94820.672901,36774
94820.686727,36775
94820.698543,36776
94820.710209,36777
94820.722081,36778
94820.733675,36779
94820.746190,36780
94820.757424,36781
94820.769455,36782
94820.780813,36783
94820.793445,36784
94820.805749,36785
94820.819644,36786
94820.833438,36787
94820.847545,36788
94820.859089,36789
94820.873052,36790
94820.885290,36791
94820.898294,36792
94820.910246,36793
94820.922274,36794
94820.933734,36795
94820.946067,36796
94820.958755,36797
94820.969840,36798
94820.981970,36799
94820.995301,36800
94821.009552,36801
94821.021301,36802
94821.035102,36803
94821.047593,36804
94821.058615,36805
94821.071263,36806
94821.086595,36807
94821.098815,36808
94821.112916,36809
94821.124716,36810
94821.135714,36811
94821.149033,36812
94821.163063,36813
94821.173851,36814
94821.186387,36815
94821.198400,36816
94821.210533,36817
94821.223573,36818
94821.235635,36819
94821.250422,36820
94821.262557,36821
94821.276940,36822
94821.289566,36823
94821.302036,36824
94821.314032,36825
94821.327502,36826
94821.340008,36827
94821.352316,36828
94821.364666,36829
94821.377267,36830
94821.389491,36831
94821.401810,36832
94821.414618,36833
94821.426589,36834
94821.441384,36835
94821.455571,36836
94821.469056,36837
94821.481858,36838
94821.495707,36839
94821.507869,36840
94821.519936,36841
94821.531271,36842
94821.543265,36843
94821.557376,36844
94821.570442,36845
94821.583468,36846
94821.596463,36847
94821.609928,36848
94821.623862,36849
94821.638249,36850
94821.649704,36851
94821.660008,36852
94821.671628,36853
94821.682213,36854
94821.692669,36855
94821.704441,36856
94821.715858,36857
94821.727721,36858
94821.740491,36859
94821.751575,36860
94821.763189,36861
94821.776103,36862
94821.788930,36863
94821.800324,36864
94821.812539,36865
94821.823829,36866
94821.836356,36867
94821.850869,36868
94821.862826,36869
94821.874906,36870
94821.887741,36871
94821.902227,36872
94821.915601,36873
94821.927399,36874
94821.940064,36875
94821.951559,36876
94821.963540,36877
94821.975399,36878
94821.989563,36879
94822.003229,36880
94822.017349,36881
94822.027688,36882
94822.038848,36883
94822.050161,36884
94822.061144,36885
94822.073634,36886
94822.085149,36887
94822.098932,36888
94822.111296,36889
94822.122869,36890
94822.134615,36891
94822.146578,36892
94822.158651,36893
94822.170143,36894
94822.183181,36895
94822.195050,36896
94822.210023,36897
94822.223784,36898
94822.236048,36899
94822.247455,36900
94822.261377,36901
94822.273274,36902
94822.286276,36903
94822.299092,36904
94822.311978,36905
94822.326092,36906
94822.339732,36907
94822.353100,36908
94822.365374,36909
94822.377754,36910
94822.390408,36911
94822.402763,36912
94822.416400,36913
94822.428013,36914
94822.443393,36915
94822.454838,36916
94822.467591,36917
94822.481565,36918
94822.493944,36919
94822.508245,36920
94822.522024,36921
94822.537004,36922
94822.549680,36923
94822.561421,36924
94822.574775,36925
94822.586742,36926
94822.598479,36927
94822.610306,36928
94822.621943,36929
94822.634228,36930
94822.647438,36931
94822.659954,36932
94822.672508,36933
94822.684665,36934
94822.696613,36935
94822.710291,36936
94822.723078,36937
94822.734990,36938
94822.747718,36939
94822.759520,36940
94822.772422,36941
94822.783476,36942
94822.795746,36943
94822.807413,36944
94822.820393,36945
94822.834706,36946
94822.847962,36947
94822.860329,36948
94822.872917,36949
94822.887068,36950
94822.897810,36951
94822.909980,36952
94822.922877,36953
94822.937133,36954
94822.949775,36955
94822.962549,36956
94822.974867,36957
94822.989188,36958
94823.002144,36959
94823.014364,36960
94823.027109,36961
94823.038938,36962
94823.054643,36963
94823.067270,36964
94823.079595,36965
94823.092428,36966
94823.104969,36967
94823.116100,36968
94823.128544,36969
94823.142855,36970
94823.157559,36971
94823.169747,36972
94823.183578,36973
94823.195732,36974
94823.208975,36975
94823.222373,36976
94823.237482,36977
94823.248239,36978
94823.261442,36979
94823.273406,36980
94823.286583,36981
94823.299577,36982
94823.312194,36983
94823.324470,36984
94823.337996,36985
94823.350538,36986
94823.364937,36987
94823.378877,36988
94823.391795,36989
94823.403750,36990
94823.417780,36991
94823.431559,36992
94823.445736,36993
94823.458583,36994
94823.470814,36995
94823.482504,36996
94823.496726,36997
94823.508782,36998
94823.520864,36999
94823.531456,37000
94823.536960,37001
94823.542427,37002
94823.547543,37003
94823.552889,37004
94823.558585,37005
94823.563717,37006
94823.569770,37007
94823.575740,37008
94823.581306,37009
94823.586679,37010
94823.592440,37011
94823.598799,37012
94823.604731,37013
94823.610545,37014
94823.615875,37015
94823.621421,37016
94823.626822,37017
94823.632716,37018
94823.638445,37019
94823.644035,37020
94823.649485,37021
94823.654856,37022
94823.660819,37023
94823.666398,37024
94823.671839,37025
94823.677319,37026
94823.682996,37027
94823.688720,37028
94823.694315,37029
94823.699688,37030
94823.705064,37031
94823.710319,37032
94823.716264,37033
94823.721921,37034
94823.727211,37035
94823.732619,37036
94823.737866,37037
94823.743803,37038
94823.749258,37039
94823.755119,37040
94823.760732,37041
94823.766098,37042
94823.771864,37043
94823.777392,37044
94823.782704,37045
94823.788080,37046
94823.793515,37047
94823.799624,37048
94823.805100,37049
94823.810319,37050
94823.815741,37051
94823.821153,37052
94823.826825,37053
94823.832651,37054
94823.838076,37055
94823.843334,37056
94823.848993,37057
94823.854441,37058
94823.860044,37059
94823.865362,37060
94823.870953,37061
94823.876187,37062
94823.881645,37063
94823.886701,37064
94823.891955,37065
94823.897563,37066
94823.902895,37067
94823.908660,37068
94823.915835,37069
94823.923068,37070
94823.929118,37071
94823.935317,37072
94823.940747,37073
94823.945940,37074
94823.951798,37075
94823.957731,37076
94823.962982,37077
94823.968337,37078
94823.973510,37079
94823.978886,37080
94823.983862,37081
94823.989411,37082
94823.994618,37083
94823.999993,37084
94824.005137,37085
94824.010494,37086
94824.015701,37087
94824.021130,37088
94824.027006,37089
94824.032039,37090
94824.037392,37091
94824.042834,37092
94824.048399,37093
94824.053800,37094
94824.059443,37095
94824.064760,37096
94824.070398,37097
94824.075821,37098
94824.081059,37099
94824.089344,37100
94824.094739,37101
94824.100035,37102
94824.105230,37103
94824.110623,37104
94824.115835,37105
94824.120896,37106
94824.126924,37107
94824.132873,37108
94824.138302,37109
94824.143439,37110
94824.148574,37111
94824.153933,37112
94824.159471,37113
94824.164491,37114
94824.169695,37115
94824.174949,37116
94824.180236,37117
94824.185524,37118
94824.190761,37119
94824.196235,37120
94824.201271,37121
94824.206416,37122
94824.211774,37123
94824.216966,37124
94824.222530,37125
94824.228468,37126
94824.233974,37127
94824.239700,37128
94824.244992,37129
94824.250731,37130
94824.256269,37131
94824.261387,37132
94824.266642,37133
94824.271874,37134
94824.277114,37135
94824.282311,37136
94824.287583,37137
94824.292913,37138
94824.298329,37139
94824.303591,37140
94824.309156,37141
94824.314729,37142
94824.320625,37143
94824.325973,37144
94824.331204,37145
94824.336533,37146
94824.341683,37147
94824.346882,37148
94824.352464,37149
94824.358080,37150
94824.363847,37151
94824.368999,37152
94824.374200,37153
94824.379202,37154
94824.384568,37155
94824.389877,37156
94824.395330,37157
94824.400341,37158
94824.405721,37159
94824.411179,37160
94824.416252,37161
94824.423269,37162
94824.428358,37163
94824.433531,37164
94824.438614,37165
94824.443754,37166
94824.448810,37167
94824.454270,37168
94824.459655,37169
94824.464897,37170
94824.470084,37171
94824.475303,37172
94824.480307,37173
94824.485313,37174
94824.490634,37175
94824.495761,37176
94824.500972,37177
94824.506000,37178
94824.511302,37179
94824.516647,37180
94824.524651,37181
94824.529963,37182
94824.535578,37183
94824.540891,37184
94824.546126,37185
94824.551495,37186
94824.556732,37187
94824.562469,37188
94824.567959,37189
94824.573490,37190
94824.578633,37191
94824.584171,37192
94824.589815,37193
94824.595338,37194
94824.600516,37195
94824.605916,37196
94824.611258,37197
94824.616884,37198
94824.622135,37199
94824.630245,37200
94824.635723,37201
94824.641155,37202
94824.646680,37203
94824.652145,37204
94824.659151,37205
94824.667605,37206
94824.673288,37207
94824.678649,37208
94824.683880,37209
94824.689189,37210
94824.694555,37211
94824.700141,37212
94824.705069,37213
94824.709971,37214
94824.714856,37215
94824.720210,37216
94824.725581,37217
94824.730845,37218
94824.735942,37219
94824.740991,37220
94824.746029,37221
94824.751248,37222
94824.756596,37223
94824.761686,37224
94824.766767,37225
94824.771894,37226
94824.777277,37227
94824.782505,37228
94824.787641,37229
94824.793158,37230
94824.799384,37231
94824.804871,37232
94824.810152,37233
94824.815249,37234
94824.820755,37235
94824.826404,37236
94824.832030,37237
94824.837038,37238
94824.842107,37239
94824.847097,37240
94824.852053,37241
94824.857169,37242
94824.862312,37243
94824.867440,37244
94824.872513,37245
94824.877792,37246
94824.883374,37247
94824.889065,37248
94824.894896,37249
94824.905903,37250
94824.910839,37251
94824.916349,37252
94824.922832,37253
94824.930512,37254
94824.938322,37255
94824.947331,37256
94824.952916,37257
94824.959320,37258
94824.967028,37259
94824.975326,37260
94824.980820,37261
94824.989325,37262
94824.996404,37263
94825.002876,37264
94825.010544,37265
94825.018322,37266
94825.024032,37267
94825.030087,37268
94825.035927,37269
94825.041547,37270
94825.046681,37271
94825.052325,37272
94825.059590,37273
94825.065469,37274
94825.072247,37275
94825.079427,37276
94825.084858,37277
94825.090435,37278
94825.098329,37279
94825.104147,37280
94825.112263,37281
94825.118382,37282
94825.124269,37283
94825.132380,37284
94825.138955,37285
94825.147287,37286
94825.153078,37287
94825.161835,37288
94825.167839,37289
94825.177036,37290
94825.185464,37291
94825.191597,37292
94825.200742,37293
94825.209557,37294
94825.215150,37295
94825.221056,37296
94825.226632,37297
94825.235571,37298
94825.243384,37299
94825.250567,37300
94825.258567,37301
94825.267175,37302
94825.272732,37303
94825.280104,37304
94825.285660,37305
94825.292221,37306
94825.298513,37307
94825.306760,37308
94825.313157,37309
94825.319498,37310
94825.327941,37311
94825.336653,37312
94825.344857,37313
94825.353861,37314
94825.360363,37315
94825.366618,37316
94825.372556,37317
94825.379963,37318
94825.386140,37319
94825.393766,37320
94825.401322,37321
94825.407778,37322
94825.413982,37323
94825.423008,37324
94825.430590,37325
94825.437025,37326
94825.442912,37327
94825.449249,37328
94825.455437,37329
94825.461432,37330
94825.469414,37331
94825.476973,37332
94825.482672,37333
94825.490722,37334
94825.497553,37335
94825.503805,37336
94825.511113,37337
94825.518929,37338
94825.525781,37339
94825.531833,37340
94825.538087,37341
94825.544104,37342
94825.550192,37343
94825.556516,37344
94825.562381,37345
94825.568842,37346
94825.574734,37347
94825.582588,37348
94825.588829,37349
94825.601074,37350
94825.607014,37351
94825.615208,37352
94825.621380,37353
94825.628977,37354
94825.638591,37355
94825.644649,37356
94825.654173,37357
94825.660533,37358
94825.670059,37359
94825.677085,37360
94825.682704,37361
94825.688315,37362
94825.694210,37363
94825.699777,37364
94825.707269,37365
94825.713640,37366
94825.719911,37367
94825.725359,37368
94825.731041,37369
94825.736671,37370
94825.744541,37371
94825.749563,37372
94825.757785,37373
94825.763364,37374
94825.773047,37375
94825.778974,37376
94825.786620,37377
94825.793970,37378
94825.800180,37379
94825.805834,37380
94825.812568,37381
94825.818971,37382
94825.825828,37383
94825.834465,37384
94825.841486,37385
94825.848389,37386
94825.857326,37387
94825.865273,37388
94825.874257,37389
94825.881421,37390
94825.886880,37391
94825.892250,37392
94825.899976,37393
94825.905861,37394
94825.911616,37395
94825.918976,37396
94825.925596,37397
94825.930960,37398
94825.937590,37399
94825.945561,37400
94825.951942,37401
94825.960263,37402
94825.969295,37403
94825.975005,37404
94825.983011,37405
94825.990228,37406
94825.996347,37407
94826.003533,37408
94826.011845,37409
94826.016955,37410
94826.022504,37411
94826.027440,37412
94826.033753,37413
94826.039721,37414
94826.045903,37415
94826.051245,37416
94826.057128,37417
94826.065979,37418
94826.071838,37419
94826.078791,37420
94826.084568,37421
94826.091820,37422
94826.098600,37423
94826.103917,37424
94826.112876,37425
94826.119000,37426
94826.127408,37427
94826.133216,37428
94826.138851,37429
94826.143633,37430
94826.149341,37431
94826.154789,37432
94826.161337,37433
94826.168706,37434
94826.174724,37435
94826.180748,37436
94826.187201,37437
94826.194524,37438
94826.201855,37439
94826.208328,37440
94826.215379,37441
94826.221929,37442
94826.230271,37443
94826.235657,37444
94826.242323,37445
94826.247308,37446
94826.256644,37447
94826.263366,37448
94826.268938,37449
94826.277493,37450
94826.284448,37451
94826.289699,37452
94826.298633,37453
94826.305097,37454
94826.313607,37455
94826.319608,37456
94826.328174,37457
94826.337342,37458
94826.342899,37459
94826.351701,37460
94826.358407,37461
94826.367951,37462
94826.374579,37463
94826.380717,37464
94826.388548,37465
94826.394299,37466
94826.400309,37467
94826.405720,37468
94826.411398,37469
94826.416852,37470
94826.422646,37471
94826.432464,37472
94826.440777,37473
94826.446590,37474
94826.455627,37475
94826.461607,37476
94826.467391,37477
94826.473431,37478
94826.481143,37479
94826.487530,37480
94826.495471,37481
94826.504416,37482
94826.513548,37483
94826.522520,37484
94826.530486,37485
94826.538687,37486
94826.545998,37487
94826.552305,37488
94826.559801,37489
94826.565796,37490
94826.571905,37491
94826.578816,37492
94826.587755,37493
94826.597066,37494
94826.607480,37495
94826.616285,37496
94826.622173,37497
94826.632188,37498
94826.638243,37499
94826.653202,37500
94826.663035,37501
94826.673935,37502
94826.683877,37503
94826.692684,37504
94826.702846,37505
94826.713343,37506
94826.722669,37507
94826.732545,37508
94826.742904,37509
94826.753533,37510
94826.765235,37511
94826.776428,37512
94826.788032,37513
94826.798347,37514
94826.808785,37515
94826.818281,37516
94826.828745,37517
94826.837473,37518
94826.848318,37519
94826.858542,37520
94826.868316,37521
94826.877949,37522
94826.887824,37523
94826.896919,37524
94826.906405,37525
94826.916298,37526
94826.927647,37527
94826.937613,37528
94826.947366,37529
94826.960078,37530
94826.970411,37531
94826.979013,37532
94826.989582,37533
94826.998084,37534
94827.008506,37535
94827.017615,37536
94827.028085,37537
94827.037874,37538
94827.048475,37539
94827.058441,37540
94827.068785,37541
94827.079272,37542
94827.090282,37543
94827.101455,37544
94827.110989,37545
94827.121314,37546
94827.129847,37547
94827.140843,37548
94827.150483,37549
94827.160020,37550
94827.171115,37551
94827.180676,37552
94827.190746,37553
94827.201102,37554
94827.212347,37555
94827.223335,37556
94827.234657,37557
94827.244402,37558
94827.254751,37559
94827.265353,37560
94827.275231,37561
94827.285664,37562
94827.296000,37563
94827.305451,37564
94827.315908,37565
94827.324952,37566
94827.335774,37567
94827.345532,37568
94827.357727,37569
94827.366331,37570
94827.376228,37571
94827.385771,37572
94827.397365,37573
94827.406804,37574
94827.418069,37575
94827.427265,37576
94827.438244,37577
94827.448102,37578
94827.458730,37579
94827.470072,37580
94827.481285,37581
94827.493176,37582
94827.504915,37583
94827.515363,37584
94827.526772,37585
94827.535716,37586
94827.544812,37587
94827.553190,37588
94827.563724,37589
94827.574344,37590
94827.584911,37591
94827.595085,37592
94827.605817,37593
94827.616456,37594
94827.630045,37595
94827.641664,37596
94827.652479,37597
94827.662870,37598
94827.673304,37599
94827.686328,37600
94827.696448,37601
94827.706752,37602
94827.717324,37603
94827.726546,37604
94827.735669,37605
94827.745699,37606
94827.754563,37607
94827.764850,37608
94827.774324,37609
94827.783463,37610
94827.794279,37611
94827.804503,37612
94827.814312,37613
94827.824265,37614
94827.834949,37615
94827.845873,37616
94827.855338,37617
94827.865379,37618
94827.877811,37619
94827.887239,37620
94827.895452,37621
94827.907555,37622
94827.916382,37623
94827.926233,37624
94827.936031,37625
94827.945839,37626
94827.957127,37627
94827.966520,37628
94827.977125,37629
94827.987762,37630
94827.996465,37631
94828.008840,37632
94828.018847,37633
94828.030017,37634
94828.040629,37635
94828.052871,37636
94828.063206,37637
94828.074959,37638
94828.084378,37639
94828.093800,37640
94828.104720,37641
94828.115295,37642
94828.126237,37643
94828.135493,37644
94828.146474,37645
94828.156784,37646
94828.167597,37647
94828.180987,37648
94828.191447,37649
94828.201576,37650
94828.211207,37651
94828.223445,37652
94828.233452,37653
94828.244500,37654
94828.256710,37655
94828.265870,37656
94828.275036,37657
94828.285750,37658
94828.297144,37659
94828.309135,37660
94828.319334,37661
94828.330364,37662
94828.340078,37663
94828.350973,37664
94828.358987,37665
94828.370275,37666
94828.379939,37667
94828.390764,37668
94828.399338,37669
94828.409512,37670
94828.419261,37671
94828.429286,37672
94828.438891,37673
94828.448904,37674
94828.459571,37675
94828.468997,37676
94828.478933,37677
94828.489321,37678
94828.498204,37679
94828.508532,37680
94828.519485,37681
94828.529359,37682
94828.538635,37683
94828.548707,37684
94828.558140,37685
94828.568314,37686
94828.577764,37687
94828.589890,37688
94828.601136,37689
94828.611714,37690
94828.623370,37691
94828.633875,37692
94828.643337,37693
94828.655209,37694
94828.666972,37695
94828.680276,37696
94828.692098,37697
94828.702955,37698
94828.716977,37699
94828.730933,37700
94828.741455,37701
94828.752164,37702
94828.762471,37703
94828.774000,37704
94828.785352,37705
94828.797533,37706
94828.808690,37707
94828.818416,37708
94828.830573,37709
94828.842343,37710
94828.852695,37711
94828.862521,37712
94828.874998,37713
94828.885463,37714
94828.897303,37715
94828.908229,37716
94828.919202,37717
94828.931127,37718
94828.942458,37719
94828.952365,37720
94828.963664,37721
94828.974208,37722
94828.985053,37723
94828.993733,37724
94829.004091,37725
94829.017087,37726
94829.027711,37727
94829.039052,37728
94829.050113,37729
94829.060810,37730
94829.071885,37731
94829.081247,37732
94829.091586,37733
94829.102267,37734
94829.112640,37735
94829.122237,37736
94829.131743,37737
94829.142751,37738
94829.153508,37739
94829.163752,37740
94829.176361,37741
94829.189330,37742
94829.200385,37743
94829.211845,37744
94829.224170,37745
94829.234567,37746
94829.246396,37747
94829.258775,37748
94829.271100,37749
94829.289378,37750
94829.306000,37751
94829.320409,37752
94829.335163,37753
94829.349543,37754
94829.366722,37755
94829.382408,37756
94829.396019,37757
94829.412494,37758
94829.426508,37759
94829.440047,37760
94829.453305,37761
94829.467894,37762
94829.481619,37763
94829.498271,37764
94829.512932,37765
94829.525805,37766
94829.538914,37767
94829.552568,37768
94829.566244,37769
94829.579290,37770
94829.592375,37771
94829.607247,37772
94829.620861,37773
94829.634979,37774
94829.650337,37775
94829.663982,37776
94829.678273,37777
94829.691572,37778
94829.703563,37779
94829.716927,37780
94829.732053,37781
94829.745774,37782
94829.757886,37783
94829.770799,37784
94829.785080,37785
94829.799934,37786
94829.815039,37787
94829.827571,37788
94829.843370,37789
94829.856875,37790
94829.873009,37791
94829.885774,37792
94829.900524,37793
94829.914697,37794
94829.930646,37795
94829.946346,37796
94829.960846,37797
94829.978238,37798
94829.995946,37799
94830.010259,37800
94830.025345,37801
94830.039072,37802
94830.054017,37803
94830.067943,37804
94830.081774,37805
94830.096490,37806
94830.112646,37807
94830.126870,37808
94830.141744,37809
94830.155619,37810
94830.170629,37811
94830.184485,37812
94830.199048,37813
94830.212270,37814
94830.226190,37815
94830.242845,37816
94830.258602,37817
94830.272499,37818
94830.286647,37819
94830.301130,37820
94830.318368,37821
94830.333507,37822
94830.348395,37823
94830.362012,37824
94830.375592,37825
94830.390736,37826
94830.405329,37827
94830.422406,37828
94830.438469,37829
94830.454928,37830
94830.469150,37831
94830.484458,37832
94830.500339,37833
94830.515628,37834
94830.530576,37835
94830.546703,37836
94830.561531,37837
94830.576481,37838
94830.589099,37839
94830.604190,37840
94830.619962,37841
94830.633842,37842
94830.650356,37843
94830.665849,37844
94830.679847,37845
94830.694512,37846
94830.710129,37847
94830.724889,37848
94830.742442,37849
94830.759997,37850
94830.775234,37851
94830.790338,37852
94830.806224,37853
94830.821760,37854
94830.836824,37855
94830.851074,37856
94830.868690,37857
94830.882639,37858
94830.896535,37859
94830.910725,37860
94830.927249,37861
94830.940164,37862
94830.954383,37863
94830.967606,37864
94830.983696,37865
94830.999014,37866
94831.013316,37867
94831.026868,37868
94831.042308,37869
94831.056924,37870
94831.071707,37871
94831.086527,37872
94831.100326,37873
94831.113785,37874
94831.129050,37875
94831.142293,37876
94831.157267,37877
94831.170542,37878
94831.183902,37879
94831.198943,37880
94831.213563,37881
94831.228081,37882
94831.241484,37883
94831.255732,37884
94831.269723,37885
94831.284952,37886
94831.300724,37887
94831.318099,37888
94831.332705,37889
94831.347665,37890
94831.364416,37891
94831.380337,37892
94831.395975,37893
94831.411772,37894
94831.425853,37895
94831.440111,37896
94831.454472,37897
94831.469018,37898
94831.483697,37899
94831.498078,37900
94831.513990,37901
94831.529524,37902
94831.545781,37903
94831.561324,37904
94831.577364,37905
94831.593707,37906
94831.611297,37907
94831.626847,37908
94831.643686,37909
94831.660949,37910
94831.677915,37911
94831.695288,37912
94831.710666,37913
94831.723341,37914
94831.738364,37915
94831.753171,37916
94831.768345,37917
94831.781955,37918
94831.797600,37919
94831.811799,37920
94831.827299,37921
94831.842020,37922
94831.858691,37923
94831.872944,37924
94831.887179,37925
94831.903911,37926
94831.918455,37927
94831.932637,37928
94831.949186,37929
94831.964506,37930
94831.980507,37931
94831.995452,37932
94832.012693,37933
94832.027719,37934
94832.042972,37935
94832.059409,37936
94832.076844,37937
94832.091469,37938
94832.106441,37939
94832.121236,37940
94832.134615,37941
94832.149175,37942
94832.162964,37943
94832.176566,37944
94832.191742,37945
94832.207471,37946
94832.222609,37947
94832.236596,37948
94832.250862,37949
94832.267932,37950
94832.281072,37951
94832.294539,37952
94832.308846,37953
94832.322766,37954
94832.337837,37955
94832.351474,37956
94832.365833,37957
94832.379009,37958
94832.391031,37959
94832.404934,37960
94832.417960,37961
94832.429452,37962
94832.445653,37963
94832.460830,37964
94832.474917,37965
94832.488504,37966
94832.504944,37967
94832.518855,37968
94832.532509,37969
94832.545603,37970
94832.560637,37971
94832.573787,37972
94832.588256,37973
94832.601975,37974
94832.618798,37975
94832.634425,37976
94832.650305,37977
94832.664395,37978
94832.679917,37979
94832.693975,37980
94832.708216,37981
94832.723092,37982
94832.738736,37983
94832.755379,37984
94832.770661,37985
94832.784124,37986
94832.798219,37987
94832.814509,37988
94832.830465,37989
94832.842611,37990
94832.858906,37991
94832.875233,37992
94832.891613,37993
94832.904798,37994
94832.920949,37995
94832.934203,37996
94832.949541,37997
94832.964570,37998
94832.979540,37999
94832.990356,38250
94832.996946,38251
94833.002484,38252
94833.007860,38253
94833.013285,38254
94833.018557,38255
94833.024106,38256
94833.029654,38257
94833.035132,38258
94833.040448,38259
94833.045664,38260
94833.050877,38261
94833.056180,38262
94833.061249,38263
94833.066441,38264
94833.071498,38265
94833.076910,38266
94833.081949,38267
94833.087426,38268
94833.092781,38269
94833.098261,38270
94833.103426,38271
94833.109096,38272
94833.114422,38273
94833.120299,38274
94833.125705,38275
94833.130782,38276
94833.136084,38277
94833.141516,38278
94833.146741,38279
94833.152048,38280
94833.157705,38281
94833.163419,38282
94833.169094,38283
94833.174409,38284
94833.180783,38285
94833.186742,38286
94833.192299,38287
94833.197802,38288
94833.203523,38289
94833.209278,38290
94833.214677,38291
94833.220455,38292
94833.226191,38293
94833.231724,38294
94833.237132,38295
94833.242590,38296
94833.248315,38297
94833.254219,38298
94833.260052,38299
94833.268612,38300
94833.274651,38301
94833.280292,38302
94833.285783,38303
94833.291354,38304
94833.296753,38305
94833.302604,38306
94833.308323,38307
94833.313817,38308
94833.320261,38309
94833.325421,38310
94833.331022,38311
94833.336405,38312
94833.342113,38313
94833.348680,38314
94833.355733,38315
94833.362213,38316
94833.368580,38317
94833.375480,38318
94833.381556,38319
94833.387377,38320
94833.392886,38321
94833.398638,38322
94833.404107,38323
94833.409612,38324
94833.414853,38325
94833.420506,38326
94833.425947,38327
94833.431995,38328
94833.437871,38329
94833.443408,38330
94833.448674,38331
94833.454304,38332
94833.460076,38333
94833.465838,38334
94833.471258,38335
94833.476663,38336
94833.482429,38337
94833.488210,38338
94833.493763,38339
94833.499448,38340
94833.505019,38341
94833.510989,38342
94833.516576,38343
94833.522256,38344
94833.528296,38345
94833.534426,38346
94833.540199,38347
94833.545931,38348
94833.551408,38349
94833.557132,38350
94833.563037,38351
94833.568842,38352
94833.574726,38353
94833.581350,38354
94833.587163,38355
94833.593384,38356
94833.599514,38357
94833.605604,38358
94833.611577,38359
94833.617138,38360
94833.622716,38361
94833.628758,38362
94833.634726,38363
94833.641277,38364
94833.646955,38365
94833.652467,38366
94833.658047,38367
94833.664288,38368
94833.669969,38369
94833.675843,38370
94833.682802,38371
94833.689380,38372
94833.695032,38373
94833.700458,38374
94833.706026,38375
94833.711357,38376
94833.717223,38377
94833.722801,38378
94833.728334,38379
94833.734250,38380
94833.739747,38381
94833.745656,38382
94833.751424,38383
94833.757345,38384
94833.763271,38385
94833.769008,38386
94833.774756,38387
94833.780614,38388
94833.786842,38389
94833.792933,38390
94833.799049,38391
94833.804808,38392
94833.811079,38393
94833.816752,38394
94833.822404,38395
94833.828210,38396
94833.834096,38397
94833.839720,38398
94833.845259,38399
94833.854039,38400
94833.859463,38401
94833.864923,38402
94833.870684,38403
94833.876721,38404
94833.882176,38405
94833.887638,38406
94833.893357,38407
94833.899390,38408
94833.905395,38409
94833.911314,38410
94833.917282,38411
94833.922971,38412
94833.928710,38413
94833.934649,38414
94833.940481,38415
94833.946795,38416
94833.952566,38417
94833.958659,38418
94833.964250,38419
94833.969615,38420
94833.975096,38421
94833.980967,38422
94833.987031,38423
94833.992682,38424
94833.998199,38425
94834.004418,38426
94834.010401,38427
94834.017156,38428
94834.022936,38429
94834.028506,38430
94834.033847,38431
94834.039190,38432
94834.044654,38433
94834.050420,38434
94834.056089,38435
94834.061303,38436
94834.066703,38437
94834.072026,38438
94834.077239,38439
94834.082658,38440
94834.088369,38441
94834.093716,38442
94834.099101,38443
94834.104752,38444
94834.110058,38445
94834.115260,38446
94834.120405,38447
94834.125687,38448
94834.130665,38449
94834.135509,38450
94834.140923,38451
94834.146321,38452
94834.151479,38453
94834.156819,38454
94834.162021,38455
94834.167345,38456
94834.172262,38457
94834.177606,38458
94834.183045,38459
94834.188511,38460
94834.193658,38461
94834.198991,38462
94834.204671,38463
94834.210831,38464
94834.216849,38465
94834.222805,38466
94834.228531,38467
94834.234165,38468
94834.239579,38469
94834.245267,38470
94834.251198,38471
94834.256528,38472
94834.261783,38473
94834.267336,38474
94834.273031,38475
94834.278598,38476
94834.285241,38477
94834.290550,38478
94834.295874,38479
94834.301252,38480
94834.306657,38481
94834.311919,38482
94834.317134,38483
94834.322170,38484
94834.327357,38485
94834.332363,38486
94834.337522,38487
94834.342579,38488
94834.348181,38489
94834.353313,38490
94834.358423,38491
94834.363941,38492
94834.369062,38493
94834.374086,38494
94834.379376,38495
94834.384494,38496
94834.389564,38497
94834.394624,38498
94834.399861,38499
94834.409197,38500
94834.414573,38501
94834.419892,38502
94834.426524,38503
94834.432339,38504
94834.439685,38505
94834.446425,38506
94834.452425,38507
94834.458009,38508
94834.463705,38509
94834.470718,38510
94834.476672,38511
94834.483263,38512
94834.488886,38513
94834.494763,38514
94834.500570,38515
94834.506326,38516
94834.513342,38517
94834.521220,38518
94834.530137,38519
94834.536825,38520
94834.542732,38521
94834.550488,38522
94834.557789,38523
94834.563662,38524
94834.573075,38525
94834.579252,38526
94834.585448,38527
94834.592859,38528
94834.599368,38529
94834.605375,38530
94834.612550,38531
94834.618874,38532
94834.624465,38533
94834.631171,38534
94834.637515,38535
94834.643472,38536
94834.649437,38537
94834.656292,38538
94834.664155,38539
94834.672125,38540
94834.678136,38541
94834.684047,38542
94834.690114,38543
94834.696199,38544
94834.702245,38545
94834.708301,38546
94834.713963,38547
94834.719698,38548
94834.725489,38549
94834.734245,38550
94834.742491,38551
94834.748621,38552
94834.754628,38553
94834.760544,38554
94834.769408,38555
94834.776524,38556
94834.783051,38557
94834.790444,38558
94834.797865,38559
94834.804614,38560
94834.811355,38561
94834.820366,38562
94834.828588,38563
94834.838642,38564
94834.848828,38565
94834.854612,38566
94834.859965,38567
94834.866852,38568
94834.872170,38569
94834.877680,38570
94834.884519,38571
94834.889842,38572
94834.896761,38573
94834.902169,38574
94834.907816,38575
94834.913018,38576
94834.918465,38577
94834.926792,38578
94834.932601,38579
94834.938085,38580
94834.945477,38581
94834.950955,38582
94834.956673,38583
94834.962745,38584
94834.968174,38585
94834.973674,38586
94834.979949,38587
94834.985538,38588
94834.992665,38589
94835.002293,38590
94835.010552,38591
94835.018073,38592
94835.023828,38593
94835.031432,38594
94835.037145,38595
94835.042604,38596
94835.051210,38597
94835.057799,38598
94835.063330,38599
94835.068978,38600
94835.075709,38601
94835.081313,38602
94835.086698,38603
94835.092666,38604
94835.100433,38605
94835.106523,38606
94835.115087,38607
94835.123357,38608
94835.130391,38609
94835.137829,38610
94835.144770,38611
94835.152044,38612
94835.157703,38613
94835.163016,38614
94835.168780,38615
94835.174265,38616
94835.179798,38617
94835.185219,38618
94835.192041,38619
94835.197763,38620
94835.203527,38621
94835.210582,38622
94835.216400,38623
94835.221923,38624
94835.229704,38625
94835.235292,38626
94835.241989,38627
94835.247687,38628
94835.254412,38629
94835.261304,38630
94835.268433,38631
94835.273831,38632
94835.279934,38633
94835.285553,38634
94835.291366,38635
94835.296903,38636
94835.303944,38637
94835.309437,38638
94835.314849,38639
94835.321947,38640
94835.327793,38641
94835.333567,38642
94835.339438,38643
94835.346875,38644
94835.352798,38645
94835.358920,38646
94835.365529,38647
94835.370941,38648
94835.377450,38649
94835.387238,38650
94835.393526,38651
94835.398434,38652
94835.406573,38653
94835.414280,38654
94835.421643,38655
94835.428762,38656
94835.434343,38657
94835.440062,38658
94835.445677,38659
94835.451035,38660
94835.456507,38661
94835.462010,38662
94835.467720,38663
94835.476558,38664
94835.482359,38665
94835.488507,38666
94835.493939,38667
94835.499400,38668
94835.505669,38669
94835.511599,38670
94835.518378,38671
94835.524732,38672
94835.530294,38673
94835.536413,38674
94835.544056,38675
94835.550748,38676
94835.556976,38677
94835.563500,38678
94835.570362,38679
94835.576323,38680
94835.581830,38681
94835.588700,38682
94835.594924,38683
94835.602277,38684
94835.607390,38685
94835.614851,38686
94835.621812,38687
94835.627794,38688
94835.633747,38689
94835.639788,38690
94835.645775,38691
94835.651510,38692
94835.659331,38693
94835.665384,38694
94835.672944,38695
94835.679089,38696
94835.684514,38697
94835.692456,38698
94835.697590,38699
94835.703758,38700
94835.709184,38701
94835.717754,38702
94835.725456,38703
94835.734627,38704
94835.741134,38705
94835.746422,38706
94835.752755,38707
94835.758402,38708
94835.764925,38709
94835.770531,38710
94835.779359,38711
94835.785829,38712
94835.793342,38713
94835.799484,38714
94835.808364,38715
94835.815257,38716
94835.820364,38717
94835.826373,38718
94835.834135,38719
94835.841623,38720
94835.848920,38721
94835.856643,38722
94835.862013,38723
94835.867346,38724
94835.872741,38725
94835.877852,38726
94835.884580,38727
94835.890217,38728
94835.896346,38729
94835.901590,38730
94835.906831,38731
94835.913378,38732
94835.918794,38733
94835.927281,38734
94835.932557,38735
94835.938839,38736
94835.944097,38737
94835.949739,38738
94835.954572,38739
94835.960275,38740
94835.968858,38741
94835.977254,38742
94835.982253,38743
94835.990325,38744
94835.996348,38745
94836.002290,38746
94836.008050,38747
94836.015321,38748
94836.020980,38749
94836.035107,38750
94836.046683,38751
94836.055454,38752
94836.065829,38753
94836.076298,38754
94836.085950,38755
94836.095830,38756
94836.106663,38757
94836.117399,38758
94836.127051,38759
94836.135329,38760
94836.144439,38761
94836.154928,38762
94836.165690,38763
94836.174316,38764
94836.183979,38765
94836.195399,38766
94836.206231,38767
94836.214537,38768
94836.223224,38769
94836.234246,38770
94836.244583,38771
94836.253592,38772
94836.262529,38773
94836.273501,38774
94836.283419,38775
94836.292124,38776
94836.301739,38777
94836.312033,38778
94836.322201,38779
94836.331607,38780
94836.341337,38781
94836.349921,38782
94836.360521,38783
94836.371564,38784
94836.383098,38785
94836.393101,38786
94836.404438,38787
94836.413942,38788
94836.424719,38789
94836.434654,38790
94836.443838,38791
94836.454130,38792
94836.463403,38793
94836.473347,38794
94836.483424,38795
94836.494666,38796
94836.508335,38797
94836.520388,38798
94836.530330,38799
94836.543289,38800
94836.553598,38801
94836.562347,38802
94836.570652,38803
94836.580000,38804
94836.589298,38805
94836.600078,38806
94836.609136,38807
94836.618532,38808
94836.626751,38809
94836.635264,38810
94836.645394,38811
94836.655692,38812
94836.664851,38813
94836.673465,38814
94836.682665,38815
94836.693068,38816
94836.702421,38817
94836.712412,38818
94836.720781,38819
94836.728820,38820
94836.741237,38821
94836.753032,38822
94836.762088,38823
94836.771863,38824
94836.781428,38825
94836.791057,38826
94836.799643,38827
94836.808552,38828
94836.819024,38829
94836.828729,38830
94836.838353,38831
94836.848383,38832
94836.856838,38833
94836.866120,38834
94836.876707,38835
94836.885706,38836
94836.894235,38837
94836.903599,38838
94836.911711,38839
94836.919451,38840
94836.929713,38841
94836.939422,38842
94836.948431,38843
94836.957934,38844
94836.966663,38845
94836.976009,38846
94836.983599,38847
94836.993305,38848
94837.002433,38849
94837.011717,38850
94837.023073,38851
94837.032997,38852
94837.042663,38853
94837.050692,38854
94837.060794,38855
94837.072362,38856
94837.082065,38857
94837.091104,38858
94837.100403,38859
94837.110086,38860
94837.117864,38861
94837.126063,38862
94837.134710,38863
94837.145889,38864
94837.155565,38865
94837.164966,38866
94837.174847,38867
94837.183386,38868
94837.192717,38869
94837.202448,38870
94837.212453,38871
94837.221609,38872
94837.231341,38873
94837.239593,38874
94837.248345,38875
94837.256251,38876
94837.264384,38877
94837.274303,38878
94837.283687,38879
94837.295123,38880
94837.304263,38881
94837.312056,38882
94837.320732,38883
94837.329245,38884
94837.338692,38885
94837.346957,38886
94837.355825,38887
94837.364929,38888
94837.374968,38889
94837.383677,38890
94837.395014,38891
94837.405606,38892
94837.414932,38893
94837.424343,38894
94837.433420,38895
94837.441386,38896
94837.449712,38897
94837.457708,38898
94837.466668,38899
94837.480237,38900
94837.489881,38901
94837.498936,38902
94837.506720,38903
94837.515237,38904
94837.524903,38905
94837.534966,38906
94837.543398,38907
94837.551921,38908
94837.561439,38909
94837.572860,38910
94837.583274,38911
94837.592229,38912
94837.602032,38913
94837.614053,38914
94837.624879,38915
94837.634895,38916
94837.644521,38917
94837.653499,38918
94837.664995,38919
94837.675892,38920
94837.685474,38921
94837.695817,38922
94837.704412,38923
94837.713482,38924
94837.723159,38925
94837.733575,38926
94837.742965,38927
94837.752861,38928
94837.763789,38929
94837.772014,38930
94837.780815,38931
94837.790536,38932
94837.799834,38933
94837.808857,38934
94837.818312,38935
94837.828481,38936
94837.839470,38937
94837.849614,38938
94837.860060,38939
94837.869839,38940
94837.879124,38941
94837.892338,38942
94837.900758,38943
94837.911323,38944
94837.923059,38945
94837.932247,38946
94837.942292,38947
94837.950910,38948
94837.959554,38949
94837.968884,38950
94837.979703,38951
94837.989521,38952
94837.998837,38953
94838.008651,38954
94838.019740,38955
94838.030977,38956
94838.039598,38957
94838.048820,38958
94838.059471,38959
94838.069641,38960
94838.079739,38961
94838.090539,38962
94838.099443,38963
94838.109985,38964
94838.118865,38965
94838.128374,38966
94838.138000,38967
94838.146727,38968
94838.156276,38969
94838.165273,38970
94838.174908,38971
94838.185631,38972
94838.194609,38973
94838.205307,38974
94838.215258,38975
94838.225278,38976
94838.234534,38977
94838.245217,38978
94838.254517,38979
94838.263890,38980
94838.274289,38981
94838.283694,38982
94838.292746,38983
94838.301929,38984
94838.311324,38985
94838.322694,38986
94838.332630,38987
94838.343577,38988
94838.353767,38989
94838.363775,38990
94838.374740,38991
94838.386361,38992
94838.395354,38993
94838.404762,38994
94838.414443,38995
94838.424487,38996
94838.436296,38997
94838.445518,38998
94838.454755,38999
94838.470145,39000
94838.482599,39001
94838.495673,39002
94838.509529,39003
94838.521845,39004
94838.534265,39005
94838.546459,39006
94838.558824,39007
94838.571529,39008
94838.583440,39009
94838.594758,39010
94838.606935,39011
94838.619676,39012
94838.634661,39013
94838.647933,39014
94838.660842,39015
94838.675210,39016
94838.688306,39017
94838.701269,39018
94838.712584,39019
94838.727391,39020
94838.739982,39021
94838.753383,39022
94838.767474,39023
94838.784030,39024
94838.798626,39025
94838.810625,39026
94838.823656,39027
94838.836418,39028
94838.848718,39029
94838.862331,39030
94838.877139,39031
94838.888663,39032
94838.899817,39033
94838.913288,39034
94838.926789,39035
94838.941279,39036
94838.953696,39037
94838.965559,39038
94838.977785,39039
94838.990052,39040
94839.002235,39041
94839.015046,39042
94839.027054,39043
94839.038860,39044
94839.052725,39045
94839.065118,39046
94839.077849,39047
94839.089665,39048
94839.103751,39049
94839.119824,39050
94839.133465,39051
94839.145519,39052
94839.158287,39053
94839.171878,39054
94839.184479,39055
94839.195955,39056
94839.207113,39057
94839.219693,39058
94839.233429,39059
94839.246319,39060
94839.257872,39061
94839.269191,39062
94839.281287,39063
94839.295056,39064
94839.307252,39065
94839.320914,39066
94839.332014,39067
94839.343916,39068
94839.357785,39069
94839.369632,39070
94839.381338,39071
94839.393019,39072
94839.407757,39073
94839.418996,39074
94839.430931,39075
94839.442708,39076
94839.454527,39077
94839.467306,39078
94839.480316,39079
94839.492368,39080
94839.503787,39081
94839.515876,39082
94839.529220,39083
94839.541173,39084
94839.552439,39085
94839.563803,39086
94839.579322,39087
94839.591524,39088
94839.602552,39089
94839.615532,39090
94839.629944,39091
94839.642415,39092
94839.654553,39093
94839.666247,39094
94839.677657,39095
94839.691269,39096
94839.705262,39097
94839.717569,39098
94839.730428,39099
94839.744283,39100
94839.756571,39101
94839.768969,39102
94839.781599,39103
94839.794504,39104
94839.807369,39105
94839.819563,39106
94839.832512,39107
94839.846471,39108
94839.860507,39109
94839.873138,39110
94839.887252,39111
94839.900641,39112
94839.915011,39113
94839.927070,39114
94839.939227,39115
94839.951734,39116
94839.964682,39117
94839.977931,39118
94839.989615,39119
94840.001333,39120
94840.015821,39121
94840.029928,39122
94840.042820,39123
94840.055291,39124
94840.067117,39125
94840.080268,39126
94840.093669,39127
94840.107939,39128
94840.120469,39129
94840.134371,39130
94840.146307,39131
94840.158626,39132
94840.171783,39133
94840.184619,39134
94840.196256,39135
94840.207201,39136
94840.219251,39137
94840.233316,39138
94840.247588,39139
94840.259024,39140
94840.272998,39141
94840.284871,39142
94840.298336,39143
94840.311646,39144
94840.322876,39145
94840.335051,39146
94840.348030,39147
94840.361299,39148
94840.375476,39149
94840.391399,39150
94840.402559,39151
94840.415575,39152
94840.427288,39153
94840.439405,39154
94840.451751,39155
94840.463269,39156
94840.474618,39157
94840.489464,39158
94840.501685,39159
94840.513205,39160
94840.526176,39161
94840.537180,39162
94840.548577,39163
94840.560802,39164
94840.572106,39165
94840.583630,39166
94840.594933,39167
94840.607873,39168
94840.621857,39169
94840.637258,39170
94840.650831,39171
94840.664709,39172
94840.677275,39173
94840.689780,39174
94840.702839,39175
94840.714536,39176
94840.727436,39177
94840.739647,39178
94840.754084,39179
94840.767785,39180
94840.781286,39181
94840.793907,39182
94840.806750,39183
94840.819242,39184
94840.830780,39185
94840.843650,39186
94840.855957,39187
94840.869371,39188
94840.881818,39189
94840.892782,39190
94840.905068,39191
94840.917144,39192
94840.929990,39193
94840.941669,39194
94840.953807,39195
94840.964935,39196
94840.978899,39197
94840.990047,39198
94841.002549,39199
94841.015824,39200
94841.031305,39201
94841.042961,39202
94841.055881,39203
94841.068105,39204
94841.081428,39205
94841.095362,39206
94841.108202,39207
94841.122252,39208
94841.134051,39209
94841.145701,39210
94841.156864,39211
94841.172746,39212
94841.185898,39213
94841.199916,39214
94841.212177,39215
94841.225145,39216
94841.236512,39217
94841.248143,39218
94841.260719,39219
94841.271432,39220
94841.284293,39221
94841.297480,39222
94841.309968,39223
94841.323271,39224
94841.334902,39225
94841.347364,39226
94841.360881,39227
94841.372414,39228
94841.384864,39229
94841.397662,39230
94841.409264,39231
94841.423565,39232
94841.435766,39233
94841.449955,39234
94841.462331,39235
94841.475304,39236
94841.488196,39237
94841.500428,39238
94841.513572,39239
94841.525256,39240
94841.538926,39241
94841.549968,39242
94841.564636,39243
94841.578236,39244
94841.591876,39245
94841.606088,39246
94841.618889,39247
94841.630568,39248
94841.642732,39249
94841.652546,39250
94841.658270,39251
94841.663709,39252
94841.668988,39253
94841.674594,39254
94841.679881,39255
94841.685316,39256
94841.691360,39257
94841.696917,39258
94841.702676,39259
94841.707944,39260
94841.713436,39261
94841.718830,39262
94841.724499,39263
94841.729774,39264
94841.735075,39265
94841.740535,39266
94841.745719,39267
94841.751670,39268
94841.757286,39269
94841.762928,39270
94841.768038,39271
94841.773338,39272
94841.778816,39273
94841.783818,39274
94841.789006,39275
94841.794144,39276
94841.799188,39277
94841.804490,39278
94841.809897,39279
94841.815388,39280
94841.821192,39281
94841.826488,39282
94841.831661,39283
94841.837148,39284
94841.842447,39285
94841.847533,39286
94841.852789,39287
94841.857940,39288
94841.863279,39289
94841.868527,39290
94841.873898,39291
94841.879337,39292
94841.884644,39293
94841.890697,39294
94841.896039,39295
94841.901201,39296
94841.906659,39297
94841.911843,39298
94841.917032,39299
94841.924759,39300
94841.930357,39301
94841.936136,39302
94841.941715,39303
94841.946981,39304
94841.951945,39305
94841.957261,39306
94841.962510,39307
94841.967477,39308
94841.972631,39309
94841.977693,39310
94841.983035,39311
94841.988121,39312
94841.993207,39313
94841.998233,39314
94842.003670,39315
94842.009353,39316
94842.015094,39317
94842.020201,39318
94842.025905,39319
94842.031428,39320
94842.037253,39321
94842.042705,39322
94842.047754,39323
94842.052723,39324
94842.058080,39325
94842.063674,39326
94842.068874,39327
94842.074251,39328
94842.080164,39329
94842.085301,39330
94842.090241,39331
94842.095618,39332
94842.101232,39333
94842.106312,39334
94842.111427,39335
94842.116418,39336
94842.121783,39337
94842.126804,39338
94842.131810,39339
94842.137341,39340
94842.143154,39341
94842.148237,39342
94842.153415,39343
94842.158464,39344
94842.164021,39345
94842.168988,39346
94842.174221,39347
94842.179388,39348
94842.184500,39349
94842.189568,39350
94842.194760,39351
94842.199794,39352
94842.205217,39353
94842.210543,39354
94842.215581,39355
94842.220941,39356
94842.226471,39357
94842.232923,39358
94842.238447,39359
94842.243629,39360
94842.249011,39361
94842.254080,39362
94842.259159,39363
94842.264251,39364
94842.269348,39365
94842.274658,39366
94842.279822,39367
94842.285072,39368
94842.290373,39369
94842.296066,39370
94842.301733,39371
94842.307374,39372
94842.312385,39373
94842.317485,39374
94842.322829,39375
94842.328186,39376
94842.333286,39377
94842.338327,39378
94842.343685,39379
94842.348995,39380
94842.354106,39381
94842.359444,39382
94842.364786,39383
94842.370111,39384
94842.375293,39385
94842.380675,39386
94842.385784,39387
94842.390847,39388
94842.395902,39389
94842.401309,39390
94842.406695,39391
94842.412059,39392
94842.417055,39393
94842.421951,39394
94842.427332,39395
94842.432616,39396
94842.438185,39397
94842.443289,39398
94842.448418,39399
94842.456268,39400
94842.461852,39401
94842.467235,39402
94842.474401,39403
94842.481468,39404
94842.488063,39405
94842.493739,39406
94842.500373,39407
94842.506167,39408
94842.511870,39409
94842.517799,39410
94842.523240,39411
94842.528476,39412
94842.533747,39413
94842.539532,39414
94842.545302,39415
94842.550922,39416
94842.556276,39417
94842.561619,39418
94842.567078,39419
94842.572539,39420
94842.578374,39421
94842.583714,39422
94842.588795,39423
94842.594345,39424
94842.599729,39425
94842.605571,39426
94842.611987,39427
94842.617335,39428
94842.623307,39429
94842.628862,39430
94842.634186,39431
94842.640506,39432
94842.646031,39433
94842.651627,39434
94842.657436,39435
94842.663347,39436
94842.668705,39437
94842.674037,39438
94842.679225,39439
94842.684485,39440
94842.689631,39441
94842.694741,39442
94842.699799,39443
94842.705161,39444
94842.710395,39445
94842.715567,39446
94842.720734,39447
94842.726374,39448
94842.731594,39449
94842.736750,39450
94842.742370,39451
94842.747759,39452
94842.753431,39453
94842.758622,39454
94842.763721,39455
94842.769085,39456
94842.774507,39457
94842.779789,39458
94842.785297,39459
94842.790415,39460
94842.795559,39461
94842.801091,39462
94842.807034,39463
94842.812223,39464
94842.817712,39465
94842.823204,39466
94842.828349,39467
94842.833419,39468
94842.839399,39469
94842.845057,39470
94842.850947,39471
94842.856564,39472
94842.861894,39473
94842.867209,39474
94842.872475,39475
94842.877900,39476
94842.883561,39477
94842.888654,39478
94842.893733,39479
94842.899270,39480
94842.904737,39481
94842.909953,39482
94842.915308,39483
94842.920483,39484
94842.925739,39485
94842.930833,39486
94842.936021,39487
94842.941793,39488
94842.946895,39489
94842.952684,39490
94842.958168,39491
94842.963387,39492
94842.968484,39493
94842.974190,39494
94842.979207,39495
94842.984462,39496
94842.989460,39497
94842.995069,39498
94843.000288,39499
94843.010964,39500
94843.017084,39501
94843.023500,39502
94843.029224,39503
94843.036751,39504
94843.045334,39505
94843.051337,39506
94843.057065,39507
94843.065482,39508
94843.071693,39509
94843.079781,39510
94843.087167,39511
94843.094566,39512
94843.100359,39513
94843.106245,39514
94843.111563,39515
94843.118750,39516
94843.124731,39517
94843.132035,39518
94843.137613,39519
94843.144505,39520
94843.149858,39521
94843.155511,39522
94843.161793,39523
94843.169789,39524
94843.175491,39525
94843.182579,39526
94843.191247,39527
94843.197386,39528
94843.203388,39529
94843.212702,39530
94843.218899,39531
94843.224912,39532
94843.231013,39533
94843.237953,39534
94843.243238,39535
94843.248760,39536
94843.255776,39537
94843.264599,39538
94843.272572,39539
94843.278518,39540
94843.284997,39541
94843.293337,39542
94843.298906,39543
94843.305243,39544
94843.312525,39545
94843.321173,39546
94843.326977,39547
94843.337418,39548
94843.344284,39549
94843.355548,39550
94843.361162,39551
94843.367054,39552
94843.372289,39553
94843.378029,39554
94843.383968,39555
94843.389046,39556
94843.396395,39557
94843.402618,39558
94843.410624,39559
94843.416371,39560
94843.421500,39561
94843.429194,39562
94843.437189,39563
94843.444756,39564
94843.449871,39565
94843.456322,39566
94843.461588,39567
94843.466955,39568
94843.472780,39569
94843.481728,39570
94843.487563,39571
94843.493060,39572
94843.501748,39573
94843.510279,39574
94843.519007,39575
94843.524737,39576
94843.531733,39577
94843.538941,39578
94843.544705,39579
94843.550316,39580
94843.557384,39581
94843.563420,39582
94843.571660,39583
94843.578944,39584
94843.585449,39585
94843.590810,39586
94843.598401,39587
94843.608042,39588
94843.613760,39589
94843.622872,39590
94843.630704,39591
94843.636023,39592
94843.641768,39593
94843.649295,39594
94843.654531,39595
94843.659783,39596
94843.665641,39597
94843.671534,39598
94843.677206,39599
94843.683402,39600
94843.688452,39601
94843.694203,39602
94843.701490,39603
94843.706730,39604
94843.714314,39605
94843.719961,39606
94843.725095,39607
94843.730873,39608
94843.736631,39609
94843.743742,39610
94843.749425,39611
94843.755567,39612
94843.762434,39613
94843.770845,39614
94843.776880,39615
94843.782635,39616
94843.788144,39617
94843.795871,39618
94843.801947,39619
94843.810817,39620
94843.816839,39621
94843.822383,39622
94843.830455,39623
94843.836223,39624
94843.841029,39625
94843.846772,39626
94843.854326,39627
94843.861755,39628
94843.867777,39629
94843.873071,39630
94843.879945,39631
94843.885446,39632
94843.891389,39633
94843.899332,39634
94843.906803,39635
94843.913408,39636
94843.918999,39637
94843.926302,39638
94843.931523,39639
94843.938214,39640
94843.947084,39641
94843.953073,39642
94843.958422,39643
94843.964824,39644
94843.970119,39645
94843.977603,39646
94843.983188,39647
94843.989228,39648
94843.997266,39649
94844.010537,39650
94844.017433,39651
94844.025839,39652
94844.031901,39653
94844.038725,39654
94844.045866,39655
94844.052513,39656
94844.058014,39657
94844.063633,39658
94844.069172,39659
94844.074211,39660
94844.080891,39661
94844.088840,39662
94844.096781,39663
94844.103454,39664
94844.111065,39665
94844.117846,39666
94844.123818,39667
94844.129511,39668
94844.136732,39669
94844.145495,39670
94844.151556,39671
94844.158476,39672
94844.163868,39673
94844.170691,39674
94844.176337,39675
94844.181458,39676
94844.187141,39677
94844.194354,39678
94844.199718,39679
94844.205514,39680
94844.211291,39681
94844.218627,39682
94844.224818,39683
94844.231288,39684
94844.236546,39685
94844.241886,39686
94844.247316,39687
94844.252814,39688
94844.261189,39689
94844.266632,39690
94844.272406,39691
94844.278673,39692
94844.286907,39693
94844.293684,39694
94844.301297,39695
94844.307683,39696
94844.313028,39697
94844.321943,39698
94844.328567,39699
94844.334554,39700
94844.342280,39701
94844.347691,39702
94844.355808,39703
94844.364112,39704
94844.369904,39705
94844.375865,39706
94844.382444,39707
94844.389337,39708
94844.396723,39709
94844.402648,39710
94844.408709,39711
94844.413979,39712
94844.421834,39713
94844.430037,39714
94844.437553,39715
94844.444792,39716
94844.451721,39717
94844.458619,39718
94844.467972,39719
94844.474009,39720
94844.479981,39721
94844.485884,39722
94844.493320,39723
94844.500985,39724
94844.508872,39725
94844.514188,39726
94844.520535,39727
94844.525980,39728
94844.531798,39729
94844.537862,39730
94844.545776,39731
94844.552309,39732
94844.557893,39733
94844.563435,39734
94844.571458,39735
94844.577352,39736
94844.583081,39737
94844.589476,39738
94844.597757,39739
94844.604515,39740
94844.612382,39741
94844.620204,39742
94844.626811,39743
94844.634293,39744
94844.640772,39745
94844.647805,39746
94844.655877,39747
94844.661952,39748
94844.670777,39749
94844.684684,39750
94844.695347,39751
94844.705941,39752
94844.715790,39753
94844.727007,39754
94844.739022,39755
94844.749687,39756
94844.761626,39757
94844.772627,39758
94844.781452,39759
94844.791911,39760
94844.801550,39761
94844.810793,39762
94844.820362,39763
94844.831524,39764
94844.842176,39765
94844.852236,39766
94844.861341,39767
94844.871467,39768
94844.880900,39769
94844.890322,39770
94844.900013,39771
94844.909871,39772
94844.923417,39773
94844.934784,39774
94844.942879,39775
94844.952997,39776
94844.964551,39777
94844.975501,39778
94844.985680,39779
94844.995255,39780
94845.004203,39781
94845.014206,39782
94845.024362,39783
94845.034852,39784
94845.043900,39785
94845.053273,39786
94845.063439,39787
94845.074368,39788
94845.085874,39789
94845.095873,39790
94845.107892,39791
94845.116883,39792
94845.126977,39793
94845.137265,39794
94845.147842,39795
94845.157615,39796
94845.167014,39797
94845.176618,39798
94845.185813,39799
94845.198824,39800
94845.207911,39801
94845.217628,39802
94845.229017,39803
94845.238793,39804
94845.250397,39805
94845.259984,39806
94845.270547,39807
94845.282453,39808
94845.291860,39809
94845.303525,39810
94845.314967,39811
94845.325602,39812
94845.335764,39813
94845.344466,39814
94845.353988,39815
94845.364421,39816
94845.374871,39817
94845.385762,39818
94845.396652,39819
94845.407712,39820
94845.416439,39821
94845.426580,39822
94845.438266,39823
94845.447874,39824
94845.458269,39825
94845.468699,39826
94845.477790,39827
94845.486875,39828
94845.496341,39829
94845.506762,39830
94845.516444,39831
94845.525463,39832
94845.535067,39833
94845.544927,39834
94845.554107,39835
94845.564784,39836
94845.574809,39837
94845.583553,39838
94845.594790,39839
94845.604307,39840
94845.613497,39841
94845.622847,39842
94845.631989,39843
94845.643087,39844
94845.652174,39845
94845.662362,39846
94845.673721,39847
94845.684555,39848
94845.694054,39849
94845.705407,39850
94845.716799,39851
94845.726429,39852
94845.735778,39853
94845.746236,39854
94845.756910,39855
94845.766911,39856
94845.775573,39857
94845.786064,39858
94845.797255,39859
94845.806512,39860
94845.816513,39861
94845.826095,39862
94845.835641,39863
94845.845906,39864
94845.857217,39865
94845.869262,39866
94845.880156,39867
94845.891820,39868
94845.903341,39869
94845.914718,39870
94845.923843,39871
94845.935396,39872
94845.946305,39873
94845.956050,39874
94845.967612,39875
94845.976519,39876
94845.986097,39877
94845.996337,39878
94846.006766,39879
94846.017360,39880
94846.028281,39881
94846.038041,39882
94846.047857,39883
94846.058472,39884
94846.069620,39885
94846.081376,39886
94846.092553,39887
94846.102404,39888
94846.113396,39889
94846.123258,39890
94846.132122,39891
94846.142255,39892
94846.151885,39893
94846.162171,39894
94846.171764,39895
94846.182857,39896
94846.194374,39897
94846.205401,39898
94846.215678,39899
94846.230826,39900
94846.240293,39901
94846.249822,39902
94846.259640,39903
94846.270842,39904
94846.281867,39905
94846.290869,39906
94846.299791,39907
94846.309775,39908
94846.319572,39909
94846.330724,39910
94846.339981,39911
94846.351036,39912
94846.362052,39913
94846.373182,39914
94846.382549,39915
94846.393929,39916
94846.403793,39917
94846.413102,39918
94846.423348,39919
94846.434473,39920
94846.444397,39921
94846.454868,39922
94846.464731,39923
94846.474427,39924
94846.486384,39925
94846.496604,39926
94846.505854,39927
94846.515365,39928
94846.525146,39929
94846.534638,39930
94846.545573,39931
94846.555437,39932
94846.565261,39933
94846.574596,39934
94846.583917,39935
94846.593727,39936
94846.603435,39937
94846.613699,39938
94846.623420,39939
94846.632993,39940
94846.642369,39941
94846.651720,39942
94846.661979,39943
94846.672694,39944
94846.684754,39945
94846.694332,39946
94846.704714,39947
94846.713904,39948
94846.724679,39949
94846.734182,39950
94846.743351,39951
94846.752785,39952
94846.763036,39953
94846.773728,39954
94846.783837,39955
94846.795504,39956
94846.806360,39957
94846.817324,39958
94846.826265,39959
94846.837890,39960
94846.847129,39961
94846.857722,39962
94846.866735,39963
94846.876636,39964
94846.886477,39965
94846.896903,39966
94846.907590,39967
94846.916286,39968
94846.926618,39969
94846.937986,39970
94846.948071,39971
94846.958529,39972
94846.969732,39973
94846.979852,39974
94846.991530,39975
94847.003277,39976
94847.013632,39977
94847.025467,39978
94847.036881,39979
94847.046834,39980
94847.058269,39981
94847.068773,39982
94847.079155,39983
94847.088507,39984
94847.098610,39985
94847.109298,39986
94847.118631,39987
94847.128457,39988
94847.141475,39989
94847.153039,39990
94847.163402,39991
94847.173483,39992
94847.184270,39993
94847.194315,39994
94847.204914,39995
94847.214218,39996
94847.228089,39997
94847.242678,39998
94847.258615,39999
94847.277813,40000
94847.291609,40001
94847.304884,40002
94847.317561,40003
94847.331670,40004
94847.345894,40005
94847.359112,40006
94847.373323,40007
94847.387332,40008
94847.403517,40009
94847.418153,40010
94847.432727,40011
94847.446991,40012
94847.461523,40013
94847.476775,40014
94847.491445,40015
94847.505888,40016
94847.520597,40017
94847.532340,40018
94847.547737,40019
94847.561794,40020
94847.575601,40021
94847.588791,40022
94847.603870,40023
94847.618355,40024
94847.631905,40025
94847.647930,40026
94847.661719,40027
94847.675916,40028
94847.690288,40029
94847.705617,40030
94847.722569,40031
94847.736988,40032
94847.749561,40033
94847.763288,40034
94847.778135,40035
94847.791693,40036
94847.805745,40037
94847.820891,40038
94847.836174,40039
94847.848411,40040
94847.862363,40041
94847.877391,40042
94847.892920,40043
94847.908670,40044
94847.923873,40045
94847.937291,40046
94847.951816,40047
94847.964700,40048
94847.978836,40049
94847.996323,40050
94848.009715,40051
94848.023844,40052
94848.038320,40053
94848.052996,40054
94848.066163,40055
94848.081451,40056
94848.095837,40057
94848.110864,40058
94848.124703,40059
94848.138923,40060
94848.153597,40061
94848.167438,40062
94848.184123,40063
94848.198011,40064
94848.213473,40065
94848.227510,40066
94848.242331,40067
94848.255880,40068
94848.271540,40069
94848.284075,40070
94848.297523,40071
94848.313709,40072
94848.326845,40073
94848.340356,40074
94848.354444,40075
94848.367873,40076
94848.382302,40077
94848.395415,40078
94848.409885,40079
94848.421715,40080
94848.435723,40081
94848.452345,40082
94848.466377,40083
94848.482198,40084
94848.496863,40085
94848.512200,40086
94848.527573,40087
94848.543438,40088
94848.558898,40089
94848.573901,40090
94848.589063,40091
94848.604113,40092
94848.618646,40093
94848.631136,40094
94848.646334,40095
94848.658789,40096
94848.672511,40097
94848.687293,40098
94848.700774,40099
94848.715286,40100
94848.729935,40101
94848.744031,40102
94848.759961,40103
94848.773958,40104
94848.787920,40105
94848.801290,40106
94848.818038,40107
94848.831562,40108
94848.847122,40109
94848.862574,40110
94848.877439,40111
94848.891905,40112
94848.906805,40113
94848.922459,40114
94848.936588,40115
94848.950066,40116
94848.965741,40117
94848.979198,40118
94848.992273,40119
94849.006891,40120
94849.020923,40121
94849.034851,40122
94849.047961,40123
94849.061760,40124
94849.077021,40125
94849.093179,40126
94849.107730,40127
94849.121614,40128
94849.138809,40129
94849.154632,40130
94849.169664,40131
94849.181442,40132
94849.195669,40133
94849.209405,40134
94849.222066,40135
94849.236098,40136
94849.249524,40137
94849.263123,40138
94849.277756,40139
94849.291052,40140
94849.305448,40141
94849.318732,40142
94849.333504,40143
94849.347572,40144
94849.361426,40145
94849.375108,40146
94849.388511,40147
94849.402617,40148
94849.417477,40149
94849.434279,40150
94849.448669,40151
94849.462741,40152
94849.476700,40153
94849.491825,40154
94849.505176,40155
94849.520159,40156
94849.532416,40157
94849.546528,40158
94849.561561,40159
94849.574902,40160
94849.588529,40161
94849.602928,40162
94849.618774,40163
94849.631825,40164
94849.647461,40165
94849.662047,40166
94849.676417,40167
94849.691457,40168
94849.705412,40169
94849.719283,40170
94849.734359,40171
94849.747699,40172
94849.760930,40173
94849.775088,40174
94849.789367,40175
94849.805380,40176
94849.820235,40177
94849.834630,40178
94849.847686,40179
94849.862116,40180
94849.878195,40181
94849.892760,40182
94849.906194,40183
94849.920385,40184
94849.937530,40185
94849.950984,40186
94849.964511,40187
94849.977997,40188
94849.992199,40189
94850.005321,40190
94850.020650,40191
94850.033594,40192
94850.047265,40193
94850.063217,40194
94850.077820,40195
94850.091803,40196
94850.106981,40197
94850.122999,40198
94850.137605,40199
94850.151602,40200
94850.166503,40201
94850.181988,40202
94850.194310,40203
94850.208410,40204
94850.222578,40205
94850.237458,40206
94850.250880,40207
94850.266591,40208
94850.281074,40209
94850.296804,40210
94850.312467,40211
94850.326592,40212
94850.340608,40213
94850.354349,40214
94850.369587,40215
94850.384949,40216
94850.400831,40217
94850.414696,40218
94850.429545,40219
94850.442960,40220
94850.457804,40221
94850.472729,40222
94850.487237,40223
94850.501895,40224
94850.516472,40225
94850.532362,40226
94850.547637,40227
94850.562521,40228
94850.577429,40229
94850.590985,40230
94850.604960,40231
94850.620623,40232
94850.636665,40233
94850.652529,40234
94850.667337,40235
94850.679898,40236
94850.693505,40237
94850.708409,40238
94850.722621,40239
94850.737509,40240
94850.752479,40241
94850.767143,40242
94850.780700,40243
94850.796896,40244
94850.812253,40245
94850.826250,40246
94850.839593,40247
94850.853102,40248
94850.869142,40249
94850.880665,40500
94850.886627,40501
94850.891841,40502
94850.897356,40503
94850.902590,40504
94850.907920,40505
94850.913221,40506
94850.918394,40507
94850.923693,40508
94850.928934,40509
94850.934488,40510
94850.939845,40511
94850.944929,40512
94850.950068,40513
94850.955307,40514
94850.960802,40515
94850.966997,40516
94850.972313,40517
94850.977340,40518
94850.982700,40519
94850.987919,40520
94850.993628,40521
94850.999393,40522
94851.004508,40523
94851.009683,40524
94851.014982,40525
94851.020663,40526
94851.025941,40527
94851.031208,40528
94851.036544,40529
94851.041698,40530
94851.046699,40531
94851.052277,40532
94851.058014,40533
94851.063696,40534
94851.069511,40535
94851.075048,40536
94851.080670,40537
94851.085938,40538
94851.091322,40539
94851.096925,40540
94851.102415,40541
94851.107944,40542
94851.113250,40543
94851.118632,40544
94851.123888,40545
94851.130119,40546
94851.136413,40547
94851.142725,40548
94851.148609,40549
94851.154807,40550
94851.160331,40551
94851.165962,40552
94851.171508,40553
94851.176734,40554
94851.182037,40555
94851.187710,40556
94851.192849,40557
94851.198642,40558
94851.204114,40559
94851.209519,40560
94851.214902,40561
94851.220465,40562
94851.226611,40563
94851.232390,40564
94851.237745,40565
94851.242946,40566
94851.248230,40567
94851.253474,40568
94851.258633,40569
94851.263833,40570
94851.268991,40571
94851.273991,40572
94851.279491,40573
94851.284810,40574
94851.289890,40575
94851.295929,40576
94851.301403,40577
94851.306792,40578
94851.312053,40579
94851.317174,40580
94851.322444,40581
94851.327684,40582
94851.333026,40583
94851.338420,40584
94851.343770,40585
94851.348976,40586
94851.354284,40587
94851.359405,40588
94851.364343,40589
94851.369378,40590
94851.374745,40591
94851.379794,40592
94851.384874,40593
94851.389885,40594
94851.395118,40595
94851.400235,40596
94851.405316,40597
94851.410479,40598
94851.415716,40599
94851.423670,40600
94851.428865,40601
94851.434066,40602
94851.439066,40603
94851.444264,40604
94851.449509,40605
94851.454489,40606
94851.459661,40607
94851.465060,40608
94851.470252,40609
94851.475349,40610
94851.480374,40611
94851.485629,40612
94851.490845,40613
94851.496562,40614
94851.501705,40615
94851.506806,40616
94851.511923,40617
94851.517049,40618
94851.522301,40619
94851.527343,40620
94851.532522,40621
94851.537826,40622
94851.542908,40623
94851.548069,40624
94851.553281,40625
94851.558588,40626
94851.563875,40627
94851.569271,40628
94851.574263,40629
94851.579355,40630
94851.584547,40631
94851.590304,40632
94851.596174,40633
94851.602165,40634
94851.608151,40635
94851.613741,40636
94851.619265,40637
94851.624792,40638
94851.630275,40639
94851.636082,40640
94851.641623,40641
94851.647187,40642
94851.652639,40643
94851.658092,40644
94851.664076,40645
94851.669672,40646
94851.675131,40647
94851.680592,40648
94851.685778,40649
94851.691019,40650
94851.696102,40651
94851.701341,40652
94851.706380,40653
94851.711518,40654
94851.716598,40655
94851.721843,40656
94851.726911,40657
94851.732140,40658
94851.737445,40659
94851.742920,40660
94851.747909,40661
94851.752935,40662
94851.758167,40663
94851.763703,40664
94851.769349,40665
94851.775274,40666
94851.780594,40667
94851.785790,40668
94851.791060,40669
94851.796158,40670
94851.801544,40671
94851.806571,40672
94851.811702,40673
94851.817150,40674
94851.822480,40675
94851.827795,40676
94851.833004,40677
94851.838136,40678
94851.843161,40679
94851.848203,40680
94851.853592,40681
94851.858889,40682
94851.864015,40683
94851.869122,40684
94851.874154,40685
94851.879452,40686
94851.884613,40687
94851.890114,40688
94851.895554,40689
94851.900740,40690
94851.906015,40691
94851.911291,40692
94851.916735,40693
94851.921954,40694
94851.927464,40695
94851.932460,40696
94851.937498,40697
94851.942439,40698
94851.947501,40699
94851.955763,40700
94851.961234,40701
94851.966455,40702
94851.971814,40703
94851.977597,40704
94851.983486,40705
94851.989075,40706
94851.994387,40707
94852.000324,40708
94852.005683,40709
94852.011455,40710
94852.016917,40711
94852.022239,40712
94852.027499,40713
94852.032531,40714
94852.037665,40715
94852.042528,40716
94852.047793,40717
94852.053274,40718
94852.058603,40719
94852.063668,40720
94852.068960,40721
94852.074055,40722
94852.079284,40723
94852.084779,40724
94852.090089,40725
94852.094987,40726
94852.100359,40727
94852.105484,40728
94852.110754,40729
94852.116241,40730
94852.122291,40731
94852.128111,40732
94852.133338,40733
94852.138508,40734
94852.143844,40735
94852.149164,40736
94852.154780,40737
94852.160274,40738
94852.165803,40739
94852.171378,40740
94852.176846,40741
94852.182243,40742
94852.187934,40743
94852.193130,40744
94852.198529,40745
94852.204050,40746
94852.209368,40747
94852.214665,40748
94852.219980,40749
94852.232362,40750
94852.237594,40751
94852.242704,40752
94852.249328,40753
94852.254725,40754
94852.261783,40755
94852.266935,40756
94852.272236,40757
94852.277458,40758
94852.282955,40759
94852.288130,40760
94852.293701,40761
94852.300439,40762
94852.306668,40763
94852.311816,40764
94852.318578,40765
94852.324460,40766
94852.330398,40767
94852.335408,40768
94852.341829,40769
94852.347718,40770
94852.354928,40771
94852.360834,40772
94852.366401,40773
94852.373428,40774
94852.379460,40775
94852.384844,40776
94852.390981,40777
94852.397379,40778
94852.405245,40779
94852.411466,40780
94852.417046,40781
94852.422186,40782
94852.428684,40783
94852.434903,40784
94852.441292,40785
94852.447204,40786
94852.452772,40787
94852.459828,40788
94852.467288,40789
94852.472524,40790
94852.477713,40791
94852.483251,40792
94852.489778,40793
94852.494692,40794
94852.499976,40795
94852.507603,40796
94852.514201,40797
94852.519725,40798
94852.525830,40799
94852.531585,40800
94852.538210,40801
94852.545306,40802
94852.552430,40803
94852.557521,40804
94852.564565,40805
94852.569673,40806
94852.576743,40807
94852.581790,40808
94852.589030,40809
94852.595190,40810
94852.600998,40811
94852.608389,40812
94852.615561,40813
94852.622128,40814
94852.628749,40815
94852.633893,40816
94852.639478,40817
94852.646821,40818
94852.657032,40819
94852.671092,40820
94852.691068,40821
94852.700062,40822
94852.713303,40823
94852.725064,40824
94852.731339,40825
94852.737221,40826
94852.743992,40827
94852.750611,40828
94852.757342,40829
94852.765412,40830
94852.771981,40831
94852.777613,40832
94852.783485,40833
94852.789314,40834
94852.795280,40835
94852.802349,40836
94852.808405,40837
94852.813671,40838
94852.820638,40839
94852.826471,40840
94852.832313,40841
94852.837477,40842
94852.845124,40843
94852.852779,40844
94852.861526,40845
94852.867625,40846
94852.876095,40847
94852.882139,40848
94852.890109,40849
94852.906705,40850
94852.916307,40851
94852.933376,40852
94852.942781,40853
94852.951400,40854
94852.960690,40855
94852.969189,40856
94852.975941,40857
94852.981152,40858
94852.986588,40859
94852.992818,40860
94852.999328,40861
94853.004607,40862
94853.013023,40863
94853.018372,40864
94853.024476,40865
94853.031746,40866
94853.039140,40867
94853.046861,40868
94853.052815,40869
94853.059038,40870
94853.066117,40871
94853.071549,40872
94853.077182,40873
94853.082139,40874
94853.087826,40875
94853.093912,40876
94853.101861,40877
94853.109424,40878
94853.115392,40879
94853.121725,40880
94853.128850,40881
94853.134176,40882
94853.140182,40883
94853.146418,40884
94853.152404,40885
94853.159926,40886
94853.167894,40887
94853.173683,40888
94853.179470,40889
94853.184681,40890
94853.192136,40891
94853.198940,40892
94853.206374,40893
94853.212145,40894
94853.219739,40895
94853.226099,40896
94853.234708,40897
94853.240385,40898
94853.248548,40899
94853.253812,40900
94853.259581,40901
94853.264572,40902
94853.270254,40903
94853.277466,40904
94853.284541,40905
94853.290299,40906
94853.297592,40907
94853.306260,40908
94853.312362,40909
94853.318145,40910
94853.323488,40911
94853.329432,40912
94853.335524,40913
94853.340617,40914
94853.346364,40915
94853.353893,40916
94853.359845,40917
94853.366952,40918
94853.374427,40919
94853.380518,40920
94853.386452,40921
94853.392101,40922
94853.401550,40923
94853.408379,40924
94853.415387,40925
94853.422353,40926
94853.428013,40927
94853.433493,40928
94853.440643,40929
94853.448120,40930
94853.454506,40931
94853.459686,40932
94853.467034,40933
94853.472448,40934
94853.477927,40935
94853.485293,40936
94853.492574,40937
94853.497747,40938
94853.505249,40939
94853.510424,40940
94853.515926,40941
94853.523037,40942
94853.528748,40943
94853.534037,40944
94853.539842,40945
94853.545120,40946
94853.552413,40947
94853.557690,40948
94853.566926,40949
94853.575923,40950
94853.583714,40951
94853.590274,40952
94853.597319,40953
94853.604725,40954
94853.610177,40955
94853.617060,40956
94853.623288,40957
94853.628576,40958
94853.635345,40959
94853.642255,40960
94853.649681,40961
94853.655853,40962
94853.661634,40963
94853.668927,40964
94853.674527,40965
94853.681550,40966
94853.687137,40967
94853.692847,40968
94853.700475,40969
94853.705991,40970
94853.713963,40971
94853.719471,40972
94853.725338,40973
94853.730746,40974
94853.736170,40975
94853.741869,40976
94853.747155,40977
94853.754230,40978
94853.760043,40979
94853.765303,40980
94853.770790,40981
94853.777800,40982
94853.783727,40983
94853.788941,40984
94853.796277,40985
94853.804114,40986
94853.810879,40987
94853.816556,40988
94853.822643,40989
94853.829584,40990
94853.835948,40991
94853.841422,40992
94853.847018,40993
94853.852847,40994
94853.859653,40995
94853.864973,40996
94853.870341,40997
94853.875956,40998
94853.882639,40999
94853.898296,41000
94853.906375,41001
94853.915211,41002
94853.924925,41003
94853.934613,41004
94853.944758,41005
94853.954818,41006
94853.964652,41007
94853.973818,41008
94853.983336,41009
94853.991956,41010
94854.001162,41011
94854.008796,41012
94854.018186,41013
94854.026910,41014
94854.035275,41015
94854.043228,41016
94854.052906,41017
94854.062668,41018
94854.071292,41019
94854.080857,41020
94854.089329,41021
94854.097706,41022
94854.106011,41023
94854.116679,41024
94854.125850,41025
94854.136255,41026
94854.147256,41027
94854.157788,41028
94854.165860,41029
94854.175559,41030
94854.185451,41031
94854.194754,41032
94854.207021,41033
94854.216851,41034
94854.225400,41035
94854.234857,41036
94854.243466,41037
94854.251315,41038
94854.260989,41039
94854.270431,41040
94854.281899,41041
94854.291277,41042
94854.302582,41043
94854.310775,41044
94854.320688,41045
94854.330784,41046
94854.339617,41047
94854.348021,41048
94854.358638,41049
94854.369311,41050
94854.380080,41051
94854.393890,41052
94854.406808,41053
94854.417799,41054
94854.427719,41055
94854.437717,41056
94854.446659,41057
94854.456470,41058
94854.466087,41059
94854.476328,41060
94854.487512,41061
94854.495557,41062
94854.505161,41063
94854.516280,41064
94854.526200,41065
94854.535806,41066
94854.545707,41067
94854.557338,41068
94854.566732,41069
94854.578862,41070
94854.588832,41071
94854.598744,41072
94854.612068,41073
94854.622863,41074
94854.633748,41075
94854.645734,41076
94854.654727,41077
94854.664511,41078
94854.673589,41079
94854.686064,41080
94854.694797,41081
94854.705899,41082
94854.716935,41083
94854.727160,41084
94854.736335,41085
94854.746621,41086
94854.759091,41087
94854.768703,41088
94854.780139,41089
94854.788627,41090
94854.797737,41091
94854.806821,41092
94854.815673,41093
94854.825260,41094
94854.834739,41095
94854.845035,41096
94854.855860,41097
94854.865894,41098
94854.877336,41099
94854.889588,41100
94854.899025,41101
94854.907574,41102
94854.919690,41103
94854.929463,41104
94854.939577,41105
94854.948891,41106
94854.960866,41107
94854.971691,41108
94854.980719,41109
94854.990292,41110
94855.002415,41111
94855.012746,41112
94855.021500,41113
94855.033291,41114
94855.043571,41115
94855.054168,41116
94855.064695,41117
94855.074665,41118
94855.085254,41119
94855.094387,41120
94855.105314,41121
94855.113531,41122
94855.123850,41123
94855.132963,41124
94855.143043,41125
94855.151774,41126
94855.160724,41127
94855.169735,41128
94855.179104,41129
94855.187740,41130
94855.197977,41131
94855.208712,41132
94855.219023,41133
94855.230485,41134
94855.239277,41135
94855.248739,41136
94855.257881,41137
94855.267013,41138
94855.276110,41139
94855.283967,41140
94855.295561,41141
94855.304679,41142
94855.316009,41143
94855.327734,41144
94855.337391,41145
94855.345742,41146
94855.355619,41147
94855.364775,41148
94855.375404,41149
94855.385858,41150
94855.396539,41151
94855.405193,41152
94855.413751,41153
94855.422820,41154
94855.432846,41155
94855.443745,41156
94855.454996,41157
94855.465719,41158
94855.475789,41159
94855.485395,41160
94855.494056,41161
94855.506357,41162
94855.517480,41163
94855.525599,41164
94855.535558,41165
94855.544730,41166
94855.554927,41167
94855.565036,41168
94855.577378,41169
94855.587309,41170
94855.597092,41171
94855.607404,41172
94855.617587,41173
94855.627041,41174
94855.640640,41175
94855.649804,41176
94855.658986,41177
94855.669351,41178
94855.678983,41179
94855.687751,41180
94855.698337,41181
94855.709448,41182
94855.718886,41183
94855.728895,41184
94855.738323,41185
94855.747839,41186
94855.758189,41187
94855.767416,41188
94855.777252,41189
94855.788525,41190
94855.799255,41191
94855.808711,41192
94855.817699,41193
94855.826694,41194
94855.836608,41195
94855.844864,41196
94855.854863,41197
94855.866428,41198
94855.875428,41199
94855.886600,41200
94855.896015,41201
94855.908093,41202
94855.920595,41203
94855.929258,41204
94855.938121,41205
94855.948479,41206
94855.957087,41207
94855.967716,41208
94855.977058,41209
94855.986975,41210
94855.995485,41211
94856.006033,41212
94856.015711,41213
94856.024728,41214
94856.033980,41215
94856.043809,41216
94856.054109,41217
94856.062915,41218
94856.071509,41219
94856.082528,41220
94856.092510,41221
94856.102701,41222
94856.114229,41223
94856.124042,41224
94856.133568,41225
94856.142702,41226
94856.154996,41227
94856.164299,41228
94856.176838,41229
94856.186673,41230
94856.198278,41231
94856.207769,41232
94856.217590,41233
94856.227802,41234
94856.236615,41235
94856.245617,41236
94856.256317,41237
94856.266317,41238
94856.277354,41239
94856.289254,41240
94856.301800,41241
94856.311233,41242
94856.320726,41243
94856.330850,41244
94856.342716,41245
94856.352876,41246
94856.363468,41247
94856.373050,41248
94856.383113,41249
94856.400587,41250
94856.414893,41251
94856.425942,41252
94856.437322,41253
94856.449386,41254
94856.462397,41255
94856.473866,41256
94856.485537,41257
94856.497266,41258
94856.508402,41259
94856.520301,41260
94856.532575,41261
94856.545863,41262
94856.556895,41263
94856.567945,41264
94856.580621,41265
94856.593706,41266
94856.606052,41267
94856.619491,41268
94856.630865,41269
94856.644886,41270
94856.656056,41271
94856.668401,41272
94856.679300,41273
94856.690788,41274
94856.704221,41275
94856.716565,41276
94856.728571,41277
94856.740673,41278
94856.753623,41279
94856.766818,41280
94856.778562,41281
94856.790265,41282
94856.802111,41283
94856.813599,41284
94856.826148,41285
94856.838494,41286
94856.852481,41287
94856.865293,41288
94856.876916,41289
94856.889392,41290
94856.901872,41291
94856.914748,41292
94856.928139,41293
94856.941013,41294
94856.953894,41295
94856.966106,41296
94856.978153,41297
94856.990958,41298
94857.003702,41299
94857.017324,41300
94857.030174,41301
94857.042396,41302
94857.054533,41303
94857.066873,41304
94857.080175,41305
94857.094261,41306
94857.106129,41307
94857.117438,41308
94857.130766,41309
94857.142721,41310
94857.154012,41311
94857.167906,41312
94857.181481,41313
94857.193936,41314
94857.205416,41315
94857.217900,41316
94857.230292,41317
94857.242695,41318
94857.254243,41319
94857.268536,41320
94857.279751,41321
94857.292368,41322
94857.305447,41323
94857.316812,41324
94857.328253,41325
94857.341399,41326
94857.352541,41327
94857.364528,41328
94857.376492,41329
94857.389042,41330
94857.400498,41331
94857.413718,41332
94857.425478,41333
94857.437794,41334
94857.449748,41335
94857.460711,41336
94857.472892,41337
94857.486617,41338
94857.499736,41339
94857.512801,41340
94857.524330,41341
94857.536892,41342
94857.551976,41343
94857.566212,41344
94857.578606,41345
94857.591671,41346
94857.602539,41347
94857.616549,41348
94857.629332,41349
94857.646165,41350
94857.658419,41351
94857.670201,41352
94857.682668,41353
94857.694712,41354
94857.707542,41355
94857.719846,41356
94857.733414,41357
94857.746124,41358
94857.758376,41359
94857.770364,41360
94857.784357,41361
94857.795901,41362
94857.809082,41363
94857.821371,41364
94857.834738,41365
94857.846392,41366
94857.858446,41367
94857.871006,41368
94857.885522,41369
94857.897898,41370
94857.909623,41371
94857.921051,41372
94857.934596,41373
94857.948686,41374
94857.960521,41375
94857.972515,41376
94857.985188,41377
94857.996765,41378
94858.010885,41379
94858.022559,41380
94858.038582,41381
94858.050909,41382
94858.063253,41383
94858.074951,41384
94858.086223,41385
94858.099948,41386
94858.111307,41387
94858.123590,41388
94858.136475,41389
94858.148782,41390
94858.163358,41391
94858.175978,41392
94858.190957,41393
94858.202962,41394
94858.215215,41395
94858.227390,41396
94858.239601,41397
94858.250865,41398
94858.262188,41399
94858.274578,41400
94858.289014,41401
94858.301494,41402
94858.314639,41403
94858.326379,41404
94858.338555,41405
94858.350491,41406
94858.363295,41407
94858.375998,41408
94858.387542,41409
94858.400912,41410
94858.412515,41411
94858.423344,41412
94858.436777,41413
94858.448879,41414
94858.462225,41415
94858.475933,41416
94858.489504,41417
94858.500903,41418
94858.513706,41419
94858.524747,41420
94858.537189,41421
94858.550852,41422
94858.563860,41423
94858.575891,41424
94858.588940,41425
94858.601781,41426
94858.613462,41427
94858.625418,41428
94858.637547,41429
94858.650316,41430
94858.663417,41431
94858.675362,41432
94858.687498,41433
94858.699379,41434
94858.712438,41435
94858.726394,41436
94858.740876,41437
94858.754667,41438
94858.769066,41439
94858.780525,41440
94858.791845,41441
94858.803036,41442
94858.814419,41443
94858.826849,41444
94858.839376,41445
94858.855236,41446
94858.871515,41447
94858.885203,41448
94858.898632,41449
94858.915213,41450
94858.929893,41451
94858.941566,41452
94858.953931,41453
94858.967890,41454
94858.982098,41455
94858.995359,41456
94859.008494,41457
94859.021627,41458
94859.034233,41459
94859.046479,41460
94859.060746,41461
94859.073587,41462
94859.085980,41463
94859.098891,41464
94859.112201,41465
94859.124805,41466
94859.137971,41467
94859.150223,41468
94859.162464,41469
94859.177767,41470
94859.191322,41471
94859.204360,41472
94859.218327,41473
94859.231844,41474
94859.246217,41475
94859.259611,41476
94859.272256,41477
94859.284504,41478
94859.300453,41479
94859.316514,41480
94859.332645,41481
94859.344908,41482
94859.359889,41483
94859.372796,41484
94859.385678,41485
94859.397813,41486
94859.410716,41487
94859.423680,41488
94859.438403,41489
94859.453477,41490
94859.465519,41491
94859.477855,41492
94859.492216,41493
94859.506029,41494
94859.519608,41495
94859.533834,41496
94859.548137,41497
94859.561231,41498
94859.575799,41499
94859.590134,41500
94859.596377,41501
94859.602091,41502
94859.609497,41503
94859.615493,41504
94859.620805,41505
94859.625973,41506
94859.632072,41507
94859.638219,41508
94859.643606,41509
94859.649569,41510
94859.655397,41511
94859.660631,41512
94859.666143,41513
94859.671655,41514
94859.677784,41515
94859.683022,41516
94859.688420,41517
94859.693765,41518
94859.699165,41519
94859.705461,41520
94859.711534,41521
94859.717880,41522
94859.723387,41523
94859.728710,41524
94859.734276,41525
94859.740056,41526
94859.746114,41527
94859.752238,41528
94859.758004,41529
94859.764175,41530
94859.770484,41531
94859.775834,41532
94859.781750,41533
94859.787556,41534
94859.796187,41535
94859.802185,41536
94859.807805,41537
94859.813526,41538
94859.819088,41539
94859.824806,41540
94859.830461,41541
94859.835750,41542
94859.840949,41543
94859.846097,41544
94859.851703,41545
94859.856988,41546
94859.862146,41547
94859.867936,41548
94859.873485,41549
94859.879391,41550
94859.886644,41551
94859.892763,41552
94859.899960,41553
94859.905726,41554
94859.911228,41555
94859.917092,41556
94859.922660,41557
94859.928244,41558
94859.933974,41559
94859.939277,41560
94859.945137,41561
94859.950773,41562
94859.956627,41563
94859.962363,41564
94859.968043,41565
94859.973728,41566
94859.979669,41567
94859.985105,41568
94859.990487,41569
94859.995898,41570
94860.001497,41571
94860.006719,41572
94860.011873,41573
94860.018039,41574
94860.024525,41575
94860.029910,41576
94860.035612,41577
94860.043444,41578
94860.049517,41579
94860.054943,41580
94860.060233,41581
94860.065583,41582
94860.070726,41583
94860.076397,41584
94860.082263,41585
94860.087691,41586
94860.093058,41587
94860.098385,41588
94860.103603,41589
94860.108846,41590
94860.113994,41591
94860.119650,41592
94860.125337,41593
94860.130624,41594
94860.136087,41595
94860.141407,41596
94860.146855,41597
94860.152011,41598
94860.157219,41599
94860.164933,41600
94860.170628,41601
94860.175662,41602
94860.181900,41603
94860.189339,41604
94860.196355,41605
94860.202674,41606
94860.208400,41607
94860.214225,41608
94860.219800,41609
94860.226089,41610
94860.231825,41611
94860.236906,41612
94860.242157,41613
94860.247579,41614
94860.253847,41615
94860.259301,41616
94860.264555,41617
94860.269961,41618
94860.275500,41619
94860.281579,41620
94860.287614,41621
94860.293676,41622
94860.299656,41623
94860.305032,41624
94860.310669,41625
94860.316725,41626
94860.322296,41627
94860.330577,41628
94860.336046,41629
94860.341859,41630
94860.347462,41631
94860.353109,41632
94860.359007,41633
94860.364791,41634
94860.371033,41635
94860.376572,41636
94860.381920,41637
94860.388102,41638
94860.393683,41639
94860.399294,41640
94860.405401,41641
94860.410700,41642
94860.416556,41643
94860.422500,41644
94860.427954,41645
94860.433468,41646
94860.439167,41647
94860.444590,41648
94860.450650,41649
94860.456806,41650
94860.462393,41651
94860.467903,41652
94860.473300,41653
94860.478708,41654
94860.484800,41655
94860.490334,41656
94860.495610,41657
94860.501044,41658
94860.506583,41659
94860.512394,41660
94860.517963,41661
94860.523451,41662
94860.528608,41663
94860.534015,41664
94860.539242,41665
94860.544309,41666
94860.549703,41667
94860.555242,41668
94860.560463,41669
94860.566017,41670
94860.571749,41671
94860.577430,41672
94860.582800,41673
94860.588374,41674
94860.594323,41675
94860.599647,41676
94860.604861,41677
94860.610310,41678
94860.615624,41679
94860.621260,41680
94860.626750,41681
94860.632106,41682
94860.637811,41683
94860.643369,41684
94860.648795,41685
94860.654495,41686
94860.659850,41687
94860.665511,41688
94860.671288,41689
94860.676480,41690
94860.681826,41691
94860.687286,41692
94860.693261,41693
94860.701251,41694
94860.706886,41695
94860.712637,41696
94860.719732,41697
94860.725263,41698
94860.730464,41699
94860.739006,41700
94860.744382,41701
94860.750311,41702
94860.756275,41703
94860.762043,41704
94860.767939,41705
94860.774052,41706
94860.779562,41707
94860.785856,41708
94860.792105,41709
94860.798380,41710
94860.804540,41711
94860.810456,41712
94860.816611,41713
94860.823451,41714
94860.829445,41715
94860.835174,41716
94860.840993,41717
94860.848407,41718
94860.855715,41719
94860.862610,41720
94860.869243,41721
94860.875510,41722
94860.881129,41723
94860.887218,41724
94860.893156,41725
94860.898530,41726
94860.903942,41727
94860.909586,41728
94860.915636,41729
94860.921524,41730
94860.927542,41731
94860.933501,41732
94860.939191,41733
94860.944516,41734
94860.950472,41735
94860.956499,41736
94860.962142,41737
94860.967944,41738
94860.973767,41739
94860.979466,41740
94860.985738,41741
94860.992097,41742
94860.997927,41743
94861.004592,41744
94861.010668,41745
94861.016323,41746
94861.022484,41747
94861.028185,41748
94861.033811,41749
94861.047318,41750
94861.054752,41751
94861.061763,41752
94861.067297,41753
94861.073365,41754
94861.080403,41755
94861.086837,41756
94861.092541,41757
94861.098984,41758
94861.105817,41759
94861.112961,41760
94861.118794,41761
94861.127291,41762
94861.132668,41763
94861.138309,41764
94861.144703,41765
94861.150504,41766
94861.156843,41767
94861.162470,41768
94861.167901,41769
94861.173230,41770
94861.180156,41771
94861.186860,41772
94861.193920,41773
94861.200690,41774
94861.207616,41775
94861.216534,41776
94861.222271,41777
94861.228902,41778
94861.235064,41779
94861.242158,41780
94861.247655,41781
94861.253393,41782
94861.258973,41783
94861.264980,41784
94861.272471,41785
94861.278605,41786
94861.284624,41787
94861.292390,41788
94861.298070,41789
94861.305598,41790
94861.311470,41791
94861.319831,41792
94861.325653,41793
94861.331061,41794
94861.337534,41795
94861.344293,41796
94861.351707,41797
94861.358596,41798
94861.364813,41799
94861.370571,41800
94861.376057,41801
94861.382904,41802
94861.388549,41803
94861.394703,41804
94861.402578,41805
94861.410139,41806
94861.417812,41807
94861.423827,41808
94861.431313,41809
94861.439273,41810
94861.444699,41811
94861.450363,41812
94861.456159,41813
94861.464698,41814
94861.470015,41815
94861.476453,41816
94861.485028,41817
94861.491152,41818
94861.497365,41819
94861.504706,41820
94861.510228,41821
94861.517339,41822
94861.523099,41823
94861.530267,41824
94861.535772,41825
94861.544150,41826
94861.550266,41827
94861.557483,41828
94861.564609,41829
94861.573822,41830
94861.583371,41831
94861.590989,41832
94861.598317,41833
94861.604573,41834
94861.610568,41835
94861.617804,41836
94861.623993,41837
94861.629834,41838
94861.637534,41839
94861.644141,41840
94861.649926,41841
94861.655347,41842
94861.662753,41843
94861.670792,41844
94861.678032,41845
94861.684499,41846
94861.689700,41847
94861.695363,41848
94861.702383,41849
94861.711708,41850
94861.719817,41851
94861.725562,41852
94861.730854,41853
94861.738901,41854
94861.744476,41855
94861.751348,41856
94861.759524,41857
94861.764809,41858
94861.770302,41859
94861.776090,41860
94861.784362,41861
94861.790977,41862
94861.798522,41863
94861.804978,41864
94861.813722,41865
94861.819685,41866
94861.825811,41867
94861.833344,41868
94861.839816,41869
94861.845591,41870
94861.854370,41871
94861.860490,41872
94861.865988,41873
94861.872714,41874
94861.879403,41875
94861.885888,41876
94861.893624,41877
94861.899222,41878
94861.905993,41879
94861.911976,41880
94861.917547,41881
94861.923761,41882
94861.930873,41883
94861.936670,41884
94861.943826,41885
94861.951909,41886
94861.957990,41887
94861.963107,41888
94861.969605,41889
94861.976066,41890
94861.981287,41891
94861.988637,41892
94861.995912,41893
94862.003209,41894
94862.009278,41895
94862.014593,41896
94862.019647,41897
94862.026587,41898
94862.035499,41899
94862.041252,41900
94862.047071,41901
94862.053626,41902
94862.058741,41903
94862.066573,41904
94862.073536,41905
94862.080841,41906
94862.086333,41907
94862.092279,41908
94862.097578,41909
94862.103482,41910
94862.109525,41911
94862.117715,41912
94862.125067,41913
94862.130357,41914
94862.137455,41915
94862.146061,41916
94862.151990,41917
94862.159813,41918
94862.166457,41919
94862.173507,41920
94862.180818,41921
94862.186396,41922
94862.193818,41923
94862.200774,41924
94862.207628,41925
94862.213499,41926
94862.221598,41927
94862.227802,41928
94862.233497,41929
94862.241482,41930
94862.249731,41931
94862.255460,41932
94862.260761,41933
94862.266392,41934
94862.271995,41935
94862.280319,41936
94862.287026,41937
94862.292488,41938
94862.297955,41939
94862.305080,41940
94862.312447,41941
94862.318453,41942
94862.326547,41943
94862.332400,41944
94862.338068,41945
94862.345245,41946
94862.353729,41947
94862.363610,41948
94862.370859,41949
94862.384154,41950
94862.389786,41951
94862.395092,41952
94862.400595,41953
94862.405844,41954
94862.412897,41955
94862.420744,41956
94862.428977,41957
94862.434744,41958
94862.442951,41959
94862.449089,41960
94862.455633,41961
94862.460923,41962
94862.466782,41963
94862.474998,41964
94862.481685,41965
94862.488618,41966
94862.496546,41967
94862.502056,41968
94862.509325,41969
94862.517173,41970
94862.523467,41971
94862.529225,41972
94862.537112,41973
94862.543973,41974
94862.550250,41975
94862.555762,41976
94862.563884,41977
94862.569600,41978
94862.575348,41979
94862.580838,41980
94862.587428,41981
94862.593132,41982
94862.599420,41983
94862.604834,41984
94862.613644,41985
94862.619898,41986
94862.627614,41987
94862.633702,41988
94862.641341,41989
94862.650079,41990
94862.657310,41991
94862.662641,41992
94862.670742,41993
94862.679998,41994
94862.689956,41995
94862.699837,41996
94862.708406,41997
94862.714201,41998
94862.722589,41999
94862.737864,42000
94862.748570,42001
94862.759047,42002
94862.770268,42003
94862.780505,42004
94862.791039,42005
94862.802086,42006
94862.812575,42007
94862.823953,42008
94862.835028,42009
94862.844676,42010
94862.856417,42011
94862.867340,42012
94862.878470,42013
94862.889737,42014
94862.900501,42015
94862.911240,42016
94862.921959,42017
94862.933277,42018
94862.943688,42019
94862.954953,42020
94862.967334,42021
94862.979389,42022
94862.991036,42023
94863.002456,42024
94863.012927,42025
94863.024983,42026
94863.036460,42027
94863.046563,42028
94863.057139,42029
94863.067517,42030
94863.078144,42031
94863.089675,42032
94863.100683,42033
94863.111287,42034
94863.122939,42035
94863.133742,42036
94863.144123,42037
94863.155216,42038
94863.166603,42039
94863.176842,42040
94863.187821,42041
94863.198696,42042
94863.210394,42043
94863.220761,42044
94863.231759,42045
94863.241773,42046
94863.251909,42047
94863.261992,42048
94863.272395,42049
94863.282255,42050
94863.292683,42051
94863.302986,42052
94863.312773,42053
94863.324860,42054
94863.335598,42055
94863.345461,42056
94863.355671,42057
94863.365588,42058
94863.375641,42059
94863.387495,42060
94863.400856,42061
94863.411812,42062
94863.421640,42063
94863.433206,42064
94863.445336,42065
94863.454779,42066
94863.466064,42067
94863.475505,42068
94863.486859,42069
94863.498840,42070
94863.512400,42071
94863.522711,42072
94863.534611,42073
94863.544826,42074
94863.554763,42075
94863.565048,42076
94863.576135,42077
94863.586068,42078
94863.597817,42079
94863.608936,42080
94863.619951,42081
94863.632087,42082
94863.641859,42083
94863.651670,42084
94863.662744,42085
94863.672765,42086
94863.684228,42087
94863.693414,42088
94863.703405,42089
94863.713478,42090
94863.723671,42091
94863.736320,42092
94863.746640,42093
94863.757665,42094
94863.768748,42095
94863.779700,42096
94863.790239,42097
94863.803739,42098
94863.817779,42099
94863.832444,42100
94863.846485,42101
94863.856720,42102
94863.868894,42103
94863.879811,42104
94863.890544,42105
94863.906162,42106
94863.917619,42107
94863.929496,42108
94863.941311,42109
94863.951787,42110
94863.961668,42111
94863.972530,42112
94863.982350,42113
94863.992077,42114
94864.003558,42115
94864.013422,42116
94864.023433,42117
94864.034601,42118
94864.044042,42119
94864.053701,42120
94864.063521,42121
94864.074732,42122
94864.085256,42123
94864.098277,42124
94864.108260,42125
94864.118740,42126
94864.129697,42127
94864.140945,42128
94864.152687,42129
94864.162494,42130
94864.173362,42131
94864.185770,42132
94864.198541,42133
94864.213977,42134
94864.226664,42135
94864.238515,42136
94864.248336,42137
94864.258511,42138
94864.271741,42139
94864.282358,42140
94864.294607,42141
94864.304990,42142
94864.314079,42143
94864.324760,42144
94864.335627,42145
94864.347456,42146
94864.357698,42147
94864.369855,42148
94864.379731,42149
94864.388999,42150
94864.400791,42151
94864.410528,42152
94864.422858,42153
94864.432652,42154
94864.442092,42155
94864.454089,42156
94864.463990,42157
94864.474263,42158
94864.485316,42159
94864.497590,42160
94864.507293,42161
94864.519365,42162
94864.531066,42163
94864.541987,42164
94864.555662,42165
94864.570699,42166
94864.583658,42167
94864.593500,42168
94864.604158,42169
94864.615638,42170
94864.630802,42171
94864.644235,42172
94864.656298,42173
94864.668479,42174
94864.678233,42175
94864.687950,42176
94864.699885,42177
94864.709622,42178
94864.720477,42179
94864.732397,42180
94864.741881,42181
94864.753586,42182
94864.763720,42183
94864.775193,42184
94864.785250,42185
94864.795560,42186
94864.805680,42187
94864.814735,42188
94864.824773,42189
94864.835201,42190
94864.846488,42191
94864.856609,42192
94864.867110,42193
94864.876670,42194
94864.886873,42195
94864.897547,42196
94864.907580,42197
94864.917030,42198
94864.927259,42199
94864.940208,42200
94864.949798,42201
94864.959200,42202
94864.969816,42203
94864.979619,42204
94864.988791,42205
94864.998499,42206
94865.008447,42207
94865.018637,42208
94865.030892,42209
94865.041500,42210
94865.050280,42211
94865.060696,42212
94865.070248,42213
94865.079536,42214
94865.088692,42215
94865.098953,42216
94865.109210,42217
94865.118840,42218
94865.129875,42219
94865.140373,42220
94865.149372,42221
94865.159774,42222
94865.169353,42223
94865.178888,42224
94865.187613,42225
94865.197403,42226
94865.208757,42227
94865.218632,42228
94865.230478,42229
94865.241790,42230
94865.252345,42231
94865.263136,42232
94865.274673,42233
94865.286349,42234
94865.298473,42235
94865.309013,42236
94865.319321,42237
94865.329276,42238
94865.339075,42239
94865.349957,42240
94865.360059,42241
94865.370590,42242
94865.381622,42243
94865.392469,42244
94865.404047,42245
94865.415712,42246
94865.426704,42247
94865.439372,42248
94865.449375,42249
94865.468053,42250
94865.483166,42251
94865.496645,42252
94865.511551,42253
94865.524804,42254
94865.538373,42255
94865.551361,42256
94865.565716,42257
94865.581513,42258
94865.595647,42259
94865.609264,42260
94865.623802,42261
94865.639136,42262
94865.653699,42263
94865.668900,42264
94865.682707,42265
94865.694627,42266
94865.709242,42267
94865.723783,42268
94865.738324,42269
94865.753433,42270
94865.767322,42271
94865.781455,42272
94865.796500,42273
94865.812983,42274
94865.826569,42275
94865.841652,42276
94865.855695,42277
94865.870705,42278
94865.884984,42279
94865.903232,42280
94865.918597,42281
94865.933345,42282
94865.949457,42283
94865.962695,42284
94865.976400,42285
94865.989540,42286
94866.004978,42287
94866.019378,42288
94866.035267,42289
94866.051691,42290
94866.065013,42291
94866.078650,42292
94866.095090,42293
94866.110054,42294
94866.125720,42295
94866.141766,42296
94866.157297,42297
94866.171430,42298
94866.185994,42299
94866.200109,42300
94866.217283,42301
94866.233463,42302
94866.253224,42303
94866.266984,42304
94866.284832,42305
94866.300716,42306
94866.315267,42307
94866.329632,42308
94866.343417,42309
94866.357805,42310
94866.373053,42311
94866.387605,42312
94866.401391,42313
94866.415387,42314
94866.429393,42315
94866.442368,42316
94866.456371,42317
94866.469758,42318
94866.483156,42319
94866.497797,42320
94866.513265,42321
94866.526349,42322
94866.540474,42323
94866.554335,42324
94866.567412,42325
94866.581676,42326
94866.595976,42327
94866.608782,42328
94866.622953,42329
94866.637139,42330
94866.651896,42331
94866.666034,42332
94866.680446,42333
94866.694346,42334
94866.707719,42335
94866.722194,42336
94866.734955,42337
94866.749362,42338
94866.762764,42339
94866.778545,42340
94866.792726,42341
94866.805564,42342
94866.820041,42343
94866.839983,42344
94866.858515,42345
94866.876467,42346
94866.895897,42347
94866.912840,42348
94866.931727,42349
94866.954914,42350
94866.972155,42351
94866.987006,42352
94867.005327,42353
94867.019906,42354
94867.037043,42355
94867.053934,42356
94867.070925,42357
94867.090372,42358
94867.108276,42359
94867.125598,42360
94867.141936,42361
94867.157642,42362
94867.174075,42363
94867.192359,42364
94867.209246,42365
94867.228768,42366
94867.247488,42367
94867.265460,42368
94867.282926,42369
94867.299819,42370
94867.318179,42371
94867.336415,42372
94867.355985,42373
94867.372951,42374
94867.391379,42375
94867.410549,42376
94867.430669,42377
94867.449948,42378
94867.469452,42379
94867.485570,42380
94867.504205,42381
94867.520668,42382
94867.540530,42383
94867.559636,42384
94867.577374,42385
94867.594364,42386
94867.610566,42387
94867.630674,42388
94867.650167,42389
94867.668523,42390
94867.685767,42391
94867.703715,42392
94867.720400,42393
94867.735726,42394
94867.756531,42395
94867.775154,42396
94867.792297,42397
94867.810502,42398
94867.829404,42399
94867.847975,42400
94867.864746,42401
94867.885376,42402
94867.901774,42403
94867.921910,42404
94867.938335,42405
94867.956436,42406
94867.973411,42407
94867.988564,42408
94868.007346,42409
94868.026998,42410
94868.045636,42411
94868.063355,42412
94868.080486,42413
94868.099248,42414
94868.116788,42415
94868.134750,42416
94868.153990,42417
94868.172663,42418
94868.193379,42419
94868.211615,42420
94868.230876,42421
94868.249425,42422
94868.265081,42423
94868.281028,42424
94868.296005,42425
94868.313288,42426
94868.328993,42427
94868.350887,42428
94868.370937,42429
94868.388891,42430
94868.406525,42431
94868.423658,42432
94868.440861,42433
94868.459572,42434
94868.477698,42435
94868.494858,42436
94868.512046,42437
94868.529901,42438
94868.545036,42439
94868.564770,42440
94868.583368,42441
94868.600563,42442
94868.620290,42443
94868.638604,42444
94868.657946,42445
94868.676119,42446
94868.694889,42447
94868.711993,42448
94868.729685,42449
94868.751685,42450
94868.767107,42451
94868.784251,42452
94868.801089,42453
94868.816966,42454
94868.831906,42455
94868.849983,42456
94868.865293,42457
94868.883318,42458
94868.899670,42459
94868.917402,42460
94868.932986,42461
94868.951893,42462
94868.970342,42463
94868.987718,42464
94869.004776,42465
94869.023011,42466
94869.040424,42467
94869.055873,42468
94869.072582,42469
94869.090306,42470
94869.108020,42471
94869.124442,42472
94869.143885,42473
94869.161015,42474
94869.178869,42475
94869.198478,42476
94869.218931,42477
94869.238726,42478
94869.257433,42479
94869.276112,42480
94869.294710,42481
94869.312468,42482
94869.330272,42483
94869.346663,42484
94869.363585,42485
94869.379957,42486
94869.396527,42487
94869.413279,42488
94869.429758,42489
94869.451252,42490
94869.468807,42491
94869.483293,42492
94869.501229,42493
94869.521906,42494
94869.540368,42495
94869.556673,42496
94869.574619,42497
94869.593465,42498
94869.611110,42499
94869.627122,42750
94869.637360,42751
94869.644660,42752
94869.651789,42753
94869.659768,42754
94869.667387,42755
94869.674741,42756
94869.681065,42757
94869.687535,42758
94869.695209,42759
94869.701591,42760
94869.709390,42761
94869.717773,42762
94869.723794,42763
94869.730101,42764
94869.736671,42765
94869.743230,42766
94869.749853,42767
94869.756443,42768
94869.762785,42769
94869.769756,42770
94869.776512,42771
94869.782842,42772
94869.789206,42773
94869.795863,42774
94869.803389,42775
94869.811019,42776
94869.817967,42777
94869.824903,42778
94869.831519,42779
94869.837809,42780
94869.844175,42781
94869.850719,42782
94869.857679,42783
94869.864677,42784
94869.871714,42785
94869.877850,42786
94869.884785,42787
94869.890675,42788
94869.897013,42789
94869.904140,42790
94869.911099,42791
94869.917781,42792
94869.923862,42793
94869.930358,42794
94869.936850,42795
94869.943662,42796
94869.950468,42797
94869.956813,42798
94869.963763,42799
94869.975350,42800
94869.982209,42801
94869.988613,42802
94869.995624,42803
94870.002854,42804
94870.009825,42805
94870.016454,42806
94870.023170,42807
94870.028842,42808
94870.035526,42809
94870.042685,42810
94870.049046,42811
94870.055089,42812
94870.061304,42813
94870.067959,42814
94870.075238,42815
94870.082579,42816
94870.089315,42817
94870.095837,42818
94870.102869,42819
94870.109957,42820
94870.116959,42821
94870.123497,42822
94870.129215,42823
94870.136424,42824
94870.143384,42825
94870.149540,42826
94870.155609,42827
94870.162637,42828
94870.170158,42829
94870.176899,42830
94870.183209,42831
94870.190111,42832
94870.196755,42833
94870.202869,42834
94870.209651,42835
94870.216804,42836
94870.224134,42837
94870.230091,42838
94870.236478,42839
94870.244144,42840
94870.250091,42841
94870.256557,42842
94870.262634,42843
94870.268911,42844
94870.275487,42845
94870.281804,42846
94870.288068,42847
94870.294479,42848
94870.301968,42849
94870.308644,42850
94870.316068,42851
94870.324224,42852
94870.332391,42853
94870.340090,42854
94870.347492,42855
94870.354034,42856
94870.360656,42857
94870.367507,42858
94870.374536,42859
94870.381081,42860
94870.388311,42861
94870.395011,42862
94870.402010,42863
94870.409616,42864
94870.415928,42865
94870.422665,42866
94870.429552,42867
94870.436582,42868
94870.444028,42869
94870.451362,42870
94870.457658,42871
94870.464617,42872
94870.472106,42873
94870.478913,42874
94870.485116,42875
94870.491549,42876
94870.497651,42877
94870.504665,42878
94870.510653,42879
94870.517372,42880
94870.524266,42881
94870.531360,42882
94870.538338,42883
94870.545366,42884
94870.552352,42885
94870.559105,42886
94870.565350,42887
94870.572438,42888
94870.578351,42889
94870.585402,42890
94870.592632,42891
94870.598788,42892
94870.605513,42893
94870.612170,42894
94870.619974,42895
94870.627321,42896
94870.633606,42897
94870.640422,42898
94870.648096,42899
94870.657144,42900
94870.663784,42901
94870.670690,42902
94870.677044,42903
94870.683344,42904
94870.689643,42905
94870.696344,42906
94870.702267,42907
94870.708205,42908
94870.714177,42909
94870.720886,42910
94870.726297,42911
94870.731320,42912
94870.736450,42913
94870.741527,42914
94870.746938,42915
94870.752006,42916
94870.757184,42917
94870.762398,42918
94870.767297,42919
94870.772448,42920
94870.777698,42921
94870.783109,42922
94870.788376,42923
94870.793525,42924
94870.798734,42925
94870.804102,42926
94870.809101,42927
94870.814190,42928
94870.819160,42929
94870.824909,42930
94870.829952,42931
94870.835292,42932
94870.840381,42933
94870.845743,42934
94870.850900,42935
94870.856343,42936
94870.861572,42937
94870.866757,42938
94870.871831,42939
94870.877160,42940
94870.882491,42941
94870.889194,42942
94870.895809,42943
94870.902623,42944
94870.909052,42945
94870.915883,42946
94870.922279,42947
94870.929126,42948
94870.935729,42949
94870.941593,42950
94870.948097,42951
94870.954267,42952
94870.961664,42953
94870.968207,42954
94870.974436,42955
94870.980587,42956
94870.986795,42957
94870.993399,42958
94870.999476,42959
94871.006274,42960
94871.012624,42961
94871.019393,42962
94871.026434,42963
94871.033155,42964
94871.040190,42965
94871.046560,42966
94871.052780,42967
94871.059876,42968
94871.065969,42969
94871.072312,42970
94871.079200,42971
94871.086241,42972
94871.093756,42973
94871.101941,42974
94871.110896,42975
94871.121023,42976
94871.130038,42977
94871.136283,42978
94871.142403,42979
94871.148972,42980
94871.156122,42981
94871.163286,42982
94871.170275,42983
94871.177032,42984
94871.183430,42985
94871.190895,42986
94871.197842,42987
94871.204782,42988
94871.211490,42989
94871.218542,42990
94871.226939,42991
94871.233281,42992
94871.239723,42993
94871.246556,42994
94871.253765,42995
94871.261281,42996
94871.268102,42997
94871.274129,42998
94871.280214,42999
94871.294320,43000
94871.301120,43001
94871.308470,43002
94871.315380,43003
94871.323431,43004
94871.330347,43005
94871.336882,43006
94871.344286,43007
94871.354846,43008
94871.365229,43009
94871.371654,43010
94871.378455,43011
94871.385566,43012
94871.392849,43013
94871.400252,43014
94871.406247,43015
94871.413022,43016
94871.422409,43017
94871.429383,43018
94871.436012,43019
94871.442885,43020
94871.449708,43021
94871.457177,43022
94871.464575,43023
94871.470902,43024
94871.477718,43025
94871.485337,43026
94871.493925,43027
94871.500632,43028
94871.507450,43029
94871.514267,43030
94871.523899,43031
94871.531110,43032
94871.538107,43033
94871.544933,43034
94871.553553,43035
94871.560228,43036
94871.567790,43037
94871.575254,43038
94871.583737,43039
94871.589867,43040
94871.596509,43041
94871.603984,43042
94871.611790,43043
94871.619729,43044
94871.627129,43045
94871.635944,43046
94871.643819,43047
94871.650498,43048
94871.659807,43049
94871.670714,43050
94871.679337,43051
94871.686024,43052
94871.694772,43053
94871.702980,43054
94871.711337,43055
94871.719900,43056
94871.727706,43057
94871.734838,43058
94871.743617,43059
94871.752926,43060
94871.762890,43061
94871.771446,43062
94871.778749,43063
94871.785572,43064
94871.792681,43065
94871.798955,43066
94871.806335,43067
94871.813248,43068
94871.819972,43069
94871.826684,43070
94871.835947,43071
94871.844901,43072
94871.854384,43073
94871.862467,43074
94871.869938,43075
94871.878246,43076
94871.885078,43077
94871.892464,43078
94871.898676,43079
94871.904044,43080
94871.909644,43081
94871.915935,43082
94871.922572,43083
94871.929406,43084
94871.939972,43085
94871.948234,43086
94871.955372,43087
94871.962252,43088
94871.969560,43089
94871.976281,43090
94871.984655,43091
94871.992499,43092
94872.002464,43093
94872.010766,43094
94872.020336,43095
94872.028291,43096
94872.038624,43097
94872.046044,43098
94872.052865,43099
94872.059776,43100
94872.066623,43101
94872.073499,43102
94872.081676,43103
94872.087723,43104
94872.096222,43105
94872.103422,43106
94872.110587,43107
94872.117391,43108
94872.124745,43109
94872.131352,43110
94872.139447,43111
94872.149086,43112
94872.156431,43113
94872.163436,43114
94872.170930,43115
94872.181861,43116
94872.189172,43117
94872.196099,43118
94872.203303,43119
94872.212654,43120
94872.221276,43121
94872.230645,43122
94872.239099,43123
94872.247674,43124
94872.254046,43125
94872.265147,43126
94872.273985,43127
94872.280530,43128
94872.286707,43129
94872.293008,43130
94872.300210,43131
94872.309103,43132
94872.316499,43133
94872.323412,43134
94872.330509,43135
94872.336503,43136
94872.343388,43137
94872.349863,43138
94872.357872,43139
94872.365029,43140
94872.371671,43141
94872.378557,43142
94872.385644,43143
94872.392582,43144
94872.400809,43145
94872.406616,43146
94872.413622,43147
94872.420987,43148
94872.427647,43149
94872.439498,43150
94872.445940,43151
94872.452523,43152
94872.459516,43153
94872.465940,43154
94872.475186,43155
94872.482280,43156
94872.490446,43157
94872.497174,43158
94872.503946,43159
94872.509780,43160
94872.517531,43161
94872.528295,43162
94872.536268,43163
94872.543216,43164
94872.551825,43165
94872.560261,43166
94872.566510,43167
94872.575113,43168
94872.584723,43169
94872.591788,43170
94872.598808,43171
94872.606023,43172
94872.614903,43173
94872.621553,43174
94872.628739,43175
94872.634986,43176
94872.643841,43177
94872.651734,43178
94872.658551,43179
94872.667852,43180
94872.678273,43181
94872.688673,43182
94872.697458,43183
94872.705062,43184
94872.711915,43185
94872.723417,43186
94872.730842,43187
94872.739602,43188
94872.746571,43189
94872.753655,43190
94872.761145,43191
94872.767626,43192
94872.775662,43193
94872.781910,43194
94872.792526,43195
94872.801914,43196
94872.811380,43197
94872.820983,43198
94872.829964,43199
94872.838829,43200
94872.847995,43201
94872.855637,43202
94872.862699,43203
94872.869468,43204
94872.876060,43205
94872.883034,43206
94872.892904,43207
94872.900240,43208
94872.910339,43209
94872.918136,43210
94872.925342,43211
94872.932404,43212
94872.941092,43213
94872.948442,43214
94872.957601,43215
94872.965728,43216
94872.972799,43217
94872.979702,43218
94872.985913,43219
94872.996707,43220
94873.004978,43221
94873.011059,43222
94873.018261,43223
94873.025043,43224
94873.031401,43225
94873.037866,43226
94873.043953,43227
94873.050621,43228
94873.056418,43229
94873.063530,43230
94873.070670,43231
94873.076287,43232
94873.082138,43233
94873.087884,43234
94873.093653,43235
94873.099751,43236
94873.105392,43237
94873.112776,43238
94873.118647,43239
94873.123984,43240
94873.129295,43241
94873.135021,43242
94873.141577,43243
94873.149501,43244
94873.155396,43245
94873.162478,43246
94873.168267,43247
94873.173409,43248
94873.179028,43249
94873.191234,43250
94873.199965,43251
94873.210382,43252
94873.219676,43253
94873.233456,43254
94873.244980,43255
94873.257557,43256
94873.268289,43257
94873.280105,43258
94873.292625,43259
94873.303749,43260
94873.318375,43261
94873.329785,43262
94873.343759,43263
94873.354461,43264
94873.366160,43265
94873.378779,43266
94873.388015,43267
94873.400196,43268
94873.411515,43269
94873.423547,43270
94873.436805,43271
94873.448381,43272
94873.461405,43273
94873.473921,43274
94873.485012,43275
94873.500134,43276
94873.511162,43277
94873.524596,43278
94873.537799,43279
94873.548758,43280
94873.561770,43281
94873.573737,43282
94873.586293,43283
94873.599477,43284
94873.611146,43285
94873.621686,43286
94873.635148,43287
94873.648743,43288
94873.658840,43289
94873.667374,43290
94873.675260,43291
94873.683179,43292
94873.691489,43293
94873.700340,43294
94873.710298,43295
94873.719385,43296
94873.728205,43297
94873.742393,43298
94873.754400,43299
94873.769608,43300
94873.781884,43301
94873.792972,43302
94873.805033,43303
94873.816955,43304
94873.830271,43305
94873.843387,43306
94873.857290,43307
94873.868462,43308
94873.881213,43309
94873.894898,43310
94873.906395,43311
94873.919662,43312
94873.930890,43313
94873.941845,43314
94873.952658,43315
94873.965667,43316
94873.975965,43317
94873.986084,43318
94873.999309,43319
94874.009862,43320
94874.022315,43321
94874.037327,43322
94874.052811,43323
94874.064578,43324
94874.076511,43325
94874.089856,43326
94874.100926,43327
94874.113070,43328
94874.126059,43329
94874.138365,43330
94874.152318,43331
94874.166080,43332
94874.178888,43333
94874.187839,43334
94874.198602,43335
94874.208083,43336
94874.219317,43337
94874.230348,43338
94874.241148,43339
94874.253177,43340
94874.264738,43341
94874.275478,43342
94874.288702,43343
94874.300586,43344
94874.314973,43345
94874.326776,43346
94874.340058,43347
94874.349764,43348
94874.360845,43349
94874.372703,43350
94874.383644,43351
94874.397049,43352
94874.407775,43353
94874.418980,43354
94874.431884,43355
94874.445921,43356
94874.457532,43357
94874.468704,43358
94874.480455,43359
94874.491041,43360
94874.506253,43361
94874.517216,43362
94874.528730,43363
94874.537043,43364
94874.546668,43365
94874.558572,43366
94874.569731,43367
94874.581010,43368
94874.593564,43369
94874.604336,43370
94874.615318,43371
94874.629040,43372
94874.640412,43373
94874.652681,43374
94874.664953,43375
94874.675704,43376
94874.687390,43377
94874.699762,43378
94874.711656,43379
94874.727134,43380
94874.740992,43381
94874.752508,43382
94874.764482,43383
94874.775750,43384
94874.789853,43385
94874.800311,43386
94874.815135,43387
94874.831420,43388
94874.841816,43389
94874.853667,43390
94874.866412,43391
94874.876659,43392
94874.888309,43393
94874.899628,43394
94874.913836,43395
94874.928097,43396
94874.939269,43397
94874.953191,43398
94874.964650,43399
94874.980159,43400
94874.992060,43401
94875.003936,43402
94875.015672,43403
94875.028817,43404
94875.039719,43405
94875.052575,43406
94875.065788,43407
94875.077802,43408
94875.090755,43409
94875.101975,43410
94875.114669,43411
94875.129908,43412
94875.143308,43413
94875.154403,43414
94875.168056,43415
94875.180271,43416
94875.192362,43417
94875.203617,43418
94875.217114,43419
94875.230856,43420
94875.243421,43421
94875.254321,43422
94875.266456,43423
94875.277456,43424
94875.290330,43425
94875.301057,43426
94875.312087,43427
94875.323974,43428
94875.336806,43429
94875.349383,43430
94875.362806,43431
94875.376746,43432
94875.393544,43433
94875.404870,43434
94875.418692,43435
94875.431973,43436
94875.446419,43437
94875.459986,43438
94875.473927,43439
94875.485125,43440
94875.502140,43441
94875.515479,43442
94875.529967,43443
94875.541259,43444
94875.553636,43445
94875.564088,43446
94875.576081,43447
94875.587611,43448
94875.601687,43449
94875.617112,43450
94875.629326,43451
94875.640970,43452
94875.652059,43453
94875.664240,43454
94875.678265,43455
94875.691662,43456
94875.706610,43457
94875.717983,43458
94875.732896,43459
94875.743963,43460
94875.757563,43461
94875.768943,43462
94875.781941,43463
94875.793623,43464
94875.807910,43465
94875.820182,43466
94875.832367,43467
94875.845309,43468
94875.858120,43469
94875.869845,43470
94875.882969,43471
94875.896609,43472
94875.908822,43473
94875.920781,43474
94875.932792,43475
94875.945750,43476
94875.957557,43477
94875.969708,43478
94875.982450,43479
94875.995623,43480
94876.007262,43481
94876.020125,43482
94876.032463,43483
94876.045303,43484
94876.056910,43485
94876.068825,43486
94876.083787,43487
94876.096436,43488
94876.108932,43489
94876.121719,43490
94876.135177,43491
94876.150754,43492
94876.163724,43493
94876.178122,43494
94876.190684,43495
94876.204737,43496
94876.218929,43497
94876.233359,43498
94876.247594,43499
94876.269666,43500
94876.284680,43501
94876.300379,43502
94876.316536,43503
94876.328557,43504
94876.338998,43505
94876.350631,43506
94876.362811,43507
94876.376818,43508
94876.386808,43509
94876.398501,43510
94876.409695,43511
94876.423357,43512
94876.434558,43513
94876.446962,43514
94876.458282,43515
94876.476323,43516
94876.490982,43517
94876.507955,43518
94876.524530,43519
94876.538853,43520
94876.553115,43521
94876.569054,43522
94876.584501,43523
94876.600088,43524
94876.615731,43525
94876.632306,43526
94876.646367,43527
94876.663062,43528
94876.681954,43529
94876.699612,43530
94876.716949,43531
94876.734846,43532
94876.749693,43533
94876.765139,43534
94876.781816,43535
94876.799861,43536
94876.814828,43537
94876.829777,43538
94876.844838,43539
94876.861612,43540
94876.878728,43541
94876.892374,43542
94876.907439,43543
94876.923335,43544
94876.940604,43545
94876.956409,43546
94876.972837,43547
94876.987527,43548
94877.004324,43549
94877.023604,43550
94877.038756,43551
94877.052212,43552
94877.064866,43553
94877.077514,43554
94877.087336,43555
94877.098345,43556
94877.109383,43557
94877.121530,43558
94877.133881,43559
94877.144259,43560
94877.155700,43561
94877.167281,43562
94877.179493,43563
94877.191847,43564
94877.203598,43565
94877.215692,43566
94877.228825,43567
94877.241314,43568
94877.254622,43569
94877.267503,43570
94877.281206,43571
94877.292789,43572
94877.303849,43573
94877.317231,43574
94877.331068,43575
94877.345206,43576
94877.356693,43577
94877.368751,43578
94877.381395,43579
94877.393105,43580
94877.405679,43581
94877.418152,43582
94877.431255,43583
94877.445095,43584
94877.458278,43585
94877.470229,43586
94877.484632,43587
94877.497273,43588
94877.508703,43589
94877.520702,43590
94877.533885,43591
94877.545971,43592
94877.557822,43593
94877.570603,43594
94877.583298,43595
94877.595359,43596
94877.608804,43597
94877.621598,43598
94877.633662,43599
94877.645513,43600
94877.657530,43601
94877.669102,43602
94877.679795,43603
94877.691684,43604
94877.704252,43605
94877.716059,43606
94877.726979,43607
94877.740336,43608
94877.752839,43609
94877.764605,43610
94877.776048,43611
94877.787914,43612
94877.800323,43613
94877.811712,43614
94877.823076,43615
94877.835487,43616
94877.847514,43617
94877.858751,43618
94877.871637,43619
94877.884506,43620
94877.897863,43621
94877.910495,43622
94877.923137,43623
94877.937794,43624
94877.951877,43625
94877.965010,43626
94877.976899,43627
94877.988572,43628
94878.000526,43629
94878.011890,43630
94878.023255,43631
94878.035719,43632
94878.048390,43633
94878.059728,43634
94878.071491,43635
94878.081766,43636
94878.092685,43637
94878.103817,43638
94878.115153,43639
94878.127260,43640
94878.140390,43641
94878.152474,43642
94878.165905,43643
94878.179710,43644
94878.191104,43645
94878.204624,43646
94878.217026,43647
94878.230746,43648
94878.244637,43649
94878.259791,43650
94878.272009,43651
94878.285758,43652
94878.297961,43653
94878.309375,43654
94878.320352,43655
94878.331736,43656
94878.344112,43657
94878.356840,43658
94878.369079,43659
94878.382715,43660
94878.394283,43661
94878.407784,43662
94878.419778,43663
94878.432331,43664
94878.444803,43665
94878.455530,43666
94878.468626,43667
94878.482120,43668
94878.495582,43669
94878.510506,43670
94878.521945,43671
94878.533933,43672
94878.546518,43673
94878.558735,43674
94878.570456,43675
94878.583527,43676
94878.596501,43677
94878.608778,43678
94878.621196,43679
94878.632752,43680
94878.643315,43681
94878.655273,43682
94878.666715,43683
94878.678490,43684
94878.689834,43685
94878.701383,43686
94878.712982,43687
94878.724702,43688
94878.737286,43689
94878.749586,43690
94878.764135,43691
94878.776137,43692
94878.788560,43693
94878.801222,43694
94878.813601,43695
94878.826881,43696
94878.839837,43697
94878.852056,43698
94878.864477,43699
94878.876392,43700
94878.888789,43701
94878.901577,43702
94878.913398,43703
94878.926552,43704
94878.938063,43705
94878.949060,43706
94878.961787,43707
94878.972502,43708
94878.986703,43709
94878.998007,43710
94879.009745,43711
94879.022011,43712
94879.032673,43713
94879.045069,43714
94879.059661,43715
94879.073823,43716
94879.086846,43717
94879.099349,43718
94879.110544,43719
94879.122222,43720
94879.135334,43721
94879.146662,43722
94879.158958,43723
94879.171713,43724
94879.184247,43725
94879.196510,43726
94879.208265,43727
94879.220997,43728
94879.234126,43729
94879.246103,43730
94879.259011,43731
94879.270301,43732
94879.282053,43733
94879.297130,43734
94879.310799,43735
94879.325045,43736
94879.338044,43737
94879.352855,43738
94879.365080,43739
94879.379328,43740
94879.393193,43741
94879.405015,43742
94879.417405,43743
94879.431167,43744
94879.443459,43745
94879.456461,43746
94879.468530,43747
94879.479035,43748
94879.491585,43749
94879.501549,43750
94879.508304,43751
94879.514790,43752
94879.521040,43753
94879.527010,43754
94879.533084,43755
94879.539181,43756
94879.545240,43757
94879.551539,43758
94879.557176,43759
94879.562610,43760
94879.568000,43761
94879.573277,43762
94879.578678,43763
94879.586471,43764
94879.592902,43765
94879.598275,43766
94879.603822,43767
94879.609069,43768
94879.614737,43769
94879.621228,43770
94879.627643,43771
94879.633544,43772
94879.639286,43773
94879.645202,43774
94879.651204,43775
94879.656522,43776
94879.661760,43777
94879.667309,43778
94879.673217,43779
94879.678361,43780
94879.684124,43781
94879.690467,43782
94879.695865,43783
94879.701480,43784
94879.706428,43785
94879.711481,43786
94879.716538,43787
94879.722564,43788
94879.727696,43789
94879.732652,43790
94879.737629,43791
94879.742976,43792
94879.747857,43793
94879.752937,43794
94879.758223,43795
94879.763675,43796
94879.768752,43797
94879.774050,43798
94879.779435,43799
94879.787062,43800
94879.792141,43801
94879.797085,43802
94879.802426,43803
94879.807500,43804
94879.813993,43805
94879.819351,43806
94879.824768,43807
94879.830145,43808
94879.835655,43809
94879.841480,43810
94879.847082,43811
94879.852643,43812
94879.858417,43813
94879.864086,43814
94879.870110,43815
94879.875495,43816
94879.881115,43817
94879.886374,43818
94879.891993,43819
94879.897321,43820
94879.902989,43821
94879.908044,43822
94879.913432,43823
94879.919539,43824
94879.925187,43825
94879.930350,43826
94879.935405,43827
94879.940416,43828
94879.945384,43829
94879.950892,43830
94879.955991,43831
94879.961460,43832
94879.966924,43833
94879.972215,43834
94879.977331,43835
94879.982746,43836
94879.988318,43837
94879.993678,43838
94880.000387,43839
94880.005822,43840
94880.011125,43841
94880.016708,43842
94880.022570,43843
94880.027928,43844
94880.033116,43845
94880.038820,43846
94880.044169,43847
94880.049259,43848
94880.054984,43849
94880.060283,43850
94880.065600,43851
94880.071231,43852
94880.076498,43853
94880.081595,43854
94880.087059,43855
94880.093071,43856
94880.099507,43857
94880.106615,43858
94880.112896,43859
94880.118101,43860
94880.123336,43861
94880.129286,43862
94880.134300,43863
94880.139660,43864
94880.145459,43865
94880.150567,43866
94880.155708,43867
94880.161148,43868
94880.166244,43869
94880.171181,43870
94880.176299,43871
94880.181465,43872
94880.186781,43873
94880.192326,43874
94880.197681,43875
94880.202755,43876
94880.208059,43877
94880.213137,43878
94880.219899,43879
94880.226851,43880
94880.234515,43881
94880.241717,43882
94880.247571,43883
94880.255191,43884
94880.261780,43885
94880.268803,43886
94880.275927,43887
94880.282766,43888
94880.290308,43889
94880.296941,43890
94880.304377,43891
94880.311912,43892
94880.318278,43893
94880.324856,43894
94880.333272,43895
94880.340169,43896
94880.347093,43897
94880.354575,43898
94880.361075,43899
94880.371890,43900
94880.379557,43901
94880.387490,43902
94880.393929,43903
94880.401439,43904
94880.408122,43905
94880.415411,43906
94880.423435,43907
94880.430492,43908
94880.436950,43909
94880.443828,43910
94880.450986,43911
94880.458397,43912
94880.464956,43913
94880.472167,43914
94880.479317,43915
94880.486243,43916
94880.496083,43917
94880.502184,43918
94880.508356,43919
94880.515383,43920
94880.522474,43921
94880.529618,43922
94880.535790,43923
94880.542215,43924
94880.548850,43925
94880.555516,43926
94880.562142,43927
94880.569040,43928
94880.576081,43929
94880.583723,43930
94880.590631,43931
94880.597243,43932
94880.603847,43933
94880.610426,43934
94880.616789,43935
94880.622908,43936
94880.629888,43937
94880.636782,43938
94880.642862,43939
94880.650047,43940
94880.657114,43941
94880.664144,43942
94880.670993,43943
94880.678327,43944
94880.685357,43945
94880.692721,43946
94880.698917,43947
94880.704529,43948
94880.711340,43949
94880.719299,43950
94880.726540,43951
94880.733505,43952
94880.740596,43953
94880.747499,43954
94880.754707,43955
94880.761291,43956
94880.768312,43957
94880.775594,43958
94880.782740,43959
94880.789908,43960
94880.796721,43961
94880.803486,43962
94880.810577,43963
94880.817434,43964
94880.824758,43965
94880.834743,43966
94880.842857,43967
94880.849026,43968
94880.855553,43969
94880.861802,43970
94880.868577,43971
94880.875755,43972
94880.882935,43973
94880.889259,43974
94880.896162,43975
94880.902407,43976
94880.908112,43977
94880.913269,43978
94880.918460,43979
94880.923704,43980
94880.928753,43981
94880.933937,43982
94880.939043,43983
94880.944516,43984
94880.949617,43985
94880.954866,43986
94880.960081,43987
94880.965459,43988
94880.970586,43989
94880.975773,43990
94880.980935,43991
94880.985990,43992
94880.991269,43993
94880.996404,43994
94881.001367,43995
94881.006930,43996
94881.012010,43997
94881.017266,43998
94881.022460,43999
94881.030529,44000
94881.036116,44001
94881.042560,44002
94881.048793,44003
94881.055841,44004
94881.062916,44005
94881.069789,44006
94881.075913,44007
94881.081239,44008
94881.088423,44009
94881.093909,44010
94881.099895,44011
94881.106329,44012
94881.112728,44013
94881.118061,44014
94881.123544,44015
94881.131682,44016
94881.138878,44017
94881.144787,44018
94881.152011,44019
94881.162012,44020
94881.173549,44021
94881.184571,44022
94881.192321,44023
94881.199657,44024
94881.208447,44025
94881.215257,44026
94881.222353,44027
94881.229047,44028
94881.235828,44029
94881.246800,44030
94881.256455,44031
94881.266457,44032
94881.276248,44033
94881.285455,44034
94881.292717,44035
94881.300941,44036
94881.308466,44037
94881.317725,44038
94881.325464,44039
94881.332440,44040
94881.340392,44041
94881.349947,44042
94881.359015,44043
94881.366392,44044
94881.375288,44045
94881.381700,44046
94881.388716,44047
94881.395367,44048
94881.404638,44049
94881.417970,44050
94881.428367,44051
94881.439314,44052
94881.446050,44053
94881.454844,44054
94881.463763,44055
94881.469811,44056
94881.478211,44057
94881.487288,44058
94881.493848,44059
94881.499974,44060
94881.506838,44061
94881.515323,44062
94881.522021,44063
94881.532600,44064
94881.542130,44065
94881.548856,44066
94881.556970,44067
94881.566639,44068
94881.576987,44069
94881.584189,44070
94881.590755,44071
94881.597823,44072
94881.606828,44073
94881.613535,44074
94881.620286,44075
94881.627065,44076
94881.638099,44077
94881.643963,44078
94881.651632,44079
94881.662563,44080
94881.672060,44081
94881.680301,44082
94881.691692,44083
94881.701053,44084
94881.708483,44085
94881.717183,44086
94881.725513,44087
94881.734473,44088
94881.741937,44089
94881.748834,44090
94881.754938,44091
94881.763882,44092
94881.771302,44093
94881.777857,44094
94881.787195,44095
94881.796876,44096
94881.803633,44097
94881.810679,44098
94881.818659,44099
94881.825299,44100
94881.832518,44101
94881.839026,44102
94881.847845,44103
94881.854868,44104
94881.861692,44105
94881.870539,44106
94881.877620,44107
94881.883200,44108
94881.890226,44109
94881.898676,44110
94881.908798,44111
94881.915515,44112
94881.924843,44113
94881.932013,44114
94881.941388,44115
94881.947455,44116
94881.954065,44117
94881.963327,44118
94881.974340,44119
94881.981346,44120
94881.990854,44121
94882.000410,44122
94882.012167,44123
94882.021756,44124
94882.028623,44125
94882.034918,44126
94882.043792,44127
94882.053405,44128
94882.060490,44129
94882.070733,44130
94882.077773,44131
94882.083672,44132
94882.091510,44133
94882.097944,44134
94882.105796,44135
94882.111501,44136
94882.117035,44137
94882.122045,44138
94882.127990,44139
94882.132870,44140
94882.138665,44141
94882.143842,44142
94882.149277,44143
94882.155921,44144
94882.164591,44145
94882.169760,44146
94882.175274,44147
94882.182107,44148
94882.187776,44149
94882.195901,44150
94882.202863,44151
94882.209929,44152
94882.215946,44153
94882.223796,44154
94882.229695,44155
94882.234687,44156
94882.239939,44157
94882.247883,44158
94882.255110,44159
94882.262541,44160
94882.267770,44161
94882.272580,44162
94882.279616,44163
94882.285704,44164
94882.292929,44165
94882.298805,44166
94882.303856,44167
94882.311326,44168
94882.321499,44169
94882.328461,44170
94882.338080,44171
94882.346054,44172
94882.356148,44173
94882.362541,44174
94882.369684,44175
94882.376703,44176
94882.384254,44177
94882.392682,44178
94882.401490,44179
94882.408465,44180
94882.417688,44181
94882.424367,44182
94882.430588,44183
94882.439525,44184
94882.449939,44185
94882.458582,44186
94882.465335,44187
94882.472175,44188
94882.479771,44189
94882.486426,44190
94882.493841,44191
94882.502679,44192
94882.509413,44193
94882.516386,44194
94882.526322,44195
94882.537469,44196
94882.547389,44197
94882.554332,44198
94882.560926,44199
94882.571982,44200
94882.583468,44201
94882.590753,44202
94882.598116,44203
94882.607488,44204
94882.616810,44205
94882.623752,44206
94882.630728,44207
94882.638250,44208
94882.644669,44209
94882.656136,44210
94882.665409,44211
94882.671829,44212
94882.679720,44213
94882.685965,44214
94882.693118,44215
94882.699939,44216
94882.709930,44217
94882.717329,44218
94882.725582,44219
94882.738508,44220
94882.744958,44221
94882.755025,44222
94882.764541,44223
94882.771254,44224
94882.781370,44225
94882.788693,44226
94882.795939,44227
94882.803084,44228
94882.814478,44229
94882.821465,44230
94882.828303,44231
94882.838140,44232
94882.847914,44233
94882.859453,44234
94882.868659,44235
94882.876133,44236
94882.882998,44237
94882.891459,44238
94882.897883,44239
94882.906756,44240
94882.914373,44241
94882.921294,44242
94882.930823,44243
94882.938957,44244
94882.944564,44245
94882.951984,44246
94882.957503,44247
94882.965515,44248
94882.976512,44249
94882.998356,44250
94883.010587,44251
94883.023945,44252
94883.031903,44253
94883.040583,44254
94883.050170,44255
94883.059844,44256
94883.068074,44257
94883.078026,44258
94883.087025,44259
94883.095404,44260
94883.104258,44261
94883.113786,44262
94883.123167,44263
94883.134019,44264
94883.143163,44265
94883.153342,44266
94883.163261,44267
94883.172236,44268
94883.182769,44269
94883.194468,44270
94883.204751,44271
94883.213807,44272
94883.223567,44273
94883.233053,44274
94883.242511,44275
94883.254486,44276
94883.263726,44277
94883.272909,44278
94883.281629,44279
94883.289996,44280
94883.300462,44281
94883.313258,44282
94883.326860,44283
94883.339496,44284
94883.355257,44285
94883.369184,44286
94883.382899,44287
94883.394942,44288
94883.405883,44289
94883.418490,44290
94883.429744,44291
94883.442623,44292
94883.455752,44293
94883.471550,44294
94883.483748,44295
94883.495881,44296
94883.507741,44297
94883.521767,44298
94883.534509,44299
94883.553780,44300
94883.568189,44301
94883.582742,44302
94883.595611,44303
94883.607661,44304
94883.623179,44305
94883.636665,44306
94883.647691,44307
94883.658848,44308
94883.672864,44309
94883.685872,44310
94883.698358,44311
94883.710210,44312
94883.723390,44313
94883.736770,44314
94883.749024,44315
94883.761999,44316
94883.775238,44317
94883.787341,44318
94883.799515,44319
94883.812383,44320
94883.826745,44321
94883.842171,44322
94883.852906,44323
94883.866125,44324
94883.879314,44325
94883.891529,44326
94883.905700,44327
94883.920861,44328
94883.932786,44329
94883.947298,44330
94883.962963,44331
94883.974806,44332
94883.987978,44333
94883.999591,44334
94884.012348,44335
94884.025775,44336
94884.040842,44337
94884.053141,44338
94884.067521,44339
94884.079174,44340
94884.089797,44341
94884.102337,44342
94884.115897,44343
94884.127219,44344
94884.143631,44345
94884.155163,44346
94884.166143,44347
94884.179396,44348
94884.192427,44349
94884.205319,44350
94884.217712,44351
94884.231914,44352
94884.244974,44353
94884.257314,44354
94884.269966,44355
94884.282627,44356
94884.294821,44357
94884.307980,44358
94884.321070,44359
94884.333555,44360
94884.346065,44361
94884.359747,44362
94884.371831,44363
94884.384408,44364
94884.396354,44365
94884.409389,44366
94884.424874,44367
94884.439874,44368
94884.450870,44369
94884.463062,44370
94884.477531,44371
94884.490912,44372
94884.502708,44373
94884.518066,44374
94884.529339,44375
94884.541351,44376
94884.554488,44377
94884.567882,44378
94884.582136,44379
94884.594852,44380
94884.607326,44381
94884.620545,44382
94884.632357,44383
94884.646966,44384
94884.660401,44385
94884.674345,44386
94884.686429,44387
94884.699622,44388
94884.713799,44389
94884.726045,44390
94884.741330,44391
94884.752478,44392
94884.766657,44393
94884.781473,44394
94884.793731,44395
94884.805243,44396
94884.817535,44397
94884.829346,44398
94884.843981,44399
94884.858899,44400
94884.869060,44401
94884.879799,44402
94884.889823,44403
94884.899912,44404
94884.913153,44405
94884.922652,44406
94884.935436,44407
94884.946342,44408
94884.956651,44409
94884.965349,44410
94884.974989,44411
94884.984492,44412
94884.993875,44413
94885.003768,44414
94885.014588,44415
94885.024464,44416
94885.034046,44417
94885.042993,44418
94885.052497,44419
94885.062523,44420
94885.072434,44421
94885.080897,44422
94885.089428,44423
94885.100756,44424
94885.110429,44425
94885.119412,44426
94885.128514,44427
94885.138088,44428
94885.148515,44429
94885.157190,44430
94885.169359,44431
94885.178191,44432
94885.188426,44433
94885.197500,44434
94885.207561,44435
94885.217547,44436
94885.229972,44437
94885.240929,44438
94885.252667,44439
94885.262897,44440
94885.274591,44441
94885.283096,44442
94885.293983,44443
94885.303875,44444
94885.316116,44445
94885.326876,44446
94885.337448,44447
94885.347517,44448
94885.358009,44449
94885.367348,44450
94885.378568,44451
94885.387677,44452
94885.397634,44453
94885.407348,44454
94885.417229,44455
94885.426862,44456
94885.436212,44457
94885.446048,44458
94885.456043,44459
94885.466579,44460
94885.477789,44461
94885.490958,44462
94885.504801,44463
94885.520115,44464
94885.534550,44465
94885.549089,44466
94885.561730,44467
94885.575619,44468
94885.591371,44469
94885.605666,44470
94885.617350,44471
94885.632157,44472
94885.645264,44473
94885.658490,44474
94885.672760,44475
94885.686583,44476
94885.700334,44477
94885.711089,44478
94885.723071,44479
94885.737491,44480
94885.752246,44481
94885.765953,44482
94885.779727,44483
94885.793760,44484
94885.809806,44485
94885.822741,44486
94885.835833,44487
94885.849722,44488
94885.866802,44489
94885.877354,44490
94885.889700,44491
94885.904493,44492
94885.920658,44493
94885.934960,44494
94885.948831,44495
94885.963474,44496
94885.977608,44497
94885.990334,44498
94886.004589,44499
94886.026663,44500
94886.043990,44501
94886.063053,44502
94886.079557,44503
94886.097705,44504
94886.112075,44505
94886.131741,44506
94886.147725,44507
94886.165930,44508
94886.182568,44509
94886.200342,44510
94886.219328,44511
94886.236462,44512
94886.252829,44513
94886.273213,44514
94886.289991,44515
94886.310412,44516
94886.329571,44517
94886.347886,44518
94886.366441,44519
94886.384981,44520
94886.402793,44521
94886.418178,44522
94886.435866,44523
94886.451874,44524
94886.470712,44525
94886.486318,44526
94886.503896,44527
94886.521752,44528
94886.542721,44529
94886.562460,44530
94886.577271,44531
94886.592760,44532
94886.610682,44533
94886.629690,44534
94886.647926,44535
94886.666957,44536
94886.685560,44537
94886.699756,44538
94886.713605,44539
94886.726729,44540
94886.741951,44541
94886.756847,44542
94886.772285,44543
94886.785470,44544
94886.797929,44545
94886.809582,44546
94886.824897,44547
94886.840842,44548
94886.857495,44549
94886.875488,44550
94886.888068,44551
94886.901374,44552
94886.914613,44553
94886.928801,44554
94886.942776,44555
94886.955792,44556
94886.968760,44557
94886.982462,44558
94886.996577,44559
94887.010822,44560
94887.022986,44561
94887.036449,44562
94887.053382,44563
94887.069934,44564
94887.087156,44565
94887.105064,44566
94887.120809,44567
94887.137286,44568
94887.155361,44569
94887.173346,44570
94887.188461,44571
94887.206214,44572
94887.221766,44573
94887.237165,44574
94887.258253,44575
94887.278481,44576
94887.296392,44577
94887.315353,44578
94887.332454,44579
94887.348923,44580
94887.365943,44581
94887.381728,44582
94887.399009,44583
94887.415984,44584
94887.435085,44585
94887.453528,44586
94887.471700,44587
94887.488487,44588
94887.504779,44589
94887.521941,44590
94887.537801,44591
94887.555577,44592
94887.576350,44593
94887.595295,44594
94887.613548,44595
94887.631601,44596
94887.650989,44597
94887.667797,44598
94887.683574,44599
94887.700023,44600
94887.718272,44601
94887.737338,44602
94887.755661,44603
94887.776771,44604
94887.792918,44605
94887.810705,44606
94887.827558,44607
94887.843433,44608
94887.860639,44609
94887.875740,44610
94887.892110,44611
94887.908965,44612
94887.924515,44613
94887.942479,44614
94887.958800,44615
94887.976877,44616
94887.994742,44617
94888.012831,44618
94888.031845,44619
94888.048537,44620
94888.065698,44621
94888.082972,44622
94888.099322,44623
94888.116619,44624
94888.132473,44625
94888.149205,44626
94888.166269,44627
94888.185255,44628
94888.202606,44629
94888.221042,44630
94888.238331,44631
94888.255551,44632
94888.271745,44633
94888.290689,44634
94888.308443,44635
94888.325761,44636
94888.343214,44637
94888.362255,44638
94888.379999,44639
94888.400589,44640
94888.417686,44641
94888.435373,44642
94888.455705,44643
94888.472926,44644
94888.491908,44645
94888.509371,44646
94888.526571,44647
94888.544869,44648
94888.562053,44649
94888.587685,44650
94888.604704,44651
94888.622436,44652
94888.638203,44653
94888.653425,44654
94888.670824,44655
94888.690425,44656
94888.708278,44657
94888.723975,44658
94888.740838,44659
94888.759472,44660
94888.777754,44661
94888.792930,44662
94888.808812,44663
94888.827959,44664
94888.844775,44665
94888.862340,44666
94888.878576,44667
94888.896283,44668
94888.913018,44669
94888.930276,44670
94888.946674,44671
94888.964232,44672
94888.983804,44673
94888.999959,44674
94889.015794,44675
94889.032563,44676
94889.049737,44677
94889.067666,44678
94889.084586,44679
94889.102136,44680
94889.118104,44681
94889.134065,44682
94889.151567,44683
94889.168020,44684
94889.186924,44685
94889.204176,44686
94889.223867,44687
94889.241727,44688
94889.257936,44689
94889.274110,44690
94889.291712,44691
94889.306981,44692
94889.324854,44693
94889.341358,44694
94889.359915,44695
94889.377382,44696
94889.394097,44697
94889.409223,44698
94889.426077,44699
94889.443031,44700
94889.459550,44701
94889.478841,44702
94889.495045,44703
94889.512430,44704
94889.532409,44705
94889.547356,44706
94889.564318,44707
94889.581606,44708
94889.598392,44709
94889.616160,44710
94889.633219,44711
94889.650946,44712
94889.667584,44713
94889.686204,44714
94889.704540,44715
94889.720770,44716
94889.737451,44717
94889.755378,44718
94889.771443,44719
94889.789333,44720
94889.806770,44721
94889.826883,44722
94889.843618,44723
94889.859861,44724
94889.873986,44725
94889.890275,44726
94889.906833,44727
94889.922360,44728
94889.938408,44729
94889.954725,44730
94889.970356,44731
94889.987806,44732
94890.005213,44733
94890.020397,44734
94890.035997,44735
94890.053933,44736
94890.069428,44737
94890.086736,44738
94890.102907,44739
94890.122509,44740
94890.137720,44741
94890.157091,44742
94890.172458,44743
94890.190501,44744
94890.207448,44745
94890.224375,44746
94890.242448,44747
94890.259354,44748
94890.277777,44749
